# FullPop+Madau TianQin events with joint-polarization SNR above threshold
# summary = {'model': 'fullpop_madau_joint_polarization_snr', 'Tobs_yr': 4.0, 'rho_thr': 8.0, 'z_max': 0.3, 't_merger_min_yr': 0.1, 't_merger_max_yr': 2000.0, 'n_samples': 300000000, 'n_workers': 32, 'n_freq': 2000, 'n_snr_above_threshold': 1327, 'detected_fraction': 4.423333333333333e-06, 'max_snr': 96.63116852037847}
# columns: m1_msun m2_msun chirp_mass_msun q redshift dl_mpc t_merger_yr cos_iota snr f_start_hz f_end_hz
3.6057008928e+01 2.5738814375e+01 2.6445703021e+01 7.1383664760e-01 3.4388058957e-02 1.5634148708e+02 1.1842561374e+00 8.0426097071e-01 1.2513859600e+01 2.7620370002e-02 1.0000000000e+00
3.1286515614e+01 1.2729865762e+01 1.7036710602e+01 4.0688026493e-01 3.6726271276e-02 1.6725650543e+02 3.5075518297e+00 9.8987814876e-01 1.0834220208e+01 2.4162287647e-02 1.0000000000e+00
9.8376020417e+00 7.2264312448e+00 7.3227049750e+00 7.3457243078e-01 2.0618942109e-03 9.1504306002e+00 6.1783655660e+01 2.7617918328e-01 1.0597894447e+01 1.4268040705e-02 1.4630698474e-02
3.3651618883e+01 2.6445100645e+01 2.5932271411e+01 7.8584928519e-01 1.6720919105e-02 7.5033501474e+01 3.2254270280e+00 9.9474101591e-01 3.9344810998e+01 1.9411052609e-02 1.0000000000e+00
3.5802053513e+01 2.0000032070e+01 2.3101122947e+01 5.5862807037e-01 1.4396063387e-02 6.4488369140e+01 4.9788918132e+01 -9.2918731029e-01 1.2376997881e+01 7.4876507684e-03 7.7265424581e-03
2.9671244426e+01 2.9490938154e+01 2.5751692172e+01 9.9392319818e-01 2.8621813817e-02 1.2957728676e+02 6.2539866981e+00 4.3643935338e-01 9.0181225531e+00 1.5099009090e-02 2.2138620122e-02
3.5432301058e+01 2.9499243790e+01 2.8121274332e+01 8.3255230140e-01 2.2086167826e-02 9.9506962617e+01 3.6950871179e+01 -7.6966013647e-01 9.3606838835e+00 7.3702958256e-03 7.6938565994e-03
4.0100245334e+01 1.2127894419e+01 1.8560024739e+01 3.0243940698e-01 1.0537290407e-02 4.7065604574e+01 8.5447158879e+01 -7.1226328354e-01 8.3747208338e+00 7.0279283219e-03 7.1554253675e-03
3.3689105191e+01 1.6101364349e+01 2.0007003482e+01 4.7793980452e-01 2.4723314266e-02 1.1160638231e+02 1.2539983106e+01 8.9487008927e-01 1.0195283445e+01 1.3651848830e-02 1.5767267947e-02
3.8724247175e+01 1.0947158642e+01 1.7264314818e+01 2.8269519592e-01 1.2358884608e-02 5.5277840484e+01 6.2835369779e+01 -7.6016236833e-01 8.2687677410e+00 8.2421739094e-03 8.4480000318e-03
4.3244157281e+01 3.9236914578e+01 3.5851102286e+01 9.0733447117e-01 2.4135248538e-02 1.0890430027e+02 2.1714951954e+01 7.1525195638e-01 1.3087794905e+01 7.7196706806e-03 8.3321265807e-03
6.2635208315e+01 3.5310282486e+01 4.0610182531e+01 5.6374495171e-01 1.2322603606e-02 5.5114058454e+01 3.7950442592e+01 -7.9008304968e-01 2.1816427740e+01 5.8343604129e-03 6.0832060994e-03
7.8609849791e+01 4.4567950187e+01 5.1120287457e+01 5.6695121928e-01 1.5620832255e-02 7.0039197366e+01 3.3896664986e+01 -9.7987872040e-01 2.5620192298e+01 5.2605823561e-03 5.5142208855e-03
8.2624949233e+01 8.2268230699e+01 7.1773723795e+01 9.9568267772e-01 2.6161673937e-01 1.3704296153e+03 3.8033546139e+00 9.8595581024e-01 1.0144443057e+01 8.4391772689e-03 1.0000000000e+00
3.0233425351e+01 6.3877650190e+00 1.1448676402e+01 2.1128155162e-01 8.7244328999e-03 3.8914912291e+01 8.2169723970e+01 -9.5879736443e-01 8.5936895539e+00 9.6565928287e-03 9.8390096913e-03
3.6664354452e+01 2.7658404742e+01 2.7667490476e+01 7.5436770006e-01 1.1589241648e-02 5.1805363599e+01 6.1881403013e+01 4.9778740941e-01 9.3754685461e+00 6.1762796842e-03 6.3330055333e-03
4.1120211590e+01 3.3656721470e+01 3.2353611030e+01 8.1849582404e-01 6.9432749911e-02 3.2363484269e+02 5.1484600300e+00 -9.3849707599e-01 9.9173915406e+00 1.3744188054e-02 2.4124295327e-02
8.0424109356e+01 6.2724263476e+01 6.1735620156e+01 7.7991865845e-01 1.2948219342e-01 6.2809225815e+02 3.8175332026e+00 -9.4734470474e-01 1.5591662664e+01 9.9224217365e-03 1.0000000000e+00
3.8958199443e+01 2.9440472803e+01 2.9425012763e+01 7.5569387763e-01 2.7056855443e-02 1.2235124075e+02 5.4263371702e+00 -5.5471854081e-01 1.3944101487e+01 1.4665140771e-02 2.4204323675e-02
8.6050834573e+01 4.5708193785e+01 5.4062162215e+01 5.3117664706e-01 1.6378694189e-01 8.1161187422e+02 3.0848751572e+00 7.4971761369e-01 8.1814440867e+00 1.1461127359e-02 1.0000000000e+00
4.3020812046e+01 3.9474202975e+01 3.5868204979e+01 9.1756062002e-01 1.7519313879e-02 7.8663211231e+01 3.7455232152e+01 9.9017081506e-01 1.7746179076e+01 6.3160544848e-03 6.5892962683e-03
6.8085266892e+01 2.4688274076e+01 3.4821020750e+01 3.6260817066e-01 2.0566673985e-02 9.2556375096e+01 4.9602636855e+01 6.9042941437e-01 8.8590846083e+00 5.7800241921e-03 5.9651684116e-03
3.0487297110e+01 2.9464921515e+01 2.6091165234e+01 9.6646552198e-01 2.0490906665e-02 9.2210196054e+01 2.0435700260e+01 -6.0429285616e-01 1.0091454732e+01 9.6540720901e-03 1.0475771801e-02
6.8092591493e+01 6.8012240899e+01 5.9243056865e+01 9.9881998037e-01 2.6879706519e-02 1.2153429092e+02 2.3300659016e+01 -9.9394507100e-01 2.1601919997e+01 5.4835211404e-03 5.8848181496e-03
6.2293158162e+01 4.1282688731e+01 4.3961580335e+01 6.6271625888e-01 4.3202398242e-02 1.9767389043e+02 2.9414727226e+01 8.3816283613e-01 8.1618102283e+00 5.9952564216e-03 6.3330443246e-03
7.0944742531e+01 6.6870416909e+01 5.9956068939e+01 9.4257043613e-01 2.4623491359e-02 1.1114754825e+02 4.9316207073e+00 -7.4175836931e-01 4.7719895719e+01 9.7566607841e-03 1.8226683667e-02
6.3523942566e+00 4.6000000000e+00 4.6937002581e+00 7.2413641442e-01 1.5166281357e-03 6.7277979041e+00 5.2646313170e+02 8.6017007858e-01 8.6288121632e+00 8.4391617192e-03 8.4633329584e-03
2.9260113743e+01 1.5170464193e+01 1.8147990171e+01 5.1846907794e-01 2.1677450009e-02 9.7635865263e+01 1.0899699295e+01 9.8839183215e-01 1.1897806890e+01 1.5321501735e-02 1.8187393661e-02
3.2664200795e+01 2.4425385302e+01 2.4537860724e+01 7.4777232285e-01 8.7785008073e-03 3.9157683938e+01 4.7663100538e+01 -7.9707826768e-01 1.8943449042e+01 7.3549895880e-03 7.6007676495e-03
3.3214514895e+01 3.0328072107e+01 2.7624259956e+01 9.1309694581e-01 1.6555679842e-02 7.4282812602e+01 1.0470268954e+01 8.2528011260e-01 2.2060111066e+01 1.1999769784e-02 1.4373456805e-02
6.9197523990e+01 4.4245575711e+01 4.7931456511e+01 6.3940981063e-01 1.1073207603e-01 5.3068428261e+02 3.0863375986e+00 -8.0247436749e-01 1.0806363056e+01 1.2719959965e-02 1.0000000000e+00
3.9473094052e+01 3.1109074507e+01 3.0463090226e+01 7.8810833692e-01 2.5706616651e-02 1.1612963715e+02 3.2374177334e+01 7.7553079686e-01 9.2864594634e+00 7.3510270161e-03 7.7237163713e-03
4.3953831595e+01 1.7749054108e+01 2.3836477505e+01 4.0381130527e-01 8.5100724673e-03 3.7952601107e+01 9.6056259606e+01 5.1295890210e-01 8.8806840518e+00 5.7596642562e-03 5.8522692401e-03
2.9281597769e+01 2.8114163203e+01 2.4976753955e+01 9.6013077649e-01 2.6425589679e-02 1.1944100722e+02 6.4294561551e-01 8.9311614719e-01 1.4155557458e+01 3.6167270707e-02 1.0000000000e+00
2.5092272903e+01 2.4902910029e+01 2.1761480014e+01 9.9245333914e-01 3.0597628455e-02 1.3872347703e+02 1.0308381113e+01 -9.4303910034e-01 1.0276778315e+01 1.3891154395e-02 1.6699964282e-02
3.1182656501e+01 2.9797654884e+01 2.6535006013e+01 9.5558423265e-01 7.5289128901e-02 3.5235374516e+02 3.8836159082e+00 -9.3197830521e-01 9.0960238019e+00 1.7233237083e-02 1.0000000000e+00
3.3854921946e+01 2.3292121228e+01 2.4361260862e+01 6.8799807795e-01 3.7563756458e-02 1.7117466487e+02 7.4804758001e-01 8.0679028242e-01 9.1964874397e+00 3.4474715248e-02 1.0000000000e+00
2.1038351228e+01 1.9917171503e+01 1.7818909572e+01 9.4670781407e-01 7.4313522023e-03 3.3114690882e+01 7.7175140008e+01 8.6227437758e-01 1.4340491205e+01 7.5042335491e-03 7.6555084611e-03
3.7970456360e+01 2.6061715964e+01 2.7289127306e+01 6.8636825738e-01 2.8428842878e-02 1.2868538867e+02 2.5450693889e+01 9.4379484890e-01 1.0220529279e+01 8.6036146025e-03 9.1733466183e-03
1.1251124170e+01 9.6349603521e+00 9.0584961380e+00 8.5635534779e-01 6.6582652433e-03 2.9652333568e+01 8.6174203114e+00 -6.8957661666e-01 1.2698055549e+01 2.6073114389e-02 3.2946524661e-02
2.7184402476e+01 2.6032579890e+01 2.3157525550e+01 9.5762928440e-01 1.3828136771e-02 6.1917852560e+01 1.9007689194e+01 3.1376192826e-01 9.3178227912e+00 1.0731537310e-02 1.1725807236e-02
4.1665839204e+01 4.0508095544e+01 3.5764022458e+01 9.7221360034e-01 1.5002426546e-02 6.7235239211e+01 3.3776653709e+01 7.4717099245e-01 1.7020121011e+01 6.5878486087e-03 6.9067125976e-03
5.5084741105e+01 5.5079489668e+01 4.7951766512e+01 9.9990466621e-01 1.1983921544e-01 5.7773596457e+02 3.5888901987e+00 7.9770536030e-01 1.0348847420e+01 1.1955988867e-02 1.0000000000e+00
3.5549413738e+01 2.3277606216e+01 2.4931424092e+01 6.5479578334e-01 4.7011051911e-02 2.1568969319e+02 2.4463540449e+00 7.4706569134e-01 9.6645077651e+00 2.1666538437e-02 1.0000000000e+00
2.8448729660e+01 2.6659952371e+01 2.3972280105e+01 9.3712277100e-01 1.5931470094e-02 7.1448648071e+01 8.4957156891e+01 -9.7203059351e-01 8.7379775328e+00 5.9822169082e-03 6.0913902925e-03
3.4507918727e+01 3.1896907723e+01 2.8877559005e+01 9.2433588867e-01 3.4444985097e-02 1.5660679933e+02 2.4992643596e+01 9.0046374764e-01 8.6050395958e+00 8.3310309035e-03 8.8941232682e-03
2.8117498719e+01 2.6818220472e+01 2.3904134381e+01 9.5379111564e-01 2.5372693417e-02 1.1459285120e+02 2.2684176174e+01 8.9135668804e-01 9.8909307764e+00 9.7763757009e-03 1.0514080060e-02
3.9114903201e+01 3.7653856744e+01 3.3408281038e+01 9.6264732014e-01 6.2361044005e-02 2.8924395629e+02 4.8293557377e+00 -9.1290232141e-01 1.1576266814e+01 1.3855856499e-02 2.6826499439e-02
3.6311105791e+01 2.1729838836e+01 2.4294652620e+01 5.9843506175e-01 4.5752271346e-02 2.0972499111e+02 4.7394881815e+00 8.4985378076e-01 9.9953373155e+00 1.7196270080e-02 3.4513129029e-02
6.2422434599e+01 5.6889229123e+01 5.1866372025e+01 9.1135870443e-01 1.0684727813e-02 4.7729462558e+01 1.3648832767e+02 7.8498959960e-01 8.6480886950e+00 3.1014975469e-03 3.1362859491e-03
8.1599874453e+01 8.1013437206e+01 7.0781002696e+01 9.9281325797e-01 2.7050385661e-01 1.4236487877e+03 2.5509340021e+00 8.9895060229e-01 8.1237563040e+00 9.8452239168e-03 1.0000000000e+00
3.1692002641e+01 2.5810273487e+01 2.4871865857e+01 8.1440967235e-01 3.3610256140e-02 1.5271855474e+02 1.0305836067e+01 -7.1874778993e-01 8.6155282523e+00 1.2756272741e-02 1.5336508652e-02
7.1549714126e+01 3.0125865436e+01 3.9690368360e+01 4.2104801960e-01 2.1825989098e-02 9.8315744216e+01 3.3187142038e+01 -5.0711642413e-01 9.4826428576e+00 6.1875433062e-03 6.4928460787e-03
3.6332248560e+01 3.2839068931e+01 3.0062469815e+01 9.0385457088e-01 4.5521460522e-02 2.0863241058e+02 4.3636305691e+00 9.7582716931e-01 1.5867735323e+01 1.5528490703e-02 3.9429801669e-02
3.6661664434e+01 2.8568819167e+01 2.8130183241e+01 7.7925592327e-01 7.1434053642e-02 3.3342476549e+02 2.6094617124e+00 9.9114313739e-01 9.8902342000e+00 1.9330936331e-02 1.0000000000e+00
2.7468402096e+01 2.2345206409e+01 2.1544730181e+01 8.1348766964e-01 2.8990643513e-02 1.3128267455e+02 3.8061602763e+00 -8.6087512583e-01 1.6414533186e+01 2.0330253202e-02 1.0000000000e+00
6.9615978913e+01 5.1802452010e+01 5.2164929843e+01 7.4411726761e-01 1.5125037710e-01 7.4376267349e+02 3.5269562266e+00 -6.9589928015e-01 8.1784925837e+00 1.1221552837e-02 1.0000000000e+00
3.8103005493e+01 3.0451405697e+01 2.9616440859e+01 7.9918645006e-01 4.7543671030e-02 2.1821657752e+02 5.1465669940e-01 -8.6251532523e-01 9.0154541248e+00 3.4896832137e-02 1.0000000000e+00
5.7995771283e+01 5.3740464634e+01 4.8593685641e+01 9.2662729447e-01 6.7637643335e-02 3.1487503242e+02 4.2374316747e+00 2.0269613483e-01 8.1088533747e+00 1.1478361641e-02 3.3823334719e-02
2.9970686889e+01 1.7907014042e+01 2.0035734353e+01 5.9748427216e-01 7.8988760224e-03 3.5210506488e+01 4.0779415707e+01 4.0194180804e-01 1.1615713338e+01 8.8560789048e-03 9.2056623652e-03
4.5165046081e+01 3.7480596267e+01 3.5786677329e+01 8.2985847507e-01 1.9267222879e-02 8.6624505448e+01 2.8090523781e+01 6.3213307945e-01 1.2914494528e+01 7.0380914647e-03 7.4554266961e-03
4.3071921718e+01 3.8815251540e+01 3.5585642905e+01 9.0117296817e-01 3.5134120680e-02 1.5982029544e+02 6.5734802189e+00 -6.3389236964e-01 1.3682248616e+01 1.2059459197e-02 1.7141774580e-02
8.3688858109e+01 8.2808769471e+01 7.2471086777e+01 9.8948380157e-01 1.7758010551e-01 8.8728327154e+02 1.5780059878e+00 8.7676206918e-01 1.0675941639e+01 1.2180299835e-02 1.0000000000e+00
1.5690643389e+01 1.2461355964e+01 1.2156870310e+01 7.9419024797e-01 8.4612584138e-03 3.7733507366e+01 7.2511250461e+00 9.0853524963e-01 1.9582945974e+01 2.3118949349e-02 3.1232553228e-02
8.2988464249e+01 5.1417566928e+01 5.6544946625e+01 6.1957486975e-01 8.4026344242e-02 3.9559796699e+02 6.7480258655e+00 9.0565389599e-01 1.3326447523e+01 8.6862723889e-03 1.2165834803e-02
3.5885721389e+01 2.3922775208e+01 2.5403137979e+01 6.6663771223e-01 2.5723283787e-02 1.1620636220e+02 1.4570791954e+01 -6.3772155794e-01 9.2374631747e+00 1.1108772449e-02 1.2529447846e-02
4.0077135393e+01 3.8066598792e+01 3.4000524437e+01 9.4983332562e-01 2.9596870817e-02 1.3408768419e+02 1.2042746031e+01 3.4055321746e-01 8.2866437854e+00 9.9209475021e-03 1.1542465662e-02
1.8060383366e+01 1.7701365566e+01 1.5565264019e+01 9.8012125253e-01 9.3043217342e-03 4.1519712649e+01 6.4110768631e+01 -9.3063105018e-01 1.1841240483e+01 8.7439966753e-03 8.9578131070e-03
1.0434215305e+01 9.8288768402e+00 8.8152994264e+00 9.4198524304e-01 4.0239530928e-03 1.7884603137e+01 3.7867644794e+01 -4.5373667434e-01 9.7611063862e+00 1.5247790579e-02 1.5899671643e-02
3.6835860656e+01 3.5428837896e+01 3.1447881775e+01 9.6180290795e-01 8.5278625486e-02 4.0183486033e+02 3.0106775039e+00 8.9732834719e-01 9.0300518546e+00 1.6951719171e-02 1.0000000000e+00
3.6528387546e+01 3.5280572509e+01 3.1251002095e+01 9.6583985441e-01 7.6359343790e-02 3.5762514831e+02 1.3186021021e+00 9.5858073151e-01 8.6053334761e+00 2.3313893638e-02 1.0000000000e+00
2.4947048011e+01 2.0877689023e+01 1.9851848676e+01 8.3688013962e-01 2.7985475518e-02 1.2663710614e+02 4.7148748432e+00 -5.0503155201e-01 8.4202578719e+00 1.9758408975e-02 4.0083628512e-02
8.0802074748e+01 6.0262120951e+01 6.0617328947e+01 7.4579917829e-01 1.1381516136e-01 5.4655749962e+02 1.0622132239e+01 9.5811857525e-01 8.6131018943e+00 6.8977929411e-03 8.2350330987e-03
4.1403864733e+01 3.5155878932e+01 3.3191219594e+01 8.4909655556e-01 2.6693724504e-02 1.2067682894e+02 4.7929678958e+01 8.4031214214e-01 8.0526505110e+00 6.0104082808e-03 6.2100687499e-03
8.0225696039e+01 6.1013959866e+01 6.0793100494e+01 7.6052889384e-01 1.5001501489e-01 7.3712514631e+02 2.7029056566e+00 5.9592948084e-01 8.2824440325e+00 1.1275492822e-02 1.0000000000e+00
3.4467719391e+01 3.1998295696e+01 2.8907045713e+01 9.2835546597e-01 3.3359699800e-02 1.5155233123e+02 1.5284642702e+01 8.4817275128e-01 1.0331442817e+01 1.0018218288e-02 1.1225437977e-02
5.4391786926e+01 4.8740217733e+01 4.4809880236e+01 8.9609517333e-01 7.4811200594e-02 3.5000199464e+02 1.3513909269e+01 -9.9365437098e-01 9.0018474415e+00 7.7837098624e-03 8.8786081008e-03
4.4023718949e+01 4.3309378336e+01 3.8012412524e+01 9.8377373312e-01 4.0207035572e-02 1.8357120071e+02 7.0887302134e+00 -3.3611414940e-01 8.6237983923e+00 1.1215130001e-02 1.5314400095e-02
2.8312184279e+01 2.1951493216e+01 2.1667640157e+01 7.7533732473e-01 1.8361612661e-02 8.2497131402e+01 2.5411124347e+01 -9.3962113087e-01 1.2342414978e+01 1.0004969427e-02 1.0668661079e-02
7.7924311813e+01 7.3369333738e+01 6.5818562503e+01 9.4154612380e-01 2.0761162425e-01 1.0556583990e+03 2.2386672273e+00 8.1701919753e-01 8.3758280253e+00 1.1168693333e-02 1.0000000000e+00
3.8387275527e+01 3.4771071776e+01 3.1797314562e+01 9.0579681153e-01 1.4581346479e-02 6.5327454117e+01 2.0412771608e+01 -9.1316910166e-01 2.4707539889e+01 8.5661204925e-03 9.2961730122e-03
6.0889073198e+01 5.3094645992e+01 4.9474964491e+01 8.7198972169e-01 6.6672037772e-02 3.1017144695e+02 1.8920694092e+01 9.9839026616e-01 9.0517119512e+00 6.4797625714e-03 7.0833647693e-03
8.4328674247e+01 8.1819340837e+01 7.2310225851e+01 9.7024341444e-01 1.9358055774e-01 9.7638201622e+02 5.0134634466e+00 8.9546779454e-01 9.3193409043e+00 7.8403759797e-03 1.4279419446e-02
3.9978460138e+01 3.8975861433e+01 3.4363539437e+01 9.7492152771e-01 5.8701676128e-02 2.7157225324e+02 1.0411627041e+00 8.5103451654e-01 1.0516066783e+01 2.4255296369e-02 1.0000000000e+00
2.6072254815e+01 2.5387372054e+01 2.2396722924e+01 9.7373135676e-01 2.9130603633e-02 1.3193005414e+02 9.1314987449e+00 -7.9795074985e-01 9.9835425925e+00 1.4290851704e-02 1.7738618818e-02
4.0296010840e+01 2.7496535276e+01 2.8872715262e+01 6.8236370555e-01 1.3260158859e-02 5.9349265494e+01 3.3675781488e+01 2.4066924984e-01 8.7749637111e+00 7.5473804111e-03 7.9138818040e-03
3.3488649305e+01 3.1850874766e+01 2.8429957093e+01 9.5109463735e-01 3.2634941066e-02 1.4818123347e+02 1.6195154818e+01 -7.6869961122e-01 9.2830751493e+00 9.9100179535e-03 1.1022335119e-02
3.4887934145e+01 3.3875887636e+01 2.9927301665e+01 9.7099150368e-01 5.4682198814e-02 2.5225986132e+02 9.4507251819e+00 9.2485793562e-01 8.6191492369e+00 1.1591191522e-02 1.4248106410e-02
3.4051116771e+01 3.1154163226e+01 2.8348619693e+01 9.1492339107e-01 6.4453186285e-02 2.9938545940e+02 3.7353742488e+00 7.0229126764e-01 8.8322789192e+00 1.6885304439e-02 1.0000000000e+00
3.3342633491e+01 1.4442331803e+01 1.8781231903e+01 4.3314910345e-01 2.9756411781e-02 1.3482628146e+02 5.2331591754e+00 -6.8175585943e-01 8.6534623380e+00 1.9649325692e-02 3.3787180623e-02
3.6333198653e+01 3.2384635213e+01 2.9851880433e+01 8.9132353917e-01 2.0877097622e-02 9.3975091808e+01 1.7306810365e+01 -2.6616637344e-01 8.0253027958e+00 9.4432966632e-03 1.0421429228e-02
4.5260111193e+01 4.3794157124e+01 3.8756819050e+01 9.6761046250e-01 4.9397380509e-02 2.2702532516e+02 7.1479636210e+00 9.7223219289e-01 1.5192554954e+01 1.0984930277e-02 1.4940135643e-02
1.8508308173e+01 1.2442505428e+01 1.3159225302e+01 6.7226595277e-01 1.5010004273e-02 6.7269582447e+01 2.5147006845e+00 5.9158182493e-01 1.1121760765e+01 3.2596838222e-02 1.0000000000e+00
4.7942647096e+01 3.0030707293e+01 3.2853625225e+01 6.2638817653e-01 5.9343492392e-02 2.7466553226e+02 5.3872632467e+00 -8.0512284799e-01 9.9608266427e+00 1.3463101044e-02 2.2392294602e-02
2.6247312058e+01 2.5707125278e+01 2.2613015480e+01 9.7941934859e-01 1.7804620210e-02 7.9961319755e+01 1.7416825761e+01 -8.1295281257e-01 1.3365431126e+01 1.1227758276e-02 1.2381913460e-02
6.3188796359e+01 4.9082218703e+01 4.8404421228e+01 7.7675508209e-01 1.3007624719e-01 6.3121234527e+02 8.4564028331e-01 -9.8562905897e-01 8.2526333653e+00 2.0322663813e-02 1.0000000000e+00
3.6206453430e+01 3.3909709249e+01 3.0500180058e+01 9.3656533675e-01 1.0239139297e-01 4.8802870444e+02 3.6331188355e+00 -9.9704629800e-01 8.4748319259e+00 1.5946559810e-02 1.0000000000e+00
7.7445365819e+01 5.8408174464e+01 5.8434219668e+01 7.5418553256e-01 1.0990320464e-01 5.2642656527e+02 6.1963610747e+00 -9.5026012973e-01 1.1695014748e+01 8.6576346101e-03 1.2773550220e-02
3.3040284483e+01 2.1210189770e+01 2.2933603068e+01 6.4194936884e-01 5.4671598255e-02 2.5220906530e+02 2.6473478591e+00 7.9760713016e-01 8.1100352694e+00 2.2060896134e-02 1.0000000000e+00
4.8003333533e+01 4.7831046509e+01 4.1714255873e+01 9.9641093624e-01 7.4566492475e-03 3.3228054726e+01 1.4240982836e+02 5.4983312291e-01 8.8616619887e+00 3.5046847932e-03 3.5423286487e-03
5.2061687990e+01 2.6006131414e+01 3.1656433827e+01 4.9952532117e-01 5.5443731794e-02 2.5591087480e+02 9.6009102094e-01 -9.5813577824e-01 1.0982551146e+01 2.6370472943e-02 1.0000000000e+00
3.5358370080e+01 2.7839781050e+01 2.7274321584e+01 7.8736041811e-01 3.5600830811e-02 1.6199836851e+02 5.1211201835e+00 -6.8257555729e-01 1.1667981221e+01 1.5633903001e-02 2.7635015462e-02
8.1109883549e+01 6.0738418321e+01 6.0975802608e+01 7.4884114812e-01 1.2445822801e-01 6.0178831785e+02 3.8758446644e+00 4.1946760038e-01 8.6192249014e+00 9.9705777445e-03 1.0000000000e+00
2.1673320786e+01 1.9783438443e+01 1.8022592830e+01 9.1280144093e-01 6.6752743370e-03 2.9728467299e+01 1.3268773294e+02 8.7883466207e-01 1.1949417573e+01 6.0836963900e-03 6.1539312650e-03
3.1877529405e+01 2.2831238980e+01 2.3420550200e+01 7.1621732945e-01 4.0437480124e-02 1.8465410346e+02 1.5396154216e+00 9.8721720038e-01 1.1883746985e+01 2.6908096224e-02 1.0000000000e+00
4.0468113031e+01 3.9580775089e+01 3.4840733413e+01 9.7807315746e-01 6.5942466035e-02 3.0662151549e+02 8.5980952436e+00 9.3026926290e-01 8.9570007015e+00 1.0848800940e-02 1.3718791284e-02
1.7368440595e+01 1.6060625536e+01 1.4537479707e+01 9.2470164194e-01 1.0299794768e-02 4.5996553958e+01 4.8206819680e+01 -6.7445617329e-01 8.3696681848e+00 1.0148875998e-02 1.0483955033e-02
7.1791480754e+01 6.1381124781e+01 5.7753947366e+01 8.5499176416e-01 7.5078217656e-02 3.5131573430e+02 8.0934264280e+00 6.5090992587e-01 1.0349524124e+01 8.0488252737e-03 1.0393206050e-02
4.6050438127e+01 2.6007493141e+01 2.9885670061e+01 5.6476103593e-01 7.2410514793e-02 3.3821052349e+02 3.6024285447e+00 -6.7193158421e-01 8.0614035802e+00 1.6483803895e-02 1.0000000000e+00
3.0450903560e+01 2.5939469207e+01 2.4450951725e+01 8.5184563264e-01 2.3469645895e-02 1.0584871083e+02 3.3895775603e+01 -9.2321359139e-01 9.5717691993e+00 8.3010770053e-03 8.7013241797e-03
1.1087956896e+01 1.0310233850e+01 9.3067193125e+00 9.2985875999e-01 2.4988160734e-03 1.1093143504e+01 6.0122842401e+02 9.1042125316e-01 8.1535739019e+00 5.2312518167e-03 5.2443632380e-03
2.8514449299e+01 2.6396915535e+01 2.3880227235e+01 9.2573821988e-01 2.2375364103e-02 1.0083156424e+02 4.1973389566e+01 -9.6022335873e-01 9.2258157065e+00 7.7808126423e-03 8.0785880335e-03
3.7241918046e+01 3.3572390134e+01 3.0774030329e+01 9.0146780551e-01 3.4669580232e-02 1.5765376346e+02 1.2150310375e+00 3.0162000194e-01 8.1967475468e+00 2.4879072867e-02 1.0000000000e+00
2.1571156964e+01 1.6973278574e+01 1.6633788262e+01 7.8685063589e-01 7.4332624701e-03 3.3123251229e+01 4.9647468352e+01 -7.0122773306e-01 1.3656233429e+01 9.2433557568e-03 9.5391531789e-03
3.6794414815e+01 3.5705994587e+01 3.1553368484e+01 9.7041887382e-01 1.6140883868e-02 7.2399180958e+01 5.6823710452e+01 9.7979462627e-01 1.3348567245e+01 5.8576357641e-03 6.0201889189e-03
8.4681917693e+01 6.6984218281e+01 6.5475704839e+01 7.9100969966e-01 2.0611823269e-01 1.0471703961e+03 2.0425551077e+00 9.2271070663e-01 9.1782487745e+00 1.1606112715e-02 1.0000000000e+00
2.4754941876e+01 1.7088396544e+01 1.7844018682e+01 6.9030243052e-01 1.3547581989e-02 6.0648819248e+01 4.7986003592e+01 -6.9503507326e-01 8.1168304802e+00 8.9262134483e-03 9.2223647859e-03
9.5482958404e+00 5.6519141539e+00 6.3518895308e+00 5.9192909901e-01 3.6640896540e-03 1.6280704232e+01 1.7808109529e+01 -6.0398708838e-01 1.0674544145e+01 2.4838878600e-02 2.7325198967e-02
3.9165699338e+01 3.7922363097e+01 3.3549290541e+01 9.6825446087e-01 8.0135307954e-02 3.7628093344e+02 5.1811536001e+00 8.4648564075e-01 8.1617048745e+00 1.3320940180e-02 2.3191557266e-02
1.2491383061e+01 7.0605986656e+00 8.1102282180e+00 5.6523754264e-01 4.8139458438e-03 2.1408649610e+01 8.5586267939e+01 7.5799538770e-01 8.4121198077e+00 1.1825513381e-02 1.2039685348e-02
5.3000873559e+01 5.2417190069e+01 4.5885033307e+01 9.8898728548e-01 1.0111761134e-01 4.8155136549e+02 4.1279777892e+00 8.6335600710e-01 1.1661582856e+01 1.1784977589e-02 4.3356557454e-02
8.2302769727e+01 6.4949022347e+01 6.3559448991e+01 7.8914746809e-01 9.2519452309e-02 4.3808681001e+02 7.1699186541e+00 -8.2658525153e-01 1.2174382876e+01 7.8541120654e-03 1.0666498711e-02
3.1864863527e+01 3.0217667011e+01 2.7011575389e+01 9.4830680777e-01 4.7067448874e-02 2.1595716844e+02 2.3043462524e+00 6.5566516128e-01 9.4514127958e+00 2.1074752534e-02 1.0000000000e+00
3.7231475858e+01 3.3500072833e+01 3.0736256267e+01 8.9977826721e-01 6.0514304294e-02 2.8031509781e+02 5.9014098832e+00 7.4097877213e-01 8.0136538466e+00 1.3554473057e-02 2.0727057437e-02
4.0627588948e+01 2.8888759200e+01 2.9738055887e+01 7.1106260421e-01 1.1303072521e-02 5.0515239742e+01 2.7992296393e+01 -6.4987192740e-01 1.9204816869e+01 7.9507867905e-03 8.4240827402e-03
8.1419187659e+01 7.9369272233e+01 6.9980416478e+01 9.7482269861e-01 2.0837860714e-01 1.0600223309e+03 2.1628950746e+00 9.4212640840e-01 1.0197015174e+01 1.0884167819e-02 1.0000000000e+00
2.8678481272e+01 2.7555468621e+01 2.4471390766e+01 9.6084127886e-01 2.7077683673e-02 1.2244730699e+02 7.0141154757e-01 -7.6459618816e-01 1.1971568519e+01 3.5441915479e-02 1.0000000000e+00
8.0568500738e+01 7.9958055529e+01 6.9872635726e+01 9.9242327705e-01 2.4722326637e-01 1.2850738627e+03 4.5730736339e+00 9.9483688044e-01 8.5488371478e+00 8.0665083748e-03 1.7576595228e-02
8.2541023563e+01 5.6241916325e+01 5.9097724540e+01 6.8138137737e-01 1.0932931459e-01 5.2348104311e+02 1.8139128600e+00 -8.0479657834e-01 1.2488186597e+01 1.3631544164e-02 1.0000000000e+00
6.3053185566e+00 4.6000000000e+00 4.6768263774e+00 7.2954283891e-01 2.2060354898e-03 9.7911917408e+00 1.1466609849e+02 -8.2986618403e-01 9.4737459728e+00 1.4973210883e-02 1.5173913534e-02
2.9758113153e+01 2.2629836353e+01 2.2548922942e+01 7.6045938252e-01 1.7187326811e-02 7.7153394988e+01 1.5237331867e+01 3.4471542617e-01 8.1711922552e+00 1.1830434111e-02 1.3261505385e-02
5.5635022338e+01 4.8133084701e+01 4.5025899567e+01 8.6515800081e-01 7.7613247958e-02 3.6381041971e+02 7.3731084767e+00 7.4326448785e-01 8.9537039838e+00 9.7240780063e-03 1.3037852168e-02
3.5787241748e+01 2.2096622437e+01 2.4340022202e+01 6.1744413255e-01 1.6459047831e-02 7.3843893872e+01 6.3023065672e+01 9.0680568395e-01 9.6600908754e+00 6.6256217081e-03 6.7905632193e-03
1.1287374303e+01 1.0894574317e+01 9.6534372223e+00 9.6520005666e-01 4.2184785806e-03 1.8751961784e+01 1.8606534950e+02 -6.9879740912e-01 8.0399370268e+00 7.9291624133e-03 7.9940459464e-03
3.1453028694e+01 2.5992044127e+01 2.4868591425e+01 8.2637651146e-01 3.7653074255e-02 1.7159280677e+02 9.2013354978e+00 -7.7774010610e-01 8.5832659377e+00 1.3278898934e-02 1.6446105237e-02
3.9183235504e+01 3.0561755894e+01 3.0079080305e+01 7.7997019645e-01 6.8966991681e-02 3.2136007293e+02 4.7468905798e+00 9.7769889471e-01 9.9704378985e+00 1.4833691924e-02 2.9677775461e-02
2.6441915418e+01 2.3923672081e+01 2.1889995422e+01 9.0476320276e-01 3.1584656417e-02 1.4330212253e+02 7.4757112522e+00 -9.7622712239e-01 1.1658199163e+01 1.5602958672e-02 2.0793867337e-02
3.8266524845e+01 1.2026600283e+01 1.8091534966e+01 3.1428514430e-01 1.0824206316e-02 4.8357618995e+01 6.6356294783e+01 -7.2705209183e-01 9.2496252181e+00 7.8500159511e-03 8.0351913610e-03
4.0093676448e+01 2.9195492347e+01 2.9709951347e+01 7.2818197115e-01 4.4087842154e-02 2.0185386513e+02 1.0191646769e+00 -5.7591014972e-01 8.3595704468e+00 2.7011875838e-02 1.0000000000e+00
4.3580229640e+01 2.6237808664e+01 2.9250730507e+01 6.0205760458e-01 1.2280683294e-02 5.4924830093e+01 4.1815389658e+01 -4.5527265357e-01 1.1075561331e+01 6.9067088062e-03 7.1721024433e-03
3.2048832922e+01 2.9816152992e+01 2.6907249926e+01 9.3033506289e-01 8.6848969623e-03 3.8737403470e+01 5.7367122914e+01 4.5670420426e-01 1.2243426173e+01 6.4774873365e-03 6.6554519516e-03
6.6117176590e+01 5.9572572010e+01 5.4620593997e+01 9.0101506269e-01 7.6370538784e-02 3.5768032768e+02 1.4701550916e+01 8.1606963016e-01 8.2518313695e+00 6.6578755461e-03 7.4998803360e-03
6.5896904545e+01 6.0117078047e+01 5.4781507538e+01 9.1228986342e-01 1.6591974814e-01 8.2324324900e+02 2.3809179700e+00 -8.1217196578e-01 8.2824677011e+00 1.2512020060e-02 1.0000000000e+00
3.7345964306e+01 3.5409636579e+01 3.1655253953e+01 9.4815162057e-01 3.5947219545e-02 1.6361583900e+02 4.9543779946e+00 4.2635006395e-01 1.0296367846e+01 1.4419000995e-02 2.6739971630e-02
2.2533850220e+01 1.3887382397e+01 1.5310964536e+01 6.1628981560e-01 6.3808995305e-03 2.8411103657e+01 7.9911083745e+01 -6.7728207509e-01 1.1653985578e+01 8.1487318218e-03 8.3071721612e-03
3.9984552003e+01 3.6118148027e+01 3.3074296223e+01 9.0330255604e-01 4.4705135955e-02 2.0477097054e+02 6.4983027472e+00 -8.8347006348e-01 1.3188853160e+01 1.2605731480e-02 1.8040606340e-02
3.5653741216e+01 3.5528583312e+01 3.0983848885e+01 9.9648962773e-01 5.8694352290e-03 2.6123630139e+01 9.2926335444e+01 8.2068810541e-01 2.1314455134e+01 4.9581604628e-03 5.0406464083e-03
8.8555858169e+00 8.0871936639e+00 7.3656682094e+00 9.1323079366e-01 2.2312061522e-03 9.9030990811e+00 3.0126359147e+01 -6.5372761121e-01 1.9294473436e+01 1.8608150243e-02 1.9629245768e-02
3.5846306789e+01 2.9751417026e+01 2.8404914719e+01 8.2997161190e-01 3.6142192795e-02 1.6452661633e+02 1.3142577152e+01 7.0035150950e-01 8.3961501580e+00 1.0700584771e-02 1.2260607085e-02
8.0783365752e+01 2.9486251633e+01 4.1464242246e+01 3.6500400000e-01 1.8362240488e-02 8.2499990869e+01 6.8537022821e+01 -9.5257623623e-01 1.1002432939e+01 4.5968863497e-03 4.7017267134e-03
3.7685285224e+01 3.0400163817e+01 2.9431864614e+01 8.0668525225e-01 6.2307882902e-02 2.8898662334e+02 4.6034554939e+00 -7.3499668223e-01 8.4180106504e+00 1.5270267639e-02 3.2716072554e-02
1.9180164949e+01 1.2874991759e+01 1.3626364364e+01 6.7126595592e-01 3.9767926459e-03 1.7674360701e+01 7.3038157701e+01 1.5892204958e-01 9.3455559835e+00 9.0787230802e-03 9.2725140617e-03
3.1548728508e+01 2.5970562925e+01 2.4895177607e+01 8.2318889392e-01 1.6401597830e-02 7.3582975949e+01 5.3374074098e+01 -8.2089280591e-01 9.9010808919e+00 6.9531885307e-03 7.1593035443e-03
3.5949305783e+01 3.3068007112e+01 3.0010104588e+01 9.1985106226e-01 4.6102259044e-02 2.1138237189e+02 4.1985145187e+00 -9.7556605563e-01 1.6249261594e+01 1.5766447179e-02 4.9513383995e-02
4.2218646147e+01 2.3459727497e+01 2.7165135855e+01 5.5567218843e-01 2.4045445269e-02 1.0849186808e+02 4.0413097851e+01 8.9717001015e-01 9.1558932493e+00 7.2739111998e-03 7.5638374603e-03
6.2976482842e+01 5.9340784545e+01 5.3213455024e+01 9.4226895291e-01 1.1112818946e-01 5.3272047938e+02 8.1164440375e+00 9.3988950056e-01 8.9420147422e+00 8.2897713880e-03 1.0693229739e-02
4.6225830046e+01 4.2046760215e+01 3.8371182190e+01 9.0959448804e-01 3.8690305475e-02 1.7645242328e+02 1.2930667975e+01 -6.5214680924e-01 1.0387766885e+01 8.9075003211e-03 1.0233689314e-02
8.5786855162e+01 7.8196330824e+01 7.1286026819e+01 9.1151879476e-01 1.4629075049e-01 7.1716779536e+02 4.4295217230e+00 -8.4429691177e-01 1.2546110831e+01 8.4986497441e-03 2.0387516218e-02
4.1032401373e+01 3.1155514324e+01 3.1067350357e+01 7.5929054311e-01 3.2450672597e-02 1.4732468806e+02 2.5491218242e+01 9.2574312709e-01 9.9518057062e+00 7.9098057311e-03 8.4326563252e-03
3.1521945465e+01 1.1132429599e+01 1.5890189108e+01 3.5316442037e-01 1.1677464162e-02 5.2203204283e+01 9.1324932700e+01 -9.7594768445e-01 8.5686420323e+00 7.5481890555e-03 7.6760347497e-03
4.5492097834e+01 4.0505781498e+01 3.7357193307e+01 8.9039159385e-01 8.9719345853e-02 4.2402954505e+02 2.2660209576e+00 -7.2065934046e-01 8.1742347130e+00 1.6890449569e-02 1.0000000000e+00
5.0706089338e+01 1.9422129248e+01 2.6719948263e+01 3.8303346800e-01 6.9406655785e-02 3.2350736250e+02 1.9628672190e+00 -9.9215078704e-01 8.8729684040e+00 2.2238223333e-02 1.0000000000e+00
2.7168417835e+01 1.4559953255e+01 1.7149375541e+01 5.3591465442e-01 1.7461656293e-02 7.8400942327e+01 8.6001841465e+00 4.6529193669e-01 8.1677990572e+00 1.7393074620e-02 2.1992573913e-02
4.6786775206e+01 4.4453108745e+01 3.9698875509e+01 9.5012123724e-01 3.8406925693e-02 1.7512404104e+02 1.2117190699e+00 -2.9966364543e-01 1.0188555139e+01 2.1192339421e-02 1.0000000000e+00
7.6496320830e+01 4.0736683823e+01 4.8124447089e+01 5.3253128230e-01 8.6340149431e-02 4.0712928994e+02 4.5463574394e+00 4.5995842316e-01 8.0828685367e+00 1.1126015529e-02 2.4626896231e-02
5.3901324601e+01 5.3090081576e+01 4.6569107985e+01 9.8494947886e-01 4.2977388587e-03 1.9105444420e+01 8.3538225272e+01 6.8426265699e-01 3.0342731578e+01 4.0039488766e-03 4.0783033798e-03
1.3738258357e+01 8.5321395305e+00 9.3723431656e+00 6.2104957619e-01 2.3083981374e-03 1.0246317091e+01 2.6831858549e+02 -4.9176511333e-01 9.2404141974e+00 7.0492958899e-03 7.0891127798e-03
3.6332650530e+01 2.9073147029e+01 2.8258572964e+01 8.0019339643e-01 2.4640178438e-02 1.1122424549e+02 2.5924256336e+01 -9.3482071346e-01 1.1982570579e+01 8.3792446895e-03 8.9227332822e-03
7.9204404241e+01 6.4911342223e+01 6.2359075155e+01 8.1954208033e-01 1.3686431702e-01 6.6701110176e+02 5.8873327680e+00 -9.4714621377e-01 1.0444524764e+01 8.3477817468e-03 1.2789317670e-02
3.1778621866e+01 1.9155906962e+01 2.1343233144e+01 6.0279224956e-01 2.0748793346e-02 9.3388630222e+01 3.8796157914e+00 -7.9054643702e-01 2.1003918504e+01 2.0406242640e-02 1.0000000000e+00
5.6269238482e+01 5.2576651965e+01 4.7345201756e+01 9.3437646186e-01 4.9339761132e-02 2.2675118692e+02 1.6159146823e+01 -9.3572882038e-01 1.2207888460e+01 7.1391050058e-03 7.9425876557e-03
3.5931600428e+01 2.8666581750e+01 2.7904061701e+01 7.9780976659e-01 4.5497017772e-02 2.0851672702e+02 2.7183323090e+00 -4.3196560536e-01 8.0309088772e+00 1.9428460968e-02 1.0000000000e+00
4.3961377310e+01 3.7898492226e+01 3.5514174467e+01 8.6208609795e-01 1.2545639029e-01 6.0700256282e+02 3.5417326780e+00 -9.5714190804e-01 8.0691497373e+00 1.4450515128e-02 1.0000000000e+00
3.9874974581e+01 2.5832554275e+01 2.7809785234e+01 6.4783876471e-01 8.7378977295e-02 4.1231725379e+02 4.0014813211e+00 9.8247245713e-01 8.8408161992e+00 1.6433358918e-02 3.1810147950e-01
3.3941573155e+01 2.9630679118e+01 2.7595014342e+01 8.7299074154e-01 4.9346097649e-02 2.2678133340e+02 5.0829178434e+00 7.5276331209e-01 9.3617047197e+00 1.5436007264e-02 2.7564750568e-02
2.9883928421e+01 1.9367461310e+01 2.0845990371e+01 6.4808953620e-01 2.4603234406e-02 1.1105444561e+02 3.8533331648e+00 -4.6796426376e-01 1.1657817426e+01 2.0713124867e-02 1.0000000000e+00
5.9639378822e+01 3.9364564679e+01 4.2000323931e+01 6.6004317042e-01 8.7363664298e-02 4.1224073151e+02 3.7229089168e+00 6.4649850692e-01 1.0057430396e+01 1.3048863215e-02 1.0000000000e+00
3.1485402129e+01 2.3921172040e+01 2.3846396441e+01 7.5975437574e-01 1.6849597326e-02 7.5618218322e+01 3.4704238165e+01 5.6144675169e-01 8.5040048436e+00 8.3917516839e-03 8.7861111943e-03
3.3635200475e+01 2.9185885208e+01 2.7262083697e+01 8.6771848527e-01 4.4287337561e-02 2.0279633778e+02 9.9194479038e+00 9.6894422876e-01 9.7487040362e+00 1.2140903813e-02 1.4734261733e-02
3.3719499451e+01 2.4916629887e+01 2.5176142807e+01 7.3893830848e-01 5.2422714544e-02 2.4144908592e+02 4.3424652173e+00 8.5991820410e-01 9.8712150406e+00 1.7309418705e-02 4.4869624832e-02
2.7150591210e+01 2.2594295613e+01 2.1543545042e+01 8.3218429527e-01 6.5845150240e-03 2.9322245739e+01 3.2426094541e+01 -9.0916385105e-01 3.0060577646e+01 9.2306145774e-03 9.6977762706e-03
7.1330553888e+01 5.4993155370e+01 5.4431909193e+01 7.7096212453e-01 1.8271012317e-01 9.1569687552e+02 3.8280904804e+00 8.7760254281e-01 9.0301459264e+00 1.0419454782e-02 1.0000000000e+00
3.9013296156e+01 2.9553808756e+01 2.9503429347e+01 7.5753170503e-01 1.1749143326e-02 5.2526480987e+01 8.8074086445e+00 -2.2375269393e-01 1.7340001894e+01 1.2324288250e-02 1.5465474974e-02
1.1234296100e+01 5.2823379822e+00 6.6136151820e+00 4.7019750370e-01 3.5616301405e-03 1.5824206206e+01 2.9584493167e+00 -4.7698840537e-01 1.7514486688e+01 4.7482364414e-02 1.0000000000e+00
4.9302747582e+01 3.6367627852e+01 3.6777781149e+01 7.3763896812e-01 6.8809305150e-02 3.2059023917e+02 7.3943373766e+00 -9.1793946487e-01 9.6312864819e+00 1.1079749097e-02 1.4836587482e-02
7.0724232137e+01 3.4665479531e+01 4.2571566254e+01 4.9014995968e-01 7.2641406642e-02 3.3934302771e+02 2.7981804524e+00 -8.8418979617e-01 1.4897770293e+01 1.4524743847e-02 1.0000000000e+00
3.2667132023e+01 3.1815877523e+01 2.8064925170e+01 9.7394155998e-01 6.4236314055e-02 2.9833289926e+02 2.4951800049e+00 7.2717396206e-01 8.1323242121e+00 1.9769983682e-02 1.0000000000e+00
3.0511703517e+01 2.8726867172e+01 2.5771038451e+01 9.4150322208e-01 2.8799252752e-02 1.3039761365e+02 1.6288652711e+01 -6.7583578454e-01 8.4379493236e+00 1.0539007344e-02 1.1713658057e-02
4.5800022863e+01 4.3745616331e+01 3.8964692434e+01 9.5514398459e-01 3.7374530342e-02 1.7028897345e+02 1.1591534928e+01 -4.9020414485e-01 9.3839429885e+00 9.1989575873e-03 1.0781219152e-02
3.0525307592e+01 2.8560258463e+01 2.5701414705e+01 9.3562557484e-01 2.7794271704e-02 1.2575417687e+02 4.7667743712e+00 -8.6029898456e-01 1.7628890948e+01 1.6746421030e-02 3.3228128668e-02
3.0505182810e+01 1.7437399756e+01 1.9923651134e+01 5.7162089028e-01 6.4477006351e-03 2.8709995508e+01 1.5109005518e+02 -5.7460528914e-01 8.3754287328e+00 5.4432364509e-03 5.4982807728e-03
3.6882365772e+01 3.0622932418e+01 2.9231544042e+01 8.3028655505e-01 5.1712779972e-02 2.3805907830e+02 1.2848319209e+01 -9.9449557465e-01 8.4589700892e+00 1.0501716905e-02 1.2078274149e-02
1.6538403278e+01 1.2201518645e+01 1.2338073769e+01 7.3776884262e-01 1.2746778755e-02 5.7029449262e+01 7.0874443548e+00 4.8969508865e-01 8.2097801947e+00 2.3041962953e-02 3.1466860891e-02
3.9153891453e+01 3.6831364571e+01 3.3055960350e+01 9.4068209325e-01 3.0061214022e-02 1.3623783383e+02 2.2782240637e+01 8.3358468709e-01 1.0891062128e+01 7.9478849450e-03 8.5446634043e-03
4.0220841792e+01 3.8421623563e+01 3.4220369701e+01 9.5526651983e-01 3.9903391974e-02 1.8214484936e+02 3.4535669497e+00 -4.0099179685e-01 1.2041730024e+01 1.5686343852e-02 1.0000000000e+00
3.7889761698e+01 2.8458562223e+01 2.8528235179e+01 7.5108844575e-01 6.3150824097e-02 2.9306909672e+02 3.7193803776e+00 7.4581815409e-01 9.5380402561e+00 1.6858760977e-02 1.0000000000e+00
5.2951001455e+01 4.5819770060e+01 4.2857867810e+01 8.6532395612e-01 1.0398353429e-01 4.9613875804e+02 3.4929518438e+00 7.3636281987e-01 9.5531176805e+00 1.3072323764e-02 1.0000000000e+00
3.9902696602e+01 2.4256708530e+01 2.6918348023e+01 6.0789647306e-01 4.9226018955e-02 2.2621009352e+02 4.6650325254e+00 -9.1656346464e-01 1.1462008911e+01 1.6191117696e-02 3.3614855674e-02
7.5479399877e+01 7.0198889689e+01 6.3360156637e+01 9.3004037928e-01 1.3782978073e-01 6.7212454979e+02 3.5501586201e+00 -6.7699734295e-01 1.1074833753e+01 9.9860646229e-03 1.0000000000e+00
2.7761214595e+01 2.6691393918e+01 2.3696384763e+01 9.6146347729e-01 2.5861884345e-02 1.1684446338e+02 3.8493597462e+01 -9.9893552289e-01 8.5956689370e+00 8.0592232882e-03 8.3977306724e-03
3.1797180683e+01 1.9990506401e+01 2.1831427966e+01 6.2868801485e-01 5.0903350033e-02 2.3419791983e+02 2.0434418600e+00 9.6898117125e-01 9.1709785340e+00 2.5126489201e-02 1.0000000000e+00
1.1858305977e+01 1.1493925242e+01 1.0163164047e+01 9.6927210889e-01 6.1022480257e-03 2.7164643137e+01 4.7650333406e+01 5.9878165236e-01 8.5766905013e+00 1.2782082157e-02 1.3209336283e-02
8.8150599358e+00 5.1028810542e+00 5.7957471549e+00 5.7888217338e-01 1.2615641523e-03 5.5952345740e+00 6.7241434202e+02 7.7579376411e-01 9.9791302638e+00 6.7494948479e-03 6.7646132698e-03
3.3039128246e+01 3.2995039871e+01 2.8743033438e+01 9.9866557086e-01 5.5971397089e-02 2.5844283310e+02 9.2265098422e+00 -9.1599850171e-01 8.0317874908e+00 1.1985777952e-02 1.4832892749e-02
3.5886859127e+01 1.7020635479e+01 2.1224784680e+01 4.7428601705e-01 2.6274526572e-02 1.1874497316e+02 2.7783317353e+00 2.9450595368e-01 8.2670418709e+00 2.3130495117e-02 1.0000000000e+00
1.0498460876e+01 6.2292117613e+00 6.9927521149e+00 5.9334523747e-01 1.9767482542e-03 8.7719916851e+00 1.8104472740e+02 8.1982476018e-01 1.4460196447e+01 9.8131836608e-03 9.8957452939e-03
3.8987265126e+01 3.8354813193e+01 3.3663744220e+01 9.8377798672e-01 6.1873481723e-02 2.8688452229e+02 5.9249687032e+00 9.1537340879e-01 1.0581110705e+01 1.2775899130e-02 1.9475556207e-02
3.1889163799e+01 3.1758247315e+01 2.7704074471e+01 9.9589464043e-01 4.6803285481e-02 2.1470449149e+02 5.8079510103e+00 6.3759718563e-01 8.0898953318e+00 1.4669208686e-02 2.2723242030e-02
4.1894387464e+01 4.1496718554e+01 3.6297591890e+01 9.9050782374e-01 3.2846240014e-02 1.4916370041e+02 1.2998312722e+01 9.8597538688e-01 1.6587724439e+01 9.2367076095e-03 1.0602649584e-02
4.1759157234e+01 3.5746907750e+01 3.3614525511e+01 8.5602560295e-01 3.0012469178e-02 1.3601205327e+02 2.1155002843e+01 -6.5132188238e-01 9.3246141943e+00 8.0869529757e-03 8.7481914318e-03
1.0257337486e+01 4.6000000000e+00 5.8869085350e+00 4.4845945709e-01 2.2843507457e-03 1.0139391059e+01 1.2996661186e+02 6.6428906965e-01 9.6183235308e+00 1.2371857822e-02 1.2517743590e-02
3.0493670065e+01 2.6970167383e+01 2.4956120751e+01 8.8445134106e-01 2.7455374748e-02 1.2418983195e+02 1.7844906269e+01 -9.8167137766e-01 1.1526380102e+01 1.0399569513e-02 1.1437983254e-02
1.0228432519e+01 7.6449696700e+00 7.6819144276e+00 7.4742338627e-01 8.5209318573e-03 3.8001343853e+01 8.8261021256e+00 9.0070865242e-01 1.0141428515e+01 2.8611188521e-02 3.5879845488e-02
3.0333232143e+01 2.9023995955e+01 2.5829191599e+01 9.5683822345e-01 1.2321310410e-02 5.5108220791e+01 8.0942861391e+01 -7.6307229456e-01 9.7362364144e+00 5.8272082627e-03 5.9390143194e-03
2.8906744929e+01 1.7166447009e+01 1.9262741842e+01 5.9385610700e-01 6.3302077650e-03 2.8184310827e+01 1.0773185221e+02 -3.6776261962e-01 8.1360067613e+00 6.3114633105e-03 6.4016519693e-03
5.9642757978e+01 5.9023144905e+01 5.1651489346e+01 9.8961126055e-01 1.7983194864e-01 8.9973766556e+02 3.1561295843e+00 -8.8472167061e-01 8.2765606784e+00 1.1592398649e-02 1.0000000000e+00
3.8376814234e+01 3.1690966323e+01 3.0331854838e+01 8.2578418651e-01 4.2764343458e-02 1.9560781521e+02 3.4586117197e-01 -7.2934840750e-01 8.0021264165e+00 4.0020208915e-02 1.0000000000e+00
2.7094406500e+01 2.5367832815e+01 2.2820672615e+01 9.3627564106e-01 1.9662634243e-02 8.8428330610e+01 1.3936881648e+01 4.1633361518e-01 8.1863200297e+00 1.2123221709e-02 1.3762944487e-02
3.5454259807e+01 1.7752305421e+01 2.1585438005e+01 5.0071008442e-01 1.8755023336e-02 8.4289453197e+01 3.5920770946e+01 -9.7613300629e-01 1.0898114888e+01 8.8058641569e-03 9.2044763362e-03
2.8165762978e+01 1.9689302191e+01 2.0435512062e+01 6.9905090824e-01 1.2958735788e-02 5.7987007538e+01 3.2406688212e+01 -5.6803881042e-01 9.7947477582e+00 9.5048868190e-03 9.9862450095e-03
2.2598344751e+01 2.1734095949e+01 1.9292415090e+01 9.6175610154e-01 2.7832006667e-02 1.2592840797e+02 1.0052727302e+01 9.7592300446e-01 1.0163620327e+01 1.5144199444e-02 1.8317707432e-02
3.8513969101e+01 2.5883621698e+01 2.7378652452e+01 6.7205801691e-01 4.5259101550e-03 2.0123273491e+01 9.6836172826e+01 -3.0206900768e-01 1.3588778140e+01 5.2789600964e-03 5.3631324781e-03
3.9208355201e+01 2.2242831609e+01 2.5505577645e+01 5.6729825811e-01 3.9317238681e-02 1.7939311973e+02 3.7068018374e+00 -3.5035611862e-01 8.0733185662e+00 1.8362483573e-02 1.0000000000e+00
7.7928945106e+01 3.0940822826e+01 4.1875203866e+01 3.9703890234e-01 3.3391203445e-02 1.5169894346e+02 1.8284654085e+01 8.5638125340e-01 1.3925214748e+01 7.4301854430e-03 8.1509088355e-03
5.8407873834e+01 4.6015923090e+01 4.5067952240e+01 7.8783766759e-01 8.9223130562e-02 4.2154343760e+02 7.6925485259e+00 -9.3557817268e-01 9.4580349764e+00 9.5012112830e-03 1.2511459899e-02
5.7393251489e+01 5.7010726550e+01 4.9796889726e+01 9.9333501885e-01 1.2513581526e-02 5.5976282390e+01 4.6571650729e+01 8.9941091468e-01 2.2489521257e+01 4.7560696831e-03 4.9189639193e-03
7.4583922895e+01 6.0576436251e+01 5.8452016456e+01 8.1219160779e-01 4.4626629119e-02 2.0439983891e+02 3.8555781100e+00 3.7754463115e-01 2.0871791836e+01 1.0740804439e-02 1.0000000000e+00
3.4859003202e+01 3.2924790468e+01 2.9490193090e+01 9.4451325177e-01 4.8722646172e-02 2.2381645296e+02 6.5305527882e+00 7.2394019128e-01 8.8209540576e+00 1.3485066730e-02 1.9242148125e-02
3.1587774932e+01 1.3647393243e+01 1.7768305086e+01 4.3204667858e-01 4.0608844207e-03 1.8049254426e+01 2.7824463433e+02 8.8570390442e-01 1.1270771368e+01 4.6572753130e-03 4.6826334045e-03
7.3844132432e+01 7.2769190250e+01 6.3815096986e+01 9.8544309282e-01 1.6486718264e-01 8.1749983076e+02 4.2203156813e+00 8.3954154225e-01 1.0336785313e+01 9.1815602621e-03 2.7782979079e-02
3.2411389263e+01 1.6080507254e+01 1.9636523457e+01 4.9613754980e-01 8.3083606216e-03 3.7047355069e+01 9.1087995393e+00 -7.4426210522e-01 2.7811049523e+01 1.5729379228e-02 1.9538442410e-02
2.4904536030e+01 2.2023426409e+01 2.0380351314e+01 8.8431386085e-01 2.4486905274e-02 1.1051983986e+02 1.3029401182e+01 7.0896453008e-01 8.4556496138e+00 1.3304552550e-02 1.5265985247e-02
2.9211727210e+01 8.7302336647e+00 1.3431543041e+01 2.9886057753e-01 5.4717317923e-03 2.4346162946e+01 1.8774514917e+02 7.3037015364e-01 8.2690685631e+00 6.4235130812e-03 6.4755987223e-03
2.9723108162e+01 1.5529975767e+01 1.8510977961e+01 5.2248828361e-01 1.3048117087e-02 5.8390895762e+01 7.2974204541e+00 4.9363098322e-01 1.3200765373e+01 1.7683575500e-02 2.3820080331e-02
4.9287407027e+01 3.8076022130e+01 3.7650139559e+01 7.7253043784e-01 6.7149704422e-03 2.9906157064e+01 1.9938300505e+02 -7.3835753746e-01 8.8625187090e+00 3.2950878157e-03 3.3202248859e-03
2.5851240216e+01 1.5533827252e+01 1.7333536493e+01 6.0089292125e-01 1.2027288172e-02 5.3781255247e+01 5.8163657602e+01 8.4262796935e-01 9.6705249322e+00 8.4649953869e-03 8.6942199450e-03
3.4663673709e+01 2.5932449801e+01 2.6046052518e+01 7.4811602539e-01 5.3624210683e-03 2.3857804833e+01 1.1731223109e+02 6.2439112316e-01 1.4503079119e+01 5.0655505976e-03 5.1318812285e-03
1.4978420136e+01 1.4795308118e+01 1.2959473835e+01 9.8777494448e-01 3.5350210736e-03 1.5705663830e+01 1.0467429452e+02 -3.2252518136e-01 1.0237306503e+01 8.1875843687e-03 8.3080926499e-03
3.7619792140e+01 3.7201896869e+01 3.2567422184e+01 9.8889161137e-01 6.9351308222e-02 3.2323698182e+02 2.7435288953e+00 9.5534381508e-01 1.1945528460e+01 1.7332643232e-02 1.0000000000e+00
3.7204602854e+01 1.5790935270e+01 2.0727878508e+01 4.2443499081e-01 2.1560434199e-02 9.7100374870e+01 8.9513050794e+00 7.9766273203e-01 1.2312214100e+01 1.5181914256e-02 1.8956756712e-02
3.7228295593e+01 3.1517844982e+01 2.9799442340e+01 8.4660993688e-01 1.3343557831e-02 5.9726288219e+01 9.3722042434e+01 -7.2875562499e-01 8.2561388674e+00 5.0408300898e-03 5.1239576478e-03
3.4600058719e+01 3.3312210795e+01 2.9554153610e+01 9.6277902491e-01 1.2008921363e-02 5.3698382398e+01 1.8740612671e+01 -7.0743828034e-03 1.1145433814e+01 9.2736357063e-03 1.0147302924e-02
2.8634868575e+01 1.7994427800e+01 1.9655684331e+01 6.2840965212e-01 3.7138196741e-02 1.6918311907e+02 4.3618198972e+00 7.3801800294e-01 8.8423051015e+00 2.0357167300e-02 5.1779526781e-02
5.6488789001e+01 4.7608855444e+01 4.5113011865e+01 8.4280184239e-01 8.6143962577e-02 4.0615026932e+02 4.8911927185e+00 -9.5026150118e-01 1.2586217376e+01 1.1272544098e-02 2.1345833741e-02
4.9741124893e+01 4.9470481206e+01 4.3184166968e+01 9.9455895524e-01 1.0935152290e-01 5.2359499166e+02 4.8561369199e+00 -8.2427729283e-01 8.3526970278e+00 1.1463455920e-02 2.1977128720e-02
1.9745434545e+01 1.4434733872e+01 1.4661231344e+01 7.3104159034e-01 1.4678569575e-02 6.5767836863e+01 2.9220781124e+00 6.2863869956e-01 1.4189869737e+01 2.8805437511e-02 1.0000000000e+00
5.4025109587e+01 5.0046955161e+01 4.5260271614e+01 9.2636471344e-01 9.6651116282e-02 4.5891653236e+02 4.4073840502e+00 -9.9039433846e-01 1.2722117428e+01 1.1627514280e-02 2.8399010566e-02
6.9578694303e+01 5.6364679262e+01 5.4457151933e+01 8.1008532607e-01 1.0382976751e-01 4.9535483146e+02 3.2013831380e+00 -9.1344219447e-01 1.5287707208e+01 1.1629766142e-02 1.0000000000e+00
3.6783587876e+01 3.6489294255e+01 3.1893565708e+01 9.9199932259e-01 1.6020343997e-02 7.1852012508e+01 1.5985624582e+01 -5.3082410489e-01 1.6116827759e+01 9.3625406071e-03 1.0430246359e-02
4.5855472464e+01 3.8278092431e+01 3.6442739560e+01 8.3475516387e-01 4.1718264800e-02 1.9067904696e+02 1.4018979339e+00 -2.4227814931e-01 8.1963503707e+00 2.1125222143e-02 1.0000000000e+00
6.7553122520e+01 4.2802757973e+01 4.6570533487e+01 6.3361627674e-01 8.7199291839e-02 4.1141941868e+02 1.0803117870e+01 9.6214740514e-01 8.7322098591e+00 8.2049717739e-03 9.7587122190e-03
7.3633916935e+01 7.1862383901e+01 6.3325309872e+01 9.7594134459e-01 1.8131310879e-01 9.0794486148e+02 1.5854766353e+00 -9.7729938453e-01 9.8499502410e+00 1.3202215997e-02 1.0000000000e+00
4.5547067521e+01 3.2504834649e+01 3.3401681527e+01 7.1365373050e-01 7.1241219388e-02 3.3248036841e+02 7.1790805085e+00 -9.3629803262e-01 8.5756187371e+00 1.1881196547e-02 1.6125861180e-02
3.8893336508e+01 3.8305588884e+01 3.3601615326e+01 9.8488821797e-01 9.8933812184e-02 4.7046938078e+02 2.2615758820e+00 -9.7442833940e-01 8.5771585272e+00 1.7965290706e-02 1.0000000000e+00
5.3986526846e+01 4.5272192155e+01 4.3004748731e+01 8.3858315769e-01 5.6628730759e-02 2.6159948347e+02 9.8886145673e+00 -6.0017925169e-01 8.5347703807e+00 9.0749800866e-03 1.1022155937e-02
4.4342138178e+01 3.8661189164e+01 3.6027655642e+01 8.7188373751e-01 2.1787983596e-02 9.8141775106e+01 1.0524932477e+01 -3.2421558077e-01 1.2401478494e+01 1.0112080130e-02 1.2097809417e-02
6.7440584218e+01 3.8928493535e+01 4.4274154278e+01 5.7722651703e-01 6.8549945914e-02 3.1932437464e+02 6.1472037953e+00 8.4294490358e-01 1.2084468426e+01 1.0576109796e-02 1.5690167512e-02
8.4977931975e+01 8.4251571849e+01 7.3660605715e+01 9.9145236759e-01 1.7805319127e-01 8.8989746751e+02 2.4767495716e+00 -5.4915275020e-01 8.2580343851e+00 1.0179227967e-02 1.0000000000e+00
3.5423964475e+01 3.3017734242e+01 2.9768880501e+01 9.3207337833e-01 4.5700113162e-02 2.0947806174e+02 1.3037031911e+01 8.8240793731e-01 8.6363882517e+00 1.0363290772e-02 1.1889949936e-02
6.9326860951e+01 5.6393013002e+01 5.4374504671e+01 8.1343670012e-01 7.5830694071e-02 3.5502036035e+02 1.3950122277e+01 8.5908094225e-01 8.9690674379e+00 6.8114874344e-03 7.7316655335e-03
3.8747257214e+01 2.9055639069e+01 2.9149639594e+01 7.4987602113e-01 7.1217842379e-03 3.1727771402e+01 1.5606669805e+02 -9.8752453443e-01 1.3241732973e+01 4.2374775964e-03 4.2789376907e-03
3.4476155800e+01 3.0774783742e+01 2.8347251235e+01 8.9263965278e-01 2.0403659057e-02 9.1811611158e+01 3.8637530783e+01 7.8629303886e-01 1.0145363329e+01 7.2192217396e-03 7.5212287278e-03
2.1192893854e+01 2.0686168649e+01 1.8227319414e+01 9.7608985308e-01 2.2333256016e-02 1.0063866263e+02 4.8086204077e+00 -9.4392288394e-01 1.5498698876e+01 2.0759457469e-02 4.0510669768e-02
2.0473990968e+01 8.5462973227e+00 1.1304411509e+01 4.1742214970e-01 9.5721738575e-03 4.2723641244e+01 2.8151300341e+01 8.6366279026e-01 9.8668638541e+00 1.4537609164e-02 1.5397571056e-02
3.6383815583e+01 3.1208242178e+01 2.9317531191e+01 8.5775066956e-01 6.3962226000e-02 2.9700307582e+02 5.2348365696e+00 8.1502743293e-01 8.2662321740e+00 1.4572986642e-02 2.5048613043e-02
8.5225898332e+01 8.2692450402e+01 7.3080723544e+01 9.7027373157e-01 1.9778077828e-01 1.0000023227e+03 4.4267074185e+00 6.7316618639e-01 8.0152317792e+00 8.1428760668e-03 1.9577593616e-02
1.9004207175e+01 1.5812078105e+01 1.5078104116e+01 8.3203040038e-01 1.9456459811e-02 8.7487654570e+01 7.3049652752e+00 8.0110352195e-01 9.9416781068e+00 2.0015516294e-02 2.6948588181e-02
4.4854921247e+01 4.4580098848e+01 3.8928633008e+01 9.9387308257e-01 9.5177638123e-03 4.2479042540e+01 2.4650153107e+01 -3.1433827412e-01 2.0200895932e+01 7.0550311520e-03 7.5393701392e-03
2.7737194446e+01 1.9655599735e+01 2.0266877175e+01 7.0863690897e-01 1.7281709470e-02 7.7582555146e+01 1.9197507007e+01 8.8979276479e-01 1.2740316475e+01 1.1596084870e-02 1.2657955548e-02
7.7238290326e+01 5.3168503557e+01 5.5594548814e+01 6.8836976237e-01 4.0635042498e-02 1.8558276162e+02 2.4869214268e+01 -8.2953074353e-01 1.1048505832e+01 5.5219288793e-03 5.8972467001e-03
3.2047835740e+01 1.1191128304e+01 1.6055672188e+01 3.4920075088e-01 1.1536097299e-02 5.1565733637e+01 3.2262382350e+00 2.2230075668e-01 1.2591554750e+01 2.6274133763e-02 1.0000000000e+00
3.6333434530e+01 2.5852857843e+01 2.6604192016e+01 7.1154456433e-01 1.0233102589e-02 4.5696417461e+01 3.6451597448e+01 -8.1086507148e-01 2.0284390486e+01 7.7253779905e-03 8.0695612065e-03
3.5032568105e+01 2.8171526234e+01 2.7316205305e+01 8.0415247177e-01 1.7968224342e-02 8.0705943330e+01 6.8674443805e+01 9.7648757521e-01 9.6771678900e+00 5.9638394399e-03 6.0995719818e-03
4.6861926235e+01 2.7524167715e+01 3.1047186329e+01 5.8734605951e-01 2.3078876975e-02 1.0405617188e+02 1.2802278215e+01 3.9799470782e-01 1.0047863893e+01 1.0303408444e-02 1.1857427555e-02
3.9014545575e+01 2.1040213447e+01 2.4709077453e+01 5.3929151646e-01 3.1592595549e-02 1.4333897670e+02 3.7772556489e+00 5.4973741146e-01 1.2445973140e+01 1.8685367069e-02 1.0000000000e+00
3.2380106358e+01 2.3086898575e+01 2.3734461158e+01 7.1299637868e-01 5.0667635976e-02 2.3307430369e+02 3.1829950092e+00 7.4275079523e-01 8.9859113092e+00 2.0198973615e-02 1.0000000000e+00
8.2130312416e+01 4.2085303245e+01 5.0622678703e+01 5.1242107824e-01 1.5741058305e-01 7.7699098246e+02 3.2424063426e+00 -8.8166825132e-01 9.1607512957e+00 1.1761158311e-02 1.0000000000e+00
7.5814930004e+01 4.8871482510e+01 5.2737838409e+01 6.4461554613e-01 7.2134561625e-02 3.3685743608e+02 7.1166151332e+00 -5.7892778209e-01 9.5917738126e+00 8.9554192995e-03 1.2205548167e-02
2.6101618124e+01 1.7748629825e+01 1.8668307557e+01 6.7998197434e-01 1.6906410289e-02 7.5876412949e+01 1.7516428369e+01 -8.3425755774e-01 1.1481398442e+01 1.2636809872e-02 1.3926959260e-02
3.1829177801e+01 2.4565632308e+01 2.4302121774e+01 7.7179600623e-01 3.5661651095e-02 1.6228231350e+02 9.7417216919e+00 7.7895948440e-01 8.6379697457e+00 1.3202115979e-02 1.6096858866e-02
7.4303881158e+01 6.0469994351e+01 5.8292101561e+01 8.1382013171e-01 8.3154421296e-02 3.9126114941e+02 2.0045521647e+00 -5.0333276849e-01 1.1404815752e+01 1.3442395718e-02 1.0000000000e+00
1.6581157001e+01 1.3413427112e+01 1.2968333848e+01 8.0895604038e-01 2.7150762149e-02 1.2278439018e+02 3.8449160210e+00 7.7697443093e-01 8.4378473657e+00 2.7846087708e-02 1.0000000000e+00
1.4154370009e+01 1.0636368935e+01 1.0659883734e+01 7.5145477536e-01 1.8536408913e-02 8.3293350327e+01 2.9807646723e+00 7.9579877040e-01 9.1702339323e+00 3.4811057602e-02 1.0000000000e+00
3.2471871407e+01 1.5914187301e+01 1.9544790543e+01 4.9009147337e-01 4.4354183952e-02 2.0311219668e+02 4.8578388072e+00 9.9884484274e-01 9.0392785114e+00 1.9535759980e-02 3.7429958008e-02
8.0537783463e+01 5.1967436283e+01 5.6052112083e+01 6.4525535778e-01 7.5773399467e-02 3.5473816051e+02 3.2467932609e+00 8.3840866706e-01 1.9848913930e+01 1.1545952464e-02 1.0000000000e+00
8.1233954625e+01 6.2115173047e+01 6.1727994378e+01 7.6464544086e-01 1.0546105546e-01 5.0367866836e+02 1.1310859775e+00 5.3609067648e-01 8.8271049441e+00 1.5870619429e-02 1.0000000000e+00
8.1991534268e+01 7.7630389799e+01 6.9448354449e+01 9.4680981997e-01 2.5907657044e-01 1.3552903754e+03 2.8168142932e+00 9.9786495160e-01 9.3362689565e+00 9.6536177490e-03 1.0000000000e+00
7.0278766750e+01 5.4486048075e+01 5.3783274435e+01 7.7528463567e-01 7.5179366318e-02 3.5181350809e+02 1.0454591429e+01 -8.5684135318e-01 1.0584285476e+01 7.6445247870e-03 9.1598815718e-03
3.3999668543e+01 3.0685692952e+01 2.8111574395e+01 9.0252917948e-01 6.0052216489e-02 2.7808432524e+02 1.5178247521e+00 -7.9258185866e-01 8.2501760072e+00 2.3855024352e-02 1.0000000000e+00
3.6839683719e+01 3.4041627422e+01 3.0824026955e+01 9.2404776549e-01 5.1034842955e-02 2.3482488351e+02 7.3756956332e+00 -9.6865402634e-01 1.1017571365e+01 1.2514919692e-02 1.6777141074e-02
4.6463475196e+01 2.6129167070e+01 3.0085957121e+01 5.6235929318e-01 2.5652764840e-02 1.1588174975e+02 8.6532526294e-01 -4.1301617453e-01 1.1281244808e+01 2.8815479933e-02 1.0000000000e+00
4.0662881035e+01 2.1593429813e+01 2.5543193232e+01 5.3103541272e-01 5.9572395574e-02 2.7576938196e+02 3.2169426431e+00 9.3181825209e-01 1.0369190853e+01 1.9115068505e-02 1.0000000000e+00
4.8695656643e+01 2.3585328729e+01 2.9125573341e+01 4.8434152766e-01 4.8000069749e-02 2.2038330877e+02 4.6058426702e+00 8.1485475144e-01 1.1717508480e+01 1.5498242755e-02 3.3161825104e-02
7.1222562863e+01 3.2680525306e+01 4.1382648716e+01 4.5885073482e-01 1.1612046370e-01 5.5846343608e+02 1.4128811029e+00 9.9676159254e-01 8.6884377830e+00 1.8633751084e-02 1.0000000000e+00
2.4393899325e+01 1.7665478964e+01 1.8024839932e+01 7.2417610356e-01 4.1769598023e-02 1.9092074594e+02 3.4282090229e+00 9.5926258122e-01 9.8824012253e+00 2.3455439386e-02 1.0000000000e+00
3.7265851790e+01 3.5895971616e+01 3.1838834037e+01 9.6324033644e-01 3.8385198600e-02 1.7502221386e+02 2.8018804636e+00 -3.2398585168e-01 9.8450436674e+00 1.7764576734e-02 1.0000000000e+00
3.2100741266e+01 3.1533915739e+01 2.7697274607e+01 9.8234229166e-01 1.0352261775e-03 4.5905937933e+00 7.5008034622e+02 -2.7274284181e-01 8.7542252091e+00 2.4375376071e-03 2.4424301074e-03
3.4452427809e+01 3.0313629912e+01 2.8121933234e+01 8.7986919472e-01 5.2609014807e-02 2.4233922390e+02 1.5436715416e+00 -7.8493995268e-01 9.3484161745e+00 2.3803591857e-02 1.0000000000e+00
4.6063950509e+01 3.2613842825e+01 3.3642437846e+01 7.0801228432e-01 6.9927063260e-02 3.2605056939e+02 1.3681845745e+00 -8.5884160936e-01 9.3480513467e+00 2.2040196623e-02 1.0000000000e+00
3.4155983164e+01 2.6724404180e+01 2.6262097657e+01 7.8242233731e-01 9.5012546329e-03 4.2404829968e+01 1.2646773540e+01 -4.1776790407e-01 2.0631472160e+01 1.1588591867e-02 1.3364502276e-02
2.8594861618e+01 2.7435574943e+01 2.4382399213e+01 9.5945821699e-01 2.2518435749e-02 1.0148707855e+02 2.9894770543e+01 -7.7904861708e-01 8.9966574889e+00 8.7217833279e-03 9.2044740454e-03
3.0851117976e+01 2.2784956072e+01 2.3028203834e+01 7.3854555577e-01 4.8474373676e-02 2.2263646768e+02 4.2348106077e+00 7.1510238931e-01 8.3125733366e+00 1.8518116746e-02 5.4782320283e-02
9.4957926106e+00 9.3651521407e+00 8.2094667128e+00 9.8624227853e-01 7.4837669458e-03 3.3349582272e+01 1.5594401533e+01 -8.2827010717e-01 9.7126205221e+00 2.2186400508e-02 2.4794593328e-02
2.2084898492e+01 1.2855931020e+01 1.4563062801e+01 5.8211410953e-01 1.6340137944e-02 7.3303870935e+01 1.2436300535e+00 -7.0839612279e-01 1.1110496221e+01 3.9808807202e-02 1.0000000000e+00
5.9909823990e+01 4.6941445775e+01 4.6097435533e+01 7.8353503063e-01 3.6506105412e-02 1.6622722374e+02 1.1187579654e+01 2.9830091027e-01 9.1396968438e+00 8.3968094238e-03 9.9122408848e-03
4.1975812283e+01 3.9619956254e+01 3.5498853990e+01 9.4387586801e-01 5.3786501341e-02 2.4797037451e+02 1.0197204574e+01 9.5723447040e-01 1.0704284844e+01 1.0130618616e-02 1.2210767249e-02
4.8031634725e+01 3.0151946748e+01 3.2952056451e+01 6.2775183316e-01 5.3411639105e-02 2.4617668831e+02 1.5249466963e+00 -8.5580971652e-01 1.2121066552e+01 2.1647106162e-02 1.0000000000e+00
3.8546423898e+01 2.3296192058e+01 2.5924109564e+01 6.0436714232e-01 6.7310542700e-02 3.1328102542e+02 2.4967771103e+00 -9.6257047175e-01 9.0808101516e+00 2.0732738640e-02 1.0000000000e+00
6.7953281649e+01 6.0884027004e+01 5.5978332064e+01 8.9596889990e-01 1.7913536773e-01 8.9588205390e+02 2.8312527535e+00 -9.1156492137e-01 9.1921954322e+00 1.1486533666e-02 1.0000000000e+00
3.6904451241e+01 3.0589869896e+01 2.9224048660e+01 8.2889377478e-01 7.4899802494e-03 3.3377427795e+01 1.0685000554e+02 4.4057667616e-01 9.2479810074e+00 4.8754767347e-03 4.9457359335e-03
4.1718245765e+01 2.8492113750e+01 2.9905439221e+01 6.8296528838e-01 2.6080868484e-02 1.1785290030e+02 1.0504879373e+01 -8.9565858273e-01 1.6626411235e+01 1.1338790526e-02 1.3571369207e-02
1.8244232800e+01 1.8081986463e+01 1.5811716066e+01 9.9110697947e-01 3.5616196912e-02 1.6207010426e+02 2.5542700585e+00 9.0887755402e-01 8.6141370359e+00 2.8532152563e-02 1.0000000000e+00
2.0787768209e+01 1.6504969224e+01 1.6103812229e+01 7.9397504621e-01 3.8544442826e-02 1.7576860639e+02 3.2835508260e+00 8.9524866514e-01 8.5823524367e+00 2.5626879346e-02 1.0000000000e+00
7.2144747608e+01 5.1321707182e+01 5.2819427799e+01 7.1137135943e-01 6.1225297701e-02 2.8375013700e+02 3.8592346003e+00 -8.0334695444e-01 2.2742088643e+01 1.1326793857e-02 1.0000000000e+00
3.5057338720e+01 3.4295828595e+01 3.0185535647e+01 9.7827815366e-01 7.8628554750e-02 3.6882591779e+02 3.9820854899e+00 -9.1347741927e-01 1.0118709647e+01 1.5720270894e-02 1.0000000000e+00
3.1469050391e+01 2.6523455063e+01 2.5132394389e+01 8.4284256226e-01 1.8920044955e-02 8.5041574797e+01 1.6281769828e+01 -5.8142321209e-01 1.1096961711e+01 1.0772063533e-02 1.1973307949e-02
2.3243958128e+01 1.4429257486e+01 1.5853527213e+01 6.2077454308e-01 4.5273569165e-03 2.0129728346e+01 1.2238221938e+02 8.6241614807e-01 1.6738808866e+01 6.8033306198e-03 6.8886404807e-03
7.6040309355e+01 6.3645566058e+01 6.0514119466e+01 8.3699772658e-01 8.8953833391e-02 4.2019485533e+02 1.2358525283e+01 -8.9656739055e-01 9.3508257576e+00 6.6167066788e-03 7.6617989886e-03
5.6465642150e+01 3.9637063422e+01 4.1056726814e+01 7.0196781463e-01 1.2749712934e-01 6.1768133303e+02 4.4722026438e+00 -9.2408015254e-01 8.0155249532e+00 1.2079190635e-02 2.8066304505e-02
2.6172360358e+01 2.3433273073e+01 2.1552582042e+01 8.9534427743e-01 2.2577544171e-02 1.0175793649e+02 2.3994646037e+00 1.7673884917e-01 8.3153463903e+00 2.4259432580e-02 1.0000000000e+00
3.4464934784e+01 3.0334903243e+01 2.8136965689e+01 8.8016714476e-01 4.7664529995e-02 2.1879021891e+02 3.8762036219e+00 3.9170962710e-01 8.0575692829e+00 1.6897835809e-02 1.0000000000e+00
7.9242323053e+01 7.0140431451e+01 6.4877676284e+01 8.8513850616e-01 7.0152266557e-02 3.2715165546e+02 5.1420777518e+00 1.0611397569e-01 8.7392756578e+00 8.8977605575e-03 1.5643064192e-02
2.3681505338e+01 2.2317638513e+01 2.0011727331e+01 9.4240793375e-01 2.8881573794e-02 1.3077826668e+02 5.1777308938e+00 -7.5030854370e-01 1.0500394864e+01 1.8970868385e-02 3.3055767009e-02
3.5948746619e+01 3.3465738034e+01 3.0191206964e+01 9.3092920288e-01 6.1077544273e-02 2.8303602794e+02 3.4459487141e+00 6.9068780574e-01 9.7336927496e+00 1.6765352537e-02 1.0000000000e+00
9.1686965111e+00 4.6000000000e+00 5.5880552588e+00 5.0170708502e-01 2.2575220825e-04 1.0004513553e+00 6.0291514651e+02 6.1106884911e-01 4.7522819846e+01 7.1982258294e-03 7.2162164994e-03
3.8916531126e+01 3.4043736138e+01 3.1672731518e+01 8.7478855781e-01 2.4968054499e-02 1.1273160519e+02 3.2085498397e+01 -7.7600965822e-01 9.9258649331e+00 7.2016587927e-03 7.5703775044e-03
2.7733112549e+01 2.7107735058e+01 2.3869002842e+01 9.7745015133e-01 1.4644819850e-02 6.5614956586e+01 4.5177344975e+01 -6.0819550675e-01 9.1514791908e+00 7.6073391735e-03 7.8764617086e-03
3.4212275188e+01 2.5661366188e+01 2.5741266098e+01 7.5006312929e-01 5.0677411223e-02 2.3312089384e+02 1.6834474479e+00 -7.8674878178e-01 8.8848740124e+00 2.4380008040e-02 1.0000000000e+00
6.8689628595e+01 6.0429460296e+01 5.6064227135e+01 8.7974649932e-01 4.7901840986e-02 2.1991685890e+02 3.8302565831e+00 -6.1433975391e-01 2.4902947100e+01 1.1030146121e-02 1.0000000000e+00
1.2324716122e+01 1.1041861766e+01 1.0152488724e+01 8.9591205640e-01 3.8263288287e-03 1.7003690010e+01 2.7013488480e+02 -9.8091993033e-01 1.0311333425e+01 6.6824167142e-03 6.7199049413e-03
2.4412778081e+01 1.8964771821e+01 1.8701906931e+01 7.7683792309e-01 1.2413527781e-02 5.5524530878e+01 8.7031953500e+00 -4.5210698467e-01 1.2490961883e+01 1.6453709460e-02 2.0725068134e-02
3.3660347339e+01 2.9688531829e+01 2.7509113902e+01 8.8200313354e-01 2.6375479267e-02 1.1921010320e+02 4.2655241508e+00 -2.8379011213e-01 1.0981123467e+01 1.6747184221e-02 4.7439755154e-02
1.8580840490e+01 9.1213495887e+00 1.1193653333e+01 4.9090080686e-01 2.4804858924e-02 1.1198124971e+02 3.5017774702e+00 -8.8669789461e-01 8.4215340190e+00 3.1663170248e-02 1.0000000000e+00
3.8339396609e+01 3.6912542587e+01 3.2748242796e+01 9.6278360778e-01 4.7798963207e-02 2.1942839941e+02 1.0076432750e+01 -7.3242808349e-01 8.6319172027e+00 1.0740251724e-02 1.2983334710e-02
3.4772254239e+01 3.0562499195e+01 2.8367703271e+01 8.7893350214e-01 2.8211991328e-02 1.2768340906e+02 2.6017950995e+01 -8.2450714298e-01 9.3329515935e+00 8.3296462679e-03 8.8677334459e-03
8.2832377143e+01 7.0774440987e+01 6.6613744208e+01 8.5442967385e-01 7.1326716156e-02 3.3289905617e+02 4.2813706804e+00 5.8916933876e-01 1.7799496245e+01 9.3680363847e-03 2.6002347921e-02
4.0672689709e+01 2.6823627656e+01 2.8630980926e+01 6.5949972447e-01 1.9362122895e-02 8.7057334403e+01 2.7943416491e+00 -7.6455473438e-01 2.9075295565e+01 1.9223744211e-02 1.0000000000e+00
6.5648817087e+01 4.9814077605e+01 4.9688846000e+01 7.5879627106e-01 6.4603048927e-02 3.0011297146e+02 8.1721448415e+00 -8.8633965643e-01 1.3300748850e+01 8.8642212428e-03 1.1405959928e-02
4.1891642902e+01 2.8490835336e+01 2.9964472339e+01 6.8010785355e-01 2.6266988467e-02 1.1871024475e+02 2.4340985970e+01 6.4371732732e-01 8.8495589453e+00 8.2627965529e-03 8.8382111283e-03
8.1808002251e+01 6.3645485196e+01 6.2718145122e+01 7.7798605815e-01 3.4822919445e-02 1.5836875342e+02 2.6260477192e-01 6.0866176443e-01 1.9864297691e+01 2.8315239213e-02 1.0000000000e+00
9.7719054325e+00 9.1586313911e+00 8.2348049230e+00 9.3724109943e-01 3.5895279143e-03 1.5948494874e+01 1.9477047121e+02 -7.1920777314e-01 8.1715416924e+00 8.6117948816e-03 8.6790694390e-03
3.3618600256e+01 3.0187200934e+01 2.7724865654e+01 8.9793152315e-01 6.9697184191e-02 3.2492695108e+02 1.8784886815e+00 -9.3774811786e-01 8.6613343256e+00 2.2088238610e-02 1.0000000000e+00
3.2269341799e+01 3.0996168817e+01 2.7531220916e+01 9.6054543071e-01 3.5712997681e-02 1.6252204850e+02 2.0606670913e+01 -8.6778808308e-01 8.3063075818e+00 9.2204526849e-03 9.9976795990e-03
7.5211343753e+01 4.0240405393e+01 4.7433733994e+01 5.3503106560e-01 5.3907897830e-02 2.4855144014e+02 7.3180278783e+00 6.9243533478e-01 1.2824789111e+01 9.5712076315e-03 1.2876104672e-02
3.6383924331e+01 3.1359695831e+01 2.9389699706e+01 8.6191075886e-01 6.5151622528e-02 3.0277724837e+02 4.5034704238e+00 -9.1056944715e-01 9.9137600788e+00 1.5384606276e-02 3.4988586123e-02
7.0325278223e+01 3.4011885121e+01 4.2029816363e+01 4.8363669480e-01 6.9416157203e-03 3.0920882249e+01 1.0424869219e+02 -6.7768700435e-01 1.4922754212e+01 3.9223211350e-03 3.9802936202e-03
3.4898475477e+01 3.0151927749e+01 2.8224283446e+01 8.6398982581e-01 4.0848447237e-02 1.8658617332e+02 1.1303022005e+01 -7.5344426980e-01 8.3094211631e+00 1.1336167736e-02 1.3353673388e-02
4.7529386572e+01 4.7303808035e+01 4.1278405355e+01 9.9525391440e-01 6.7918158286e-02 3.1624255834e+02 5.0530927404e+00 7.4665311882e-01 1.1189221647e+01 1.1896623448e-02 2.1420653162e-02
3.8531678354e+01 2.9199736819e+01 2.9144733475e+01 7.5781118464e-01 1.1798613134e-02 5.2749612485e+01 2.9739439011e+01 -2.3694071955e-01 1.0537996414e+01 7.8684121183e-03 8.3063883921e-03
6.6322168667e+01 6.0080626182e+01 5.4939482739e+01 9.0589055499e-01 1.8426647936e-01 9.2434571262e+02 3.9105880768e+00 7.7996637715e-01 8.1845016645e+00 1.0268244808e-02 1.0000000000e+00
7.3326802562e+01 6.6890210120e+01 6.0955801031e+01 9.1222046758e-01 6.8801977481e-02 3.2055446892e+02 4.2118304711e+00 4.0366874201e-01 1.3374583973e+01 9.9781259143e-03 3.0618217151e-02
5.2220963697e+01 1.7293872138e+01 2.5411293669e+01 3.3116723464e-01 7.4298024344e-02 3.4747838950e+02 4.0648492767e+00 9.5334888258e-01 8.5148480669e+00 1.7415436149e-02 8.2198065468e-02
3.9273824349e+01 1.7647161340e+01 2.2563805497e+01 4.4933646346e-01 2.3675025630e-02 1.0679123663e+02 3.1122524629e+01 8.1268037965e-01 8.0763576468e+00 9.0112212124e-03 9.4882892631e-03
8.4785462291e+01 8.2708587969e+01 7.2899294013e+01 9.7550435810e-01 9.4563614740e-02 4.4837938353e+02 9.0206234479e+00 8.0816743458e-01 1.1440439311e+01 6.6066200199e-03 8.2301721256e-03
3.7555847101e+01 1.8495887094e+01 2.2663857245e+01 4.9249021183e-01 4.8825505643e-02 2.2430543808e+02 3.9014813794e+00 7.4122338342e-01 9.2422843774e+00 1.9283528310e-02 1.0000000000e+00
5.5029699443e+01 4.9302748202e+01 4.5331186051e+01 8.9592981064e-01 7.8284738506e-02 3.6712678615e+02 4.5392368999e+00 -7.4818799218e-01 1.1756728141e+01 1.1610357347e-02 2.5810522949e-02
3.5505264766e+01 3.3577100505e+01 3.0055788639e+01 9.4569356762e-01 3.0696935131e-02 1.3918385307e+02 2.9236736436e+00 3.2662337312e-01 1.1570419225e+01 1.8208973458e-02 1.0000000000e+00
8.5839503060e+01 6.7227983988e+01 6.6033722324e+01 7.8318235302e-01 1.4793233134e-01 7.2595478987e+02 3.0672723104e+00 -6.6406082643e-01 1.0379933960e+01 1.0223211033e-02 1.0000000000e+00
3.1476323279e+01 2.4956677364e+01 2.4366650179e+01 7.9287142729e-01 5.1437993522e-03 2.2881329882e+01 1.2862877343e+02 3.6813482656e-01 9.9341860727e+00 5.1024520067e-03 5.1632583528e-03
8.4015746185e+01 5.9692761591e+01 6.1471373950e+01 7.1049492865e-01 2.1856047052e-01 1.1182503152e+03 2.6807371048e+00 9.1866492355e-01 8.5522746266e+00 1.0833041446e-02 1.0000000000e+00
5.9141711095e+01 5.8406784555e+01 5.1164754528e+01 9.8757346504e-01 1.6574322333e-01 8.2227959130e+02 4.2784623307e+00 -8.7636151713e-01 8.1043511003e+00 1.0482243144e-02 2.9201132932e-02
4.4840039092e+01 3.3381498739e+01 3.3607624674e+01 7.4445739600e-01 2.0585566297e-02 9.2642699561e+01 1.4068522991e+01 7.0133595990e-01 1.7235682430e+01 9.4792292922e-03 1.0746178631e-02
3.0562009632e+01 2.1038565348e+01 2.1998238666e+01 6.8838946132e-01 2.1240032111e-02 9.5634609214e+01 7.7810551582e+00 5.2210497629e-01 1.0191404631e+01 1.5419985672e-02 2.0212429847e-02
3.1395436403e+01 2.0326292614e+01 2.1888712228e+01 6.4742825526e-01 1.7263388285e-02 7.7499243639e+01 3.2407286250e+01 -7.5433035090e-01 9.8747263365e+00 9.0812624558e-03 9.5411576419e-03
4.4860246031e+01 3.7242837422e+01 3.5552549832e+01 8.3019690520e-01 6.7780754782e-02 3.1557264666e+02 5.6032674258e+00 8.1059981271e-01 9.5023534257e+00 1.2564919479e-02 2.0088521670e-02
5.6329599941e+01 5.3775117958e+01 4.7910382421e+01 9.5465116057e-01 6.1188824672e-02 2.8357384582e+02 1.6257941514e+01 -8.5881941000e-01 9.1422370197e+00 7.0207291423e-03 7.8050416137e-03
3.4936685352e+01 3.0203681414e+01 2.8264083513e+01 8.6452624542e-01 5.4512109925e-02 2.5144491208e+02 1.3514867659e+00 -8.4704627518e-01 9.4032957194e+00 2.4913644869e-02 1.0000000000e+00
2.7415972832e+01 1.0088377049e+01 1.4134441463e+01 3.6797443266e-01 9.9370384205e-03 4.4364393707e+01 4.3066417791e+01 -7.5701480287e-01 9.6228165153e+00 1.0777316013e-02 1.1178571321e-02
3.2932600318e+01 3.0025297743e+01 2.7368939129e+01 9.1171961682e-01 3.1789500790e-02 1.4425316107e+02 1.2394087378e+01 5.7461568184e-01 8.0200535533e+00 1.1224955240e-02 1.2991222423e-02
3.9442432474e+01 1.8806292937e+01 2.3393911739e+01 4.7680357822e-01 1.9642999590e-02 8.8338734816e+01 1.1389442993e+01 8.3500443973e-01 1.4977138442e+01 1.2875465602e-02 1.5143350913e-02
7.1617684876e+01 6.0331862615e+01 5.7181905796e+01 8.4241570667e-01 9.7080363959e-02 4.6108655534e+02 1.3510682389e+00 9.1717035468e-01 1.4077063106e+01 1.5648801942e-02 1.0000000000e+00
2.8999509135e+01 2.1235230838e+01 2.1551015943e+01 7.3226173380e-01 1.0415566290e-02 4.6517634518e+01 1.4421188675e+02 9.8239323393e-01 8.7675448911e+00 5.2609658857e-03 5.3167540456e-03
3.7760898422e+01 3.2277042561e+01 3.0373508302e+01 8.5477422176e-01 4.2042936951e-02 1.9220803183e+02 1.2907775173e+00 -9.3419334183e-01 1.4381127420e+01 2.4412576271e-02 1.0000000000e+00
3.8958983582e+01 3.4886171743e+01 3.2084269653e+01 8.9545898110e-01 4.0489039714e-02 1.8489643906e+02 5.5833340989e+00 -6.6806486123e-01 1.1799948441e+01 1.3634197939e-02 2.1871319705e-02
3.2775605987e+01 2.5245153504e+01 2.4998880794e+01 7.7024215857e-01 1.7853153004e-02 8.0182192015e+01 2.8492434963e+01 8.2496269152e-01 1.2483396900e+01 8.7678598343e-03 9.2796201492e-03
3.8006870450e+01 2.7814326138e+01 2.8236134197e+01 7.3182363633e-01 1.8256218665e-02 8.2017146936e+01 3.9607818088e+01 -7.8774652910e-01 1.1168334656e+01 7.1794133085e-03 7.4718352834e-03
4.0048926609e+01 3.6228443686e+01 3.3151653359e+01 9.0460461123e-01 3.7002513020e-02 1.6854839132e+02 3.2921143365e+01 9.9522959978e-01 8.6378319619e+00 6.8816015938e-03 7.2241510852e-03
4.2576024857e+01 4.1487284979e+01 3.6586998121e+01 9.7442833422e-01 1.1054449575e-01 5.2972036598e+02 3.1652342292e+00 9.0707620815e-01 8.7146964580e+00 1.4918643434e-02 1.0000000000e+00
4.2232453548e+01 4.1845616578e+01 3.6596640829e+01 9.9084029134e-01 4.7783624512e-02 2.1935557776e+02 5.3783329954e+00 7.7142486090e-01 1.3530300896e+01 1.2679652199e-02 2.1127223017e-02
6.1144894605e+01 5.6628417698e+01 5.1218564061e+01 9.2613484845e-01 6.3233407730e-02 2.9346930227e+02 1.4437917996e+00 8.8467585683e-01 1.8207716581e+01 1.6675218028e-02 1.0000000000e+00
9.2204698441e+00 4.6000000000e+00 5.6027593439e+00 4.9888997825e-01 2.8428598025e-03 1.2623798137e+01 5.9588626454e+01 -8.4735418547e-01 1.1180898458e+01 1.7088844302e-02 1.7539985491e-02
3.1791042807e+01 2.4376255141e+01 2.4191697879e+01 7.6676488055e-01 1.4622939259e-02 6.5515845461e+01 3.8094265494e+01 7.0012926945e-01 1.1249515403e+01 8.0420450114e-03 8.3836540534e-03
7.6149611909e+01 7.0590406490e+01 6.3817283309e+01 9.2699627379e-01 1.3323720270e-01 6.4784905103e+02 8.3224066877e-01 -8.7816812788e-01 1.0173701299e+01 1.7170796163e-02 1.0000000000e+00
7.5751012362e+01 3.7152779491e+01 4.5612738283e+01 4.9045918110e-01 9.9126533996e-02 4.7144620809e+02 4.2169202032e+00 6.9873693208e-01 9.5446567060e+00 1.1747996974e-02 3.5745764816e-02
4.1472736981e+01 4.1380207671e+01 3.6063811831e+01 9.9776891237e-01 3.4795225436e-02 1.5823961043e+02 3.7862651484e+01 -9.5156925166e-01 8.5439619343e+00 6.2035149214e-03 6.4687684351e-03
2.8408014464e+01 2.7920120510e+01 2.4517141125e+01 9.8282548205e-01 5.4392380931e-03 2.4200985201e+01 1.6566961015e+02 -8.0130195563e-01 1.2980892728e+01 4.6218265027e-03 4.6643814639e-03
2.6844432033e+01 2.1378060034e+01 2.0827808559e+01 7.9636849863e-01 4.1606504726e-02 1.9015289147e+02 1.9492037375e+00 8.7725613810e-01 9.4506100996e+00 2.6485443028e-02 1.0000000000e+00
4.1787748308e+01 3.9483649386e+01 3.5358367748e+01 9.4486185508e-01 4.1763373117e-02 1.9089143548e+02 1.1429930094e+01 9.0349581082e-01 1.2331441992e+01 9.8003389161e-03 1.1518294072e-02
2.7075090749e+01 1.3932141804e+01 1.6725557090e+01 5.1457414983e-01 8.1496051766e-03 3.6335082443e+01 1.8702846188e+01 -2.0102946169e-02 8.5760079132e+00 1.3278205001e-02 1.4532128436e-02
3.4614673799e+01 2.8809368999e+01 2.7467909597e+01 8.3228775075e-01 2.9367137783e-02 1.3302442614e+02 2.1711835514e+01 7.5642900579e-01 8.7067994107e+00 9.0894393775e-03 9.8106879241e-03
2.9892023262e+01 2.6450038030e+01 2.4469349329e+01 8.8485271801e-01 1.2740766153e-02 5.7002290525e+01 6.8449669603e+00 9.2253274836e-01 3.2195674066e+01 1.5217070009e-02 2.1150290514e-02
3.0031016080e+01 2.7390679747e+01 2.4962524214e+01 9.1207968702e-01 7.9683109644e-03 3.5521895178e+01 4.7633295107e+01 -2.5071569778e-01 1.0894796638e+01 7.2818989374e-03 7.5253963349e-03
3.2728000787e+01 1.3678640860e+01 1.8082622933e+01 4.1794917293e-01 1.6229987405e-03 7.2002470144e+00 4.9214166143e+02 -5.6928959899e-01 1.1875739128e+01 3.7252752959e-03 3.7366934300e-03
4.1151905877e+01 3.4014942952e+01 3.2540974272e+01 8.2657029431e-01 6.4156517973e-02 2.9794569467e+02 3.8598980035e+00 8.9598823626e-01 1.3179302144e+01 1.5304081476e-02 1.0000000000e+00
5.0969731966e+01 4.2876446862e+01 4.0666365923e+01 8.4121389712e-01 5.1717713270e-02 2.3808262412e+02 1.9809775089e+00 -2.8075969724e-01 8.6950398953e+00 1.7223912807e-02 1.0000000000e+00
4.2209433688e+01 3.8299433658e+01 3.4993902954e+01 9.0736667876e-01 4.0603098648e-02 1.8543258973e+02 1.5467718501e+00 -2.6689210379e-01 8.4303695448e+00 2.0897169216e-02 1.0000000000e+00
5.3003092880e+01 5.1329955580e+01 4.5406589300e+01 9.6843321383e-01 2.9176164437e-02 1.3214082155e+02 6.6090035205e+00 1.0380089438e-01 1.1939463456e+01 1.0372044559e-02 1.4697293539e-02
3.9449229423e+01 3.8387861310e+01 3.3876781721e+01 9.7309533978e-01 3.4226544069e-02 1.5558883985e+02 4.6680939891e+00 2.4493878204e-01 9.7739993882e+00 1.4147175950e-02 2.9328038328e-02
3.5101643027e+01 2.2697244685e+01 2.4456621072e+01 6.4661487975e-01 4.3795840748e-02 2.0047483288e+02 6.9462274738e-01 -9.4350989678e-01 9.0225683811e+00 3.5227543273e-02 1.0000000000e+00
4.2802236345e+01 3.2357748820e+01 3.2334750855e+01 7.5598266781e-01 4.0132021343e-02 1.8321876914e+02 3.7060998965e+00 1.4082362834e-01 8.5142065816e+00 1.5825341167e-02 1.0000000000e+00
5.7815537148e+01 3.1730754320e+01 3.6957744265e+01 5.4882745858e-01 6.9910340724e-02 3.2596882065e+02 8.2412555329e+00 9.2721069395e-01 9.1935137988e+00 1.0599007507e-02 1.3597288200e-02
6.4962714236e+01 5.8545629277e+01 5.3673006726e+01 9.0121895252e-01 1.7530271314e-01 8.7471611078e+02 3.9825537182e+00 -8.6779127156e-01 9.2096380337e+00 1.0397264382e-02 1.0000000000e+00
3.5553855821e+01 4.6000000000e+00 1.0172817940e+01 1.2938118507e-01 1.7498526729e-03 7.7637740727e+00 2.6301447572e+02 -8.0575848732e-01 1.9060439497e+01 6.7499883615e-03 6.7888916859e-03
7.9181849363e+01 2.7170850107e+01 3.9290505553e+01 3.4314492937e-01 1.1149312902e-02 4.9822279185e+01 2.9250344270e+01 -7.2835783656e-01 2.6182047573e+01 6.5717692696e-03 6.9443433660e-03
3.1407982931e+01 2.6270621528e+01 2.4986376952e+01 8.3643134885e-01 1.0451640325e-02 4.6680019972e+01 4.7622677484e+01 -4.8232191634e-01 1.1074101709e+01 7.2669772667e-03 7.5100332640e-03
3.5071000509e+01 3.1831963091e+01 2.9080232585e+01 9.0764342702e-01 3.6862628959e-02 1.6789414027e+02 1.3728853323e+01 9.3679628185e-01 1.0786910518e+01 1.0368918423e-02 1.1798401908e-02
9.0248651641e+00 4.6000000000e+00 5.5469300554e+00 5.0970290595e-01 5.2931755776e-03 2.3548484529e+01 6.5615831883e+00 5.6320142091e-01 8.1983466601e+00 3.9271420747e-02 5.5881001236e-02
8.2184697084e+01 6.1067533489e+01 6.1537595703e+01 7.4305236444e-01 2.5560459992e-01 1.3346498902e+03 3.8878257973e+00 9.5404647936e-01 8.3929403870e+00 9.2424009537e-03 1.0000000000e+00
4.8611250128e+01 4.2755339856e+01 3.9671517059e+01 8.7953590462e-01 2.7240787367e-02 1.2319969073e+02 9.5253711302e-01 -7.1318804449e-01 2.2403814318e+01 2.3361225074e-02 1.0000000000e+00
4.0428067245e+01 3.5299535155e+01 3.2871561742e+01 8.7314426735e-01 1.8405815702e-02 8.2698462571e+01 1.8625285865e+01 -5.6144630935e-01 1.4098877117e+01 8.6630113284e-03 9.4851313891e-03
2.7536659800e+01 2.5381373857e+01 2.3010978759e+01 9.2173030575e-01 2.9659474056e-02 1.3437748684e+02 1.0784600377e+01 8.1720072011e-01 9.7621388871e+00 1.3197032220e-02 1.5702044228e-02
3.3589485534e+01 2.2929141011e+01 2.4072232117e+01 6.8262852635e-01 2.4606621914e-02 1.1107001469e+02 3.2796579196e+01 -9.1568871939e-01 9.0571624791e+00 8.4808442435e-03 8.9047545882e-03
8.3441164193e+01 6.8801643871e+01 6.5899200351e+01 8.2455277962e-01 9.5781217117e-02 4.5452228144e+02 9.5707089686e+00 -7.7751331724e-01 9.6533780062e+00 6.8776362665e-03 8.4251340362e-03
4.1876480780e+01 2.6291415171e+01 2.8731249028e+01 6.2783248929e-01 5.0675369276e-02 2.3311116159e+02 2.6129809121e+00 7.8435631811e-01 1.1388208125e+01 1.9302130298e-02 1.0000000000e+00
2.8629937032e+01 2.7568920269e+01 2.4456741494e+01 9.6294030401e-01 3.9335478002e-02 1.7947871153e+02 1.2923828198e+01 -9.1255082309e-01 8.2613925237e+00 1.1801238463e-02 1.3559465701e-02
3.8850515302e+01 3.5243634574e+01 3.2205474332e+01 9.0716002864e-01 3.6625401979e-02 1.6678489928e+02 2.6823927402e+01 9.1958344220e-01 8.8250848114e+00 7.5684185135e-03 8.0408995135e-03
3.5807005670e+01 3.2283121245e+01 2.9590294299e+01 9.0158673257e-01 1.6322860821e-02 7.3225415662e+01 4.2079845851e+01 -8.7069495588e-01 1.3703952953e+01 6.8238556050e-03 7.0842998997e-03
5.1292297735e+01 3.6250436220e+01 3.7426155169e+01 7.0674229506e-01 8.6339105916e-02 4.0712408191e+02 7.4398917313e-01 9.3672416036e-01 8.1030168545e+00 2.5666719834e-02 1.0000000000e+00
7.9327634194e+01 2.1777408257e+01 3.4793959529e+01 2.7452486738e-01 5.7009539197e-02 2.6342946581e+02 2.5748407346e+00 4.6368431180e-01 8.7321598021e+00 1.7155371549e-02 1.0000000000e+00
3.4469898708e+01 3.2676108098e+01 2.9214480015e+01 9.4796066488e-01 5.3807706617e-02 2.4807186699e+02 4.0504625987e+00 5.6323528178e-01 8.9644751497e+00 1.6176397165e-02 8.3768826529e-02
2.3071507528e+01 1.9871096745e+01 1.8629491922e+01 8.6128297947e-01 3.8765825472e-02 1.7680652213e+02 4.6525345792e+00 8.0390867630e-01 8.1336928443e+00 2.0527590451e-02 4.2879059789e-02
7.8239401402e+01 7.3606981141e+01 6.6058061529e+01 9.4079172159e-01 1.9870497828e-01 1.0052124424e+03 3.9101671189e+00 -7.8858478553e-01 9.6265461045e+00 9.0823590010e-03 1.0000000000e+00
2.6137242215e+01 2.4122088553e+01 2.1855535990e+01 9.2290106028e-01 3.4575063291e-02 1.5721312663e+02 6.8647435313e+00 -8.1335183865e-01 9.2668401663e+00 1.6096611299e-02 2.2338881289e-02
2.6742520492e+01 2.0494152518e+01 2.0344336023e+01 7.6635082039e-01 3.8018758246e-02 1.7330530182e+02 7.4568922883e+00 9.7899502664e-01 8.9096820185e+00 1.6285687252e-02 2.1727416957e-02
7.5451086431e+01 6.7493972008e+01 6.2104699035e+01 8.9453943212e-01 1.7334242075e-01 8.6392182416e+02 3.1022670079e+00 8.7897615469e-01 1.0619038300e+01 1.0433926703e-02 1.0000000000e+00
3.5928275568e+01 2.7222988296e+01 2.7173582115e+01 7.5770372683e-01 3.3736534542e-02 1.5330647809e+02 3.7427355282e+00 -2.4208637905e-01 8.9578965292e+00 1.7645210428e-02 1.0000000000e+00
2.9022490152e+01 2.6062019661e+01 2.3935348021e+01 8.9799391865e-01 6.2469284881e-02 2.8976796517e+02 4.4939765576e+00 9.1504774697e-01 8.0552602761e+00 1.7532207844e-02 4.0126685149e-02
3.4897571882e+01 2.6567115286e+01 2.6458098649e+01 7.6128836056e-01 2.4433030237e-02 1.1027228044e+02 4.0351738775e+00 -6.6844536639e-01 1.9739832599e+01 1.7541673382e-02 1.0385723896e-01
7.2591006546e+01 5.2777011153e+01 5.3747617067e+01 7.2704614062e-01 1.0608311042e-01 5.0685700727e+02 3.6862391078e+00 -5.9371577126e-01 1.0593843452e+01 1.1107340107e-02 1.0000000000e+00
9.6651828708e+00 6.7803094745e+00 7.0253243439e+00 7.0151900540e-01 2.1720739784e-03 9.6402075992e+00 1.6827553573e+02 5.2538988260e-01 9.5836384084e+00 1.0055587563e-02 1.0146715553e-02
2.6721815535e+01 1.9702598783e+01 1.9928949124e+01 7.3732261035e-01 3.4436590309e-02 1.5656767291e+02 3.9861767247e+00 -9.4624293552e-01 1.3902268351e+01 2.0909534614e-02 1.0000000000e+00
4.2915165309e+01 3.9007128247e+01 3.5610038256e+01 9.0893575653e-01 3.9539876280e-02 1.8043804099e+02 1.2785328896e+01 8.7541689833e-01 1.2148650165e+01 9.3679655036e-03 1.0783332277e-02
7.8171707838e+00 7.1066837545e+00 6.4871471994e+00 9.0911199859e-01 3.8807713001e-03 1.7246341740e+01 4.2398201229e+01 6.8174290555e-01 8.9304194315e+00 1.7704371984e-02 1.8374656657e-02
1.4697104586e+01 1.2775202381e+01 1.1922867510e+01 8.6923259650e-01 1.9568803802e-02 8.8000191763e+01 2.6168544627e+00 -9.9047167740e-01 1.1895728220e+01 3.4060821541e-02 1.0000000000e+00
8.4587477012e+01 8.2926217647e+01 7.2910267850e+01 9.8036045732e-01 1.8531516272e-01 9.3018085636e+02 3.0991732049e+00 5.3726421771e-01 8.1439166604e+00 9.3824112761e-03 1.0000000000e+00
3.2360716659e+01 2.1437603142e+01 2.2832994510e+01 6.6245761390e-01 3.2098835247e-02 1.4568984194e+02 5.4115730328e+00 -8.5218707165e-01 1.2198890540e+01 1.7149316731e-02 2.8386012232e-02
3.3550909870e+01 1.8632112749e+01 2.1581120879e+01 5.5533852351e-01 2.5183135056e-02 1.1372079142e+02 1.0718012478e+01 -6.5744988286e-01 8.8607738033e+00 1.3806409155e-02 1.6449711447e-02
1.2908035022e+01 1.0248446336e+01 9.9994562847e+00 7.9395867139e-01 8.2712494452e-04 3.6672071888e+00 1.0482826867e+03 -5.1128280965e-01 9.9457182561e+00 4.0647297833e-03 4.0705613571e-03
8.4480569883e+00 7.1034558404e+00 6.7387816297e+00 8.4083900597e-01 3.1536191820e-03 1.4007060391e+01 1.8678470970e+02 -9.8377321285e-01 1.0239010448e+01 9.9185852420e-03 9.9994307478e-03
6.4998371475e+01 4.1360632243e+01 4.4909573901e+01 6.3633336197e-01 5.5681698823e-02 2.5705251955e+02 4.6945241616e+00 4.7721606546e-01 1.1357563204e+01 1.1685678844e-02 2.3925885987e-02
4.6596692931e+01 3.6023526468e+01 3.5607995245e+01 7.7309191279e-01 5.6532656558e-02 2.6113794332e+02 3.8048852215e+00 9.0606844951e-01 1.6792611975e+01 1.4609946564e-02 1.0000000000e+00
6.8652186779e+01 6.4445232043e+01 5.7899281400e+01 9.3872074680e-01 7.2425375655e-02 3.3828340465e+02 4.6293127242e+00 -1.1753370626e-01 8.0575348648e+00 9.9243458066e-03 2.0974694361e-02
6.5347775042e+01 6.1213737940e+01 5.5053824182e+01 9.3673790578e-01 1.3811166656e-01 6.7361854108e+02 1.7996491398e+00 -7.3062984667e-01 8.4206986336e+00 1.4064282220e-02 1.0000000000e+00
3.1697946542e+01 1.6744977822e+01 1.9856529837e+01 5.2826695885e-01 5.0580105464e-03 2.2498242102e+01 7.5332679603e+01 -2.0309226454e-01 1.0616654067e+01 7.0874973715e-03 7.2339997558e-03
5.1697942702e+01 4.9160498382e+01 4.3884511918e+01 9.5091788594e-01 4.6525012920e-02 2.1338539554e+02 2.0604852055e+01 7.0618780232e-01 8.2083929765e+00 6.8453258620e-03 7.4224035129e-03
7.9367717040e+01 6.8052108644e+01 6.3941100442e+01 8.5742807255e-01 3.6152158963e-02 1.6457317791e+02 1.6541257723e+01 -5.5616661938e-01 1.3225635441e+01 5.9116031012e-03 6.5582890921e-03
1.0348757330e+01 1.0127768559e+01 8.9123026861e+00 9.7864586413e-01 6.3470993007e-03 2.8259880920e+01 3.5273470728e+00 -1.7556192928e-01 1.0579320559e+01 3.6827021115e-02 1.0000000000e+00
2.5163675196e+01 2.1568261856e+01 2.0268927742e+01 8.5711891004e-01 4.7094244252e-02 2.1608425873e+02 3.5612056151e+00 -8.2846075372e-01 8.9609250787e+00 2.1419607466e-02 1.0000000000e+00
7.0280603689e+01 4.2550644167e+01 4.7310669650e+01 6.0543936639e-01 7.2390006447e-02 3.3810994803e+02 3.6494329567e+00 6.7419489778e-01 1.4366462807e+01 1.2310234146e-02 1.0000000000e+00
2.4890138580e+01 1.5326977875e+01 1.6904725433e+01 6.1578515628e-01 7.8066290964e-03 3.4796865228e+01 3.4394854037e+01 -1.7663773116e-01 8.0724742341e+00 1.0498321270e-02 1.0996510346e-02
4.5747330020e+01 3.3575074454e+01 3.4036936769e+01 7.3392424081e-01 4.6941091896e-02 2.1535792066e+02 6.8739647549e+00 -7.0735902259e-01 1.0439984979e+01 1.2107307117e-02 1.6790736943e-02
1.0535400956e+01 1.0119269405e+01 8.9882777140e+00 9.6050159336e-01 6.1386736145e-03 2.7327551825e+01 2.9595482560e+01 -5.7113782860e-01 8.1585102876e+00 1.6500695698e-02 1.7424107591e-02
5.1667872855e+01 2.8320668731e+01 3.3005696060e+01 5.4812917904e-01 4.6658989308e-02 2.1402042163e+02 8.5834019492e+00 -8.0272400088e-01 1.0292416510e+01 1.1358007057e-02 1.4370733933e-02
2.7270106813e+01 2.2684476885e+01 2.1633873992e+01 8.3184407895e-01 7.5560794986e-03 3.3673674120e+01 2.0072617937e+02 8.6799114028e-01 8.2471730368e+00 4.6445327959e-03 4.6797239089e-03
1.0435695372e+01 9.9074616300e+00 8.8512907156e+00 9.4938202746e-01 2.8808947572e-03 1.2793065391e+01 4.8035989776e+02 -8.9563215393e-01 8.0017706838e+00 5.8704749228e-03 5.8889120544e-03
4.4302294247e+01 4.3199482641e+01 3.8083730511e+01 9.7510712200e-01 9.5594246285e-02 4.5357841077e+02 4.5535574817e+00 9.5956010712e-01 9.8339865627e+00 1.2802533412e-02 2.8215740651e-02
3.5445968306e+01 2.3565253319e+01 2.5056271914e+01 6.6482182447e-01 1.4379972955e-02 6.4415511818e+01 2.5709480196e+01 -9.8652347569e-01 1.9197530025e+01 9.1187971996e-03 9.7158099005e-03
3.1342831550e+01 2.9065967274e+01 2.6272038100e+01 9.2735613973e-01 3.8060700741e-02 1.7350177393e+02 1.2421778912e+01 -9.9902063725e-01 1.0283741662e+01 1.1462490743e-02 1.3260853665e-02
3.9785722678e+01 1.4568487639e+01 2.0456832748e+01 3.6617375928e-01 1.1509276804e-02 5.1444806170e+01 2.6159131158e+00 7.3770968536e-01 3.0427147043e+01 2.4430470689e-02 1.0000000000e+00
7.6606473072e+01 4.8141420250e+01 5.2585253988e+01 6.2842496619e-01 1.4576205081e-01 7.1434108695e+02 3.3393275821e+00 7.6370360019e-01 9.1247603273e+00 1.1430746743e-02 1.0000000000e+00
3.6508843038e+01 2.0750154235e+01 2.3772939881e+01 5.6835967697e-01 2.9722611391e-02 1.3466978806e+02 8.9836187891e+00 5.8778746685e-01 8.2738452045e+00 1.3847600844e-02 1.7271874518e-02
5.9508217131e+01 5.7117754707e+01 5.0751605381e+01 9.5982970858e-01 1.3028439371e-01 6.3230606109e+02 1.8144223601e+00 7.3052937461e-01 8.0520830262e+00 1.4816492303e-02 1.0000000000e+00
2.3679932893e+01 2.1980298295e+01 1.9858242432e+01 9.2822468688e-01 4.2665204256e-02 1.9514040020e+02 4.0845468613e+00 -9.1193993508e-01 1.0198683082e+01 2.0662755241e-02 8.8451586897e-02
6.3687951088e+01 4.1273847602e+01 4.4425578039e+01 6.4806367448e-01 1.4508930975e-01 7.1074658157e+02 4.1407438949e+00 9.4732988270e-01 8.6627868646e+00 1.1721172958e-02 4.1659530987e-02
8.0047187793e+01 5.1650430887e+01 5.5710419956e+01 6.4524978717e-01 7.4295086687e-02 3.4746394796e+02 6.8423278888e+00 9.9969811663e-01 1.6158572461e+01 8.7711547558e-03 1.2193557014e-02
3.6742030729e+01 3.0061521067e+01 2.8903108539e+01 8.1817799592e-01 4.4930911177e-02 2.0583851812e+02 1.4264468032e+01 -8.6150847347e-01 8.0238904707e+00 1.0210683602e-02 1.1551795553e-02
4.1473809605e+01 2.7833537905e+01 2.9461140131e+01 6.7111119452e-01 6.0344313971e-02 2.7949429556e+02 3.6790926133e+00 9.7266418305e-01 1.3211113933e+01 1.6618150367e-02 1.0000000000e+00
8.6033291638e+01 7.9199914426e+01 7.1848099543e+01 9.2057287264e-01 8.4759967854e-02 3.9925054833e+02 7.2134212759e+00 -9.8880809937e-01 1.7663014869e+01 7.2907914010e-03 9.8733557286e-03
4.1304440057e+01 2.0559015214e+01 2.5067590617e+01 4.9774346741e-01 3.8141617952e-02 1.7388084856e+02 7.4563127356e+00 7.5727364586e-01 9.0511617535e+00 1.4292837390e-02 1.9069315715e-02
3.3070182193e+01 1.4028937436e+01 1.8419348362e+01 4.2421711965e-01 6.6853058410e-03 2.9773369832e+01 1.7339687201e+02 8.3254459906e-01 9.5131134878e+00 5.4284429313e-03 5.4761612594e-03
5.8084447783e+01 4.2899274881e+01 4.3356639605e+01 7.3856731911e-01 1.4704249172e-01 7.2118976798e+02 3.7726369706e+00 9.0932549963e-01 8.6090538336e+00 1.2310676279e-02 1.0000000000e+00
8.8114935119e+00 6.8652118306e+00 6.7603802093e+00 7.7912011412e-01 3.3282810066e-03 1.4784808226e+01 2.5901168602e+02 9.6483422692e-01 8.4238861973e+00 8.7557252185e-03 8.8069767985e-03
7.8357198784e+01 7.4598629839e+01 6.6553767528e+01 9.5203288270e-01 2.3398798543e-01 1.2075142567e+03 3.4517402148e+00 -8.8864167433e-01 9.0835560400e+00 9.3025972573e-03 1.0000000000e+00
7.0766943335e+01 2.5914674702e+01 3.6387895382e+01 3.6619745719e-01 9.1520470462e-02 4.3306614027e+02 1.8612942369e+00 9.9210108547e-01 9.8943817932e+00 1.8465968560e-02 1.0000000000e+00
2.8072878414e+01 2.5295765250e+01 2.3192289690e+01 9.0107486937e-01 2.2220067453e-02 1.0012019216e+02 1.4426724043e+01 -5.3722527928e-01 8.5165255067e+00 1.1828449712e-02 1.3360117255e-02
3.2529867844e+01 3.0395850470e+01 2.7371104491e+01 9.3439821567e-01 2.8386925613e-02 1.2849168248e+02 7.6854136851e+00 -9.4753116146e-01 1.6355152425e+01 1.3455194537e-02 1.7724861820e-02
6.1974715864e+01 4.1992334419e+01 4.4243715716e+01 6.7757203616e-01 8.4514987149e-02 3.9803046282e+02 1.0263843928e+00 8.5927812647e-01 1.0223467523e+01 2.0511622200e-02 1.0000000000e+00
2.0634665290e+01 1.8306307838e+01 1.6913658354e+01 8.8716281952e-01 3.3479077913e-02 1.5210792963e+02 2.1601338671e+00 -8.7626688031e-01 9.2214711819e+00 2.9167786100e-02 1.0000000000e+00
7.8815294290e+01 5.8609180606e+01 5.9038168132e+01 7.4362699694e-01 1.3615105649e-01 6.6323689380e+02 4.1900478203e+00 6.9587674682e-01 9.6811285671e+00 9.8170958624e-03 3.1314217542e-02
8.5457978272e+00 7.2672341942e+00 6.8559877365e+00 8.5038686161e-01 7.3057021916e-03 3.2551678522e+01 1.7950400128e+00 -9.6629494604e-01 1.3753592225e+01 5.5862885545e-02 1.0000000000e+00
3.1451470927e+01 2.0991447574e+01 2.2277817378e+01 6.6742339723e-01 1.0715758807e-02 4.7869202664e+01 1.4964533623e+02 -9.8619499781e-01 8.4195732315e+00 5.0811088677e-03 5.1329966009e-03
2.8489412727e+01 2.6125937020e+01 2.3745989951e+01 9.1704020965e-01 5.0876209244e-02 2.3406852526e+02 1.9027405250e+00 -7.9864872033e-01 8.3599802469e+00 2.4487235338e-02 1.0000000000e+00
7.8441947631e+01 7.5509688645e+01 6.6996754802e+01 9.6261873812e-01 1.9817662632e-01 1.0022333271e+03 4.6314503214e+00 -8.0055750408e-01 8.0573367861e+00 8.4511874182e-03 1.7841625369e-02
2.6027871234e+01 2.2232738042e+01 2.0928610727e+01 8.5418964319e-01 6.1014311124e-03 2.7160989701e+01 1.1912859858e+02 -5.8949903028e-01 1.0958911710e+01 5.7716618186e-03 5.8460588357e-03
3.1995133984e+01 3.1376340798e+01 2.7582458484e+01 9.8065977198e-01 2.2073060800e-02 9.9446941844e+01 3.0490097758e+01 7.8162684566e-01 1.0276222423e+01 8.0175073177e-03 8.4516710599e-03
4.3989395599e+01 2.7090258039e+01 2.9877731593e+01 6.1583610481e-01 3.7801945964e-02 1.7228986644e+02 7.2031679449e+00 -7.6379421890e-01 1.1546017709e+01 1.2977337559e-02 1.7585897520e-02
3.2055897493e+01 2.5072570693e+01 2.4642999444e+01 7.8215157440e-01 8.3670166778e-03 3.7310564486e+01 5.2292551967e+01 -4.6529725626e-01 1.2723388724e+01 7.0865634500e-03 7.3012221099e-03
4.6671490556e+01 2.2416192767e+01 2.7789964266e+01 4.8029733997e-01 4.2309202192e-02 1.9346247076e+02 2.9422296674e+00 -7.6932621819e-01 1.3201864148e+01 1.8944763101e-02 1.0000000000e+00
4.2708338228e+01 4.2525427635e+01 3.7100048928e+01 9.9571721586e-01 9.8791594413e-02 4.6974868243e+02 5.8298606728e+00 9.7871789152e-01 8.1454651210e+00 1.1840438744e-02 1.8284490048e-02
6.7042971634e+01 6.0854674278e+01 5.5592449300e+01 9.0769655335e-01 1.6682744690e-01 8.2820118275e+02 1.9956820043e+00 -9.2129925734e-01 9.0366008277e+00 1.3239526766e-02 1.0000000000e+00
3.2988023619e+01 7.2577270373e+00 1.2780567839e+01 2.2001096886e-01 1.2938962668e-03 5.7387747460e+00 4.2627783693e+02 8.5058743140e-01 2.1727417554e+01 4.8847364439e-03 4.9020367268e-03
1.0650931048e+01 9.5489292710e+00 8.7767893797e+00 8.9653469996e-01 4.0763259634e-03 1.8118100341e+01 2.0388312061e+01 5.4993207645e-01 1.2907261747e+01 1.9284738908e-02 2.0930586893e-02
2.9067950796e+01 2.2034895447e+01 2.1990050588e+01 7.5804777578e-01 2.2597090455e-02 1.0184751032e+02 1.0224186013e+01 -5.5640666175e-01 9.0657809821e+00 1.3910835868e-02 1.6756489686e-02
7.1635503449e+01 5.5588364312e+01 5.4847092309e+01 7.7598902270e-01 2.4691598616e-02 1.1146059479e+02 1.9423807830e+00 -1.6817840331e-01 2.3130597275e+01 1.4628628574e-02 1.0000000000e+00
4.1368535184e+01 3.5689215431e+01 3.3431897064e+01 8.6271402340e-01 1.4593778498e-02 6.5383762790e+01 3.3824311439e+01 -8.3094075694e-01 1.8271977804e+01 6.8695236247e-03 7.2015100885e-03
7.5896585365e+01 7.1176506797e+01 6.3977711255e+01 9.3780907869e-01 5.1599216319e-02 2.3751710089e+02 2.2576418747e+01 -7.9478441273e-01 9.6228091136e+00 5.2104562392e-03 5.6057748405e-03
3.4042084436e+01 3.2838960742e+01 2.9106013013e+01 9.6465775483e-01 3.8312066413e-02 1.7467949189e+02 1.0687788691e+01 7.4075105371e-01 9.2338741959e+00 1.1373487597e-02 1.3559561709e-02
2.4250441877e+01 2.2962903620e+01 2.0541630864e+01 9.4690660635e-01 2.7766168859e-02 1.2562442561e+02 4.1792204447e+00 8.7388856649e-01 1.5094447413e+01 2.0238542775e-02 6.5927959972e-02
1.2472525120e+01 1.1381103757e+01 1.0369847517e+01 9.1249395357e-01 8.1502692355e-03 3.6338061458e+01 8.8002328282e+01 -9.6126569596e-01 8.0865186923e+00 1.0015540849e-02 1.0191790109e-02
1.5845437737e+01 1.5043455591e+01 1.3439732971e+01 9.4938718897e-01 6.9698642688e-03 3.1047379583e+01 1.2619817458e+02 8.5226272501e-01 9.3028513653e+00 7.4455433178e-03 7.5360197448e-03
7.8910065467e+01 5.7316516542e+01 5.8397592459e+01 7.2635241401e-01 1.2884213869e-01 6.2473288125e+02 7.8543799868e+00 -8.9306419883e-01 8.2556945527e+00 7.8408145130e-03 1.0239887793e-02
3.8732645529e+01 2.6981151600e+01 2.8051188949e+01 6.9659976054e-01 6.8960294282e-02 3.2132737270e+02 4.8944794582e+00 -9.5517798724e-01 8.7715583272e+00 1.5318289465e-02 2.8974191356e-02
4.4021129423e+01 4.2437250634e+01 3.7625617266e+01 9.6402003288e-01 5.1119281482e-02 2.3522754848e+02 1.4862696701e+01 -8.6578330655e-01 9.2450987620e+00 8.4952148039e-03 9.5550804989e-03
3.8468476192e+01 3.1355696072e+01 3.0203112381e+01 8.1510106914e-01 6.4844077269e-02 3.0128334790e+02 8.2028544421e-01 -9.4137887997e-01 8.3884424636e+00 2.8648229831e-02 1.0000000000e+00
3.7217502808e+01 3.4644044548e+01 3.1255480370e+01 9.3085354831e-01 5.0953200634e-02 2.3443559647e+02 3.2455297372e+00 6.3169903826e-01 1.1134082240e+01 1.6879911827e-02 1.0000000000e+00
4.2140609204e+01 2.5309076959e+01 2.8248167711e+01 6.0058640435e-01 5.4925287709e-02 2.5342489792e+02 3.8541838606e+00 8.0837917696e-01 1.1678518574e+01 1.6819519747e-02 1.0000000000e+00
5.5857646043e+01 4.5019448453e+01 4.3604485531e+01 8.0596751998e-01 1.1458975279e-01 5.5055440708e+02 3.6548298839e+00 -7.5814393299e-01 9.2247109207e+00 1.2638387655e-02 1.0000000000e+00
2.8645655911e+01 1.0553783565e+01 1.4778290565e+01 3.6842527179e-01 2.5774344503e-02 1.1644142514e+02 3.8339100197e+00 -6.7721063801e-01 9.3330699413e+00 2.5711801301e-02 1.0000000000e+00
3.6985561151e+01 2.8547168095e+01 2.8240052234e+01 7.7184628829e-01 1.5169706051e-02 6.7993460894e+01 6.3707056987e+01 9.2357869808e-01 1.1649235116e+01 6.0182860194e-03 6.1664260547e-03
5.4070068456e+01 3.0744101761e+01 3.5215799576e+01 5.6859742625e-01 6.3291140050e-02 2.9374910245e+02 1.4899551078e+00 -9.9006239443e-01 1.2774102956e+01 2.0826304138e-02 1.0000000000e+00
3.8907497492e+01 3.8399114362e+01 3.3648784107e+01 9.8693354333e-01 3.0200977007e-02 1.3688528674e+02 2.2269176297e+01 9.9972110716e-01 1.3255135596e+01 7.9268310572e-03 8.5377620611e-03
4.3077315469e+01 4.2363019838e+01 3.7188506411e+01 9.8341828818e-01 3.9017965798e-02 1.7798902919e+02 8.0294679280e+00 -3.3214966396e-01 8.1651914889e+00 1.0858462460e-02 1.4062352604e-02
2.9351551680e+01 1.8325429824e+01 2.0079338017e+01 6.2434279537e-01 2.1054661511e-02 9.4786893019e+01 1.0131027831e+01 5.4117492916e-01 8.5673922738e+00 1.4788587249e-02 1.7853434342e-02
8.0826264145e+01 4.1336666271e+01 4.9767392185e+01 5.1142616460e-01 8.9606508021e-02 4.2346407887e+02 2.7999556458e+00 -6.7439809062e-01 1.1683230231e+01 1.3042323047e-02 1.0000000000e+00
7.0916452815e+01 5.2498787326e+01 5.2998552362e+01 7.4029065531e-01 7.7261822403e-02 3.6207591490e+02 5.4306133002e+00 -5.0754635834e-01 9.5422228951e+00 9.8511428292e-03 1.6245538008e-02
8.5903130651e+01 8.4535883372e+01 7.4185025352e+01 9.8408384806e-01 2.4846767224e-01 1.2924121330e+03 2.5071439097e+00 -9.5659982007e-01 9.8061130891e+00 9.7284813386e-03 1.0000000000e+00
4.4927755590e+01 4.2356962449e+01 3.7973102032e+01 9.4277939978e-01 9.0871561508e-02 4.2980814148e+02 3.9681456182e+00 -6.3116888663e-01 8.5218619153e+00 1.3541579772e-02 1.0000000000e+00
4.1539476009e+01 3.6393457551e+01 3.3833458487e+01 8.7611739598e-01 4.3282714342e-02 1.9805283446e+02 4.9772513410e+00 9.4319394438e-01 1.7014149275e+01 1.3746967304e-02 2.5311951880e-02
2.4344574908e+01 2.3942856439e+01 2.1017452447e+01 9.8349864515e-01 2.6314661323e-02 1.1892988219e+02 5.3964498722e+00 9.2158825812e-01 1.4432113031e+01 1.8143342905e-02 3.0121275439e-02
4.3709503747e+01 2.6721822003e+01 2.9574131041e+01 6.1135038636e-01 3.2166958743e-02 1.4600632088e+02 2.4583666132e+01 9.9545013734e-01 1.0469176520e+01 8.2701718427e-03 8.8396690108e-03
3.8498136218e+01 3.1416858283e+01 3.0244569638e+01 8.1606179856e-01 1.9278240627e-02 8.6674753156e+01 1.2438442830e+01 -7.6132441865e-01 1.8405167654e+01 1.0611966889e-02 1.2273962003e-02
4.5171824996e+01 3.7778651931e+01 3.5933926798e+01 8.3633220340e-01 8.4773213363e-02 3.9931652595e+02 1.0448156246e+00 -9.8860000226e-01 9.0133882396e+00 2.3200834253e-02 1.0000000000e+00
7.7700698120e+01 3.8648244639e+01 4.7138995998e+01 4.9739893686e-01 1.3470532055e-01 6.5559588557e+02 4.5571250451e+00 -9.9978485072e-01 9.5735203773e+00 1.0958396273e-02 2.4100377758e-02
3.5425709347e+01 2.6003493449e+01 2.6359379067e+01 7.3402887135e-01 7.6253167518e-02 3.5710185149e+02 3.3467917417e+00 9.3531159095e-01 8.6118140732e+00 1.8287484597e-02 1.0000000000e+00
2.7172950980e+01 1.3589351568e+01 1.6532920682e+01 5.0010584343e-01 5.4361746952e-03 2.4187298695e+01 2.7249326313e+01 -1.7902470705e-01 1.2246857585e+01 1.1633818226e-02 1.2347436392e-02
4.6516741957e+01 4.3964697405e+01 3.9365532118e+01 9.4513707442e-01 1.4035011084e-02 6.2853944912e+01 1.0464125939e+02 7.7651102886e-01 8.1174517909e+00 4.0625756500e-03 4.1223897234e-03
8.4396410267e+01 8.3691691550e+01 7.3163824226e+01 9.9164989702e-01 2.1227701354e-01 1.0822516345e+03 2.9588092373e+00 -8.0292231870e-01 9.7923747461e+00 9.3932409603e-03 1.0000000000e+00
4.9975501955e+01 1.6670128399e+01 2.4415371110e+01 3.3356600228e-01 1.6119808574e-02 7.2303506554e+01 4.2980560359e+00 4.2096536415e-01 1.8142716961e+01 1.8105626653e-02 4.9252566702e-02
3.7759613369e+01 3.1033086804e+01 2.9771659119e+01 8.2185923094e-01 2.7182911702e-02 1.2293269500e+02 5.0067052169e+00 -9.4024022609e-01 2.2826990179e+01 1.5003133374e-02 2.7379506034e-02
4.5420425651e+01 3.1886640246e+01 3.3027229098e+01 7.0203305647e-01 1.1759124315e-01 5.6607595849e+02 3.9606173329e+00 -9.7477514455e-01 8.2011294174e+00 1.4564235939e-02 1.0000000000e+00
2.3496339460e+01 2.1483774506e+01 1.9555204668e+01 9.1434559596e-01 1.6817980185e-02 7.5474539045e+01 5.2306561218e+01 -8.7451329459e-01 8.4223685145e+00 8.1450956790e-03 8.3917484636e-03
4.2476547273e+01 3.4135619267e+01 3.3109654383e+01 8.0363451029e-01 8.3601011234e-02 3.9348183464e+02 2.7061927890e+00 7.9700704237e-01 8.5739764402e+00 1.7100987427e-02 1.0000000000e+00
3.5253940040e+01 3.4090213250e+01 3.0178695129e+01 9.6699016368e-01 5.6692798069e-02 2.6190729539e+02 2.3396433637e+00 -6.9104444516e-01 9.4878094565e+00 1.9440564274e-02 1.0000000000e+00
5.1277663534e+01 4.6249187468e+01 4.2383279775e+01 9.0193632628e-01 1.1574531666e-01 5.5652379657e+02 4.0009439390e+00 -7.3826240909e-01 8.7883625866e+00 1.2427536497e-02 2.8483411177e-01
3.9299744111e+01 3.8006989619e+01 3.3644064123e+01 9.6710526948e-01 5.9935808229e-02 2.7752256753e+02 2.3029329846e+00 -7.8280338061e-01 1.1400842281e+01 1.8236762623e-02 1.0000000000e+00
4.6798176331e+01 4.6701730108e+01 4.0698172127e+01 9.9793910297e-01 6.2284763625e-02 2.8887471719e+02 9.6420243515e+00 8.6294371706e-01 1.0018325172e+01 9.4508908747e-03 1.1554408666e-02
4.6600879882e+01 3.4423497020e+01 3.4787748571e+01 7.3868770518e-01 5.6120204963e-02 2.5915719711e+02 6.8359341739e-01 9.9144884195e-01 1.1583463381e+01 2.8226643931e-02 1.0000000000e+00
7.2443319572e+01 4.9658502443e+01 5.2029631231e+01 6.8548076947e-01 2.3905386546e-02 1.0784873839e+02 2.2053738011e+01 -3.6163387935e-01 1.1238578229e+01 6.0819914345e-03 6.5560001882e-03
8.6500616859e+00 7.0826811234e+00 6.8072115536e+00 8.1880122717e-01 3.2522659417e-03 1.4446296980e+01 4.9968132503e+01 -8.1050139298e-01 1.2511967331e+01 1.6159343036e-02 1.6672944217e-02
2.7651853103e+01 2.1586470827e+01 2.1236496950e+01 7.8065186977e-01 2.0750534701e-02 9.3396588987e+01 1.9221482381e+01 -7.0252246746e-01 9.1033853235e+00 1.1233086521e-02 1.2260207688e-02
4.3865114776e+01 3.0348720162e+01 3.1656202539e+01 6.9186460167e-01 2.7438367762e-02 1.2411134785e+02 1.3419614937e+00 -2.7147351666e-01 1.0589505382e+01 2.3652883919e-02 1.0000000000e+00
7.2788384714e+01 4.3470573073e+01 4.8648469679e+01 5.9721854309e-01 3.4058982337e-02 1.5480819538e+02 3.2424309766e+01 9.5744771132e-01 1.1562471073e+01 5.4555074895e-03 5.7316275427e-03
3.5266624783e+01 1.9495451487e+01 2.2629884404e+01 5.5280173838e-01 4.7776247583e-02 2.1932055575e+02 9.2497112336e-01 9.4484126052e-01 8.1064108551e+00 3.3134343836e-02 1.0000000000e+00
3.5639058789e+01 2.8068822196e+01 2.7494866623e+01 7.8758595624e-01 2.0523276126e-02 9.2358086660e+01 3.0192231732e+01 -5.7925347741e-01 8.7173269673e+00 8.0707418189e-03 8.5125459937e-03
3.5295198024e+01 2.5054115811e+01 2.5812041504e+01 7.0984488582e-01 2.8684230390e-02 1.2986582431e+02 2.7856880046e+00 5.0023404855e-01 1.2574853985e+01 2.0417651752e-02 1.0000000000e+00
1.2665982467e+01 6.4368324189e+00 7.7726153797e+00 5.0819843115e-01 7.5375604042e-03 3.3590671511e+01 2.9879782175e+01 -9.3583607062e-01 8.3952924402e+00 1.7989183153e-02 1.8985312384e-02
5.9399960919e+01 5.7109016585e+01 5.0701712277e+01 9.6143188820e-01 1.8933354150e-01 9.5259588729e+02 3.8694382287e+00 9.9732306130e-01 9.0923250976e+00 1.0810576152e-02 1.0000000000e+00
5.2966593103e+01 5.0374348581e+01 4.4964773127e+01 9.5105887748e-01 5.9643140755e-02 2.7611060697e+02 5.8989705540e+00 8.6291359880e-01 1.4701959347e+01 1.0693247868e-02 1.6357102796e-02
1.8298647210e+01 1.2264317264e+01 1.2989676077e+01 6.7023081671e-01 4.6361785622e-03 2.0615286368e+01 3.5338670793e+00 9.0789580110e-01 5.5217849978e+01 2.9112027634e-02 1.0000000000e+00
8.2876745291e+01 4.3918243847e+01 5.2002733607e+01 5.2992240095e-01 1.5236308659e-01 7.4974865928e+02 5.6276182727e+00 -9.9642203371e-01 8.3232131386e+00 9.4305997150e-03 1.5016849882e-02
3.4901158151e+01 2.7813172536e+01 2.7088244630e+01 7.9691259574e-01 1.7309732360e-02 7.7709987332e+01 9.8897823875e+00 8.0524682863e-02 9.1097022656e+00 1.2404504709e-02 1.5065627866e-02
3.7152226854e+01 1.5190584753e+01 2.0284494800e+01 4.0887413862e-01 1.4697168867e-02 6.5852091621e+01 2.5851976519e+01 -6.3979538376e-01 1.0180660127e+01 1.0382398234e-02 1.1057929539e-02
8.5799186810e+01 5.6868465483e+01 6.0554678938e+01 6.6280890994e-01 4.4283224956e-02 2.0277690607e+02 1.1990626790e+01 4.4601658255e-01 1.1233507991e+01 6.8667507110e-03 7.9955652290e-03
2.9399197201e+01 1.9741217458e+01 2.0889973013e+01 6.7148831728e-01 1.8262995961e-02 8.2048009812e+01 1.4897235556e+01 -4.7171288236e-01 8.3233977691e+00 1.2506404202e-02 1.4062206321e-02
3.9874732375e+01 3.5374415630e+01 3.2683752708e+01 8.8713863449e-01 5.7801515077e-02 2.6723828547e+02 8.8265109823e+00 9.5286779415e-01 9.5735539227e+00 1.1234138672e-02 1.4087962700e-02
4.0297395120e+01 3.3304640429e+01 3.1863323189e+01 8.2647129747e-01 8.4870013996e-02 3.9979873555e+02 3.4792942648e+00 -8.4772236908e-01 9.0695040864e+00 1.5929185647e-02 1.0000000000e+00
5.7916310493e+01 5.5132995548e+01 4.9189669694e+01 9.5194246799e-01 3.1975384716e-02 1.4511640978e+02 3.8337157582e+00 -6.1832759522e-01 3.1695934303e+01 1.2080884961e-02 1.0000000000e+00
3.2001239178e+01 2.1913229411e+01 2.2971155563e+01 6.8476190216e-01 1.2843574736e-02 5.7466707071e+01 1.8794879689e+01 9.0056035847e-01 2.0143305435e+01 1.0838087404e-02 1.1855658775e-02
6.8324208429e+01 3.4982150977e+01 4.2094684595e+01 5.1200228706e-01 3.4620661838e-02 1.5742569920e+02 1.3983157890e+01 5.0187536714e-01 1.0200076783e+01 8.1834892367e-03 9.2857077548e-03
4.2088536278e+01 1.9463374654e+01 2.4557314427e+01 4.6243885806e-01 5.9425851862e-02 2.7506265947e+02 3.9115212105e+00 -7.2289114852e-01 8.2710502095e+00 1.8207862337e-02 1.0000000000e+00
4.0231990998e+01 3.2685729375e+01 3.1534881768e+01 8.1243131557e-01 5.5883486942e-02 2.5802087995e+02 3.8305260746e+00 8.9888847281e-01 1.4507826274e+01 1.5728754406e-02 1.0000000000e+00
4.2962825224e+01 3.7932610394e+01 3.5130031101e+01 8.8291703807e-01 1.0062372484e-01 4.7904253770e+02 3.1406621026e+00 8.9600372351e-01 8.9357866814e+00 1.5433499420e-02 1.0000000000e+00
4.1882177425e+01 4.1540898330e+01 3.6311638168e+01 9.9185144814e-01 4.7962634579e-02 2.2020553649e+02 1.7672502336e+01 8.6584335104e-01 8.7631436903e+00 8.1552860739e-03 8.9791032506e-03
4.3547118912e+01 3.2936247201e+01 3.2905366006e+01 7.5633585009e-01 7.6767174145e-02 3.5963582165e+02 3.5451622555e+00 -8.8532736382e-01 1.0876474640e+01 1.5575405635e-02 1.0000000000e+00
8.2885145511e+01 7.9225639426e+01 7.0541240497e+01 9.5584846884e-01 1.5398763186e-01 7.5850082525e+02 6.4360671762e+00 -9.1268995669e-01 9.6593951341e+00 7.4051758407e-03 1.0660059192e-02
3.6980854297e+01 3.4307941039e+01 3.1004069490e+01 9.2772170063e-01 4.2321529226e-02 1.9352055750e+02 4.8387819970e+00 -4.5643169144e-01 9.0123184749e+00 1.4681044862e-02 2.8324651438e-02
3.0830136813e+01 2.2182321643e+01 2.2704601361e+01 7.1950123924e-01 9.9508100177e-03 4.4426340487e+01 5.0311903547e+01 6.0131072884e-01 1.2110164353e+01 7.5602367849e-03 7.7987893801e-03
2.5250011639e+01 2.4016594572e+01 2.1436470289e+01 9.5115182183e-01 1.1968614534e-02 5.3516521966e+01 4.9298877272e+01 9.5996647384e-01 1.4460529542e+01 7.8869058663e-03 8.1411874386e-03
6.8889557736e+01 4.4188066309e+01 4.7796896822e+01 6.4143344451e-01 3.7660145032e-02 1.7162591089e+02 3.0377881161e+01 -8.2296790557e-01 9.4351136767e+00 5.6403027367e-03 5.9469803591e-03
2.9107754870e+01 2.2506734111e+01 2.2245306153e+01 7.7322123301e-01 2.9395910191e-02 1.3315757252e+02 1.6071444489e+01 9.6808321470e-01 9.6688683157e+00 1.1608126569e-02 1.2923287660e-02
4.9252998513e+01 2.9954233088e+01 3.3233919327e+01 6.0817075085e-01 7.2813547227e-02 3.4018757965e+02 5.3889588603e+00 8.8726345193e-01 9.0520132584e+00 1.3259901134e-02 2.2046826941e-02
3.5593519442e+01 2.8727998346e+01 2.7805744195e+01 8.0711317106e-01 5.3595528146e-02 2.4705647032e+02 6.1422221909e+00 -8.4191307454e-01 8.7679257471e+00 1.4273924521e-02 2.1188063911e-02
2.3081898840e+01 1.9880659697e+01 1.8638174242e+01 8.6130954107e-01 1.7281546878e-02 7.7581815789e+01 5.2787701264e+00 6.0837720145e-01 1.3374226472e+01 1.9829790586e-02 3.3745877713e-02
3.9513033454e+01 3.6250167714e+01 3.2941136007e+01 9.1742305121e-01 6.6164721105e-02 3.0770260242e+02 7.8485842634e+00 8.5478450870e-01 8.0126464027e+00 1.1625113347e-02 1.5186443129e-02
4.8250337618e+01 3.0997424193e+01 3.3504117015e+01 6.4242916679e-01 2.6166289979e-02 1.1824635808e+02 4.3727582487e+00 1.7401496787e-01 1.2301531691e+01 1.4670333685e-02 3.6934997090e-02
3.3483047510e+01 8.8621689322e+00 1.4389911755e+01 2.6467629416e-01 1.2215640261e-02 5.4631249079e+01 2.4857436824e+00 -3.3054465840e-02 8.5178958912e+00 3.1012917940e-02 1.0000000000e+00
7.5018026735e+01 6.5565053894e+01 6.1026185406e+01 8.7399064929e-01 1.3775641529e-01 6.7173578952e+02 5.5638823120e+00 7.6841401831e-01 8.6605248234e+00 8.6382460276e-03 1.3903231988e-02
3.8642221135e+01 3.6133096443e+01 3.2525853667e+01 9.3506779325e-01 8.2444810763e-02 3.8773512569e+02 4.3056151784e+00 -9.7146157356e-01 9.9026935131e+00 1.4538211985e-02 3.9204291211e-02
2.6293368008e+01 1.9906605383e+01 1.9878230000e+01 7.5709606227e-01 3.1680476364e-02 1.4374695503e+02 2.5975581270e+00 -8.1146186867e-01 1.1676900707e+01 2.4632411885e-02 1.0000000000e+00
3.0663085060e+01 3.0412912798e+01 2.6584604546e+01 9.9184125598e-01 1.6396493225e-02 7.3559793672e+01 3.5057665211e+01 9.8493699799e-01 1.5506667693e+01 7.8130170218e-03 8.1761545088e-03
7.4889468676e+01 4.5585702157e+01 5.0555700068e+01 6.0870644382e-01 1.4944699641e-01 7.3407614689e+02 1.7804794758e+00 -9.6289167150e-01 9.0235226646e+00 1.4801558794e-02 1.0000000000e+00
5.5618582033e+01 2.1153904876e+01 2.9196120941e+01 3.8033880230e-01 1.2835864832e-02 5.7431876709e+01 1.6780938446e+00 -3.9183670450e-01 2.4912524000e+01 2.3084714642e-02 1.0000000000e+00
7.4617890433e+01 6.8102538811e+01 6.2044963412e+01 9.1268378689e-01 1.8200666793e-01 9.1179206922e+02 4.7687107196e+00 9.4464629886e-01 9.1092400011e+00 8.8448676594e-03 1.7536002732e-02
3.5337236837e+01 2.7727172368e+01 2.7209842966e+01 7.8464460862e-01 3.1248915212e-02 1.4174396069e+02 5.9426934869e+00 3.6746361386e-01 8.2925573837e+00 1.4846395694e-02 2.2579440376e-02
3.6006453446e+01 7.9577589176e+00 1.3985655143e+01 2.2100924018e-01 9.9076450108e-03 4.4232181861e+01 5.5402093322e+01 9.3601379396e-01 1.0595844346e+01 9.8712154429e-03 1.0152550162e-02
4.1530075071e+01 3.6974995423e+01 3.4102244630e+01 8.9031853083e-01 4.9734519746e-02 2.2862977579e+02 1.6910980469e+01 -9.5328846176e-01 8.8889702114e+00 8.6137729454e-03 9.5311873473e-03
4.5844329045e+01 3.7640706556e+01 3.6128032045e+01 8.2105480307e-01 6.9448789887e-02 3.2371320648e+02 9.0854589471e+00 -9.1989176659e-01 8.5863963254e+00 1.0367235878e-02 1.2887516933e-02
3.2085664155e+01 3.1845148149e+01 2.7827266015e+01 9.9250394178e-01 9.6999844721e-03 4.3298288373e+01 7.9377349092e+01 9.8024382439e-01 1.6442836286e+01 5.6120329932e-03 5.7219112154e-03
4.1210575088e+01 3.7773995572e+01 3.4340966015e+01 9.1660928028e-01 5.8434461132e-02 2.7028516533e+02 2.9506458135e+00 -8.0422118075e-01 1.3070028945e+01 1.6421167765e-02 1.0000000000e+00
6.9162753688e+01 5.9272888305e+01 5.5705734871e+01 8.5700590484e-01 1.0291833898e-01 4.9071116510e+02 5.0631948981e+00 -7.8856890555e-01 1.1201226980e+01 9.6601631200e-03 1.7344583295e-02
3.7863357509e+01 3.5740796535e+01 3.2022080463e+01 9.4394155422e-01 6.0787664016e-02 2.8163540689e+02 3.5319082604e+00 8.9288034865e-01 1.3269131393e+01 1.6013765309e-02 1.0000000000e+00
1.9170238388e+01 1.6755378149e+01 1.5595101381e+01 8.7403076635e-01 1.7935250409e-02 8.0555852263e+01 5.3148323321e+00 8.2252078883e-01 1.3186851567e+01 2.2101382061e-02 3.7316562397e-02
8.5166355224e+01 3.8585689487e+01 4.9148030523e+01 4.5306259010e-01 9.5546263775e-02 4.5333621872e+02 3.3620168551e+00 -6.8766989886e-01 1.1486847133e+01 1.2231656032e-02 1.0000000000e+00
3.6019050014e+01 3.0016544473e+01 2.8600929725e+01 8.3335191965e-01 2.0498703303e-02 9.2245816938e+01 4.0259021610e+00 -8.5340106326e-01 3.2116601604e+01 1.6762996596e-02 1.1121781619e-01
8.0895192466e+01 6.3768841706e+01 6.2437661704e+01 7.8828963455e-01 1.0667114806e-01 5.0986368290e+02 2.3146388640e+00 8.1583127211e-01 1.4696493511e+01 1.2038538512e-02 1.0000000000e+00
3.5343509138e+01 2.7301936137e+01 2.6997525990e+01 7.7247383757e-01 2.4150745823e-02 1.0897547880e+02 6.2681769659e+00 -7.9424083321e-01 1.7414643684e+01 1.4687161355e-02 2.1502402329e-02
7.8434580173e+01 2.9449995587e+01 4.0884982348e+01 3.7547208798e-01 3.8448001748e-02 1.7531655833e+02 1.3524265317e+01 9.0704349936e-01 1.4545049183e+01 8.4194797402e-03 9.6026495637e-03
3.5875273456e+01 3.4198146906e+01 3.0490743389e+01 9.5325118421e-01 1.6781655098e-02 7.5309473466e+01 4.5459617634e+01 8.4941455798e-01 1.2705071291e+01 6.5041231282e-03 6.7326949330e-03
1.0101499840e+01 9.5609148627e+00 8.5546809503e+00 9.4648468186e-01 3.6364792418e-03 1.6157681823e+01 4.4496866231e+01 9.4260982718e-01 1.7581710477e+01 1.4627986426e-02 1.5153922152e-02
5.8269694812e+01 4.6037068838e+01 4.5026454480e+01 7.9006881684e-01 1.3704580127e-01 6.6797189521e+02 3.2239768819e+00 -8.9993446039e-01 9.1841975511e+00 1.2823164246e-02 1.0000000000e+00
8.0554445814e+01 5.6639146991e+01 5.8621505150e+01 7.0311633850e-01 5.3105810071e-02 2.4471398772e+02 2.9284883084e+01 9.1784525060e-01 8.3080102931e+00 4.9871085805e-03 5.2694741472e-03
7.7263516006e+00 7.5298869038e+00 6.6400027405e+00 9.7457212576e-01 2.3267842966e-03 1.0328073263e+01 1.7711480578e+02 -7.8648629342e-01 1.1283813114e+01 1.0217371190e-02 1.0305270992e-02
7.5521103369e+01 6.7452321668e+01 6.2113796242e+01 8.9315858296e-01 1.0587638927e-01 5.0580052353e+02 3.7496771045e+00 3.8307835761e-01 9.7391198573e+00 1.0083559831e-02 1.0000000000e+00
7.8058835532e+01 3.9697804651e+01 4.7919916644e+01 5.0856260384e-01 1.3025241335e-01 6.3213800228e+02 3.6393182050e+00 7.5412819244e-01 9.1325102269e+00 1.1829899256e-02 1.0000000000e+00
2.7889041117e+01 2.4408489994e+01 2.2703272402e+01 8.7520004334e-01 1.3827486199e-03 6.1332761520e+00 2.4095024506e+02 6.2748510377e-01 2.9700988584e+01 4.2244252039e-03 4.2510278859e-03
2.9441846804e+01 1.8473280939e+01 2.0193468444e+01 6.2744980169e-01 6.4884235444e-03 2.8892219048e+01 1.5187872918e+01 -1.4795594664e-01 1.5326029041e+01 1.2774592929e-02 1.4326104218e-02
6.7794051929e+01 6.4493536433e+01 5.7560008601e+01 9.5131555937e-01 2.0111926895e-01 1.0188445724e+03 3.6728687718e+00 8.9776766996e-01 8.9561589384e+00 1.0121079784e-02 1.0000000000e+00
2.4225194335e+01 2.0251151237e+01 1.9266568585e+01 8.3595412925e-01 6.9486204505e-03 3.0952249011e+01 1.0810688198e+02 -9.8141561026e-01 1.5178477593e+01 6.3000418930e-03 6.3897468222e-03
5.6157880864e+01 4.0634646264e+01 4.1477822715e+01 7.2357869704e-01 3.9103605896e-02 1.7839076494e+02 5.7879019820e+00 5.3876534477e-01 1.3972554998e+01 1.1466438690e-02 1.7813329508e-02
7.4306366250e+01 6.7330170811e+01 6.1561101796e+01 9.0611577728e-01 1.3582639906e-01 6.6151995372e+02 2.6425957939e+00 9.9026206197e-01 1.4250142483e+01 1.1370321683e-02 1.0000000000e+00
7.7965439665e+01 6.0226698276e+01 5.9554974812e+01 7.7247942851e-01 1.0257184340e-01 4.8894711247e+02 7.7081781165e+00 8.1028222770e-01 9.7124748423e+00 7.9156348263e-03 1.0414955860e-02
4.5636251234e+01 4.0312835912e+01 3.7325336712e+01 8.8335116978e-01 3.2254007734e-02 1.4641076567e+02 4.6539988813e+00 -7.7996617727e-01 2.2445706232e+01 1.3346486303e-02 2.7858672699e-02
8.5544075880e+00 5.7680634083e+00 6.0915580709e+00 6.7427970306e-01 1.4634643460e-03 6.4916977027e+00 1.2596125274e+02 9.0366494686e-01 2.0615241412e+01 1.2259695744e-02 1.2408959087e-02
2.8587058163e+01 1.7431449196e+01 1.9315914318e+01 6.0976715745e-01 1.2817989303e-02 5.7351123533e+01 2.6410723210e+01 8.9206610769e-01 1.4574045503e+01 1.0631608112e-02 1.1306953811e-02
4.4416838219e+01 3.9045279020e+01 3.6238634363e+01 8.7906480032e-01 5.8632955735e-02 2.7124120595e+02 2.9470688302e+00 9.3461445912e-01 1.6014403722e+01 1.5883679593e-02 1.0000000000e+00
7.8645646319e+01 7.7886002927e+01 6.8133394915e+01 9.9034093523e-01 1.0728237323e-01 5.1299112654e+02 1.7069465107e+00 4.7930725000e-01 1.0116410705e+01 1.2773995714e-02 1.0000000000e+00
3.0344828369e+01 3.0075168526e+01 2.6299016848e+01 9.9111348267e-01 7.9262193109e-03 3.5333126613e+01 8.2493486243e+01 9.1866099383e-01 1.7870592473e+01 5.7366481180e-03 5.8445755386e-03
8.1509026193e+01 5.8552641002e+01 5.9977375454e+01 7.1835775420e-01 7.1943976353e-02 3.3592321392e+02 4.5200233517e+00 4.5399194902e-01 1.2500549058e+01 9.7981316960e-03 2.2045119616e-02
3.1392964711e+01 1.8079848808e+01 2.0584624725e+01 5.7592040045e-01 1.9051617914e-02 8.5641376940e+01 6.2510067362e+00 8.8787734608e-01 1.7467071926e+01 1.7472399253e-02 2.5626688183e-02
2.9667125630e+01 2.4793904315e+01 2.3591473366e+01 8.3573665424e-01 2.0959444285e-02 9.4351545001e+01 2.1779431708e+00 -1.0716873366e-01 9.2804932555e+00 2.3798581219e-02 1.0000000000e+00
1.0837280392e+01 8.5700466843e+00 8.3781658571e+00 7.9079311180e-01 4.6601423406e-03 2.0722222601e+01 1.0693238551e+02 -8.3848894315e-01 9.1747394109e+00 1.0660429273e-02 1.0813932384e-02
3.3995089968e+01 3.1891006395e+01 2.8661036769e+01 9.3810625081e-01 3.5148679020e-02 1.5988821571e+02 3.3169521020e+00 1.5668827800e-01 8.2120424069e+00 1.7842651792e-02 1.0000000000e+00
4.7718356133e+01 4.0967982313e+01 3.8468626885e+01 8.5853716752e-01 8.4036935225e-02 3.9565067393e+02 3.4559112989e+00 9.2540255420e-01 1.2554846605e+01 1.4202524433e-02 1.0000000000e+00
6.0851594364e+01 5.1982305020e+01 4.8931505431e+01 8.5424721511e-01 1.1417671126e-01 5.4842265848e+02 3.1168285809e+00 6.5843018927e-01 9.1454720805e+00 1.2486457409e-02 1.0000000000e+00
2.0776641038e+01 1.8862922231e+01 1.7229981621e+01 9.0789084708e-01 1.4608754945e-02 6.5451597384e+01 2.7806204869e+00 -5.6898967197e-01 1.6047736981e+01 2.6530959788e-02 1.0000000000e+00
3.4507582159e+01 2.6313338177e+01 2.6184464061e+01 7.6253786940e-01 3.9305834531e-02 1.7933960449e+02 1.0239664358e+00 8.5515215331e-01 1.1032459165e+01 2.9263191433e-02 1.0000000000e+00
3.5884407861e+01 2.1311203332e+01 2.3913090812e+01 5.9388477063e-01 4.4729420456e-02 2.0488578068e+02 2.2467330613e+00 6.2976372928e-01 8.2057579857e+00 2.2991337048e-02 1.0000000000e+00
3.8606621242e+01 3.6634207978e+01 3.2736967426e+01 9.4890997451e-01 2.0996948392e-02 9.4523012435e+01 1.0726842754e+01 -8.6806836452e-01 2.2049627610e+01 1.0664843054e-02 1.2704342928e-02
8.3778172152e+01 8.3309305144e+01 7.2728705125e+01 9.9440347054e-01 2.1435033463e-01 1.0941068768e+03 4.0225860332e+00 -6.1942698297e-01 8.0036018551e+00 8.3936350485e-03 5.8607014679e-02
5.0496606301e+01 3.5999742527e+01 3.7011560526e+01 7.1291409788e-01 7.4223389673e-02 3.4711150189e+02 6.9116076588e+00 -8.5288433536e-01 8.6671711750e+00 1.1283233830e-02 1.5603640020e-02
2.3887851774e+01 1.7965621644e+01 1.7998043854e+01 7.5208192911e-01 9.7770497238e-03 4.3644833284e+01 3.8781306966e+01 6.7970836745e-01 1.2108684597e+01 9.6389688475e-03 1.0040591092e-02
2.5302961968e+01 1.3760726583e+01 1.6096556834e+01 5.4383856720e-01 1.6514821068e-02 7.4097217616e+01 2.4490496349e+01 -8.4684139586e-01 8.9708892347e+00 1.2229042626e-02 1.3074779531e-02
3.5991388970e+01 1.5544559293e+01 2.0241568301e+01 4.3189662134e-01 4.6265817281e-03 2.0572462438e+01 1.9703827497e+02 7.9630842881e-01 1.2410769070e+01 4.8843722438e-03 4.9220831140e-03
5.3256921224e+01 3.1065795560e+01 3.5156546237e+01 5.8331940424e-01 9.3684663651e-02 4.4395063849e+02 3.8528870160e+00 -7.8608082713e-01 8.9405847009e+00 1.4344632841e-02 1.0000000000e+00
3.7267996667e+01 2.8697427512e+01 2.8421312997e+01 7.7002871307e-01 2.6967226611e-02 1.2193787754e+02 3.5216819249e+01 9.5714246061e-01 9.7053628528e+00 7.4325697558e-03 7.7763276014e-03
2.9438076328e+01 2.6139724822e+01 2.4140484987e+01 8.8795628258e-01 7.0850935137e-03 3.1563433317e+01 2.0997934045e+02 9.3630656634e-01 9.3415172058e+00 4.2655194943e-03 4.2963956692e-03
3.1444602808e+01 2.9744196770e+01 2.6621629113e+01 9.4592375526e-01 4.7646999905e-02 2.1870700877e+02 1.8010336367e+00 8.4024637030e-01 1.0625524098e+01 2.3318148169e-02 1.0000000000e+00
4.3863568667e+01 3.9686060715e+01 3.6312509828e+01 9.0476132974e-01 6.5323052712e-02 3.0361022981e+02 5.8054466915e+00 -9.6197042992e-01 1.1656762411e+01 1.2253816777e-02 1.8988492908e-02
3.4790272340e+01 2.8594262230e+01 2.7431235797e+01 8.2190394920e-01 2.4599422253e-02 1.1103692494e+02 2.5361967031e+01 -6.2522417516e-01 8.3171002385e+00 8.6070131778e-03 9.1792162810e-03
3.4728351743e+01 2.1285116522e+01 2.3528683581e+01 6.1290315992e-01 9.3840122623e-03 4.1877851243e+01 1.4357466295e+02 -9.8542311423e-01 1.0131584262e+01 4.9915196388e-03 5.0446900826e-03
3.2665612011e+01 3.1813588102e+01 2.8063261536e+01 9.7391679334e-01 3.0778876332e-02 1.3956377331e+02 3.7505488823e+00 4.5268066951e-01 1.3224487688e+01 1.7310929916e-02 1.0000000000e+00
4.2759570723e+01 4.1243135818e+01 3.6557151884e+01 9.6453577809e-01 3.0025614638e-02 1.3607294000e+02 7.9531009335e+00 9.2065783591e-01 2.0976094106e+01 1.1074696198e-02 1.4393993196e-02
4.0089547988e+01 2.2717627426e+01 2.6063613504e+01 5.6667207706e-01 2.5443801240e-02 1.1492004276e+02 3.8776001474e+01 -9.9339164151e-01 9.4281254987e+00 7.5747456155e-03 7.8904054306e-03
8.5615197118e+00 8.2631881677e+00 7.3219978257e+00 9.6515437047e-01 5.4536808366e-03 2.4265512674e+01 4.3246353993e+00 -8.5320964670e-01 1.9745456753e+01 3.8598452303e-02 1.0192424425e-01
8.4594530014e+01 7.9820193673e+01 7.1529451382e+01 9.4356211518e-01 3.1099387684e-02 1.4105024770e+02 2.5749210069e+01 6.9159375649e-01 1.3325261290e+01 4.6829377763e-03 4.9890004784e-03
6.9757408633e+01 6.1610943893e+01 5.7049359126e+01 8.8321721090e-01 1.2097222542e-01 5.8362414142e+02 3.4875024561e+00 -9.8083943781e-01 1.5307787680e+01 1.0834884431e-02 1.0000000000e+00
4.6686575715e+01 3.3605751378e+01 3.4389714451e+01 7.1981615408e-01 7.6008923212e-02 3.5589834440e+02 5.8677338189e+00 9.1924052702e-01 8.9715324394e+00 1.2548492767e-02 1.9276351984e-02
7.3794007670e+01 7.3620004646e+01 6.4165622090e+01 9.9764204400e-01 1.4446750311e-01 7.0742653921e+02 1.9523700967e+00 -7.3389698013e-01 9.9961446966e+00 1.2352895462e-02 1.0000000000e+00
2.6513955914e+01 2.1238050367e+01 2.0632658077e+01 8.0101401828e-01 2.3366875582e-02 1.0537718373e+02 2.5215330853e+01 9.4059855890e-01 9.2393745082e+00 1.0314065995e-02 1.1004250781e-02
3.4267331252e+01 2.5090416627e+01 2.5464632354e+01 7.3219640135e-01 1.7827820276e-02 8.0066901063e+01 1.4814381043e+01 -8.7121129585e-01 1.7271282579e+01 1.1076615912e-02 1.2464153470e-02
1.1454799806e+01 1.1167149487e+01 9.8458200736e+00 9.7488822817e-01 1.1044175133e-02 4.9348538013e+01 4.2153138355e+00 -6.0696168726e-01 1.0946843145e+01 3.2273477137e-02 9.8458904652e-02
8.4713738623e+01 6.9156320913e+01 6.6564184145e+01 8.1635307375e-01 5.8106552554e-02 2.6870635801e+02 6.8953902154e-01 -3.7530829931e-01 1.2387997878e+01 1.8732895659e-02 1.0000000000e+00
8.1258808406e+01 6.5167777858e+01 6.3272942185e+01 8.0197801490e-01 1.4081331873e-01 6.8796063423e+02 3.2315873583e+00 6.9144708330e-01 1.0788819833e+01 1.0336402146e-02 1.0000000000e+00
3.8617215524e+01 2.6754413400e+01 2.7888680841e+01 6.9281052600e-01 3.8200341401e-02 1.7415597832e+02 4.6936095409e+00 -4.3110998037e-01 8.6314477850e+00 1.5905137264e-02 3.2578747510e-02
6.0209077525e+01 5.9427019261e+01 5.2073300559e+01 9.8701095755e-01 1.6712795416e-01 8.2984359902e+02 2.1556975121e+00 -9.8083564020e-01 9.0102720348e+00 1.3396514701e-02 1.0000000000e+00
9.5629193687e+00 9.0331843031e+00 8.0904825844e+00 9.4460529833e-01 2.4612768448e-03 1.0926179621e+01 2.3172482969e+02 6.6302453595e-01 1.0170146300e+01 8.1640331219e-03 8.2175163649e-03
4.8010335856e+01 2.0435401671e+01 2.6789306558e+01 4.2564588034e-01 2.7599550239e-02 1.2485525192e+02 1.0601330531e+01 8.7846866815e-01 1.3514782303e+01 1.2093297625e-02 1.4444186177e-02
5.2795369974e+01 3.4033199512e+01 3.6725409008e+01 6.4462469964e-01 9.8376197687e-02 4.6764433539e+02 5.1121091062e+00 -9.9631432474e-01 8.8141515939e+00 1.2520512433e-02 2.2184102992e-02
3.3429944127e+01 2.0081387877e+01 2.2411373475e+01 6.0070061143e-01 2.3838841554e-02 1.0754321882e+02 9.6425227911e+00 -5.3688439574e-01 8.7646048661e+00 1.4041441461e-02 1.7166458216e-02
1.7870335375e+01 1.7581562148e+01 1.5430720359e+01 9.8384063751e-01 1.1400256771e-02 5.0953309579e+01 4.8673936883e+01 -9.7185041766e-01 1.1143119965e+01 9.7356796980e-03 1.0053843494e-02
5.4333267428e+01 5.1506853584e+01 4.6049873410e+01 9.4798005020e-01 8.3792753767e-02 3.9443566050e+02 6.8893770250e+00 -9.8186509681e-01 1.1381982744e+01 9.8004063618e-03 1.3575629754e-02
4.5495643882e+01 2.5051581690e+01 2.9133119649e+01 5.5063693032e-01 3.2738790020e-02 1.4866405854e+02 1.0806897213e+00 4.9156999614e-01 9.9731607552e+00 2.6933756775e-02 1.0000000000e+00
5.8673051020e+01 4.3987764255e+01 4.4134823578e+01 7.4970984958e-01 1.1362939261e-01 5.4559946199e+02 5.2525102742e+00 -9.2727667428e-01 8.7955621978e+00 1.0954229906e-02 1.8752166770e-02
2.9584928809e+01 2.3678119708e+01 2.3012586837e+01 8.0034398124e-01 4.5924861292e-02 2.1054219875e+02 5.9604403514e-01 -9.9636696831e-01 8.0771416280e+00 3.8705720764e-02 1.0000000000e+00
6.3948985574e+01 5.0598773078e+01 4.9452342486e+01 7.9123652429e-01 1.6600497389e-01 8.2370856324e+02 2.4753333754e+00 -8.9269263159e-01 8.0307764369e+00 1.3144787263e-02 1.0000000000e+00
4.2152293285e+01 3.5428707148e+01 3.3616680918e+01 8.4049299307e-01 5.4492383175e-02 2.5135040702e+02 1.0910455716e+01 9.4384633941e-01 9.5355310838e+00 1.0214820385e-02 1.2122908033e-02
4.3967566558e+01 3.8277995639e+01 3.5696569054e+01 8.7059618340e-01 7.1476851021e-02 3.3363439539e+02 1.2403223960e+00 -7.6943344715e-01 8.7154406733e+00 2.2014786616e-02 1.0000000000e+00
3.5915196661e+01 2.8347236398e+01 2.7738434816e+01 7.8928250526e-01 6.4111843387e-02 2.9772893214e+02 2.5628190846e+00 7.6990112484e-01 8.4868962140e+00 1.9717790327e-02 1.0000000000e+00
1.0085544509e+01 9.2275839570e+00 8.3965695087e+00 9.1493165775e-01 1.2221991503e-03 5.4204811055e+00 1.0233573703e+03 8.0087336935e-01 9.3403314276e+00 4.5736747140e-03 4.5803967109e-03
3.2891408698e+01 3.0632604485e+01 2.7629450851e+01 9.3132540374e-01 5.0967547660e-02 2.3450400288e+02 4.8246522352e+00 -9.3347071733e-01 1.1395521915e+01 1.5713394469e-02 3.0476718483e-02
4.1003795271e+01 3.9551944144e+01 3.5057087907e+01 9.6459227451e-01 2.6193420156e-02 1.1837133178e+02 3.2124417890e+01 9.7297646205e-01 1.2622825120e+01 6.7507861913e-03 7.0959614924e-03
7.6436301218e+01 6.3565774714e+01 6.0629908033e+01 8.3161761757e-01 1.4794340010e-01 7.2601409084e+02 7.2812381178e+00 -9.7097269749e-01 8.4953008927e+00 7.7976576633e-03 1.0514217867e-02
7.5811437952e+01 7.5723458068e+01 6.5959381204e+01 9.9883949063e-01 6.1852794097e-02 2.8678444314e+02 8.0304452524e+00 6.4481618593e-01 1.4230952258e+01 7.4869568322e-03 9.6956137043e-03
4.1714442934e+01 2.5927716246e+01 2.8469965156e+01 6.2155249892e-01 4.9575094052e-02 2.2787097534e+02 1.9414561235e+00 -9.7583728501e-01 1.3072948499e+01 2.1714389210e-02 1.0000000000e+00
4.0036396042e+01 3.2943735046e+01 3.1586082111e+01 8.2284466892e-01 5.9258272697e-03 2.6375751243e+01 1.3612774800e+02 9.8701534228e-01 1.8271973583e+01 4.2452392530e-03 4.2929853493e-03
3.6967731723e+01 3.5886934504e+01 3.1707647759e+01 9.7076376699e-01 1.4750192378e-02 6.6092300739e+01 8.0240813106e+01 -7.0293766643e-01 8.3875418123e+00 5.1353555554e-03 5.2347801108e-03
9.6222997330e+00 8.8809960095e+00 8.0462684038e+00 9.2295981792e-01 1.2386847717e-03 5.4936646170e+00 7.7478229052e+02 -9.3751778891e-01 1.3161639364e+01 5.2136968514e-03 5.2238266872e-03
3.9277621637e+01 3.7034021260e+01 3.3199341645e+01 9.4287840547e-01 3.8968177404e-02 1.7775549493e+02 1.2307918235e+01 -6.3511513737e-01 8.8242973149e+00 9.9315994041e-03 1.1508768110e-02
4.3891674843e+01 2.6842659934e+01 2.9702880423e+01 6.1156608925e-01 1.9879217485e-02 8.9416801917e+01 4.3303980699e+01 7.5936298245e-01 9.8141926751e+00 6.7201774690e-03 6.9689118832e-03
7.2989571110e+01 3.6245433242e+01 4.4242137190e+01 4.9658372684e-01 6.9939636257e-02 3.2611203411e+02 5.3223792821e+00 6.3118686406e-01 1.0016679889e+01 1.1159222874e-02 1.8811140200e-02
8.0267772499e+01 7.1101231041e+01 6.5742105404e+01 8.8580047543e-01 1.2920767545e-01 6.2665113492e+02 1.2571428713e+00 -8.8954379822e-01 1.2193249579e+01 1.4471568694e-02 1.0000000000e+00
7.9879752015e+01 7.7508989787e+01 6.8498102016e+01 9.7032086144e-01 7.7265409391e-02 3.6209361504e+02 6.1881702836e+00 -7.7361457131e-01 1.6154597301e+01 7.9906868982e-03 1.1800204708e-02
3.6778102220e+01 2.7551617633e+01 2.7654099356e+01 7.4913103095e-01 4.6489819639e-02 2.1321860439e+02 6.4902661472e+00 9.3027288518e-01 1.0729800785e+01 1.4089261310e-02 2.0178761256e-02
3.0184161185e+01 2.9990044107e+01 2.6192180613e+01 9.9356890930e-01 2.8191662256e-02 1.2758949289e+02 5.4107661665e+00 4.7989187221e-01 1.0569974136e+01 1.5777751866e-02 2.6119900635e-02
2.8643396531e+01 1.9359081905e+01 2.0421744167e+01 6.7586544368e-01 7.2915359740e-03 3.2488209241e+01 2.9706342026e+01 2.9392126495e-01 1.2716454134e+01 9.8587599383e-03 1.0408199965e-02
3.6024599192e+01 3.3287076443e+01 3.0141412942e+01 9.2400962646e-01 7.0099450021e-02 3.2689339103e+02 3.5299350427e+00 8.7839605276e-01 1.0550045285e+01 1.6544013775e-02 1.0000000000e+00
7.6885489532e+01 7.4452131052e+01 6.5863306551e+01 9.6835087486e-01 2.3192525978e-01 1.1955076140e+03 3.6822835069e+00 7.6913265973e-01 8.0482510474e+00 9.1486992944e-03 1.0000000000e+00
6.2814419191e+01 4.8880323003e+01 4.8162553374e+01 7.7817042062e-01 6.7720746884e-02 3.1528011510e+02 4.9163383540e+00 -6.0405202809e-01 1.1605259813e+01 1.0916303228e-02 2.0496056199e-02
3.9140646347e+01 3.5094132475e+01 3.2254923689e+01 8.9661606923e-01 7.0968168469e-02 3.3114351329e+02 3.9258721813e+00 -9.2299796068e-01 1.2212479326e+01 1.5230417943e-02 1.0000000000e+00
2.1239189560e+01 2.0029393977e+01 1.7953930412e+01 9.4303946585e-01 8.7243355590e-03 3.8914475236e+01 6.1447783661e+01 -8.4151763859e-01 1.3424614745e+01 8.1287428854e-03 8.3365381360e-03
3.0230181300e+01 1.8738131966e+01 2.0602370740e+01 6.1984848125e-01 8.7755019764e-03 3.9144218297e+01 3.6082928185e+01 8.3140575737e-01 1.8994539860e+01 9.1067360612e-03 9.5169582748e-03
6.9590199717e+01 4.7386119877e+01 4.9808096914e+01 6.8093093668e-01 3.3499072401e-02 1.5220099523e+02 6.3534377278e+00 8.3578931671e-01 2.7292672763e+01 9.9091448453e-03 1.4380565070e-02
3.3291568293e+01 2.0911823662e+01 2.2847064327e+01 6.2814174082e-01 1.2257991918e-02 5.4822406105e+01 5.2144704326e+01 6.6642367477e-01 1.0498744698e+01 7.4197778539e-03 7.6452032337e-03
4.7497126687e+01 3.3447876114e+01 3.4592625238e+01 7.0420841106e-01 3.6080427896e-02 1.6423806745e+02 1.0354732278e+01 -5.6945555631e-01 9.8659353383e+00 1.0345656274e-02 1.2424349257e-02
1.6109019735e+01 1.5079596836e+01 1.3566758186e+01 9.3609649028e-01 2.1039577762e-02 9.4717923745e+01 2.2804470808e+00 8.5031208651e-01 1.0874864579e+01 3.3053243307e-02 1.0000000000e+00
3.5656023873e+01 3.1448039237e+01 2.9139770517e+01 8.8198390683e-01 5.7704767830e-02 2.6677278803e+02 6.4184601750e+00 -8.6917038850e-01 8.7262272893e+00 1.3601993270e-02 1.9613812626e-02
7.0607133421e+01 5.9493459222e+01 5.6381266323e+01 8.4259842228e-01 1.2816486075e-01 6.2118075384e+02 1.8148499043e+00 6.0589321137e-01 8.0400231214e+00 1.3888756190e-02 1.0000000000e+00
3.4744350066e+01 3.4187126652e+01 3.0002991524e+01 9.8396218627e-01 6.0356909652e-02 2.7955510780e+02 3.4067864956e+00 -9.6750353325e-01 1.3185424568e+01 1.6910482734e-02 1.0000000000e+00
2.6796404840e+01 1.2129637373e+01 1.5456336311e+01 4.5265913264e-01 8.3544375691e-03 3.7254115848e+01 8.5584353885e+01 6.0956360121e-01 8.0188401304e+00 7.8853866614e-03 8.0282022632e-03
6.0713102205e+01 5.8605654322e+01 5.1926783539e+01 9.6528841706e-01 1.1452282114e-01 5.5020889702e+02 4.7456546463e+00 -6.8260613494e-01 8.6150375665e+00 1.0274470552e-02 2.0566900758e-02
3.6389056744e+01 3.2460994435e+01 2.9910158714e+01 8.9205374744e-01 1.8730565480e-02 8.4177996689e+01 1.8911870735e+01 -5.7504198830e-01 1.2702264697e+01 9.1352728873e-03 9.9867093438e-03
2.9432331327e+01 2.2320776124e+01 2.2270659958e+01 7.5837608228e-01 2.7012510494e-03 1.1993681881e+01 7.7439136797e+01 -2.0837067380e-01 2.1385590205e+01 6.5387563071e-03 6.6701024471e-03
4.1966006304e+01 1.8504705459e+01 2.3867057252e+01 4.4094511460e-01 2.4136614320e-02 1.0891057320e+02 1.9470545581e+01 -9.9349253688e-01 1.2206739303e+01 1.0370649766e-02 1.1304676839e-02
5.2476301310e+01 4.4449981221e+01 4.2015793319e+01 8.4704866980e-01 9.1010209599e-02 4.3050403949e+02 3.2412599317e+00 7.4463908729e-01 1.0492164223e+01 1.3712832812e-02 1.0000000000e+00
5.8776473730e+01 5.1807863070e+01 4.8019850132e+01 8.8143877613e-01 1.0469806787e-01 4.9978343440e+02 4.8725410615e+00 -8.0806246011e-01 9.6922614090e+00 1.0742297630e-02 2.0474381610e-02
5.0412753411e+01 4.5703192153e+01 4.1776599147e+01 9.0657996360e-01 9.7154840860e-02 4.6146318094e+02 6.5610230768e+00 -9.9069156210e-01 9.1090970146e+00 1.0527027970e-02 1.4980111792e-02
2.9739260136e+01 2.5830356285e+01 2.4116198729e+01 8.6856082387e-01 2.5526008157e-02 1.1529834676e+02 1.3963131608e+01 7.1862764168e-01 9.7886297172e+00 1.1661850594e-02 1.3235415654e-02
3.6921294554e+01 2.1038847594e+01 2.4074286922e+01 5.6982962944e-01 4.5892424377e-02 2.1038859635e+02 9.7398736431e+00 9.9057084987e-01 8.3459694327e+00 1.3199666727e-02 1.6094670410e-02
3.0832583832e+01 2.1726249429e+01 2.2462995294e+01 7.0465224543e-01 9.9128691142e-03 4.4255679504e+01 8.4446328622e+01 7.7979370868e-01 1.1060097238e+01 6.2677002785e-03 6.3827990896e-03
8.0832511794e+01 7.6780935024e+01 6.8578033783e+01 9.4987689136e-01 2.4282636072e-01 1.2592083295e+03 4.3191280666e+00 -8.8708145674e-01 8.0548678256e+00 8.3565118633e-03 2.2197889706e-02
4.3228935208e+01 8.5336331874e+00 1.5752226294e+01 1.9740558370e-01 8.7894085151e-03 3.9206663294e+01 9.4526939797e+01 -8.3835478383e-01 9.6111209185e+00 7.5053916306e-03 7.6280761192e-03
5.6027064567e+01 5.2417291620e+01 4.7171759632e+01 9.3557090712e-01 3.0157569575e-02 1.3668418777e+02 3.8905453263e+01 9.6765207934e-01 1.1305118613e+01 5.2065582180e-03 5.4227511852e-03
6.0637944756e+01 5.9136386343e+01 5.2129889276e+01 9.7523731354e-01 7.7626670849e-02 3.6387668533e+02 2.6634332063e+00 -5.9835885248e-01 1.2803658316e+01 1.2998944980e-02 1.0000000000e+00
9.2859479783e+00 8.4022826551e+00 7.6877144149e+00 9.0483843703e-01 6.8368764707e-03 3.0451905677e+01 1.9118436515e+01 -7.1068983259e-01 8.0869192349e+00 2.1424139175e-02 2.3395532833e-02
2.0319432273e+01 1.9835085278e+01 1.7476743104e+01 9.7616335984e-01 4.0377396911e-03 1.7946066978e+01 2.0247795157e+01 -9.2540138857e-01 4.6480796665e+01 1.2571801167e-02 1.3653413476e-02
2.9541160095e+01 1.9248913094e+01 2.0664931065e+01 6.5159638388e-01 2.3910767514e-02 1.0787344462e+02 9.4958267872e+00 9.3820172526e-01 1.2605332560e+01 1.4856308343e-02 1.8237836162e-02
3.5409571976e+01 2.9766738336e+01 2.8241853897e+01 8.4064100962e-01 8.0909390469e-03 3.6071913825e+01 1.2129912853e+02 -5.5694837831e-01 8.8370796338e+00 4.7476483276e-03 4.8077251045e-03
3.2735015588e+01 1.8393681869e+01 2.1187308388e+01 5.6189623063e-01 1.6549839657e-02 7.4256283737e+01 1.0310575927e+01 4.7865349535e-01 1.0665801214e+01 1.4245800435e-02 1.7125453436e-02
3.5543644531e+01 3.5336749899e+01 3.0852325928e+01 9.9417913850e-01 7.3496491275e-02 3.4354005318e+02 3.1318996702e+00 -7.5401592651e-01 8.7820933139e+00 1.7019134291e-02 1.0000000000e+00
3.2521369382e+01 1.7910712286e+01 2.0827043787e+01 5.5073671947e-01 1.7037715217e-02 7.6473229429e+01 1.9472324352e+01 9.2421243081e-01 1.3759874370e+01 1.1341255633e-02 1.2362590314e-02
4.6177662987e+01 4.1191009025e+01 3.7955042442e+01 8.9201155625e-01 4.3054350222e-02 1.9697548614e+02 1.0288298791e+01 5.3736931948e-01 8.8620789549e+00 9.7455564687e-03 1.1721563429e-02
5.6915335107e+01 4.4712703217e+01 4.3852405971e+01 7.8560028037e-01 4.5097638750e-02 2.0662707866e+02 1.3610525981e+01 -6.3094381144e-01 9.7126542066e+00 8.0075326719e-03 9.1237132270e-03
7.4251985614e+01 7.3011947898e+01 6.4097623075e+01 9.8329960195e-01 9.8807983307e-02 4.6983172801e+02 6.6707447983e+00 8.8468384811e-01 1.2796147106e+01 7.9983985150e-03 1.1274083951e-02
2.9596974119e+01 2.0431809878e+01 2.1334796340e+01 6.9033441716e-01 2.5050455609e-02 1.1311054350e+02 5.2803363152e+00 -6.9840160421e-01 1.2198477587e+01 1.8135375762e-02 3.0851631027e-02
5.6072428268e+01 5.0173877716e+01 4.6160813172e+01 8.9480479562e-01 4.4215416411e-02 2.0245653224e+02 2.2597889975e+01 -7.8103735442e-01 9.2178236149e+00 6.4155008175e-03 6.9017169708e-03
3.6481404587e+01 1.4977534017e+01 1.9962501166e+01 4.1055255922e-01 2.2641567173e-02 1.0205134111e+02 1.5154810018e+01 8.7405481422e-01 1.0189615063e+01 1.2749783475e-02 1.4302466156e-02
6.9046052420e+01 5.0685879800e+01 5.1377563839e+01 7.3408801841e-01 9.0402354230e-02 4.2745398705e+02 4.6414655083e+00 9.0080189796e-01 1.3827533629e+01 1.0573040364e-02 2.2207801759e-02
2.0772804497e+01 1.9745067995e+01 1.7629619286e+01 9.5052490374e-01 2.3003219801e-02 1.0370923358e+02 1.1610080208e+01 -9.7654839889e-01 1.0478218146e+01 1.5224133251e-02 1.7837123580e-02
7.2299986771e+01 7.1765245726e+01 6.2707516275e+01 9.9260385695e-01 1.6773073988e-01 8.3313963760e+02 4.0782265173e+00 9.7216775716e-01 1.2055150435e+01 9.3881505119e-03 4.1352240919e-02
2.7131533812e+01 2.1226128182e+01 2.0859986267e+01 7.8234162243e-01 3.1645696814e-02 1.4358548821e+02 7.7237707989e+00 7.5255207642e-01 8.5196515949e+00 1.5883889536e-02 2.0882104825e-02
3.9009672325e+01 3.3919345378e+01 3.1651317019e+01 8.6951115857e-01 4.1443892418e-02 1.8938747357e+02 5.5324021850e+00 4.5066369847e-01 8.6995642178e+00 1.3789889922e-02 2.2317146664e-02
8.0199878308e+01 6.2523292920e+01 6.1550336839e+01 7.7959336397e-01 1.7216708374e-01 8.5746011554e+02 3.7736173098e+00 -6.3439332408e-01 8.3718891340e+00 9.7554897067e-03 1.0000000000e+00
8.2465547355e+01 7.8434242716e+01 7.0009319572e+01 9.5111528672e-01 2.2532883107e-01 1.1572594217e+03 4.0434759213e+00 -9.7381420873e-01 1.0677942369e+01 8.5311455578e-03 4.6687124601e-02
6.2995365053e+01 6.0494867312e+01 5.3739021419e+01 9.6030663940e-01 2.0136039407e-02 9.0589324487e+01 4.1865532775e+00 6.6029703786e-01 5.3377235696e+01 1.1139920895e-02 3.5770685175e-02
2.6952337372e+01 2.4677794199e+01 2.2447140094e+01 9.1560868573e-01 1.2345263860e-02 5.5216351796e+01 4.4706878126e+01 4.8735770834e-01 8.8821238598e+00 7.9473862137e-03 8.2316950617e-03
3.3197231052e+01 1.2004084258e+01 1.6952288052e+01 3.6159896104e-01 1.4458125266e-02 6.4769400969e+01 4.1837914037e+01 9.3992070072e-01 9.9627818208e+00 9.6976823401e-03 1.0070105443e-02
3.0419437959e+01 2.8016519748e+01 2.5409913668e+01 9.2100714635e-01 2.3246721417e-02 1.0482598545e+02 2.4921858587e+00 -2.2879612928e-01 1.0568349846e+01 2.1569414837e-02 1.0000000000e+00
2.8038685379e+01 2.6106775303e+01 2.3550173802e+01 9.3109840744e-01 1.0140958631e-02 4.5281788909e+01 5.5320809122e+01 4.0983864565e-01 9.1503303913e+00 7.1302127048e-03 7.3337418980e-03
2.3895105731e+01 1.7232938234e+01 1.7618679757e+01 7.2119112709e-01 3.0164236403e-03 1.3396290396e+01 3.5012167839e+00 6.8113069707e-01 9.6631168520e+01 2.4170617102e-02 1.0000000000e+00
3.4373995989e+01 1.8043689014e+01 2.1460391765e+01 5.2492264849e-01 1.9631582070e-02 8.8286636182e+01 3.6823301777e+01 -9.4673671717e-01 9.9427822571e+00 8.7513316449e-03 9.1369619311e-03
2.4003580328e+01 1.9224021686e+01 1.8677551166e+01 8.0088142782e-01 1.3839879519e-02 6.1970980030e+01 2.0890652744e+01 -9.2386830347e-01 1.4550629195e+01 1.1847669306e-02 1.2830616219e-02
2.3700205067e+01 1.0508809783e+01 1.3519333061e+01 4.4340585888e-01 2.1553630250e-02 9.7069241287e+01 6.7838027485e+00 9.1905731187e-01 9.1601694466e+00 2.2003056522e-02 3.0728831532e-02
3.0254444046e+01 2.4946600924e+01 2.3894110842e+01 8.2455988568e-01 3.5521550933e-02 1.6162827958e+02 7.6973589510e+00 -8.3370942496e-01 9.8449601169e+00 1.4575931910e-02 1.9189123036e-02
4.6162821138e+01 4.2900298581e+01 3.8735753937e+01 9.2932575444e-01 2.6511736175e-02 1.1983800087e+02 9.4922217316e+00 -7.6712426112e-01 1.9933722582e+01 1.0016945995e-02 1.2298234277e-02
4.2275894150e+01 3.9272867113e+01 3.5467270913e+01 9.2896597228e-01 9.1557188846e-02 4.3325057072e+02 3.3675436661e+00 -7.8382888901e-01 8.9141252388e+00 1.5023006773e-02 1.0000000000e+00
2.4812165581e+01 1.6609888126e+01 1.7602424950e+01 6.6942516854e-01 2.7127972048e-02 1.2267926434e+02 3.0657453993e+00 5.5921163532e-01 9.0510784158e+00 2.5045029629e-02 1.0000000000e+00
1.3150921614e+01 8.7948992149e+00 9.3248502883e+00 6.6876675815e-01 7.2190980105e-03 3.2163684683e+01 6.4987743468e+01 -9.2787581985e-01 8.6502759243e+00 1.1998592642e-02 1.2287856864e-02
2.6948150209e+01 2.4202547782e+01 2.2226123056e+01 8.9811536578e-01 3.2350707684e-02 1.4686010883e+02 1.1186738722e+01 -7.8806294653e-01 8.2155969040e+00 1.3280825594e-02 1.5677955882e-02
9.4484547935e+00 5.4347452389e+00 6.1913410019e+00 5.7519936939e-01 2.2849462310e-03 1.0142038820e+01 3.0612601843e+02 9.9329482947e-01 1.0807472135e+01 8.6940712381e-03 8.7370583829e-03
6.2337769468e+01 5.7636944913e+01 5.2173909651e+01 9.2459106903e-01 1.7493677686e-02 7.8546596319e+01 4.3856176186e+01 4.1637035740e-01 9.6683543228e+00 4.7102452326e-03 4.8822407753e-03
3.5090346013e+01 2.3372076861e+01 2.4828793238e+01 6.6605432880e-01 1.5948014097e-02 7.1523730933e+01 1.8734722085e+01 6.9413865684e-01 1.4112172746e+01 1.0316587983e-02 1.1288872711e-02
1.6387244887e+01 1.6230055886e+01 1.4197306941e+01 9.9040784449e-01 1.8916108080e-02 8.5023629530e+01 4.8251014112e+00 -9.7572494461e-01 1.3787468188e+01 2.4287934111e-02 4.7099385873e-02
3.1713477101e+01 1.6725324029e+01 1.9848713531e+01 5.2738852873e-01 6.3272505974e-03 2.8171081119e+01 5.8961792157e+01 5.7825924965e-01 1.5216096433e+01 7.7653671029e-03 7.9726585158e-03
2.5890003270e+01 2.0620002899e+01 2.0088301453e+01 7.9644651583e-01 1.4772458225e-02 6.6193175933e+01 6.3382666697e+00 -7.2602132874e-02 8.7391688064e+00 1.7695460638e-02 2.5719679237e-02
3.2993469948e+01 2.2232470321e+01 2.3486635336e+01 6.7384456245e-01 1.1598897503e-02 5.1848904268e+01 2.8610748636e+01 -9.5096982624e-01 2.0532633373e+01 9.1375352369e-03 9.6684245764e-03
4.3894436917e+01 3.6524528747e+01 3.4827697642e+01 8.3209926617e-01 2.6885918197e-02 1.2156293353e+02 2.5048801568e+01 5.1256247634e-01 8.3144094607e+00 7.4382587783e-03 7.9397371555e-03
4.4017781610e+01 1.9054164765e+01 2.4785837265e+01 4.3287426283e-01 3.8613844176e-02 1.7609394871e+02 1.8226941363e+01 -9.7979068551e-01 8.0856796619e+00 1.0291815833e-02 1.1293871750e-02
3.2311896392e+01 2.6535222833e+01 2.5466312877e+01 8.2122146316e-01 2.2921683145e-02 1.0333537646e+02 4.1496184167e+01 8.1718004668e-01 8.2336561397e+00 7.5039062175e-03 7.7946264341e-03
8.3247738816e+01 8.0644720159e+01 7.1327538503e+01 9.6873165933e-01 1.3878049094e-01 6.7716514688e+02 9.7324155905e-01 9.9170421552e-01 1.3162214269e+01 1.5058344074e-02 1.0000000000e+00
3.4233426429e+01 2.9017665084e+01 2.7419156815e+01 8.4764127084e-01 7.8585437457e-02 3.6861279279e+02 4.0679094691e+00 9.5788586308e-01 8.8955290720e+00 1.6561078223e-02 7.6847361773e-02
2.1620001632e+01 2.0724336709e+01 1.8426495567e+01 9.5857239335e-01 1.6185762558e-02 7.2602924284e+01 2.0489185576e+01 9.0912564554e-01 1.2148258392e+01 1.2018190230e-02 1.3038004686e-02
8.2509576902e+01 4.4636939298e+01 5.2342970774e+01 5.4099100945e-01 1.0579126192e-01 5.0536554057e+02 3.3099133128e+00 5.6839819606e-01 9.7144000926e+00 1.1759999672e-02 1.0000000000e+00
6.5552692942e+01 5.0426202434e+01 4.9965735728e+01 7.6924684816e-01 1.0086302759e-01 4.8025795484e+02 4.5225034170e+00 -8.3913822076e-01 1.1500279690e+01 1.0799413521e-02 2.4259611091e-02
6.8529641683e+01 4.2316145654e+01 4.6610836829e+01 6.1748674901e-01 1.0535901359e-01 5.0315751667e+02 1.0330367073e+00 9.2722935403e-01 9.5183247157e+00 1.9571919671e-02 1.0000000000e+00
3.1801169622e+01 2.5317553001e+01 2.4669661779e+01 7.9612018369e-01 3.5161472773e-02 1.5994790465e+02 3.1246585842e+00 8.3943752750e-01 1.4956481218e+01 2.0039538667e-02 1.0000000000e+00
7.7971352712e+01 6.7489485518e+01 6.3118038587e+01 8.6556771392e-01 1.2749952219e-01 6.1769386867e+02 2.0194895137e+00 -7.8272399374e-01 1.1735022727e+01 1.2439028960e-02 1.0000000000e+00
4.1796666233e+01 2.2734059010e+01 2.6591195712e+01 5.4392039028e-01 4.4070880805e-02 2.0177374681e+02 1.2672204226e+01 9.3472219585e-01 8.3958595862e+00 1.1250809612e-02 1.2970441986e-02
4.2501466615e+01 3.0966692329e+01 3.1503543820e+01 7.2860291175e-01 7.5960991078e-02 3.5566220386e+02 1.6624868469e+00 -9.6990747443e-01 9.3788811579e+00 2.1271051104e-02 1.0000000000e+00
3.9730362394e+01 2.8753964278e+01 2.9347689471e+01 7.2372771214e-01 3.4508367114e-02 1.5690222507e+02 3.8267273732e+00 5.9813870333e-01 1.5081834646e+01 1.6669323316e-02 1.0000000000e+00
1.7921818854e+01 1.3227743203e+01 1.3373045249e+01 7.3808039859e-01 7.7274253325e-03 3.4441756163e+01 1.8505795739e+01 9.0012125858e-01 1.7645766820e+01 1.5335465430e-02 1.6801934555e-02
3.1283146005e+01 2.6782702312e+01 2.5183421501e+01 8.5613839182e-01 1.4414842890e-02 6.4573404741e+01 2.3529431958e+01 -9.0473487535e-01 1.8346120414e+01 9.3969084557e-03 1.0076986639e-02
3.6288271119e+01 3.3774335737e+01 3.0472956930e+01 9.3072319778e-01 4.6166270588e-03 2.0528042400e+01 5.3230571525e+01 8.8165482429e-01 4.3273376633e+01 6.1789327693e-03 6.3626174784e-03
4.3130560408e+01 2.8803563926e+01 3.0559891274e+01 6.6782262168e-01 3.1070354247e-02 1.4091556799e+02 3.1617233318e+01 8.7326602917e-01 8.6863880579e+00 7.3777549891e-03 7.7616331852e-03
3.0141275387e+01 2.6852940244e+01 2.4758591024e+01 8.9090258789e-01 3.1216851069e-02 1.4159519100e+02 1.2631164486e+01 -7.5536859287e-01 8.9411609928e+00 1.1870172138e-02 1.3692169478e-02
9.3268569120e+00 8.9587280699e+00 7.9573274386e+00 9.6053023590e-01 1.0221848169e-03 4.5327180351e+00 1.1064179036e+02 9.9665762276e-01 4.5977271157e+01 1.0894171619e-02 1.1045646121e-02
5.0588580001e+01 4.3754416724e+01 4.0935745064e+01 8.6490699529e-01 8.8021015564e-02 4.1552695488e+02 2.5045137726e+00 7.3472933123e-01 9.7277075293e+00 1.5379314187e-02 1.0000000000e+00
3.7129939058e+01 3.5449801633e+01 3.1582008421e+01 9.5474979307e-01 5.5006350565e-03 2.4475305080e+01 2.2112878005e+02 -6.5867113810e-01 8.7937296936e+00 3.5402991260e-03 3.5646173123e-03
4.6991607706e+01 4.1004328251e+01 3.8195964418e+01 8.7258832487e-01 1.3461677199e-01 6.5512828415e+02 3.3992519967e+00 9.4130857520e-01 8.0532834804e+00 1.3951159632e-02 1.0000000000e+00
3.8834996206e+01 3.6168546442e+01 3.2622424760e+01 9.3133899770e-01 6.5240524791e-02 3.0320920240e+02 4.3464834978e+00 6.2766675667e-01 8.4307832482e+00 1.4605503431e-02 3.7708333211e-02
3.8342873772e+01 2.3822068503e+01 2.6163110199e+01 6.2129063784e-01 5.4586680822e-02 2.5180218185e+02 4.7677626646e+00 -8.4315045087e-01 9.1208518819e+00 1.6295604459e-02 3.2320519989e-02
3.8310377836e+01 3.2529916324e+01 3.0711678844e+01 8.4911499601e-01 3.2710518604e-02 1.4853260920e+02 3.0558274367e+00 4.2024363432e-01 1.2706128562e+01 1.7648023948e-02 1.0000000000e+00
3.6584426465e+01 2.9203581594e+01 2.8419083873e+01 7.9825172665e-01 2.4078382463e-02 1.0864312986e+02 2.6253861231e+01 7.4251197779e-01 9.9443274443e+00 8.3130186200e-03 8.8446200673e-03
6.2233193958e+01 4.3608559195e+01 4.5208999109e+01 7.0072828376e-01 6.0109820207e-02 2.7836233854e+02 3.2119327083e+00 -5.8213837799e-01 1.4102971311e+01 1.3382075788e-02 1.0000000000e+00
4.2334141181e+01 3.6234068999e+01 3.4074959201e+01 8.5590655648e-01 7.7011519208e-02 3.6084098181e+02 1.8289588843e+00 -9.1034670096e-01 9.8439916081e+00 1.9529200155e-02 1.0000000000e+00
2.9211920567e+01 2.6705929035e+01 2.4310315136e+01 9.1421339356e-01 2.1001417187e-02 9.4543444232e+01 4.9278903414e+00 -3.5804197270e-01 1.1614523205e+01 1.7195399545e-02 3.2162434461e-02
3.0238076150e+01 2.2801764051e+01 2.2813563137e+01 7.5407456276e-01 5.8382876241e-02 2.7003675005e+02 3.0047530840e+00 -9.6227964543e-01 9.3018867913e+00 2.1060563808e-02 1.0000000000e+00
4.1110061428e+01 3.7949877508e+01 3.4379836548e+01 9.2312869866e-01 3.9365313671e-02 1.7961872626e+02 4.3511583137e+00 -9.0808119231e-01 2.0195948279e+01 1.4347422726e-02 3.6871186921e-02
3.5734993783e+01 3.3531915082e+01 3.0131869629e+01 9.3834954292e-01 4.4015604963e-02 2.0151265981e+02 1.1381565889e+01 -9.9898822125e-01 1.0795099451e+01 1.0833326143e-02 1.2743299393e-02
3.3463889396e+01 2.9416792598e+01 2.7302322489e+01 8.7906077654e-01 7.5367404665e-02 3.5273905423e+02 3.2956142796e+00 -9.8888376670e-01 9.5755323039e+00 1.8003080115e-02 1.0000000000e+00
4.9184290978e+01 4.0802940795e+01 3.8964988265e+01 8.2959294489e-01 2.0677873379e-02 9.3064511569e+01 7.0039415915e+01 9.6462973044e-01 9.5256288277e+00 4.7335859635e-03 4.8391323815e-03
1.1671194643e+01 1.0927402732e+01 9.8302159808e+00 9.3627114154e-01 8.3781070994e-03 3.7360333539e+01 2.6439097349e+01 9.5566006839e-01 1.0656235838e+01 1.6254054684e-02 1.7285310369e-02
2.9500430296e+01 2.7863138636e+01 2.4956736819e+01 9.4449939732e-01 2.3509648092e-02 1.0603226643e+02 2.8528866437e+00 -1.9733968927e-01 1.0243113827e+01 2.0731905092e-02 1.0000000000e+00
8.7112402408e+00 8.3566681352e+00 7.4273147296e+00 9.5929717286e-01 3.2679139629e-03 1.4515977744e+01 1.2630500455e+02 6.0923682161e-01 8.2954922575e+00 1.0807682166e-02 1.0938900913e-02
2.7955376195e+01 2.6043066035e+01 2.3486495853e+01 9.3159418974e-01 4.0918723464e-02 1.8691667122e+02 8.3838926564e-01 -7.8283628040e-01 8.0992122192e+00 3.3727309525e-02 1.0000000000e+00
2.4107174375e+01 2.1218815344e+01 1.9681174248e+01 8.8018674499e-01 3.8961656129e-03 1.7314958296e+01 3.0933157825e+01 4.3321983769e-01 2.6772102172e+01 9.9580492605e-03 1.0488795990e-02
4.4382944610e+01 3.3260140960e+01 3.3378249870e+01 7.4939013741e-01 8.8990646860e-02 4.2037918293e+02 2.5820777352e+00 -9.8046854586e-01 9.7910394539e+00 1.7263443637e-02 1.0000000000e+00
4.5172730535e+01 4.2903039822e+01 3.8321928334e+01 9.4975529073e-01 3.8920938988e-02 1.7753393637e+02 8.0437871142e+00 -4.3792640589e-01 9.6813262467e+00 1.0650116816e-02 1.3783403750e-02
3.5270834802e+01 2.9802577127e+01 2.8204669820e+01 8.4496375813e-01 8.9427653548e-02 4.2256794272e+02 3.8169321594e+00 9.3345319774e-01 8.2985781671e+00 1.6560681060e-02 1.0000000000e+00
6.5900130321e+01 5.4170296663e+01 5.1963845333e+01 8.2200591106e-01 1.5962829026e-01 7.8900611991e+02 3.8619903145e+00 -7.4940810441e-01 8.4122345076e+00 1.0823157997e-02 1.0000000000e+00
4.6549090796e+01 2.5911264585e+01 2.9979183132e+01 5.5664383863e-01 4.3219244311e-02 1.9775336938e+02 1.3082380060e+01 -9.1408937129e-01 9.4960781057e+00 1.0319676700e-02 1.1833105883e-02
2.5943899943e+01 1.7118323604e+01 1.8267478522e+01 6.5982075330e-01 7.2030307985e-03 3.2091707822e+01 5.0690170925e+00 -3.2588651339e-01 2.2296561345e+01 2.0515261933e-02 3.6775131234e-02
3.0810367616e+01 2.2390058920e+01 2.2807004440e+01 7.2670534799e-01 5.5547686696e-02 2.5640955299e+02 3.3183844577e+00 7.9924849447e-01 8.4164479643e+00 2.0328573971e-02 1.0000000000e+00
1.5732931928e+01 1.5071655633e+01 1.3404767816e+01 9.5796865468e-01 2.1068462243e-02 9.4849997120e+01 5.6184779415e+00 -8.5662419323e-01 9.4025278706e+00 2.3747472258e-02 3.7871224699e-02
5.6821772085e+01 5.4637641370e+01 4.8504348940e+01 9.6156172829e-01 1.0381895003e-01 4.9529968763e+02 2.8588137157e+00 7.4285304203e-01 1.0701581784e+01 1.3044485921e-02 1.0000000000e+00
6.9771279321e+01 5.5581444630e+01 5.4142356589e+01 7.9662355587e-01 5.8912007067e-02 2.7258566910e+02 2.6458085019e+00 5.1960212358e-01 1.5865119433e+01 1.2866582168e-02 1.0000000000e+00
3.5833770749e+01 2.8625240753e+01 2.7846349336e+01 7.9883417666e-01 5.3975774413e-02 2.4887637331e+02 5.2123614857e+00 -9.1247791076e-01 1.0183416406e+01 1.5162942407e-02 2.6200488210e-02
8.4697805048e+01 5.3678645713e+01 5.8397167980e+01 6.3376666825e-01 1.3638703313e-01 6.6448523328e+02 2.3655652482e+00 6.0216261803e-01 8.4113643758e+00 1.2246059322e-02 1.0000000000e+00
3.1543879226e+01 1.3875244563e+01 1.7916191607e+01 4.3987121762e-01 2.8411497414e-02 1.2860523118e+02 4.5500050206e+00 9.6129237401e-01 1.2627148779e+01 2.1344372962e-02 4.7141170228e-02
4.4902354006e+01 4.1217112690e+01 3.7444474388e+01 9.1792765888e-01 9.2389618043e-02 4.3743394483e+02 2.7277793117e+00 8.5372959448e-01 9.6890305728e+00 1.5708653750e-02 1.0000000000e+00
3.7492774750e+01 1.9749820918e+01 2.3451065684e+01 5.2676338441e-01 4.9146745185e-02 2.2583302224e+02 3.9279611281e+00 -9.1636276866e-01 1.1628244476e+01 1.8824948079e-02 1.0000000000e+00
1.9077744825e+01 1.5519773076e+01 1.4963681404e+01 8.1350144991e-01 1.6856327688e-02 7.5648804286e+01 6.3945649897e+00 -5.4948191398e-01 8.8855030762e+00 2.1174118324e-02 3.0603738123e-02
3.7306236009e+01 2.1711527568e+01 2.4597249059e+01 5.8198118842e-01 1.3874757090e-02 6.2128781339e+01 4.6740797381e+00 3.9635555954e-01 1.9286148613e+01 1.7488011030e-02 3.6150119314e-02
6.6504439950e+01 3.6060158594e+01 4.2240345994e+01 5.4222182190e-01 2.1824827137e-02 9.8310425230e+01 2.9602675945e+01 -6.5779715371e-01 1.2815750007e+01 6.2120033393e-03 6.5595460441e-03
3.3893274312e+01 1.8900754737e+01 2.1849356081e+01 5.5765502508e-01 3.8757245350e-02 1.7676628970e+02 4.4827841440e+00 -6.6518363255e-01 8.6898383682e+00 1.8841690473e-02 4.3455317350e-02
4.2225479510e+01 2.7253070590e+01 2.9391643367e+01 6.4541766976e-01 5.1755003178e-02 2.3826060776e+02 5.1248892532e+00 -8.8332952768e-01 1.1098766458e+01 1.4772449914e-02 2.6086634008e-02
6.8209535297e+01 5.4726671556e+01 5.3123968914e+01 8.0233168747e-01 8.1746948179e-02 3.8427052156e+02 5.3129960197e+00 5.5412325125e-01 9.7304771379e+00 9.8919819153e-03 1.6708476188e-02
3.3534561414e+01 3.0433383150e+01 2.7804381544e+01 9.0752292162e-01 7.6764147446e-02 3.5962089568e+02 4.7656752709e+00 -9.6698750720e-01 8.0490541737e+00 1.5487379282e-02 3.0743822842e-02
5.8702940849e+01 5.5929122698e+01 4.9878972371e+01 9.5274822502e-01 3.7863278389e-02 1.7257708435e+02 9.6217275894e+00 1.2567582652e-01 8.6727839816e+00 8.4511307235e-03 1.0337928922e-02
4.0407450644e+01 3.4569104336e+01 3.2516564225e+01 8.5551312406e-01 7.1820711895e-02 3.3531911028e+02 8.7868764858e-01 8.9392943814e-01 8.0835438075e+00 2.6551621589e-02 1.0000000000e+00
3.4002594114e+01 3.3847666838e+01 2.9533449057e+01 9.9544366304e-01 3.4200264842e-02 1.5546639679e+02 1.0867738270e+01 -8.3651266389e-01 1.1615997130e+01 1.1227790371e-02 1.3336483549e-02
2.8951861640e+01 2.8759835335e+01 2.5120308287e+01 9.9336739355e-01 2.9275521937e-02 1.3260050359e+02 3.5991560342e+00 4.8110113670e-01 1.2406951209e+01 1.8858085868e-02 1.0000000000e+00
7.6838307057e+01 5.9274808432e+01 5.8652803185e+01 7.7142262373e-01 1.2361095198e-01 5.9736689169e+02 1.3313710769e+00 -6.5314628821e-01 8.5688325377e+00 1.5257841998e-02 1.0000000000e+00
5.2175897021e+01 5.0226448539e+01 4.4563516757e+01 9.6263699154e-01 2.2234998963e-02 1.0018858242e+02 4.9108404495e+01 9.5841871399e-01 1.2350148716e+01 4.9677065382e-03 5.1285290135e-03
3.3528666744e+01 2.7244537852e+01 2.6283004551e+01 8.1257444740e-01 5.2989484718e-03 2.3574270867e+01 2.5594340553e+02 -9.2257620734e-01 1.0455182848e+01 3.7595456692e-03 3.7818188362e-03
6.6779026203e+01 6.4646331566e+01 5.7197170703e+01 9.6806340616e-01 8.7649119626e-02 4.1366744965e+02 7.2571725477e+00 -7.1678815981e-01 1.0103752923e+01 8.3746824795e-03 1.1309433630e-02
2.9701626767e+01 2.0164337969e+01 2.1225487682e+01 6.7889675295e-01 1.6661782142e-02 7.4764818825e+01 9.9194841503e+00 -7.0169453615e-01 1.4150009003e+01 1.4436634965e-02 1.7520356345e-02
3.3466946017e+01 2.9189783007e+01 2.7196600764e+01 8.7219739117e-01 2.2384542296e-02 1.0087361208e+02 5.8479762493e+00 9.0872240318e-02 8.7949137612e+00 1.5021492318e-02 2.3138171493e-02
3.0211215046e+01 2.7158969413e+01 2.4929389188e+01 8.9896978232e-01 3.2402496838e-02 1.4710078675e+02 3.5816044641e+00 7.2150009357e-01 1.4896908196e+01 1.8947032805e-02 1.0000000000e+00
7.0628178654e+01 4.2754636849e+01 4.7540888042e+01 6.0534814381e-01 6.3718461438e-02 2.9582077595e+02 1.4929762980e+01 9.5754737551e-01 1.0163062577e+01 7.2730598093e-03 8.1753804535e-03
4.9545294657e+01 3.5166895472e+01 3.6232031537e+01 7.0979284139e-01 1.0926871475e-01 5.2317012654e+02 2.0192161210e+00 9.5903560993e-01 8.2064536602e+00 1.7778547842e-02 1.0000000000e+00
4.1327370850e+01 3.4894736659e+01 3.3035617649e+01 8.4434930027e-01 2.5146601932e-02 1.1355274878e+02 3.9010501689e+01 -8.3485174039e-01 9.6872447068e+00 6.5181209133e-03 6.7879887370e-03
3.2328183440e+01 3.0267210355e+01 2.7228501624e+01 9.3624841035e-01 2.0143023523e-02 9.0621216657e+01 9.9156264631e-01 2.4656405592e-01 1.0681247194e+01 2.9241367540e-02 1.0000000000e+00
3.3960722221e+01 2.9416733394e+01 2.7501466772e+01 8.6619869870e-01 3.5901814555e-02 1.6340377464e+02 6.1661182074e+00 7.0461585042e-01 1.0957288859e+01 1.4504233034e-02 2.1471797553e-02
4.4769886037e+01 1.3235653402e+01 2.0461851612e+01 2.9563741553e-01 2.0269071310e-02 9.1196855292e+01 3.0452248770e+01 9.3714778206e-01 9.7954842277e+00 9.6777900633e-03 1.0202579460e-02
8.0408727655e+01 7.8105094463e+01 6.8988404910e+01 9.7135095581e-01 6.5220181265e-02 3.0311035384e+02 8.9546039867e-01 7.6823440111e-01 2.0032272978e+01 1.6539358771e-02 1.0000000000e+00
3.0867092116e+01 2.9741948316e+01 2.6376161779e+01 9.6354875945e-01 2.8981272165e-02 1.3123933239e+02 1.1593204516e+01 9.6924175860e-01 1.3450881878e+01 1.1798655311e-02 1.3827682967e-02
2.2314906626e+01 2.1804971539e+01 1.9202753098e+01 9.7714823120e-01 3.6328712402e-03 1.6141606203e+01 1.8812999900e+02 -3.0550773486e-01 8.8374384689e+00 5.1394008109e-03 5.1809875909e-03
4.3760500349e+01 3.7226974709e+01 3.5114011100e+01 8.5069810473e-01 5.5113993035e-02 2.5432955458e+02 8.5687636402e+00 8.2124842266e-01 9.6004474884e+00 1.0879001614e-02 1.3772375128e-02
3.8854739015e+01 1.6170324607e+01 2.1418326266e+01 4.1617380575e-01 4.7235319784e-02 2.1675345542e+02 4.2132697964e+00 9.2242334918e-01 9.8370081411e+00 1.9427632735e-02 5.9470775699e-02
2.0750012756e+01 1.2908159030e+01 1.4168096320e+01 6.2207957086e-01 2.6397191955e-02 1.1931015117e+02 4.6808675380e+00 8.0904987458e-01 8.4520084554e+00 2.4485361134e-02 5.0452234986e-02
8.5428850154e+01 6.9779201661e+01 6.7145279331e+01 8.1681073238e-01 8.6443749391e-02 4.0764637504e+02 8.8542609567e+00 6.6086442231e-01 9.9725244170e+00 7.0363821359e-03 8.8152648827e-03
9.2749303964e+00 8.7691616496e+00 7.8504442581e+00 9.4546926768e-01 2.1035732898e-03 9.3356949821e+00 1.5001635163e+02 -8.0060647305e-01 1.6118656272e+01 9.7946628222e-03 9.8944328406e-03
8.0932984305e+01 5.9915812485e+01 6.0485263413e+01 7.4031389055e-01 1.0061357697e-01 4.7899100440e+02 1.6595205466e+00 4.3214102385e-01 8.6742329188e+00 1.3959648369e-02 1.0000000000e+00
2.8181824413e+01 2.7487430296e+01 2.4229188352e+01 9.7536021419e-01 1.9185086263e-02 8.6249937446e+01 3.8654995681e+01 7.0088356786e-01 8.5411348114e+00 7.9679881276e-03 8.3011563894e-03
2.0148222949e+01 9.1903961650e+00 1.1669564654e+01 4.5613929270e-01 9.3302121751e-03 4.1636062642e+01 5.5048445294e+01 -9.4327712878e-01 9.2920331117e+00 1.1084379628e-02 1.1402428121e-02
6.4201404568e+01 3.8893584558e+01 4.3232065848e+01 6.0580582028e-01 4.7934096604e-02 2.2007002132e+02 2.0782808618e+00 -2.6902326755e-03 8.4136531259e+00 1.6319023905e-02 1.0000000000e+00
5.9980910698e+01 4.9858134753e+01 4.7566160776e+01 8.3123337363e-01 7.9661332317e-02 3.7393430500e+02 9.5915450112e-01 8.2441290945e-01 1.1217625193e+01 2.0164919851e-02 1.0000000000e+00
4.2408744084e+01 3.3113591434e+01 3.2573313259e+01 7.8081990281e-01 5.7716641845e-02 2.6682991640e+02 4.7242097632e+00 -6.6995411831e-01 9.3592992594e+00 1.4232387424e-02 2.8754250796e-02
3.5687891713e+01 1.9627325133e+01 2.2838116378e+01 5.4997155032e-01 8.8213395233e-03 3.9350049103e+01 2.1959010992e+01 3.2520560487e-01 1.3814213852e+01 1.0286541043e-02 1.1092214215e-02
1.5831771530e+01 1.5098498324e+01 1.3458641335e+01 9.5368343939e-01 1.5725000628e-02 7.0511766481e+01 2.5067798082e+00 4.5958326080e-01 9.2484624796e+00 3.2165575156e-02 1.0000000000e+00
1.4076662635e+01 1.3417814976e+01 1.1963542761e+01 9.5319574847e-01 1.5589766701e-02 6.9898279756e+01 6.2797213805e+00 -8.5831255051e-01 1.0489931232e+01 2.4537582667e-02 3.5880108849e-02
5.4311606575e+01 5.0864556291e+01 4.5751072739e+01 9.3653197720e-01 6.6244182337e-02 3.0808919126e+02 3.4228793816e+00 -3.1965640987e-01 9.4998082082e+00 1.2922979999e-02 1.0000000000e+00
3.5154052603e+01 3.4237145149e+01 3.0201108850e+01 9.7391744659e-01 4.3751080448e-02 2.0026349268e+02 9.3685713981e+00 -7.7991072067e-01 9.3013745098e+00 1.1638736536e-02 1.4341227537e-02
5.3091732954e+01 3.3666732930e+01 3.6616291117e+01 6.3412382789e-01 9.2472340268e-02 4.3784989750e+02 4.1958839704e+00 7.5652218332e-01 8.3769827738e+00 1.3553733442e-02 4.2767922526e-02
4.5989326093e+01 2.7013687292e+01 3.0470276198e+01 5.8739037049e-01 6.9085782486e-02 3.2194011916e+02 3.4787904781e+00 8.9598702885e-01 1.1009628147e+01 1.6532158112e-02 1.0000000000e+00
3.1117719382e+01 2.8610590149e+01 2.5970762520e+01 9.1943081682e-01 2.0128684161e-02 9.0555737945e+01 1.6823084576e+01 -8.0571054291e-01 1.3918267416e+01 1.0417028316e-02 1.1533503859e-02
6.3543939398e+01 5.7245001164e+01 5.2490606148e+01 9.0087271432e-01 2.5752940570e-02 1.1634288796e+02 7.1956206995e+00 7.5237326021e-01 3.2160914142e+01 9.1953321333e-03 1.2466938276e-02
3.9283164168e+01 3.1009353393e+01 3.0341544469e+01 7.8938023579e-01 3.2986048650e-02 1.4981392319e+02 9.3332251756e+00 5.8171573945e-01 9.7894905970e+00 1.1697047450e-02 1.4428358857e-02
3.3347832594e+01 2.2471720276e+01 2.3739145870e+01 6.7385849480e-01 2.7462141997e-02 1.2422106209e+02 5.0739836580e+00 4.5837036460e-01 9.6655224997e+00 1.7194736319e-02 3.0780614937e-02
4.4878015205e+01 2.1672229068e+01 2.6799852481e+01 4.8291416116e-01 4.1778032084e-02 1.9096045878e+02 3.8561614868e+00 5.3670896822e-01 1.0357306594e+01 1.7515409245e-02 1.0000000000e+00
5.9897595247e+01 5.2915060229e+01 4.8991602410e+01 8.8342545323e-01 7.1278905719e-02 3.3266491716e+02 3.4069458141e+00 -2.2358752054e-01 8.6167863427e+00 1.2367122408e-02 1.0000000000e+00
1.0266872184e+01 7.2455914746e+00 7.4857919034e+00 7.0572530220e-01 4.6748490930e-03 2.0787852103e+01 1.1067678714e+02 9.4529075885e-01 8.9150191057e+00 1.1291067118e-02 1.1448009208e-02
6.3606125529e+01 4.1219894680e+01 4.4367981618e+01 6.4804913579e-01 1.4088548419e-01 6.8834431422e+02 2.5904469224e+00 9.2230497755e-01 8.5265576366e+00 1.4018785863e-02 1.0000000000e+00
4.3795342373e+01 4.1752716645e+01 3.7224216575e+01 9.5335974976e-01 8.6055669601e-02 4.0570974318e+02 2.7425494913e+00 6.5609813954e-01 8.2352949586e+00 1.5792078061e-02 1.0000000000e+00
7.8519661383e+01 6.4565169557e+01 6.1925184530e+01 8.2228028522e-01 2.6815288867e-01 1.4095323014e+03 3.7315982576e+00 9.6287926642e-01 8.1034749417e+00 9.2909652226e-03 1.0000000000e+00
4.4272508149e+01 2.8188742080e+01 3.0598823527e+01 6.3670985130e-01 7.0749934759e-02 3.3007537956e+02 4.2128259836e+00 -8.9693730901e-01 1.0076942644e+01 1.5331518871e-02 4.6966804033e-02
7.5772830353e+01 5.3289559680e+01 5.5148466966e+01 7.0328057474e-01 1.0328643360e-01 4.9258597720e+02 4.7815830854e+00 -9.5148664271e-01 1.3650010317e+01 9.9298520241e-03 1.9584680212e-02
2.6288389855e+01 2.4681207366e+01 2.2172567833e+01 9.3886341088e-01 3.2784570516e-02 1.4887692833e+02 1.0360561099e+00 9.4341672455e-01 1.1752783172e+01 3.2453454436e-02 1.0000000000e+00
3.5775692287e+01 1.0772921799e+01 1.6518537029e+01 3.0112406246e-01 7.5368069534e-03 3.3587294593e+01 1.2889217159e+00 3.1578144340e-01 1.7460907517e+01 3.6501900470e-02 1.0000000000e+00
6.6318726835e+01 5.9495584562e+01 5.4667163541e+01 8.9711590378e-01 8.4427474436e-02 3.9759471033e+02 3.9287135554e+00 -8.0014011516e-01 1.7393643932e+01 1.0864192396e-02 1.0000000000e+00
8.6083392775e+01 4.6456083027e+01 5.4539120350e+01 5.3966370898e-01 3.5406731052e-02 1.6109235810e+02 8.8729963320e+00 -6.6701050858e-01 1.9891982120e+01 8.2510160926e-03 1.0330236532e-02
3.0044221766e+01 2.5412949370e+01 2.4037985874e+01 8.4585147746e-01 2.4081648658e-02 1.0865813002e+02 1.1614568700e+00 8.8555951417e-01 1.7118078538e+01 2.9718314418e-02 1.0000000000e+00
3.1517804671e+01 2.2948969254e+01 2.3354208639e+01 7.2812714889e-01 3.5689783702e-02 1.6241366130e+02 2.2034232090e+00 -9.5420208260e-01 1.4198200357e+01 2.3632640207e-02 1.0000000000e+00
3.9420908677e+01 3.3372959087e+01 3.1553958429e+01 8.4658015777e-01 4.7443638891e-02 2.1774185925e+02 9.3917127961e+00 8.7880853316e-01 1.0066744752e+01 1.1288886885e-02 1.3900579030e-02
2.9765085474e+01 1.9090971583e+01 2.0650825470e+01 6.4138809880e-01 2.3175799846e-02 1.0450068297e+02 2.1682942848e+00 -6.9401682785e-01 1.3929344316e+01 2.5871500106e-02 1.0000000000e+00
2.8190482947e+01 2.6291879077e+01 2.3697541899e+01 9.3265089237e-01 3.4414216383e-02 1.5646339479e+02 1.1152185935e+01 -9.2856696869e-01 9.7215739674e+00 1.2758133129e-02 1.5070670742e-02
1.7219578202e+01 1.5187632696e+01 1.4072758200e+01 8.8199795127e-01 1.5035377719e-02 6.7384580974e+01 2.1874571820e+01 8.6291196245e-01 8.8435656057e+00 1.3888509961e-02 1.4981131710e-02
8.6251780428e+01 5.6278112020e+01 6.0378644856e+01 6.5248638046e-01 7.2840828354e-02 3.4032144271e+02 5.0249351046e+00 -8.4009265462e-01 1.8263253212e+01 9.3726017222e-03 1.7012688335e-02
4.2553381459e+01 4.0796019252e+01 3.6270256130e+01 9.5870217252e-01 1.0699033789e-01 5.1149659437e+02 2.7325874305e+00 9.2073769916e-01 8.6953844343e+00 1.5881679781e-02 1.0000000000e+00
3.2306229845e+01 3.2075292146e+01 2.8023468774e+01 9.9285160478e-01 6.0310202028e-02 2.7932960738e+02 4.4791750266e+00 -8.9243933670e-01 9.9246990478e+00 1.5926660066e-02 3.6824652500e-02
3.9859760362e+01 3.8474681328e+01 3.4090649723e+01 9.6525119515e-01 6.2172985190e-02 2.8833371463e+02 3.8790142867e+00 -8.8640592176e-01 1.4271511349e+01 1.4855290349e-02 1.0000000000e+00
5.9672704284e+01 5.9555132893e+01 5.1896900129e+01 9.9802972912e-01 1.8545507754e-01 9.3095983434e+02 3.8500088674e+00 -9.7797877405e-01 9.3392568239e+00 1.0696237072e-02 1.0000000000e+00
8.2052344190e+01 7.6564336352e+01 6.8992318219e+01 9.3311577028e-01 1.7751505411e-01 8.8692390478e+02 3.4570805995e+00 -7.9109924390e-01 1.0983363187e+01 9.3605242954e-03 1.0000000000e+00
3.0391268600e+01 2.9018305336e+01 2.5851231537e+01 9.5482375933e-01 4.6106824228e-02 2.1140399574e+02 7.1130681773e+00 -8.7236256207e-01 9.0234571444e+00 1.4202460279e-02 1.9361509366e-02
4.0194444460e+01 3.4375184056e+01 3.2339570050e+01 8.5522227059e-01 4.1827040863e-02 1.9119123193e+02 1.0690282797e+01 8.6482676020e-01 1.0977977598e+01 1.0625359385e-02 1.2666974540e-02
3.4916256756e+01 3.4796012161e+01 3.0343973320e+01 9.9655620029e-01 1.6627567380e-02 7.4609378273e+01 2.7782781302e+01 -5.6168559306e-01 1.1992953398e+01 7.8475373556e-03 8.3186106154e-03
7.4126637842e+01 4.2669444544e+01 4.8592486185e+01 5.7562902874e-01 6.4164609000e-02 2.9798495394e+02 2.6569303764e+00 -1.8933803500e-01 8.5905290196e+00 1.3702252638e-02 1.0000000000e+00
8.1719021571e+01 7.2919813974e+01 6.7179615211e+01 8.9232363008e-01 1.1889126207e-01 5.7281536561e+02 3.8788322346e+00 -9.2705053354e-01 1.8391821694e+01 9.4111348867e-03 1.0000000000e+00
7.3966505162e+01 5.2261166100e+01 5.3963188540e+01 7.0655178294e-01 8.0166923023e-02 3.7643750767e+02 9.8065280180e+00 -6.5421701126e-01 8.2018005176e+00 7.7912962369e-03 9.4832947162e-03
3.2153074223e+01 3.0226956224e+01 2.7136950071e+01 9.4009537049e-01 5.0004376609e-02 2.2991455580e+02 3.8367042567e+00 8.6585276840e-01 1.2940397097e+01 1.7326716957e-02 1.0000000000e+00
3.1139014558e+01 2.9481634018e+01 2.6374833906e+01 9.4677479157e-01 1.5400803113e-02 6.9041254083e+01 3.0882776756e+01 5.6571740231e-01 1.0859016411e+01 8.2392008942e-03 8.6791246039e-03
7.9134825327e+01 6.7888648741e+01 6.3770753928e+01 8.5788587339e-01 1.9969930210e-01 1.0108230237e+03 2.4986123449e+00 8.1133653476e-01 8.5123672463e+00 1.0976779467e-02 1.0000000000e+00
3.8439409920e+01 3.3734027886e+01 3.1335127679e+01 8.7758963927e-01 2.0964393153e-02 9.4374170513e+01 4.1639552884e+01 7.5221226667e-01 9.8176391157e+00 6.5910511351e-03 6.8454622784e-03
4.1320627572e+01 3.7166477154e+01 3.4106041996e+01 8.9946545678e-01 7.9509335237e-02 3.7318207129e+02 3.5776245807e+00 8.3230787089e-01 1.0410419476e+01 1.5154326079e-02 1.0000000000e+00
8.2471206259e+01 7.2560354238e+01 6.7315801471e+01 8.7982651800e-01 1.6280320330e-01 8.0625562480e+02 3.2550590815e+00 5.5629228756e-01 8.6349573365e+00 9.7993357814e-03 1.0000000000e+00
3.3410389607e+01 1.8126910283e+01 2.1227500653e+01 5.4255309490e-01 3.8030775037e-02 1.7336159115e+02 8.3284990562e+00 -9.5814828274e-01 8.8171608694e+00 1.5214757419e-02 1.9446930521e-02
3.0239888229e+01 2.8136703587e+01 2.5390092963e+01 9.3044998625e-01 4.8557361940e-02 2.2303084867e+02 5.2981176685e+00 -8.6336883030e-01 9.4817199302e+00 1.6017319558e-02 2.7142051307e-02
6.3614962512e+01 2.2265455327e+01 3.1910652463e+01 3.5000343391e-01 4.5248916962e-02 2.0734272501e+02 5.9189419082e-01 9.2634535449e-01 1.1543348361e+01 3.1648787943e-02 1.0000000000e+00
2.8349292613e+01 2.7759625778e+01 2.4421206779e+01 9.7919994537e-01 3.6478941591e-02 1.6610025406e+02 7.0548138594e+00 6.5951506719e-01 8.3548351545e+00 1.4847690492e-02 2.0322246205e-02
8.4156530445e+01 8.1214727754e+01 7.1968352837e+01 9.6504367902e-01 7.7029987329e-02 3.6093208552e+02 3.7008242341e+00 -6.6092956704e-01 2.2285909046e+01 9.3962155679e-03 1.0000000000e+00
2.1493223872e+01 2.0491974723e+01 1.8268882474e+01 9.5341559019e-01 2.2120533501e-02 9.9664338160e+01 4.2801432819e+00 4.2867334569e-01 9.3648822608e+00 2.1657836376e-02 6.0206634908e-02
6.1523286591e+01 5.1840620597e+01 4.9128202052e+01 8.4261786829e-01 8.6943461234e-02 4.1014145223e+02 1.6818948312e+00 9.2492792376e-01 1.3778449895e+01 1.5941714938e-02 1.0000000000e+00
3.8032367846e+01 1.4249655459e+01 1.9801776751e+01 3.7467179316e-01 1.3713463422e-02 6.1399086910e+01 1.4135534116e+01 -7.9454523781e-01 1.5575070444e+01 1.3225635531e-02 1.4982736582e-02
4.0563366177e+01 2.4441749705e+01 2.7237689257e+01 6.0255723349e-01 4.7510447215e-02 2.1805890151e+02 1.0207197741e+01 -9.7882242412e-01 9.0847539207e+00 1.1995004215e-02 1.4454547820e-02
3.0121743425e+01 2.3661005719e+01 2.3207020384e+01 7.8551249126e-01 1.4919793049e-02 6.6860758488e+01 4.6223926505e+01 -8.2050702071e-01 1.1086292980e+01 7.6747411909e-03 7.9397041576e-03
4.6269051481e+01 4.5097058613e+01 3.9765482906e+01 9.7467004768e-01 7.6357964724e-02 3.5761835104e+02 1.5621952177e+00 7.0502476451e-01 9.2268792894e+00 1.8819394035e-02 1.0000000000e+00
4.3522946482e+01 3.8837319515e+01 3.5779723017e+01 8.9234122813e-01 3.9223050198e-02 1.7895115524e+02 1.2222315534e+01 7.4476620599e-01 1.0860817347e+01 9.5010607069e-03 1.1023813320e-02
3.3139846561e+01 2.1733510327e+01 2.3260332409e+01 6.5581203846e-01 3.4635154937e-02 1.5749326638e+02 1.7435327490e+01 9.2126352329e-01 8.0182983913e+00 1.0914591468e-02 1.2035127051e-02
3.3844298147e+01 2.7074474427e+01 2.6319467564e+01 7.9997151393e-01 3.5385984702e-02 1.6099553377e+02 1.7328176554e+00 -4.5201926170e-01 8.7281890689e+00 2.4003595832e-02 1.0000000000e+00
3.2281747891e+01 3.0821424281e+01 2.7458424128e+01 9.5476318027e-01 3.4819770528e-02 1.5835406910e+02 1.3312073449e+01 -9.3054762613e-01 1.0744448614e+01 1.0885939080e-02 1.2447027289e-02
6.2853406242e+01 5.6212367578e+01 5.1729589236e+01 8.9434083113e-01 2.7656650683e-02 1.2511882823e+02 1.0135638672e+01 1.3025685664e-01 1.2007992087e+01 8.1514460049e-03 9.8396898615e-03
5.7958102907e+01 5.1071389012e+01 4.7344147534e+01 8.8117772065e-01 4.2694997250e-02 1.9528085955e+02 1.0327716509e+01 -6.2444271251e-01 1.2586208571e+01 8.4777261359e-03 1.0187400228e-02
7.4812280614e+01 6.3399196817e+01 5.9913565869e+01 8.4744371241e-01 9.7963066834e-02 4.6555250839e+02 4.3565437449e+00 6.6941640901e-01 1.2513390913e+01 9.7931385973e-03 2.5035592412e-02
9.9736459423e+00 7.8879464179e+00 7.7109290050e+00 7.9087892868e-01 2.4872278419e-03 1.1041601304e+01 2.6495753384e+02 -9.5287559198e-01 1.2484484396e+01 8.0004362728e-03 8.0462048046e-03
1.1508968679e+01 1.0089379647e+01 9.3768380486e+00 8.7665367141e-01 2.0394494177e-03 9.0506679074e+00 6.4953566493e+02 8.8951768562e-01 9.2328797965e+00 5.0594853800e-03 5.0712191725e-03
7.2446551604e+01 5.5218085132e+01 5.4959821479e+01 7.6219066207e-01 1.8890779564e-01 9.5021684324e+02 3.1866505459e+00 9.1994030975e-01 8.8791703340e+00 1.1057944293e-02 1.0000000000e+00
5.5043227476e+01 4.7070581530e+01 4.4284849958e+01 8.5515664122e-01 1.3275035206e-01 6.4528285802e+02 2.6827665913e+00 8.5658472362e-01 8.4623108435e+00 1.3914217727e-02 1.0000000000e+00
7.2070396060e+01 5.6954020194e+01 5.5697332434e+01 7.9025540732e-01 7.0127126338e-02 3.2702872161e+02 1.7032729569e+01 8.0890339802e-01 8.2060302514e+00 6.2466265603e-03 6.9061955095e-03
2.2944664868e+01 1.5204714892e+01 1.6191925745e+01 6.6266885917e-01 7.2042111019e-03 3.2096995210e+01 1.5517904945e+02 -9.0858062578e-01 9.6791774319e+00 6.1319458710e-03 6.1922911284e-03
7.3401856543e+01 6.6812333652e+01 6.0950857211e+01 9.1022675446e-01 1.8857372464e-01 9.4835076584e+02 3.3641500417e+00 7.1129959463e-01 8.1196726996e+00 1.0158714839e-02 1.0000000000e+00
6.9959082908e+01 6.3176070883e+01 5.7860140397e+01 9.0304315404e-01 6.3115827059e-02 2.9289951188e+02 1.1990804962e+00 6.8653051530e-01 1.6249692808e+01 1.6567331953e-02 1.0000000000e+00
1.0178870596e+01 4.6000000000e+00 5.8660560135e+00 4.5191654190e-01 7.5554306887e-04 3.3496521946e+00 3.0688012353e+01 -6.8274721430e-02 2.2380618907e+01 2.1324854502e-02 2.2471433381e-02
2.9322958338e+01 2.7528912948e+01 2.4731425795e+01 9.3881772196e-01 4.0833419854e-02 1.8651550609e+02 4.6595386307e+00 9.2775725162e-01 1.2545262390e+01 1.7165172011e-02 3.5732356990e-02
3.3588952156e+01 3.0835753582e+01 2.8011742448e+01 9.1803261499e-01 6.1969756202e-02 2.8735029867e+02 2.5968107820e+00 8.6238268109e-01 9.8639326241e+00 1.9525310888e-02 1.0000000000e+00
8.3564927811e+01 7.8883841148e+01 7.0674699468e+01 9.4398263978e-01 7.0116300808e-02 3.2697578679e+02 1.6284360066e+01 6.5606545437e-01 8.1965753141e+00 5.4742217775e-03 6.0845602749e-03
6.9265391765e+01 5.8397533538e+01 5.5326541302e+01 8.4309829267e-01 1.6876923971e-01 8.3882293761e+02 3.7603481559e+00 -9.6405720611e-01 1.0800355298e+01 1.0460351725e-02 1.0000000000e+00
2.6380682310e+01 1.6038933100e+01 1.7797686582e+01 6.0798022246e-01 8.8542768896e-03 3.9497961148e+01 9.5946923997e+01 6.3622560087e-01 8.2708589327e+00 6.9149508998e-03 7.0262612700e-03
3.9833653135e+01 2.7820486623e+01 2.8887505451e+01 6.9841665110e-01 3.6155291843e-02 1.6458781474e+02 1.5955706761e+01 7.7254032743e-01 8.6249262601e+00 9.8456165944e-03 1.0970987404e-02
3.7020978054e+01 3.6446881860e+01 3.1977571781e+01 9.8449267892e-01 2.3200607246e-02 1.0461446556e+02 6.2596044094e+01 -9.3408321184e-01 8.3132634526e+00 5.5777846176e-03 5.7176321585e-03
3.1590391204e+01 3.0197234751e+01 2.6886421684e+01 9.5589936054e-01 3.7266149775e-02 1.6978179283e+02 2.5933939522e+00 9.9980424355e-01 1.7742300047e+01 2.0339044705e-02 1.0000000000e+00
3.1894809455e+01 1.6395646323e+01 1.9692319397e+01 5.1405374741e-01 4.6543133662e-02 2.1347127810e+02 3.2986782961e+00 9.2237054018e-01 9.4739633744e+00 2.2452231139e-02 1.0000000000e+00
6.7876212440e+01 6.0019773785e+01 5.5543825733e+01 8.8425343176e-01 1.5070051328e-01 7.4080721053e+02 6.4210978515e+00 -9.8188087715e-01 8.2779007609e+00 8.6212144789e-03 1.2428459583e-02
7.9664294279e+01 7.3703517857e+01 6.6696694968e+01 9.2517631047e-01 1.8653679762e-01 9.3698594798e+02 2.9737767084e+00 -7.1892878007e-01 8.9735428564e+00 1.0067906101e-02 1.0000000000e+00
3.5886100183e+01 3.5814237449e+01 3.1209365846e+01 9.9799747721e-01 1.7112362164e-02 7.6812571362e+01 3.3314096241e+01 5.6528372597e-01 1.0916089321e+01 7.2011450087e-03 7.5549810415e-03
3.8111116234e+01 2.8656422419e+01 2.8711184523e+01 7.5191768835e-01 1.8336971841e-02 8.2384905747e+01 5.6736357789e+01 7.6132134218e-01 8.8093843321e+00 6.2088127111e-03 6.3813902543e-03
3.4736948714e+01 3.2109661359e+01 2.9069700547e+01 9.2436620222e-01 5.2635428112e-02 2.4246544404e+02 4.0260048116e+00 -8.0846345717e-01 1.2337849168e+01 1.6274917524e-02 1.0782054257e-01
3.6369292579e+01 2.4546392570e+01 2.5911209808e+01 6.7492081449e-01 5.9524767310e-02 2.7553967464e+02 3.5473861080e+00 -9.4095178307e-01 1.0933048259e+01 1.8263365793e-02 1.0000000000e+00
4.0123886347e+01 3.0548340099e+01 3.0421779239e+01 7.6135047924e-01 8.9127269382e-02 4.2106333431e+02 3.7224970373e+00 -8.3881968376e-01 8.2264759574e+00 1.5947526452e-02 1.0000000000e+00
4.5094785732e+01 4.1861039376e+01 3.7818305426e+01 9.2829001617e-01 6.6411783446e-02 3.0890472241e+02 8.3392248065e+00 9.9768054364e-01 1.0610256693e+01 1.0422735994e-02 1.3316016095e-02
3.5683041026e+01 3.3674362447e+01 3.0174367789e+01 9.4370775246e-01 2.3465920628e-02 1.0583161747e+02 4.3732881105e+01 -9.5405895182e-01 1.0307290974e+01 6.6152761912e-03 6.8575620004e-03
4.9515977049e+01 2.9581159303e+01 3.3099708862e+01 5.9740635380e-01 6.0363249584e-02 2.7958571751e+02 7.1673950796e-01 9.6564563264e-01 9.9942935528e+00 2.8533888717e-02 1.0000000000e+00
3.9545500993e+01 3.9346311356e+01 3.4339524494e+01 9.9496302659e-01 6.0255347640e-02 2.7906479280e+02 1.4941954728e+00 8.8807108281e-01 1.1691874879e+01 2.1172151549e-02 1.0000000000e+00
3.0136301664e+01 2.5428237052e+01 2.4081535817e+01 8.4377430698e-01 3.7484039663e-02 1.7080151409e+02 3.9979409610e+00 -7.2493003243e-01 1.2760030486e+01 1.8522137271e-02 1.0000000000e+00
3.9687769325e+01 3.3974483687e+01 3.1947489316e+01 8.5604417342e-01 8.9959626331e-02 4.2523392753e+02 2.6561788322e+00 -8.4467643775e-01 8.0147385703e+00 1.7545663084e-02 1.0000000000e+00
3.9827490507e+01 3.7808528919e+01 3.3779326136e+01 9.4930733615e-01 1.8177876626e-02 8.1660410261e+01 1.5553344800e+01 -8.8426949014e-01 2.3051619112e+01 9.1136043246e-03 1.0188463497e-02
9.1484765372e+00 4.6000000000e+00 5.5822984379e+00 5.0281595862e-01 9.6557496798e-04 4.2815047382e+00 1.0335749414e+03 -9.6287822583e-01 1.1876231378e+01 5.8819642892e-03 5.8905234108e-03
3.9175655715e+01 3.1100448019e+01 3.0346472582e+01 7.9387179235e-01 5.5103407442e-03 2.4518672149e+01 4.3766924183e+01 -2.7660819122e-01 1.9765730836e+01 6.6631832789e-03 6.9070208778e-03
2.4806574343e+01 1.5366899097e+01 1.6900670860e+01 6.1946881033e-01 9.4171555200e-03 4.2026813528e+01 4.2615869656e+01 -9.2113364136e-01 1.4826200995e+01 9.6793756263e-03 1.0043831534e-02
2.7619237531e+01 2.3408051340e+01 2.2120027825e+01 8.4752706564e-01 2.8418233872e-02 1.2863636171e+02 6.9484156603e+00 -7.6060338377e-01 1.0705457325e+01 1.5963070197e-02 2.2015463278e-02
3.4479836705e+01 3.1488868412e+01 2.8679116011e+01 9.1325456911e-01 1.8601086207e-02 8.3588015166e+01 5.7489254068e+01 9.5382433294e-01 1.0585166801e+01 6.1815097070e-03 6.3509633294e-03
6.4631436597e+01 6.1744579090e+01 5.4991131322e+01 9.5533353955e-01 3.1727659364e-02 1.4396601855e+02 2.7813517908e+01 8.0134160522e-01 1.2542138388e+01 5.3599864518e-03 5.6813406353e-03
3.4216582824e+01 2.8249968837e+01 2.7041031762e+01 8.2562215467e-01 7.0464735182e-02 3.2867993594e+02 4.5018892186e+00 9.8917525575e-01 8.9864646676e+00 1.6158477105e-02 3.6787097952e-02
7.1309271979e+01 5.1864651090e+01 5.2808851586e+01 7.2731987931e-01 1.2767080501e-01 6.1859127357e+02 6.1376747845e+00 -8.5373255131e-01 8.2259789921e+00 9.1646024008e-03 1.3610903898e-02
4.0792244185e+01 2.2929810691e+01 2.6407597156e+01 5.6211201784e-01 3.7801257480e-02 1.7228664243e+02 1.1344699775e+01 7.2631720839e-01 8.0302834774e+00 1.1822829893e-02 1.3916452791e-02
1.0184200678e+01 9.4497822990e+00 8.5390109236e+00 9.2788649769e-01 4.3416831273e-03 1.9301444097e+01 1.7438204091e+02 -9.0347907005e-01 8.9841041942e+00 8.7710568112e-03 8.8477155441e-03
2.7836725873e+01 2.6700922221e+01 2.3732711919e+01 9.5919765649e-01 5.1950811848e-02 2.3919534341e+02 6.5948521314e+00 -9.9986859852e-01 8.5074081193e+00 1.5359588980e-02 2.1791607207e-02
7.9218028208e+01 5.2213963261e+01 5.5747602519e+01 6.5911717877e-01 1.5024234432e-01 7.3834591849e+02 2.4351096263e+00 7.3327355889e-01 8.5376496761e+00 1.2376321500e-02 1.0000000000e+00
7.6250180097e+01 7.2626278040e+01 6.4779201656e+01 9.5247352790e-01 1.6552006585e-01 8.2106161394e+02 4.8229774633e+00 -7.3912799216e-01 8.2925029808e+00 8.6487917361e-03 1.6785263880e-02
7.6727686840e+01 7.1902581641e+01 6.4654164093e+01 9.3711389725e-01 7.0725758530e-02 3.2995706865e+02 8.4173852916e+00 -9.1642064205e-01 1.6125562736e+01 7.4098185057e-03 9.4365238707e-03
7.2079242493e+01 5.8260323411e+01 5.6350089339e+01 8.0828157173e-01 1.3592024246e-01 6.6201617840e+02 5.7988942640e+00 8.8711878667e-01 8.9166564941e+00 8.9487992767e-03 1.3880084155e-02
7.7711048893e+01 6.7697205496e+01 6.3112341831e+01 8.7114003041e-01 7.6544309587e-02 3.5853693264e+02 4.8825990205e+00 3.5472940464e-01 1.0381709817e+01 9.1957089582e-03 1.7464979269e-02
7.6162178429e+01 6.6945508324e+01 6.2136085290e+01 8.7898625938e-01 1.2766646554e-01 6.1856853562e+02 1.4576292637e+00 7.2293787026e-01 9.9165929403e+00 1.4193851013e-02 1.0000000000e+00
2.6427926301e+01 1.8306041655e+01 1.9083895752e+01 6.9267794402e-01 3.0790784888e-02 1.3961899098e+02 1.3788331356e+01 9.6283160484e-01 8.0622996017e+00 1.3519336389e-02 1.5372925329e-02
4.7224264958e+01 4.3341320863e+01 3.9377466400e+01 9.1777650540e-01 8.8400484410e-02 4.1742520323e+02 2.2313495119e+00 -6.5962949154e-01 8.2115914043e+00 1.6450726503e-02 1.0000000000e+00
5.3221246708e+01 4.4995464434e+01 4.2571131363e+01 8.4544175902e-01 9.1826686969e-02 4.3460446884e+02 6.6782749182e+00 9.9367567897e-01 9.7773307875e+00 1.0366414550e-02 1.4602660869e-02
3.6267570189e+01 2.2889633349e+01 2.4951281193e+01 6.3113225478e-01 4.2689964706e-02 1.9525713317e+02 1.9002389300e+00 5.9121526278e-01 8.2817820628e+00 2.3869187505e-02 1.0000000000e+00
8.8635786724e+00 6.3910499513e+00 6.5347422388e+00 7.2104622608e-01 1.8677498180e-03 8.2876100979e+00 1.7706128688e+02 9.3532627964e-01 1.6208152197e+01 1.0324050027e-02 1.0412894856e-02
4.2777595067e+01 2.5760060712e+01 2.8715216778e+01 6.0218580945e-01 6.6640267112e-02 3.1001678808e+02 3.5638517822e+00 7.0042789715e-01 8.5692686750e+00 1.7026272664e-02 1.0000000000e+00
2.9675337680e+01 2.7966340976e+01 2.5076762500e+01 9.4241020196e-01 1.2424056401e-02 5.5572065367e+01 9.1087814234e+01 7.3753062477e-01 8.4974992890e+00 5.6784124734e-03 5.7748474970e-03
4.7573011403e+01 2.1308051789e+01 2.7284918688e+01 4.4790210166e-01 2.3788533460e-02 1.0731226514e+02 1.1609247428e+01 5.6067224027e-01 1.0716175559e+01 1.1582068779e-02 1.3570146152e-02
4.1306422110e+01 3.8697951257e+01 3.4801710150e+01 9.3685071912e-01 4.7712138416e-03 2.1217920074e+01 1.2493619746e+02 -3.7867546998e-01 1.2280866728e+01 4.1292414711e-03 4.1799373343e-03
3.0345487401e+01 1.3616606747e+01 1.7421363122e+01 4.4871932909e-01 1.5731563117e-02 7.0541540230e+01 7.8764594651e+00 7.5294837675e-01 1.3526768321e+01 1.7819004045e-02 2.3245792116e-02
5.0499530473e+01 4.1959151926e+01 4.0038600157e+01 8.3088202074e-01 7.5308772372e-02 3.5245043570e+02 1.2598082229e+00 7.6620951871e-01 9.5791677320e+00 2.0325864791e-02 1.0000000000e+00
5.9061738456e+01 3.8623238157e+01 4.1393046324e+01 6.5394685574e-01 7.1545238763e-02 3.3396939575e+02 4.9970049398e+00 7.2653510671e-01 1.0501073961e+01 1.1900587125e-02 2.1780761722e-02
2.9929449898e+01 1.9012900635e+01 2.0660998360e+01 6.3525727002e-01 1.1345789367e-02 5.0707783307e+01 1.6557555895e+01 5.3145063708e-01 1.3728233989e+01 1.2155289257e-02 1.3483401422e-02
2.5622079436e+01 2.4305200168e+01 2.1723038134e+01 9.4860373175e-01 1.6874954884e-02 7.5733456705e+01 5.0969285388e+00 -7.9786143026e-01 2.1053603404e+01 1.8262594092e-02 3.2488996315e-02
4.6607563926e+01 4.1958468764e+01 3.8486833634e+01 9.0025020038e-01 7.2990686035e-02 3.4105684769e+02 2.0892447515e+00 -7.7601002794e-01 1.0797777375e+01 1.7257670147e-02 1.0000000000e+00
1.8817387750e+01 1.4608976189e+01 1.4410851459e+01 7.7635516594e-01 7.5440547158e-03 3.3619778762e+01 6.3130054603e+01 -6.6844893308e-01 1.0153899116e+01 9.2387055792e-03 9.4682907134e-03
2.9701742179e+01 2.7773435834e+01 2.5000624372e+01 9.3507766874e-01 1.0770370727e-02 4.8115149132e+01 7.7435887634e+01 -9.9080236642e-01 1.4375415515e+01 6.0525765247e-03 6.1741619036e-03
3.7535140159e+01 3.3185844701e+01 3.0713187497e+01 8.8412736865e-01 7.1277683719e-02 3.3265893293e+02 4.8566320493e+00 -7.9447109506e-01 8.0418474503e+00 1.4497002016e-02 2.7787919389e-02
2.5446632826e+01 2.3934962879e+01 2.1482500227e+01 9.4059449998e-01 1.3618284804e-02 6.0968579537e+01 1.9767663431e+00 -3.3308104193e-02 1.1966766065e+01 2.6285300897e-02 1.0000000000e+00
7.8590895027e+01 7.0585051942e+01 6.4820327857e+01 8.9813268977e-01 1.6260006790e-01 8.0515027430e+02 2.7613605666e+00 8.9691714087e-01 1.1777020447e+01 1.0672989789e-02 1.0000000000e+00
4.7378468717e+01 2.7858967065e+01 3.1408038954e+01 5.8800902223e-01 3.2592655083e-02 1.4798465348e+02 1.4720857526e+01 8.4020760622e-01 1.1655004743e+01 9.6513856428e-03 1.0869974206e-02
2.9883748509e+01 1.8430511793e+01 2.0312735522e+01 6.1674029240e-01 3.3123208961e-02 1.5045195372e+02 4.3730289717e+00 8.5502701885e-01 1.1715371984e+01 1.9972251561e-02 5.0270933446e-02
3.1689853403e+01 1.7149981187e+01 2.0107380207e+01 5.4118209286e-01 4.3211429820e-02 1.9771650075e+02 5.1368924779e+00 -8.6748659959e-01 8.1242484489e+00 1.8807374523e-02 3.3109001150e-02
5.2903078081e+01 2.3930679522e+01 3.0503605016e+01 4.5234947361e-01 6.8983429070e-02 3.2144033012e+02 4.0950263413e+00 6.4982082690e-01 8.0900093921e+00 1.5541686418e-02 6.3738655942e-02
4.2948020306e+01 3.3676031726e+01 3.3058672715e+01 7.8411138597e-01 3.4255704693e-02 1.5572471352e+02 2.6792595043e+01 9.4752615876e-01 9.9381351016e+00 7.4596656826e-03 7.9259666632e-03
4.8356950530e+01 3.6124305471e+01 3.6308054166e+01 7.4703439890e-01 3.0397426787e-02 1.3779555888e+02 1.2370356744e+01 -7.8269229205e-01 1.4745863628e+01 9.4220970077e-03 1.0908421669e-02
2.0746312235e+01 1.5825111841e+01 1.5745057257e+01 7.6279155843e-01 1.8624931699e-02 8.3696660456e+01 7.2953314355e+00 -7.2280211531e-01 1.0030921038e+01 1.9500904998e-02 2.6271476938e-02
4.9212865408e+01 1.7586034497e+01 2.4968593671e+01 3.5734628234e-01 4.4265254968e-02 2.0269200069e+02 3.4656634934e+00 -7.2941945980e-01 1.0997828535e+01 1.9027107737e-02 1.0000000000e+00
7.8691251451e+01 5.7639211138e+01 5.8488179882e+01 7.3247292520e-01 1.2158861638e-01 5.8683067887e+02 4.2194870252e+00 -5.1543751684e-01 8.4747834727e+00 9.9285267443e-03 3.0083534589e-02
3.6396712790e+01 2.3570361046e+01 2.5378997706e+01 6.4759587443e-01 4.0333487963e-02 1.8416538175e+02 4.5807900457e+00 -8.1726548220e-01 1.1790856007e+01 1.7003514449e-02 3.6887918806e-02
4.3602674767e+01 2.5552879731e+01 2.8854023147e+01 5.8603927094e-01 1.0422134495e-03 4.6216028177e+00 7.0067862944e+02 8.0047498267e-01 1.7713050596e+01 2.4374708817e-03 2.4427095476e-03
6.4545509324e+01 6.3434669033e+01 5.5704090025e+01 9.8278981292e-01 1.6026086837e-01 7.9243841615e+02 3.2221802693e+00 8.8200434093e-01 1.0120713234e+01 1.1087607651e-02 1.0000000000e+00
4.6104550248e+01 3.7939323775e+01 3.6374649126e+01 8.2289760057e-01 3.1098721520e-02 1.4104715745e+02 1.6187661671e+01 6.1838223403e-01 1.0590345482e+01 8.5048133179e-03 9.4599465732e-03
3.4972971969e+01 3.1493750963e+01 2.8883731812e+01 9.0051686174e-01 2.1045725491e-02 9.4746033576e+01 1.8751945070e+01 -7.9852069885e-01 1.4229721449e+01 9.3533419606e-03 1.0233888970e-02
4.2921338238e+01 3.4058915906e+01 3.3240425670e+01 7.9351943123e-01 6.0125032863e-02 2.7843576303e+02 5.4283718437e+00 8.6464151318e-01 1.0602717523e+01 1.3320786130e-02 2.1976851382e-02
1.0223192054e+01 8.1875977372e+00 7.9548377539e+00 8.0088466440e-01 2.7924377376e-03 1.2399419557e+01 3.2668664026e+02 8.0707441953e-01 8.8182024808e+00 7.2522036703e-03 7.2857856201e-03
4.8089177590e+01 4.3485703134e+01 3.9799813377e+01 9.0427213176e-01 5.9172041335e-02 2.7383895492e+02 6.0886041251e+00 -6.0556770302e-01 9.3925989366e+00 1.1407668082e-02 1.7039034362e-02
3.0889850247e+01 2.0282826829e+01 2.1694964502e+01 6.5661784264e-01 5.8882597675e-02 2.7244395191e+02 2.3700852873e+00 -9.4600104151e-01 8.0134118088e+00 2.3748163534e-02 1.0000000000e+00
5.0695309107e+01 4.2370840984e+01 4.0314619574e+01 8.3579411450e-01 5.4938613369e-02 2.5348877389e+02 2.8618236086e+00 8.7382299089e-01 1.8151929993e+01 1.5057350953e-02 1.0000000000e+00
8.1934665027e+01 8.0771157649e+01 7.0819649816e+01 9.8579957119e-01 2.2923922533e-01 1.1799058495e+03 2.0566797377e+00 8.3646154761e-01 8.3882835878e+00 1.0892169128e-02 1.0000000000e+00
9.2161679520e+00 8.0450963351e+00 7.4926329397e+00 8.7293291279e-01 2.1515592995e-03 9.5490084076e+00 2.3742244207e+02 7.0032096479e-01 1.1189318509e+01 8.4892664571e-03 8.5435300241e-03
4.6296204140e+01 4.4759897357e+01 3.9627700254e+01 9.6681570743e-01 1.2287534275e-01 5.9353162604e+02 3.8434755900e+00 8.6503179252e-01 8.7369285620e+00 1.3105170821e-02 1.0000000000e+00
1.0395327923e+01 9.6765733963e+00 8.7300789387e+00 9.3085792657e-01 9.7927304523e-03 4.3715350849e+01 1.3030585811e+00 9.7276094478e-01 1.2937974502e+01 5.4078888731e-02 1.0000000000e+00
3.9231171687e+01 2.3851547885e+01 2.6467116375e+01 6.0797439535e-01 5.2968052647e-02 2.4405532576e+02 2.3592190359e+00 -8.5726941819e-01 1.0383215056e+01 2.1082956152e-02 1.0000000000e+00
3.3925593783e+01 2.8729907452e+01 2.7159712541e+01 8.4685054110e-01 7.2106865819e-02 3.3672166099e+02 3.7517778326e+00 8.7200575533e-01 9.0875506176e+00 1.7237718994e-02 1.0000000000e+00
3.9597910707e+01 3.1176939154e+01 3.0544122798e+01 7.8733798318e-01 3.3687951007e-03 1.4965242104e+01 1.5351289408e+02 1.5604957598e-01 1.1016879881e+01 4.1507231399e-03 4.1920224071e-03
3.1360113540e+01 1.3793239872e+01 1.7811001788e+01 4.3983386268e-01 3.3814941522e-02 1.5367157564e+02 2.8257177825e+00 7.0321510167e-01 8.6161406684e+00 2.5529392406e-02 1.0000000000e+00
3.4689395975e+01 3.0444319858e+01 2.8278777923e+01 8.7762611609e-01 5.5781931810e-02 2.5753349480e+02 2.4942600878e+00 -9.9645693712e-01 1.2576038745e+01 1.9777473090e-02 1.0000000000e+00
7.1444696402e+01 6.2984759429e+01 5.8374664006e+01 8.8158761394e-01 8.0008663776e-02 3.7565378803e+02 1.0035456094e+00 -6.4047778171e-01 1.1827967024e+01 1.7440625395e-02 1.0000000000e+00
7.5671777370e+01 5.1621378821e+01 5.4212209776e+01 6.8217478980e-01 1.7583285728e-01 8.7763899766e+02 3.5140435140e+00 -9.1495641216e-01 9.4929927544e+00 1.0825959015e-02 1.0000000000e+00
4.0958026337e+01 3.7240403917e+01 3.3991664782e+01 9.0923336028e-01 2.9655228677e-02 1.3435783334e+02 1.5551663026e+01 8.8061676999e-01 1.4215244678e+01 9.0149695414e-03 1.0078337224e-02
2.5113223199e+01 2.4460140618e+01 2.1575812820e+01 9.7399447389e-01 3.4350928613e-02 1.5616844734e+02 1.8931125708e+00 6.4520370760e-01 9.1008880599e+00 2.6307686431e-02 1.0000000000e+00
4.1277382098e+01 3.9510225693e+01 3.5154752439e+01 9.5718826354e-01 3.7264418764e-02 1.6977369296e+02 4.5230359918e+00 -4.7243197025e-01 1.2740204479e+01 1.3962510856e-02 3.1354541145e-02
4.0766082401e+01 2.4486352442e+01 2.7328418528e+01 6.0065502986e-01 2.3666554547e-02 1.0675235573e+02 2.6158760418e+00 5.0079980717e-01 1.6087518186e+01 2.0233973364e-02 1.0000000000e+00
3.5075898951e+01 2.5675964925e+01 2.6062101334e+01 7.3201160038e-01 2.6074378593e-02 1.1782300935e+02 2.1473460910e-01 -8.0095633408e-01 1.0216226359e+01 5.3145292976e-02 1.0000000000e+00
3.3560322193e+01 2.4550985782e+01 2.4927854649e+01 7.3154797625e-01 2.5940200541e-02 1.1720507839e+02 1.1436035843e+01 -6.8362483838e-01 1.0318229955e+01 1.2308016875e-02 1.4463997748e-02
7.1948649469e+01 6.4010161366e+01 5.9058371793e+01 8.8966452933e-01 1.6354244423e-01 8.1028012711e+02 2.6153047334e+00 -9.2079431316e-01 1.0580887166e+01 1.1539448896e-02 1.0000000000e+00
4.8742452486e+01 3.9448210051e+01 3.8130832426e+01 8.0931935180e-01 3.3257443285e-02 1.5107649287e+02 5.7511859906e+00 -9.8794864008e-01 2.4701569325e+01 1.2157203745e-02 1.8988607698e-02
8.0214496286e+01 6.1164002643e+01 6.0865694547e+01 7.6250560029e-01 6.2071252469e-02 2.8784140178e+02 4.0049356599e+00 8.3131155599e-01 2.7370880688e+01 1.0218061605e-02 1.2599037973e-01
7.1823020445e+01 6.4241675308e+01 5.9115208113e+01 8.9444407809e-01 2.1172863712e-01 1.0791198296e+03 3.5622276009e+00 -9.3190453049e-01 9.0841301865e+00 1.0013473371e-02 1.0000000000e+00
4.5124705797e+01 3.3125748436e+01 3.3577679254e+01 7.3409339410e-01 6.3470756421e-02 2.9461974982e+02 1.7674608359e+00 -7.0984855805e-01 9.2550693540e+00 2.0122383679e-02 1.0000000000e+00
2.8273527908e+01 2.6939073716e+01 2.4024256397e+01 9.5280199215e-01 2.3538863453e-02 1.0616633184e+02 3.1443157527e+01 -9.5214152451e-01 9.9926059317e+00 8.6323095196e-03 9.0841967403e-03
1.0984233879e+01 4.8475718343e+00 6.2498605118e+00 4.4132088662e-01 1.6231477144e-03 7.2009087414e+00 2.4815118628e+02 4.4758791999e-01 8.8969724368e+00 9.3549815725e-03 9.4121644197e-03
2.8658603659e+01 2.3764991739e+01 2.2699184549e+01 8.2924457943e-01 3.5152828110e-02 1.5990757307e+02 1.6527443011e+00 -8.4778401608e-01 1.1541309283e+01 2.6804605011e-02 1.0000000000e+00
4.1112813751e+01 3.5997204151e+01 3.3475372807e+01 8.7557140626e-01 5.3320526541e-02 2.4574085795e+02 1.2886406222e+01 8.6136033744e-01 8.3071945499e+00 9.6286983267e-03 1.1068651175e-02
6.9192003061e+01 5.0264245122e+01 5.1209114560e+01 7.2644587377e-01 1.2551994047e-01 6.0733473800e+02 3.4557541774e+00 -8.4106086999e-01 1.1163337812e+01 1.1601907262e-02 1.0000000000e+00
8.6062429028e+01 7.8741156478e+01 7.1649951683e+01 9.1493067726e-01 1.5238721987e-01 7.4987856611e+02 2.5364631129e+00 -5.6458155191e-01 9.4564073322e+00 1.0407012518e-02 1.0000000000e+00
3.2860231219e+01 2.5887494537e+01 2.5354682083e+01 7.8780621976e-01 2.6492963252e-02 1.1975148440e+02 2.2835382667e+01 -7.2453660946e-01 8.3733986080e+00 9.3930966631e-03 1.0096514744e-02
2.3929036476e+01 1.7096588977e+01 1.7558595231e+01 7.1447042984e-01 1.8084492805e-03 8.0241164511e+00 3.0616767152e+02 -3.8090500913e-01 1.2744301568e+01 4.5330390233e-03 4.5554491978e-03
7.2762715661e+01 5.2680645065e+01 5.3758414813e+01 7.2400603230e-01 1.7162838133e-01 8.5450103562e+02 3.1392670315e+00 -8.9736898626e-01 9.1858154567e+00 1.1378563432e-02 1.0000000000e+00
3.3552834028e+01 3.2811470793e+01 2.8884578487e+01 9.7790460159e-01 4.6738802545e-02 2.1439877838e+02 9.9748807696e+00 -8.3323193618e-01 8.5662756077e+00 1.1668502586e-02 1.4141062868e-02
9.8522658744e+00 7.1866241585e+00 7.3071559086e+00 7.2943871492e-01 3.0124637660e-03 1.3378663639e+01 2.0481174460e+02 6.8060165913e-01 8.0947452714e+00 9.1096875597e-03 9.1773149746e-03
4.0372643558e+01 2.3363992000e+01 2.6540109775e+01 5.7870850014e-01 3.4554455074e-02 1.5711705914e+02 2.6926393948e+00 -4.2885861121e-01 9.8129033652e+00 2.0250878867e-02 1.0000000000e+00
2.3386529899e+01 1.6586800903e+01 1.7095546279e+01 7.0924591954e-01 2.3239371254e-02 1.0479227024e+02 6.6278884276e+00 9.6202603319e-01 1.2012199300e+01 1.9147734915e-02 2.7088222396e-02
7.3243617015e+01 6.4188646864e+01 5.9664919923e+01 8.7637188713e-01 1.0676192398e-01 5.1032801195e+02 1.0878070573e+01 -9.3431993012e-01 8.7049372445e+00 6.9319511915e-03 8.2321346006e-03
2.7185053263e+01 2.4867208882e+01 2.2630097065e+01 9.1473828069e-01 4.5015902926e-02 2.0624047558e+02 1.2377817130e+00 9.5473489316e-01 9.3659577282e+00 2.9754208162e-02 1.0000000000e+00
5.4490288279e+01 3.7329021992e+01 3.9123042834e+01 6.8505825848e-01 2.4217371462e-02 1.0928150634e+02 4.8679961541e+01 8.5778093056e-01 9.7415917620e+00 5.4000643040e-03 5.5765162218e-03
8.3811331948e+01 9.5299829871e+00 2.2254720169e+01 1.1370757111e-01 3.1769193899e-02 1.4415886921e+02 3.6069611532e+00 -6.5463827078e-01 1.2195791893e+01 2.0293864649e-02 1.0000000000e+00
8.2312651116e+01 5.2777928816e+01 5.7098716548e+01 6.4118854271e-01 9.9589990903e-02 4.7379620420e+02 7.3016483056e+00 7.4350093458e-01 9.1543489421e+00 8.3076310099e-03 1.1187575689e-02
4.1517470480e+01 3.9269225265e+01 3.5148108809e+01 9.4584821306e-01 6.3753085637e-02 2.9598868631e+02 8.9573471491e-01 -7.0626596338e-01 8.1670268722e+00 2.5228371575e-02 1.0000000000e+00
2.6605261222e+01 1.9957870746e+01 2.0018918105e+01 7.5014752081e-01 2.1830788753e-02 9.8337715186e+01 6.4895597753e+00 -5.3920825551e-01 9.6873535577e+00 1.7501601343e-02 2.5067587621e-02
1.6455139719e+01 9.8461189177e+00 1.1008919198e+01 5.9836130752e-01 3.6887592422e-03 1.6390627720e+01 1.2486807656e+02 6.1780452541e-01 1.1278106824e+01 8.4851909376e-03 8.5894241427e-03
3.8470934659e+01 3.5718544509e+01 3.2266170942e+01 9.2845533454e-01 4.5451705088e-02 2.0830227969e+02 2.3279506489e+00 7.1385228467e-01 1.3130719093e+01 1.8805004904e-02 1.0000000000e+00
4.0017101472e+01 3.4711228824e+01 3.2428907244e+01 8.6740987096e-01 2.9307755749e-02 1.3274964878e+02 1.0971031180e+01 -5.1987810611e-01 1.0336625014e+01 1.0584113166e-02 1.2546161790e-02
4.7972545239e+01 4.0339163824e+01 3.8267327547e+01 8.4088020810e-01 3.8639394450e-02 1.7621373217e+02 1.7891153165e+01 -5.8915727892e-01 8.2469830742e+00 7.8999308530e-03 8.6863195625e-03
3.3029633103e+01 3.2392779704e+01 2.8475140053e+01 9.8071872621e-01 1.8579159442e-02 8.3488115368e+01 5.7274559682e+00 8.3738495415e-01 2.6336748416e+01 1.4745081387e-02 2.3112941168e-02
3.4963257277e+01 2.7157472674e+01 2.6782642991e+01 7.7674320957e-01 6.9821209476e-02 3.2553312888e+02 3.7729632200e+00 7.7069474146e-01 8.2546150794e+00 1.7375482814e-02 1.0000000000e+00
5.9706495568e+01 3.9529853324e+01 4.2114719751e+01 6.6206956123e-01 7.8928722337e-02 3.7030994065e+02 2.0256646750e+00 6.5414519989e-01 9.6568249703e+00 1.6446225527e-02 1.0000000000e+00
4.3396363528e+01 4.1116734753e+01 3.6770401283e+01 9.4746958986e-01 2.9704683215e-02 1.3458678493e+02 1.4183701899e+01 -9.1513266722e-01 1.6630658317e+01 8.8841878735e-03 1.0059449225e-02
7.6649353220e+01 7.5291471577e+01 6.6132915948e+01 9.8228449967e-01 1.1652078766e-01 5.6053417391e+02 4.5222650383e+00 -5.5183053271e-01 9.9619168565e+00 8.9843039300e-03 2.0185236020e-02
5.5583856068e+01 4.4667686200e+01 4.3325847296e+01 8.0360898577e-01 1.3490286883e-01 6.5663925030e+02 2.0038104283e+00 -9.4124737515e-01 8.2482966250e+00 1.5718402544e-02 1.0000000000e+00
8.0556381273e+01 6.8844364349e+01 6.4790368926e+01 8.5461093536e-01 5.6882644989e-02 2.6281957037e+02 1.9573138573e+01 8.6764520556e-01 1.0648632270e+01 5.4367242271e-03 5.9233708722e-03
7.0279743185e+01 3.2713209608e+01 4.1150061767e+01 4.6547138800e-01 1.1151705431e-01 5.3472033011e+02 4.6535966034e+00 -9.2331109751e-01 8.8469718056e+00 1.1990045442e-02 2.5032281515e-02
6.0530363388e+01 5.2638358639e+01 4.9115671907e+01 8.6961907534e-01 1.2468606463e-01 6.0297798352e+02 2.8456950098e+00 7.2405203042e-01 8.9322897737e+00 1.2814243832e-02 1.0000000000e+00
2.3230181092e+01 1.9810457875e+01 1.8663475598e+01 8.5278964451e-01 1.7693501600e-02 7.9455679241e+01 1.1158608988e+01 7.8357985525e-01 1.2022217885e+01 1.4960152400e-02 1.7669694856e-02
1.4675710369e+01 1.1554417479e+01 1.1320047025e+01 7.8731572020e-01 9.4569514866e-03 4.2205686169e+01 2.6572128799e+01 8.5186881972e-01 1.0046493417e+01 1.4843996418e-02 1.5780509710e-02
2.5623458883e+01 1.9607324666e+01 1.9478110910e+01 7.6520991000e-01 1.0255244663e-02 4.5796060678e+01 4.8734550224e+01 -7.8351902854e-01 1.2845359092e+01 8.4187122286e-03 8.6934742530e-03
3.6846422901e+01 1.9242975269e+01 2.2941635556e+01 5.2224812489e-01 1.6174785572e-02 7.2553088974e+01 6.3749581503e+01 9.1088908309e-01 9.3976446571e+00 6.8469356602e-03 7.0153553329e-03
7.2566222815e+01 6.5915114689e+01 6.0194036617e+01 9.0834429755e-01 1.6728077214e-01 8.3067901670e+02 3.0742988435e+00 6.5995056150e-01 8.2350402539e+00 1.0710517680e-02 1.0000000000e+00
2.6724342351e+01 2.2844643689e+01 2.1496751799e+01 8.5482528958e-01 3.7812099716e-03 1.6802609127e+01 6.8167940968e+01 -2.7934269328e-01 1.7333935677e+01 7.0076231229e-03 7.1683469005e-03
3.2515667268e+01 2.9392199425e+01 2.6905786153e+01 9.0393960497e-01 3.8254276486e-02 1.7440869356e+02 1.9348992997e+01 -9.5779049777e-01 8.5344498259e+00 9.5626986716e-03 1.0430314431e-02
1.0402809910e+01 5.8065901229e+00 6.7094931242e+00 5.5817516356e-01 3.6654882481e-03 1.6286936019e+01 2.1607016706e+01 -6.6716205774e-01 1.1670429300e+01 2.2324076429e-02 2.4105402498e-02
8.3251227048e+01 8.1236465877e+01 7.1590981582e+01 9.7579902132e-01 1.4130314831e-01 6.9056548857e+02 4.4227345584e+00 4.9539698982e-01 8.6330306579e+00 8.5040260566e-03 2.0510830848e-02
3.1173079761e+01 2.1329441492e+01 2.2367605002e+01 6.8422631501e-01 1.3993614758e-02 6.2666606372e+01 1.6785125962e+01 -4.3853670460e-01 1.0815846645e+01 1.1489200954e-02 1.2723956427e-02
2.9994399225e+01 2.0844243816e+01 2.1695866369e+01 6.9493786687e-01 1.0817525320e-02 4.8327527429e+01 3.0528170702e+01 6.4011188058e-01 1.3966266457e+01 9.3756600030e-03 9.8826725100e-03
3.3010176606e+01 3.2380236999e+01 2.8461245780e+01 9.8091680592e-01 2.4292192051e-02 1.0962521030e+02 8.9255719758e-01 -9.9269793856e-01 2.1923214286e+01 2.9512677824e-02 1.0000000000e+00
3.1120535307e+01 3.0079362543e+01 2.6634176457e+01 9.6654386714e-01 1.4059818398e-02 6.2966215592e+01 7.7208220422e+01 -7.8760487286e-01 9.2108510203e+00 5.8124286548e-03 5.9295470551e-03
2.8086558319e+01 2.2000734053e+01 2.1608066441e+01 7.8331897428e-01 1.6616878995e-02 7.4560821643e+01 3.7483459035e+01 -8.4458035962e-01 1.0531401145e+01 8.6720666257e-03 9.0469275014e-03
2.2076948518e+01 2.1725984112e+01 1.9065599419e+01 9.8410267587e-01 2.8503343199e-02 1.2902969482e+02 6.9462775053e+00 8.4947057197e-01 9.8027080658e+00 1.7517760609e-02 2.4163398537e-02
5.7487910088e+01 5.2502027346e+01 4.7816850297e+01 9.1327076016e-01 2.5009028417e-02 1.1292002649e+02 1.5569743302e+01 8.4595245868e-01 2.2508939331e+01 7.3008308755e-03 8.1607756079e-03
5.0045601013e+01 3.6163657758e+01 3.6937897655e+01 7.2261411645e-01 4.5325905286e-02 2.0770698773e+02 4.0187332985e+00 3.4018058849e-01 1.0927541721e+01 1.4082665675e-02 1.0543576872e-01
3.0098540381e+01 2.7275076322e+01 2.4937011195e+01 9.0619265843e-01 2.1238096972e-02 9.5625758469e+01 1.4120894920e+00 -9.3750796155e-01 2.2555070512e+01 2.7038978476e-02 1.0000000000e+00
4.9173377215e+01 2.3230932294e+01 2.9021851939e+01 4.7242905836e-01 3.4581494848e-02 1.5724310862e+02 1.6417831825e+01 -9.3209093169e-01 1.0640730754e+01 9.7217886275e-03 1.0794994742e-02
1.8315701308e+01 1.3560404070e+01 1.3688777333e+01 7.4037045277e-01 1.8631866252e-02 8.3728256508e+01 8.7047049607e+00 -7.4149271345e-01 8.0780634606e+00 1.9919309233e-02 2.5088944866e-02
2.9597288594e+01 2.2189517807e+01 2.2263633765e+01 7.4971454688e-01 6.8972854607e-02 3.2138869905e+02 3.0951847311e+00 9.9780017210e-01 8.0156073413e+00 2.1016557183e-02 1.0000000000e+00
2.4789436246e+01 2.2441950888e+01 2.0528169011e+01 9.0530299539e-01 4.3580298493e-02 1.9945724800e+02 1.9933387143e+00 8.5206632819e-01 8.6812262851e+00 2.6471605134e-02 1.0000000000e+00
1.9154780692e+01 1.2156990919e+01 1.3216621040e+01 6.3467137078e-01 4.2825958420e-03 1.9037906756e+01 1.4347571763e+02 -9.2561012614e-01 1.5093935259e+01 7.1823837762e-03 7.2589454450e-03
1.1058288124e+01 1.0478050859e+01 9.3701526560e+00 9.4752919634e-01 1.8136717308e-03 8.0473207200e+00 4.4891583639e+02 -9.1704557176e-01 1.4036492035e+01 5.8146741579e-03 5.8342230804e-03
4.6230685141e+01 3.6129508964e+01 3.5524826130e+01 7.8150494317e-01 2.9596287673e-02 1.3408498483e+02 2.8882434209e+01 -6.1056441119e-01 8.0166822305e+00 6.9531842872e-03 7.3529495837e-03
2.8534194665e+01 2.1620448012e+01 2.1581218268e+01 7.5770310904e-01 2.4626349917e-02 1.1116068664e+02 8.5145354906e+00 4.9744013240e-01 8.0622926809e+00 1.5055994922e-02 1.9100288091e-02
6.6401694100e+01 6.1801572905e+01 5.5760594361e+01 9.3072283385e-01 7.4512867686e-02 3.4853470664e+02 3.6895158880e+00 4.9915265060e-01 1.3822296119e+01 1.1049569027e-02 1.0000000000e+00
4.3697951068e+01 3.3570630765e+01 3.3285244922e+01 7.6824267372e-01 1.4426644202e-02 6.4626843556e+01 3.2235088847e+01 8.5189146846e-01 1.9372962297e+01 7.0145879258e-03 7.3719020422e-03
9.9557581612e+00 9.8457173269e+00 8.6189331116e+00 9.8894701614e-01 3.9934316324e-03 1.7748535993e+01 4.5217468488e+01 -9.6170100756e-01 1.6401679643e+01 1.4469071495e-02 1.4980455242e-02
1.0713861459e+01 8.2876745818e+00 8.1897281835e+00 7.7354692454e-01 3.0389696921e-03 1.3496652619e+01 1.6141881892e+02 8.9964151078e-01 1.2634221695e+01 9.2751485110e-03 9.3628365215e-03
3.5270356847e+01 3.1323553032e+01 2.8925549654e+01 8.8809855732e-01 5.0617714824e-02 2.3283638234e+02 3.6060688204e+00 -4.9479133154e-01 8.8095122601e+00 1.7034485726e-02 1.0000000000e+00
1.1910360730e+01 8.6821962845e+00 8.8306089618e+00 7.2896165627e-01 1.8349686948e-03 8.1419488089e+00 1.1028404730e+02 7.7810986355e-01 2.2836966606e+01 1.0214960860e-02 1.0357464093e-02
4.3980363222e+01 4.3343760197e+01 3.8008820359e+01 9.8552528951e-01 1.0470047982e-02 4.6762884490e+01 5.0375831958e+01 -2.8738106989e-01 1.0926576813e+01 5.4743493489e-03 5.6468526188e-03
3.5429535458e+01 3.5274815378e+01 3.0775767801e+01 9.9563301980e-01 9.6537814634e-02 4.5834393347e+02 3.5329495093e+00 9.2620587546e-01 8.3746977459e+00 1.6077698783e-02 1.0000000000e+00
8.4586225538e+01 5.0865879544e+01 5.6738594168e+01 6.0134944219e-01 8.0485160962e-02 3.7801393310e+02 8.7558702379e+00 7.3164618754e-01 9.9982685720e+00 7.8772138924e-03 9.9031562933e-03
3.6998386583e+01 1.7916903034e+01 2.2127318230e+01 4.8426173919e-01 2.1456656539e-02 9.6625541318e+01 2.6443324687e+00 -4.8858021860e-01 1.3414574130e+01 2.3025510536e-02 1.0000000000e+00
3.6562769832e+01 2.6043217213e+01 2.6786567134e+01 7.1228786364e-01 2.3189782619e-02 1.0456481640e+02 6.4047135626e+00 9.1970064876e-01 2.0360891140e+01 1.4649154763e-02 2.1151988503e-02
1.5166926741e+01 1.2134537415e+01 1.1795471369e+01 8.0006567069e-01 1.3627592194e-02 6.1010675600e+01 2.4658965612e+01 9.6350566449e-01 8.4386224412e+00 1.4840006609e-02 1.5858384745e-02
3.3587845845e+01 2.8459679241e+01 2.6896910552e+01 8.4732076515e-01 1.1736279830e-02 5.2468463421e+01 3.3462053232e+01 8.4138595773e-01 1.9261194153e+01 7.9155746117e-03 8.3026367576e-03
6.0690625320e+01 5.2832457634e+01 4.9271594858e+01 8.7052089769e-01 8.4164819131e-02 3.9628715391e+02 5.9398486092e+00 -6.6087144826e-01 9.2785300065e+00 9.9299604878e-03 1.5107769400e-02
8.1408472951e+01 7.4225027334e+01 6.7656786736e+01 9.1176046723e-01 4.7395159779e-02 2.1751181723e+02 2.4630787731e+01 8.0281312041e-01 1.0060327979e+01 4.8820550643e-03 5.2175138134e-03
5.0911288256e+01 4.9456684977e+01 4.3682191928e+01 9.7142866879e-01 3.6164114653e-02 1.6462903531e+02 2.0041675317e+01 -6.7824559796e-01 1.0347258304e+01 6.9801117950e-03 7.5878544379e-03
3.7458078891e+01 2.9770207747e+01 2.9032605346e+01 7.9476066655e-01 3.9982609416e-02 1.8251691167e+02 4.8439692852e+00 7.3265152330e-01 1.2312312260e+01 1.5311762017e-02 2.9485140232e-02
2.8895133435e+01 1.8941077861e+01 2.0276186682e+01 6.5551100165e-01 3.6155603195e-02 1.6458926938e+02 1.1071749856e+00 8.1862282964e-01 8.4913322341e+00 3.3406625264e-02 1.0000000000e+00
2.9475015341e+01 1.9494813619e+01 2.0779646681e+01 6.6140130524e-01 1.9656377205e-02 8.8399778552e+01 3.7406125489e+01 -9.7150562300e-01 9.7949005499e+00 8.8768671712e-03 9.2614386294e-03
3.5594837123e+01 3.2829919566e+01 2.9754416975e+01 9.2232251135e-01 6.3836855106e-02 2.9639495851e+02 4.1889567956e+00 7.0625484956e-01 8.7606843958e+00 1.5698728898e-02 5.0178566684e-02
8.6190465885e+01 8.2883288708e+01 7.3576730021e+01 9.6162943147e-01 9.3676898353e-02 4.4391153278e+02 1.3545970840e+01 -8.6935685328e-01 9.1990296307e+00 5.6425249892e-03 6.4338325491e-03
2.6634413211e+01 2.3922459843e+01 2.1968142623e+01 8.9817859523e-01 4.0451169130e-02 1.8471844157e+02 5.6781380250e+00 9.2738592668e-01 9.8001672515e+00 1.7167581282e-02 2.7116021053e-02
3.4514355189e+01 2.3526343760e+01 2.4716444380e+01 6.8163938255e-01 2.1145671453e-02 9.5203061013e+01 7.3568361899e-01 9.2991852574e-01 1.8746776146e+01 3.4722862936e-02 1.0000000000e+00
8.1208707360e+01 7.4436973271e+01 6.7671743749e+01 9.1661320184e-01 2.5738970428e-01 1.3452545924e+03 2.1729708136e+00 -9.6303076444e-01 8.2803730760e+00 1.0823114201e-02 1.0000000000e+00
4.2591567931e+01 2.9289707297e+01 3.0640795846e+01 6.8768793260e-01 3.3982027244e-02 1.5444973502e+02 3.2646521730e+01 9.8614562930e-01 8.7973715570e+00 7.2648015401e-03 7.6297557831e-03
1.0080031366e+01 7.5878621753e+00 7.5982195037e+00 7.5276176231e-01 7.3481231523e-03 3.2741746378e+01 2.9435417014e+00 4.2595585767e-01 9.5072964899e+00 4.3517334353e-02 1.0000000000e+00
3.1152646808e+01 3.0905681660e+01 2.7012199725e+01 9.9207241846e-01 8.0545489688e-02 3.7831284881e+02 2.7707911000e+00 -9.3430452932e-01 8.0223953345e+00 1.9283792274e-02 1.0000000000e+00
8.5037351630e+01 7.2318388796e+01 6.8224217410e+01 8.5043086844e-01 1.0384203697e-01 4.9541737781e+02 2.0928297845e+00 7.0834886618e-01 1.4536225269e+01 1.1847237517e-02 1.0000000000e+00
2.7517694551e+01 2.6842436078e+01 2.3659430443e+01 9.7546093581e-01 1.7284752379e-02 7.7596392314e+01 6.7976481649e+00 -2.7101673349e-01 1.0528046048e+01 1.5537529784e-02 2.1675497235e-02
3.1502736181e+01 2.5402888031e+01 2.4598452359e+01 8.0637084616e-01 5.4594601367e-02 2.5184013133e+02 4.8940845909e+00 9.6513375226e-01 9.4502071314e+00 1.6770581110e-02 3.1725460486e-02
5.3524713204e+01 4.3336691450e+01 4.1880890558e+01 8.0965761151e-01 4.7274989620e-02 2.1694165380e+02 3.2654941614e+00 2.8595110258e-01 1.1223299355e+01 1.4056979164e-02 1.0000000000e+00
5.5029316757e+01 1.8028256391e+01 2.6619240472e+01 3.2761185225e-01 1.4916095530e-02 6.6844003040e+01 6.5670841316e+01 8.5953983980e-01 1.0476766090e+01 6.1750417850e-03 6.3222936833e-03
8.2254504303e+01 3.6981604169e+01 4.7272187821e+01 4.4959974512e-01 3.8950505061e-02 1.7767260605e+02 7.7483545640e+00 5.8187456791e-01 1.4981580387e+01 9.4725484480e-03 1.2437415496e-02
3.7641729572e+01 2.4327096325e+01 2.6219309703e+01 6.4627998241e-01 2.7957699798e-02 1.2650883015e+02 2.6711089965e+01 8.4791357894e-01 8.8363920181e+00 8.6653992726e-03 9.2089197951e-03
3.4584989608e+01 2.3555511216e+01 2.4756677339e+01 6.8109059692e-01 2.3454210708e-02 1.0577788719e+02 1.2970493252e+01 -7.5183982115e-01 1.1703837124e+01 1.1808957919e-02 1.3560138898e-02
4.3551323011e+01 3.8406516297e+01 3.5589809305e+01 8.8186795812e-01 7.2897567899e-02 3.4059986729e+02 8.3854657394e+00 9.6494399761e-01 8.7198253012e+00 1.0762684168e-02 1.3724211301e-02
1.1179180134e+01 4.6000000000e+00 6.1246853858e+00 4.1147919123e-01 3.0981652140e-03 1.3760173883e+01 1.1688648398e+02 -9.0055822171e-01 9.9971534604e+00 1.2552843646e-02 1.2717829551e-02
5.5325475352e+01 3.3901509366e+01 3.7478937428e+01 6.1276489990e-01 8.0553152406e-02 3.7835081753e+02 7.5216473816e+00 9.8708040162e-01 9.0042100536e+00 1.0805814346e-02 1.4363000138e-02
4.0564154779e+01 2.4226659680e+01 2.7111833831e+01 5.9724305393e-01 8.2256896011e-02 3.8680190818e+02 2.4134351131e+00 9.9278832627e-01 8.0939512096e+00 2.0241915054e-02 1.0000000000e+00
8.3411307003e+01 6.0583414183e+01 6.1727386303e+01 7.2632136289e-01 1.4056421497e-01 6.8663646311e+02 9.8368758869e-01 -9.6274362526e-01 1.0571269747e+01 1.6400261673e-02 1.0000000000e+00
3.7124563203e+01 2.3824236538e+01 2.5764111822e+01 6.4173782753e-01 2.7158437538e-02 1.2281979588e+02 1.9993624356e+00 1.9188287766e-01 8.3979874292e+00 2.3170133524e-02 1.0000000000e+00
6.1584851162e+01 6.1198705134e+01 5.3444329888e+01 9.9372985368e-01 6.7406783808e-02 3.1374995168e+02 2.2439992669e+00 9.0437446793e-01 2.0562444098e+01 1.3729113008e-02 1.0000000000e+00
7.0458500396e+01 6.1032466189e+01 5.7058113073e+01 8.6621863716e-01 1.3856086962e-01 6.7600026462e+02 2.6311212348e+00 -7.0850253722e-01 9.3815062039e+00 1.1924684123e-02 1.0000000000e+00
4.3155231184e+01 3.6353327371e+01 3.4455915440e+01 8.4238518423e-01 7.0218580090e-02 3.2747594288e+02 2.3148312487e+00 6.9150007821e-01 9.0866462965e+00 1.7824436837e-02 1.0000000000e+00
1.6089593609e+01 1.5151766280e+01 1.3591237966e+01 9.4171218044e-01 1.2272841050e-02 5.4889431502e+01 5.3415740610e+01 9.4478554529e-01 8.4845236073e+00 1.0172949690e-02 1.0474260632e-02
2.5216874563e+01 2.0979668158e+01 2.0006541929e+01 8.3196940627e-01 1.8439235720e-02 8.2850689061e+01 1.4098725040e+01 9.2880310436e-01 1.3585792124e+01 1.3115544743e-02 1.4863764585e-02
1.0038557369e+01 6.9249175611e+00 7.2335016270e+00 6.8983194562e-01 8.0281536824e-03 3.5790292567e+01 7.6236984253e+00 8.9988269982e-01 1.0497604181e+01 3.1393903863e-02 4.1493058364e-02
4.2525228650e+01 3.3825539644e+01 3.2974039398e+01 7.9542287527e-01 1.1360249648e-01 5.4546077166e+02 4.0207583935e+00 -9.5450687433e-01 8.0676627065e+00 1.4529186008e-02 1.0469094559e-01
3.6547693310e+01 3.3652218572e+01 3.0525085589e+01 9.2077544501e-01 5.9291691975e-02 2.7441577915e+02 6.9199072398e+00 8.4590101796e-01 8.4917525027e+00 1.2833285481e-02 1.7736260635e-02
6.0127087748e+01 5.9634375954e+01 5.2128675441e+01 9.9180549379e-01 3.0514829960e-02 1.3833968089e+02 1.7803445919e+01 4.3587306545e-01 1.1166465188e+01 6.5561651047e-03 7.2126289179e-03
2.2325575669e+01 2.0337403475e+01 1.8545932155e+01 9.1094643097e-01 1.4697362587e-02 6.5852969185e+01 5.5282498046e+01 9.6473822588e-01 9.8204404374e+00 8.2572345652e-03 8.4931061978e-03
2.7478517409e+01 2.1556463018e+01 2.1156376097e+01 7.8448420986e-01 2.0542697110e-02 9.2446821210e+01 2.8714760383e+00 -6.5663277129e-01 1.6641803742e+01 2.2972645345e-02 1.0000000000e+00
4.1007450979e+01 3.5630460967e+01 3.3259965666e+01 8.6887773116e-01 3.9354756855e-02 1.7956918389e+02 8.2809721227e-01 -5.9748091008e-01 1.0488097278e+01 2.7287374049e-02 1.0000000000e+00
4.6298103670e+01 3.9582416827e+01 3.7244347748e+01 8.5494682698e-01 6.1211144440e-02 2.8368172668e+02 1.1638555973e+01 -8.1584926741e-01 8.0950484261e+00 9.3147182124e-03 1.0908189124e-02
7.4418804866e+01 5.9817736010e+01 5.8014085048e+01 8.0379866510e-01 2.3075408834e-01 1.1887002958e+03 2.4609738640e+00 -9.9696822192e-01 8.0546306205e+00 1.1526306357e-02 1.0000000000e+00
9.9408143592e+00 4.6000000000e+00 5.8021657512e+00 4.6273874894e-01 1.9089948302e-03 8.4708906215e+00 1.5772423830e+02 -5.3035394780e-01 9.0478812919e+00 1.1613077498e-02 1.1725486138e-02
2.4767902834e+01 1.9271727117e+01 1.8989660107e+01 7.7809281013e-01 1.1002322161e-02 4.9159973024e+01 2.9892335228e+01 8.8441579610e-01 1.5801618782e+01 1.0269338305e-02 1.0837726692e-02
5.8890902816e+01 3.0531970551e+01 3.6525158070e+01 5.1844969412e-01 6.5800143712e-02 3.0592939914e+02 7.2925716892e+00 -7.1472126189e-01 8.0266976776e+00 1.1205288784e-02 1.5098284480e-02
4.4589933213e+01 3.7856147197e+01 3.5742912452e+01 8.4898416458e-01 5.9750994044e-02 2.7663087670e+02 2.6789638569e+00 -4.3933401069e-01 8.4479528536e+00 1.6593464340e-02 1.0000000000e+00
3.1382069379e+01 2.5975567614e+01 2.4833030651e+01 8.2772003658e-01 9.9505861133e-03 4.4425333320e+01 1.9446772837e+01 -7.1750016074e-01 2.2878421760e+01 1.0209906354e-02 1.1130775585e-02
4.8923354969e+01 4.5387335954e+01 4.1016478313e+01 9.2772329254e-01 5.5857963556e-02 2.5789838147e+02 6.5726845962e+00 -9.6677134062e-01 1.4874349082e+01 1.0899705852e-02 1.5494350292e-02
3.2113126559e+01 2.1985480524e+01 2.3049096979e+01 6.8462597325e-01 1.3532139502e-02 6.0578983570e+01 4.3593161001e+00 9.7381830275e-01 3.7752955562e+01 1.8699573764e-02 4.7677100850e-02
3.3642983100e+01 3.1680350354e+01 2.8418229434e+01 9.4166293932e-01 4.1978256838e-02 1.9190337791e+02 8.0381607983e+00 8.5039665393e-01 1.0328163212e+01 1.2818204290e-02 1.6593656451e-02
3.4662534587e+01 3.3838581674e+01 2.9814254253e+01 9.7622929418e-01 4.0697932529e-02 1.8587843465e+02 1.0574779136e+00 -7.8954725871e-01 1.1792571127e+01 2.6636435190e-02 1.0000000000e+00
3.5548651418e+01 3.2741359929e+01 2.9694804433e+01 9.2102959247e-01 3.1485974187e-02 1.4284406529e+02 1.7122628501e+01 -7.3861945416e-01 9.5319637613e+00 9.4513088976e-03 1.0442946605e-02
8.0881385331e+01 7.5496304391e+01 6.8018900277e+01 9.3342002096e-01 1.2330128826e-01 5.9575199993e+02 5.4934528653e+00 -6.5485790193e-01 9.5783898049e+00 8.1757019888e-03 1.3324326265e-02
6.4726902839e+01 6.4722452744e+01 5.6346104671e+01 9.9993124814e-01 1.1531737033e-01 5.5431219095e+02 4.1857059939e+00 -9.7833766787e-01 1.4594194069e+01 1.0229243001e-02 3.2900086904e-02
4.1928721092e+01 3.7433645356e+01 3.4477940873e+01 8.9279244351e-01 1.1232296456e-01 5.3886784240e+02 3.4607279683e+00 9.4000429485e-01 8.4336745491e+00 1.4958061152e-02 1.0000000000e+00
3.4106484894e+01 3.2414952244e+01 2.8943902351e+01 9.5040436869e-01 3.3592033399e-02 1.5263372246e+02 2.8714321894e+00 -9.1104494755e-01 2.0201047297e+01 1.8736668919e-02 1.0000000000e+00
2.0290328506e+01 2.0270914488e+01 1.7655304041e+01 9.9904318854e-01 3.4337798156e-02 1.5610725721e+02 1.3590967890e+00 -9.1112884111e-01 8.7305236224e+00 3.3766873458e-02 1.0000000000e+00
3.0843040333e+01 1.4887201370e+01 1.8413716289e+01 4.8267619565e-01 7.8280024867e-03 3.4892699801e+01 1.4264714069e+02 9.7421058744e-01 1.0840165884e+01 5.8377053883e-03 5.9003018647e-03
5.2678616682e+01 4.6871535230e+01 4.3243191506e+01 8.8976397221e-01 1.0774767490e-02 4.8134950960e+01 9.1764449858e+01 9.6574892216e-01 1.4866107807e+01 4.0323687160e-03 4.1003287011e-03
3.1822520236e+01 1.9547111892e+01 2.1584848812e+01 6.1425404862e-01 4.5804236012e-03 2.0366499849e+01 1.5875524303e+02 -9.6009225407e-01 1.8140508317e+01 5.0881995818e-03 5.1371252260e-03
5.3491606142e+01 4.0858426620e+01 4.0624867278e+01 7.6382874934e-01 6.7859806826e-02 3.1595805087e+02 9.3371648087e+00 7.6924350210e-01 8.4127701367e+00 9.5449517327e-03 1.1772342549e-02
7.9398445559e+01 7.1938441533e+01 6.5777120216e+01 9.0604344992e-01 4.8132429933e-02 2.2101193380e+02 1.0578535066e+01 -7.4892679830e-01 1.7337953756e+01 6.8187424223e-03 8.1482700003e-03
6.5929234357e+01 5.9366594079e+01 5.4448356739e+01 9.0045932822e-01 2.0894864545e-01 1.0632677303e+03 2.8992401035e+00 -9.5405913992e-01 8.1115192557e+00 1.1404303862e-02 1.0000000000e+00
8.3298536979e+01 5.2432333339e+01 5.7227689021e+01 6.2945083120e-01 3.1589653624e-02 1.4332531997e+02 3.7998779633e+00 -2.3145089844e-01 2.3920177652e+01 1.1029641159e-02 1.0000000000e+00
3.8036228762e+01 1.3943775973e+01 1.9569487196e+01 3.6659196842e-01 2.8705541260e-02 1.2996434547e+02 2.8282027536e+00 4.3257938612e-01 8.1636034306e+00 2.4137106812e-02 1.0000000000e+00
3.6923075334e+01 2.4284639843e+01 2.5954728268e+01 6.5770902405e-01 5.3354246828e-02 2.4590215030e+02 1.3060799331e+00 -9.5253221543e-01 9.5493141157e+00 2.6634082985e-02 1.0000000000e+00
3.8743192747e+01 3.7340994492e+01 3.3110816567e+01 9.6380788068e-01 6.3300020216e-02 2.9379214213e+02 5.3378242146e+00 8.5336398972e-01 1.0003821846e+01 1.3412757472e-02 2.2536165713e-02
4.2768195146e+01 4.2303518059e+01 3.7028951045e+01 9.8913498489e-01 5.3639529192e-02 2.4726701706e+02 3.2718452371e+00 3.6448549956e-01 9.3734454344e+00 1.5113064819e-02 1.0000000000e+00
5.6384724291e+01 5.4664174187e+01 4.8329878201e+01 9.6948552775e-01 1.0016394913e-02 4.4721369030e+01 1.6611095830e+02 -8.9287688520e-01 8.5274774461e+00 3.0125295045e-03 3.0401920956e-03
2.7995470668e+01 2.6860994603e+01 2.3871535420e+01 9.5947644252e-01 1.4207258004e-02 6.3633569394e+01 2.3259486655e+01 -4.2965790379e-01 1.0071115331e+01 9.7598080985e-03 1.0475495155e-02
2.7089628038e+01 2.6950768272e+01 2.3522355538e+01 9.9487406155e-01 1.6374777379e-02 7.3461174338e+01 2.3165719252e+01 -4.6400521098e-01 9.0050215867e+00 9.8518863131e-03 1.0577660933e-02
3.2562032346e+01 2.8850090646e+01 2.6672540856e+01 8.8600399199e-01 2.6539944083e-02 1.1996800359e+02 4.5267171660e+00 -2.2406578855e-01 9.3389700214e+00 1.6695592329e-02 3.7404946640e-02
7.4440802895e+01 5.4605300313e+01 5.5370510832e+01 7.3353991614e-01 7.0858866141e-02 3.3060850123e+02 2.2144292897e+00 2.3348322755e-01 9.1774080140e+00 1.3468394608e-02 1.0000000000e+00
9.0248826381e+00 7.7553060354e+00 7.2788862753e+00 8.5932486288e-01 2.1631505604e-03 9.6005376771e+00 3.3138216924e+02 7.2092749453e-01 9.5285224517e+00 7.6281673890e-03 7.6629855634e-03
7.8173793290e+00 7.5105474288e+00 6.6702634027e+00 9.6075003051e-01 1.8867652763e-03 8.3721076839e+00 3.7569947517e+02 -9.9760172455e-01 1.2840989600e+01 7.6869579871e-03 7.7178751288e-03
7.1822293821e+01 6.5977364708e+01 5.9916013971e+01 9.1861957058e-01 1.1911942774e-01 5.7399923150e+02 7.8835049486e+00 -8.6538910556e-01 8.8538552871e+00 7.7470952567e-03 1.0102984847e-02
2.4417001727e+01 2.3695316370e+01 2.0939275495e+01 9.7044332612e-01 9.2460954799e-03 4.1258064063e+01 3.6657493517e+01 -8.6027258245e-01 1.8792752639e+01 8.9590198759e-03 9.3557362287e-03
6.0079806617e+01 2.8751219056e+01 3.5704087526e+01 4.7855045939e-01 4.5030375139e-02 2.0630892470e+02 8.0234032393e+00 -5.0343996672e-01 8.4055131394e+00 1.1101508043e-02 1.4381158564e-02
5.0222374882e+01 4.9136463490e+01 4.3245346740e+01 9.7837793623e-01 1.4153568808e-01 6.9180259260e+02 3.9712537301e+00 -9.0166799040e-01 8.9317635656e+00 1.2131928201e-02 1.0000000000e+00
2.6193675076e+01 2.3119462598e+01 2.1414699037e+01 8.8263531295e-01 2.4764148254e-02 1.1179409396e+02 2.3698073610e+01 9.4255346322e-01 9.3169412892e+00 1.0305484515e-02 1.1045284280e-02
5.1272745560e+01 4.2765723742e+01 4.0731305459e+01 8.3408296698e-01 1.3174383773e-02 5.8961549685e+01 1.1166043561e+02 -9.4453020730e-01 9.8216478835e+00 3.8832975359e-03 3.9367864897e-03
3.7719654316e+01 3.7211458944e+01 3.2614761271e+01 9.8652704059e-01 5.7269319922e-02 2.6467837832e+02 4.7010079040e+00 9.4793644692e-01 1.2883818228e+01 1.4251127605e-02 2.9092078701e-02
3.1191244762e+01 2.1044496524e+01 2.2218216562e+01 6.7469242362e-01 1.6879218693e-02 7.5752834167e+01 4.5891438853e+01 -8.9104706346e-01 1.0209888677e+01 7.8983206391e-03 8.1731065223e-03
3.3944679012e+01 2.8524510335e+01 2.7068286741e+01 8.4032346646e-01 2.1249339803e-02 9.5677180136e+01 1.4281666556e+01 -9.6569070135e-01 1.7405176087e+01 1.0786568638e-02 1.2201172762e-02
4.3514273204e+01 3.9994510299e+01 3.6310550995e+01 9.1911245101e-01 1.0607335943e-01 5.0680716738e+02 3.1436801817e+00 -9.5284617716e-01 9.3977057035e+00 1.5065927631e-02 1.0000000000e+00
2.8705498397e+01 2.6535686417e+01 2.4022856875e+01 9.2441127655e-01 3.0581019715e-02 1.3864648687e+02 2.1796131212e+01 -9.4873414235e-01 8.9087837648e+00 9.8619254876e-03 1.0640986625e-02
7.0894650335e+01 7.0154342588e+01 6.1394125340e+01 9.8955763597e-01 7.6305081024e-02 3.5735770186e+02 7.8722331374e+00 -4.0877464438e-01 8.1243809775e+00 7.8224921028e-03 1.0206957399e-02
2.9912243097e+01 2.7372987232e+01 2.4905437388e+01 9.1510981451e-01 3.1544155963e-02 1.4311412222e+02 9.0071676223e+00 -9.7169684298e-01 1.2688970993e+01 1.3422592438e-02 1.6728613471e-02
3.1399373635e+01 2.4351075113e+01 2.4033321796e+01 7.7552741645e-01 1.8484140055e-02 8.3055237750e+01 2.6535464565e+01 -9.3897031145e-01 1.3464634287e+01 9.2258350860e-03 9.8087971832e-03
3.4405950278e+01 2.8877883829e+01 2.7419579908e+01 8.3932818585e-01 3.0523467819e-02 1.3837971788e+02 2.1599806556e+00 4.9865770856e-01 1.1935958698e+01 2.1604930221e-02 1.0000000000e+00
1.1128895506e+01 1.0852227983e+01 9.5669302326e+00 9.7513971419e-01 8.9205555418e-03 3.9795621278e+01 1.9978656778e+00 7.9394628204e-01 1.4824432778e+01 4.3532629436e-02 1.0000000000e+00
3.7427213696e+01 3.5016421958e+01 3.1511966839e+01 9.3558719712e-01 7.4331896151e-02 3.4764490734e+02 3.3063748442e+00 -6.5463111043e-01 8.0527871788e+00 1.6449585997e-02 1.0000000000e+00
4.8598977798e+01 4.8059336852e+01 4.2072188289e+01 9.8889604328e-01 6.1631284398e-02 2.8571303074e+02 3.5610068611e+00 7.3882126433e-01 1.5561202726e+01 1.3453969327e-02 1.0000000000e+00
8.0850566450e+00 4.6000000000e+00 5.2675183478e+00 5.6895086849e-01 4.8200606561e-03 2.1435943405e+01 8.3237219084e+00 9.4933620810e-01 1.1981587809e+01 3.7110147965e-02 4.7442232144e-02
8.4375148772e+01 8.3549699131e+01 7.3092475765e+01 9.9021691039e-01 1.4909416421e-01 7.3218315070e+02 4.1757770926e+00 9.1991412191e-01 1.4695389603e+01 8.5408593599e-03 2.8016714660e-02
2.8730051361e+01 1.9669078359e+01 2.0620763305e+01 6.8461688815e-01 4.8223505955e-02 2.2144455144e+02 5.0246281551e+00 9.6855089588e-01 8.4684944422e+00 1.8611553516e-02 3.3785802674e-02
3.7293837055e+01 3.1815103078e+01 2.9967836849e+01 8.5309277860e-01 3.3348143401e-02 1.5149855149e+02 2.1936152058e+01 -8.0218576749e-01 8.7897442281e+00 8.5540500708e-03 9.2248322433e-03
3.0467406718e+01 2.7395059061e+01 2.5143472184e+01 8.9915952853e-01 6.1079919515e-02 2.8304750666e+02 2.6709096930e+00 8.4930381584e-01 8.6722730087e+00 2.0680698325e-02 1.0000000000e+00
2.9255837365e+01 2.4218215258e+01 2.3151769025e+01 8.2780796721e-01 1.4309079799e-02 6.4094528944e+01 2.7482246854e+01 7.1127906028e-01 1.2835134895e+01 9.3444683096e-03 9.9122401557e-03
4.4424477454e+01 3.4662642099e+01 3.4109020100e+01 7.8025998472e-01 6.1670348541e-02 2.8590195608e+02 3.1351065890e+00 -9.3385662767e-01 1.4344911868e+01 1.6089379464e-02 1.0000000000e+00
3.4161657392e+01 2.2959673008e+01 2.4285280053e+01 6.7208896642e-01 2.3241349592e-02 1.0480134484e+02 5.6195079386e+00 -7.8840834251e-01 1.6576904512e+01 1.6357168817e-02 2.6081126097e-02
3.7171733597e+01 3.1573574818e+01 2.9803915981e+01 8.4939742550e-01 4.5017941722e-02 2.0625011838e+02 8.6164358050e+00 8.7356766762e-01 1.0188044180e+01 1.2100399206e-02 1.5290881386e-02
3.2984740000e+01 3.2222943859e+01 2.8380968584e+01 9.7690458858e-01 5.3736357271e-02 2.4773038692e+02 8.7406593547e+00 -9.4144030887e-01 8.6290279602e+00 1.2345030968e-02 1.5528579354e-02
5.3338202285e+01 3.9924331333e+01 4.0088903087e+01 7.4851287863e-01 1.2640685078e-01 6.1197307843e+02 2.8235054121e+00 -9.8968046318e-01 9.1046153242e+00 1.4577241492e-02 1.0000000000e+00
7.6944114824e+01 6.7900491507e+01 6.2899693607e+01 8.8246504184e-01 1.0793005932e-01 5.1630758385e+02 6.9378566076e+00 9.5560325741e-01 1.2116142337e+01 7.9338813445e-03 1.0950494286e-02
2.7962754865e+01 2.5697953638e+01 2.3332206826e+01 9.1900650569e-01 5.5133546588e-02 2.5442330768e+02 2.3652817032e+00 -9.9342444062e-01 9.8205446525e+00 2.2760150816e-02 1.0000000000e+00
7.7788743376e+01 7.1358160945e+01 6.4847523326e+01 9.1733273798e-01 1.3069214568e-01 6.3444934894e+02 1.0253127871e+01 -9.5629506239e-01 8.1057724551e+00 6.6385922865e-03 7.9911750831e-03
3.2704082038e+01 3.1859920243e+01 2.8100231633e+01 9.7418787679e-01 1.5195391071e-02 6.8109899028e+01 3.5803099299e+01 8.0008396473e-01 1.4293347455e+01 7.4931305389e-03 7.8335296260e-03
5.0635694239e+01 3.7034440210e+01 3.7606870745e+01 7.3138999605e-01 1.5472722811e-02 6.9367410612e+01 3.3606385790e+01 -5.2527808188e-01 1.3118073313e+01 6.3944456820e-03 6.7056604423e-03
3.1546020768e+01 2.7979416020e+01 2.5854099759e+01 8.8693963102e-01 2.1580774734e-02 9.7193451153e+01 5.0124653815e+01 -9.0211044406e-01 8.7560317355e+00 6.9306687287e-03 7.1502214233e-03
2.6579154556e+01 1.7145041832e+01 1.8495388564e+01 6.4505595149e-01 1.2703674223e-02 5.6834752801e+01 2.6586964216e+01 -8.3899054361e-01 1.3195375482e+01 1.0897548436e-02 1.1584649292e-02
3.4114628877e+01 3.2602000133e+01 2.9031141907e+01 9.5566040746e-01 3.3273740705e-02 1.5115232635e+02 7.4680759942e+00 -5.0735430485e-01 9.1506831130e+00 1.3070517271e-02 1.7426606370e-02
4.2706394454e+01 2.8456882831e+01 3.0224348734e+01 6.6633775093e-01 2.5208140712e-02 1.1383581587e+02 1.4550030195e+01 6.8804886603e-01 1.2189244836e+01 9.9739263971e-03 1.1251747587e-02
2.7730613042e+01 2.4764891224e+01 2.2806209783e+01 8.9305242502e-01 1.4993022011e-02 6.7192617182e+01 3.5288985073e+01 9.5212770616e-01 1.4147169383e+01 8.5848645601e-03 8.9810338309e-03
4.0085916515e+01 2.0720648226e+01 2.4822584600e+01 5.1690593674e-01 4.4089542901e-02 2.0186189885e+02 3.5668757660e+00 8.2293821758e-01 1.2263140143e+01 1.8893929186e-02 1.0000000000e+00
4.1101187520e+01 3.5713265245e+01 3.3336635718e+01 8.6891078822e-01 4.4475343584e-02 2.0368476727e+02 1.7444165897e+01 -7.9573760805e-01 8.0870313571e+00 8.6629226943e-03 9.5517526686e-03
5.8544969959e+01 3.6240016297e+01 3.9871160157e+01 6.1901161317e-01 2.1548891882e-02 9.7047559590e+01 1.8697829695e+01 -9.8280104985e-02 8.6060472888e+00 7.6524460138e-03 8.3753317821e-03
8.4048218518e+01 7.6668127555e+01 6.9867308232e+01 9.1219217857e-01 1.9007476200e-01 9.5674014472e+02 8.1541090250e-01 -9.9770535990e-01 9.2332937764e+00 1.5858035649e-02 1.0000000000e+00
5.0494159092e+01 4.6106851866e+01 4.1995971675e+01 9.1311257966e-01 4.8377639506e-02 2.2217681872e+02 5.5088592612e+00 3.2734697960e-01 9.0333654681e+00 1.1526414928e-02 1.8732645021e-02
3.3164225559e+01 1.8531781209e+01 2.1402318125e+01 5.5878829963e-01 4.3552399079e-02 1.9932555560e+02 3.2644476654e+00 7.6346908974e-01 9.4249138435e+00 2.1435453646e-02 1.0000000000e+00
3.5249824651e+01 3.2824610557e+01 2.9608548433e+01 9.3119925792e-01 5.1077507236e-02 2.3502833244e+02 3.1080457515e+00 5.5254219625e-01 9.3144683723e+00 1.7745185965e-02 1.0000000000e+00
3.9678407199e+01 3.8192827705e+01 3.3888021492e+01 9.6255949776e-01 2.6989221415e-02 1.2203931145e+02 2.7012186291e+01 6.2668971893e-01 8.9550949878e+00 7.3549255303e-03 7.8105024946e-03
5.9209245106e+01 5.6492139307e+01 5.0345286444e+01 9.5411010909e-01 1.7183909570e-02 7.7137857829e+01 5.4737070577e+01 -8.5351922716e-01 1.3571868473e+01 4.4331887781e-03 4.5611545295e-03
3.9992642237e+01 3.3179261128e+01 3.1683942371e+01 8.2963413448e-01 3.6493179536e-02 1.6616680475e+02 1.3987717530e+00 6.4572292207e-01 1.2894148476e+01 2.3147928560e-02 1.0000000000e+00
3.4695809957e+01 1.2670783596e+01 1.7813689243e+01 3.6519636267e-01 1.1825462803e-02 5.2870723674e+01 4.9455312738e+01 7.6891026253e-01 9.9768343373e+00 8.8446105211e-03 9.1288133316e-03
9.2239044823e+00 7.9808972135e+00 7.4653465755e+00 8.6524066125e-01 6.9736828506e-03 3.1064479651e+01 1.6467303266e+01 -8.6298813169e-01 9.4612554781e+00 2.3075161660e-02 2.5613179155e-02
4.1710705550e+01 3.4365776821e+01 3.2928665939e+01 8.2390782818e-01 2.6920846791e-02 1.2172399721e+02 3.0915436101e+01 7.9390759403e-01 9.8931369726e+00 7.1188613585e-03 7.4985237029e-03
1.2600569861e+01 6.8450687805e+00 8.0111775965e+00 5.4323485811e-01 5.9246279245e-03 2.6370388911e+01 3.1071112418e+00 4.4740040856e-01 1.3146794512e+01 4.1292703405e-02 1.0000000000e+00
6.6277935164e+00 5.2671337140e+00 5.1368115125e+00 7.9470395403e-01 1.0529004354e-03 4.6690315549e+00 6.3182005823e+02 -7.0736731971e-01 1.0424285284e+01 7.4512485952e-03 7.4690159410e-03
5.8469362548e+01 5.4317130993e+01 4.9053239086e+01 9.2898449077e-01 5.2154279495e-02 2.4016690167e+02 7.2470524833e-01 -2.5118326008e-01 8.1733118188e+00 2.2330233690e-02 1.0000000000e+00
4.8651236375e+01 2.1326539281e+01 2.7581414457e+01 4.3835554593e-01 5.5893320024e-02 2.5806807456e+02 2.9102634021e+00 9.2051326850e-01 1.1705914613e+01 1.8958251087e-02 1.0000000000e+00
1.0690407976e+01 8.5477279298e+00 8.3114038314e+00 7.9956985260e-01 2.4249195995e-03 1.0764481981e+01 9.7651498582e+01 8.1342929874e-01 1.7505894014e+01 1.1100364804e-02 1.1275837791e-02
3.6764435129e+01 2.6031007151e+01 2.6851323488e+01 7.0804860893e-01 1.8354923870e-02 8.2466667166e+01 6.9687048563e+00 8.1485867751e-01 2.2213158380e+01 1.4213406471e-02 1.9573458492e-02
2.2316143543e+01 1.9201584966e+01 1.8010551761e+01 8.6043473099e-01 1.4376730397e-02 6.4400829757e+01 1.5355440459e+01 6.8273807908e-01 1.1354301130e+01 1.3598576654e-02 1.5227910439e-02
1.0137807110e+01 8.8392293559e+00 8.2370059094e+00 8.7190743126e-01 1.6812953902e-02 7.5451698482e+01 2.8632356251e+00 9.0237458853e-01 8.0733378048e+00 4.1564044839e-02 1.0000000000e+00
4.7862723421e+01 4.4909340926e+01 4.0356826600e+01 9.3829472532e-01 7.4022725927e-02 3.4612525600e+02 1.3082668946e+00 -8.6093813394e-01 1.1024451468e+01 1.9956209808e-02 1.0000000000e+00
3.5430910503e+01 2.4417975267e+01 2.5517843148e+01 6.8917154318e-01 2.7915638696e-02 1.2631458998e+02 8.6141746562e+00 -9.6540824820e-01 1.4892168949e+01 1.3473012647e-02 1.7026860731e-02
6.3389684172e+01 5.5961090474e+01 5.1829593846e+01 8.8281068450e-01 4.7683843294e-02 2.1888189571e+02 2.4716073032e+01 8.0606570281e-01 8.8721637049e+00 5.7583546528e-03 6.1524830074e-03
5.8491037807e+01 5.1586557233e+01 4.7800862924e+01 8.8195660681e-01 1.3829679002e-02 6.1924829990e+01 5.7228647643e+01 -6.3360328704e-01 1.2466250303e+01 4.5127390995e-03 4.6370389614e-03
1.0139286210e+01 8.7196901878e+00 8.1809066832e+00 8.5999053652e-01 3.8412973766e-03 1.7070403276e+01 7.6762970774e+01 7.6999949286e-01 1.1159191133e+01 1.2258780451e-02 1.2507277163e-02
9.6578214652e+00 9.0970017959e+00 8.1591304494e+00 9.4193103783e-01 7.0351223289e-04 3.1188523337e+00 1.8735280732e+02 -5.9988356215e-01 3.6398043660e+01 8.8045031490e-03 8.8760470069e-03
8.2123821208e+01 4.2565828229e+01 5.0927465283e+01 5.1831280623e-01 7.3882642560e-02 3.4543690710e+02 4.5900756103e+00 -9.6916055809e-01 1.7992818433e+01 1.0778175491e-02 2.3261478567e-02
7.7252226809e+01 7.6055534947e+01 6.6728639563e+01 9.8450928974e-01 1.4330246761e-01 7.0121200580e+02 5.8271010399e+00 6.9978812700e-01 8.2445394327e+00 8.0044252821e-03 1.2365563129e-02
1.6336428111e+01 1.3982376343e+01 1.3149233621e+01 8.5590168476e-01 1.0498801599e-02 4.6892327278e+01 3.4859601013e+00 -9.0727436880e-03 9.6173353316e+00 2.8933580854e-02 1.0000000000e+00
3.4668243457e+01 2.6905370433e+01 2.6545050709e+01 7.7608115526e-01 6.5234554945e-02 3.0318019483e+02 4.2704818795e+00 -8.9217158022e-01 8.9621387161e+00 1.6724336934e-02 4.7068019404e-02
4.7442615169e+01 3.9888020139e+01 3.7841935110e+01 8.4076352024e-01 1.2542157551e-01 6.0682059694e+02 2.3868381097e+00 -9.6899168497e-01 8.0153577697e+00 1.6103926262e-02 1.0000000000e+00
3.2018886623e+01 2.9542407154e+01 2.6770082876e+01 9.2265566575e-01 4.4409037499e-02 2.0337140926e+02 3.5875925475e+00 4.4173906299e-01 8.4797712501e+00 1.7980193656e-02 1.0000000000e+00
6.4090782138e+01 4.8557115430e+01 4.8471275974e+01 7.5763025212e-01 1.4557551998e-01 7.1334417802e+02 1.9110795726e+00 8.9448695032e-01 8.3178559593e+00 1.4829400470e-02 1.0000000000e+00
7.4932345447e+01 7.1555111684e+01 6.3742032331e+01 9.5492956023e-01 1.8476108134e-01 9.2709705357e+02 4.2081995712e+00 -7.8790884374e-01 8.8032952574e+00 9.1012111773e-03 2.8099939050e-02
3.4423257063e+01 1.7087581584e+01 2.0861225257e+01 4.9639642037e-01 2.6398854091e-02 1.1931781010e+02 5.5299504572e+00 -6.1043389613e-01 9.9089549760e+00 1.8060937756e-02 2.9241978145e-02
7.3637981974e+01 5.2095999115e+01 5.3759251896e+01 7.0746098302e-01 1.1351121291e-01 5.4499009870e+02 2.0033332426e+00 -6.5981602208e-01 9.2929236657e+00 1.3900995793e-02 1.0000000000e+00
3.3917593404e+01 3.1085412654e+01 2.8261962236e+01 9.1649818086e-01 2.2070459230e-02 9.9435028659e+01 9.7470885188e+00 3.8370903579e-01 1.0251628852e+01 1.2110600674e-02 1.4763890592e-02
7.8794162820e+01 6.1641690042e+01 6.0579481310e+01 7.8231290029e-01 2.0841505919e-01 1.0602298116e+03 3.0159657388e+00 8.7823001342e-01 8.6380846854e+00 1.0514709828e-02 1.0000000000e+00
3.6992728934e+01 3.3478941060e+01 3.0628796835e+01 9.0501409399e-01 2.8666387202e-03 1.2729620489e+01 3.4378752022e+02 -7.4109127702e-01 1.2157503594e+01 3.0634003089e-03 3.0768743267e-03
3.1371427723e+01 2.7633142892e+01 2.5621326405e+01 8.8083791199e-01 4.9533972761e-02 2.2767528153e+02 1.1076633630e+00 9.9051176778e-01 1.0057594107e+01 2.8626549427e-02 1.0000000000e+00
5.4904193708e+01 3.6924059190e+01 3.9043946557e+01 6.7251801177e-01 9.2611135911e-02 4.3854789868e+02 3.8985955366e+00 8.1774588224e-01 1.0697687909e+01 1.3383450359e-02 1.0000000000e+00
3.5769779762e+01 2.9165450624e+01 2.8088910681e+01 8.1536567510e-01 1.4848994894e-02 6.6539949845e+01 1.8688479016e+01 -9.3259398797e-01 2.2587827853e+01 9.5663288747e-03 1.0470543632e-02
4.4102837567e+01 2.8648053234e+01 3.0801319778e+01 6.4957392346e-01 4.5220741095e-02 2.0720942323e+02 7.6477663428e+00 -9.0399691401e-01 1.1421959887e+01 1.2394654447e-02 1.6360620582e-02
4.1582717207e+01 3.7942267391e+01 3.4571718516e+01 9.1245281546e-01 1.1251134609e-01 5.3983788414e+02 3.9494893557e+00 -9.7864959456e-01 9.0812118138e+00 1.4209441287e-02 1.0000000000e+00
8.3142228013e+01 6.6165507452e+01 6.4484527489e+01 7.9581109423e-01 2.2220933673e-01 1.1392505561e+03 3.7153373589e+00 -7.7149714117e-01 8.1947765841e+00 9.2852948305e-03 1.0000000000e+00
3.9948989693e+01 3.4892138752e+01 3.2487176609e+01 8.7341730092e-01 3.1570738352e-02 1.4323751462e+02 3.2655959326e+01 -8.2888334316e-01 8.4131113235e+00 7.0133895307e-03 7.3656023908e-03
3.1499779003e+01 2.4845570704e+01 2.4319927423e+01 7.8875381003e-01 7.4372361221e-03 3.3141058152e+01 1.5945565104e+02 -6.9953461322e-01 8.7016983480e+00 4.7064462583e-03 4.7514988598e-03
7.5036770102e+01 7.3855368983e+01 6.4806619593e+01 9.8425570399e-01 1.0424566691e-01 4.9747547977e+02 4.9801361529e+00 -8.8810380979e-01 1.4829798633e+01 8.8364356008e-03 1.6255868203e-02
7.3314850429e+01 5.7464224289e+01 5.6421684588e+01 7.8380060729e-01 1.2520446911e-01 6.0568601143e+02 2.5263638104e+00 -6.6305014731e-01 9.5535553589e+00 1.2283195040e-02 1.0000000000e+00
2.7674695818e+01 8.5065333756e+00 1.2924228163e+01 3.0737585813e-01 9.8476361192e-03 4.3962279328e+01 3.6887484540e+01 7.8339381629e-01 9.4939395619e+00 1.2079621024e-02 1.2610910780e-02
3.2897591387e+01 3.0552814740e+01 2.7595757252e+01 9.2872497505e-01 4.3274749151e-02 1.9801525157e+02 2.3538038501e+00 6.9609354095e-01 1.1117427888e+01 2.0676701573e-02 1.0000000000e+00
2.7645890366e+01 2.3243007295e+01 2.2051042753e+01 8.4074005167e-01 2.0760569145e-02 9.3442451251e+01 7.6611259692e+00 7.5617674247e-01 1.3935074957e+01 1.5491389778e-02 2.0433586733e-02
3.4585511988e+01 3.4491048415e+01 3.0067285547e+01 9.9726869525e-01 6.8320732239e-02 3.1820599545e+02 1.1773694572e+00 9.5935240559e-01 8.8693392694e+00 2.5036927506e-02 1.0000000000e+00
6.8319664104e+01 5.3527340968e+01 5.2566597068e+01 7.8348366711e-01 9.8636078665e-02 4.6896073648e+02 3.7015311073e+00 -5.4816302929e-01 1.0453662708e+01 1.1292767618e-02 1.0000000000e+00
4.2729990782e+01 3.3720882210e+01 3.2999134288e+01 7.8916193504e-01 1.2234911020e-02 5.4718227443e+01 1.0796475474e+02 9.9589153310e-01 1.1012560169e+01 4.4882297558e-03 4.5522230303e-03
3.3514209348e+01 3.2260244621e+01 2.8623750015e+01 9.6258408744e-01 3.1260780701e-02 1.4179901533e+02 9.8453345363e-01 -3.5729187808e-01 8.3982930406e+00 2.8226037804e-02 1.0000000000e+00
1.0454116302e+01 8.5388728950e+00 8.2166362557e+00 8.1679528409e-01 1.4787253246e-03 6.5594696903e+00 6.9003953128e+02 -6.4909161089e-01 8.8010397559e+00 5.3735109141e-03 5.3852385566e-03
8.3108652633e+01 5.7379561372e+01 5.9912039106e+01 6.9041621485e-01 2.1974823336e-01 1.1250785461e+03 2.8610659645e+00 -9.4164419573e-01 8.5752650050e+00 1.0736373331e-02 1.0000000000e+00
5.0521641821e+01 4.1063823796e+01 3.9609265987e+01 8.1279670089e-01 4.5514247272e-02 2.0859827104e+02 1.4638760267e+01 -5.9772368059e-01 8.0770386254e+00 8.3014204861e-03 9.3569086794e-03
8.3137002196e+01 6.1246875859e+01 6.1975956788e+01 7.3669815174e-01 1.7500460694e-02 7.8577450705e+01 5.7959713732e+01 -5.9341234305e-01 9.7514499387e+00 3.8097786782e-03 3.9133254738e-03
7.5901985291e+01 6.7146702717e+01 6.2125503311e+01 8.8465015058e-01 9.9512922016e-02 4.7340532962e+02 9.8818099654e+00 -9.9141947329e-01 1.0869431176e+01 7.0357944821e-03 8.5469312573e-03
6.4576843845e+01 6.0123003922e+01 5.4237205774e+01 9.3103038709e-01 1.3359041133e-01 6.4971168234e+02 7.7255273081e+00 9.9380505292e-01 8.2806683339e+00 8.2409404179e-03 1.0833141530e-02
6.9037314295e+01 6.4895491374e+01 5.8264182136e+01 9.4000602481e-01 5.8959735198e-02 2.7281567185e+02 4.1111744685e+00 3.9651651724e-01 1.5083726902e+01 1.0417363991e-02 4.0340674566e-02
2.8931319898e+01 1.7000190348e+01 1.9172161285e+01 5.8760507326e-01 7.4891233621e-03 3.3373587556e+01 4.9353298455e+01 7.7279668302e-01 1.7011753089e+01 8.4768114679e-03 8.7497926974e-03
3.1465765437e+01 2.2898048126e+01 2.3308808613e+01 7.2771304966e-01 6.5757577543e-02 3.0572242386e+02 3.9734099074e+00 -9.3726224514e-01 8.9106652918e+00 1.8631503973e-02 1.0000000000e+00
3.4380733590e+01 3.0335355667e+01 2.8103220125e+01 8.8233590443e-01 4.1020197546e-02 1.8739394433e+02 4.3186954984e+00 4.5402620551e-01 8.9229591002e+00 1.6303430578e-02 4.3328159770e-02
3.6763212771e+01 3.3975571429e+01 3.0762145239e+01 9.2417307595e-01 7.0449033982e-02 3.2860312690e+02 3.5345583198e+00 -8.2624621651e-01 1.0184662581e+01 1.6323223535e-02 1.0000000000e+00
4.1923592236e+01 3.1915234266e+01 3.1784615177e+01 7.6127145989e-01 1.9233775788e-02 8.6471971095e+01 5.6637567577e+01 -9.0900862590e-01 1.0473820240e+01 5.8270640595e-03 5.9893278353e-03
3.0757649723e+01 2.6334318033e+01 2.4761111247e+01 8.5618759137e-01 2.5217950648e-02 1.1388094209e+02 6.8080375332e+00 8.7194366483e-01 1.5772351713e+01 1.5020038879e-02 2.0936457226e-02
3.5059381453e+01 2.3296805866e+01 2.4776673409e+01 6.6449563284e-01 3.4128016276e-02 1.5512979166e+02 1.5100268886e+01 9.0585966456e-01 9.0629631563e+00 1.1076834707e-02 1.2431824431e-02
3.4986203609e+01 3.3831065741e+01 2.9949392109e+01 9.6698304621e-01 4.5075364401e-02 2.0652171871e+02 3.1991169501e+00 9.3461783724e-01 1.6641891099e+01 1.7491404587e-02 1.0000000000e+00
3.6443366362e+01 2.6237269179e+01 2.6846989472e+01 7.1994636606e-01 8.5648764287e-03 3.8198598690e+01 7.6554147166e+01 -2.7260908806e-01 8.1536224324e+00 5.8218073076e-03 5.9401547248e-03
4.0225703388e+01 2.0540349435e+01 2.4747690691e+01 5.1062747708e-01 2.4602362430e-02 1.1105043800e+02 1.4222971000e+01 -7.5035945713e-01 1.0781044906e+01 1.1402316746e-02 1.2905446939e-02
5.9212214651e+01 2.6788592943e+01 3.4144143176e+01 4.5241666945e-01 4.1542146384e-02 1.8984993551e+02 2.7248441441e+01 9.9172266542e-01 8.7331413499e+00 7.2326416992e-03 7.6763078726e-03
4.7734537289e+01 3.3778973824e+01 3.4853113564e+01 7.0764221761e-01 1.1528062017e-02 5.1529503885e+01 4.2449773917e+01 -3.9281586481e-01 1.2174426859e+01 6.1582210915e-03 6.3910670445e-03
3.9086159574e+01 3.4017044662e+01 3.1728129242e+01 8.7030921003e-01 1.4641048842e-02 6.5597875062e+01 2.8629936237e+01 5.1916596781e-01 1.3230932052e+01 7.5555318603e-03 7.9941805239e-03
2.1916422660e+01 1.6108909370e+01 1.6318749665e+01 7.3501545484e-01 1.4646727726e-02 6.5623598721e+01 3.8362350310e+01 -7.9659772109e-01 8.3548878426e+00 1.0258413561e-02 1.0690883156e-02
5.0876577618e+01 4.0686527528e+01 3.9558244152e+01 7.9971038606e-01 5.4086927539e-02 2.4940854010e+02 1.3372650519e+00 9.7060982405e-01 1.6431711892e+01 2.0277680979e-02 1.0000000000e+00
4.2652936423e+01 3.9107696325e+01 3.5548219484e+01 9.1688168753e-01 1.6582488572e-02 7.4404593387e+01 2.6892921880e+01 -2.7397895133e-01 9.7831051849e+00 7.1958350308e-03 7.6437677840e-03
8.5791412187e+01 7.4222132912e+01 6.9431252358e+01 8.6514641758e-01 4.3138312475e-02 1.9737155368e+02 1.0594875430e+01 1.9917807035e-02 9.3391222059e+00 6.6080639590e-03 7.8937380361e-03
8.0114051252e+01 5.4541236422e+01 5.7334432914e+01 6.8079488641e-01 7.3217770481e-02 3.4217150013e+02 7.6973056614e+00 -8.1313554426e-01 1.3040296785e+01 8.2481036121e-03 1.0858607227e-02
4.6816358903e+01 4.5816359984e+01 4.0317913382e+01 9.7863996811e-01 1.0106747993e-01 4.8129664220e+02 3.7049620063e+00 -6.6548839530e-01 8.4974993260e+00 1.3306285696e-02 1.0000000000e+00
3.5682829658e+01 1.8097152081e+01 2.1873464900e+01 5.0716695549e-01 2.0427144024e-02 9.1918895687e+01 4.5515248666e+01 9.4637474484e-01 8.8503703955e+00 7.9831567491e-03 8.2633402448e-03
2.2839695450e+01 1.4630092469e+01 1.5835295819e+01 6.4055549693e-01 1.2489921765e-02 5.5869450414e+01 6.2760183518e+00 -9.3714576085e-01 2.0155005848e+01 2.0637334812e-02 3.0188690645e-02
7.6749091429e+01 6.8158542622e+01 6.2941613244e+01 8.8806970028e-01 3.4855654474e-02 1.5852141022e+02 1.9438692504e+01 9.8722767089e-01 1.9586844536e+01 5.6238608944e-03 6.1313452230e-03
3.5309800011e+01 3.2687358186e+01 2.9571060198e+01 9.2573048207e-01 4.1485404227e-02 1.8958285377e+02 6.7520762056e+00 -8.8661777379e-01 1.2229311080e+01 1.3352318714e-02 1.8694894563e-02
3.6031897879e+01 2.5155637407e+01 2.6125275960e+01 6.9814910921e-01 5.4379565408e-02 2.5080997810e+02 3.9851305997e+00 9.9441530699e-01 1.3115246715e+01 1.7446913853e-02 1.0000000000e+00
3.7345773383e+01 2.9562644173e+01 2.8886484319e+01 7.9159276927e-01 5.7914701206e-02 2.6778295405e+02 7.2229480052e+00 -9.2543548122e-01 8.6870131915e+00 1.3082386386e-02 1.7705570209e-02
3.6883418523e+01 3.6627239539e+01 3.1997139233e+01 9.9305435901e-01 7.0580926685e-02 3.2924838381e+02 2.0388421756e+00 7.3227192756e-01 8.3651040872e+00 1.9574705264e-02 1.0000000000e+00
3.0511783326e+01 2.0405705508e+01 2.1635061219e+01 6.6878114890e-01 1.8602078070e-02 8.3592534239e+01 8.1301188921e+00 9.3206917812e-01 1.7963030022e+01 1.5351744289e-02 1.9790561054e-02
5.8778584103e+01 4.3817198232e+01 4.4085151064e+01 7.4546195524e-01 3.6752623299e-02 1.6737972311e+02 2.8164701365e+01 -8.8806952420e-01 1.0455747324e+01 6.1066304485e-03 6.4676726870e-03
3.0177827710e+01 2.4404821535e+01 2.3598654630e+01 8.0870040645e-01 3.0813090256e-02 1.3972241917e+02 1.3287846538e+01 -7.4078574259e-01 8.2689620327e+00 1.2004201747e-02 1.3729686650e-02
3.1824743059e+01 2.0796780442e+01 2.2295844367e+01 6.5347834556e-01 3.2796535425e-02 1.4893256493e+02 5.3664551465e+00 6.0873568702e-01 8.7999140690e+00 1.7453749705e-02 2.9152331236e-02
1.0799095572e+01 9.4974774474e+00 8.8127784099e+00 8.7946970969e-01 8.9813652277e-03 4.0068746091e+01 1.2212048105e+01 -9.5899867048e-01 1.0930681244e+01 2.3240879333e-02 2.6969875333e-02
8.1283664824e+01 7.3745680105e+01 6.7384674448e+01 9.0726322768e-01 1.1433756494e-01 5.4925271928e+02 1.6619151202e+00 -9.1785631878e-01 1.5567633984e+01 1.2940654355e-02 1.0000000000e+00
2.4071742794e+01 1.8018272304e+01 1.8092417122e+01 7.4852379649e-01 2.1477015355e-02 9.6718687219e+01 1.8637057198e+01 -8.2504651275e-01 8.4645531505e+00 1.2555268277e-02 1.3745873252e-02
9.3869888822e+00 7.7255215769e+00 7.4064436450e+00 8.2300316681e-01 2.9465313938e-03 1.3085191699e+01 7.6187526138e+01 -9.4920777119e-01 1.5716993734e+01 1.3089094445e-02 1.3356502317e-02
8.0884179149e+01 5.4980415978e+01 5.7839123432e+01 6.7974252266e-01 6.9243753632e-02 3.2271161757e+02 7.7466618256e+00 9.0303262762e-01 1.5257335949e+01 8.2024058421e-03 1.0770665590e-02
1.6687930539e+01 1.4245079827e+01 1.3413928435e+01 8.5361571906e-01 1.9927108259e-02 8.9635414336e+01 9.7825696072e+00 9.4607252585e-01 8.8436657040e+00 1.9294018385e-02 2.3498882901e-02
8.1752895554e+01 7.1578096895e+01 6.6564700944e+01 8.7554203933e-01 2.3006086567e-01 1.1846743559e+03 4.0054171732e+00 -9.1798143800e-01 9.6692300924e+00 8.8144702824e-03 1.0496012902e-01
5.2732005962e+01 4.6033804688e+01 4.2871568353e+01 8.7297655093e-01 1.4888839913e-01 7.3107952020e+02 4.0396098780e+00 9.0476608021e-01 8.1010933114e+00 1.2071575326e-02 6.8385640541e-02
2.6951566990e+01 1.3431532005e+01 1.6367630580e+01 4.9835811068e-01 2.3980673096e-02 1.0819442733e+02 4.1785698285e+00 8.5619864426e-01 1.2892310033e+01 2.3380935571e-02 7.6263938295e-02
4.3807377912e+01 3.5552978291e+01 3.4318889507e+01 8.1157512696e-01 1.2613123583e-02 5.6425790250e+01 3.5031312202e+01 2.1077119309e-01 1.0030720215e+01 6.6778875969e-03 6.9885198641e-03
4.3892069148e+01 3.7620549529e+01 3.5354259455e+01 8.5711496996e-01 7.0927932060e-02 3.3094655575e+02 4.8651094544e+00 7.0757910118e-01 8.6910672901e+00 1.3270423048e-02 2.5359626441e-02
3.1695195567e+01 2.8898512014e+01 2.6341217543e+01 9.1176317095e-01 3.0432737474e-02 1.3795920184e+02 3.6284736670e+00 3.6586876909e-01 1.0967403490e+01 1.8238518959e-02 1.0000000000e+00
4.1761020528e+01 3.1109910124e+01 3.1310575670e+01 7.4495090711e-01 9.3946963706e-02 4.4527178746e+02 4.0817777042e+00 -8.9223992912e-01 8.2031346259e+00 1.5089424008e-02 6.5388756044e-02
4.7904344612e+01 3.7478650158e+01 3.6831637663e+01 7.8236432334e-01 4.7621966985e-02 2.1858818836e+02 6.2314964926e+00 8.3211239808e-01 1.3608553109e+01 1.1951780093e-02 1.7566334510e-02
2.9441063944e+01 2.3401310317e+01 2.2820215493e+01 7.9485273908e-01 1.9739080495e-02 8.8777190489e+01 2.3238935328e+01 -8.7381208921e-01 1.1732796570e+01 1.0007697159e-02 1.0742301862e-02
4.2749330440e+01 2.3787817053e+01 2.7526912882e+01 5.5644888021e-01 1.2429074776e-02 5.5594722530e+01 3.5892570619e+01 -3.0173905413e-01 9.3265884617e+00 7.5961355948e-03 7.9402805542e-03
4.2096659752e+01 3.1597821363e+01 3.1685157697e+01 7.5060162848e-01 3.5701817664e-02 1.6246984801e+02 2.3352866623e+01 -8.2416462961e-01 8.6290675143e+00 8.0581720596e-03 8.6463860447e-03
3.3592535570e+01 2.9515669094e+01 2.7400600832e+01 8.7863772689e-01 4.2936903688e-02 1.9642154294e+02 1.8972013240e+00 -7.2740450554e-01 1.0896967106e+01 2.2522515021e-02 1.0000000000e+00
8.5326602729e+01 7.4596503942e+01 6.9422382437e+01 8.7424673613e-01 1.7214858450e-01 8.5735847285e+02 4.9869039091e+00 -7.2402440543e-01 8.2727744577e+00 8.1504719059e-03 1.4962918273e-02
5.7403865098e+01 5.4181067753e+01 4.8545849536e+01 9.4385748521e-01 5.2831187962e-02 2.4340105278e+02 1.6842996078e+00 2.1301294328e-01 9.4730482585e+00 1.6375486385e-02 1.0000000000e+00
1.6529856854e+01 1.2908342131e+01 1.2697010797e+01 7.8091070264e-01 1.2985540883e-02 5.8108126380e+01 1.7677813766e+01 -7.2267053544e-01 8.2351002638e+00 1.6062737998e-02 1.7684754126e-02
3.0433513628e+01 1.5492101974e+01 1.8692460358e+01 5.0904743248e-01 9.4355986880e-03 4.2109709502e+01 1.5224083235e+01 1.9701966334e-01 1.0038821255e+01 1.3369983887e-02 1.4989028506e-02
3.5237317594e+01 3.0616067089e+01 2.8579572269e+01 8.6885351041e-01 5.3411237309e-02 2.4617476623e+02 4.8444518278e+00 -8.4572044629e-01 1.0318448848e+01 1.5338943847e-02 2.9532255577e-02
1.7251896980e+01 9.9380609284e+00 1.1313615101e+01 5.7605612529e-01 4.2459249370e-03 1.8874361414e+01 7.3021597137e+01 7.9610099425e-01 1.5277170787e+01 1.0197074014e-02 1.0414788209e-02
