# FullPop+Madau TianQin events with joint-polarization SNR above threshold
# summary = {'model': 'fullpop_madau_joint_polarization_snr', 'Tobs_yr': 4.0, 'rho_thr': 8.0, 'z_max': 0.3, 't_merger_min_yr': 0.1, 't_merger_max_yr': 2000.0, 'n_samples': 300000000, 'n_workers': 32, 'n_freq': 2000, 'n_snr_above_threshold': 1407, 'detected_fraction': 4.69e-06, 'max_snr': 107.52169181554726}
# columns: m1_msun m2_msun chirp_mass_msun q redshift dl_mpc t_merger_yr cos_iota snr f_start_hz f_end_hz
4.9481285584e+01 4.8853715851e+01 4.2801749438e+01 9.8731702854e-01 4.7691122205e-02 2.1891644803e+02 3.8256428146e+00 -3.7966087735e-01 1.3337293900e+01 1.3064636949e-02 1.0000000000e+00
3.0356283126e+01 2.8526786002e+01 2.5615496355e+01 9.3973250556e-01 5.0033669885e-02 2.3005404836e+02 4.7541888053e+00 8.5701919218e-01 9.8365678789e+00 1.6574896800e-02 3.3059742138e-02
4.2057706927e+01 4.0594059551e+01 3.5969501328e+01 9.6519906855e-01 7.5939343216e-02 3.5555555907e+02 2.9263230299e+00 -9.1552027310e-01 1.2087418784e+01 1.5838845235e-02 1.0000000000e+00
3.9784454021e+01 3.8068661534e+01 3.3877660120e+01 9.5687279043e-01 3.9619958249e-02 1.8081397446e+02 8.6627410685e+00 5.8545112327e-01 9.6252801990e+00 1.1182978337e-02 1.4107100054e-02
9.9873659243e+00 7.4760158311e+00 7.5066650016e+00 7.4854730343e-01 7.1174006912e-04 3.1553483784e+00 2.3115827236e+02 4.3232690614e-02 1.6846225703e+01 8.5724938909e-03 8.6287922999e-03
4.2166233001e+01 3.1561382106e+01 3.1691766924e+01 7.4849897322e-01 5.0186972329e-02 2.3078415408e+02 8.0634289111e-01 7.6625290500e-01 9.4254853496e+00 2.8222316475e-02 1.0000000000e+00
3.1085919632e+01 2.8686343104e+01 2.5992221880e+01 9.2280825029e-01 2.6555401046e-02 1.2003924283e+02 7.0301403499e+00 -3.4985069570e-01 8.3801988133e+00 1.4385273423e-02 1.9723368552e-02
2.8281926581e+01 2.8056713190e+01 2.4522582169e+01 9.9203684408e-01 4.6785256234e-02 2.1461901226e+02 1.1962446759e+00 -8.4529919459e-01 8.8204286100e+00 2.8631781038e-02 1.0000000000e+00
4.5903985349e+01 4.3456341062e+01 3.8878829386e+01 9.4667904608e-01 6.4252434101e-02 2.9841112549e+02 7.6488413962e+00 -8.4616577482e-01 1.0030350150e+01 1.0594945497e-02 1.3984243514e-02
7.2322259918e+01 6.8998314684e+01 6.1492932447e+01 9.5403980409e-01 4.7358291061e-02 2.1733687874e+02 2.0330904308e+01 9.7803164246e-01 1.3594393728e+01 5.5691213674e-03 6.0459786032e-03
5.8939071503e+01 1.6666358285e+01 2.6280631997e+01 2.8277266439e-01 3.7491831701e-02 1.7083798645e+02 4.4645374908e+00 9.3272126133e-01 1.5252230160e+01 1.6826421286e-02 3.9312000749e-02
3.3568323446e+01 3.2400705931e+01 2.8709290206e+01 9.6521668660e-01 2.7695034019e-02 1.2529601825e+02 3.8360403914e+01 8.4176758478e-01 8.0611234986e+00 7.1496594790e-03 7.4510881187e-03
3.6345623815e+01 3.0035684996e+01 2.8737212453e+01 8.2639068595e-01 5.0614293803e-02 2.3282007854e+02 9.9839726485e+00 9.7915320884e-01 9.1754462109e+00 1.1674868823e-02 1.4145544789e-02
3.7523076820e+01 3.6126380133e+01 3.2050870109e+01 9.6277766098e-01 3.3272080908e-02 1.5114460308e+02 1.1443729580e+01 5.9850629894e-01 9.7599945511e+00 1.0469448950e-02 1.2301701886e-02
3.1178058767e+01 2.9262088446e+01 2.6292236570e+01 9.3854747868e-01 3.5387315569e-02 1.6100174492e+02 1.4654322084e+01 9.2198651309e-01 9.6246628210e+00 1.0785793746e-02 1.2155339067e-02
2.5271993624e+01 2.3288411288e+01 2.1115975993e+01 9.2151065068e-01 1.3237762718e-02 5.9248026936e+01 2.3118825294e+01 4.1181135861e-01 9.2432585903e+00 1.0567737149e-02 1.1348049250e-02
4.1606598826e+01 3.9901591964e+01 3.5469185243e+01 9.5902075849e-01 4.4066050501e-02 2.0175093082e+02 2.3908412456e+00 -8.8721702423e-01 1.8598702978e+01 1.7563142460e-02 1.0000000000e+00
4.0988043496e+01 2.6369473027e+01 2.8482491096e+01 6.4334549245e-01 2.4835919300e-02 1.1212404835e+02 4.5707774308e+01 9.4704935464e-01 9.0357140576e+00 6.7399127131e-03 6.9754008423e-03
1.7204875878e+01 1.3505304181e+01 1.3250646739e+01 7.8496957935e-01 2.6522306426e-03 1.1775587545e+01 4.0331437846e+01 -9.8560606992e-01 4.3589328484e+01 1.1552799293e-02 1.2014277205e-02
3.9241760417e+01 3.0961801736e+01 3.0302118664e+01 7.8900134466e-01 1.3506737645e-02 6.0464112039e+01 3.1804479389e+00 7.1780460787e-01 4.3713667744e+01 1.7738845950e-02 1.0000000000e+00
7.6255165166e+01 6.2409227117e+01 5.9995385976e+01 8.1842622701e-01 9.5793969648e-02 4.5458666685e+02 1.1491465462e+01 -8.8681563745e-01 8.9491963263e+00 6.8096648577e-03 7.9947332222e-03
3.0125496899e+01 2.1946619794e+01 2.2328526751e+01 7.2850648296e-01 2.8922631318e-02 1.3096813363e+02 1.5385134739e+01 -9.6298870070e-01 9.9662647051e+00 1.1775544853e-02 1.3183089015e-02
3.1430113032e+01 2.4093515273e+01 2.3913993084e+01 7.6657424833e-01 3.1728724204e-02 1.4397096261e+02 1.7611687173e+01 -9.7751119338e-01 9.5254589597e+00 1.0705559480e-02 1.1791464423e-02
3.2116577966e+01 2.0944323468e+01 2.2476176616e+01 6.5213434288e-01 2.6003222538e-02 1.1749529914e+02 1.3229005105e+01 9.5239635511e-01 1.1626044691e+01 1.2432359887e-02 1.4229616154e-02
4.4431270089e+01 3.1624097138e+01 3.2538546154e+01 7.1175316560e-01 1.9526443308e-02 8.7806924301e+01 8.5347891593e+00 7.0417543117e-01 2.1428968492e+01 1.1674157409e-02 1.4798371689e-02
7.7388133954e+01 7.4107787258e+01 6.5923877612e+01 9.5761176127e-01 1.1853965264e-01 5.7099160188e+02 1.0333964500e+01 9.0477893218e-01 8.5317262890e+00 6.5957137668e-03 7.9247131854e-03
3.5036215739e+01 3.4523035881e+01 3.0276434050e+01 9.8535287425e-01 7.4811954115e-02 3.5000570139e+02 2.5603392561e+00 7.9683691228e-01 8.4083382453e+00 1.8558202878e-02 1.0000000000e+00
4.0581002398e+01 3.9230085409e+01 3.4733821525e+01 9.6671060571e-01 7.6641345915e-02 3.5901535624e+02 3.5320158383e+00 -6.8534036973e-01 9.3102288502e+00 1.5079866201e-02 1.0000000000e+00
2.4932561542e+01 1.8984447958e+01 1.8904812385e+01 7.6143191005e-01 3.8785347331e-02 1.7689806244e+02 3.7365677513e+00 8.5164021176e-01 1.0305103114e+01 2.2082948179e-02 1.0000000000e+00
6.4376102916e+01 1.6481087590e+01 2.7157050547e+01 2.5601250843e-01 8.4885689379e-03 3.7856084121e+01 3.3409263973e-01 5.6498443986e-01 2.7984724041e+01 4.4360830141e-02 1.0000000000e+00
3.6744009133e+01 3.4114017960e+01 3.0817246859e+01 9.2842394624e-01 3.0383136135e-02 1.3772933298e+02 6.6746908946e+00 -5.6296318925e-01 1.2085678616e+01 1.3156449301e-02 1.8538422732e-02
3.3085421351e+01 3.0164417462e+01 2.7495845756e+01 9.1171326315e-01 5.8452724899e-02 2.7037312148e+02 2.7789016923e+00 -6.5418919847e-01 8.1933179228e+00 1.9297751369e-02 1.0000000000e+00
4.4219433855e+01 3.2621595518e+01 3.2987726947e+01 7.3772078639e-01 7.2996468856e-02 3.4108522887e+02 3.4473099295e+00 9.7812939215e-01 1.2520971927e+01 1.5749669392e-02 1.0000000000e+00
3.1045754967e+01 2.0389840694e+01 2.1807048031e+01 6.5676742974e-01 4.0566725795e-02 1.8526160464e+02 3.7540407738e+00 -6.7029969959e-01 9.6233164412e+00 2.0140343090e-02 1.0000000000e+00
3.5512509902e+01 3.1733824775e+01 2.9215178813e+01 8.9359566144e-01 4.1980938902e-02 1.9191601034e+02 1.1368063656e+01 7.1676583876e-01 8.0555740338e+00 1.1062941215e-02 1.3016539107e-02
3.7090055265e+01 3.0485432890e+01 2.9245029901e+01 8.2193010155e-01 1.3369210546e-02 5.9842266137e+01 4.0746630789e+01 6.0408653964e-01 1.2444694210e+01 6.9702602674e-03 7.2456409909e-03
3.1239739674e+01 2.8595993182e+01 2.6014496918e+01 9.1537232644e-01 5.9031762503e-02 2.7316280026e+02 4.7065592901e+00 9.2199932457e-01 9.2017386104e+00 1.6390007673e-02 3.3374306726e-02
8.2442857885e+01 6.4234344195e+01 6.3252788511e+01 7.7913776697e-01 9.0808048899e-02 4.2948940046e+02 4.4208076028e+00 -3.8860448274e-01 9.9653330064e+00 9.4534456408e-03 2.2836097841e-02
3.6215755938e+01 2.5294907405e+01 2.6264449780e+01 6.9845034984e-01 3.2733829092e-02 1.4864099208e+02 6.8317237271e+00 6.2907605763e-01 9.9252721855e+00 1.4392092387e-02 2.0024132901e-02
5.0104974209e+01 4.8629225019e+01 4.2970795453e+01 9.7054685262e-01 1.5748223322e-02 7.0617128196e+01 5.3535586785e+01 -9.2724058283e-01 1.5570807646e+01 4.9397516499e-03 5.0857157815e-03
8.1816594124e+01 8.1515415695e+01 7.1094241535e+01 9.9631885887e-01 1.5853441893e-01 7.8307624131e+02 1.4288219413e+00 -8.4561791754e-01 1.0930564088e+01 1.2926005836e-02 1.0000000000e+00
4.7455766915e+01 3.2072138355e+01 3.3833446417e+01 6.7583226318e-01 2.2603987688e-02 1.0187911855e+02 3.1758421949e+00 -8.5984306075e-01 3.5283129686e+01 1.6474607419e-02 1.0000000000e+00
3.3535500897e+01 3.1342014093e+01 2.8220205897e+01 9.3459209656e-01 2.1165886229e-02 9.5295506109e+01 1.7032810096e+01 6.2419783789e-01 1.1709078105e+01 9.8379153482e-03 1.0876675462e-02
4.8873695858e+01 2.4607581120e+01 2.9843594158e+01 5.0349335544e-01 4.5021609000e-02 2.0626746339e+02 5.3711974627e+00 5.3851572581e-01 8.4691372420e+00 1.4434735349e-02 2.4086461041e-02
8.2782425062e+00 8.1890317085e+00 7.1676712010e+00 9.8922346167e-01 1.0957894260e-02 4.8959819797e+01 6.2707622237e+00 9.5131482237e-01 8.6603723901e+00 3.3912214747e-02 4.9634871968e-02
3.8557162694e+01 2.0288054739e+01 2.4102664256e+01 5.2618121567e-01 1.3416942431e-03 5.9509894586e+00 4.5984524376e+02 -2.9608865457e-01 1.1168340879e+01 3.1936459004e-03 3.2041262000e-03
6.2979963615e+01 5.5942432750e+01 5.1655137500e+01 8.8825762256e-01 6.4732304206e-02 3.0074055872e+02 8.9232424818e-01 8.7387007665e-01 1.5746159890e+01 1.9849680099e-02 1.0000000000e+00
2.8532967513e+01 2.5726839331e+01 2.3580031289e+01 9.0165312527e-01 1.9296898680e-02 8.6759847199e+01 3.3263431255e+01 -7.3332847901e-01 9.2001205295e+00 8.5734363052e-03 8.9954024916e-03
6.4447765706e+01 6.0124179842e+01 5.4183888522e+01 9.3291333196e-01 1.8834139870e-01 9.4705338238e+02 3.2252084981e+00 -9.5837357175e-01 9.1294925443e+00 1.1109754116e-02 1.0000000000e+00
5.4909050546e+01 5.3016857386e+01 4.6968815399e+01 9.6553950322e-01 9.6877662730e-02 4.6006167757e+02 3.5595534019e+00 -7.0914721241e-01 1.1143447729e+01 1.2307435008e-02 1.0000000000e+00
7.9810125986e+01 7.4416863128e+01 6.7081928194e+01 9.3242382729e-01 2.5606875929e-02 1.1567053183e+02 1.1668769301e+01 2.5594968483e-01 1.6950122640e+01 6.5810442299e-03 7.7029499727e-03
3.2150020394e+01 1.9515036528e+01 2.1671600706e+01 6.0699919592e-01 3.7322840283e-02 1.7004707369e+02 4.8142625303e+00 -7.3322096987e-01 9.2071097696e+00 1.8454147933e-02 3.5934035483e-02
1.0463703503e+01 9.2676764125e+00 8.5696341235e+00 8.8569753622e-01 3.7362235934e-03 1.6602132394e+01 9.9149914098e+01 -6.7798675679e-01 1.0030591304e+01 1.0819257096e-02 1.0987627284e-02
3.7178413068e+01 3.6741727916e+01 3.2174936446e+01 9.8825433589e-01 5.5198423739e-02 2.5473439063e+02 3.9665767191e+00 5.6875303146e-01 1.0395518128e+01 1.5336716911e-02 1.0000000000e+00
3.5693448064e+01 3.1676464432e+01 2.9261859904e+01 8.8745879565e-01 5.2919980005e-02 2.4382550384e+02 7.0261963227e+00 7.6132488542e-01 8.1563766761e+00 1.3151183251e-02 1.8036344518e-02
3.5516886993e+01 3.0569236018e+01 2.8668807743e+01 8.6069581562e-01 8.1366664748e-03 3.6277039117e+01 1.0010909798e+02 7.6262430139e-01 1.3192019199e+01 5.0543173942e-03 5.1321980025e-03
6.6810757897e+01 2.3582631816e+01 3.3669437966e+01 3.5297656482e-01 3.0394853119e-02 1.3778363186e+02 7.6819198286e+00 8.2934600029e-01 1.7307391436e+01 1.1809183250e-02 1.5559411002e-02
3.5487970483e+01 2.9587281537e+01 2.8185683103e+01 8.3372706677e-01 2.9927714094e-03 1.3291007796e+01 8.9545937634e+01 -5.0747586611e-01 2.8627125486e+01 5.3434845127e-03 5.4358440861e-03
7.1331794045e+01 4.2586212171e+01 4.7666451375e+01 5.9701585725e-01 1.1836430302e-01 5.7008235508e+02 2.6761130634e+00 -7.2747276775e-01 8.9406469667e+00 1.3407845526e-02 1.0000000000e+00
3.3976653324e+01 3.2994673271e+01 2.9147202505e+01 9.7109838796e-01 4.4553348261e-02 2.0405344847e+02 3.1999585864e+00 -6.4251021642e-01 1.1741079732e+01 1.7794546279e-02 1.0000000000e+00
2.6482596548e+01 1.4923952609e+01 1.7166938361e+01 5.6353811764e-01 1.8585499769e-02 8.3517001987e+01 1.1423291464e+00 -8.4655651945e-01 1.3771733544e+01 3.7031180805e-02 1.0000000000e+00
4.1348614468e+01 1.4409553877e+01 2.0692130002e+01 3.4848940073e-01 4.2457399256e-02 1.9416086177e+02 6.5534959339e+00 9.1356578505e-01 8.0331082386e+00 1.6868585182e-02 2.4020406759e-02
6.0863091912e+01 5.3478596955e+01 4.9645454280e+01 8.7867039407e-01 7.7877517960e-02 3.6511526458e+02 7.0516494334e+00 7.1795236993e-01 9.8832942492e+00 9.3010324853e-03 1.2733262383e-02
4.2889120046e+01 3.8830399655e+01 3.5517814667e+01 9.0536713303e-01 4.1240726950e-02 1.8843141293e+02 4.4346365140e+00 1.9567257410e-01 8.5164867159e+00 1.3942819901e-02 3.3313867189e-02
3.2441777751e+01 1.1650647271e+01 1.6504410701e+01 3.5912480999e-01 1.3792294475e-02 6.1755697726e+01 4.9294837514e+00 -2.6532658634e-01 9.7291255409e+00 2.1998956102e-02 4.1125570641e-02
1.9332269239e+01 7.9621452967e+00 1.0596757683e+01 4.1185776994e-01 1.7023527720e-02 7.6408737862e+01 3.6931465825e+00 9.7611993649e-01 1.2683738682e+01 3.2272457414e-02 1.0000000000e+00
8.5444659506e+01 8.0597288698e+01 7.2236991343e+01 9.4326888496e-01 1.4600813094e-01 7.1565656166e+02 1.1103221344e+00 6.2735122800e-01 8.8082824127e+00 1.4163163744e-02 1.0000000000e+00
3.7940448045e+01 1.7417985828e+01 2.2050755501e+01 4.5908751017e-01 3.5379747726e-02 1.6096642602e+02 3.3861538599e+00 -9.4640172279e-01 1.4751809571e+01 2.0854691647e-02 1.0000000000e+00
6.8773230847e+01 4.7694431780e+01 4.9692539525e+01 6.9350285268e-01 1.4798322330e-01 7.2622744976e+02 2.4111422441e+00 -7.9358900809e-01 8.0206426776e+00 1.3364277127e-02 1.0000000000e+00
4.1284545054e+01 3.9715170725e+01 3.5249232326e+01 9.6198639645e-01 1.4670765876e-02 6.5732486810e+01 3.6935874820e+01 7.5186305519e-01 1.6385937433e+01 6.4299240036e-03 6.7123259064e-03
6.3078467304e+01 5.6493843395e+01 5.1952114441e+01 8.9561217654e-01 4.5040685104e-02 2.0635768848e+02 2.7264672700e+00 5.3252993967e-01 2.0056282831e+01 1.3163166304e-02 1.0000000000e+00
3.5090658178e+01 3.1081768155e+01 2.8739746072e+01 8.8575620318e-01 3.0541521130e-02 1.3846339764e+02 2.1473325761e+01 9.1068712052e-01 1.0430704674e+01 8.8662656122e-03 9.5788228094e-03
3.1351514060e+01 2.7962768624e+01 2.5767444922e+01 8.9191126688e-01 1.2852873489e-02 5.7508715764e+01 4.5907547180e+01 -9.3117888016e-01 1.5866684484e+01 7.2165252238e-03 7.4674973373e-03
2.9195227693e+01 2.8017784247e+01 2.4897080853e+01 9.5967000297e-01 1.5508401620e-02 6.9529227195e+01 1.2696850099e+01 -1.2732018955e-02 8.2486942911e+00 1.1919684954e-02 1.3736940898e-02
4.0102343776e+01 3.5454159915e+01 3.2813140818e+01 8.8409196512e-01 4.3598214253e-02 1.9954181765e+02 2.9368595260e+00 3.9953225794e-01 1.0039705048e+01 1.7074631778e-02 1.0000000000e+00
1.9939732858e+01 1.7072600851e+01 1.6052479339e+01 8.5621010936e-01 2.3499477381e-03 1.0431075438e+01 3.9182944811e+00 6.3586882400e-01 1.0752169182e+02 2.4570183983e-02 1.0000000000e+00
7.1487096009e+01 6.7837466139e+01 6.0619566518e+01 9.4894701179e-01 9.5253839761e-02 4.5186051036e+02 3.3902779338e+00 8.9850307694e-01 1.8888209837e+01 1.0696772212e-02 1.0000000000e+00
3.6512061877e+01 3.3662684957e+01 3.0515106914e+01 9.2196066799e-01 6.5675287722e-02 3.0532232733e+02 5.1378516465e+00 9.7251794979e-01 1.0097842505e+01 1.4298493712e-02 2.5165250504e-02
3.3278787837e+01 2.5045395812e+01 2.5082308512e+01 7.5259339177e-01 2.3433004973e-02 1.0568058822e+02 2.1373562737e+01 -9.4039875488e-01 1.2144369267e+01 9.7123666819e-03 1.0497130176e-02
7.4764510422e+01 6.5990207552e+01 6.1124089177e+01 8.8264080350e-01 1.6511591521e-01 8.1885650083e+02 3.7718320897e+00 6.7449349985e-01 9.0531268131e+00 9.8367164283e-03 1.0000000000e+00
9.9981378870e+00 8.7439672443e+00 8.1360369532e+00 8.7455957731e-01 4.1074900801e-03 1.8257050065e+01 4.9284783873e+01 9.5819393467e-01 1.4458215320e+01 1.4522210326e-02 1.4990562563e-02
5.6990989431e+01 5.2545147484e+01 4.7631230733e+01 9.2199044109e-01 1.4066201987e-01 6.8715632584e+02 4.3158412146e+00 9.8862095348e-01 9.6487482235e+00 1.1075560299e-02 2.9526668774e-02
3.2269683474e+01 2.9282442943e+01 2.6754238519e+01 9.0742888650e-01 7.2299534233e-03 3.2212315048e+01 2.0502765707e+02 -8.6142258465e-01 8.8149288551e+00 4.0356668530e-03 4.0655943757e-03
3.8090989133e+01 2.0941680751e+01 2.4371473414e+01 5.4978043961e-01 9.9764126776e-03 4.4541508615e+01 3.5761236296e+01 -5.6831159117e-01 1.4572368363e+01 8.2204465652e-03 8.5943608170e-03
3.4022339434e+01 2.5903148844e+01 2.5795724159e+01 7.6135707522e-01 2.9748204443e-02 1.3478828138e+02 3.1507597485e+00 5.5075780870e-01 1.3329456490e+01 1.9491298834e-02 1.0000000000e+00
7.4904018119e+01 7.2492602010e+01 6.4147801591e+01 9.6780658542e-01 1.0040050894e-01 4.7790913885e+02 6.3619452990e+00 6.9270716680e-01 1.0468767157e+01 8.1304890472e-03 1.1789264319e-02
3.7796659466e+01 2.7800609048e+01 2.8153181867e+01 7.3553084956e-01 2.2540690476e-02 1.0158905571e+02 1.1654724652e+01 9.9954993405e-01 1.9159911363e+01 1.1349518401e-02 1.3287463970e-02
8.2539092206e+01 5.3495642645e+01 5.7578042427e+01 6.4812492137e-01 1.5654196131e-01 7.7229254415e+02 3.8368893311e+00 -7.7520111459e-01 9.9787465331e+00 1.0192766718e-02 1.0000000000e+00
9.2645442326e+00 8.4200935578e+00 7.6871499350e+00 9.0885135268e-01 6.5334777425e-03 2.9093836939e+01 2.8834234614e+01 8.1613104361e-01 8.4896826363e+00 1.8368940079e-02 1.9426998896e-02
3.9307169502e+01 3.8238407076e+01 3.3749825554e+01 9.7280998762e-01 9.8733586104e-02 4.6945475665e+02 3.0732997631e+00 9.4594672218e-01 9.0668527802e+00 1.5971343092e-02 1.0000000000e+00
2.8731965229e+01 2.7693817798e+01 2.4555759925e+01 9.6386785855e-01 3.1810306655e-02 1.4434977265e+02 4.0340826943e+00 -3.3232840494e-01 9.1144937354e+00 1.8298718198e-02 1.0961620140e-01
3.4886431251e+01 2.1028372564e+01 2.3429982471e+01 6.0276651437e-01 2.5497208253e-02 1.1516580880e+02 3.7509942386e+00 -4.0961839434e-01 1.2016921070e+01 1.9439017703e-02 1.0000000000e+00
3.8249672404e+01 3.2838218657e+01 3.0835092820e+01 8.5852287335e-01 1.3103471680e-02 5.8641054017e+01 1.1172877224e+02 9.4602751631e-01 9.3182873614e+00 4.6203188061e-03 4.6839196549e-03
8.8796211109e+00 7.1018110414e+00 6.9045438105e+00 7.9978762074e-01 2.9166237337e-03 1.2952079269e+01 2.6681306275e+02 8.4990000516e-01 8.5905811727e+00 8.5475804621e-03 8.5961354575e-03
5.0574046294e+01 4.1020228046e+01 3.9607898287e+01 8.1109246840e-01 9.1453006234e-03 4.0805180926e+01 6.8640545301e+01 -1.2166084518e-01 8.4618197789e+00 4.7546470484e-03 4.8629149730e-03
4.4755574489e+01 4.4333440443e+01 3.8777723677e+01 9.9056801190e-01 4.4233905568e-02 2.0254388468e+02 2.3550417951e+00 8.9688146853e-02 8.3919433022e+00 1.6703546759e-02 1.0000000000e+00
3.6340352744e+01 3.2801068282e+01 3.0048210698e+01 9.0260731682e-01 2.5730479706e-02 1.1623948826e+02 1.2097128391e+01 8.6476180416e-01 1.5541412663e+01 1.0724633541e-02 1.2467063900e-02
3.2603439264e+01 2.9309884046e+01 2.6903555942e+01 8.9898135621e-01 7.3346092833e-02 3.4280151806e+02 3.3599456933e+00 9.7511779964e-01 9.5635938509e+00 1.8059375581e-02 1.0000000000e+00
4.1747634095e+01 8.1882648391e+00 1.5156945014e+01 1.9613721871e-01 1.8204381742e-02 8.1781098819e+01 1.0490731502e+00 -6.9077405860e-01 9.8350703098e+00 4.1337045279e-02 1.0000000000e+00
4.9556081159e+01 2.7042085677e+01 3.1581925792e+01 5.4568652413e-01 5.2899931284e-02 2.4372966087e+02 5.7567538456e+00 9.1831812392e-01 1.1598548598e+01 1.3511795210e-02 2.1086916793e-02
6.3876616803e+01 5.6165542356e+01 5.2121914324e+01 8.7928173355e-01 7.5607126015e-02 3.5391931046e+02 1.7331009014e+01 9.3870840373e-01 8.2517084914e+00 6.4482301801e-03 7.1150153553e-03
3.5710604560e+01 2.4599684872e+01 2.5713296947e+01 6.8886217904e-01 1.6586753388e-02 7.4423967093e+01 2.8418538328e+01 5.1938303548e-01 9.6352181123e+00 8.6299088656e-03 9.1350722545e-03
2.6301700136e+01 2.0995724576e+01 2.0431549989e+01 7.9826492081e-01 4.1074351147e-03 1.8256804988e+01 2.4013915709e+02 6.1228417879e-01 9.5948487965e+00 4.5102040319e-03 4.5387034093e-03
6.9545192716e+01 5.8097174060e+01 5.5290982105e+01 8.3538734730e-01 1.6577999030e-01 8.2248028962e+02 1.7984690812e+00 -8.3794856469e-01 8.0539282045e+00 1.3820947395e-02 1.0000000000e+00
3.2047535166e+01 2.8036883447e+01 2.6083282719e+01 8.7485303636e-01 4.5065238485e-02 2.0647382315e+02 5.6095341049e+00 7.9109697527e-01 9.4692667448e+00 1.5448352259e-02 2.4672726372e-02
4.1034517896e+01 1.7225096986e+01 2.2725481039e+01 4.1977091165e-01 7.2191700795e-02 3.3713756865e+02 3.6416976272e+00 9.7580052182e-01 8.0239635828e+00 1.9484570317e-02 1.0000000000e+00
5.4513264082e+01 5.0265119796e+01 4.5562443410e+01 9.2207136450e-01 5.3912945864e-02 2.4857560466e+02 2.4210337710e+00 9.4958241291e-01 2.2364753476e+01 1.4860659531e-02 1.0000000000e+00
7.6648370788e+01 7.3977228223e+01 6.5551228089e+01 9.6515069351e-01 5.9692035175e-02 2.7634645789e+02 1.2052797131e+01 9.9213629599e-01 1.6601275694e+01 6.4626775297e-03 7.5177935383e-03
3.8444909303e+01 3.3326700918e+01 3.1144987496e+01 8.6686902172e-01 1.2979601262e-02 5.8081287784e+01 2.2546788709e+01 6.3482261828e-01 1.9001290094e+01 8.3684677038e-03 9.0043409947e-03
8.1031363192e+01 7.9771479897e+01 6.9990924788e+01 9.8445190546e-01 1.8038534297e-01 9.0280264075e+02 7.1669956532e+00 -9.7080711396e-01 8.1329682321e+00 7.0469850894e-03 9.5722047637e-03
8.3681284147e+01 4.1655125887e+01 5.0788176737e+01 4.9778306239e-01 7.5773804807e-02 3.5474015691e+02 2.0401674856e+00 -7.3849419908e-01 1.4033177201e+01 1.4617355786e-02 1.0000000000e+00
6.5050194455e+01 4.6240911108e+01 4.7607228321e+01 7.1084969838e-01 6.4409556461e-02 2.9917368400e+02 3.4608499503e+00 6.5675506503e-01 1.5676763706e+01 1.2567203999e-02 1.0000000000e+00
8.5096785821e+01 8.2783907015e+01 7.3065993684e+01 9.7282060911e-01 2.0723451162e-01 1.0535138772e+03 3.0669543408e+00 8.6372479030e-01 1.0762437141e+01 9.2995870870e-03 1.0000000000e+00
7.9861755845e+01 7.6215569925e+01 6.7914353447e+01 9.5434377968e-01 2.3105423239e-01 1.1904441764e+03 4.0890856162e+00 -9.1824775500e-01 9.2818232025e+00 8.6329990677e-03 3.6252976948e-02
4.0527288224e+01 3.5795224953e+01 3.3144620605e+01 8.8323760413e-01 5.5099628710e-02 2.5426068374e+02 4.9384558734e+00 -5.3291293504e-01 8.2268862189e+00 1.3867796974e-02 2.5849310914e-02
2.9045112838e+01 2.8124652798e+01 2.4880715212e+01 9.6830929717e-01 3.1896556453e-02 1.4475030203e+02 2.4057777287e+00 4.7712948602e-01 1.0115029464e+01 2.2029926125e-02 1.0000000000e+00
8.1908974806e+01 7.9563313901e+01 7.0275996436e+01 9.7136258987e-01 1.9124751972e-01 9.6330329640e+02 3.6184091076e+00 8.1066633561e-01 1.0818616306e+01 9.0306909304e-03 1.0000000000e+00
3.5305114722e+01 2.2915893092e+01 2.4647263322e+01 6.4908139436e-01 3.6570637463e-02 1.6652888011e+02 1.3493827762e+00 -7.1986081270e-01 1.0130644971e+01 2.7448290559e-02 1.0000000000e+00
3.9282904364e+01 3.0851386461e+01 3.0262226916e+01 7.8536419242e-01 5.7227905495e-02 2.6447924694e+02 1.7836069364e+00 8.7508041456e-01 1.0818424920e+01 2.1479052647e-02 1.0000000000e+00
6.6840991943e+01 5.9768273993e+01 5.5006632998e+01 8.9418592177e-01 1.3423550422e-01 6.5311543242e+02 5.3030476800e+00 9.3140152446e-01 9.7013018851e+00 9.4031795992e-03 1.5917017375e-02
9.2614705165e+00 7.4105553952e+00 7.2031216365e+00 8.0014889450e-01 2.3198622437e-03 1.0297293289e+01 1.7476743554e+02 7.7228390695e-01 1.2219924408e+01 9.7592989615e-03 9.8444037816e-03
7.5089265122e+01 4.1378569345e+01 4.8102848521e+01 5.5105838735e-01 7.0396409279e-02 3.2834570229e+02 8.4963478734e+00 8.7757473708e-01 1.1478941311e+01 8.8845715008e-03 1.1279143703e-02
7.6741872240e+01 6.1976473362e+01 5.9969271079e+01 8.0759657736e-01 3.5534736818e-02 1.6168983018e+02 4.3014013975e+00 -6.2678782358e-01 3.2376997381e+01 1.0200785194e-02 2.7641262078e-02
3.5790601587e+01 3.5430740390e+01 3.1000414815e+01 9.8994537165e-01 2.2436299012e-02 1.0111073436e+02 5.0456172195e+00 -5.3176389340e-01 1.8077074800e+01 1.4628524637e-02 2.6395422472e-02
4.0928702732e+01 3.2657195316e+01 3.1786682137e+01 7.9790448111e-01 3.9434491329e-02 1.7994338989e+02 1.1996002256e+01 9.1620104724e-01 1.1510879604e+01 1.0301028510e-02 1.1993389847e-02
7.9630894220e+01 7.4613748412e+01 6.7096250734e+01 9.3699498345e-01 1.1391470792e-01 5.4707096120e+02 1.5806974082e+00 5.7542969958e-01 1.0385770477e+01 1.3224631990e-02 1.0000000000e+00
3.8051924722e+01 3.3486172694e+01 3.1062600256e+01 8.8001258645e-01 4.3382209443e-02 1.9852232605e+02 5.8968352001e+00 -8.4084698897e-01 1.2564467731e+01 1.3607014561e-02 2.0820150806e-02
2.3382622465e+01 1.8934284607e+01 1.8297109516e+01 8.0975881276e-01 7.5513572397e-03 3.3652508729e+01 5.4403484865e+01 9.7394669758e-01 1.9157349045e+01 8.4145263193e-03 8.6589848829e-03
2.9579121769e+01 2.5925141466e+01 2.4096755865e+01 8.7646758645e-01 5.4874937286e-02 2.5318355562e+02 2.3431625255e+00 8.0311778339e-01 8.3870298978e+00 2.2388248477e-02 1.0000000000e+00
4.4905259063e+01 3.0786861405e+01 3.2254286503e+01 6.8559589784e-01 8.0966346334e-02 3.8039873093e+02 3.4032947881e+00 8.3615700585e-01 9.4623892780e+00 1.5975654031e-02 1.0000000000e+00
6.3104840834e+01 4.8860677583e+01 4.8261013447e+01 7.7427780400e-01 1.9378130088e-01 9.7750873843e+02 3.8062499744e+00 9.9856572363e-01 8.3578649950e+00 1.1192020499e-02 1.0000000000e+00
7.2536265189e+01 7.1634633842e+01 6.2752556033e+01 9.8756992321e-01 1.6482045176e-01 8.1724498381e+02 3.9200228827e+00 -6.2370445926e-01 8.8833563015e+00 9.5390694893e-03 1.0000000000e+00
3.7951524839e+01 2.4216999791e+01 2.6260054832e+01 6.3810347262e-01 3.4329876442e-02 1.5607034124e+02 6.7205903766e+00 8.7858453440e-01 1.2660045595e+01 1.4468425491e-02 2.0309553361e-02
3.5907028454e+01 2.7395165529e+01 2.7253876548e+01 7.6294716407e-01 4.7287054091e-02 2.1699889109e+02 9.8259308790e+00 8.7041711992e-01 8.2758959025e+00 1.2164572233e-02 1.4798748275e-02
2.5299209146e+01 2.3102586088e+01 2.1042058881e+01 9.1317424012e-01 2.0272148584e-02 9.1210909995e+01 2.3488721499e+01 9.3159198101e-01 1.1052966204e+01 1.0482643388e-02 1.1242795796e-02
3.0665829135e+01 2.9424691684e+01 2.6149222826e+01 9.5952702123e-01 2.1602757336e-02 9.7294044467e+01 4.7709013825e+01 9.3466194468e-01 9.3861562641e+00 7.0102345956e-03 7.2442526546e-03
6.5410440389e+01 6.0827225366e+01 5.4904666349e+01 9.2993144525e-01 5.6100793231e-02 2.5906400153e+02 1.0587533270e+01 -8.2382277055e-01 1.3805621143e+01 7.5954071053e-03 9.0746115572e-03
7.6509375904e+01 6.7581836360e+01 6.2574773985e+01 8.8331443776e-01 1.0354344046e-01 4.9389547327e+02 8.8063717326e+00 7.7454127858e-01 8.9681539419e+00 7.2967406580e-03 9.1568538407e-03
3.4264124333e+01 3.1121454303e+01 2.8421259378e+01 9.0828103473e-01 1.1801585923e-02 5.2763021649e+01 3.5814941372e+01 2.3030398651e-01 9.3166270870e+00 7.4547825526e-03 7.7933180262e-03
4.1183442978e+01 2.6438125919e+01 2.8586102213e+01 6.4196006958e-01 1.6921614311e-02 7.5945513456e+01 3.1993164344e+01 -5.0965976876e-01 9.7573741407e+00 7.7245427559e-03 8.1212846463e-03
2.8136570305e+01 2.1494541066e+01 2.1370210545e+01 7.6393607442e-01 3.7674264828e-02 1.7169201823e+02 3.4799782197e+00 -8.7512227603e-01 1.2460379728e+01 2.1021363955e-02 1.0000000000e+00
3.4349415028e+01 3.2300218997e+01 2.8994480617e+01 9.4034262215e-01 5.0673047119e-02 2.3310009385e+02 4.8363510887e+00 -8.3145052358e-01 1.0898455203e+01 1.5235693674e-02 2.9421220162e-02
3.6305022781e+01 8.9816548352e+00 1.5024490476e+01 2.4739427625e-01 1.6640640983e-02 7.4668771833e+01 1.1839888180e+01 -9.7575669351e-01 1.1783632837e+01 1.6766247792e-02 1.9569288238e-02
7.9940896786e+01 6.7527762808e+01 6.3916190146e+01 8.4472110676e-01 2.0940694573e-01 1.0658782263e+03 3.5678043051e+00 9.7371864131e-01 1.0527093518e+01 9.5423594509e-03 1.0000000000e+00
3.5573622429e+01 3.1720558341e+01 2.9233838710e+01 8.9168760939e-01 6.8270466535e-03 3.0407895855e+01 5.1545189819e+01 -5.4786705346e-01 1.9753108704e+01 6.4095086679e-03 6.6066351450e-03
4.3581668394e+01 4.0338245147e+01 3.6495515813e+01 9.2557826794e-01 4.7180630761e-02 2.1649402088e+02 1.1025455371e+00 -7.6745823799e-01 1.2989718097e+01 2.3020187166e-02 1.0000000000e+00
2.4552080198e+01 1.7100381812e+01 1.7779859526e+01 6.9649421451e-01 1.3088089728e-02 5.8571537900e+01 2.6126547213e+01 -5.8836626063e-01 9.2099596703e+00 1.1240361443e-02 1.1963091248e-02
3.3894370916e+01 3.3152349559e+01 2.9181635366e+01 9.7810782921e-01 2.8754429501e-02 1.3019036943e+02 3.8456930943e+00 6.8558042385e-01 1.9933874751e+01 1.6755867567e-02 1.0000000000e+00
7.9068445361e+01 7.6418207747e+01 6.7667698490e+01 9.6648172856e-01 2.6123813245e-01 1.3681710999e+03 3.7636862223e+00 -9.9852929555e-01 9.5742978965e+00 8.7918273918e-03 1.0000000000e+00
2.0608382342e+01 1.7468335825e+01 1.6506133735e+01 8.4763255722e-01 1.0017645408e-02 4.4726994569e+01 1.1018031119e+01 -9.9046287482e-01 2.2761439567e+01 1.6307890797e-02 1.9313280985e-02
3.6294439513e+01 3.1221217965e+01 2.9288225586e+01 8.6022041898e-01 2.3083295020e-02 1.0407643271e+02 3.3774846601e+01 6.2298865113e-01 8.1841068385e+00 7.4271242520e-03 7.7866317128e-03
7.9862555318e+01 7.5335184855e+01 6.7519241910e+01 9.4331047329e-01 2.5725614589e-01 1.3444606138e+03 4.1221935706e+00 9.0444060446e-01 8.1292163761e+00 8.5254148658e-03 3.1896683692e-02
3.4697033500e+01 3.2866639866e+01 2.9395844419e+01 9.4724639404e-01 7.6643135737e-02 3.5902418125e+02 2.5152615908e+00 8.6336090461e-01 8.4739020216e+00 1.9009841064e-02 1.0000000000e+00
5.1636510624e+01 2.7097541057e+01 3.2232911939e+01 5.2477482947e-01 4.5274741709e-02 2.0746490800e+02 1.3310552947e+01 7.9527307399e-01 8.5936606736e+00 9.7868055115e-03 1.1190479386e-02
3.9264725759e+01 2.3264328505e+01 2.6133614597e+01 5.9249945224e-01 1.5866173010e-02 7.1152323387e+01 2.8776608478e+01 6.8091444390e-01 1.2403118683e+01 8.5066468129e-03 8.9977217341e-03
7.6154584791e+01 5.1387995904e+01 5.4250482012e+01 6.7478532047e-01 1.7342688284e-01 8.6438647168e+02 1.6669619990e+00 9.9558730823e-01 8.7301304690e+00 1.4331324640e-02 1.0000000000e+00
2.9306014336e+01 2.7706896682e+01 2.4804595120e+01 9.4543380631e-01 1.2777704824e-02 5.7169145185e+01 5.1380518553e+01 5.5933405666e-01 9.5233133759e+00 7.0850413642e-03 7.3036826185e-03
8.1232383136e+01 2.4797257406e+01 3.7791510349e+01 3.0526320230e-01 3.2771888486e-02 1.4881795815e+02 6.9515318808e+00 -7.4301681676e-01 1.7461175417e+01 1.1389807595e-02 1.5704668654e-02
2.6769193585e+01 2.6006838149e+01 2.2969225926e+01 9.7152116539e-01 3.3307839566e-02 1.5131099732e+02 4.2813378862e+00 8.5432402021e-01 1.3835206706e+01 1.8640964380e-02 5.1742821649e-02
7.3846163916e+01 5.7911296314e+01 5.6845971490e+01 7.8421536398e-01 5.0767277952e-02 2.3354923955e+02 2.8789508720e+00 -6.4566041576e-01 2.3226394997e+01 1.2150076217e-02 1.0000000000e+00
2.7067008819e+01 2.5620010935e+01 2.2922976990e+01 9.4654016286e-01 8.0421788847e-03 3.5853199749e+01 6.3679646446e+01 -2.6467572177e-01 8.7408324586e+00 6.8877428546e-03 7.0573608773e-03
7.3663926867e+01 6.3407840098e+01 5.9463311799e+01 8.6077192454e-01 1.1966914374e-01 5.7685277050e+02 4.1926383476e+00 -9.1649153552e-01 1.4071543244e+01 9.8605517119e-03 3.1300801741e-02
6.8961566862e+01 5.6548110926e+01 5.4309985906e+01 8.1999457813e-01 1.4923066882e-01 7.3291543325e+02 4.1189051941e+00 -7.6070935598e-01 8.8709633966e+00 1.0335304080e-02 3.9054053988e-02
1.1547589466e+01 6.0401618467e+00 7.1958463857e+00 5.2306690194e-01 3.7247452046e-03 1.6550982441e+01 1.0935675635e+01 -1.3712640395e-01 8.2160451318e+00 2.7584703091e-02 3.2721042433e-02
5.7213313443e+01 5.3965345513e+01 4.8368536947e+01 9.4323055711e-01 7.8480254011e-02 3.6809292880e+02 5.3701286209e+00 -9.7133505145e-01 1.4452651626e+01 1.0466874502e-02 1.7469310857e-02
4.2635560349e+01 1.7048688653e+01 2.2998834401e+01 3.9987016738e-01 1.6338091556e-02 7.3294578201e+01 1.2026544559e+01 3.0865899815e-01 9.1289626897e+00 1.2776235269e-02 1.4868169104e-02
4.1373405151e+01 3.4157750920e+01 3.2696487018e+01 8.2559680053e-01 4.0332970898e-02 1.8416295193e+02 2.0857906892e+01 -9.4201266128e-01 9.4184431346e+00 8.2205014665e-03 8.9037603822e-03
4.9368515499e+01 3.7463569318e+01 3.7367968360e+01 7.5885549605e-01 3.0699965215e-02 1.3919790126e+02 4.7418470685e+00 -7.4761041435e-01 2.2463714444e+01 1.3256246519e-02 2.6578655387e-02
4.4654645749e+01 3.6753798220e+01 3.5234444941e+01 8.2306773691e-01 1.3850818258e-02 6.2020470767e+01 3.7582188408e+01 -9.8065678865e-02 8.1322833890e+00 6.3931373810e-03 6.6687039662e-03
1.1394700307e+01 7.5347262944e+00 8.0322042040e+00 6.6124830766e-01 2.5049258292e-03 1.1120318876e+01 1.2178655417e+02 5.8535829437e-01 1.1606162728e+01 1.0438069983e-02 1.0569612461e-02
3.6741652472e+01 3.6665278867e+01 3.1952201961e+01 9.9792133451e-01 8.4909861797e-02 3.9999725307e+02 3.5756563776e+00 8.6867929414e-01 9.3682369694e+00 1.5739042060e-02 1.0000000000e+00
5.8061144782e+01 4.9561785158e+01 4.6670081460e+01 8.5361364032e-01 5.9211888685e-02 2.7403104504e+02 1.0433737625e+00 -8.8140505874e-01 1.5851610625e+01 2.0009783868e-02 1.0000000000e+00
4.1266578028e+01 2.8034575754e+01 2.9500363969e+01 6.7935305260e-01 4.9915752738e-02 2.2949256866e+02 6.5133283857e+00 7.4052495752e-01 8.7942299820e+00 1.3485932641e-02 1.9273635354e-02
1.9508952583e+01 1.8004359734e+01 1.6312852088e+01 9.2287680016e-01 1.8257444938e-02 8.2022731189e+01 8.4844515449e+00 9.5876689011e-01 1.3074373318e+01 1.8027879438e-02 2.2897473196e-02
8.1250698957e+00 7.5544592391e+00 6.8194867433e+00 9.2977160025e-01 8.8272169747e-03 3.9376442476e+01 1.2543604397e+00 -7.9532534820e-01 8.5402796016e+00 6.4051906686e-02 1.0000000000e+00
4.1133721349e+01 1.4285386753e+01 2.0545754583e+01 3.4729137761e-01 3.8545285012e-02 1.7577255423e+02 5.5739969482e+00 -8.7067690534e-01 8.9872282854e+00 1.8046417955e-02 2.8995264622e-02
7.6351966974e+01 4.8440205529e+01 5.2671811516e+01 6.3443297467e-01 1.5842274743e-01 7.8247125093e+02 4.5277380607e+00 -9.2978856313e-01 8.7870401402e+00 1.0117237036e-02 2.2652206088e-02
1.9471845145e+01 1.2983768090e+01 1.3785634195e+01 6.6679700835e-01 1.1135987977e-02 4.9762234183e+01 1.7312770292e+01 -6.7806658585e-01 1.0135762530e+01 1.5395208735e-02 1.6989178515e-02
8.4554124029e+01 7.2341384510e+01 6.8044161130e+01 8.5556305314e-01 4.4053990018e-02 2.0169396366e+02 1.5201029639e+01 -3.2504493125e-01 8.9447975974e+00 5.8414710301e-03 6.5501745680e-03
6.2612321882e+01 6.1202239787e+01 5.3889224056e+01 9.7747915981e-01 5.0370166556e-02 2.3165681827e+02 1.7702834479e+01 -9.9586858784e-01 1.3264232398e+01 6.3588268152e-03 6.9998566444e-03
2.6925133895e+01 2.0473819272e+01 2.0401415091e+01 7.6039804858e-01 1.1531015023e-02 5.1542818447e+01 6.9196661526e+01 -9.6553240614e-01 1.2178848441e+01 7.1653783972e-03 7.3271747451e-03
5.1254183989e+01 3.4831077636e+01 3.6646455902e+01 6.7957530342e-01 4.3237942012e-02 1.9784158639e+02 1.2610413766e+01 8.0294936490e-01 1.0664705744e+01 9.2286387389e-03 1.0648223024e-02
3.7180254347e+01 2.4898280491e+01 2.6381575948e+01 6.6966407112e-01 4.0801890713e-02 1.8636724308e+02 5.6813986748e+00 -8.2697628977e-01 1.0946220446e+01 1.5304953467e-02 2.4161629770e-02
6.4465493963e+01 6.0355654593e+01 5.4296212094e+01 9.3624745398e-01 1.7908419148e-01 8.9559889633e+02 4.6757757634e+00 9.4876468516e-01 8.0786660862e+00 9.7001655520e-03 2.0035412820e-02
3.3440143013e+01 2.5655503553e+01 2.5454120976e+01 7.6720675334e-01 2.0702727461e-02 9.3178095964e+01 6.8182663024e+00 4.4409489647e-01 1.1924681587e+01 1.4795585167e-02 2.0607087758e-02
3.3106138835e+01 2.2398603669e+01 2.3616289713e+01 6.7656949608e-01 4.6703957634e-02 2.1423359010e+02 4.1521535181e+00 7.4315947742e-01 9.4024996922e+00 1.8383195604e-02 6.3521067023e-02
5.7768178597e+01 3.9740369575e+01 4.1566533531e+01 6.8792838099e-01 1.2119386791e-01 5.8477689235e+02 2.5735060427e+00 -8.5598334962e-01 8.4274025661e+00 1.4798185597e-02 1.0000000000e+00
1.0489203143e+01 1.0102645834e+01 8.9612275615e+00 9.6314712347e-01 2.3060359181e-03 1.0235813377e+01 2.7969176203e+02 4.7346248408e-01 8.5359196453e+00 7.1377438353e-03 7.1764045819e-03
1.1338752700e+01 1.0077184263e+01 9.3024056509e+00 8.8873834093e-01 8.4660922445e-03 3.7755202493e+01 5.5588082241e+00 5.7123571409e-01 1.0635088672e+01 3.0192025509e-02 4.8636590863e-02
7.4329856527e+01 6.8082469065e+01 6.1916962031e+01 9.1595049750e-01 8.2902754184e-02 3.9001026946e+02 6.0447053391e+00 7.1261239185e-01 1.2809870976e+01 8.5586571864e-03 1.2850936653e-02
1.1741345582e+01 8.1694291953e+00 8.4982229068e+00 6.9578304616e-01 7.4213268001e-03 3.3069765165e+01 5.0543876966e+01 9.5064269404e-01 8.3204270385e+00 1.3970372929e-02 1.4409046661e-02
2.8825861339e+01 2.4626219355e+01 2.3180088995e+01 8.5430992210e-01 3.5538224685e-02 1.6170611144e+02 6.0195809950e+00 7.4109322794e-01 9.4526972642e+00 1.6289495109e-02 2.4534205228e-02
2.7925243347e+01 2.2331249283e+01 2.1712386256e+01 7.9967966635e-01 4.1617711545e-02 1.9020564842e+02 4.0330426061e+00 -7.2694764522e-01 9.7913803267e+00 1.9647101738e-02 1.1905782315e-01
3.2559817659e+01 3.1032525644e+01 2.7670594278e+01 9.5309273439e-01 2.1561594151e-02 9.7105682625e+01 9.1253550158e+00 1.9668921745e-01 8.4368577596e+00 1.2582738679e-02 1.5621486519e-02
3.2693741215e+01 2.0781773896e+01 2.2576538028e+01 6.3564991720e-01 3.7260622603e-03 1.6556851455e+01 3.2732454602e+02 6.0673411748e-01 8.1248734135e+00 3.7736223515e-03 3.7910620892e-03
2.9913881153e+01 2.1025760059e+01 2.1765242206e+01 7.0287636535e-01 1.0175244209e-02 4.5436060171e+01 6.8869069483e+00 -7.6326633112e-01 2.9252887789e+01 1.6361063163e-02 2.2667744418e-02
2.9927266492e+01 2.0841376420e+01 2.1670900502e+01 6.9640093676e-01 1.2622072360e-02 5.6466204021e+01 1.9245082243e+01 5.6354729549e-01 1.2907288331e+01 1.1142255461e-02 1.2159602033e-02
6.0569791564e+01 5.3828221340e+01 4.9690797746e+01 8.8869748352e-01 1.2631565769e-01 6.1149594552e+02 3.0155949835e+00 8.5938035620e-01 1.0556129044e+01 1.2436432207e-02 1.0000000000e+00
6.6596298368e+01 1.8993973832e+01 2.9836966998e+01 2.8521065431e-01 2.6183422959e-02 1.1832527966e+02 7.1997724468e+00 -5.7420311774e-01 1.3224465434e+01 1.3082444805e-02 1.7732247716e-02
2.9932686902e+01 1.7507204035e+01 1.9787401286e+01 5.8488581704e-01 2.4705515696e-02 1.1152456669e+02 2.3584788080e+01 -9.6248980274e-01 8.7358159665e+00 1.0847167691e-02 1.1630108524e-02
3.2698619579e+01 2.3034650255e+01 2.3819010728e+01 7.0445329350e-01 1.0456022340e-02 4.6699745989e+01 3.1896152022e+01 -8.7144097722e-01 2.0311329631e+01 8.7019818447e-03 9.1504177084e-03
6.2710248768e+01 5.0940311449e+01 4.9150252756e+01 8.1231238034e-01 1.3029274814e-01 6.3234996517e+02 5.2898801751e+00 -9.9984517645e-01 9.4045152584e+00 1.0120002494e-02 1.7179748215e-02
7.8678138149e+01 5.4064011939e+01 5.6579048182e+01 6.8715418553e-01 7.9430662550e-02 3.7279277653e+02 6.5921275832e+00 7.4848111553e-01 1.2012378585e+01 8.7827323733e-03 1.2463588753e-02
3.3064973244e+01 2.9766780314e+01 2.7303868688e+01 9.0025115381e-01 2.8815073374e-02 1.3047076484e+02 2.5390800046e+01 -8.7375259123e-01 9.3856003188e+00 8.6062935992e-03 9.1777171027e-03
4.3905785934e+01 4.2895696243e+01 3.7779469734e+01 9.7699415534e-01 1.1210853287e-01 5.3776391782e+02 4.5092403217e+00 9.7568969129e-01 8.5673241352e+00 1.2793962708e-02 2.8986635190e-02
4.3062498779e+01 3.6476806495e+01 3.4478888984e+01 8.4706664801e-01 7.6534307415e-02 3.5848762172e+02 6.0680978868e+00 9.5542829081e-01 9.1334532287e+00 1.2367667907e-02 1.8517969858e-02
4.0884644931e+01 3.1444487504e+01 3.1160197348e+01 7.6910261926e-01 4.6620921258e-02 2.1383997353e+02 3.7712509772e+00 4.7087004877e-01 1.0279114277e+01 1.6027662824e-02 1.0000000000e+00
3.1668029715e+01 3.0853814479e+01 2.7211443998e+01 9.7428904662e-01 2.0629352866e-02 9.2842782243e+01 1.1373352892e+01 -7.3164278032e-01 1.5216065126e+01 1.1713866582e-02 1.3781106334e-02
3.3734071230e+01 1.4946501406e+01 1.9235073375e+01 4.4306841306e-01 4.0758099504e-02 1.8616132949e+02 2.6920728830e+00 -9.0494671624e-01 9.7608212273e+00 2.4673792537e-02 1.0000000000e+00
4.6548738917e+01 4.1952615374e+01 3.8460080842e+01 9.0126212545e-01 6.5090220330e-02 3.0247893952e+02 9.1014304015e+00 8.4298871549e-01 9.0428686091e+00 9.9886490552e-03 1.2410474517e-02
4.0965422313e+01 3.5123772161e+01 3.3002478388e+01 8.5740046550e-01 5.3574849851e-02 2.4695752815e+02 7.8135570692e+00 6.7151693217e-01 8.0328591387e+00 1.1717770246e-02 1.5334316766e-02
4.4918536456e+01 4.3876798694e+01 3.8647222583e+01 9.7680828798e-01 7.4620285669e-02 3.4906295537e+02 5.9557427827e+00 -9.1612289745e-01 1.0401467197e+01 1.1610112854e-02 1.7627694492e-02
2.5428460139e+01 2.1851623128e+01 2.0509100413e+01 8.5933725475e-01 4.4512755707e-03 1.9790303909e+01 2.3637886655e+02 -9.2404262371e-01 1.2768486676e+01 4.5252786022e-03 4.5543334877e-03
2.9668934551e+01 2.6261445171e+01 2.4290854340e+01 8.8514958720e-01 1.8994457135e-02 8.5380783713e+01 3.0890783113e+01 -7.4081643327e-01 1.0024575986e+01 8.6541768632e-03 9.1161259563e-03
3.1059401114e+01 1.4649539575e+01 1.8315129778e+01 4.7166201053e-01 4.9917988860e-03 2.2202609626e+01 5.6887836148e+01 9.3320382119e-01 2.7263317318e+01 8.2828660618e-03 8.5124484455e-03
2.7944593172e+01 2.4242309530e+01 2.2647004460e+01 8.6751341772e-01 5.2857963684e-03 2.3515523440e+01 1.5906092942e+02 9.3753583206e-01 1.5596360732e+01 4.9319848006e-03 4.9793156082e-03
3.3325248382e+01 1.2976251995e+01 1.7718811445e+01 3.8938200388e-01 1.3127088431e-02 5.8747788997e+01 4.3630585094e+01 7.0178881023e-01 8.7077809448e+00 9.2936761068e-03 9.6349117281e-03
3.3737978131e+01 2.9968549447e+01 2.7671587700e+01 8.8827342679e-01 3.1237894246e-02 1.4169282537e+02 5.4457784108e+00 4.9536823527e-01 1.0392312799e+01 1.5180206078e-02 2.4961001351e-02
4.2043845603e+01 2.5081230098e+01 2.8083666130e+01 5.9654938168e-01 5.0265324021e-02 2.3115736385e+02 4.0066185666e+00 -5.4658176608e-01 9.2507986678e+00 1.6683358248e-02 1.8430569094e-01
3.3059536066e+01 1.9799433390e+01 2.2128194070e+01 5.9890233640e-01 4.9360382458e-02 2.2684929545e+02 3.8249064880e+00 8.7102530079e-01 1.0192135574e+01 1.9713729249e-02 1.0000000000e+00
3.1305791452e+01 3.1020025137e+01 2.7128545177e+01 9.9087177476e-01 2.3967568678e-02 1.0813425383e+02 3.4150573278e+01 -8.7188077595e-01 9.7414968981e+00 7.7548973257e-03 8.1257687993e-03
3.4997460781e+01 3.0091727361e+01 2.8235040915e+01 8.5982601851e-01 2.7156996063e-02 1.2281314649e+02 1.8409332402e+01 -9.8254952267e-01 1.3199320667e+01 9.5173424665e-03 1.0433103465e-02
1.0191048839e+01 7.8282220584e+00 7.7621453124e+00 7.6814684950e-01 3.3122992786e-03 1.4713634942e+01 2.4791136924e+02 -9.2708017133e-01 9.4678321876e+00 8.1643833042e-03 8.2143373722e-03
4.7130455047e+01 4.0630611181e+01 3.8074360242e+01 8.6208824296e-01 9.2868064494e-02 4.3984030005e+02 2.3713139188e+00 -8.8869063639e-01 9.8671943509e+00 1.6379461906e-02 1.0000000000e+00
3.7199429375e+01 3.3653112088e+01 3.0793979721e+01 9.0466742778e-01 3.2992234102e-02 1.4984269349e+02 1.0571021808e+01 -7.1124010094e-01 1.1090528117e+01 1.1060508204e-02 1.3219243573e-02
9.6289414430e+00 8.3127573198e+00 7.7843342625e+00 8.6330957240e-01 1.1914342863e-02 5.3271670783e+01 3.0081078479e+00 -6.5978692752e-01 8.1617600987e+00 4.2396738598e-02 1.0000000000e+00
3.7403493233e+01 2.7780016283e+01 2.8000078457e+01 7.4271181331e-01 4.2603502763e-02 1.9484952625e+02 5.3127830174e+00 5.9655739325e-01 8.9330276314e+00 1.5105181428e-02 2.5515223057e-02
4.4052393186e+01 3.7254994328e+01 3.5242475270e+01 8.4569739880e-01 1.0891258400e-01 5.2134339030e+02 3.0007108319e+00 9.4392942997e-01 8.6482528958e+00 1.5594963622e-02 1.0000000000e+00
8.1372611824e+01 7.8259526804e+01 6.9468067507e+01 9.6174284013e-01 1.4803769738e-01 7.2651931771e+02 5.7473155098e+00 9.2993587470e-01 1.0838947681e+01 7.8258766649e-03 1.2230469795e-02
8.4850420321e+01 7.8899815109e+01 7.1219940005e+01 9.2986946688e-01 8.8267248389e-02 4.1675860467e+02 1.0666316394e+01 9.9003107343e-01 1.2964523118e+01 6.3179995855e-03 7.5357727880e-03
3.5930029217e+01 2.7419998824e+01 2.7275055252e+01 7.6314991725e-01 5.2769944781e-02 2.4310832254e+02 2.3346766259e+00 -8.4242654061e-01 1.0622598886e+01 2.0774174207e-02 1.0000000000e+00
2.9572253007e+01 2.6435698526e+01 2.4332973573e+01 8.9393589726e-01 1.7295383022e-02 7.7644734041e+01 1.6369379581e+01 -6.6806054752e-01 1.2961041497e+01 1.0980756207e-02 1.2197304416e-02
3.6053686859e+01 2.9541159687e+01 2.8382613910e+01 8.1936584746e-01 5.0524694608e-03 2.2473500234e+01 2.2637435446e+02 -7.7250034222e-01 1.0555167894e+01 3.7526220911e-03 3.7777940438e-03
2.7215256433e+01 2.3962649077e+01 2.2222445690e+01 8.8048588248e-01 8.7701054956e-03 3.9119986650e+01 1.2253290736e+02 -7.2013221632e-01 8.9868857119e+00 5.4917521722e-03 5.5605289477e-03
3.6148171857e+01 2.1726341466e+01 2.4240763427e+01 6.0103569144e-01 1.3066588062e-02 5.8474367434e+01 1.9520150171e+00 3.6168906093e-01 1.9369877518e+01 2.4497647531e-02 1.0000000000e+00
3.2456103974e+01 1.8596884700e+01 2.1224512139e+01 5.7298573836e-01 2.7830334848e-02 1.2592068860e+02 8.8643106550e+00 -7.3808041949e-01 9.2389367068e+00 1.4956480631e-02 1.8731100204e-02
5.9885762277e+01 4.1056529653e+01 4.3013903789e+01 6.8558081406e-01 1.0749373400e-01 5.1407311547e+02 4.2249304006e+00 -8.8796852327e-01 1.0131552684e+01 1.2120473118e-02 3.6406912379e-02
3.1863764952e+01 2.7446935730e+01 2.5730484391e+01 8.6138395043e-01 3.4848283541e-02 1.5848703594e+02 1.8528137752e+01 -9.6144495199e-01 9.0988438114e+00 1.0015114649e-02 1.0971452027e-02
4.1284267467e+01 2.6699905487e+01 2.8767029620e+01 6.4673317768e-01 3.0064758536e-02 1.3625425222e+02 5.4115840733e+00 -3.7354588876e-01 9.7240851145e+00 1.4861901234e-02 2.4599766989e-02
1.0854467506e+01 6.6367861813e+00 7.3447263869e+00 6.1143360350e-01 3.9294822003e-04 1.7416264764e+00 1.8129366530e+03 8.3121314293e-01 1.7730567966e+01 4.0150028220e-03 4.0183298305e-03
2.5426411966e+01 1.8421723851e+01 1.8792258654e+01 7.2451134180e-01 4.4513892024e-02 2.0386695764e+02 4.6272905352e+00 -9.8634211961e-01 8.7374183118e+00 2.0387545986e-02 4.3133203692e-02
4.0145582682e+01 3.3776809325e+01 3.2033074993e+01 8.4135805408e-01 5.2990859748e-02 2.4416436534e+02 9.3560404341e+00 -8.7036963570e-01 9.1248666936e+00 1.1162120056e-02 1.3759092187e-02
3.6215626379e+01 3.2020728356e+01 2.9634196807e+01 8.8416883975e-01 3.7338269483e-02 1.7011927762e+02 1.8345818965e+00 -4.3166846708e-01 9.5068865607e+00 2.1790808974e-02 1.0000000000e+00
6.6709891833e+01 5.3954845304e+01 5.2169459670e+01 8.0879827296e-01 1.1698537293e-01 5.6293850995e+02 1.7507062443e+00 9.9795017381e-01 1.2181956569e+01 1.4869654315e-02 1.0000000000e+00
5.2781931152e+01 4.8812347145e+01 4.4180958170e+01 9.2479274781e-01 5.9504794143e-02 2.7544334995e+02 4.4845802805e+00 2.5106495237e-01 8.1645646932e+00 1.1982950949e-02 2.7602429308e-02
3.4020248229e+01 2.9565824920e+01 2.7595869740e+01 8.6906552594e-01 5.2087525229e-03 2.3171409772e+01 5.4323178717e+01 4.3289534624e-01 2.0839137970e+01 6.5217415650e-03 6.7115062807e-03
3.7829011034e+01 3.6861309048e+01 3.2507575582e+01 9.7441905143e-01 1.6954767422e-02 7.6096195832e+01 2.6603774797e+01 -8.6386843903e-01 1.8156159608e+01 7.6385888299e-03 8.1198684373e-03
2.7639823163e+01 2.6025543201e+01 2.3346523422e+01 9.4159586505e-01 1.8297988169e-02 8.2207364406e+01 3.8438818281e+01 8.0462381366e-01 9.7596749001e+00 8.1765725155e-03 8.5205369240e-03
3.5950740258e+01 2.2023594590e+01 2.4350645032e+01 6.1260475952e-01 2.4531755591e-02 1.1072594474e+02 3.4301188903e+01 -9.1252249208e-01 8.9736155787e+00 8.2800387521e-03 8.6741301364e-03
3.8243756015e+01 1.1062975276e+01 1.7269439644e+01 2.8927533352e-01 8.6462098699e-03 3.8563715999e+01 1.4323504609e+02 8.6943429655e-01 8.4673545808e+00 6.0641029641e-03 6.1288549078e-03
2.8374923097e+01 1.5699154421e+01 1.8215870345e+01 5.5327566411e-01 1.2357958349e-02 5.5273658996e+01 4.4262261796e+01 -6.6074834809e-01 9.0148603372e+00 9.0895655244e-03 9.4182217698e-03
4.0985075031e+01 3.6360190080e+01 3.3594206013e+01 8.8715685046e-01 3.9473303065e-02 1.8012555424e+02 3.7288587009e+00 -4.2939111063e-01 1.2570065037e+01 1.5422550283e-02 1.0000000000e+00
6.2750184589e+01 3.9678680068e+01 4.3213442309e+01 6.3232770275e-01 6.5176115411e-02 3.0289624822e+02 4.4105254164e+00 6.9588343544e-01 1.2764888265e+01 1.2185313106e-02 2.9683700948e-02
3.2071856097e+01 1.9582901674e+01 2.1685958229e+01 6.1059458532e-01 5.6148909062e-02 2.5929500970e+02 3.8843229723e+00 9.4300796578e-01 9.4884336242e+00 1.9769133569e-02 1.0000000000e+00
7.8488840104e+01 2.8795904620e+01 4.0399462602e+01 3.6687896753e-01 5.0699321718e-02 2.3322532444e+02 2.0121067475e+00 4.5766348112e-01 1.1008559201e+01 1.7204530933e-02 1.0000000000e+00
5.9575774012e+01 4.8628322972e+01 4.6808707625e+01 8.1624324281e-01 1.2284943398e-01 5.9339660308e+02 1.5907569060e+00 -8.1540811605e-01 8.1893775859e+00 1.6440468984e-02 1.0000000000e+00
3.0768481502e+01 2.7726340886e+01 2.5420008283e+01 9.0112802233e-01 4.5608752562e-02 2.0904558112e+02 5.6122203604e+00 -9.3238310566e-01 1.0549287716e+01 1.5691146016e-02 2.5049325224e-02
3.2131809080e+01 2.0642603635e+01 2.2311825725e+01 6.4243515153e-01 4.1458311962e-02 1.8945533957e+02 4.0004976081e+00 -9.6292125043e-01 1.3593462486e+01 1.9376144412e-02 5.6458237248e-01
9.2444283709e+00 7.8128300860e+00 7.3931789554e+00 8.4513933935e-01 9.5119686276e-03 4.2452991639e+01 8.9766229832e+00 -8.7606010217e-01 8.3931283436e+00 2.9101420729e-02 3.6306219867e-02
3.3468561637e+01 2.4205539945e+01 2.4713538148e+01 7.2323215462e-01 1.0616102001e-02 4.7420446851e+01 7.0295412368e+01 -6.3695594752e-01 1.0441469484e+01 6.3222608740e-03 6.4626959926e-03
3.5245892575e+01 2.0153940985e+01 2.3023927309e+01 5.7180963545e-01 5.7805389541e-02 2.6725692862e+02 3.3689689165e+00 9.6111957900e-01 9.7709785753e+00 2.0067516487e-02 1.0000000000e+00
6.5618146358e+00 4.6000000000e+00 4.7678448272e+00 7.0102559357e-01 4.1019763184e-03 1.8232465682e+01 1.5913106066e+01 -9.9682400582e-01 1.0652408462e+01 3.0988472901e-02 3.4542113417e-02
3.1761170792e+01 2.0036908877e+01 2.1846084237e+01 6.3086178429e-01 4.5120743053e-02 2.0673636777e+02 1.7309843576e+00 7.7716476151e-01 8.0598357938e+00 2.6820895227e-02 1.0000000000e+00
2.6326224864e+01 7.8973806440e+00 1.2129917365e+01 2.9998150835e-01 2.1794023779e-02 9.8169423233e+01 1.4556046402e+00 8.5763233877e-01 8.1511577245e+00 4.1929164248e-02 1.0000000000e+00
2.9604502228e+01 2.8872241502e+01 2.5451086253e+01 9.7526522417e-01 1.1492976974e-02 5.1371316333e+01 6.1205590818e+01 -7.0636275802e-01 1.1638670134e+01 6.5344018044e-03 6.7021334056e-03
4.1501279912e+01 2.7002312642e+01 2.9009136505e+01 6.5063806946e-01 2.2954377614e-02 1.0348527994e+02 3.2542427717e+01 -6.3512746288e-01 8.4444152621e+00 7.5771798450e-03 7.9591599956e-03
3.5684041819e+01 2.7316435727e+01 2.7131266947e+01 7.6550845518e-01 5.7432285115e-02 2.6546206378e+02 2.8261277173e+00 -7.5114739922e-01 9.2175976882e+00 1.9348494287e-02 1.0000000000e+00
3.5905234176e+01 3.3620553283e+01 3.0243245062e+01 9.3636914102e-01 3.5701134168e-02 1.6246665674e+02 2.5049095301e+01 8.5018866737e-01 8.2171962411e+00 8.0808947600e-03 8.6256916669e-03
2.6900440040e+01 2.1907678920e+01 2.1111302895e+01 8.1439853351e-01 2.5789738848e-02 1.1651229788e+02 1.2264753209e+01 -8.6080032445e-01 1.0136201644e+01 1.3302716042e-02 1.5425035325e-02
4.1319813679e+01 3.2450535286e+01 3.1831108591e+01 7.8535047466e-01 2.5496736733e-02 1.1516363890e+02 1.8207780548e+01 -4.8803388223e-01 9.0855969372e+00 8.8758117957e-03 9.7410803019e-03
3.2878390581e+01 3.2648859272e+01 2.8522182155e+01 9.9301877905e-01 4.2152201720e-02 1.9272274848e+02 1.6159504277e+01 9.7973955838e-01 9.0719467531e+00 9.8415622334e-03 1.0949167625e-02
3.1166606549e+01 2.6048692888e+01 2.4784652681e+01 8.3578854974e-01 2.0439724135e-02 9.1976365927e+01 1.3143965542e+01 -9.1003823873e-01 1.5888626387e+01 1.1763646552e-02 1.3478417477e-02
3.2432039831e+01 2.5430046641e+01 2.4963992007e+01 7.8410259650e-01 1.1166439927e-02 4.9899459032e+01 9.5540968916e+01 -7.2930260532e-01 9.0321391147e+00 5.5977590562e-03 5.6882608304e-03
3.6927899198e+01 3.3632694441e+01 3.0673074737e+01 9.1076652533e-01 2.7643548028e-02 1.2505834432e+02 3.0805089780e+01 -7.1385584398e-01 8.3117458301e+00 7.4483903795e-03 7.8471939238e-03
5.3681414594e+01 4.1418001460e+01 4.0980031172e+01 7.7155197517e-01 9.2694721193e-03 4.1363107827e+01 1.2524428338e+02 5.6856020772e-01 8.2121537746e+00 3.7144916591e-03 3.7599808059e-03
8.0109873867e+01 4.8180769957e+01 5.3739902410e+01 6.0143360152e-01 1.4483368747e-01 7.0938145561e+02 3.8991738748e+00 -7.7371319040e-01 9.8863935074e+00 1.0645264854e-02 1.0000000000e+00
3.3420087721e+01 2.7153344245e+01 2.6196429999e+01 8.1248572632e-01 2.7807113417e-02 1.2581346899e+02 2.7618613679e+01 -9.2491918786e-01 9.4916527515e+00 8.5629608566e-03 9.0803849668e-03
3.4193270104e+01 1.6381284323e+01 2.0332310722e+01 4.7907919519e-01 3.5774843851e-02 1.6281082850e+02 5.4129645989e+00 -8.0768314168e-01 9.0427044015e+00 1.8396067198e-02 3.0441353053e-02
5.5954625366e+01 5.0426623800e+01 4.6230065998e+01 9.0120563707e-01 4.9356524063e-02 2.2683093845e+02 1.1653499520e+01 6.3102979764e-01 1.0110094158e+01 8.1911498164e-03 9.5899972583e-03
3.2506463986e+01 2.5095369903e+01 2.4822798212e+01 7.7201168092e-01 8.1562069908e-03 3.6364698775e+01 6.5302574933e+01 -5.1984852636e-01 1.2353167022e+01 6.4913537208e-03 6.6470603363e-03
5.1537744256e+01 2.4167261599e+01 3.0296104496e+01 4.6892354231e-01 3.4626050649e-02 1.5745082181e+02 1.1345892705e+01 -5.2181449355e-01 8.0225870713e+00 1.0870508660e-02 1.2795216853e-02
3.6782361517e+01 2.4803483454e+01 2.6193600006e+01 6.7433091383e-01 4.2352022538e-02 1.9366425057e+02 4.3504248582e+00 -6.6711715038e-01 1.0254491619e+01 1.6976195311e-02 4.3658282851e-02
3.5194158280e+01 2.1441044334e+01 2.3769093493e+01 6.0922168285e-01 2.8538822883e-02 1.2919367843e+02 3.8320071109e+00 3.7749496038e-01 1.0567170406e+01 1.9076120655e-02 1.0000000000e+00
4.2038162588e+01 2.4033900003e+01 2.7458525505e+01 5.7171623411e-01 1.2562640438e-02 5.6197812267e+01 1.0049657899e+02 -9.1751406889e-01 9.8989849590e+00 5.1707324753e-03 5.2500909765e-03
4.6786467902e+01 4.4206217989e+01 3.9587755153e+01 9.4485050853e-01 1.9733323356e-02 8.8750916623e+01 4.5667551653e+01 -9.7745204833e-01 1.4310724025e+01 5.5053909584e-03 5.6979262024e-03
3.8365176031e+01 3.2079511141e+01 3.0516119930e+01 8.3616222991e-01 2.0234917976e-02 9.1040872430e+01 3.4588087116e+01 7.1864034363e-01 1.0680013958e+01 7.1871192977e-03 7.5261035320e-03
4.1773742805e+01 3.3315856816e+01 3.2435206522e+01 7.9753104650e-01 8.2695795356e-02 3.8898190050e+02 4.4310451268e+00 -9.3558989603e-01 9.2471187294e+00 1.4405521320e-02 3.4516183334e-02
3.1791540179e+01 2.9220162057e+01 2.6528572712e+01 9.1911753542e-01 2.2381506788e-02 1.0085970551e+02 1.7611442105e+01 5.8428672056e-01 9.7285680654e+00 1.0090631687e-02 1.1114179246e-02
8.0454870862e+01 7.9174514558e+01 6.9480043631e+01 9.8408603122e-01 6.5066953039e-02 3.0236590682e+02 1.5546564273e+01 7.6664945698e-01 1.0333649249e+01 5.6465699549e-03 6.3128843234e-03
3.6718397134e+01 3.3075088629e+01 3.0329682286e+01 9.0077702760e-01 2.7988152680e-02 1.2664947029e+02 3.0484002421e+01 -9.5995656829e-01 1.0687500490e+01 7.5289387864e-03 7.9367354474e-03
3.0440878375e+01 2.9003265994e+01 2.5865485537e+01 9.5277362357e-01 6.8324011073e-02 3.1822199120e+02 1.6751363742e+00 9.7277827679e-01 8.1415072471e+00 2.4099729287e-02 1.0000000000e+00
2.8233937821e+01 2.7636346629e+01 2.4317284429e+01 9.7883429525e-01 3.3086881321e-02 1.5028295592e+02 5.1119319156e+00 4.6314376410e-01 8.3037962106e+00 1.6833285696e-02 2.9826958417e-02
3.4261568768e+01 1.8216953725e+01 2.1536418403e+01 5.3170226525e-01 3.0917298797e-02 1.4020566911e+02 2.0615002529e+00 5.6962302948e-01 9.3875094855e+00 2.5562519338e-02 1.0000000000e+00
3.2595580840e+01 2.4251647261e+01 2.4422950076e+01 7.4401641684e-01 2.0456725414e-02 9.2054035245e+01 9.7843191422e+00 -5.6451347153e-01 1.1654252528e+01 1.3261764698e-02 1.6151233815e-02
2.8478345252e+01 2.2979691037e+01 2.2244606103e+01 8.0691805772e-01 2.2034643611e-02 9.9271025263e+01 1.6238443926e+01 7.9698085970e-01 1.0684415757e+01 1.1615425632e-02 1.2914927022e-02
5.1035031203e+01 4.0184833529e+01 3.9367736949e+01 7.8739706006e-01 1.3898818590e-02 6.2237650787e+01 9.9666057527e+01 9.4590365205e-01 1.0277820836e+01 4.1376723415e-03 4.2017201388e-03
6.7536388602e+01 5.7115523155e+01 5.4030054672e+01 8.4569998985e-01 9.1233712904e-02 4.3162608843e+02 1.5700997194e+00 -6.9082554592e-01 1.1244169488e+01 1.5376315833e-02 1.0000000000e+00
3.5766588270e+01 3.5554937477e+01 3.1044333173e+01 9.9408244386e-01 4.3648872934e-02 1.9978095843e+02 1.0835913285e+01 8.5882556743e-01 9.9267135087e+00 1.0833298444e-02 1.2876166194e-02
2.6595988954e+01 2.1987465820e+01 2.1032801052e+01 8.2672112166e-01 7.1410746203e-03 3.1814176844e+01 1.0784758003e+02 8.3313263184e-01 1.3339919065e+01 5.9686306177e-03 6.0538263785e-03
3.9629475778e+01 3.9312716782e+01 3.4361253156e+01 9.9200698496e-01 6.7229755652e-02 3.1288744281e+02 2.8071987858e+00 -6.1930683014e-01 9.0951130733e+00 1.6638492700e-02 1.0000000000e+00
3.3570168877e+01 2.2557647334e+01 2.3862325643e+01 6.7195513423e-01 3.1297218500e-02 1.4196808875e+02 1.2149728345e+01 7.7230913990e-01 8.8228957750e+00 1.2324601790e-02 1.4315505369e-02
4.0861591772e+01 2.9067761814e+01 2.9916047999e+01 7.1137125486e-01 5.4342756295e-02 2.5063366971e+02 6.3015146683e+00 -9.4536282065e-01 1.0431911854e+01 1.3499730891e-02 1.9695264284e-02
8.0121307364e+01 7.8921941724e+01 6.9225232887e+01 9.8503062819e-01 1.9704260245e-01 9.9584421460e+02 1.7601448041e+00 -9.8949029439e-01 1.0581737402e+01 1.1908479775e-02 1.0000000000e+00
5.0201554053e+01 3.4986036510e+01 3.6365693741e+01 6.9691142376e-01 4.5096077038e-03 2.0050539642e+01 8.9633220202e+01 7.3435214489e-01 2.7274098852e+01 4.5508354849e-03 4.6294154548e-03
7.9243126574e+01 6.2846025764e+01 6.1352387575e+01 7.9307857326e-01 7.2315081115e-02 3.3774252735e+02 1.0848748363e+01 6.7840583376e-01 9.8953816817e+00 6.9551612485e-03 8.2645719127e-03
3.3935220691e+01 3.2640992662e+01 2.8972408729e+01 9.6186180605e-01 2.6870362362e-02 1.2149120464e+02 2.1681191336e+01 -6.9104230734e-01 9.3211691743e+00 8.8095135011e-03 9.5096883013e-03
5.9030528042e+01 4.1240101828e+01 4.2815704028e+01 6.9862329198e-01 4.5946233317e-02 2.1064340798e+02 4.6577033458e+00 6.2188259679e-01 1.5578678845e+01 1.2145377770e-02 2.5305457456e-02
4.2240764972e+01 3.6041945401e+01 3.3946173662e+01 8.5325030038e-01 3.8857823543e-02 1.7723793375e+02 1.7735302390e+00 -5.4965633775e-01 1.2489750878e+01 2.0254168993e-02 1.0000000000e+00
4.0424141219e+01 2.2509861815e+01 2.6039408062e+01 5.5684205369e-01 5.3108777587e-02 2.4472817770e+02 2.9459605060e+00 6.3543452473e-01 8.3354638381e+00 1.9595007559e-02 1.0000000000e+00
3.4694211266e+01 2.4474556201e+01 2.5290918495e+01 7.0543630501e-01 1.1462707314e-02 5.1234846494e+01 2.2216542947e+01 2.6559493456e-01 1.1034513897e+01 9.5933549776e-03 1.0334737715e-02
8.3662715483e+01 7.1265880610e+01 6.7177192620e+01 8.5182366122e-01 1.3334686556e-01 6.4842727571e+02 5.0076702277e+00 9.6669545527e-01 1.3181445476e+01 8.4833407388e-03 1.5476968418e-02
3.9097970556e+01 1.6815362109e+01 2.1938816103e+01 4.3008273498e-01 9.6216659279e-03 4.2946148652e+01 2.6768046063e+01 -8.7717885124e-01 2.1867906481e+01 9.7882958064e-03 1.0400786379e-02
4.1080087076e+01 2.6056186836e+01 2.8335695853e+01 6.3427778982e-01 1.6051242569e-02 7.1992261604e+01 8.0091817347e+01 -9.2515739096e-01 9.3943724651e+00 5.5086382569e-03 5.6154953989e-03
2.7642312937e+01 2.3330414912e+01 2.2091770853e+01 8.4401095398e-01 3.1089427608e-02 1.4100404448e+02 1.1883415561e+01 9.6392780762e-01 1.0021211154e+01 1.3042578866e-02 1.5212428346e-02
2.9433455556e+01 1.3917762828e+01 1.7379854994e+01 4.7285521067e-01 3.3210087994e-02 1.5085615396e+02 2.7725612111e+00 -9.0693738993e-01 1.0601729923e+01 2.6118219823e-02 1.0000000000e+00
1.4865552790e+01 1.4668227090e+01 1.2854980031e+01 9.8672597628e-01 2.8416908662e-02 1.2863023763e+02 3.6006469867e+00 8.7567558700e-01 8.7374382375e+00 2.8674949026e-02 1.0000000000e+00
7.7494293940e+01 5.3424864108e+01 5.5822238816e+01 6.8940384371e-01 1.7859170019e-01 8.9287468770e+02 3.6527862984e+00 8.9078290138e-01 9.5396300537e+00 1.0461163759e-02 1.0000000000e+00
9.7058849583e+00 6.2758765551e+00 6.7623989734e+00 6.4660528968e-01 2.9418169651e-03 1.3064208409e+01 2.7771297722e+01 -6.0767419630e-01 1.2740301696e+01 2.0228414622e-02 2.1443248469e-02
4.1715278584e+01 3.6115079121e+01 3.3772283481e+01 8.6575183834e-01 9.0850626092e-02 4.2970307338e+02 3.9933798022e+00 9.1903628755e-01 1.0199156825e+01 1.4536653617e-02 1.0000000000e+00
7.5903642720e+01 6.0113361185e+01 5.8724798804e+01 7.9196938423e-01 1.3480746894e-01 6.5613536085e+02 3.6241171262e+00 5.8114592828e-01 9.2267191416e+00 1.0408306717e-02 1.0000000000e+00
2.9630650082e+01 2.9086089370e+01 2.5556626276e+01 9.8162170894e-01 1.2398757026e-02 5.5457845305e+01 1.1553976196e+02 9.0761363347e-01 8.6568226792e+00 5.1328903744e-03 5.2011591999e-03
9.6771017804e+00 5.1878249521e+00 6.1095021069e+00 5.3609283749e-01 4.6247423401e-03 2.0564254612e+01 1.0770538424e+01 -7.9815064946e-01 1.1750323107e+01 3.0713241670e-02 3.6553669831e-02
3.4533167706e+01 2.3313584379e+01 2.4606592924e+01 6.7510703267e-01 2.3083450070e-02 1.0407714376e+02 3.6509212873e+01 7.9267558280e-01 8.2196191778e+00 8.0430029287e-03 8.4007243126e-03
7.6487332066e+01 7.3244996164e+01 6.5156443154e+01 9.5760950455e-01 1.1280362174e-01 5.4134333306e+02 2.3947905871e+00 -5.2596301806e-01 1.0504901753e+01 1.1533482946e-02 1.0000000000e+00
3.0477072161e+01 2.6970813128e+01 2.4949713369e+01 8.8495420380e-01 4.6020247392e-02 2.1099393139e+02 5.6802845774e+00 -9.3883553068e-01 1.0227847186e+01 1.5799866790e-02 2.4947305491e-02
2.2235006508e+01 1.6752576156e+01 1.6768184943e+01 7.5343248269e-01 1.5224269498e-02 6.8240819132e+01 1.8718040794e+01 -9.6195295297e-01 1.2553176003e+01 1.3195263519e-02 1.4440158592e-02
4.1115569526e+01 3.7715918867e+01 3.4275094169e+01 9.1731476183e-01 7.3424311793e-02 3.4318559644e+02 2.6073397446e+00 -8.2696277979e-01 1.0388209273e+01 1.7070759003e-02 1.0000000000e+00
2.7964398769e+01 2.3308263711e+01 2.2207111429e+01 8.3349775917e-01 2.7620137408e-02 1.2495028005e+02 1.4500832936e+01 -7.9012004617e-01 8.7970144331e+00 1.2090533463e-02 1.3646111433e-02
6.8284409642e+01 5.7861603019e+01 5.4683021916e+01 8.4736184032e-01 8.8617521393e-02 4.1851130380e+02 9.3741946301e+00 7.1332196800e-01 8.2739931336e+00 7.8206097299e-03 9.6349248092e-03
3.9141376877e+01 3.4885506745e+01 3.2158130067e+01 8.9126927892e-01 4.4178568142e-02 2.0228244836e+02 7.7741272624e+00 9.0387095325e-01 1.2221800292e+01 1.1998733274e-02 1.5733435492e-02
3.2761732946e+01 2.5070663665e+01 2.4904933126e+01 7.6524229368e-01 3.3340680731e-02 1.5146382309e+02 8.1524265808e+00 -7.5906510406e-01 9.9255353901e+00 1.3918985743e-02 1.7925733693e-02
3.2619365404e+01 3.0617130224e+01 2.7508723277e+01 9.3861820561e-01 5.3026059837e-02 2.4433266171e+02 6.6826222247e+00 -8.5939917425e-01 8.5916301614e+00 1.3927468358e-02 1.9611799862e-02
6.5703811197e+01 6.3706044071e+01 5.6320856334e+01 9.6959434941e-01 6.4477910990e-02 2.9950547632e+02 2.2432018227e+00 -8.2219360007e-01 2.0975507552e+01 1.3311175903e-02 1.0000000000e+00
7.4488122240e+01 7.2143481807e+01 6.3815320953e+01 9.6852329791e-01 2.0943133975e-01 1.0660172069e+03 2.0290872193e+00 -9.0739836049e-01 8.6124040188e+00 1.1802978465e-02 1.0000000000e+00
4.3544320630e+01 3.6287192408e+01 3.4576104325e+01 8.3333927096e-01 1.5464240870e-02 6.9328943125e+01 2.9275901753e+01 5.9213139081e-01 1.4565633465e+01 7.0970677905e-03 7.4990338160e-03
2.9035902054e+01 1.0334203571e+01 1.4699213066e+01 3.5591122852e-01 3.8681592416e-03 1.7190127630e+01 3.3891433831e+02 9.4044271674e-01 1.0056216023e+01 4.8700148628e-03 4.8917455920e-03
2.6181861921e+01 2.0092436320e+01 1.9932047293e+01 7.6741816073e-01 3.6186976260e-02 1.6473584814e+02 2.7083376111e+00 7.0522629834e-01 9.2120058752e+00 2.4142843473e-02 1.0000000000e+00
2.9250954736e+01 2.7805730154e+01 2.4825802885e+01 9.5059222525e-01 4.3580747990e-02 1.9945936978e+02 6.8422322775e-01 -9.5455382167e-01 9.3088528581e+00 3.5101705006e-02 1.0000000000e+00
5.7339428953e+01 2.2807029100e+01 3.0841563142e+01 3.9775473033e-01 7.8228775393e-02 3.6685028747e+02 1.7916385851e+00 9.4348520269e-01 8.8065990779e+00 2.0931351863e-02 1.0000000000e+00
4.3799797607e+01 4.3121941341e+01 3.7833503803e+01 9.8452375803e-01 6.0863728268e-02 2.8200287659e+02 4.2895276151e+00 4.2655308997e-01 8.5191525761e+00 1.3413962555e-02 3.6861830079e-02
3.8970995554e+01 3.6377046537e+01 3.2773812692e+01 9.3343898508e-01 2.1743381495e-02 9.7937622482e+01 3.3048695993e+01 6.1370055196e-01 9.5239453934e+00 6.9854577399e-03 7.3317095554e-03
4.2705462490e+01 3.7618184200e+01 3.4878682489e+01 8.8087523252e-01 4.5220937644e-02 2.0721035310e+02 4.1858611188e+00 8.8815968746e-01 1.8287897087e+01 1.4376273610e-02 4.6224256048e-02
3.3636032714e+01 3.0285449769e+01 2.7777548122e+01 9.0038709460e-01 4.5506884175e-02 2.0856342264e+02 5.8843222671e+00 8.7883433443e-01 1.0901909613e+01 1.4584668789e-02 2.2353706634e-02
2.6463411357e+01 2.1303619069e+01 2.0645902912e+01 8.0502164974e-01 1.0459337435e-02 4.6714669261e+01 6.9211610419e+01 -9.0240927350e-01 1.2694944949e+01 7.1163644858e-03 7.2770179236e-03
7.4514930040e+01 7.1652237936e+01 6.3608311603e+01 9.6158230166e-01 6.2073866960e-02 2.8785405321e+02 1.8973987924e+01 -8.3631559862e-01 9.5659356327e+00 5.5471306049e-03 6.0621449896e-03
2.3242617695e+01 2.1837971166e+01 1.9611033436e+01 9.3956590660e-01 2.8202963678e-02 1.2764170282e+02 1.8880476033e+00 -9.6620384408e-01 1.3963611242e+01 2.8057812479e-02 1.0000000000e+00
7.4935025195e+01 3.9615178627e+01 4.6960067496e+01 5.2866037642e-01 8.1047064315e-02 3.8079891733e+02 3.4236791874e-01 -8.9436822172e-01 8.9763174115e+00 2.9888390109e-02 1.0000000000e+00
7.8157079626e+01 7.0822063239e+01 6.4752575161e+01 9.0615032673e-01 1.6767418712e-01 8.3283032001e+02 3.8002708658e+00 -7.2571987275e-01 1.0173813481e+01 9.4488419184e-03 1.0000000000e+00
6.9274003903e+01 6.4712462584e+01 5.8280429435e+01 9.3415219184e-01 1.9603965220e-01 9.9019936346e+02 2.1565837099e+00 -8.7960818264e-01 8.0578249760e+00 1.2294635908e-02 1.0000000000e+00
3.1541540606e+01 2.8640084779e+01 2.6159024112e+01 9.0801160086e-01 5.0063764078e-03 2.2267695144e+01 7.4602772691e+01 -4.8868251837e-01 1.8346744562e+01 5.9878189116e-03 6.1128482133e-03
2.6374284494e+01 2.0876394712e+01 2.0399527134e+01 7.9154354754e-01 1.2904971596e-02 5.7744088524e+01 1.5272447629e+01 6.2513426034e-01 1.3722421744e+01 1.2617171296e-02 1.4139072003e-02
1.5698710585e+01 1.5480714203e+01 1.3571234845e+01 9.8611373965e-01 1.2933701422e-02 5.7873894089e+01 8.1027626422e+00 -6.9782461960e-01 1.1194326669e+01 2.0644676523e-02 2.6646603161e-02
5.0058905632e+01 3.1946177139e+01 3.4639530230e+01 6.3817170464e-01 4.5432419897e-02 2.0821101441e+02 6.5869917552e+00 -8.6874347948e-01 1.3431125589e+01 1.2179251526e-02 1.7291398823e-02
4.1543882881e+01 4.0316125859e+01 3.5626828994e+01 9.7044674361e-01 3.4229349093e-02 1.5560190959e+02 2.0128553917e+00 1.4342787354e-01 9.6574487991e+00 1.8792941434e-02 1.0000000000e+00
5.4457309455e+01 5.2845776121e+01 4.6700059571e+01 9.7040740078e-01 1.1887987234e-01 5.7275627668e+02 3.9118784099e+00 -6.8238631364e-01 9.0291182229e+00 1.1775061329e-02 1.0000000000e+00
2.2466980129e+01 1.9007796318e+01 1.7977490655e+01 8.4603254239e-01 1.6755997854e-02 7.5192889163e+01 4.1373960029e+01 8.1720120966e-01 8.0680066094e+00 9.3741511071e-03 9.7384802994e-03
3.2869938190e+01 2.2414111679e+01 2.3543568055e+01 6.8190306746e-01 3.2930838538e-02 1.4955713638e+02 1.1922257599e+01 7.8113560980e-01 8.3953374842e+00 1.2504651769e-02 1.4575977190e-02
2.9483961291e+01 2.8174779989e+01 2.5089660690e+01 9.5559683147e-01 4.9603563944e-03 2.2062230518e+01 1.1989068082e+02 -3.2621976508e-01 1.0448376150e+01 5.1445676715e-03 5.2104499239e-03
5.6999239578e+01 4.6815078962e+01 4.4926381610e+01 8.2132813189e-01 8.1024969125e-02 3.8068936901e+02 9.1441352341e+00 -9.8025915303e-01 9.9855658987e+00 8.9646125377e-03 1.1122895888e-02
4.0212172925e+01 3.9438636641e+01 3.4668066587e+01 9.8076362884e-01 5.4860567178e-02 2.5311467903e+02 1.6323145438e+00 -5.8849042256e-01 9.4056910067e+00 2.0425202658e-02 1.0000000000e+00
1.7229585233e+01 1.3111376349e+01 1.3060144910e+01 7.6098038182e-01 9.4806891757e-03 4.2312386058e+01 8.6634708294e+01 -9.3786459840e-01 8.6792176900e+00 8.7148018501e-03 8.8706623576e-03
3.4078887948e+01 1.7336592411e+01 2.0924289135e+01 5.0871942879e-01 6.5323742144e-03 2.9088898478e+01 8.6944835902e+01 7.9718846215e-01 1.6055060393e+01 6.4942691403e-03 6.6099884095e-03
3.9275499923e+01 3.1924848615e+01 3.0793135784e+01 8.1284385120e-01 3.5859837292e-02 1.6320773148e+02 4.7218018984e+00 6.5331002054e-01 1.3645436505e+01 1.4937692403e-02 3.0211143631e-02
3.4938820421e+01 3.4834501100e+01 3.0370561443e+01 9.9701422887e-01 3.0578332680e-02 1.3863403123e+02 2.2043623523e+01 9.8683584775e-01 1.1771930699e+01 8.4816623812e-03 9.1430415126e-03
3.3309712528e+01 3.2420456334e+01 2.8607575663e+01 9.7330339635e-01 2.0184184670e-02 9.0809180934e+01 1.1194150622e+00 -9.0842648393e-01 2.5781112341e+01 2.7090953260e-02 1.0000000000e+00
7.1782835321e+01 6.5140251044e+01 5.9515033967e+01 9.0746277647e-01 7.1344182709e-02 3.3298459759e+02 2.4462319788e+00 4.8837118961e-01 1.3969792831e+01 1.2399004419e-02 1.0000000000e+00
9.7424227934e+00 8.9191286991e+00 8.1134225086e+00 9.1549390621e-01 1.1346278781e-03 5.0317627984e+00 3.1513565775e+02 -6.0865591728e-01 1.7833479545e+01 7.2681486851e-03 7.3030489773e-03
1.7559688714e+01 7.8157700751e+00 1.0037149016e+01 4.4509730227e-01 2.2632477540e-03 1.0045560450e+01 7.2410266276e+02 -9.1822488469e-01 8.0245344092e+00 4.6545272580e-03 4.6642060277e-03
2.7858556160e+01 2.4927199340e+01 2.2933793949e+01 8.9477714485e-01 2.8611699592e-02 1.2953053343e+02 1.0585306307e+01 7.2896894974e-01 9.1815693618e+00 1.3326078067e-02 1.5922092646e-02
3.0987380138e+01 2.5775289690e+01 2.4582185190e+01 8.3179957697e-01 1.4185306591e-02 6.3534201796e+01 5.6893676142e+01 7.7408234465e-01 1.0380150820e+01 6.8518937387e-03 7.0417922934e-03
3.1086001308e+01 2.9142826007e+01 2.6199743116e+01 9.3749034232e-01 3.4143500015e-02 1.5520192732e+02 2.7357441716e+00 -4.0860075488e-01 9.5582935101e+00 2.0298726273e-02 1.0000000000e+00
3.7588216333e+01 3.6979661940e+01 3.2456257133e+01 9.8380996885e-01 2.5252038703e-02 1.1403775389e+02 4.3170372068e+01 8.2376335773e-01 8.8362158239e+00 6.3444707287e-03 6.5800763615e-03
3.8423580832e+01 3.3223415562e+01 3.1087490881e+01 8.6466213827e-01 2.8213784530e-02 1.2769169342e+02 1.2042627150e+01 -9.3142192248e-01 1.5848880977e+01 1.0501034731e-02 1.2217387093e-02
3.2267161023e+01 1.7699535015e+01 2.0620416895e+01 5.4853090431e-01 1.4096847002e-02 6.3133803943e+01 9.3839001753e+01 9.9549404537e-01 8.6561569417e+00 6.3393018235e-03 6.4437080124e-03
3.7143164959e+01 3.6601882605e+01 3.2098358737e+01 9.8542713432e-01 3.5383970454e-02 1.6098613332e+02 9.8444285531e-01 6.1132773749e-01 1.1838812370e+01 2.6211032957e-02 1.0000000000e+00
6.1270964351e+01 5.0717713902e+01 4.8485715339e+01 8.2776098661e-01 3.7898798672e-02 1.7274343599e+02 3.1473705776e+01 7.8736760436e-01 8.8399484003e+00 5.5154985830e-03 5.8039179805e-03
4.2720022888e+01 3.3480172785e+01 3.2874585301e+01 7.8371148986e-01 6.1208632399e-02 2.8366958476e+02 9.0998604514e+00 9.5649047332e-01 9.0377257073e+00 1.1043826053e-02 1.3722183497e-02
2.6249225045e+01 1.9079694789e+01 1.9432902497e+01 7.2686697439e-01 9.2678207453e-04 4.1093689899e+00 3.9806576552e+02 -8.6686124484e-01 3.6058116258e+01 3.8578931376e-03 3.8725317697e-03
2.8452015631e+01 1.6320240123e+01 1.8616668032e+01 5.7360576257e-01 2.1148763765e-02 9.5217202426e+01 1.0523314743e+01 -9.1948194317e-01 1.1860974494e+01 1.5284251540e-02 1.8286296676e-02
5.0946277233e+01 4.6054632818e+01 4.2157641411e+01 9.0398426184e-01 5.2479761274e-02 2.4172163011e+02 1.0406633875e+00 5.0191861028e-01 1.0049472400e+01 2.1428812408e-02 1.0000000000e+00
7.9654598364e+01 5.1221101117e+01 5.5338075860e+01 6.4304010276e-01 1.3281440343e-01 6.4562039416e+02 4.4876876469e+00 7.8116838442e-01 9.4384913961e+00 9.9809757296e-03 2.2941844111e-02
3.2935175551e+01 3.0209736906e+01 2.7454686082e+01 9.1724839478e-01 3.1776798528e-02 1.4419417980e+02 4.8733706711e+00 6.5166758112e-01 1.3048246677e+01 1.5898578698e-02 3.0293180083e-02
6.3361491315e+01 6.1450533405e+01 5.4319947664e+01 9.6984038932e-01 1.4758258317e-01 7.2408137358e+02 2.4401326537e+00 -7.3588286831e-01 8.4364064840e+00 1.2587113469e-02 1.0000000000e+00
3.6516406806e+01 3.6302761735e+01 3.1696220393e+01 9.9414934025e-01 3.8117832810e-02 1.7376941735e+02 1.2767929567e+01 -6.8773268033e-01 8.9855260704e+00 1.0088851574e-02 1.1615837223e-02
3.6223420989e+01 3.3808140519e+01 3.0461247607e+01 9.3332268448e-01 7.6676497421e-02 3.5918868015e+02 5.7595922612e+00 -9.7648596297e-01 8.2131895705e+00 1.3626310025e-02 2.1256690630e-02
2.9665316187e+01 1.9794912955e+01 2.1010206551e+01 6.6727463244e-01 1.7624647657e-02 7.9142403645e+01 4.9685884736e+00 7.0974569955e-01 1.7753122294e+01 1.8817942864e-02 3.4742198292e-02
2.7328291144e+01 7.8923957403e+00 1.2329152752e+01 2.8879946055e-01 1.8789731884e-03 8.3374822624e+00 8.1707123536e+02 -9.8056237042e-01 9.6890591794e+00 3.9127352489e-03 3.9199426172e-03
2.6077206333e+01 2.5321995456e+01 2.2369903930e+01 9.7103942549e-01 6.1017004816e-03 2.7162194386e+01 4.3199399357e+01 8.6788809565e-01 2.8484080810e+01 8.0988872159e-03 8.3994280076e-03
7.8112942392e+01 7.3773454245e+01 6.6080009044e+01 9.4444597765e-01 1.6528702409e-01 8.1978998734e+02 2.0068043452e+00 -6.4260904116e-01 8.2694261355e+00 1.1869077842e-02 1.0000000000e+00
4.2782856568e+01 3.8165012951e+01 3.5165761881e+01 8.9206322374e-01 6.6364833355e-03 2.9554839287e+01 1.4123729095e+02 -9.8920434264e-01 1.6122890199e+01 3.9135356113e-03 3.9559268824e-03
9.2391653835e+00 6.9823520357e+00 6.9785050001e+00 7.5573406751e-01 3.2702738787e-03 1.4526486612e+01 1.0562918178e+02 -6.3045982021e-01 8.3854693331e+00 1.2016114637e-02 1.2191330936e-02
3.7425323870e+01 3.3703410572e+01 3.0909688946e+01 9.0055093950e-01 2.0476409726e-02 9.2143964243e+01 2.3217704703e+01 4.8887287066e-01 9.8545669700e+00 8.2780397807e-03 8.8863143446e-03
2.6793331252e+01 2.6630262060e+01 2.3253839631e+01 9.9391381419e-01 3.9835760345e-02 1.8182723472e+02 5.7573767732e+00 -9.3463739718e-01 1.0685551044e+01 1.6488242265e-02 2.5729673397e-02
4.6386264154e+01 3.1942988169e+01 3.3394440091e+01 6.8863032518e-01 4.5900714118e-02 2.1042785111e+02 1.5136962891e+00 7.4549971919e-01 1.2621345353e+01 2.1623616082e-02 1.0000000000e+00
4.7604317165e+01 3.9421594441e+01 3.7678933291e+01 8.2810965032e-01 4.6149446832e-02 2.1160589213e+02 3.2563164595e+00 3.6273723670e-01 1.1056887064e+01 1.5043211473e-02 1.0000000000e+00
5.3403348036e+01 4.2400499873e+01 4.1370149149e+01 7.9396707196e-01 4.8510719102e-02 2.2280918477e+02 1.4415440852e+01 -7.8200890368e-01 9.8980229466e+00 8.1109699796e-03 9.1622923649e-03
5.1651199102e+01 4.7297853762e+01 4.3020036762e+01 9.1571647094e-01 8.6019716347e-02 4.0553037296e+02 6.0990127572e+00 9.5310966812e-01 1.0572335621e+01 1.0690686900e-02 1.5948589663e-02
3.1187474408e+01 2.7863711425e+01 2.5654631298e+01 8.9342634996e-01 6.3697075526e-03 2.8361029725e+01 8.4694769510e+01 -2.7663241103e-01 1.0023632990e+01 5.7746070712e-03 5.8803292031e-03
8.5534233114e+01 7.2389442587e+01 6.8454132368e+01 8.4632129092e-01 9.6741498523e-02 4.5937335829e+02 1.3506873361e+01 9.9585148012e-01 9.7458588607e+00 5.8989228428e-03 6.7292495692e-03
3.5479484641e+01 1.7995740519e+01 2.1749921348e+01 5.0721538661e-01 1.2979613120e-02 5.8081341364e+01 8.7336245044e+01 9.0042751526e-01 9.2321902579e+00 6.3032031166e-03 6.4149979596e-03
3.5867732863e+01 2.0405464072e+01 2.3367374771e+01 5.6890866646e-01 7.1226049573e-03 3.1731447515e+01 1.2382105493e+02 -6.9326885695e-01 1.0884244789e+01 5.3065851605e-03 5.3723357747e-03
3.9874080802e+01 2.3306550286e+01 2.6350230380e+01 5.8450376327e-01 2.9333127131e-02 1.3286704645e+02 5.9554043026e+00 6.1570540468e-01 1.1589748875e+01 1.5152744313e-02 2.3007493155e-02
7.7077926949e+01 3.0588347879e+01 4.1407183443e+01 3.9684964412e-01 9.5918217424e-02 4.5521402515e+02 4.9503875307e+00 -8.2327324443e-01 8.8805139553e+00 1.1773277913e-02 2.1861216311e-02
5.4984667964e+01 2.9315523751e+01 3.4612888730e+01 5.3315814820e-01 7.3574015546e-02 3.4392079330e+02 6.3827641471e+00 9.7887141978e-01 9.5383865034e+00 1.2126872057e-02 1.7547760494e-02
7.9625606144e+01 5.0518476880e+01 5.4930925239e+01 6.3445013892e-01 1.5271971703e-01 7.5166870103e+02 2.8163311527e+00 8.0200739639e-01 9.2399956814e+00 1.1812081937e-02 1.0000000000e+00
3.8897513668e+01 2.9774551279e+01 2.9573601667e+01 7.6546155452e-01 1.1115982788e-02 4.9672088698e+01 6.0313904559e+01 -3.3165131165e-01 8.3790371826e+00 5.9834057557e-03 6.1393745755e-03
2.2495066253e+01 9.1015501130e+00 1.2212187660e+01 4.0460205855e-01 4.5324736251e-03 2.0152557108e+01 8.6155332954e+01 -6.2142974131e-01 1.1910321073e+01 9.1351677080e-03 9.2994856083e-03
1.9546557027e+01 1.8133019828e+01 1.6387135358e+01 9.2768357119e-01 9.5501058095e-03 4.2624432602e+01 6.5460697588e+01 6.6108742409e-01 8.9078232352e+00 8.4000850314e-03 8.6010676047e-03
3.5837959539e+01 3.2916879995e+01 2.9894858961e+01 9.1849202406e-01 2.8416742772e-02 1.2862947101e+02 1.7253034716e+01 8.3376631250e-01 1.1783729285e+01 9.4024850681e-03 1.0380038459e-02
3.8665974059e+01 3.4958283042e+01 3.1998030249e+01 9.0410972160e-01 6.5136932820e-02 3.0270587954e+02 8.9804916471e+00 -9.2751529283e-01 8.0414316192e+00 1.1261669305e-02 1.4047959022e-02
3.6268374259e+01 2.7448940242e+01 2.7414523997e+01 7.5682852630e-01 3.5718139359e-02 1.6254605572e+02 3.6091050800e+00 8.2946806251e-01 1.7251441063e+01 1.7767731715e-02 1.0000000000e+00
8.5734005676e+01 4.4144756976e+01 5.2979971325e+01 5.1490370277e-01 1.4328317773e-01 7.0110917560e+02 3.6412055663e+00 -9.6679223696e-01 1.1874654239e+01 1.1029043157e-02 1.0000000000e+00
3.1398018128e+01 2.4026150783e+01 2.3867779806e+01 7.6521233553e-01 4.8059715749e-02 2.2066657460e+02 6.2533914519e+00 9.9762479888e-01 9.4336530261e+00 1.5649613107e-02 2.2947385959e-02
3.8924208741e+01 1.2073752210e+01 1.8269500283e+01 3.1018619519e-01 1.3520843046e-02 6.0527898538e+01 5.4998208597e+00 -3.2429168907e-01 1.1404315438e+01 1.9818256431e-02 3.2261263799e-02
2.2863536042e+01 1.8711639415e+01 1.7988142729e+01 8.1840531493e-01 1.9374134166e-02 8.7112120818e+01 2.2224043032e+01 -9.1655238848e-01 9.6930810348e+00 1.1811012605e-02 1.2723424276e-02
5.9755800727e+01 3.9134577997e+01 4.1911540802e+01 6.5490843602e-01 1.0847138296e-01 5.1908135189e+02 2.6917666374e+00 7.1787169721e-01 8.1953426871e+00 1.4579592824e-02 1.0000000000e+00
9.4823038442e+00 8.7363936539e+00 7.9221702683e+00 9.2133660737e-01 3.1405654510e-03 1.3948942022e+01 3.6834161370e+02 -9.1391011984e-01 8.2156080286e+00 6.9494105592e-03 6.9779238090e-03
2.1991378336e+01 1.5901781205e+01 1.6237036636e+01 7.2309161176e-01 2.6553800390e-03 1.1789598883e+01 3.0790064564e+02 3.6516503426e-01 8.2818012690e+00 4.7476667941e-03 4.7710047346e-03
3.6475922548e+01 2.7301893784e+01 2.7414826736e+01 7.4849083661e-01 2.4502441555e-02 1.1059123369e+02 1.1379707282e+01 9.6594506735e-01 1.6675416159e+01 1.1629472590e-02 1.3680264762e-02
5.4130706647e+01 4.9038243563e+01 4.4841213755e+01 9.0592284122e-01 9.8607998502e-02 4.6881847942e+02 4.2280952996e+00 6.7214266267e-01 9.0781103391e+00 1.1865645867e-02 3.5465169881e-02
2.6367076572e+01 1.3215625557e+01 1.6061597400e+01 5.0121694457e-01 1.7872195305e-02 8.0268857634e+01 5.8237953905e+00 9.7352896297e-01 1.5410873013e+01 2.0967285588e-02 3.2406226161e-02
3.7713194987e+01 2.5608356805e+01 2.6953471803e+01 6.7902909882e-01 2.8042947922e-02 1.2690254583e+02 6.4183703358e+00 6.9909420892e-01 1.3314515683e+01 1.4537683888e-02 2.0963242491e-02
1.9595909966e+01 1.9492302218e+01 1.7014060845e+01 9.9471278711e-01 1.1832186218e-02 5.2901051836e+01 1.1716809391e+01 8.8313488496e-01 1.7561196948e+01 1.5619583040e-02 1.8267696317e-02
2.9135065897e+01 2.8439218298e+01 2.5058466287e+01 9.7611649131e-01 6.4787215289e-02 3.0100720649e+02 4.2206104957e+00 9.1473928916e-01 8.7063309449e+00 1.7418838540e-02 5.2683559229e-02
3.2015983369e+01 3.0491342462e+01 2.7198180458e+01 9.5237875751e-01 1.6683104770e-02 7.4861693278e+01 4.5720744169e+01 -6.5693514924e-01 9.4199976767e+00 6.9710764911e-03 7.2145677268e-03
3.1275879927e+01 2.4930049568e+01 2.4277456277e+01 7.9710146050e-01 2.7969529001e-02 1.2656346007e+02 9.5109924803e-01 -7.2484220511e-01 1.1881404365e+01 3.1757507899e-02 1.0000000000e+00
3.2740216774e+01 2.4891650751e+01 2.4805535734e+01 7.6027751810e-01 6.1852356413e-03 2.7535807466e+01 7.6771392596e+01 1.0525389109e-01 9.2422826070e+00 6.1193369344e-03 6.2433673820e-03
3.7088352831e+01 3.5265619438e+01 3.1481901927e+01 9.5085429106e-01 4.7206766559e-02 2.1661800183e+02 8.5126976339e+00 7.7305883136e-01 9.3402614576e+00 1.1731057519e-02 1.4883284340e-02
3.8467282143e+01 3.3299364194e+01 3.1140955656e+01 8.6565419597e-01 1.4714666931e-02 6.5931359933e+01 1.0951196086e+01 -8.2986349230e-01 2.8204789688e+01 1.0960370588e-02 1.2997235690e-02
7.5609404419e+01 6.0664841479e+01 5.8887751633e+01 8.0234518371e-01 8.5152029384e-02 4.0120391738e+02 5.5469739991e-01 5.3376932778e-01 8.4961577524e+00 2.1599936241e-02 1.0000000000e+00
2.9070662123e+01 2.5642297535e+01 2.3759050112e+01 8.8206788777e-01 2.3060403115e-02 1.0397145348e+02 7.9979541564e+00 3.4533737728e-01 8.1638974886e+00 1.4528547017e-02 1.8843002073e-02
2.7565805006e+01 1.6201994712e+01 1.8269747981e+01 5.8775699488e-01 1.7258757659e-02 7.7478187255e+01 3.7699586049e+01 -8.7500964749e-01 8.7931046482e+00 9.6065407349e-03 1.0019222804e-02
8.2328141641e+00 5.0321122545e+00 5.5697821722e+00 6.1122626531e-01 1.5543146535e-03 6.8951752242e+00 8.2892192141e+01 -8.9003946938e-01 1.9398771150e+01 1.5167279346e-02 1.5451211453e-02
3.7846018134e+01 1.3660024920e+01 1.9306847826e+01 3.6093691209e-01 2.5707555138e-03 1.1413136529e+01 2.3834856094e+01 -6.6803862416e-02 3.0014077654e+01 1.1122426360e-02 1.1915666626e-02
8.6098546232e+00 4.7380922512e+00 5.5115874749e+00 5.5031036627e-01 5.5546900848e-03 2.4716842505e+01 2.1086874008e+00 8.6539725247e-01 1.2822160032e+01 6.0341300564e-02 1.0000000000e+00
5.1734604855e+01 4.4442830054e+01 4.1719113134e+01 8.5905420904e-01 2.9774819924e-02 1.3491151301e+02 1.1727315645e+01 -6.1353606088e-02 8.0392983771e+00 8.8165348321e-03 1.0309477695e-02
2.3519311875e+01 2.1977518921e+01 1.9789997305e+01 9.3444566060e-01 1.9780557346e-02 8.8966484974e+01 7.0151678858e+00 -5.8291567590e-01 1.0775661848e+01 1.7141987653e-02 2.3527925793e-02
3.2334569084e+01 2.8356920436e+01 2.6349363336e+01 8.7698464027e-01 2.3161149387e-02 1.0443348852e+02 2.1890712159e+01 -7.1683872804e-01 1.0047559998e+01 9.3352709929e-03 1.0069062297e-02
4.2599045178e+01 3.0611355657e+01 3.1351252796e+01 7.1859253016e-01 4.9382913290e-02 2.2695649183e+02 2.8023139524e+00 8.4075272833e-01 1.4114825206e+01 1.7817997425e-02 1.0000000000e+00
5.9201159066e+01 5.6899591290e+01 5.0523869949e+01 9.6112292712e-01 4.9522537395e-02 2.2762086323e+02 7.9475674041e+00 7.0439333671e-01 1.4559458584e+01 8.9439152340e-03 1.1627649288e-02
3.2287709195e+01 2.5508364914e+01 2.4948948394e+01 7.9003328358e-01 2.7866364322e-02 1.2608705342e+02 2.9990392068e+00 3.8569719828e-01 1.0916122098e+01 2.0297118031e-02 1.0000000000e+00
3.8013364943e+01 3.7307606006e+01 3.2783629735e+01 9.8143392625e-01 8.7944328655e-02 4.1514344534e+02 3.2730662781e+00 8.7350584253e-01 9.1963758483e+00 1.5982616369e-02 1.0000000000e+00
3.4830458538e+01 3.2566682875e+01 2.9316446997e+01 9.3500586103e-01 4.8738265986e-03 2.1675941489e+01 4.9546224111e+01 2.9817021113e-01 2.0750388755e+01 6.5017084145e-03 6.7102207488e-03
1.7330140093e+01 8.3030839877e+00 1.0305385820e+01 4.7911234088e-01 1.1590138888e-02 5.1809409451e+01 3.1719002457e+00 9.1998467150e-01 1.6265497833e+01 3.4884531594e-02 1.0000000000e+00
3.4268144481e+01 2.8962428862e+01 2.7406269097e+01 8.4517061838e-01 3.8613070379e-02 1.7609032110e+02 1.2737501395e+01 -8.3148941936e-01 8.8575775482e+00 1.1055396878e-02 1.2733878680e-02
1.4766770301e+01 1.1799723698e+01 1.1476978436e+01 7.9907274629e-01 8.5409336632e-03 3.8091124727e+01 1.3576949439e+01 -6.4365080428e-01 1.0885385788e+01 1.8941712180e-02 2.1590358838e-02
3.0017627856e+01 2.2165752498e+01 2.2404170420e+01 7.3842452192e-01 2.3021903303e-02 1.0379490629e+02 7.0750175373e+00 6.9469699481e-01 1.2322830822e+01 1.5781173621e-02 2.1569708169e-02
8.3215905852e+01 3.2842962122e+01 4.4571118495e+01 3.9467168910e-01 4.1343203584e-02 1.8891361626e+02 3.1137868977e+01 8.9946483932e-01 8.8210806470e+00 5.8248235401e-03 6.1330316056e-03
2.9480274061e+01 2.6389397419e+01 2.4274001283e+01 8.9515441288e-01 9.6108397105e-03 4.2897474525e+01 3.0794875533e+01 -3.7483505439e-01 1.2596346575e+01 8.7182980800e-03 9.1852658244e-03
3.6303216827e+01 1.3707665954e+01 1.8981576040e+01 3.7758819057e-01 1.7415341347e-02 7.8190284120e+01 4.0605250850e+01 8.2112487300e-01 8.3123422691e+00 9.1213332787e-03 9.4830464614e-03
8.4262198966e+01 4.6950739321e+01 5.4296245795e+01 5.5719812557e-01 1.5209419540e-01 7.4830147156e+02 2.3871331485e+00 8.6440100371e-01 9.4050039962e+00 1.2663562043e-02 1.0000000000e+00
7.5452068793e+01 6.1375052438e+01 5.9178421799e+01 8.1343100885e-01 4.2116275982e-02 1.9255350353e+02 1.7937789617e+00 2.2988932078e-01 1.5650535216e+01 1.4221901685e-02 1.0000000000e+00
6.8303843762e+01 6.1605779685e+01 5.6456206985e+01 9.0193723065e-01 1.0849377054e-01 5.1919610485e+02 3.7773035029e+00 4.2759114147e-01 8.9814577906e+00 1.0658582265e-02 1.0000000000e+00
2.3954318135e+01 2.2572011689e+01 2.0241033736e+01 9.4229405997e-01 1.8084022712e-02 8.1233092922e+01 2.0270468949e+01 6.1964341259e-01 8.7819802321e+00 1.1365449728e-02 1.2341999442e-02
4.0186263194e+01 3.6813823547e+01 3.3477644055e+01 9.1607978997e-01 5.9288605418e-02 2.7440089801e+02 5.7443199716e+00 8.0538289975e-01 9.8801142781e+00 1.2989741744e-02 2.0309778777e-02
4.5087959002e+01 3.3193038317e+01 3.3599536025e+01 7.3618409553e-01 6.6489023469e-02 3.0928062478e+02 3.5632880104e+00 -9.0739896839e-01 1.3145618059e+01 1.5436384994e-02 1.0000000000e+00
5.7420677046e+01 5.0725844739e+01 4.6965186036e+01 8.8340729069e-01 1.0246360469e-01 4.8839620454e+02 5.4635955967e+00 -9.9573984096e-01 1.0959215632e+01 1.0447890097e-02 1.7121828399e-02
3.7381106273e+01 2.3574029994e+01 2.5706889321e+01 6.3064024435e-01 7.5260481665e-02 3.5221273995e+02 4.4045866259e+00 9.9289389356e-01 8.0885797801e+00 1.6767924189e-02 4.1050118417e-02
4.2799776143e+01 3.3215034214e+01 3.2770727125e+01 7.7605626026e-01 5.8671672118e-02 2.7142771098e+02 5.1107436221e+00 9.3225474303e-01 1.1836323096e+01 1.3758928092e-02 2.4387144472e-02
2.6204643410e+01 2.0109963688e+01 1.9949413286e+01 7.6741985659e-01 1.2805127775e-03 5.6793571594e+00 6.3102627032e+02 -4.4935644465e-01 1.0323122995e+01 3.1922674595e-03 3.1998889714e-03
5.9363636745e+01 3.7088707398e+01 4.0625129705e+01 6.2477148355e-01 3.1638016201e-02 1.4354983142e+02 6.2018637947e+00 2.5651500586e-01 1.1424425947e+01 1.1370343830e-02 1.6765751033e-02
8.0132967763e+01 6.6030402941e+01 6.3265274240e+01 8.2401045144e-01 1.0070568023e-01 4.7945874946e+02 7.0617651046e+00 8.3335219975e-01 1.1339628597e+01 7.8850670567e-03 1.0787192167e-02
3.4275256640e+01 1.9845740514e+01 2.2538014627e+01 5.7901070507e-01 2.3766534242e-02 1.0721127672e+02 4.1425559175e+00 8.0939529341e-01 1.8631448249e+01 1.9208667320e-02 6.7956094034e-02
7.3123835263e+01 6.1003602116e+01 5.8095853902e+01 8.3425058186e-01 3.5462402354e-02 1.6135219298e+02 4.4845679899e+00 -9.5542140916e-01 4.3363323124e+01 1.0244147952e-02 2.3597340067e-02
4.2236227852e+01 3.9030734660e+01 3.5340468659e+01 9.2410559949e-01 6.5647835337e-02 3.0518886221e+02 4.6942757357e+00 -9.1697058432e-01 1.2071834409e+01 1.3494405685e-02 2.7632328962e-02
2.7848230214e+01 1.9845390637e+01 2.0407146983e+01 7.1262663676e-01 5.0516960886e-03 2.2470047015e+01 1.0652093305e+02 4.0578467904e-01 1.1166714456e+01 6.1185843135e-03 6.2070372741e-03
3.0147375120e+01 1.9705647048e+01 2.1123497350e+01 6.5364387344e-01 2.1381506528e-02 9.6281737935e+01 4.0133845293e+00 -2.8954307967e-01 1.0793459431e+01 2.0271368536e-02 1.7207724545e-01
3.0620838574e+01 2.6588792261e+01 2.4827648344e+01 8.6832345225e-01 2.7626989478e-02 1.2498190908e+02 2.2238718810e+01 -7.6531273103e-01 8.3151631150e+00 9.6055591789e-03 1.0347035531e-02
3.3499523927e+01 2.2631872491e+01 2.3878899316e+01 6.7558788419e-01 9.8895338224e-03 4.4150720452e+01 5.3996216298e+00 7.4178398164e-01 3.6678106765e+01 1.6918208973e-02 2.8069626970e-02
1.3270291885e+01 1.0010689735e+01 1.0013973285e+01 7.5436846618e-01 5.1432081197e-03 2.2878689577e+01 1.6110794020e+01 3.3119970755e-01 9.7840657610e+00 1.9385651755e-02 2.1575433455e-02
1.3587538279e+01 1.2903397881e+01 1.1526234755e+01 9.4964942264e-01 1.3481588269e-02 6.0350386530e+01 2.0230021572e+01 9.2149526572e-01 8.4191620061e+00 1.6217448812e-02 1.7614142444e-02
7.2191005228e+01 5.0685250476e+01 5.2495879716e+01 7.0209924790e-01 5.4764508827e-02 2.5265430090e+02 5.9520997471e-01 -6.8558597667e-01 1.3799625136e+01 2.3007475277e-02 1.0000000000e+00
1.7131199234e+01 1.1768027200e+01 1.2317359414e+01 6.8693540010e-01 6.2710278873e-03 2.7919564506e+01 3.1612021797e+01 -9.7986972184e-01 1.8178432594e+01 1.3219218357e-02 1.3907163191e-02
4.7114133776e+01 4.0599454500e+01 3.8053049836e+01 8.6172558521e-01 3.4910711391e-02 1.5877817893e+02 1.1983751538e+01 -7.8829952245e-01 1.3797485322e+01 9.2340181651e-03 1.0753142307e-02
2.8178152741e+01 2.4025532626e+01 2.2636594609e+01 8.5262979610e-01 3.1297417646e-02 1.4196901282e+02 4.1717638521e+00 -8.7426773534e-01 1.5180171614e+01 1.9018618178e-02 6.2907067300e-02
3.0336320627e+01 2.6023140539e+01 2.4445571862e+01 8.5782125194e-01 1.2747482929e-02 5.7032630008e+01 6.9698894477e+01 -8.7877021120e-01 1.1419209746e+01 6.3774590078e-03 6.5203830722e-03
1.6760427473e+01 1.1158860116e+01 1.1856652410e+01 6.6578612835e-01 6.2726456471e-03 2.7926801380e+01 1.9481558537e+02 9.5077565419e-01 8.2275882651e+00 6.8452333768e-03 6.8986951553e-03
3.9748856743e+01 2.4319803112e+01 2.6905538586e+01 6.1183654335e-01 3.8846634503e-02 1.7718546141e+02 9.7967167922e+00 -8.0914365896e-01 9.2592038785e+00 1.2338712101e-02 1.5022138353e-02
4.0098368527e+01 3.8378180925e+01 3.4149053696e+01 9.5710080820e-01 7.0425124158e-02 3.2848616490e+02 3.5953455926e+00 9.7911907861e-01 1.3691151704e+01 1.5194403231e-02 1.0000000000e+00
4.1364564307e+01 3.2066499950e+01 3.1654251141e+01 7.7521667368e-01 4.0963635834e-02 1.8712790377e+02 9.7863978527e+00 -9.8860891900e-01 1.2867834990e+01 1.1137043510e-02 1.3562832009e-02
7.8751726243e+01 5.9827580775e+01 5.9642692017e+01 7.5969865843e-01 1.2821376607e-01 6.2143715792e+02 2.6183970307e+00 6.5064465290e-01 9.9415501417e+00 1.1686636489e-02 1.0000000000e+00
3.5774837143e+01 3.2914272072e+01 2.9867548337e+01 9.2003974584e-01 3.7155769325e-02 1.6926533232e+02 1.3736958611e+00 -4.5175491392e-01 9.1902835607e+00 2.4171830776e-02 1.0000000000e+00
3.3326674927e+01 2.8005088225e+01 2.6575428044e+01 8.4032050261e-01 6.5039462001e-02 3.0223235953e+02 2.6094019185e+00 -9.6869786611e-01 9.8560507034e+00 2.0105466138e-02 1.0000000000e+00
3.3634614857e+01 3.0652908290e+01 2.7946636632e+01 9.1135006065e-01 1.6351566758e-02 7.3355770184e+01 1.8086108396e+01 -9.5234167539e-01 2.1100548600e+01 9.7063931085e-03 1.0660207665e-02
2.7576529052e+01 2.4823518184e+01 2.2770649877e+01 9.0016833291e-01 1.8591666149e-02 8.3545096365e+01 2.5029955847e+01 8.6018999351e-01 1.1903668295e+01 9.7530061162e-03 1.0411100590e-02
3.9550878464e+01 3.7500903241e+01 3.3524490037e+01 9.4816865510e-01 2.0466925268e-02 9.2100633588e+01 4.0619045837e+01 -5.1948888575e-01 8.0801107142e+00 6.3796433889e-03 6.6325405389e-03
7.1182924446e+01 6.3473471355e+01 5.8497249846e+01 8.9169519023e-01 6.9570115813e-02 3.2430600042e+02 5.8828122797e+00 8.4240252886e-01 1.6773959975e+01 9.0284028363e-03 1.3840528266e-02
3.9241150489e+01 3.1711327175e+01 3.0674689613e+01 8.0811410419e-01 7.7711501287e-02 3.6429549905e+02 3.3340356904e+00 9.9962025696e-01 1.0906500070e+01 1.6643904574e-02 1.0000000000e+00
1.7944845765e+01 5.7135972579e+00 8.5450061694e+00 3.1839767991e-01 5.0900970256e-03 2.2641517648e+01 6.2699466792e-01 3.7055332156e-01 9.7121736421e+00 7.2318338718e-02 1.0000000000e+00
8.5367496645e+01 6.3538035981e+01 6.3975491718e+01 7.4428838232e-01 1.7978338244e-01 8.9946876225e+02 3.2213234637e+00 8.0273844292e-01 9.8831586259e+00 1.0064053226e-02 1.0000000000e+00
5.5270959264e+01 4.8590108129e+01 4.5095827884e+01 8.7912547161e-01 1.6638685492e-02 7.4659887936e+01 5.1831834338e+01 9.0675938706e-01 1.5058318648e+01 4.8487819411e-03 4.9970360432e-03
5.4474543227e+01 3.7593382239e+01 3.9260997296e+01 6.9010917784e-01 7.9093322597e-02 3.7112395934e+02 4.2285632205e+00 -8.4166356668e-01 1.1555123302e+01 1.3037992436e-02 3.8940870458e-02
3.2640215461e+01 3.1204149751e+01 2.7781437104e+01 9.5600317921e-01 7.2164492519e-02 3.3700417382e+02 3.7979287630e+00 -8.1117754007e-01 8.7718672569e+00 1.6917282734e-02 1.0000000000e+00
3.5539234604e+01 1.2716231308e+01 1.8043907457e+01 3.5780824910e-01 3.4866888901e-03 1.5490358075e+01 4.3226508166e+01 1.1601211616e-01 1.6971742881e+01 9.2760494590e-03 9.6200425905e-03
6.2086748075e+01 5.2027806550e+01 4.9439315608e+01 8.3798569201e-01 1.1322723274e-01 5.4352616913e+02 3.1754045632e+00 8.7751057894e-01 1.2009373264e+01 1.2326390549e-02 1.0000000000e+00
9.7477913796e+00 5.7533096731e+00 6.4747331852e+00 5.9021674234e-01 5.2333471776e-03 2.3281256582e+01 4.0718314480e+00 -5.2831585573e-01 1.2928493804e+01 4.2640186309e-02 1.9380826010e-01
1.8438697139e+01 1.2779588364e+01 1.3318841422e+01 6.9308521464e-01 7.1047326577e-03 3.1651396090e+01 1.0392518942e+02 8.3652176149e-01 9.7808826832e+00 8.0526209314e-03 8.1720204984e-03
3.7116241652e+01 2.4602998123e+01 2.6196731125e+01 6.6286339964e-01 4.0811759633e-02 1.8641365011e+02 4.6903443069e+00 8.1485861944e-01 1.1896493691e+01 1.6517979133e-02 3.3885120112e-02
2.9882418201e+01 2.9534892981e+01 2.5862356002e+01 9.8837024439e-01 2.5863245755e-02 1.1685073179e+02 1.1559393948e+01 6.8449779826e-01 1.0779871114e+01 1.1980408351e-02 1.4048813705e-02
5.3541356468e+01 3.2191036216e+01 3.5910843559e+01 6.0123684455e-01 2.3653380277e-02 1.0669188890e+02 3.5525207159e+01 8.5354155939e-01 1.1796364368e+01 6.4136894616e-03 6.7075270022e-03
3.4120162968e+01 2.3086332280e+01 2.4340559400e+01 6.7661846462e-01 4.5465414061e-02 2.0836715754e+02 1.1499809555e+00 -9.2998045141e-01 9.7284707778e+00 2.9217066510e-02 1.0000000000e+00
3.2405354362e+01 3.0619492735e+01 2.7419939977e+01 9.4488992135e-01 4.0475582372e-02 1.8483318644e+02 1.7556295249e+01 9.2923178564e-01 8.3132823489e+00 9.7880666787e-03 1.0784657705e-02
4.4969733691e+01 4.1913607398e+01 3.7790088710e+01 9.3204037378e-01 8.8918736128e-02 4.2001912866e+02 5.1666105073e+00 -8.6655229195e-01 8.7366032193e+00 1.2316441072e-02 2.1519896239e-02
4.0023828554e+01 3.1095637050e+01 3.0662895005e+01 7.7692809942e-01 4.2160327124e-02 1.9276102815e+02 6.4920692001e+00 -8.8005360330e-01 1.2704008968e+01 1.3241425994e-02 1.8961312621e-02
2.0185037912e+01 1.2625405163e+01 1.3821733565e+01 6.2548335145e-01 2.5349642953e-02 1.1448679526e+02 2.4600291760e+00 -8.9304371254e-01 9.8885646531e+00 3.1671715153e-02 1.0000000000e+00
4.1414154545e+01 3.6649996270e+01 3.3903404623e+01 8.8496304398e-01 1.7993671998e-02 8.0821781177e+01 1.4286840546e+01 -3.4468879488e-01 1.2682878281e+01 9.3880830834e-03 1.0618721865e-02
7.2139774070e+01 6.9001327799e+01 6.1417005074e+01 9.5649492515e-01 4.4974245943e-02 2.0604345844e+02 1.3338256609e+00 2.5666105859e-01 1.4706230273e+01 1.5501981122e-02 1.0000000000e+00
8.1151936851e+01 4.5525364801e+01 5.2479735038e+01 5.6098925753e-01 8.2133544921e-02 3.8618944413e+02 1.3507526194e+00 -9.5531937894e-01 1.5435368016e+01 1.6654611354e-02 1.0000000000e+00
6.0681466917e+01 2.8876936662e+01 3.5953654939e+01 4.7587736633e-01 3.3369882340e-02 1.5159971820e+02 1.0513033225e+00 -9.7428545846e-01 2.2060990907e+01 2.3851925846e-02 1.0000000000e+00
8.0824161891e+01 5.3815869192e+01 5.7178940091e+01 6.6583887705e-01 7.1864993976e-02 3.3553612023e+02 5.7947361382e+00 -9.9327906909e-01 1.8701814693e+01 9.1975678624e-03 1.4274483320e-02
4.0197458561e+01 3.9409988760e+01 3.4649119647e+01 9.8040996048e-01 5.8571246646e-02 2.7094395991e+02 5.9720964512e+00 -9.4986984009e-01 1.1933639376e+01 1.2534744957e-02 1.8991750662e-02
3.8819934728e+01 3.5545601868e+01 3.2331813175e+01 9.1565331361e-01 3.3233888841e-02 1.5096689482e+02 3.4658717346e+00 6.0175761313e-01 1.7310126971e+01 1.6296641860e-02 1.0000000000e+00
4.3853429582e+01 3.2818085693e+01 3.2956666368e+01 7.4835847517e-01 6.6084817775e-02 3.0731390293e+02 7.4246535202e+00 -9.1507984242e-01 8.7556085676e+00 1.1866776827e-02 1.5861896323e-02
7.8138714914e+01 5.1429674240e+01 5.4947534561e+01 6.5818428543e-01 8.7851017998e-02 4.1467684966e+02 5.7723558831e+00 8.7769938702e-01 1.3082846001e+01 9.3559913176e-03 1.4567687714e-02
2.5983952689e+01 2.5655512263e+01 2.2476837081e+01 9.8735987438e-01 4.3122509053e-02 1.9729700213e+02 2.5672711840e+00 8.3775677167e-01 1.0336409707e+01 2.2754891369e-02 1.0000000000e+00
1.3708132008e+01 6.3846591911e+00 8.0290016005e+00 4.6575705480e-01 3.3349443270e-03 1.4814483276e+01 1.4326982076e+02 6.2194760549e-01 8.6081265834e+00 9.8185091058e-03 9.9233243111e-03
2.7147009436e+01 1.4514012120e+01 1.7114322133e+01 5.3464497276e-01 6.9228018926e-03 3.0836636695e+01 1.2202691075e+02 8.7387486500e-01 1.1704358389e+01 6.4830215180e-03 6.5645570863e-03
8.2109262157e+01 8.2014476203e+01 7.1438992143e+01 9.9884561192e-01 1.1580713897e-01 5.5684338149e+02 2.2712705966e+00 -4.7878846755e-01 1.0671358179e+01 1.1088355196e-02 1.0000000000e+00
7.5100389089e+01 5.8369973702e+01 5.7546914455e+01 7.7722598258e-01 1.1200770042e-01 5.3724491333e+02 3.5155846738e-01 8.3173082871e-01 8.0291757383e+00 2.5605927338e-02 1.0000000000e+00
2.8899713880e+01 2.4551626331e+01 2.3173549794e+01 8.4954565406e-01 1.5700075258e-02 7.0398683712e+01 3.9370693220e+00 -6.1536257656e-01 2.5124712145e+01 1.9336686828e-02 1.0000000000e+00
3.1732225451e+01 1.6885512280e+01 1.9954916462e+01 5.3212505712e-01 3.2576043249e-02 1.4790743123e+02 9.7123640843e+00 9.3114172741e-01 8.7661324366e+00 1.4977571824e-02 1.8276049000e-02
2.1591666790e+01 1.8777005274e+01 1.7520181702e+01 8.6964130451e-01 4.0757378389e-02 1.8615793879e+02 3.6043967309e+00 -9.3294605273e-01 9.6291862039e+00 2.3445173857e-02 1.0000000000e+00
2.0819580163e+01 1.6362375814e+01 1.6044439578e+01 7.8591286116e-01 6.3925542135e-03 2.8463248674e+01 1.1501343249e+02 9.3448432643e-01 1.3366639498e+01 6.9037101882e-03 6.9959619612e-03
3.1933282803e+01 2.3233948983e+01 2.3652863238e+01 7.2757784180e-01 1.9103457330e-02 8.5877729153e+01 5.1211453196e+01 -7.8639381171e-01 8.0399215671e+00 7.2793790315e-03 7.5048018939e-03
3.1476107857e+01 2.6051878402e+01 2.4906700929e+01 8.2767153170e-01 9.3327340130e-03 4.1647395862e+01 2.4642271747e+00 1.0090383966e-01 2.2820897808e+01 2.2121845860e-02 1.0000000000e+00
2.4455435296e+01 2.3196567437e+01 2.0733052206e+01 9.4852400523e-01 1.2689004804e-02 5.6768496158e+01 2.6153192214e+00 -5.9472841596e-01 2.3695860357e+01 2.4210953489e-02 1.0000000000e+00
3.5033621204e+01 2.8330332178e+01 2.7395142563e+01 8.0866125752e-01 2.2032289078e-02 9.9260243915e+01 2.3473603622e+01 -4.9257577836e-01 8.1246470243e+00 8.8816154818e-03 9.5261410434e-03
3.4302681723e+01 1.4276704804e+01 1.8909638521e+01 4.1619792059e-01 1.1723869848e-02 5.2412492369e+01 2.7195749165e+00 -7.9669727808e-01 2.9202343851e+01 2.5286696339e-02 1.0000000000e+00
3.5435808898e+01 2.0752122718e+01 2.3440901918e+01 5.8562576568e-01 2.9134422872e-02 1.3194772168e+02 8.3268382606e+00 9.4918234458e-01 1.2825132701e+01 1.4378437054e-02 1.8379247701e-02
3.0781498211e+01 2.2105977125e+01 2.2646918392e+01 7.1815793284e-01 1.4598766972e-02 6.5406357509e+01 8.7074233859e+01 -9.9470877096e-01 9.2866255562e+00 6.1467771260e-03 6.2561364216e-03
6.3106581580e+01 3.7314837877e+01 4.1957389317e+01 5.9129867191e-01 5.3483907890e-02 2.4652241866e+02 2.0571485901e+00 -9.4368310222e-01 1.9404631209e+01 1.6635980105e-02 1.0000000000e+00
3.0491959418e+01 2.2994500998e+01 2.3005772553e+01 7.5411687004e-01 5.5176797670e-02 2.5463069163e+02 3.1969862024e+00 8.4920545244e-01 8.9606657486e+00 2.0507686655e-02 1.0000000000e+00
6.9567667007e+01 5.6058380677e+01 5.4301628382e+01 8.0581084703e-01 5.6729837689e-02 2.6208526450e+02 1.5316152402e+01 -8.0087516080e-01 1.0592438985e+01 6.6566251055e-03 7.4567259620e-03
4.8248898314e+01 4.3066959892e+01 3.9670687720e+01 8.9259986025e-01 1.0640122066e-01 5.0848326734e+02 4.2352374388e+00 -7.8062468261e-01 8.2203474193e+00 1.2745374387e-02 3.7680516087e-02
2.8067242179e+01 2.5632010374e+01 2.3345103255e+01 9.1323580032e-01 5.5064457110e-02 2.5409205642e+02 3.6056724949e+00 8.2365609446e-01 9.1710740484e+00 1.9425810334e-02 1.0000000000e+00
3.9775768274e+01 3.3111782710e+01 3.1566760302e+01 8.3246117290e-01 5.4625867502e-02 2.5198993982e+02 2.5928020135e+00 7.5295045559e-01 1.1475586610e+01 1.8209665361e-02 1.0000000000e+00
2.7381873697e+01 1.7930251893e+01 1.9203785444e+01 6.5482194868e-01 3.6716267823e-02 1.6720973213e+02 3.5172270786e+00 6.8388057787e-01 9.0375530495e+00 2.2397078176e-02 1.0000000000e+00
6.4632320660e+01 4.3039292516e+01 4.5726575733e+01 6.6590975036e-01 1.4552411840e-01 7.1306949882e+02 1.8180597572e+00 -9.4238092417e-01 8.0322535098e+00 1.5670563435e-02 1.0000000000e+00
3.6525349692e+01 3.2895020630e+01 3.0167362516e+01 9.0060795878e-01 3.6355238112e-02 1.6552209769e+02 1.8960649433e+01 7.6846850300e-01 8.3352764292e+00 8.9809452053e-03 9.8154583031e-03
1.5890748144e+01 1.1178442823e+01 1.1566989394e+01 7.0345604384e-01 3.1581590704e-03 1.4027273343e+01 4.5414811238e+02 9.8008531287e-01 9.3537563396e+00 5.0711106112e-03 5.0879620521e-03
2.5980832807e+01 2.5905849197e+01 2.2584961823e+01 9.9711388737e-01 2.9712717286e-02 1.3462398048e+02 2.4384264764e+01 9.9252332326e-01 8.5851726956e+00 9.8326361856e-03 1.0515996924e-02
4.7285870623e+01 4.0711971501e+01 3.8174882552e+01 8.6097540269e-01 8.6614303174e-02 4.0849778236e+02 7.6812567615e+00 9.8777269746e-01 8.5033279422e+00 1.0561495849e-02 1.3915986458e-02
1.0065066347e+01 6.3591883855e+00 6.9284145529e+00 6.3180789538e-01 4.8827918281e-03 2.1715961995e+01 3.2749976470e+01 -7.4700814621e-01 8.9187231969e+00 1.8706749227e-02 1.9643251919e-02
3.6144174686e+01 3.5236416468e+01 3.1067191903e+01 9.7488507552e-01 2.0684557681e-02 9.3095058757e+01 5.5645245005e+01 -8.2760983482e-01 8.9209642794e+00 5.9448274783e-03 6.1134786454e-03
7.2207660963e+01 4.7934138074e+01 5.1003278504e+01 6.6383729142e-01 1.7858671928e-01 8.9284714271e+02 3.5235471263e+00 8.7157466859e-01 8.3009990199e+00 1.1218981671e-02 1.0000000000e+00
5.2534826960e+01 4.3005381622e+01 4.1337559228e+01 8.1860708620e-01 3.6819375778e-02 1.6769186689e+02 6.8592435727e+00 9.6686624379e-01 2.2159799272e+01 1.0796604668e-02 1.4989826330e-02
3.6022718619e+01 3.1848158401e+01 2.9475405872e+01 8.8411312699e-01 3.0512447517e-02 1.3832863821e+02 1.7170114900e+01 9.7213100352e-01 1.2534163895e+01 9.4909600427e-03 1.0483444711e-02
6.5482224356e+01 5.3560408644e+01 5.1503871806e+01 8.1793813772e-01 1.5343365043e-01 7.5551458457e+02 1.0354188981e+00 9.9937950003e-01 8.1630960888e+00 1.7889858288e-02 1.0000000000e+00
2.2931207136e+01 2.1424258264e+01 1.9293463567e+01 9.3428392745e-01 1.4652248176e-02 6.5648604934e+01 3.6841181056e+01 -9.1848401524e-01 1.1581238091e+01 9.3802848245e-03 9.7934129420e-03
2.6597685874e+01 1.9530901380e+01 1.9794550904e+01 7.3430829554e-01 1.9030532971e-02 8.5545249169e+01 1.2675914095e+00 4.6354547113e-01 1.0503163943e+01 3.2572078974e-02 1.0000000000e+00
2.8520646180e+01 1.7731668563e+01 1.9467881097e+01 6.2171342303e-01 1.8550577162e-02 8.3357897407e+01 3.9870990531e+01 9.9189654853e-01 9.6549104906e+00 9.0336041484e-03 9.3989356637e-03
3.0280234094e+01 2.6260124673e+01 2.4535894478e+01 8.6723651446e-01 4.4149176848e-02 2.0214360010e+02 2.7782518377e+00 7.1329414397e-01 1.0007930087e+01 2.0900352488e-02 1.0000000000e+00
4.2957986493e+01 1.8364027596e+01 2.4026130419e+01 4.2748809001e-01 1.5463841102e-02 6.9327130101e+01 1.1142367358e+01 -7.1185740800e-01 1.7201475021e+01 1.2800045314e-02 1.5122975218e-02
2.2522206457e+01 2.0026411126e+01 1.8482101326e+01 8.8918513220e-01 2.2117389118e-02 9.9649938322e+01 1.0309352294e+01 -9.7214140012e-01 1.1954155796e+01 1.5463272094e-02 1.8589549876e-02
8.5188901913e+01 7.7356491441e+01 7.0653379067e+01 9.0805832338e-01 9.7266616290e-02 4.6202848658e+02 1.1759000455e+01 7.2714516371e-01 8.2137323573e+00 6.0901592725e-03 7.1177115972e-03
3.7513345185e+01 3.4778479346e+01 3.1439815749e+01 9.2709618871e-01 8.3528539666e-02 3.9312138311e+02 3.1002637598e+00 9.7222200489e-01 1.0023532509e+01 1.6785954232e-02 1.0000000000e+00
9.8287082688e+00 5.0256135142e+00 6.0511894983e+00 5.1131983743e-01 4.8273054185e-03 2.1468281121e+01 1.9427514022e+01 9.3802161650e-01 1.0848063743e+01 2.4763194445e-02 2.6999277854e-02
6.7646276524e+01 4.7035699716e+01 4.8944497012e+01 6.9531838458e-01 4.4493364063e-02 2.0376993574e+02 1.7861512671e+01 8.6815952292e-01 1.2196919786e+01 6.7541458199e-03 7.4278100030e-03
4.4031613319e+01 4.1312231689e+01 3.7125431637e+01 9.3824024547e-01 6.0366331007e-02 2.7960059497e+02 4.9869055879e+00 -7.2806056276e-01 1.0882943515e+01 1.2831558624e-02 2.3556607148e-02
2.7457345034e+01 2.1138682723e+01 2.0937350464e+01 7.6987351461e-01 5.0898139582e-03 2.2640253638e+01 1.1637261042e+02 7.5895270682e-01 1.6326190662e+01 5.8246868351e-03 5.9015887890e-03
8.5278935710e+01 7.3225323236e+01 6.8753316802e+01 8.5865662636e-01 1.1677375002e-01 5.6184315314e+02 4.0674171555e+00 7.2244814560e-01 1.4506222014e+01 9.1230371276e-03 4.2446809449e-02
3.6338340390e+01 2.7880860333e+01 2.7661121008e+01 7.6725739354e-01 1.8874069092e-02 8.4832011657e+01 4.0080680936e+01 9.7844601034e-01 1.2927600510e+01 7.2372929970e-03 7.5283325043e-03
5.6112146782e+01 3.9835284213e+01 4.1038191395e+01 7.0992265486e-01 5.3974445366e-02 2.4887001072e+02 6.0699440538e+00 -7.1236253261e-01 1.2121730014e+01 1.1238673418e-02 1.6823828462e-02
4.7301272839e+01 4.0324925989e+01 3.7996277367e+01 8.5251249213e-01 4.6109174317e-02 2.1141512742e+02 2.7839253319e+01 -9.7887185938e-01 8.3377134285e+00 6.6926846457e-03 7.0935267727e-03
3.7535754909e+01 2.3115373252e+01 2.5494110417e+01 6.1582278837e-01 4.1698793813e-02 1.9058737362e+02 8.5376206434e+00 8.8939163835e-01 9.2901360036e+00 1.3413918337e-02 1.7001858947e-02
5.1345498217e+01 3.8452557069e+01 3.8601410338e+01 7.4889831445e-01 9.3356769358e-02 4.4229969751e+02 4.6073510930e+00 -8.7127905221e-01 9.2459850862e+00 1.2655325896e-02 2.7056875448e-02
8.4440970957e+01 5.1137516756e+01 5.6850927562e+01 6.0560076675e-01 2.2428540046e-01 1.1512300276e+03 3.5070063014e+00 -9.1040372899e-01 8.0129203541e+00 1.0254911039e-02 1.0000000000e+00
5.3099346283e+01 2.5491038347e+01 3.1609100520e+01 4.8006312942e-01 7.9195471379e-02 3.7162921354e+02 4.2565476378e+00 -9.3267235343e-01 9.6583084572e+00 1.4892034161e-02 4.2698496024e-02
3.3860997709e+01 3.3718599695e+01 2.9415649931e+01 9.9579463030e-01 7.9122562250e-02 3.7126857956e+02 3.4710089644e+00 -9.7453140836e-01 1.0018398259e+01 1.6815859843e-02 1.0000000000e+00
5.4800844987e+01 3.9466476572e+01 4.0377286834e+01 7.2018007352e-01 9.8755057012e-02 4.6956354650e+02 3.7229838282e+00 -6.5606694448e-01 8.6160458633e+00 1.3287332394e-02 1.0000000000e+00
3.3661330358e+01 2.1853347760e+01 2.3502171256e+01 6.4921224227e-01 1.6961510656e-02 7.6126845028e+01 1.7056088398e+01 -3.8165329799e-01 8.7486909252e+00 1.1052439324e-02 1.2217518997e-02
4.6916949443e+01 3.1331351819e+01 3.3242245783e+01 6.6780453952e-01 3.0151427315e-02 1.3665573277e+02 4.8159585247e+01 -9.7723922225e-01 8.2048646778e+00 5.9812929778e-03 6.1789791935e-03
2.3505794898e+01 2.0678377666e+01 1.9184986498e+01 8.7971403457e-01 2.8390886024e-02 1.2850998366e+02 6.7908742396e+00 8.2197326023e-01 9.7117565696e+00 1.7599437479e-02 2.4565087744e-02
1.1500949257e+01 7.7591028683e+00 8.1921071966e+00 6.7464890895e-01 9.3311620378e-03 4.1640331350e+01 9.7737220560e+00 -8.9498472851e-01 9.6460127067e+00 2.6439603079e-02 3.2209313815e-02
2.7965247214e+01 2.1712187342e+01 2.1417141810e+01 7.7639890596e-01 2.4849053066e-02 1.1218443215e+02 7.3345394934e+00 -6.3413178334e-01 9.9175111940e+00 1.5996226260e-02 2.1497794552e-02
8.3771406874e+01 4.5420413784e+01 5.3206064129e+01 5.4219471152e-01 6.6583678223e-02 3.0974133042e+02 1.1583767388e+01 9.7617394224e-01 1.2636689707e+01 7.4431113413e-03 8.7245156242e-03
3.2220117152e+01 3.0219552535e+01 2.7161701202e+01 9.3790945554e-01 5.8945556877e-03 2.6235937620e+01 6.5979996094e+01 3.0053994725e-01 1.3642045374e+01 6.1210051564e-03 6.2662544093e-03
4.5296059009e+01 4.2014270392e+01 3.7971803169e+01 9.2754803202e-01 3.3814067750e-02 1.5366750675e+02 4.9654212286e+00 -5.6402289439e-01 1.6250738225e+01 1.2875005408e-02 2.3793708670e-02
2.4649094954e+01 1.8478469466e+01 1.8540831122e+01 7.4966117420e-01 1.0955942482e-02 4.8951027099e+01 2.8726370709e+01 9.6408971813e-01 1.7024222193e+01 1.0581008554e-02 1.1193018194e-02
3.7653171044e+01 1.5027350225e+01 2.0289921484e+01 3.9909919427e-01 9.4759360223e-03 4.2291020534e+01 8.5911574265e+01 7.0172580296e-01 9.7886998754e+00 6.6380596908e-03 6.7578112119e-03
2.4031450852e+01 1.1826554467e+01 1.4496585158e+01 4.9212819235e-01 2.7931563790e-02 1.2638813145e+02 4.4320281287e+00 -8.0985123195e-01 8.5628393316e+00 2.4613654886e-02 5.8929809678e-02
2.9007356571e+01 1.6213233907e+01 1.8722310145e+01 5.5893524345e-01 5.0180577768e-02 2.3075369684e+02 2.8898627009e+00 9.3300044512e-01 8.0719873599e+00 2.4298370704e-02 1.0000000000e+00
3.9766441419e+01 3.9193078177e+01 3.4368039767e+01 9.8558173121e-01 3.2732532918e-02 1.4863496538e+02 3.7369345575e+01 -9.3640343029e-01 8.7416463963e+00 6.4326259077e-03 6.7116024145e-03
3.4806080812e+01 2.4682402142e+01 2.5441279550e+01 7.0914051699e-01 8.4220374131e-03 3.7557482081e+01 1.3631258060e+01 3.1596989944e-01 1.9205846497e+01 1.1500890456e-02 1.3100905439e-02
5.3416216713e+01 4.1008651933e+01 4.0673532549e+01 7.6771913955e-01 2.7104099065e-02 1.2256914707e+02 2.7045801614e+01 7.9541619836e-01 1.2491281187e+01 6.5584969968e-03 6.9641776117e-03
3.3984500696e+01 1.9861100217e+01 2.2456417413e+01 5.8441641955e-01 2.3299471837e-02 1.0506796228e+02 9.4860991734e+00 7.4899692933e-01 1.1661273084e+01 1.4114755395e-02 1.7332346346e-02
3.7522829388e+01 3.4314208162e+01 3.1231443190e+01 9.1448882511e-01 4.3843654127e-02 2.0070060285e+02 1.7668568088e+01 9.5501638010e-01 9.0408948974e+00 8.9836545220e-03 9.8913920906e-03
1.2316806250e+01 1.1220718501e+01 1.0231966469e+01 9.1100876913e-01 6.6703183157e-03 2.9706283646e+01 1.1429457592e+01 6.0993100742e-01 1.2227264249e+01 2.1733624177e-02 2.5543643542e-02
2.4210753226e+01 2.1798372112e+01 1.9993582654e+01 9.0035910524e-01 2.0379063631e-02 9.1699257735e+01 7.8378852093e+00 8.4811134011e-01 1.3811863921e+01 1.6332909478e-02 2.1347825749e-02
3.5154304022e+01 3.2792266358e+01 2.9554012605e+01 9.3280943172e-01 3.5069126537e-02 1.5951708962e+02 7.8584245035e-01 7.5770935975e-01 1.2055725528e+01 3.0038538966e-02 1.0000000000e+00
3.4601541998e+01 3.1194522482e+01 2.8593300840e+01 9.0153561609e-01 5.3351665661e-02 2.4588980369e+02 6.7360448805e+00 8.4972563308e-01 8.8302202509e+00 1.3551748352e-02 1.8998791936e-02
8.0441815729e+01 2.1399810422e+01 3.4669694077e+01 2.6602843593e-01 1.1412262445e-01 5.4814358648e+02 3.4441930252e+00 -9.4951525778e-01 8.4375490417e+00 1.4918015705e-02 1.0000000000e+00
2.4288339864e+01 1.8075639793e+01 1.8201012820e+01 7.4421059218e-01 1.1435023242e-02 5.1110039092e+01 1.8528072290e+01 4.5499455132e-01 1.0252215680e+01 1.2613582137e-02 1.3818050681e-02
5.6605709390e+01 3.7035816128e+01 3.9682186873e+01 6.5427704249e-01 8.1070322168e-02 3.8091423343e+02 2.7832221344e+00 -6.5219491850e-01 9.4367939475e+00 1.5133323901e-02 1.0000000000e+00
3.0689903753e+01 1.7517113201e+01 2.0028701135e+01 5.7077771705e-01 1.2775846569e-02 5.7160751094e+01 1.9803972799e+00 2.3449502278e-02 1.1655167733e+01 2.7457424406e-02 1.0000000000e+00
9.7178135940e+00 6.9221699917e+00 7.1196052725e+00 7.1231763449e-01 7.2512809066e-03 3.2307860788e+01 2.5800805256e+00 5.0887693367e-01 9.5079767828e+00 4.7622498852e-02 1.0000000000e+00
4.8887544965e+01 4.1248991797e+01 3.9064904447e+01 8.4375257188e-01 6.7959752615e-02 3.1644537523e+02 3.9278179084e+00 3.5432586963e-01 8.2239841912e+00 1.3533198611e-02 1.0000000000e+00
4.4994629711e+01 3.0773150930e+01 3.2277707085e+01 6.8392941841e-01 5.3574463294e-02 2.4695567857e+02 3.1081962524e+00 -9.5549795166e-01 1.5662761705e+01 1.6788045439e-02 1.0000000000e+00
2.8818983949e+01 2.4710147659e+01 2.3217441708e+01 8.5742605301e-01 1.1590528671e-02 5.1811167072e+01 1.8063254190e+01 -6.4320971484e-01 1.7140981052e+01 1.0936045199e-02 1.2012312147e-02
9.1580048545e+00 4.6000000000e+00 5.5850122366e+00 5.0229281083e-01 2.0440500450e-03 9.0711165126e+00 1.3647142198e+02 -5.7082495906e-01 8.8871595846e+00 1.2555550527e-02 1.2696399508e-02
3.0569530620e+01 3.0064427464e+01 2.6391364264e+01 9.8347690834e-01 1.5426234295e-02 6.9156580782e+01 2.6158801528e+01 -8.7889855868e-01 1.6765512050e+01 8.7648636436e-03 9.3276449105e-03
3.9144754165e+01 2.1136502786e+01 2.4807760520e+01 5.3995747927e-01 1.1609985707e-02 5.1898904530e+01 2.3130795800e+01 9.3062136355e-01 2.3166110577e+01 9.5631035793e-03 1.0268817526e-02
1.5364569203e+01 1.2232026790e+01 1.1919009989e+01 7.9611908592e-01 5.3923321563e-03 2.3991427995e+01 4.5754531040e+01 4.0009625793e-01 9.2170890635e+00 1.1752982976e-02 1.2163177481e-02
1.9548391168e+01 1.2877710445e+01 1.3752791473e+01 6.5876062813e-01 5.7933323423e-03 2.5783418620e+01 1.0075998686e+02 7.3437296709e-01 1.1173927985e+01 7.9914474548e-03 8.1137675458e-03
4.0465970015e+01 3.7787305767e+01 3.4037764142e+01 9.3380452150e-01 3.6538450421e-02 1.6637841774e+02 1.7729977689e+01 -6.8270102660e-01 8.7499958130e+00 8.5396219757e-03 9.3989216704e-03
2.8798662060e+01 2.5709360683e+01 2.3680238249e+01 8.9272760761e-01 3.2852800967e-02 1.4919421126e+02 2.4646659951e+01 -9.7692480644e-01 8.0180544581e+00 9.4895616937e-03 1.0141139437e-02
3.3267664056e+01 9.1951372909e+00 1.4646929350e+01 2.7639864571e-01 2.6171542304e-02 1.1827055225e+02 5.0393473509e+00 -8.4809229912e-01 8.8720012361e+00 2.3330620356e-02 4.2172697385e-02
5.1738955769e+01 3.9777385175e+01 3.9425081925e+01 7.6880919964e-01 1.1959638312e-01 5.7647497200e+02 3.8293009836e+00 -9.3015136445e-01 9.5301437880e+00 1.3189539177e-02 1.0000000000e+00
5.6469346201e+01 5.6448756096e+01 4.9150457800e+01 9.9963537554e-01 6.9970316420e-02 3.2626202224e+02 1.0274180746e+01 -8.8262656472e-01 1.0800206029e+01 8.1649491035e-03 9.8236933623e-03
7.4213395281e+01 4.7961897182e+01 5.1692854584e+01 6.4627008373e-01 5.9538845070e-02 2.7560756905e+02 6.9285059838e+00 7.1724487659e-01 1.3544738427e+01 9.2276002043e-03 1.2744896860e-02
3.3960832218e+01 2.4511319835e+01 2.5050546048e+01 7.2175262600e-01 4.2703765687e-02 1.9532219953e+02 1.3462874680e+01 9.7890126017e-01 8.2690458671e+00 1.1425697716e-02 1.3040695309e-02
4.0080364593e+01 3.5522338377e+01 3.2836167448e+01 8.8627782552e-01 5.0854176222e-02 2.3396348562e+02 1.4303197873e+01 9.3218643264e-01 8.7948862052e+00 9.3853179580e-03 1.0613824571e-02
1.6162974180e+01 1.1263912045e+01 1.1708223843e+01 6.9689599942e-01 1.4585156583e-02 6.5344711214e+01 9.4692000871e+00 9.2307990244e-01 1.0047860191e+01 2.1333693791e-02 2.6209703789e-02
7.9400570896e+01 6.5552776476e+01 6.2748475625e+01 8.2559578270e-01 5.2692757168e-02 2.4273941535e+02 5.6833079814e+00 -5.0256635380e-01 1.6254789450e+01 8.8410691438e-03 1.3953041642e-02
2.8608733906e+01 2.1776544123e+01 2.1688615364e+01 7.6118517492e-01 4.7225854262e-02 2.1670855136e+02 1.2849528987e+00 -9.3351917781e-01 8.3670871154e+00 3.0089704711e-02 1.0000000000e+00
1.2595247858e+01 1.1542991588e+01 1.0494794529e+01 9.1645608865e-01 1.8343159392e-02 8.2413086329e+01 3.2454673356e+00 9.0126498885e-01 1.0411658016e+01 3.4052517156e-02 1.0000000000e+00
2.9636046670e+01 2.7823112654e+01 2.4995609835e+01 9.3882672557e-01 3.5929691231e-02 1.6353397128e+02 1.1834395785e+01 -8.5962696742e-01 9.0395208076e+00 1.2057150956e-02 1.4074157813e-02
3.6889935149e+01 2.7178719892e+01 2.7501286616e+01 7.3675163111e-01 2.5260758457e-02 1.1407786771e+02 1.9459702335e+01 7.3344687168e-01 1.0311026268e+01 9.4869711202e-03 1.0341968912e-02
7.7976979711e+01 6.1617911609e+01 6.0260138527e+01 7.9020644089e-01 7.8522814462e-02 3.6830327343e+02 1.0638810587e+00 -4.6145580118e-01 1.0174680514e+01 1.6741666077e-02 1.0000000000e+00
1.7749050365e+01 1.6844727979e+01 1.5051641808e+01 9.4904953410e-01 1.6278843899e-02 7.3025544191e+01 3.4397552071e+01 9.4815208982e-01 8.3832906078e+00 1.1229229089e-02 1.1762057256e-02
3.8627678897e+01 3.7037309439e+01 3.2926368295e+01 9.5882824172e-01 5.1418117128e-02 2.3665298457e+02 9.5453506966e+00 9.5464282777e-01 1.0514167651e+01 1.0899943073e-02 1.3362041210e-02
3.4983486301e+01 2.3217100773e+01 2.4706838197e+01 6.6365886386e-01 5.5703393660e-03 2.4786772844e+01 2.9219709514e+01 8.1507845825e-01 3.8579498474e+01 8.8160443557e-03 9.3164336824e-03
4.7829903149e+01 4.7707820520e+01 4.1585168835e+01 9.9744756687e-01 1.1515480303e-01 5.5347233739e+02 2.6762250490e+00 -8.3988917364e-01 8.7813669128e+00 1.4627790731e-02 1.0000000000e+00
3.7176176273e+01 3.7040363605e+01 3.2304560391e+01 9.9634678222e-01 5.2539529581e-02 2.4200719920e+02 1.8496191431e+00 6.5135852567e-01 1.0002250650e+01 2.0397454330e-02 1.0000000000e+00
2.1201887883e+01 1.8319108980e+01 1.7147537047e+01 8.6403197113e-01 1.0847975914e-02 4.8464680982e+01 9.9268248966e+01 8.7828803953e-01 8.4767044620e+00 6.9793039166e-03 7.0877832356e-03
4.7358989213e+01 3.9478768913e+01 3.7611261060e+01 8.3360666200e-01 4.4498976022e-02 2.0379645943e+02 2.2532435271e+00 5.2850372689e-01 1.2870766325e+01 1.7307187450e-02 1.0000000000e+00
1.0196236915e+01 9.8290570210e+00 8.7147570352e+00 9.6398868552e-01 5.4120321428e-03 2.4079437944e+01 2.7681220194e+01 5.2218073268e-01 8.5372480211e+00 1.7257452256e-02 1.8297620390e-02
7.7431853187e+01 7.0189794476e+01 6.4163222091e+01 9.0647184056e-01 2.6698434490e-02 1.2069854131e+02 4.8057503872e+00 6.3700047267e-01 4.2908751625e+01 9.4309322287e-03 1.8424252696e-02
4.5495274215e+01 2.9310287722e+01 3.1637710175e+01 6.4424906163e-01 2.9756108295e-02 1.3482487631e+02 2.5983929471e+01 -8.6676137298e-01 1.0267335637e+01 7.7771288566e-03 8.2802625902e-03
4.1636075937e+01 2.9480522526e+01 3.0409465457e+01 7.0805237677e-01 3.1999613439e-02 1.4522894518e+02 7.5158335427e+00 -4.6028263980e-01 9.4486423589e+00 1.2676492686e-02 1.6855045456e-02
2.7021092443e+01 1.6762860318e+01 1.8423308494e+01 6.2036205064e-01 4.8727797374e-03 2.1671268368e+01 1.0853250490e+01 9.7910338920e-02 1.9709312233e+01 1.5360721548e-02 1.8250943654e-02
7.5587116913e+01 6.6535741464e+01 6.1711894946e+01 8.8025240519e-01 5.6737482900e-02 2.6212199954e+02 3.8315673045e+00 7.0478647172e-01 2.6434538758e+01 1.0332242115e-02 1.0000000000e+00
3.0976406626e+01 2.0980560618e+01 2.2109560854e+01 6.7730776108e-01 4.3497525508e-02 1.9906655296e+02 2.7054758373e+00 9.6034528896e-01 1.1576660901e+01 2.2537703341e-02 1.0000000000e+00
3.0999749989e+01 2.4633408061e+01 2.4024971035e+01 7.9463247510e-01 3.6623492255e-02 1.6677597117e+02 2.7016751757e+00 5.4192139808e-01 9.4467731956e+00 2.1497149104e-02 1.0000000000e+00
3.4835203587e+01 3.2027296001e+01 2.9072786188e+01 9.1939454066e-01 3.6355238391e-02 1.6552209899e+02 1.2972295209e+01 -6.6425074722e-01 8.2552292767e+00 1.0596620253e-02 1.2167737916e-02
3.0342085751e+01 2.4593779722e+01 2.3754791998e+01 8.1055006977e-01 4.0088803076e-02 1.8301573786e+02 2.9768220157e+00 8.9932067443e-01 1.3204329249e+01 2.0832907425e-02 1.0000000000e+00
2.2987399683e+01 2.0773165779e+01 1.9018617119e+01 9.0367619064e-01 1.4344631617e-02 6.4255492670e+01 9.7163783278e+00 -3.4933777193e-01 9.3287138094e+00 1.5604641396e-02 1.9039151404e-02
3.9478828000e+01 3.5737900895e+01 3.2691367399e+01 9.0524219449e-01 5.9397407581e-02 2.7492549977e+02 4.3659219294e+00 -7.1851586545e-01 1.0270294783e+01 1.4612003271e-02 3.7022657033e-02
3.7985840181e+01 3.4124903334e+01 3.1334004770e+01 8.9835852441e-01 2.4807029710e-02 1.1199122959e+02 3.8091769482e+00 4.9475840508e-01 1.9894487844e+01 1.6123072693e-02 1.0000000000e+00
2.6024462552e+01 2.2193054860e+01 2.0908281781e+01 8.5277668334e-01 2.1806467761e-02 9.8226384652e+01 8.2862838179e+00 -8.8351948314e-01 1.3887877803e+01 1.5541088961e-02 1.9899218759e-02
1.7932997595e+01 1.5893393112e+01 1.4691650125e+01 8.8626527873e-01 7.4271795448e-03 3.3095992335e+01 1.3326832882e+02 -8.5365673093e-01 9.1060299635e+00 6.8979570445e-03 6.9772380753e-03
5.9861046698e+01 5.4433934092e+01 4.9682447916e+01 9.0933816053e-01 6.5288786985e-02 3.0344371735e+02 4.1247737992e+00 6.0092200318e-01 1.4500952491e+01 1.1451219201e-02 4.2518751621e-02
6.7948422766e+01 6.3128350349e+01 5.7008175800e+01 9.2906277701e-01 1.0771052676e-01 5.1518319105e+02 2.2765276545e+00 5.5284343047e-01 9.5107394664e+00 1.2814930410e-02 1.0000000000e+00
5.0429569867e+01 4.3759025712e+01 4.0874464921e+01 8.6772553935e-01 3.5734174711e-02 1.6262092816e+02 2.1095464504e+00 6.6242425035e-01 2.0533848937e+01 1.6930200117e-02 1.0000000000e+00
2.9312617727e+01 2.8274537216e+01 2.5061377664e+01 9.6458588173e-01 5.2729628915e-02 2.4291563384e+02 6.2538824567e+00 -8.7821179653e-01 8.0888421115e+00 1.5136953716e-02 2.2194501866e-02
3.5886572986e+01 3.2299171811e+01 2.9630249366e+01 9.0003500261e-01 4.0187828550e-02 1.8348095887e+02 1.5721385740e+01 9.2689890516e-01 9.4950891488e+00 9.7209176208e-03 1.0852360506e-02
3.7369657398e+01 3.3469712781e+01 3.0778519297e+01 8.9563873774e-01 3.9097314988e-02 1.7836125281e+02 1.9372526246e+01 -9.5345337109e-01 9.5706137743e+00 8.7833649956e-03 9.5791353757e-03
3.8016893297e+01 2.3726339807e+01 2.6001987702e+01 6.2409991322e-01 4.6479057059e-02 2.1316759901e+02 4.5281138781e+00 6.4864233402e-01 8.7856911737e+00 1.6758728266e-02 3.7513468351e-02
4.6476638616e+01 3.5805279756e+01 3.5452607895e+01 7.7039305815e-01 4.2970163904e-02 1.9657840754e+02 6.3457109293e+00 -6.2770440967e-01 1.1268588867e+01 1.2191035367e-02 1.7705890074e-02
8.8262665031e+00 7.8086849203e+00 7.2245142858e+00 8.8470985071e-01 1.6505471030e-03 7.3226166484e+00 5.5507745326e+02 -7.2898335852e-01 9.4007274785e+00 6.3180796066e-03 6.3352381869e-03
3.4159472011e+01 2.7301815871e+01 2.6552246936e+01 7.9924583911e-01 2.6463105651e-02 1.1961388811e+02 6.7987309623e-01 5.3709822664e-01 1.0264136331e+01 3.4088462069e-02 1.0000000000e+00
1.6884320931e+01 6.7092648567e+00 9.0768745021e+00 3.9736657958e-01 4.3511984843e-03 1.9343886095e+01 4.3627141911e+01 7.9387183293e-01 1.3542207050e+01 1.4194602947e-02 1.4715829709e-02
2.9023512771e+01 1.9657482794e+01 2.0715472191e+01 6.7729509342e-01 1.8005744413e-02 8.0876736371e+01 1.5051175141e+01 9.8749869480e-01 1.5065443844e+01 1.2525748095e-02 1.4064179601e-02
2.8982535003e+01 2.7017392259e+01 2.4357369578e+01 9.3219562250e-01 2.9380806347e-02 1.3308767772e+02 2.3214091184e+01 8.5921493097e-01 8.3581576283e+00 9.5556410673e-03 1.0257919055e-02
3.8981113756e+01 2.9116153676e+01 2.9266245464e+01 7.4692975316e-01 2.6175450263e-02 1.1828855389e+02 1.5167440425e+01 8.1943706648e-01 1.2944037266e+01 1.0013496185e-02 1.1231693195e-02
5.1352074714e+01 4.4441410565e+01 4.1566198071e+01 8.6542580437e-01 2.1641169459e-02 9.7469827662e+01 7.4286605810e+01 8.7716519584e-01 8.0391538577e+00 4.4443179323e-03 4.5375283191e-03
4.5517370404e+01 2.6083564750e+01 2.9767524963e+01 5.7304638907e-01 2.9953623612e-02 1.3573950815e+02 9.1778106749e+00 -9.1516953526e-01 1.5494089573e+01 1.1934200634e-02 1.4791618012e-02
1.7402703706e+01 8.4584699737e+00 1.0428347069e+01 4.8604343995e-01 4.8148224724e-03 2.1412562474e+01 1.0832786016e+01 -5.9114215000e-01 1.7224998479e+01 2.1938389251e-02 2.6077029423e-02
3.5925499360e+01 2.1171657345e+01 2.3843593306e+01 5.8932117081e-01 2.4861942020e-02 1.1224369152e+02 3.3007853965e+00 -9.6308048006e-01 2.3288316749e+01 2.0179764320e-02 1.0000000000e+00
4.0950120694e+01 4.0468639575e+01 3.5438830185e+01 9.8824225397e-01 5.0067700143e-02 2.3021610503e+02 2.7953584374e+00 -4.1188429739e-01 9.6892888694e+00 1.6512820336e-02 1.0000000000e+00
3.2132289402e+01 5.8525976257e+00 1.1185413256e+01 1.8214069818e-01 8.1539466783e-03 3.6354558777e+01 2.2314726500e+01 -7.3592802598e-01 1.0616826403e+01 1.5980379895e-02 1.7209124378e-02
8.0593717653e+01 5.7707867608e+01 5.9204715449e+01 7.1603431743e-01 1.4580013707e-02 6.5321417620e+01 1.6280958178e+01 3.7306870803e-01 2.5063122815e+01 6.3225042815e-03 7.0275998149e-03
9.5763595909e+00 4.6000000000e+00 5.7024570391e+00 4.8034954790e-01 6.9235699136e-04 3.0693719922e+00 6.0795353735e+02 4.1740207083e-01 1.2280860249e+01 7.0834155221e-03 7.1009718578e-03
1.6205209484e+01 1.6076708053e+01 1.4051387158e+01 9.9207036284e-01 1.7149662539e-02 7.6982151265e+01 2.5021437118e+00 7.8993466296e-01 1.3349765144e+01 3.1304993080e-02 1.0000000000e+00
6.9297384748e+01 6.5185732742e+01 5.8504339999e+01 9.4066656309e-01 8.1095590814e-02 3.8103952315e+02 5.2606185250e+00 5.2262989408e-01 1.0600987072e+01 9.3513503127e-03 1.5978803220e-02
3.5531501367e+01 2.5175894318e+01 2.5960362885e+01 7.0855137974e-01 2.5741638169e-02 1.1629085638e+02 9.4060150775e+00 -9.2538777442e-01 1.5304050153e+01 1.2913698762e-02 1.5894570908e-02
3.4820352730e+01 2.1282601562e+01 2.3556869836e+01 6.1121154423e-01 2.6845719642e-02 1.2137757884e+02 1.4407352644e+01 -8.5041656511e-01 1.0384535007e+01 1.1686579991e-02 1.3202430941e-02
4.0782810326e+01 3.5256894371e+01 3.2993215074e+01 8.6450379681e-01 2.9260739376e-02 1.3253210727e+02 4.1610543228e+00 2.5118789713e-01 1.2305456687e+01 1.5061759030e-02 5.0987335829e-02
3.2518244451e+01 2.7792998361e+01 2.6155187661e+01 8.5468938529e-01 3.8365905815e-02 1.7493179801e+02 6.7194470066e+00 -7.9473231599e-01 1.0309365471e+01 1.4470315671e-02 2.0314112594e-02
6.8471537019e+01 4.7377617326e+01 4.9416433935e+01 6.9193155855e-01 1.6916044197e-02 7.5920197759e+01 3.7898171042e+00 -4.5479825262e-01 4.8617366571e+01 1.2210011847e-02 1.0000000000e+00
3.5371919674e+01 3.4916337759e+01 3.0593969847e+01 9.8712023775e-01 3.3788151865e-02 1.5354682663e+02 3.5748645503e+01 9.5837043962e-01 8.1716573149e+00 7.0292061574e-03 7.3490580334e-03
3.6073515889e+01 3.1304063741e+01 2.9239533131e+01 8.6778521498e-01 1.2347931470e-02 5.5228394198e+01 2.8152019046e+01 -5.8875332459e-01 1.6026871078e+01 8.0129423199e-03 8.4869287460e-03
4.3923538460e+01 3.5992684787e+01 3.4579598559e+01 8.1943955448e-01 9.5094704154e-02 4.5105765708e+02 4.2194245401e+00 8.9290614320e-01 8.7676614981e+00 1.3996872858e-02 4.2414956705e-02
3.1994808925e+01 1.9366587022e+01 2.1535363353e+01 6.0530403754e-01 3.3425017788e-02 1.5185631649e+02 9.8740954736e+00 -8.1100203475e-01 8.2020668731e+00 1.4185340437e-02 1.7235480024e-02
4.4515336483e+01 2.5846409694e+01 2.9314237962e+01 5.8061809111e-01 2.5898063990e-02 1.1701105125e+02 1.3246126654e+01 3.8017741943e-01 8.1042847270e+00 1.0526236958e-02 1.2045408742e-02
6.0118476483e+01 5.2328249987e+01 4.8804193784e+01 8.7041876390e-01 1.0914715191e-01 5.2254649675e+02 2.2438166445e+00 6.4528595866e-01 8.6422729475e+00 1.4187194949e-02 1.0000000000e+00
2.2562938760e+01 1.9758067226e+01 1.8372695510e+01 8.7568678160e-01 2.3919344777e-02 1.0791282676e+02 2.0584485386e+01 9.3617912958e-01 8.4396311176e+00 1.1962421384e-02 1.2972042174e-02
1.0205973690e+01 9.6716331384e+00 8.6484790199e+00 9.4764433380e-01 4.2111014628e-03 1.8719063698e+01 3.0820525096e+01 -7.2105890968e-01 1.3411943329e+01 1.6667779977e-02 1.7559718236e-02
5.5330185376e+01 5.3209160424e+01 4.7233668693e+01 9.6166604291e-01 8.5151674697e-02 4.0120214979e+02 2.6447551651e+00 7.8292200052e-01 1.2848598642e+01 1.3801851894e-02 1.0000000000e+00
1.0990652803e+01 1.0704915789e+01 9.4425618677e+00 9.7400181599e-01 6.2666741952e-03 2.7900088821e+01 5.4771049183e+01 -8.4952173461e-01 9.8044931242e+00 1.2700980957e-02 1.3067360143e-02
4.4729723722e+01 4.0330915319e+01 3.6965352190e+01 9.0165804667e-01 8.6363615327e-02 4.0724640643e+02 2.3760355290e+00 9.4107120629e-01 1.0771895172e+01 1.6734764556e-02 1.0000000000e+00
9.6833172325e+00 7.6538662703e+00 7.4842331574e+00 7.9041779656e-01 3.8816752173e-03 1.7250370695e+01 1.2558342699e+01 -9.3409151581e-01 1.9889401396e+01 2.5552151401e-02 2.9504004701e-02
3.8244019597e+01 2.9410553762e+01 2.9146110586e+01 7.6902360349e-01 5.7056398298e-02 2.6365471210e+02 2.8386264463e+00 6.6582765193e-01 9.2008947108e+00 1.8474850021e-02 1.0000000000e+00
4.8874710136e+01 3.7225361925e+01 3.7064075442e+01 7.6164875089e-01 8.6454835720e-02 4.0770171272e+02 2.1423059006e+00 -9.1258250301e-01 1.0212766977e+01 1.7367493949e-02 1.0000000000e+00
4.1703159809e+01 3.4942387140e+01 3.3205921319e+01 8.3788344338e-01 2.1121525357e-02 9.5092640983e+01 1.5966879690e+01 -5.7734715149e-01 1.3548355726e+01 9.1050035519e-03 1.0144830438e-02
5.6444148722e+01 3.0426348854e+01 3.5739362285e+01 5.3905231176e-01 1.2603280992e-01 6.1001636437e+02 3.2556840089e+00 9.8134863380e-01 8.1280486290e+00 1.4850591369e-02 1.0000000000e+00
8.1911990414e+01 6.6631046352e+01 6.4245691486e+01 8.1344679838e-01 9.4736970611e-02 4.4925342433e+02 5.2239460168e+00 -7.3431704411e-01 1.3156545777e+01 8.7740502499e-03 1.5119546804e-02
4.0322444413e+01 2.7724753418e+01 2.9005922171e+01 6.8757620779e-01 3.0392881004e-02 1.3777449261e+02 8.5004208846e+00 -5.5566776997e-01 1.0095307105e+01 1.2479570179e-02 1.5840535695e-02
3.7623856543e+01 1.7119715022e+01 2.1762524793e+01 4.5502286569e-01 1.8350081492e-02 8.2444612641e+01 7.1907940090e+00 -2.5720037431e-01 8.6163925670e+00 1.6018632455e-02 2.1724746458e-02
6.9973958428e+01 5.1610369535e+01 5.2194954949e+01 7.3756538425e-01 1.6940043004e-01 8.4228014130e+02 2.4533556601e+00 9.3815075892e-01 8.8176349229e+00 1.2728161901e-02 1.0000000000e+00
4.4637501475e+01 3.8554244344e+01 3.6095012467e+01 8.6371869101e-01 3.0651016231e-02 1.3897096948e+02 3.0739150875e+00 -7.6208177224e-01 2.5220537142e+01 1.5938117457e-02 1.0000000000e+00
3.7643411218e+01 2.7580498227e+01 2.7982936196e+01 7.3267797295e-01 3.7540941224e-02 1.7106786354e+02 5.0573573721e+00 6.3303463891e-01 1.0850531790e+01 1.5439662346e-02 2.7766810136e-02
5.7647011041e+01 4.6111141438e+01 4.4827565555e+01 7.9988781041e-01 1.0244249412e-01 4.8828876530e+02 1.0899943212e+00 -9.2886460011e-01 9.4517240765e+00 1.9687857972e-02 1.0000000000e+00
7.9009419815e+01 7.2418878728e+01 6.5838055072e+01 9.1658537548e-01 1.8242084936e-01 9.1409081737e+02 1.6517565392e+00 -9.8117527547e-01 1.0422596829e+01 1.2681198775e-02 1.0000000000e+00
3.0236921557e+01 2.8759252239e+01 2.5669908971e+01 9.5113029890e-01 5.4059097363e-02 2.4927529039e+02 8.0250785510e+00 9.6916362764e-01 8.0789014881e+00 1.3569737688e-02 1.7577194238e-02
3.8122830993e+01 3.6024429599e+01 3.2258957771e+01 9.4495683191e-01 5.0449199663e-02 2.3203336710e+02 9.7336379856e+00 -8.3117343466e-01 9.1103202994e+00 1.0966086827e-02 1.3373452074e-02
3.2846742108e+01 3.2241847515e+01 2.8329986007e+01 9.8158433518e-01 4.8217451613e-02 2.2141579122e+02 3.3363545930e+00 6.9215057448e-01 1.1242197569e+01 1.7793344040e-02 1.0000000000e+00
6.1687113912e+01 4.3204423979e+01 4.4800773479e+01 7.0038005086e-01 1.4018876950e-01 6.8464137067e+02 3.9767638089e+00 9.4840796835e-01 9.8849845616e+00 1.1869519803e-02 1.0000000000e+00
3.4984654589e+01 3.0137171971e+01 2.8251579749e+01 8.6143974624e-01 1.7841068122e-02 8.0127192370e+01 3.6964844106e+01 5.3770100744e-01 8.8131283423e+00 7.3671280980e-03 7.6904174740e-03
2.7686372523e+01 1.3348048394e+01 1.6518881456e+01 4.8211618848e-01 1.6056280822e-02 7.2015130919e+01 4.0786668568e+01 8.9378453320e-01 8.3971462474e+00 9.9406527797e-03 1.0332973600e-02
3.5000598736e+01 3.3290746424e+01 2.9714352454e+01 9.5114791250e-01 3.5818241817e-02 1.6301348273e+02 9.7217371438e+00 -9.0799066955e-01 1.2585037622e+01 1.1650931507e-02 1.4213192519e-02
3.5501275927e+01 3.2135252047e+01 2.9396738047e+01 9.0518583368e-01 4.0515197673e-02 1.8501939089e+02 6.4904718928e+00 -6.3275811776e-01 9.4780579303e+00 1.3609742521e-02 1.9491618152e-02
3.6592979295e+01 3.3517038017e+01 3.0481899459e+01 9.1594176430e-01 3.4057081349e-02 1.5479934002e+02 1.7299016654e+01 8.6173894823e-01 1.0352368621e+01 9.2479638752e-03 1.0206382313e-02
3.4840131537e+01 3.2264057456e+01 2.9182959649e+01 9.2606015054e-01 4.9450232973e-03 2.1993776331e+01 1.9481385336e+02 5.5127357959e-01 9.5584929845e+00 3.9018316770e-03 3.9323055455e-03
1.3174480322e+01 1.0280008950e+01 1.0115584806e+01 7.8029711218e-01 6.0850706624e-03 2.7087822734e+01 3.2822901745e+01 -6.4347117315e-01 1.0081090561e+01 1.4743083178e-02 1.5479361494e-02
2.2980627453e+01 2.1586200768e+01 1.9387441984e+01 9.3932164437e-01 3.5996276285e-02 1.6384497405e+02 2.4033190197e+00 -8.5137766070e-01 1.0215924678e+01 2.5693145020e-02 1.0000000000e+00
3.1485093917e+01 1.0120188310e+01 1.5071152266e+01 3.2142792196e-01 2.1480227896e-02 9.6733385526e+01 3.4403732037e+00 -7.4914633325e-01 1.2109875661e+01 2.6520603062e-02 1.0000000000e+00
3.8098440608e+01 3.5606974411e+01 3.2060145156e+01 9.3460450988e-01 4.1030524224e-02 1.8744251857e+02 5.7470219026e-01 7.6957496849e-01 1.0702457245e+01 3.1987962694e-02 1.0000000000e+00
3.1493765392e+01 2.8560472809e+01 2.6102689419e+01 9.0686116613e-01 2.0368564173e-02 9.1651296791e+01 7.1656811279e+01 -9.9019254574e-01 8.1907648940e+00 6.0297281824e-03 6.1610178508e-03
5.7740814903e+01 3.5089195140e+01 3.8945394716e+01 6.0770176518e-01 6.4795909994e-02 3.0104942965e+02 1.0357097651e+01 9.5691265951e-01 9.8194386673e+00 9.4434332265e-03 1.1340236437e-02
3.9292126721e+01 3.5692431718e+01 3.2593772983e+01 9.0838635363e-01 4.6589568583e-02 2.1369136431e+02 2.8510980250e+00 6.8633166636e-01 1.3230523737e+01 1.7306999781e-02 1.0000000000e+00
4.0266132362e+01 2.9583718262e+01 2.9975228919e+01 7.3470473886e-01 1.4691655494e-02 6.5827115811e+01 6.8215200340e+01 9.6405830258e-01 1.2346669663e+01 5.6530123604e-03 5.7825737310e-03
5.6747375302e+01 5.4127393511e+01 4.8244875569e+01 9.5383078466e-01 8.5712947653e-02 4.0400023333e+02 8.3371049367e+00 8.7004775903e-01 9.5142607379e+00 8.8524022066e-03 1.1310762660e-02
2.5566229590e+01 2.4306778836e+01 2.1700180344e+01 9.5073772025e-01 3.5653408566e-02 1.6224383109e+02 8.7486837273e+00 9.9055162746e-01 9.7971682698e+00 1.4753450723e-02 1.8552701713e-02
3.3074736978e+01 3.1491561052e+01 2.8093973980e+01 9.5213337819e-01 4.4471984318e-02 2.0366889093e+02 6.6277216625e+00 8.5986995872e-01 1.0512358326e+01 1.3858474047e-02 1.9605808232e-02
3.2819139788e+01 2.5912679462e+01 2.5351812796e+01 7.8955998327e-01 2.8008751099e-02 1.2674460316e+02 3.2522579231e+00 4.0298528877e-01 1.1564753601e+01 1.9491610801e-02 1.0000000000e+00
4.0635186443e+01 2.8524797698e+01 2.9546355631e+01 7.0197285149e-01 7.0193478106e-02 3.2735318553e+02 4.0137136850e+00 -9.2382646508e-01 1.0888574962e+01 1.5962906102e-02 1.3427929170e-01
3.2225076302e+01 3.1019449205e+01 2.7522775908e+01 9.6258730047e-01 6.2764213922e-02 2.9119613414e+02 2.8876982963e+00 8.8733798488e-01 1.0054041194e+01 1.8961954019e-02 1.0000000000e+00
3.1404594913e+01 1.4775577445e+01 1.8494026907e+01 4.7049094206e-01 1.8885509696e-02 8.4884157896e+01 3.7747972144e+00 4.0430685654e-01 1.1945114252e+01 2.2574211460e-02 1.0000000000e+00
8.5438683773e+01 4.6205985488e+01 5.4191480549e+01 5.4080872326e-01 9.4669255093e-02 4.4891198844e+02 1.3031183131e+01 -9.5268270252e-01 8.2534618711e+00 6.9269665317e-03 7.9479987299e-03
2.7417706794e+01 2.1958949702e+01 2.1334441551e+01 8.0090395112e-01 3.3846706729e-02 1.5381949996e+02 2.4637252819e+00 -7.7426935995e-01 1.1321991772e+01 2.4008373868e-02 1.0000000000e+00
5.1437165519e+01 5.0947794482e+01 4.4565031419e+01 9.9048604191e-01 6.9172347126e-02 3.2236286350e+02 9.0878854301e+00 -9.3582238995e-01 1.1071694765e+01 9.0932884477e-03 1.1302982041e-02
3.7449020444e+01 3.3361823427e+01 3.0760556704e+01 8.9085970825e-01 8.4505702121e-02 3.9798422759e+02 2.3439206689e+00 9.9302314858e-01 9.1773731395e+00 1.8887561130e-02 1.0000000000e+00
5.7070864024e+01 5.5127897281e+01 4.8828559550e+01 9.6595518964e-01 5.4150272096e-02 2.4971184964e+02 1.4734570528e+01 7.2115894687e-01 9.5239008447e+00 7.2286785655e-03 8.1403151097e-03
3.2575114274e+01 2.5302091882e+01 2.4953065931e+01 7.7673071748e-01 2.6437266594e-02 1.1949481572e+02 7.1580128827e+00 -5.5758726225e-01 1.0344190527e+01 1.4658460503e-02 1.9923027207e-02
3.7771592919e+01 3.5472334582e+01 3.1862417116e+01 9.3912731344e-01 1.6737500769e-02 7.5108842734e+01 3.0037807166e+01 -3.0374456790e-01 8.6341076566e+00 7.3916336366e-03 7.7985590526e-03
3.8651796143e+01 3.8597955713e+01 3.3624897696e+01 9.9860703936e-01 2.9365556898e-02 1.3301711064e+02 1.0682728161e+01 -4.5261489034e-01 9.9755041390e+00 1.0450710059e-02 1.2460743094e-02
6.7486941519e+01 5.7626018382e+01 5.4255348350e+01 8.5388398237e-01 2.4491560473e-02 1.1054123171e+02 3.1471340720e+00 -4.3256746863e-02 2.4063335760e+01 1.2291593464e-02 1.0000000000e+00
6.8637754840e+01 6.3621132085e+01 5.7519314881e+01 9.2691161349e-01 7.1644915478e-02 3.3445771909e+02 8.2614920045e+00 -6.9188432090e-01 1.1201785631e+01 8.0233996977e-03 1.0284181463e-02
3.3471011799e+01 2.8927508150e+01 2.7074039711e+01 8.6425556312e-01 2.4071962400e-02 1.0861364560e+02 3.6627123815e+01 9.7900852819e-01 1.0447891382e+01 7.5629717092e-03 7.8981701484e-03
2.5447047530e+01 1.4598571812e+01 1.6651664802e+01 5.7368430638e-01 6.5937387209e-03 2.9363526726e+01 4.6780482846e+01 -7.7266094122e-01 1.7115899921e+01 9.4504296298e-03 9.7725676252e-03
2.6488072840e+01 1.9809077433e+01 1.9899305296e+01 7.4784894894e-01 2.1698786366e-02 9.7733514989e+01 7.6658936193e+00 -8.3241190188e-01 1.2791617031e+01 1.6504759565e-02 2.1764705793e-02
3.8573044101e+01 3.3285490205e+01 3.1176521091e+01 8.6292101079e-01 4.5308840498e-02 2.0762624404e+02 9.6196001353e-01 -9.6220084289e-01 1.3177751413e+01 2.6764965545e-02 1.0000000000e+00
7.9122670717e+01 7.4141469868e+01 6.6669802261e+01 9.3704458149e-01 1.0662073567e-01 5.0960583936e+02 3.3372393895e+00 -5.6329243892e-01 1.2901912982e+01 1.0073850488e-02 1.0000000000e+00
3.7181110329e+01 3.2919882499e+01 3.0445530440e+01 8.8539266868e-01 3.5391122815e-02 1.6101951336e+02 4.2121608606e+00 -7.0218004494e-01 1.5865703117e+01 1.5706842850e-02 4.8170236499e-02
3.3152251003e+01 2.7974222763e+01 2.6492122944e+01 8.4381065891e-01 3.0930407302e-02 1.4026646270e+02 1.3094916829e+01 7.3323510158e-01 9.3995627430e+00 1.1227702441e-02 1.2872262839e-02
6.7935282096e+01 5.5545623888e+01 5.3422865360e+01 8.1762557208e-01 6.0650922121e-02 2.8097489335e+02 1.7758554269e+01 7.3855042199e-01 8.2887098943e+00 6.3471769810e-03 6.9846341047e-03
3.2624052168e+01 2.2657420945e+01 2.3590280467e+01 6.9450051234e-01 3.6197130099e-02 1.6478328949e+02 9.1278975679e+00 7.5420960705e-01 8.1746825536e+00 1.3777551020e-02 1.7103453416e-02
3.3103982497e+01 2.3873473782e+01 2.4408264735e+01 7.2116621570e-01 1.3457951845e-02 6.0243506456e+01 6.6237938212e+01 9.9614078806e-01 1.2588891407e+01 6.5037904660e-03 6.6574956949e-03
4.6740530409e+01 4.3436161310e+01 3.9220053753e+01 9.2930398798e-01 2.9740979237e-02 1.3475482894e+02 1.4879428597e+01 4.1392368340e-01 9.5976410837e+00 8.3811436610e-03 9.4253144407e-03
2.7736128707e+01 1.7285244859e+01 1.8956103873e+01 6.2320322498e-01 2.7808721009e-02 1.2582089156e+02 1.1765261076e+00 7.7772315290e-01 9.7994966078e+00 3.4229991661e-02 1.0000000000e+00
3.1100969369e+01 2.9722154613e+01 2.6466638421e+01 9.5566650223e-01 4.3815584420e-02 2.0056805872e+02 5.8320429512e+00 -6.8073701143e-01 8.5722457808e+00 1.5097720279e-02 2.3307370142e-02
3.9245008624e+01 2.1075256009e+01 2.4799431488e+01 5.3701748955e-01 2.8909285198e-02 1.3090641444e+02 4.1177571102e+00 8.0654302312e-01 1.7389927971e+01 1.8078450884e-02 6.8554948448e-02
3.0797283179e+01 2.3809370126e+01 2.3534613774e+01 7.7309969153e-01 3.9839099296e-02 1.8184291455e+02 3.3163953560e+00 -4.9849006842e-01 8.4540431603e+00 2.0125659434e-02 1.0000000000e+00
6.8001095139e+01 4.7752684781e+01 4.9453972625e+01 7.0223405496e-01 8.9686351993e-02 4.2386419425e+02 1.1658709710e+00 6.3527953828e-01 8.8862726627e+00 1.8186018347e-02 1.0000000000e+00
3.4758994425e+01 2.9121255144e+01 2.7675345741e+01 8.3780487973e-01 1.3325944595e-02 5.9646659969e+01 1.7869039795e+01 2.7685617600e-01 1.1550407248e+01 9.8283678171e-03 1.0808164831e-02
3.6123874120e+01 2.7180320323e+01 2.7223429636e+01 7.5241986041e-01 3.6947031581e-02 1.6828888406e+02 7.5721768755e+00 -7.1380017016e-01 9.7643501417e+00 1.3505971551e-02 1.7901266325e-02
7.3355969637e+01 6.3416197804e+01 5.9344688049e+01 8.6449948270e-01 3.7990300276e-02 1.7317200208e+02 1.5669644156e+00 -3.0505214110e-02 1.4667911293e+01 1.4972320019e-02 1.0000000000e+00
3.3744325220e+01 2.5480627447e+01 2.5476840914e+01 7.5510851915e-01 3.1461060819e-02 1.4272843404e+02 1.2644551598e+01 -7.8988912913e-01 9.5358372724e+00 1.1653542055e-02 1.3439815554e-02
2.9473735224e+01 2.8874914637e+01 2.5396119958e+01 9.7968290811e-01 6.8910445349e-03 3.0694437340e+01 3.1140629934e+01 8.2000564024e-01 3.1355385713e+01 8.4543323301e-03 8.9016315998e-03
3.5208344987e+01 2.3313693210e+01 2.4836484555e+01 6.6216384831e-01 6.0660109673e-03 2.7002586524e+01 1.7492336071e+02 -9.3576527201e-01 1.2874019042e+01 4.4903473543e-03 4.5294694359e-03
6.8454392513e+01 4.1873522673e+01 4.6330545002e+01 6.1169957304e-01 1.5119489015e-01 7.4346435831e+02 4.0465415502e+00 -8.9594709030e-01 8.6630773611e+00 1.1478339808e-02 6.1248472559e-02
3.3350048518e+01 2.5298758023e+01 2.5238617798e+01 7.5858234538e-01 2.1121773566e-02 9.5093776023e+01 1.0073757571e+01 3.1642870907e-01 8.4980568152e+00 1.2845750793e-02 1.5529581709e-02
3.5324387069e+01 3.4136421649e+01 3.0229266575e+01 9.6636982214e-01 7.7299191433e-02 3.6226031783e+02 3.9236839799e+00 -7.6782803369e-01 8.7646725085e+00 1.5805492019e-02 1.0000000000e+00
3.3781182267e+01 3.1965517421e+01 2.8604816010e+01 9.4625218170e-01 8.4671179773e-02 3.9880831124e+02 4.0679832698e+00 9.3137114927e-01 8.4921366350e+00 1.6071920350e-02 7.4547689441e-02
7.6150521813e+01 5.4307896588e+01 5.5824789967e+01 7.1316512737e-01 1.2058637429e-01 5.8161804444e+02 6.5467543481e+00 9.1367556221e-01 9.5009029171e+00 8.6744251520e-03 1.2359625876e-02
4.1370556242e+01 3.6280763602e+01 3.3712495322e+01 8.7697065008e-01 5.0539420761e-02 2.3246326960e+02 3.6316483236e+00 9.9982993045e-01 1.9036475738e+01 1.5439377645e-02 1.0000000000e+00
3.4571377923e+01 3.4447754352e+01 3.0042264411e+01 9.9642410632e-01 1.9076571570e-02 8.5755146275e+01 3.1987639287e+01 -6.0233092849e-01 1.0148549363e+01 7.4789433878e-03 7.8631437735e-03
2.9333590949e+01 2.1648490899e+01 2.1887300581e+01 7.3801025374e-01 3.9278540029e-02 1.7921152546e+02 1.8759239525e+00 -9.9978157148e-01 1.1962518897e+01 2.6084795188e-02 1.0000000000e+00
6.4628363829e+01 4.4790395681e+01 4.6681680167e+01 6.9304548386e-01 1.3061260522e-01 6.3403117984e+02 3.8512532875e+00 -8.0233163394e-01 9.4368321609e+00 1.1770157479e-02 1.0000000000e+00
8.2381928255e+01 6.8060583919e+01 6.5127207769e+01 8.2615915117e-01 7.7644728088e-02 3.6396583141e+02 2.0490385899e+00 -7.5738699670e-01 1.9092504083e+01 1.2479312184e-02 1.0000000000e+00
2.5941263991e+01 1.3760893235e+01 1.6286202642e+01 5.3046348240e-01 1.4691847495e-02 6.5827985579e+01 1.3360448070e+01 -5.3421716064e-01 8.5774744366e+00 1.5254276211e-02 1.7431640085e-02
3.8805432703e+01 3.2601792659e+01 3.0940831112e+01 8.4013475402e-01 1.5675897216e-02 7.0288995433e+01 2.1462262166e+01 -2.5185860123e-01 9.9455878518e+00 8.5455098896e-03 9.2326974220e-03
5.0727964885e+01 4.3036219047e+01 4.0648220119e+01 8.4837267068e-01 3.4388168819e-02 1.5634199908e+02 2.5724985456e+01 9.1279912400e-01 1.1516975333e+01 6.6559399089e-03 7.0914126660e-03
2.8642140225e+01 1.1344631101e+01 1.5370720984e+01 3.9608182253e-01 8.9348855565e-03 3.9859981849e+01 2.8428946714e+00 3.3909506316e-01 1.7026565870e+01 2.8357118189e-02 1.0000000000e+00
3.9787049495e+01 3.8677255850e+01 3.4149472975e+01 9.7210666136e-01 1.1419501419e-01 5.4851710017e+02 3.3101132934e+00 -9.8607767414e-01 8.5037506061e+00 1.5284946074e-02 1.0000000000e+00
8.4634693221e+01 4.2239295622e+01 5.1438054730e+01 4.9907778967e-01 5.3742726397e-02 2.4776086842e+02 4.0102704380e+00 -6.2846089206e-01 2.0163583710e+01 1.1401675234e-02 1.0685944817e-01
3.9074524968e+01 3.7315736661e+01 3.3240215939e+01 9.5498887554e-01 6.6897187372e-03 2.9793122840e+01 5.0858862558e+01 6.2601169617e-01 2.4229686167e+01 5.9454342864e-03 6.1308991329e-03
4.6848023337e+01 3.8232415471e+01 3.6805088030e+01 8.1609452754e-01 3.3768332066e-02 1.5345453656e+02 2.3544234929e+01 9.8093234884e-01 1.2243685670e+01 7.3241477455e-03 7.8538357061e-03
3.6877076677e+01 1.7630629172e+01 2.1903978154e+01 4.7809183267e-01 2.6026690875e-02 1.1760337919e+02 9.8693845171e+00 -7.5497739014e-01 1.0067924889e+01 1.4101357782e-02 1.7135528241e-02
3.3393765599e+01 2.4718501104e+01 2.4955079216e+01 7.4021305056e-01 1.8412695652e-02 8.2729799790e+01 8.1494872048e+00 6.8171642833e-01 1.6367144248e+01 1.4030403587e-02 1.8071579326e-02
3.9184736837e+01 2.5841993549e+01 2.7583373830e+01 6.5949131307e-01 3.6813456152e-02 1.6766418473e+02 5.3254357664e+00 7.1936395190e-01 1.1704265395e+01 1.5286922189e-02 2.5752460482e-02
8.6073159174e+00 4.6000000000e+00 5.4251585102e+00 5.3442908848e-01 2.9590605067e-03 1.3140957832e+01 8.1353559616e+01 7.3721747301e-01 8.3881223764e+00 1.5513856118e-02 1.5809963071e-02
6.5772163418e+01 6.1018212306e+01 5.5142151401e+01 9.2772092531e-01 1.3326422699e-01 6.4799153682e+02 3.9303068871e+00 5.9569257770e-01 8.9613004839e+00 1.0510575972e-02 1.0000000000e+00
8.4329968619e+01 7.2945496301e+01 6.8242677459e+01 8.6500087093e-01 1.5653482653e-01 7.7225396935e+02 6.4114553208e+00 -8.6158553801e-01 8.7384190320e+00 7.5605393375e-03 1.0909549132e-02
4.7578407061e+01 3.8489875215e+01 3.7212188595e+01 8.0897780302e-01 3.8149338681e-02 1.7391702026e+02 4.3565463408e+00 5.5117639395e-01 1.5212526655e+01 1.3658459308e-02 3.4916973716e-02
2.7629502324e+01 2.4510518391e+01 2.2646500197e+01 8.8711400239e-01 4.0791372043e-02 1.8631778139e+02 6.5835795512e+00 -8.0276389199e-01 8.2744760588e+00 1.5931969759e-02 2.2626092946e-02
2.7935743471e+01 2.7153712339e+01 2.3976178965e+01 9.7200607415e-01 3.0150264402e-02 1.3665034541e+02 2.7526219796e+01 9.5901141018e-01 8.3071539559e+00 9.0487884333e-03 9.5976154056e-03
7.7877388896e+01 6.6849464563e+01 6.2776307217e+01 8.5839375858e-01 1.5723544938e-01 7.7604332714e+02 1.3857390148e+00 -8.9221229377e-01 9.8454030634e+00 1.4142600307e-02 1.0000000000e+00
7.7135970822e+01 7.2637650729e+01 6.5157464706e+01 9.4168323747e-01 1.7004257553e-01 8.4579963450e+02 9.2390915488e-01 -9.0491686081e-01 8.7908849626e+00 1.5975560893e-02 1.0000000000e+00
1.4143947176e+01 1.3303315307e+01 1.1940389642e+01 9.4056596376e-01 3.9906674337e-03 1.7736213283e+01 6.2881005744e+01 8.1249238031e-01 1.8505486098e+01 1.0429376096e-02 1.0689623923e-02
3.5945681018e+01 3.2239233452e+01 2.9626557700e+01 8.9688754084e-01 5.2985607323e-02 2.4413925347e+02 2.8806549493e+00 -7.1864029297e-01 1.0778715367e+01 1.8230423585e-02 1.0000000000e+00
3.6233540493e+01 3.4689436914e+01 3.0862238403e+01 9.5738468949e-01 2.8160193912e-02 1.2744412091e+02 2.0690102775e+01 -5.5247005413e-01 8.1816075600e+00 8.6115161480e-03 9.3340147784e-03
4.5565093426e+01 4.0293244503e+01 3.7287409058e+01 8.8430071077e-01 3.6571677758e-02 1.6653374322e+02 4.2575328522e+00 -4.4467079317e-01 1.4201501539e+01 1.3772428427e-02 3.9435062901e-02
4.9553481353e+01 3.9341634131e+01 3.8386663004e+01 7.9392270848e-01 1.0278400440e-01 4.9002716456e+02 4.0064472122e+00 8.2497844583e-01 9.4845770292e+00 1.3311184323e-02 1.4850360442e-01
3.1750633587e+01 2.3454330941e+01 2.3702253566e+01 7.3870434356e-01 3.4208552237e-02 1.5550500984e+02 3.9791476023e+00 3.9977530804e-01 9.1485534161e+00 1.8776985532e-02 1.0000000000e+00
3.4922181541e+01 3.3457563990e+01 2.9755819370e+01 9.5806053671e-01 6.2759018164e-02 2.9117096934e+02 4.2812503642e+00 -8.1266308580e-01 9.8152852262e+00 1.5580362679e-02 4.3252044142e-02
3.6422534088e+01 3.1194035289e+01 2.9326106273e+01 8.5644879112e-01 5.6617091196e-02 2.6154356391e+02 5.5341554556e+00 -9.1138363215e-01 1.0033437762e+01 1.4331576394e-02 2.3186607351e-02
7.7742146705e+01 5.1200393064e+01 5.4686313802e+01 6.5859247827e-01 7.1749991181e-02 3.3497255999e+02 9.0880408082e+00 -7.0943309863e-01 1.0307236767e+01 7.9893565907e-03 9.9307417128e-03
3.2815932084e+01 1.6053770405e+01 1.9732819169e+01 4.8920659525e-01 2.1023144325e-02 9.4642784851e+01 7.0499592500e+00 4.2230440634e-01 8.2356300617e+00 1.7128144326e-02 2.3451467670e-02
3.7432820968e+01 2.9948692014e+01 2.9111869677e+01 8.0006505626e-01 5.6308904013e-02 2.6006326537e+02 3.3272773190e+00 -8.1561111965e-01 1.1498686312e+01 1.7427063705e-02 1.0000000000e+00
3.6526391062e+01 3.5863483031e+01 3.1507937389e+01 9.8185125847e-01 8.6331331133e-02 4.0708527936e+02 3.4592891881e+00 -9.5357787612e-01 9.8204382435e+00 1.6062448288e-02 1.0000000000e+00
9.1592841861e+00 4.6000000000e+00 5.5853764731e+00 5.0222265261e-01 7.4369091952e-03 3.3139593107e+01 3.0762468842e+00 -7.1865538949e-01 9.1873096096e+00 5.1879269784e-02 1.0000000000e+00
3.0366819158e+01 1.9513936003e+01 2.1089190204e+01 6.4260717926e-01 9.1526365539e-03 4.0838139815e+01 1.1902703825e+02 -9.0164731867e-01 1.0473021446e+01 5.7351285386e-03 5.8091192202e-03
4.3507526492e+01 3.2262956416e+01 3.2543264936e+01 7.4154885413e-01 5.3369962803e-02 2.4597732613e+02 1.6560037686e+00 5.2214434855e-01 8.2438723305e+00 2.1152975444e-02 1.0000000000e+00
5.9831424368e+01 5.4119392662e+01 4.9525157460e+01 9.0453124313e-01 1.0482292738e-01 5.0042063153e+02 5.8286347375e+00 -7.9723993592e-01 8.9286142950e+00 9.8516525897e-03 1.5215948912e-02
3.0366947223e+01 3.0179095796e+01 2.6354043712e+01 9.9381395089e-01 4.1928502558e-02 1.9166904560e+02 5.2645070757e+00 -7.9950136312e-01 1.0726969588e+01 1.5748288511e-02 2.6885742277e-02
3.5720789792e+01 3.5598397256e+01 3.1043424374e+01 9.9657363298e-01 4.2773243589e-02 1.9564978008e+02 3.1369046279e+00 -8.6512219238e-01 1.6947250665e+01 1.7253732550e-02 1.0000000000e+00
5.3572655116e+01 4.5553090259e+01 4.2977318603e+01 8.5030488335e-01 9.4626898547e-02 4.4869843208e+02 1.5968265246e+00 -7.1305048170e-01 8.4040413829e+00 1.7594753885e-02 1.0000000000e+00
1.1213433862e+01 8.7798934557e+00 8.6250119961e+00 7.8297991173e-01 3.3119252077e-03 1.4711969069e+01 1.2477960380e+02 4.8081982732e-01 8.2515119551e+00 9.8882534816e-03 1.0009810172e-02
7.6817589324e+01 7.0941430774e+01 6.4254799083e+01 9.2350503834e-01 1.9357187655e-01 9.7633329577e+02 3.4255235810e+00 -8.9347899539e-01 1.0382657508e+01 9.7370363311e-03 1.0000000000e+00
1.4157202366e+01 8.0659746325e+00 9.2303750145e+00 5.6974354284e-01 3.2822027812e-03 1.4579607416e+01 2.7539712889e+02 -9.9065076399e-01 1.1201668844e+01 7.0434336994e-03 7.0821845676e-03
4.0372724408e+01 3.7826353486e+01 3.4016466122e+01 9.3692843475e-01 4.1874162355e-02 1.9141313291e+02 5.5879470111e+00 -5.6440603186e-01 1.0804413471e+01 1.3129882802e-02 2.1045873321e-02
6.7184771620e+01 4.7019906284e+01 4.8774719894e+01 6.9985958352e-01 5.1030900673e-02 2.3480608493e+02 1.6115642419e+01 7.0623069066e-01 9.4181742595e+00 7.0076348969e-03 7.7989189587e-03
4.2192144623e+01 3.3572125406e+01 3.2721512801e+01 7.9569611136e-01 7.3294484444e-02 3.4254812649e+02 1.7204449884e+00 7.7241574868e-01 8.3165590591e+00 2.0539282903e-02 1.0000000000e+00
3.4483152742e+01 2.2124312072e+01 2.3928270186e+01 6.4159771692e-01 1.0484855648e-02 4.6829544819e+01 2.4580853644e+01 8.0125009096e-01 2.0971553780e+01 9.5674496870e-03 1.0226364736e-02
2.8113906919e+01 2.4355926748e+01 2.2768455940e+01 8.6633020514e-01 3.9271251161e-02 1.7917732338e+02 1.2615633991e+01 -9.9660211829e-01 8.3565225308e+00 1.2453481485e-02 1.4368087669e-02
4.0825542628e+01 2.6872683742e+01 2.8709811826e+01 6.5823212656e-01 2.7005912895e-02 1.2211629004e+02 9.0203323479e+00 -6.2683090203e-01 1.1957516371e+01 1.2308644672e-02 1.5333595805e-02
1.0546376728e+01 9.1369913312e+00 8.5413007358e+00 8.6636307115e-01 1.1729147418e-02 5.2436294947e+01 1.3090563127e+01 -9.8589483821e-01 8.1094303424e+00 2.3051208413e-02 2.6429048365e-02
6.8690832110e+01 6.7994553246e+01 5.9494843286e+01 9.8986358380e-01 1.1420690822e-01 5.4857847349e+02 3.9956703483e+00 -4.7903247043e-01 9.8617425860e+00 1.0067494283e-02 1.0000000000e+00
2.9845300315e+01 2.5956446597e+01 2.4218272176e+01 8.6969962851e-01 1.1001911769e-02 4.9158124098e+01 2.8213358479e+01 -2.8430563601e-01 1.0195400035e+01 9.0144812563e-03 9.5464224351e-03
3.7134871103e+01 3.1447705943e+01 2.9728963952e+01 8.4685108657e-01 2.4150990290e-02 1.0897660164e+02 7.0789179243e+00 -4.0584211720e-01 1.1603691786e+01 1.3211992298e-02 1.8053299985e-02
3.4135281622e+01 2.2224968227e+01 2.3868888814e+01 6.5108495289e-01 2.3507778840e-02 1.0602368887e+02 2.3107548147e+01 7.3045391036e-01 8.8562569030e+00 9.7288375071e-03 1.0447606064e-02
4.1269873137e+01 3.1382203694e+01 3.1270896763e+01 7.6041434851e-01 2.3260204099e-02 1.0488783149e+02 4.4544092032e+00 -2.2428061829e-01 1.3122458168e+01 1.5237735788e-02 3.5865266399e-02
5.7532790258e+01 5.6352233854e+01 4.9568139764e+01 9.7948028596e-01 6.2792884711e-02 2.9133499943e+02 1.4908821183e+01 8.0725237695e-01 9.1135841588e+00 7.0932859293e-03 7.9748408104e-03
2.2174880719e+01 2.0630483426e+01 1.8617560727e+01 9.3035374973e-01 3.7636382613e-02 1.7151466078e+02 3.1710013192e+00 -9.4227455565e-01 1.0982355437e+01 2.3726960277e-02 1.0000000000e+00
2.2528294746e+01 1.8461613851e+01 1.7736315251e+01 8.1948563171e-01 3.9394552241e-03 1.7507920239e+01 2.8572286199e+00 1.8641525455e-01 3.8961147197e+01 2.5961784752e-02 1.0000000000e+00
3.1226363682e+01 1.7658956436e+01 2.0279450196e+01 5.6551433960e-01 2.9690058306e-02 1.3451907670e+02 1.7372854596e+00 6.2403695123e-01 9.2598449199e+00 2.8321572538e-02 1.0000000000e+00
1.7208811064e+01 7.8066646736e+00 9.9377503315e+00 4.5364346464e-01 1.6190559471e-02 7.2624702433e+01 3.0094513473e+00 9.7267665585e-01 1.1601750209e+01 3.6293050416e-02 1.0000000000e+00
5.4137768771e+01 4.6520223396e+01 4.3663207317e+01 8.5929332613e-01 1.2294569236e-01 5.9389827143e+02 3.9129006873e+00 -8.0278600392e-01 9.2398105769e+00 1.2251441519e-02 1.0000000000e+00
3.3769835815e+01 2.3157072694e+01 2.4258505685e+01 6.8573246318e-01 2.6972922588e-02 1.2196414550e+02 1.0766123791e+01 9.4053237771e-01 1.3034585091e+01 1.2797763518e-02 1.5232769380e-02
3.8188464280e+01 3.5396744376e+01 3.2002153420e+01 9.2689625107e-01 5.5238913227e-02 2.5492854951e+02 1.1739841273e+01 9.1988426908e-01 8.4316261295e+00 1.0243919524e-02 1.1976087821e-02
3.0638534121e+01 2.8103841820e+01 2.5540529901e+01 9.1727109755e-01 2.3938152668e-02 1.0799918410e+02 1.0539752091e+01 4.8966100424e-01 9.3265661131e+00 1.2514675023e-02 1.4967369936e-02
5.4265916746e+01 4.8138960004e+01 4.4478504935e+01 8.8709383146e-01 1.0006213010e-01 4.7619156660e+02 3.8997286401e+00 6.7942591622e-01 9.9726632927e+00 1.2282965319e-02 1.0000000000e+00
6.3195873388e+01 5.1230034703e+01 4.9479254632e+01 8.1065474621e-01 7.3687921494e-02 3.4448028077e+02 5.0691572603e+00 -6.2093666011e-01 1.1055939283e+01 1.0574420371e-02 1.8954698764e-02
4.5403469084e+01 3.7291710536e+01 3.5786956529e+01 8.2134055588e-01 8.7042131492e-02 4.1063429806e+02 4.1680592474e+00 8.2584515005e-01 9.3997489524e+00 1.3826541852e-02 4.6093572921e-02
1.2250400188e+01 1.1795528025e+01 1.0464350759e+01 9.6286879158e-01 1.0045490899e-02 4.4852264327e+01 2.6106000182e+01 8.2009629471e-01 8.3472172297e+00 1.5689527060e-02 1.6699219195e-02
3.5855760714e+01 3.3677774932e+01 3.0248408960e+01 9.3925701927e-01 3.0526220626e-02 1.3839247741e+02 5.9980038777e+00 -3.8432982710e-01 9.8289025293e+00 1.3853746152e-02 2.0921659583e-02
6.2216247005e+01 2.8108823658e+01 3.5849757860e+01 4.5179233740e-01 3.3353891617e-02 1.5152530172e+02 6.2387010416e+00 -1.7518647685e-01 8.5688308751e+00 1.2254648565e-02 1.7997518918e-02
2.0318986533e+01 1.8395356354e+01 1.6826421753e+01 9.0532843871e-01 1.2439803658e-02 5.5643162284e+01 9.5925638557e-01 3.5860337696e-01 1.0587011269e+01 4.0187835663e-02 1.0000000000e+00
4.1948049734e+01 3.4182805502e+01 3.2930592530e+01 8.1488426085e-01 6.8284495008e-02 3.1802921709e+02 4.5835351007e+00 6.5157123740e-01 8.0484070566e+00 1.4208279392e-02 3.0776312264e-02
4.0757111397e+01 3.9705994427e+01 3.5020014843e+01 9.7421021918e-01 1.9799740276e-02 8.9054037025e+01 1.5900983882e+01 -3.5828231016e-02 8.7064621159e+00 8.8280997102e-03 9.8414174419e-03
4.0825535856e+01 3.8551467729e+01 3.4533829972e+01 9.4429789886e-01 3.5663691208e-02 1.6229183837e+02 2.0810528717e+00 1.5264276306e-01 9.0609287765e+00 1.8908187028e-02 1.0000000000e+00
4.3204772099e+01 4.0697338442e+01 3.6500940829e+01 9.4196396519e-01 6.9555566777e-02 3.2423490949e+02 9.4637062072e+00 -9.9036978631e-01 9.1650668884e+00 1.0143915958e-02 1.2464385115e-02
1.0444852238e+01 5.7106606695e+00 6.6632950329e+00 5.4674403615e-01 3.0192893207e-03 1.3409046587e+01 1.7322380003e+02 -7.5936236116e-01 8.5342037072e+00 1.0275878303e-02 1.0366299368e-02
6.3956759863e+01 5.0505219874e+01 4.9408467232e+01 7.8967758815e-01 7.6903720555e-02 3.6030925073e+02 6.7379222480e+00 -5.7947623820e-01 8.6245551176e+00 9.4948275916e-03 1.3309183557e-02
2.7279780093e+01 2.5843096773e+01 2.3112926282e+01 9.4733523087e-01 2.7081261200e-02 1.2246380794e+02 7.0062291557e+00 9.9208648500e-01 1.5119364407e+01 1.5495363866e-02 2.1281396569e-02
3.1474664692e+01 2.6392205468e+01 2.5071255269e+01 8.3852221228e-01 2.7119955875e-02 1.2264228827e+02 2.2628790971e+00 -3.2321013681e-01 9.7091796555e+00 2.2499582410e-02 1.0000000000e+00
4.0574798958e+01 3.3604032296e+01 3.2116829396e+01 8.2819960072e-01 1.0363608981e-01 4.9436763633e+02 3.7036259022e+00 9.5083733664e-01 8.5687072919e+00 1.5318331953e-02 1.0000000000e+00
3.6383723555e+01 3.5970280083e+01 3.1493292308e+01 9.8863658164e-01 2.5224136881e-02 1.1390939942e+02 4.7443030534e+00 -2.7231654461e-01 1.2316175537e+01 1.4798170624e-02 2.9639202489e-02
3.8954681182e+01 3.8843720831e+01 3.3863680017e+01 9.9715155285e-01 4.9069808429e-02 2.2546710583e+02 6.2146008633e+00 -5.5754846912e-01 8.6702879430e+00 1.2598075013e-02 1.8550189735e-02
2.0238528329e+01 1.4242287839e+01 1.4734645960e+01 7.0372151611e-01 6.6318790257e-03 2.9534231132e+01 3.6535869244e+01 -6.3770556213e-01 1.3876413807e+01 1.1191658782e-02 1.1689026602e-02
2.1744499967e+01 1.2984860119e+01 1.4532243431e+01 5.9715606885e-01 6.7141784081e-03 2.9902611616e+01 8.8627835591e+01 -9.4636562713e-01 1.3547153333e+01 8.0966927356e-03 8.2381368016e-03
7.7300756954e+01 6.1975426155e+01 6.0181996320e+01 8.0174410442e-01 2.0146677713e-01 1.0208093360e+03 3.9020585830e+00 -8.9184268230e-01 9.5061798287e+00 9.6205322769e-03 1.0000000000e+00
1.7433114024e+01 1.4732139589e+01 1.3941422266e+01 8.4506643901e-01 2.3035432007e-02 1.0385694325e+02 7.1675810626e+00 -8.8050305331e-01 8.3769842907e+00 2.1124304296e-02 2.8692886684e-02
8.0012438063e+01 7.5844889245e+01 6.7811734096e+01 9.4791373793e-01 1.2268025253e-01 5.9251501544e+02 3.1643271605e+00 -9.8114286087e-01 1.8234568191e+01 1.0077194527e-02 1.0000000000e+00
8.2659773417e+01 9.3926010644e+00 2.1940223799e+01 1.1362964930e-01 7.5870316308e-03 3.3812406791e+01 2.9560429749e+01 2.8311140359e-01 1.3056820690e+01 9.4422816387e-03 9.9713835610e-03
3.4879695302e+01 2.2642274600e+01 2.4351677928e+01 6.4915345170e-01 1.4984238799e-02 6.7152811564e+01 3.5313464268e+01 6.2567854323e-01 1.0471474285e+01 8.2380704755e-03 8.6179497135e-03
3.5914190773e+01 3.5769491802e+01 3.1202058840e+01 9.9597098062e-01 1.5267260851e-02 6.8435730402e+01 3.1386874662e+01 -9.9958048496e-01 2.0550733486e+01 7.3733176606e-03 7.7600593777e-03
4.4548895967e+01 4.3175428985e+01 3.8178613916e+01 9.6916944961e-01 7.8061438174e-03 3.4794689357e+01 1.5881475210e+02 8.6399163946e-01 1.0896628586e+01 3.5549905727e-03 3.5891605917e-03
8.2393709536e+01 8.0819074462e+01 7.1038522913e+01 9.8088889210e-01 9.4496527819e-02 4.4804118811e+02 8.0118309975e+00 -7.0940889258e-01 1.0843053051e+01 7.0198629169e-03 9.0985997899e-03
3.7203886962e+01 2.8476320487e+01 2.8285014765e+01 7.6541250963e-01 3.8900788424e-02 1.7743943022e+02 1.3383664741e+01 7.8284991024e-01 8.4821253427e+00 1.0638332158e-02 1.2153448034e-02
3.2758545562e+01 3.0240834590e+01 2.7395786635e+01 9.2314338354e-01 2.9528837896e-02 1.3377277575e+02 1.9809201549e+00 7.1142782542e-01 1.5621532598e+01 2.2343139495e-02 1.0000000000e+00
7.9851826687e+01 7.5727766949e+01 6.7691397004e+01 9.4835359554e-01 1.7694597759e-01 8.8378112519e+02 3.4937192340e+00 -8.3324288147e-01 1.1305490394e+01 9.4380329433e-03 1.0000000000e+00
2.9571088629e+01 2.4394790776e+01 2.3360105223e+01 8.2495409898e-01 5.6234575938e-02 2.5970634024e+02 3.7970220661e+00 9.7846879046e-01 1.0723574437e+01 1.9031919339e-02 1.0000000000e+00
3.3217033333e+01 3.0564649214e+01 2.7733773256e+01 9.2014987937e-01 3.3172820114e-02 1.5068276100e+02 5.9443834676e+00 -6.3951061461e-01 1.1262385443e+01 1.4651833614e-02 2.2278647135e-02
4.0929203705e+01 2.8354399627e+01 2.9557395138e+01 6.9276695026e-01 8.9600054674e-03 3.9972806553e+01 1.3416330468e+01 -1.2731049972e-01 1.7828870681e+01 1.0531021993e-02 1.2026175590e-02
2.7350018215e+01 2.4786808928e+01 2.2660945365e+01 9.0628125849e-01 1.5770956596e-02 7.0720272897e+01 7.7149855585e+01 -9.7389616885e-01 9.0963297268e+00 6.4250119489e-03 6.5545752888e-03
7.3619157119e+01 4.5954355729e+01 5.0357425153e+01 6.2421735765e-01 7.1124770787e-02 3.3191017972e+02 7.6171968514e+00 -6.7463223288e-01 1.0031269851e+01 8.9909961984e-03 1.1887525244e-02
2.7132763951e+01 1.4891623947e+01 1.7344483798e+01 5.4884286666e-01 2.7997090030e-02 1.2669074669e+02 5.0300219913e+00 8.0846080958e-01 9.8248076508e+00 2.0982693962e-02 3.8030542131e-02
5.9956917818e+01 5.1535065558e+01 4.8363369519e+01 8.5953493664e-01 1.6169158967e-01 8.0020968466e+02 3.6797244979e+00 8.6849631303e-01 8.5842366832e+00 1.1514242753e-02 1.0000000000e+00
3.8088384564e+01 3.1802195046e+01 3.0273738951e+01 8.3495783322e-01 3.0951655951e-02 1.4036501040e+02 1.7455351829e+00 -3.4194802642e-01 1.0350772113e+01 2.1991623364e-02 1.0000000000e+00
3.2719076194e+01 2.7407205319e+01 2.6048732905e+01 8.3765217441e-01 3.9907160148e-02 1.8216254651e+02 1.2920411854e+01 -9.6717746358e-01 9.2774252169e+00 1.1342371740e-02 1.3032813221e-02
3.7575849902e+01 2.9089257568e+01 2.8734599805e+01 7.7414769443e-01 2.1826212428e-02 9.8316766530e+01 2.8099991629e+01 9.6937323703e-01 1.3710641469e+01 8.0592021880e-03 8.5369067675e-03
3.4052245733e+01 3.1604381552e+01 2.8554865514e+01 9.2811445683e-01 4.8649229959e-02 2.2346748027e+02 4.8823194560e+00 -7.1605407517e-01 9.7178188416e+00 1.5345885200e-02 2.9148557758e-02
4.5597388466e+01 3.1369961170e+01 3.2810365179e+01 6.8797714575e-01 9.1635524674e-02 4.3364406643e+02 3.2444247320e+00 -8.6631221759e-01 8.7633061892e+00 1.5993320907e-02 1.0000000000e+00
7.5905253701e+01 2.8727077443e+01 3.9737888656e+01 3.7845967232e-01 4.7667486949e-02 2.1880425489e+02 1.3479710915e+01 -6.2857513621e-01 8.3568887764e+00 8.5339062345e-03 9.7382276671e-03
2.8597911822e+01 2.1582371375e+01 2.1585070370e+01 7.5468347162e-01 2.2778061884e-02 1.0267695991e+02 2.3312951954e+01 8.6393872852e-01 9.4586233213e+00 1.0330289005e-02 1.1085829629e-02
5.6994494985e+01 4.2483050548e+01 4.2744884726e+01 7.4538866534e-01 5.6898529357e-02 2.6289591025e+02 1.7776539239e+01 9.7107787676e-01 9.5473961991e+00 7.3097855265e-03 8.0430318881e-03
4.3555044862e+01 2.8170274028e+01 3.0350316521e+01 6.4677407903e-01 7.0029630524e-02 3.2655201178e+02 9.4508803819e-01 9.3114908562e-01 8.0429011849e+00 2.7001895375e-02 1.0000000000e+00
2.8368264418e+01 1.9906245703e+01 2.0622898337e+01 7.0170826843e-01 2.0681269792e-02 9.3080033105e+01 7.5704823423e+00 8.9334054750e-01 1.5036854043e+01 1.6226487054e-02 2.1509150363e-02
8.0962108627e+01 3.6058621939e+01 4.6293711465e+01 4.4537651688e-01 2.9231348662e-02 1.3239612587e+02 1.5096029117e+01 3.9484046196e-01 1.1066734843e+01 7.5175329855e-03 8.4374462420e-03
9.9222923492e+00 4.6000000000e+00 5.7971545049e+00 4.6360254648e-01 7.4617151778e-03 3.3250757237e+01 3.6539814720e+00 9.5376397771e-01 1.3001819005e+01 4.7517788864e-02 1.0000000000e+00
2.5577137975e+01 2.2580248843e+01 2.0912975057e+01 8.8282937929e-01 1.5550738849e-02 6.9721253222e+01 4.9771397633e+00 -9.9361978921e-02 9.9373823891e+00 1.8884474347e-02 3.4772713459e-02
6.9581661788e+01 6.8055920256e+01 5.9905820051e+01 9.7807264883e-01 1.5473661301e-01 7.6254099172e+02 1.4390047689e+00 9.8113751705e-01 1.0430687691e+01 1.4377303296e-02 1.0000000000e+00
2.5582061826e+01 1.8705069728e+01 1.8996842189e+01 7.3117913072e-01 3.7008936104e-03 1.6444697914e+01 2.3273393058e+01 6.7274574554e-01 4.0330393891e+01 1.1328431301e-02 1.2158579743e-02
6.2326196275e+01 4.5638349658e+01 4.6317392276e+01 7.3224987864e-01 2.8806997779e-02 1.3043342480e+02 1.0608409480e+01 -2.3863136650e-02 9.6149875039e+00 8.5803130616e-03 1.0246738013e-02
3.0097602273e+01 1.9757708002e+01 2.1135804942e+01 6.5645455150e-01 3.0900096095e-02 1.4012588949e+02 7.6191147870e-01 -6.7701530812e-01 8.0556769166e+00 3.7567253164e-02 1.0000000000e+00
1.2236245690e+01 1.0960203789e+01 1.0078497388e+01 8.9571622430e-01 7.3835890863e-03 3.2900661437e+01 3.1940436969e+01 8.2826416013e-01 1.0312046134e+01 1.4916734538e-02 1.5684263619e-02
3.1830484181e+01 2.8767350692e+01 2.6336280921e+01 9.0376729830e-01 5.4445352888e-02 2.5112510878e+02 4.2880841055e+00 6.6807531265e-01 8.1950449322e+00 1.6888280375e-02 4.6490522739e-02
3.4916027016e+01 2.8481524070e+01 2.7424475547e+01 8.1571491674e-01 7.4800849171e-02 3.4995107401e+02 2.7888163032e+00 -9.1927750266e-01 8.6585615628e+00 1.9119292606e-02 1.0000000000e+00
2.5683259798e+01 2.5046847349e+01 2.2079476511e+01 9.7522072923e-01 2.5955454737e-02 1.1727532264e+02 4.9635189998e+00 5.9694739168e-01 1.1255322756e+01 1.8157301769e-02 3.3575681664e-02
3.3356597988e+01 9.4766202639e+00 1.4912312509e+01 2.8410032304e-01 3.0733807852e-03 1.3649837915e+01 1.0019577197e+02 2.9681315189e-01 1.3210578421e+01 7.6261203727e-03 7.7435246525e-03
4.1419345132e+01 3.0651720508e+01 3.0948717893e+01 7.4003392402e-01 3.4692293559e-02 1.5775966143e+02 2.3147942864e+01 -7.7239991936e-01 8.2317309605e+00 8.2095607206e-03 8.8148773507e-03
2.0612749110e+01 1.8627722380e+01 1.7054168947e+01 9.0369907867e-01 2.5887796792e-02 1.1696377543e+02 1.1616186936e+01 -8.9351914284e-01 8.2140959585e+00 1.5512806680e-02 1.8173460415e-02
7.3613684193e+01 7.3406957155e+01 6.3994375155e+01 9.9719173086e-01 1.2668871290e-01 6.1344812344e+02 6.5799021147e+00 7.4813509618e-01 8.7109797755e+00 7.9226845442e-03 1.1255205808e-02
4.0940769252e+01 1.7755034802e+01 2.3076243055e+01 4.3367614059e-01 7.2401944404e-03 3.2258193756e+01 1.3452059731e+02 6.8715202978e-01 9.9239014644e+00 5.1842818248e-03 5.2433005530e-03
9.4057418354e+00 9.0489530021e+00 8.0310708724e+00 9.6206691194e-01 1.5122992174e-03 6.7085724755e+00 2.2008727363e+02 3.2791793491e-01 1.1058188862e+01 8.3666972268e-03 8.4244431856e-03
3.9462845683e+01 2.6970242695e+01 2.8298737700e+01 6.8343380283e-01 7.0071109704e-02 3.2675481864e+02 5.1901389160e+00 9.6998615843e-01 8.5729785525e+00 1.4893312787e-02 2.5872256472e-02
9.7010889592e+00 4.6000000000e+00 5.7368457068e+00 4.7417357158e-01 2.6456244773e-03 1.1746197619e+01 1.5502724862e+02 -9.2957362002e-01 1.0257289121e+01 1.1766026790e-02 1.1881933193e-02
4.0093248760e+01 3.7484748808e+01 3.3744873079e+01 9.3493917224e-01 5.9739914104e-02 2.7657742515e+02 4.3166713342e+00 -8.4290106082e-01 1.2337279756e+01 1.4383363044e-02 3.8310077382e-02
1.0745495111e+01 6.6456285665e+00 7.3146233563e+00 6.1845717650e-01 2.0250052624e-03 8.9864682859e+00 4.1297472145e+02 -6.8203084962e-01 8.7073511871e+00 7.0029393050e-03 7.0285459537e-03
6.0805412596e+01 5.7573575121e+01 5.1504400750e+01 9.4684950997e-01 1.1397838013e-01 5.4739941377e+02 2.5177717382e+00 6.3968218817e-01 9.0615970707e+00 1.3102040035e-02 1.0000000000e+00
4.3357250804e+01 4.2981504201e+01 3.7580698830e+01 9.9133370782e-01 6.5114412673e-02 3.0259646976e+02 8.8533589640e+00 -7.6601235424e-01 8.1823396273e+00 1.0239518142e-02 1.2828596403e-02
4.7305903058e+01 4.0608774365e+01 3.8133691982e+01 8.5842932361e-01 3.1676185910e-02 1.4372703583e+02 3.4003224497e+00 7.3024879215e-01 2.5859557761e+01 1.4818970785e-02 1.0000000000e+00
2.9259420864e+01 2.6707193848e+01 2.4330474740e+01 9.1277246985e-01 3.5052493219e-02 1.5943949755e+02 5.7233577040e+00 7.0255691899e-01 9.9562430277e+00 1.6110390228e-02 2.5268784841e-02
2.8426562529e+01 2.4902331882e+01 2.3151871411e+01 8.7602332699e-01 1.1101207167e-02 4.9605509924e+01 4.4481718915e+01 -4.2329732849e-01 9.3806406817e+00 7.8160926882e-03 8.0972152063e-03
3.5687817154e+01 3.2508828708e+01 2.9645595690e+01 9.1092230628e-01 5.3760391867e-02 2.4784541356e+02 1.0341516412e+00 8.0347275588e-01 9.0075500292e+00 2.6746248541e-02 1.0000000000e+00
6.7442265965e+01 3.0290565165e+01 3.8737859719e+01 4.4913326578e-01 8.1318559847e-02 3.8214524414e+02 1.9051050114e+00 -8.5136020143e-01 1.0414095061e+01 1.7707014730e-02 1.0000000000e+00
8.2226456944e+01 8.1673478225e+01 7.1341103190e+01 9.9327492950e-01 1.0620808522e-01 5.0749583732e+02 6.9596691933e+00 -9.6570634741e-01 1.4058486864e+01 7.3318675913e-03 1.0103437232e-02
2.9448554704e+01 2.8788884857e+01 2.5347366368e+01 9.7759924542e-01 4.7629247821e-02 2.1862274691e+02 2.1833867468e+00 -6.6334775646e-01 8.5834853353e+00 2.2369638013e-02 1.0000000000e+00
2.8332838734e+01 2.0280929547e+01 2.0810135610e+01 7.1581000894e-01 1.6664393719e-02 7.4776683759e+01 1.1051694045e+01 5.0263688632e-01 1.0434218050e+01 1.4035474370e-02 1.6611271158e-02
9.1924619109e+00 6.4125502801e+00 6.6623086849e+00 6.9758790869e-01 1.3669309062e-03 6.0630421207e+00 1.2429750720e+02 -4.9747109147e-01 1.5312101356e+01 1.1650943288e-02 1.1794736959e-02
5.2173160045e+01 4.8319158043e+01 4.3703209011e+01 9.2613056217e-01 1.3481450871e-01 6.5617254216e+02 2.5175055854e+00 9.9916074203e-01 9.3649093942e+00 1.4351852016e-02 1.0000000000e+00
8.2031721203e+01 7.8407195500e+01 6.9813707539e+01 9.5581555952e-01 9.7290133205e-02 4.6214743337e+02 3.3560710638e+00 -1.7461472280e-01 9.3580176208e+00 9.8190665186e-03 1.0000000000e+00
3.6234180902e+01 3.6045792566e+01 3.1461557574e+01 9.9480081151e-01 6.0293985480e-02 2.7925131852e+02 8.2644250409e+00 -9.2760968838e-01 8.7854585761e+00 1.1775027437e-02 1.5091033660e-02
8.2054749867e+01 7.0171753984e+01 6.6017880952e+01 8.5518210826e-01 6.1453259048e-02 2.8485217206e+02 1.1240868274e+01 8.9829991681e-01 1.5427618784e+01 6.5977257886e-03 7.7807724779e-03
4.8700137223e+01 3.2281569040e+01 3.4372688917e+01 6.6286402628e-01 5.8995793586e-02 2.7298944753e+02 3.0881023724e+00 9.6180926940e-01 1.5502564282e+01 1.6128501557e-02 1.0000000000e+00
9.3505734344e+00 5.2798610593e+00 6.0677125555e+00 5.6465639208e-01 2.6149017901e-03 1.1609520474e+01 3.9904999476e+01 8.3783757507e-01 1.4800506145e+01 1.8898878400e-02 1.9662474615e-02
7.0211146930e+01 6.0253420433e+01 5.6589277383e+01 8.5817456440e-01 5.9835359499e-02 2.7703789589e+02 8.7759070601e+00 4.8158142712e-01 9.8301620105e+00 7.9790905118e-03 1.0024020526e-02
2.3035416378e+01 1.5303437400e+01 1.6277331562e+01 6.6434385854e-01 2.3094183744e-02 1.0412636818e+02 1.0992146912e+01 9.6602123981e-01 9.5329491384e+00 1.6333453873e-02 1.9353299729e-02
8.3877659025e+01 8.0043714185e+01 7.1327500165e+01 9.5429122744e-01 1.0810811274e-01 5.1721974350e+02 5.1028844424e+00 4.4478413294e-01 9.2694081335e+00 8.2288734167e-03 1.4615797856e-02
4.3438061712e+01 3.8425706440e+01 3.5553063858e+01 8.8460914058e-01 6.1029627496e-02 2.8280447052e+02 3.3873484787e+00 7.4377481426e-01 1.2654029736e+01 1.5235104902e-02 1.0000000000e+00
3.4521030734e+01 3.3129683032e+01 2.9439209525e+01 9.5969565009e-01 2.2183279148e-02 9.9951698312e+01 2.8035941271e+01 -5.4387549877e-01 8.5209575692e+00 7.9431587396e-03 8.4151816392e-03
8.3408984902e+01 7.7247382266e+01 6.9868010316e+01 9.2612783092e-01 1.4943946330e-01 7.3403572320e+02 7.8907211490e+00 9.8355324289e-01 9.2600306515e+00 6.9186949463e-03 9.0194831973e-03
4.2595964685e+01 2.8299349972e+01 3.0099788509e+01 6.6436692257e-01 5.6165831565e-02 2.5937625959e+02 8.8924977464e+00 8.7702372890e-01 8.2302696271e+00 1.1805981767e-02 1.4771072567e-02
3.1014635068e+01 1.4602657943e+01 1.8271459962e+01 4.7083120309e-01 9.0205797930e-03 4.0244890304e+01 2.5524743721e+01 -6.7091215640e-01 1.5332200132e+01 1.1175434692e-02 1.1913056467e-02
3.7686404957e+01 3.1173367214e+01 2.9811782172e+01 8.2717805666e-01 3.2175208075e-02 1.4604464658e+02 2.2924768495e+01 -8.1865572533e-01 9.0463669507e+00 8.4473022105e-03 9.0770750334e-03
5.2029550325e+01 4.2808508695e+01 4.1046069040e+01 8.2277299010e-01 5.9451953645e-02 2.7518852806e+02 1.0774238646e+00 -7.1566505567e-01 1.1266892439e+01 2.1419298737e-02 1.0000000000e+00
3.3321532816e+01 1.1026946770e+01 1.6208111007e+01 3.3092555589e-01 2.0682591791e-02 9.3086074630e+01 9.1362579612e+00 7.5933170492e-01 9.0134206762e+00 1.7578959543e-02 2.1816683881e-02
2.9698964878e+01 2.8266033810e+01 2.5221478757e+01 9.5175148111e-01 7.6234575389e-03 3.3975682126e+01 2.2518414416e+00 8.6016915065e-01 6.5821534462e+01 2.2727468034e-02 1.0000000000e+00
3.7619294806e+01 3.3398691044e+01 3.0846819182e+01 8.8780747264e-01 4.0152749762e-02 1.8331615166e+02 2.7639064478e+01 -9.7513075605e-01 8.0841478394e+00 7.6719770954e-03 8.1351804894e-03
3.9481529468e+01 1.9111696062e+01 2.3607306456e+01 4.8406676031e-01 2.5310955039e-02 1.1430879881e+02 3.2287110269e+01 -9.2412317349e-01 8.7751333749e+00 8.6316938726e-03 9.0706049377e-03
3.1990936704e+01 1.5885134192e+01 1.9390410639e+01 4.9655108067e-01 3.8818192993e-02 1.7705208526e+02 3.8921211279e+00 -7.3796659290e-01 9.4660981062e+00 2.1405322075e-02 1.0000000000e+00
9.8256793065e+00 4.6000000000e+00 5.7709192252e+00 4.6816101529e-01 3.3609027779e-03 1.4930091922e+01 8.5603853756e+00 -8.4655000452e-01 1.7106998415e+01 3.4717376018e-02 4.3964922079e-02
8.0396978070e+01 4.8371431094e+01 5.3943029189e+01 6.0165732911e-01 9.6991856401e-02 4.6063902144e+02 3.8574716126e+00 -8.8446240152e-01 1.6344921331e+01 1.0951421816e-02 1.0000000000e+00
6.7041315676e+01 5.6384985722e+01 5.3483775733e+01 8.4104831705e-01 1.6972764063e-01 8.4407324054e+02 2.9002010548e+00 -7.9510711926e-01 8.1019437645e+00 1.1771137859e-02 1.0000000000e+00
3.8766973090e+01 3.4239057805e+01 3.1704322075e+01 8.8320173271e-01 1.6722530563e-02 7.5040823294e+01 4.0573885127e+01 -8.6200315704e-01 1.4237227761e+01 6.6241124367e-03 6.8870146614e-03
3.9416226231e+01 2.5060222002e+01 2.7221731898e+01 6.3578440653e-01 1.8678509026e-02 8.3940784319e+01 1.3996488751e+01 5.1311501664e-01 1.1949080195e+01 1.0847209310e-02 1.2306438258e-02
7.8974583458e+01 3.0104269552e+01 4.1506981384e+01 3.8118934263e-01 3.9811339768e-03 1.7693713831e+01 2.7539008422e+01 -4.2652147727e-01 5.4612218874e+01 6.5243303387e-03 6.9198390386e-03
7.3564927626e+01 6.2190321212e+01 5.8841649828e+01 8.4538003664e-01 1.9458531600e-01 9.8202366950e+02 3.0307590678e+00 -8.2508689047e-01 8.3900008576e+00 1.0765276894e-02 1.0000000000e+00
1.4869563034e+01 1.2053248586e+01 1.1641724281e+01 8.1059870817e-01 2.7743721367e-03 1.2319031689e+01 1.3023380187e+02 -9.5727065651e-01 2.2662974543e+01 8.0702411765e-03 8.1652039104e-03
4.4361849165e+01 2.8110335099e+01 3.0583777678e+01 6.3366012977e-01 6.5083352430e-02 3.0244557485e+02 7.1076793088e+00 -9.0638552870e-01 8.1988895163e+00 1.2646667658e-02 1.7246877017e-02
5.0508930791e+01 4.9711732873e+01 4.3621921468e+01 9.8421669384e-01 6.7032549650e-02 3.1192685713e+02 1.2518862707e+00 -9.6623094099e-01 1.4770053464e+01 1.9404719855e-02 1.0000000000e+00
3.4595311033e+01 3.2359192938e+01 2.9124132165e+01 9.3536354989e-01 2.8919891734e-02 1.3095546432e+02 2.9173728780e+01 9.4093496321e-01 1.0005341039e+01 7.8460697974e-03 8.2921817851e-03
6.7533889773e+01 5.2021811114e+01 5.1512221739e+01 7.7030674952e-01 1.1557320822e-01 5.5563421731e+02 3.4053512244e+00 6.1077189636e-01 9.2893341060e+00 1.1687720115e-02 1.0000000000e+00
2.8010694420e+01 2.6605335189e+01 2.3763562118e+01 9.4982776187e-01 2.1060383565e-02 9.4813057063e+01 4.9488177289e+01 8.5397351451e-01 8.0297171474e+00 7.3431236522e-03 7.5789132794e-03
6.9427085974e+01 4.9628375820e+01 5.0957197492e+01 7.1482729144e-01 1.5773734685e-01 7.7875957945e+02 3.7049076642e+00 -8.5954845533e-01 9.2908500774e+00 1.1139597163e-02 1.0000000000e+00
3.5932217875e+01 3.1907806497e+01 2.9466692114e+01 8.8799991717e-01 2.9815967506e-02 1.3510203853e+02 1.2812227860e+01 -6.8302756427e-01 1.0475131743e+01 1.0598749277e-02 1.2195699628e-02
4.0837467583e+01 3.1840871153e+01 3.1343338148e+01 7.7969749443e-01 3.5579515491e-02 1.6189886175e+02 2.4288939903e+01 8.5738655602e-01 8.7196784967e+00 7.9948826929e-03 8.5529916402e-03
3.1144561738e+01 2.4177034605e+01 2.3850210306e+01 7.7628430953e-01 1.1657714848e-02 5.2114139927e+01 9.7671385457e+01 8.2120825477e-01 9.2299925892e+00 5.7105686361e-03 5.8008215751e-03
3.6869980053e+01 3.1355830368e+01 2.9580464181e+01 8.5044337758e-01 1.8955919329e-02 8.5205104006e+01 8.6708903281e+00 -1.3547358290e-01 1.0043686652e+01 1.2321728061e-02 1.5538912757e-02
8.6225489309e+01 6.7984335559e+01 6.6558619582e+01 7.8844824314e-01 2.2216729176e-01 1.1390081778e+03 3.8556976199e+00 8.2656664478e-01 9.1213040339e+00 8.9778589594e-03 1.0000000000e+00
3.9165458009e+01 2.4140223452e+01 2.6613265072e+01 6.1636515131e-01 1.1784272721e-02 5.2684928959e+01 5.3630371858e+01 5.3316597184e-01 1.0277210076e+01 6.6761392627e-03 6.8730438867e-03
3.5995910161e+01 3.2417855727e+01 2.9729921822e+01 9.0059830636e-01 4.3990345351e-02 2.0139335648e+02 4.4805041316e+00 -4.3618387275e-01 8.4648277469e+00 1.5496790297e-02 3.5797517877e-02
3.4692749840e+01 2.7862522068e+01 2.7033526752e+01 8.0312232949e-01 1.8845162232e-02 8.4700258155e+01 2.4943333556e+01 -9.0763031860e-01 1.4805619746e+01 8.7711391026e-03 9.3653013291e-03
3.0219959573e+01 2.1434698390e+01 2.2091482211e+01 7.0928944620e-01 4.6278775460e-02 2.1221857282e+02 4.2773586467e+00 7.6806134106e-01 8.6859498084e+00 1.8958749956e-02 5.2888339572e-02
4.3825214191e+01 4.0758320056e+01 3.6788072019e+01 9.3001987117e-01 3.8005297994e-02 1.7324225211e+02 1.8477869685e+01 8.6842404851e-01 1.0967122833e+01 8.0026653577e-03 8.7692988443e-03
3.8332259406e+01 1.4013273781e+01 1.9691848676e+01 3.6557390559e-01 2.3075802412e-03 1.0242680274e+01 4.3942000093e+02 5.1196887702e-01 8.7252541722e+00 3.6837158258e-03 3.6963697907e-03
3.9084945382e+01 3.3302716277e+01 3.1387779320e+01 8.5205994152e-01 1.4897224339e-02 6.6758488942e+01 9.5929725279e+01 8.4243725232e-01 8.3834611158e+00 4.8328034547e-03 4.9106117380e-03
3.4765714564e+01 2.2292565815e+01 2.4116983977e+01 6.4122271310e-01 3.5812429154e-02 1.6298633879e+02 1.2030362505e+01 9.7003551059e-01 9.6982405312e+00 1.2255009571e-02 1.4260754089e-02
8.5635723970e+00 8.4684175354e+00 7.4134653749e+00 9.8888841511e-01 8.3347750818e-03 3.7165882749e+01 5.1040807374e-01 -9.5013338804e-01 9.2001007709e+00 8.5199179372e-02 1.0000000000e+00
8.3206606700e+01 7.3828213508e+01 6.8206994034e+01 8.8728787815e-01 1.4928375169e-01 7.3320022654e+02 5.3125914439e+00 8.1650172095e-01 9.8522376743e+00 8.1474316451e-03 1.3762966225e-02
3.7939361194e+01 3.3240931582e+01 3.0901955754e+01 8.7615949598e-01 4.1289441788e-02 1.8866063187e+02 6.7457356618e+00 -5.3994735943e-01 8.6727894981e+00 1.2996049412e-02 1.8205404249e-02
4.1055136620e+01 3.6681791263e+01 3.3772666186e+01 8.9347629270e-01 2.9880703672e-02 1.3540180874e+02 1.8655377243e+01 -8.2396627070e-01 1.2162274439e+01 8.4532567865e-03 9.2539404282e-03
7.5638199784e+01 6.2216588755e+01 5.9662858437e+01 8.2255512338e-01 7.6613214874e-02 3.5887665415e+02 3.2015265848e+00 1.2442225401e-01 9.2448323569e+00 1.1157309338e-02 1.0000000000e+00
3.9256372357e+01 1.6881609788e+01 2.2026376252e+01 4.3003489049e-01 1.1706607026e-02 5.2334635930e+01 1.8384429396e+00 7.1984077233e-01 2.9377234970e+01 2.6622780410e-02 1.0000000000e+00
1.0619111277e+01 7.1508444024e+00 7.5566625887e+00 6.7339386660e-01 6.9330761368e-03 3.0882642953e+01 2.0013060169e+01 7.8621676206e-01 8.3981266547e+00 2.1286121235e-02 2.3142550411e-02
5.0227734471e+01 4.4813583799e+01 4.1288534602e+01 8.9220794590e-01 6.2677553897e-02 2.9077643305e+02 8.8571699035e+00 9.6696181777e-01 1.1711376144e+01 9.6669788110e-03 1.2109679436e-02
1.0696923026e+01 7.4174881511e+00 7.7286669877e+00 6.9342259758e-01 2.9620857801e-03 1.3154423255e+01 3.4602062533e+00 7.2758398181e-01 3.6394411815e+01 4.0633974499e-02 1.0000000000e+00
4.4134864576e+01 3.0810524706e+01 3.1999231749e+01 6.9809945046e-01 4.6935752961e-02 2.1533260304e+02 1.2516894678e+01 9.6319776813e-01 1.0083853854e+01 1.0050722433e-02 1.1611892989e-02
2.7408358695e+01 1.4529711731e+01 1.7201341872e+01 5.3011973071e-01 1.6634673156e-02 7.4641659771e+01 2.3746379913e+01 -6.9486166250e-01 8.1939220416e+00 1.1867717109e-02 1.2717695039e-02
3.0182367576e+01 2.2592338506e+01 2.2685247904e+01 7.4852771071e-01 1.4532847708e-02 6.5107797240e+01 5.0763428116e+01 6.2236635460e-01 8.4663679840e+00 7.5176674929e-03 7.7526439465e-03
7.4078537741e+01 2.9425380512e+01 3.9815973167e+01 3.9721870070e-01 1.3921825908e-01 6.7948792512e+02 3.0228871923e+00 9.5011693899e-01 8.0559668063e+00 1.4169265733e-02 1.0000000000e+00
3.2941405279e+01 2.4937680869e+01 2.4903166830e+01 7.5703148235e-01 4.2800345808e-02 1.9577757251e+02 9.1181699670e+00 8.5955951401e-01 8.3213516428e+00 1.3271515585e-02 1.6480405324e-02
3.5285815608e+01 2.7150951883e+01 2.6899428313e+01 7.6945796534e-01 1.7895345829e-02 8.0374223915e+01 5.9699108555e+01 7.8326233180e-01 8.5934121854e+00 6.3464218858e-03 6.5136405633e-03
9.5828673051e+00 8.1705149635e+00 7.6982271504e+00 8.5261693639e-01 4.5681813343e-03 2.0311875941e+01 2.6073938794e+01 -5.0771927678e-01 8.6628390481e+00 1.9081473782e-02 2.0311147866e-02
3.5163996345e+01 2.6635821901e+01 2.6591397223e+01 7.5747425405e-01 2.9315206648e-02 1.3278412490e+02 3.7566511431e+00 5.8313497640e-01 1.5292472960e+01 1.7908716085e-02 1.0000000000e+00
3.3457585859e+01 2.5594981978e+01 2.5429738842e+01 7.6499787181e-01 3.6833019353e-02 1.6775566971e+02 3.6964916160e+00 6.2325746178e-01 1.2081544722e+01 1.8443481151e-02 1.0000000000e+00
3.5511953529e+01 3.5224040951e+01 3.0789323866e+01 9.9189251650e-01 4.4647911388e-02 2.0450044434e+02 2.1803497537e+01 9.7960333367e-01 8.1778879027e+00 8.3727307124e-03 9.0338928902e-03
3.6271313026e+01 3.4258423073e+01 3.0684845129e+01 9.4450462955e-01 3.6348218771e-02 1.6548929420e+02 1.9949821379e+01 -8.3773498534e-01 8.9609780788e+00 8.7181650768e-03 9.4813195405e-03
6.6038242642e+01 4.1931933317e+01 4.5576762750e+01 6.3496440304e-01 1.6137019575e-01 7.9846295846e+02 3.6820701119e+00 -9.5125388624e-01 8.7194705370e+00 1.1948541005e-02 1.0000000000e+00
2.7836814798e+01 2.5756039941e+01 2.3306539737e+01 9.2525097172e-01 1.6491949131e-02 7.3993330065e+01 6.8924702960e+00 -2.4870607796e-01 1.0499252211e+01 1.5610491062e-02 2.1618786533e-02
3.4593265547e+01 1.4515452397e+01 1.9154091715e+01 4.1960341608e-01 1.3072836869e-02 5.8502606761e+01 9.8996352345e+00 8.5920292341e-01 1.8961546297e+01 1.5439194904e-02 1.8746595636e-02
7.4584295847e+01 6.6586047960e+01 6.1329536910e+01 8.9276230612e-01 6.8865566454e-02 3.2086489178e+02 4.3241359394e+00 -5.0826088111e-01 1.4940528268e+01 9.8421053316e-03 2.6003246045e-02
2.8536040603e+01 2.7626854790e+01 2.4442476018e+01 9.6813903424e-01 2.4624057140e-02 1.1115014867e+02 3.4667402210e+01 -9.6447345216e-01 9.4204964249e+00 8.2272873215e-03 8.6143652254e-03
3.8760951593e+01 2.7493571947e+01 2.8335589444e+01 7.0931106738e-01 1.3221308246e-02 5.9173648986e+01 7.9299114993e+01 -8.7601706301e-01 1.0918992645e+01 5.5388838950e-03 5.6474408039e-03
3.8717623664e+01 3.6862073571e+01 3.2886075073e+01 9.5207479393e-01 2.5540990753e-02 1.1536729925e+02 3.2760006467e+01 8.6934968363e-01 1.0946818435e+01 6.9773190721e-03 7.3265026068e-03
8.5155243451e+00 7.9784301435e+00 7.1748420814e+00 9.3692764181e-01 7.0028337930e-03 3.1195024316e+01 2.9944071137e+00 9.5092078452e-01 1.7204395369e+01 4.4825720225e-02 1.0000000000e+00
3.6049924871e+01 2.6147071521e+01 2.6658921070e+01 7.2530169243e-01 1.0119466530e-02 4.5185087163e+01 3.8330992954e+01 -5.5300157842e-01 1.4785775787e+01 7.5719005003e-03 7.8913950992e-03
2.0971081100e+01 1.9229678958e+01 1.7478689171e+01 9.1696173725e-01 1.2408215293e-02 5.5500546406e+01 1.1613738975e+01 8.6706030227e-01 1.7067402704e+01 1.5404261952e-02 1.8047048032e-02
4.7493280423e+01 3.9244513853e+01 3.7549572599e+01 8.2631718643e-01 1.1697902862e-01 5.6290566801e+02 3.3894774132e+00 -8.6092309830e-01 8.2629897733e+00 1.4254917332e-02 1.0000000000e+00
2.2751422910e+01 1.8963064981e+01 1.8067284141e+01 8.3348918685e-01 2.6344386164e-02 1.1906683748e+02 8.5365699531e+00 -7.9463102580e-01 8.6443249344e+00 1.6790871018e-02 2.1282941306e-02
5.4600065327e+01 3.5222722645e+01 3.7995515842e+01 6.4510403851e-01 5.4424521517e-02 2.5102532077e+02 5.4680676325e+00 -7.7790530771e-01 1.2450952434e+01 1.2260710486e-02 2.0075832694e-02
2.6560076119e+01 2.6089996902e+01 2.2916179225e+01 9.8230128503e-01 3.4394185138e-02 1.5637003798e+02 9.7668607967e-01 -9.8077704877e-01 1.1958933815e+01 3.2470946145e-02 1.0000000000e+00
2.7192450211e+01 2.1258517932e+01 2.0899134626e+01 7.8178015468e-01 1.8223662136e-02 8.1868893231e+01 3.9620867043e+01 -8.0542938733e-01 8.6950792512e+00 8.6639726327e-03 9.0167365377e-03
3.0564875216e+01 3.0206696929e+01 2.6451811846e+01 9.8828137577e-01 2.5720982944e-02 1.1619577045e+02 4.0739435303e+00 3.1479171989e-01 1.1812767282e+01 1.7467759375e-02 7.8551640531e-02
2.7624428315e+01 1.7873458616e+01 1.9253198725e+01 6.4701641649e-01 6.0554463850e-03 2.6955342074e+01 1.5631186852e+02 -7.0864822952e-01 1.0062153828e+01 5.4918763914e-03 5.5455239085e-03
7.7417104388e+01 6.0273576652e+01 5.9374152352e+01 7.7855632975e-01 8.9518632272e-02 4.2302375982e+02 7.6963610083e+00 7.5665319146e-01 1.0423026034e+01 7.9945432040e-03 1.0525319739e-02
8.3095380748e+01 5.2025890928e+01 5.6928940356e+01 6.2609847213e-01 7.6288106407e-02 3.5727404236e+02 6.0937192063e+00 9.7747388925e-01 1.6797774642e+01 9.0271633822e-03 1.3475280164e-02
3.4341873245e+01 2.7350722176e+01 2.6645818116e+01 7.9642487701e-01 8.9598157942e-03 3.9971954631e+01 1.3229733540e+01 -4.2029002171e-02 1.5265612992e+01 1.1295351520e-02 1.2928123026e-02
4.2133663597e+01 3.6735955342e+01 3.4233427904e+01 8.7189083991e-01 5.7904351640e-02 2.6773314699e+02 1.4226368742e+00 -7.1786172125e-01 9.8998421552e+00 2.1637145967e-02 1.0000000000e+00
5.1214187205e+01 4.7003017239e+01 4.2704348379e+01 9.1777337109e-01 3.5087347275e-02 1.5960208886e+02 2.9227531558e+00 5.6659755972e-01 2.1317476801e+01 1.4582869996e-02 1.0000000000e+00
3.8384799430e+01 3.4996256811e+01 3.1900076942e+01 9.1172175784e-01 4.0493932210e-02 1.8491943522e+02 3.1995415215e+00 2.8856482019e-01 9.2782074193e+00 1.6860415968e-02 1.0000000000e+00
3.1850821078e+01 1.1575685879e+01 1.6309830203e+01 3.6343445747e-01 2.6755254171e-02 1.2096048350e+02 5.0680490023e+00 7.2062499640e-01 8.5810759256e+00 2.1759940698e-02 3.9016770354e-02
5.3355629275e+01 4.4013612391e+01 4.2147905628e+01 8.2491037945e-01 1.1700424795e-01 5.6303621968e+02 5.0915811040e+00 -9.2271378241e-01 8.2049721815e+00 1.1384965749e-02 2.0282919862e-02
5.7952711721e+01 3.8993078481e+01 4.1222182405e+01 6.7284303570e-01 5.2785938023e-02 2.4318476474e+02 3.9238303271e+00 5.4019262596e-01 1.4225979414e+01 1.3208697692e-02 1.0000000000e+00
6.7538101256e+01 3.8194478822e+01 4.3861945921e+01 5.6552491278e-01 1.2959693064e-01 6.2869471936e+02 3.8105082647e+00 -9.4677419591e-01 1.0244140555e+01 1.2293343825e-02 1.0000000000e+00
3.5048032346e+01 1.6293347655e+01 2.0507412706e+01 4.6488623081e-01 2.5575406950e-02 1.1552569415e+02 1.0143229696e+00 9.0564266196e-01 1.2998085328e+01 3.4498928129e-02 1.0000000000e+00
8.3795080298e+01 7.3865483442e+01 6.8462290444e+01 8.8150143397e-01 8.4632160136e-02 3.9861397703e+02 4.5157443920e+00 3.0390318542e-01 1.0328072346e+01 8.9575356956e-03 2.0209199509e-02
1.0028421423e+01 7.2635700608e+00 7.4107236915e+00 7.2429844680e-01 4.2939870052e-03 1.9088711056e+01 7.6640437197e+01 9.2587200628e-01 1.0523077470e+01 1.3044369005e-02 1.3309228992e-02
3.7092898353e+01 3.6844690259e+01 3.2182987096e+01 9.9330847399e-01 4.6752238062e-02 2.1446247385e+02 5.2642038207e+00 -7.8383781943e-01 1.2118139261e+01 1.3859644036e-02 2.3663033866e-02
4.2805998084e+01 1.4902063399e+01 2.1409342183e+01 3.4813026366e-01 2.3433630502e-02 1.0568345831e+02 1.2038912755e+01 -6.0594955086e-01 8.5102786707e+00 1.3297994168e-02 1.5472388799e-02
3.3170511084e+01 3.0539447477e+01 2.7702983198e+01 9.2068064311e-01 5.9981368311e-02 2.7774241904e+02 1.5014269995e+00 8.3346139753e-01 8.4583084948e+00 2.4173591487e-02 1.0000000000e+00
2.7717274237e+01 2.2275428521e+01 2.1605515278e+01 8.0366591353e-01 2.9355600142e-02 1.3297103642e+02 3.3456552939e+00 -4.3425346793e-01 9.4651469138e+00 2.1295312034e-02 1.0000000000e+00
6.6654538390e+01 6.3121780124e+01 5.6463304032e+01 9.4699898384e-01 4.7282787214e-02 2.1697864770e+02 3.1729900825e+00 2.1803006444e-01 1.4959077736e+01 1.1788975537e-02 1.0000000000e+00
7.5910133104e+01 7.5525384652e+01 6.5915882348e+01 9.9493152710e-01 1.8369231001e-01 9.2115344344e+02 3.0612528279e+00 -6.2933476693e-01 8.1225685629e+00 1.0047672783e-02 1.0000000000e+00
3.2412452607e+01 2.0501147527e+01 2.2324440184e+01 6.3250836880e-01 3.3471986084e-02 1.5207492089e+02 2.0587898581e+00 5.1413079594e-01 8.4720371226e+00 2.4968455677e-02 1.0000000000e+00
3.5409502787e+01 3.1751568911e+01 2.9181491628e+01 8.9669626545e-01 5.0736561778e-02 2.3340282645e+02 2.9311916642e+00 5.2316879262e-01 8.7425817844e+00 1.8308523817e-02 1.0000000000e+00
3.2101774248e+01 2.3483785974e+01 2.3844372211e+01 7.3154168340e-01 2.1646746515e-02 9.7495350440e+01 1.0106896454e+01 3.6847606632e-01 8.2531140554e+00 1.3289538704e-02 1.6053098808e-02
3.1778911330e+01 1.9327116020e+01 2.1443181263e+01 6.0817426436e-01 1.5658046143e-02 7.0208013155e+01 1.5006016263e+01 4.0753734894e-01 9.1932902073e+00 1.2289897388e-02 1.3805002204e-02
4.3645198739e+01 3.7274545140e+01 3.5091214298e+01 8.5403540864e-01 9.9065799996e-02 4.7113834815e+02 3.0855026009e+00 -8.5978749171e-01 8.6760839790e+00 1.5560900202e-02 1.0000000000e+00
1.0118321949e+01 9.6644346396e+00 8.6082249374e+00 9.5514203722e-01 3.9648648380e-03 1.7621188626e+01 1.6249994015e+02 -6.9746097101e-01 8.1197278144e+00 8.9630478567e-03 9.0472117234e-03
3.4113945152e+01 2.0506029862e+01 2.2877987585e+01 6.0110402859e-01 1.8479253353e-02 8.3032977144e+01 1.1087638280e+01 5.5553237035e-01 1.1273664249e+01 1.3197748417e-02 1.5609047757e-02
2.7980729924e+01 2.3465478672e+01 2.2289606400e+01 8.3862996910e-01 3.7992572736e-02 1.7318264630e+02 1.2156450281e+01 -9.9802993349e-01 8.5373943232e+00 1.2806569116e-02 1.4873815570e-02
8.2424522062e+01 5.8859399489e+01 6.0465104879e+01 7.1410058580e-01 2.0852716798e-01 1.0608679657e+03 2.2924391493e+00 -9.1473077781e-01 8.3940576752e+00 1.1666975719e-02 1.0000000000e+00
3.9122407023e+01 3.7577937761e+01 3.3377641267e+01 9.6052213094e-01 8.1339420776e-02 3.8224871091e+02 4.6054197301e+00 -9.3157643443e-01 9.4114044341e+00 1.3957535386e-02 2.9871943571e-02
3.0354043860e+01 2.5666792935e+01 2.4281917557e+01 8.4558067628e-01 6.6232456028e-03 2.9495589696e+01 2.2321927508e+02 7.9205565120e-01 8.1203261851e+00 4.1548241598e-03 4.1830928728e-03
3.2400476316e+01 2.1183847272e+01 2.2705244780e+01 6.5381283488e-01 1.8232139910e-02 8.1907498062e+01 2.2447198739e+01 5.6576750307e-01 8.9564112501e+00 1.0180094693e-02 1.0957556398e-02
3.2942274391e+01 2.7127386856e+01 2.5999553402e+01 8.2348251168e-01 3.3183341310e-02 1.5073171111e+02 7.2145648635e+00 -8.4893798414e-01 1.2171020544e+01 1.4186569421e-02 1.9210354024e-02
6.3379028937e+01 6.1769090099e+01 5.4468473673e+01 9.7459824069e-01 1.1791099488e-01 5.6773264661e+02 6.5093264206e+00 8.8638586512e-01 9.2124081074e+00 8.8409605644e-03 1.2639838867e-02
4.1269893177e+01 3.5804430730e+01 3.3447227638e+01 8.6756780728e-01 5.1810492518e-02 2.3852547330e+02 8.9954573012e+00 -8.5903702782e-01 9.8449448028e+00 1.1033822928e-02 1.3756850202e-02
4.1904615240e+01 2.4330824075e+01 2.7595173016e+01 5.8062397032e-01 6.0021462197e-03 2.6716997066e+01 1.6936481434e+02 8.8482392914e-01 1.3001324504e+01 4.2556610329e-03 4.2939754763e-03
3.9005265506e+01 3.7584537960e+01 3.3330764990e+01 9.6357600627e-01 4.6066213616e-02 2.1121164075e+02 1.1478613432e+01 -8.6457411214e-01 1.0040521922e+01 1.0126501262e-02 1.1891456474e-02
4.4907177822e+01 3.8154165170e+01 3.6010971775e+01 8.4962286701e-01 6.0886072213e-02 2.8211082815e+02 2.7422836539e-01 -9.0653212837e-01 8.0658362862e+00 3.8798403848e-02 1.0000000000e+00
7.3762946172e+01 4.9014900863e+01 5.2128571888e+01 6.6449217943e-01 1.5723705541e-02 7.0505890760e+01 3.7888076026e+01 2.9858803931e-01 1.0505776517e+01 4.9839669210e-03 5.1969198149e-03
3.7867860521e+01 3.2560531124e+01 3.0551166385e+01 8.5984607199e-01 4.5196122122e-02 2.0709295355e+02 1.5245229808e+00 4.7905056783e-01 8.3006050479e+00 2.2808908947e-02 1.0000000000e+00
1.7911988925e+01 1.5308068158e+01 1.4406498710e+01 8.5462693292e-01 1.4783745471e-02 6.6244313950e+01 5.2763382826e+00 7.0845889006e-01 1.2767008528e+01 2.3332621677e-02 3.9728402556e-02
4.5090255118e+01 3.7434280541e+01 3.5735074519e+01 8.3020777866e-01 2.3190798626e-02 1.0456947647e+02 9.8337539232e+00 5.2340767623e-01 1.5281532144e+01 1.0417030076e-02 1.2670190057e-02
2.8195233703e+01 2.0760075675e+01 2.1012746380e+01 7.3629734349e-01 1.4539614237e-02 6.5138442735e+01 1.2590516354e+01 -7.7437280220e-01 1.6036227574e+01 1.3302538435e-02 1.5353013246e-02
4.3199971138e+01 3.5608726173e+01 3.4112151124e+01 8.2427661951e-01 5.3641208555e-02 2.4727505313e+02 7.9233949572e+00 7.4663802271e-01 9.0534190995e+00 1.1417679407e-02 1.4860941433e-02
3.4751830731e+01 3.3869623808e+01 2.9866260777e+01 9.7461408783e-01 3.3457120279e-02 1.5200572946e+02 4.0102165064e+00 3.2353592243e-01 1.1174364669e+01 1.6211081485e-02 1.5223395045e-01
8.5645777371e+01 5.6837444809e+01 6.0485539000e+01 6.6363394150e-01 2.2615943658e-01 1.1620630813e+03 3.6788233327e+00 8.9955807962e-01 8.5670614005e+00 9.6806792510e-03 1.0000000000e+00
4.8602354724e+01 4.6478538806e+01 4.1373971918e+01 9.5630220119e-01 1.0504998217e-01 5.0157960429e+02 3.0539410309e+00 9.9917796498e-01 1.1612432539e+01 1.4045260211e-02 1.0000000000e+00
4.6016286192e+01 4.3920783188e+01 3.9134630560e+01 9.5446170959e-01 5.9885951413e-02 2.7728199713e+02 1.2714987968e+01 -7.8700955239e-01 8.1159270726e+00 8.7430814980e-03 1.0073559647e-02
2.2526028295e+01 2.1434603988e+01 1.9127898899e+01 9.5154830260e-01 2.5507365869e-02 1.1521255381e+02 2.3893611421e+00 -7.2817490998e-01 1.2271082875e+01 2.6132820594e-02 1.0000000000e+00
2.9136844758e+01 2.5438711942e+01 2.3689884737e+01 8.7307710060e-01 3.6613956505e-02 1.6673139111e+02 3.8344398107e+00 -5.5598340947e-01 1.0329760286e+01 1.9018226769e-02 1.0000000000e+00
7.2826068988e+01 4.7058798956e+01 5.0722862008e+01 6.4618068242e-01 4.8248895893e-02 2.2156516501e+02 5.7117523205e+00 9.5641458136e-02 8.8684884175e+00 1.0106240475e-02 1.5879535463e-02
7.1012794383e+01 6.1548592978e+01 5.7524046810e+01 8.6672540508e-01 1.2866953945e-01 6.2382739232e+02 7.9121067769e+00 -9.1080217179e-01 8.2619779826e+00 7.8940712785e-03 1.0280318817e-02
4.1668415343e+01 3.6719041285e+01 3.4038442207e+01 8.8122000759e-01 2.7343882905e-02 1.2367535244e+02 1.2088560331e+01 6.9016497436e-01 1.3850741741e+01 9.9134958129e-03 1.1525654186e-02
1.7514799596e+01 1.7485325502e+01 1.5234682828e+01 9.9831718916e-01 1.0327246265e-02 4.6120103321e+01 5.9034976624e+00 4.1877780594e-01 1.2959635418e+01 2.1661825017e-02 3.3115318487e-02
1.1492971781e+01 4.6000000000e+00 6.2027867896e+00 4.0024460930e-01 2.5820284891e-03 1.1463282907e+01 2.8476839351e+02 -8.8372570861e-01 8.8143832067e+00 8.9211243516e-03 8.9685747276e-03
2.6136236787e+01 2.0472568545e+01 2.0107387137e+01 7.8330207641e-01 2.9094398566e-02 1.3176257676e+02 6.5900472333e-01 -7.3730586125e-01 8.2791725953e+00 4.0969037542e-02 1.0000000000e+00
3.6470417087e+01 2.3950249160e+01 2.5616120502e+01 6.5670346195e-01 5.0810309629e-02 2.3375436649e+02 7.8173450486e+00 -9.4561846452e-01 8.4423423324e+00 1.3748330406e-02 1.7988156602e-02
3.8892750309e+01 1.7506327387e+01 2.2365768248e+01 4.5011801038e-01 1.4917605405e-02 6.6850845084e+01 6.3819888350e+01 8.4289234352e-01 9.2932967539e+00 6.9591003468e-03 7.1300818370e-03
3.7988680243e+01 1.2720676643e+01 1.8598633266e+01 3.3485439771e-01 6.3530461742e-03 2.8286486762e+01 1.5172822512e+02 5.8609123758e-01 8.3209881313e+00 5.6738288156e-03 5.7309591810e-03
5.1327380036e+01 4.4241721764e+01 4.1461515197e+01 8.6195168607e-01 8.3055508458e-02 3.9076946871e+02 1.7415142010e+00 8.2069160502e-01 1.0506754347e+01 1.7534289894e-02 1.0000000000e+00
3.6907499239e+01 3.1736732111e+01 2.9777297918e+01 8.5989928239e-01 3.0373949949e-02 1.3768676295e+02 5.9565493805e+00 8.4408051864e-01 1.6921913247e+01 1.4028060021e-02 2.1296664554e-02
4.4999441859e+01 3.7101435115e+01 3.5537685721e+01 8.2448656211e-01 5.3731317057e-02 2.4770626554e+02 5.4266935046e+00 -9.7589974966e-01 1.4413907757e+01 1.2825760154e-02 2.1167025979e-02
3.7038204358e+01 2.6756209165e+01 2.7333054903e+01 7.2239487926e-01 2.6518766177e-02 1.1987039978e+02 1.2592924956e+01 -5.8654517105e-01 9.6651551863e+00 1.1203116325e-02 1.2929551013e-02
1.0368047016e+01 6.6372075569e+00 7.1860922255e+00 6.4015986293e-01 9.3490495341e-03 4.1720719370e+01 6.7288406127e+00 8.1431272333e-01 8.5512043843e+00 3.3007246720e-02 4.6301501635e-02
3.3804351642e+01 2.8047051196e+01 2.6782183415e+01 8.2968759446e-01 6.4302394562e-03 2.8631865086e+01 2.6561392619e+02 -9.3907142368e-01 8.4810483817e+00 3.6617032183e-03 3.6825986136e-03
3.5265743422e+01 3.2067355068e+01 2.9268737552e+01 9.0930608449e-01 4.8358335067e-03 2.1506347544e+01 1.9981020932e+02 -7.9426511229e-01 1.2738701312e+01 3.8581328207e-03 3.8875013542e-03
3.1706475114e+01 2.8241539373e+01 2.6041550380e+01 8.9071835552e-01 6.0013507376e-03 2.6713440014e+01 9.9732539884e+00 -7.6921407114e-01 5.4006649439e+01 1.2762655252e-02 1.5467700339e-02
1.8637382525e+01 1.7896650670e+01 1.5898438976e+01 9.6025558559e-01 2.8453883383e-02 1.2880111026e+02 3.9768794921e+00 -7.2874061215e-01 9.9525902291e+00 2.4189687880e-02 1.0000000000e+00
7.0320431130e+01 5.3007685684e+01 5.3044431692e+01 7.5380205770e-01 1.1935759600e-01 5.7523532679e+02 3.3246984416e+00 5.2762950775e-01 8.3775990131e+00 1.1554688404e-02 1.0000000000e+00
5.8673563088e+01 5.3143245417e+01 4.8599623276e+01 9.0574430152e-01 9.6456534672e-02 4.5793321259e+02 7.6440448400e+00 -9.2515073062e-01 9.4588717535e+00 9.0476195717e-03 1.1945013612e-02
5.6056654898e+01 4.5338458207e+01 4.3838223910e+01 8.0879706948e-01 1.4847433588e-01 7.2885940822e+02 3.6448096287e+00 8.5410467520e-01 8.0883884573e+00 1.2375386489e-02 1.0000000000e+00
3.2763339768e+01 2.0448869246e+01 2.2409502777e+01 6.2413872916e-01 3.9977711878e-02 1.8249390812e+02 2.8149880449e+00 -5.6529883491e-01 8.2621168712e+00 2.2065149648e-02 1.0000000000e+00
7.0935005882e+01 5.9171059086e+01 5.6353703501e+01 8.3415879579e-01 3.5197030416e-02 1.6011380357e+02 3.4727009142e+01 8.1877571192e-01 9.6972551041e+00 4.8467938693e-03 5.0744001273e-03
4.1167437696e+01 3.5629062227e+01 3.3323196320e+01 8.6546708325e-01 2.9409613338e-02 1.3322098672e+02 3.4484552395e+00 -7.1544026949e-01 2.3192518113e+01 1.6059322733e-02 1.0000000000e+00
9.0859337020e+00 4.6000000000e+00 5.5644411132e+00 5.0627708179e-01 2.0580954883e-03 9.1335457848e+00 1.3720813086e+02 8.2565174159e-01 1.1819520480e+01 1.2559049368e-02 1.2699165562e-02
3.6470333100e+01 3.5509565024e+01 3.1327721109e+01 9.7365617490e-01 2.8961173849e-02 1.3114638032e+02 3.9448481192e+01 9.3390586864e-01 8.9379396954e+00 6.6942898971e-03 6.9681382903e-03
4.0880071784e+01 3.7579497905e+01 3.4115236742e+01 9.1926203319e-01 4.5105007833e-02 2.0666193588e+02 2.6198875888e+00 -5.6401078748e-01 1.2205320670e+01 1.7377890149e-02 1.0000000000e+00
2.3465503100e+01 9.1543057092e+00 1.2489265174e+01 3.9011759816e-01 9.5224001177e-03 4.2499884134e+01 9.9764953144e+01 9.8041134558e-01 8.1382052605e+00 8.4995505823e-03 8.6309825528e-03
2.3370740784e+01 1.1600142945e+01 1.4162508065e+01 4.9635324150e-01 1.5566141017e-02 6.9791114738e+01 3.8133776246e+00 4.5611570537e-01 1.1065634781e+01 2.6624062445e-02 1.0000000000e+00
3.5105447124e+01 3.2450129575e+01 2.9378006686e+01 9.2436166558e-01 2.0538024701e-02 9.2425472724e+01 2.2023521490e+01 -6.1266533683e-01 1.1166896823e+01 8.7157749822e-03 9.3961226494e-03
3.3315244391e+01 2.8935143519e+01 2.7015485340e+01 8.6852562687e-01 4.8206914708e-02 2.2136573784e+02 6.6222897577e+00 7.8680982643e-01 8.5509980066e+00 1.4174420231e-02 2.0062179739e-02
1.6127397068e+01 1.4838208589e+01 1.3464540427e+01 9.2006221010e-01 1.8050438625e-03 8.0089856772e+00 4.2241960720e+01 -1.3289507719e-01 2.4235683750e+01 1.1246891346e-02 1.1674383845e-02
2.6112045649e+01 2.4241363034e+01 2.1899438716e+01 9.2835940010e-01 2.8571176050e-02 1.2934321881e+02 1.1252300563e+01 -8.6866544362e-01 9.9428950360e+00 1.3405658838e-02 1.5806118603e-02
2.8218195513e+01 1.4493015936e+01 1.7414236041e+01 5.1360534126e-01 1.3783480904e-02 6.1715825399e+01 6.0985153347e+01 9.7167834280e-01 9.5067271930e+00 8.2828667498e-03 8.4962850454e-03
3.1888866600e+01 1.1449149236e+01 1.6220848768e+01 3.5903280540e-01 2.2067167469e-02 9.9419954992e+01 3.0993966216e+00 -9.6350038872e-01 1.5867945702e+01 2.6331231835e-02 1.0000000000e+00
4.5235409927e+01 2.7845254239e+01 3.0716896443e+01 6.1556321218e-01 4.3985520927e-02 2.0137057077e+02 5.0700415236e+00 -7.0811296261e-01 1.1374379681e+01 1.4495945375e-02 2.5977695730e-02
4.3941950443e+01 4.0130776649e+01 3.6549640515e+01 9.1326798752e-01 9.1379335408e-03 4.0772082442e+01 1.0762958994e+01 -7.7637718443e-01 5.1626552113e+01 1.0015562259e-02 1.1921981245e-02
1.8619721746e+01 1.7183309361e+01 1.5569119003e+01 9.2285532486e-01 1.4612867609e-02 6.5470225621e+01 2.0167854562e+01 7.6694856794e-01 9.4786632816e+00 1.3445303274e-02 1.4607414157e-02
4.2162999375e+01 3.2868690775e+01 3.2357830542e+01 7.7956244249e-01 7.1336678956e-02 3.3294784817e+02 4.0949651123e+00 -7.7834711936e-01 9.7820229155e+00 1.4958431581e-02 6.1361130774e-02
3.0875462582e+01 2.7972860907e+01 2.5577812318e+01 9.0599001823e-01 7.8046068209e-02 3.6594771625e+02 2.6424753442e+00 9.9037382221e-01 8.0771569510e+00 2.0340128458e-02 1.0000000000e+00
6.2335992405e+01 5.1849750456e+01 4.9450302516e+01 8.3177869567e-01 3.8965018678e-02 1.7774067936e+02 9.5115986707e+00 8.6864447934e-01 1.9827733028e+01 8.5279471469e-03 1.0464307041e-02
8.5688374518e+01 5.0270615782e+01 5.6736178413e+01 5.8666786556e-01 2.1556953903e-01 1.1010889026e+03 3.9067531811e+00 9.7329221602e-01 9.0589651618e+00 9.9046657129e-03 1.0000000000e+00
2.9193963016e+01 2.7159842059e+01 2.4510237927e+01 9.3032391812e-01 4.2306728721e-02 1.9345081553e+02 1.2371487723e+00 -9.8815307902e-01 1.1389401208e+01 2.8357837010e-02 1.0000000000e+00
3.0697797267e+01 2.4707270709e+01 2.3946899633e+01 8.0485484003e-01 6.6523942402e-02 3.0945057637e+02 3.8450160951e+00 8.3573252577e-01 8.1172050328e+00 1.8538367729e-02 1.0000000000e+00
2.6892720132e+01 2.3679344769e+01 2.1959402068e+01 8.8051132991e-01 4.7181349571e-03 2.0981025589e+01 1.2773348255e+02 2.5158241032e-01 9.0670738606e+00 5.4609222177e-03 5.5264667242e-03
3.3680922941e+01 2.8413357898e+01 2.6911233656e+01 8.4360389850e-01 5.6873758035e-02 2.6277686059e+02 5.6363114690e+00 9.1774714025e-01 8.9668641900e+00 1.5016705813e-02 2.3878005704e-02
2.5459366897e+01 2.0882057007e+01 2.0052967562e+01 8.2021116594e-01 5.4959651501e-02 2.5358962158e+02 3.9667033858e+00 -9.0899463599e-01 8.5203738638e+00 2.0612256219e-02 1.0000000000e+00
6.9918577816e+01 6.5725067527e+01 5.9008460681e+01 9.4002294641e-01 8.4158763159e-02 3.9625701097e+02 8.3910353537e+00 -6.7374195411e-01 9.5199055297e+00 7.7935518679e-03 9.9358187737e-03
3.7036559821e+01 8.9415449371e+00 1.5118743849e+01 2.4142482402e-01 4.5162940068e-03 2.0080370555e+01 1.4038832664e+01 -6.1728699276e-03 1.4937265944e+01 1.5785239833e-02 1.7900662447e-02
3.0052486574e+01 2.0604716420e+01 2.1586388589e+01 6.8562434489e-01 2.5207875432e-02 1.1383459558e+02 6.3633069967e+00 9.9830012192e-01 1.5613634494e+01 1.6784936850e-02 2.4334965644e-02
4.1628553814e+01 4.0278903336e+01 3.5646483060e+01 9.6757873252e-01 1.2684076280e-02 5.6746236061e+01 1.0796629771e+02 -8.7537931071e-01 9.5483361130e+00 4.2756878958e-03 4.3366498498e-03
4.6131038496e+01 2.3327413423e+01 2.8233899907e+01 5.0567717925e-01 2.7246606462e-02 1.2322653697e+02 5.5082063359e+00 4.8877489833e-01 1.2020856563e+01 1.4962819143e-02 2.4320330162e-02
4.9533778623e+01 4.5557576611e+01 4.1347479107e+01 9.1972746431e-01 6.6926266981e-02 3.1140925859e+02 8.0429001545e+00 -7.2335278313e-01 8.8194901889e+00 9.9890994443e-03 1.2928442544e-02
3.4794235444e+01 3.4118732628e+01 2.9994382260e+01 9.8058578362e-01 1.4893038777e-02 6.6739522549e+01 5.9550655914e+01 -6.0367400502e-01 8.9537000108e+00 5.9453258829e-03 6.1023859858e-03
4.2828576787e+01 3.1053658236e+01 3.1666483764e+01 7.2506864729e-01 4.3446421922e-02 1.9882536216e+02 2.4661440199e+01 -9.9174488980e-01 8.2385920345e+00 7.8613128901e-03 8.4007251093e-03
2.9807528344e+01 2.7956133199e+01 2.5127593464e+01 9.3788833735e-01 2.7228460723e-02 1.2314282281e+02 4.7487872480e-01 5.3970894765e-01 8.4884386701e+00 4.0347442627e-02 1.0000000000e+00
2.9824853493e+01 2.8443320919e+01 2.5354140340e+01 9.5367847910e-01 2.1462363114e-02 9.6651649831e+01 7.8198485425e+00 -7.7555062090e-01 1.6223700281e+01 1.4082404928e-02 1.8422938497e-02
8.2129112462e+01 7.4413774212e+01 6.8039891043e+01 9.0605842412e-01 2.4839051478e-01 1.2919569065e+03 4.0259800171e+00 -8.8703180952e-01 8.7538908953e+00 8.5980030297e-03 5.6981602959e-02
3.1150926308e+01 1.4237191188e+01 1.8061288733e+01 4.5703909563e-01 1.8434590265e-02 8.2829528804e+01 2.3808005094e+01 -8.8114981196e-01 9.6338364337e+00 1.1487444931e-02 1.2307767763e-02
6.1297039651e+01 6.0678308394e+01 5.3092034285e+01 9.8990601732e-01 1.5988781355e-01 7.9041398980e+02 2.5471900572e+00 9.6935593216e-01 9.8978701104e+00 1.2480856551e-02 1.0000000000e+00
3.0391992025e+01 2.3563794146e+01 2.3259213599e+01 7.7532904478e-01 4.4860499737e-02 2.0550555176e+02 4.8898844865e+00 -8.0287842282e-01 8.9944812461e+00 1.7474325918e-02 3.3104519845e-02
3.6919008509e+01 3.0740290051e+01 2.9302811805e+01 8.3264126780e-01 4.3301906823e-02 1.9814339381e+02 1.0609824825e+01 -9.2689712881e-01 1.0135316822e+01 1.1322846045e-02 1.3521502450e-02
3.4685323719e+01 3.0436205314e+01 2.8273321817e+01 8.7749520693e-01 7.2611332754e-02 3.3919549900e+02 3.7367877074e+00 8.6862199422e-01 9.4488353417e+00 1.6830492410e-02 1.0000000000e+00
7.3177749319e+01 5.7648113247e+01 5.6462456141e+01 7.8778199361e-01 1.7639816695e-01 8.8075748261e+02 1.4454593353e+00 9.4953735960e-01 8.3225379822e+00 1.4722183373e-02 1.0000000000e+00
3.3829392152e+01 2.8731051856e+01 2.7122359478e+01 8.4929258342e-01 1.1052050427e-02 4.9384020794e+01 8.8217721613e-01 -5.5403261458e-01 2.7397875379e+01 3.0798118829e-02 1.0000000000e+00
2.4495719174e+01 2.3613696182e+01 2.0936615802e+01 9.6399277010e-01 3.3099346491e-02 1.5034094347e+02 2.3877316705e+00 7.4387225635e-01 1.0831098651e+01 2.4590695752e-02 1.0000000000e+00
7.6514322476e+01 4.8955406620e+01 5.3017378211e+01 6.3982016746e-01 1.6312133434e-01 8.0798718509e+02 4.6005758268e+00 -9.6749790046e-01 8.8434498667e+00 9.9905437810e-03 2.1437826749e-02
1.0269114329e+01 9.3608866082e+00 8.5334749911e+00 9.1155734644e-01 5.0714335506e-03 2.2558178907e+01 9.9384193307e+01 8.5616855788e-01 8.9908776613e+00 1.0829289607e-02 1.0997407249e-02
3.2453439256e+01 3.2307826857e+01 2.8188892841e+01 9.9551319053e-01 2.0586474768e-02 9.2646850690e+01 6.4043341853e+01 8.6265882590e-01 8.0041763347e+00 5.9932598287e-03 6.1399739701e-03
3.1138046513e+01 2.9940464455e+01 2.6579833095e+01 9.6153958927e-01 5.9207611183e-02 2.7401042421e+02 2.8422448301e+00 8.1557561581e-01 9.3865521008e+00 1.9536166461e-02 1.0000000000e+00
3.2122263336e+01 2.5544280845e+01 2.4904343962e+01 7.9522045437e-01 4.2147502899e-02 1.9270061202e+02 1.8506595219e+00 -7.6358788167e-01 1.0186835813e+01 2.4143243213e-02 1.0000000000e+00
6.2896988702e+01 5.8270434229e+01 5.2695034170e+01 9.2644235331e-01 1.2305321803e-01 5.9445872604e+02 6.9608686452e+00 -9.0066661896e-01 8.3521056368e+00 8.7763854069e-03 1.2092951141e-02
3.8996637713e+01 3.6511555068e+01 3.2845485171e+01 9.3627443823e-01 7.5633374384e-02 3.5404856482e+02 1.2760558372e+00 9.2078434530e-01 8.8193735776e+00 2.2889280676e-02 1.0000000000e+00
4.3244842050e+01 2.6117354452e+01 2.9073246566e+01 6.0394149252e-01 5.6547989115e-02 2.6121159693e+02 3.9315559665e+00 -5.0199748793e-01 8.2080626247e+00 1.6381167274e-02 1.0000000000e+00
3.5175079338e+01 2.1651940676e+01 2.3885160945e+01 6.1554774242e-01 1.9401092338e-02 8.7235087292e+01 3.0084441340e+01 9.0746016587e-01 1.1715874904e+01 8.8307323030e-03 9.3160513555e-03
2.6657098942e+01 2.5395375831e+01 2.2649167342e+01 9.5266840124e-01 3.1152188690e-02 1.4129519413e+02 2.4484123003e+00 -6.5107061986e-01 1.1463473498e+01 2.3219595804e-02 1.0000000000e+00
3.0753012861e+01 2.1914597253e+01 2.2535332780e+01 7.1260000937e-01 3.4764860806e-02 1.5809801954e+02 8.7010960429e+00 -7.8203577606e-01 8.4472573240e+00 1.4446561047e-02 1.8198267377e-02
3.3892760108e+01 1.4632422624e+01 1.9057260410e+01 4.3172708795e-01 1.5075269724e-02 6.7565389798e+01 1.1687422590e+01 -9.2264593628e-01 1.6541063085e+01 1.4535400931e-02 1.7008020176e-02
2.5502472010e+01 1.6975577251e+01 1.8038947129e+01 6.6564438317e-01 1.1932605260e-02 5.3354060905e+01 7.3417507321e+01 -8.7927469845e-01 9.4279213299e+00 7.5664844754e-03 7.7271283846e-03
4.1362692853e+01 2.9101713298e+01 3.0110811390e+01 7.0357395254e-01 4.5729975437e-02 2.0961943477e+02 5.6363170706e-01 -8.4118617800e-01 9.5719529241e+00 3.3416326231e-02 1.0000000000e+00
6.0421171399e+01 1.4615253253e+01 2.4691237967e+01 2.4188960449e-01 7.2059571417e-02 3.3648981745e+02 3.4762781877e+00 9.7495312107e-01 8.8090111274e+00 1.8826807494e-02 1.0000000000e+00
7.9604454268e+01 5.8303091023e+01 5.9164304564e+01 7.3240990795e-01 8.5881362333e-02 4.0484020140e+02 1.3419109484e+00 3.5366075946e-01 8.4313692409e+00 1.5456922074e-02 1.0000000000e+00
5.4112510806e+01 3.2077852441e+01 3.6025501922e+01 5.9279918753e-01 3.5224370633e-02 1.6024136862e+02 5.4513882974e+00 5.8824609410e-01 1.4323316354e+01 1.2836680862e-02 2.1085021920e-02
2.8737690483e+01 2.4884557023e+01 2.3268054034e+01 8.6592055956e-01 2.4557658617e-02 1.1084498543e+02 2.5253645437e+01 -9.5765920977e-01 1.0199391948e+01 9.5551810671e-03 1.0193490300e-02
3.3269697596e+01 1.4207444784e+01 1.8596961155e+01 4.2703859098e-01 4.0706118928e-02 1.8591692431e+02 1.6501533856e+00 9.6167905983e-01 8.7477228268e+00 3.0277346950e-02 1.0000000000e+00
1.9414810943e+01 1.4770469085e+01 1.4714606206e+01 7.6078356507e-01 1.9715499096e-02 8.8669573423e+01 6.3095153590e+00 9.3297902832e-01 1.1617075288e+01 2.1467424891e-02 3.1293787722e-02
4.5736820841e+01 4.1771418939e+01 3.8043225487e+01 9.1329957288e-01 4.4737920362e-02 2.0492596670e+02 1.5858941418e+01 7.1437529371e-01 8.7365925818e+00 8.2654211812e-03 9.2172335192e-03
8.0678426167e+01 7.8460464991e+01 6.9261152136e+01 9.7250862118e-01 1.4484744654e-01 7.0945492505e+02 6.2559204297e+00 -8.3454536908e-01 9.4300852390e+00 7.6083100908e-03 1.1153238633e-02
4.6746249837e+01 4.5209701274e+01 4.0019446694e+01 9.6713001433e-01 1.0185634203e-01 4.8530670572e+02 3.2042787634e+00 8.1959568961e-01 9.6185286022e+00 1.4109913424e-02 1.0000000000e+00
6.5198882236e+01 2.5706657951e+01 3.4902247282e+01 3.9428065435e-01 6.8675079694e-02 3.1993506696e+02 7.6933026660e+00 -9.3843035040e-01 9.1126837115e+00 1.1280192606e-02 1.4853480650e-02
3.8031790513e+01 3.7809934655e+01 3.3011858791e+01 9.9416656815e-01 4.3512944496e-02 1.9913932844e+02 7.7728073608e+00 5.1150609424e-01 8.1112942253e+00 1.1809299626e-02 1.5486084309e-02
1.0552173993e+01 1.0324689113e+01 9.0865350794e+00 9.7844189454e-01 6.2168582236e-03 2.7677252557e+01 2.4333741202e+01 5.8452064132e-01 8.7758920310e+00 1.7636452201e-02 1.8865054886e-02
8.9913119243e+00 4.6000000000e+00 5.5372771557e+00 5.1160498476e-01 2.9907107304e-03 1.3281835325e+01 9.1109204626e+01 8.4528697134e-01 9.2998851801e+00 1.4679598063e-02 1.4928837545e-02
3.1686248781e+01 2.8988389561e+01 2.6378828887e+01 9.1485709657e-01 4.9221036400e-02 2.2618639246e+02 1.6772296877e+00 7.2030385241e-01 8.7336465844e+00 2.4064230428e-02 1.0000000000e+00
5.0624522641e+01 3.4500745048e+01 3.6249494176e+01 6.8150262458e-01 3.2528401115e-02 1.4768597070e+02 8.6701364918e+00 8.3921388369e-01 1.6978475511e+01 1.0762385506e-02 1.3572807187e-02
2.5358161583e+01 2.4643975957e+01 2.1762030302e+01 9.7183606456e-01 1.9809936017e-02 8.9100572000e+01 2.4312545757e+00 7.4548818251e-01 1.9001653178e+01 2.4035196300e-02 1.0000000000e+00
2.8098880384e+01 1.1148721057e+01 1.5093355972e+01 3.9676744783e-01 3.1694458583e-02 1.4381187083e+02 3.5076791113e+00 9.7219285014e-01 1.0556582777e+01 2.6141332818e-02 1.0000000000e+00
4.4331128618e+01 4.0475377244e+01 3.6868373791e+01 9.1302383914e-01 2.8088279986e-02 1.2711193001e+02 4.7466444426e+00 9.2596930153e-01 2.9271009968e+01 1.3384371612e-02 2.6780908782e-02
4.1230833859e+01 3.1000871102e+01 3.1060757008e+01 7.5188562055e-01 3.2841834422e-02 1.4914321295e+02 1.4265494812e+01 9.6874362460e-01 1.3245324743e+01 9.8323995365e-03 1.1123709147e-02
6.5367534028e+01 4.3946930011e+01 4.6477082708e+01 6.7230515369e-01 1.6204015777e-01 8.0210475708e+02 3.3682530001e+00 -9.6201976134e-01 8.8063172530e+00 1.2199905887e-02 1.0000000000e+00
3.3015116254e+01 2.4992525072e+01 2.4958399902e+01 7.5700248576e-01 2.5729099716e-03 1.1422720290e+01 1.5745950834e+02 8.3978807561e-01 3.0068617447e+01 4.6668567299e-03 4.7121068164e-03
1.8648310058e+01 4.6000000000e+00 7.7047776497e+00 2.4667114530e-01 4.2476195728e-03 1.8881918971e+01 5.6396287351e+01 -6.6023233019e-01 9.0625198604e+00 1.4283223250e-02 1.4682752365e-02
3.1327450443e+01 3.1097896513e+01 2.7171990021e+01 9.9267243500e-01 2.7031477666e-02 1.2223419447e+02 1.3896766237e+01 4.9516851984e-01 8.1010416160e+00 1.0833339048e-02 1.2303962541e-02
2.4318915393e+01 1.3155869213e+01 1.5427317602e+01 5.4097269555e-01 1.5564014412e-02 6.9781468740e+01 4.1106946190e+01 8.9749465792e-01 8.0444393158e+00 1.0347345726e-02 1.0752302152e-02
8.7521547283e+00 5.4251034978e+00 5.9647927562e+00 6.1985918510e-01 4.4711886937e-03 1.9879139252e+01 3.2367960628e+01 9.4685569059e-01 1.0076396588e+01 2.0638088217e-02 2.1684637807e-02
2.8226953403e+01 2.3902815624e+01 2.2596994535e+01 8.4680820074e-01 1.1682018544e-02 5.2223743750e+01 1.7128838898e+01 -7.3524683549e-01 1.8714591683e+01 1.1345890204e-02 1.2535789145e-02
3.7216276654e+01 2.8411491016e+01 2.8256517902e+01 7.6341573015e-01 8.6084640249e-02 4.0585428309e+02 3.6346770260e+00 9.2999511680e-01 8.4910925113e+00 1.6880375850e-02 1.0000000000e+00
5.4944189599e+01 4.2894940714e+01 4.2198225607e+01 7.8070021647e-01 1.6223470693e-02 7.2774124642e+01 5.2337432063e+00 4.4113899865e-01 3.1720431390e+01 1.1945077104e-02 2.0536873163e-02
3.8722418203e+01 3.8547275877e+01 3.3633484175e+01 9.9547697861e-01 2.2320870992e-02 1.0058192776e+02 1.1417017334e+01 7.3267340967e-01 1.7966874669e+01 1.0235617929e-02 1.2032623525e-02
3.3416560006e+01 2.6615030406e+01 2.5928491726e+01 7.9646230494e-01 4.8795923200e-02 2.2416479869e+02 5.6828333668e+00 -7.3081227212e-01 8.0719652231e+00 1.5396295727e-02 2.4300358011e-02
2.7743722799e+01 1.0381912809e+01 1.4435168234e+01 3.7420763190e-01 1.4213788560e-02 6.3663131922e+01 1.6489744843e+01 -7.5166616716e-01 9.2991594408e+00 1.5205332343e-02 1.6874991218e-02
3.5668885464e+01 2.5214518111e+01 2.6029411096e+01 7.0690512985e-01 2.7328537262e-02 1.2360454634e+02 7.7915226779e+00 -9.3643669448e-01 1.5709045290e+01 1.3822252005e-02 1.8108482682e-02
3.4515985144e+01 3.2519468246e+01 2.9163343626e+01 9.4215674593e-01 2.2591456166e-02 1.0182169007e+02 4.9895589660e+01 9.7031127834e-01 9.8050490936e+00 6.4351735130e-03 6.6400211610e-03
8.1269511931e+01 2.9901359627e+01 4.1896037599e+01 3.6792837703e-01 1.2677672696e-01 6.1390881568e+02 5.0010083696e+00 -9.7460286024e-01 8.0492837877e+00 1.1442406917e-02 2.0917021385e-02
3.9460944406e+01 2.8221454879e+01 2.8970298836e+01 7.1517434019e-01 3.7431113921e-02 1.7055379395e+02 2.7815949858e+01 9.5570492764e-01 8.0038665476e+00 7.9728827975e-03 8.4508447868e-03
2.1727108834e+01 1.6250863652e+01 1.6323777881e+01 7.4795334143e-01 1.0374469276e-02 4.6332649044e+01 1.8267006020e+01 -7.9977043083e-01 1.5095673284e+01 1.3582542678e-02 1.4901552805e-02
3.0162434233e+01 2.6586445302e+01 2.4642487180e+01 8.8144229660e-01 2.6991957527e-02 1.2205192986e+02 4.6043237849e+00 9.5887276388e-01 1.9540860942e+01 1.7426144387e-02 3.7317485392e-02
3.0132682323e+01 2.5591371013e+01 2.4158516819e+01 8.4928951028e-01 3.1056021393e-02 1.4084908308e+02 4.4806742257e+00 6.8704355527e-01 1.2569490949e+01 1.7780609660e-02 4.1068264274e-02
2.7939337926e+01 2.6128385363e+01 2.3518498608e+01 9.3518269589e-01 3.1097779711e-02 1.4104278852e+02 3.2379231962e+00 -8.4329131826e-01 1.6104920682e+01 2.0423369098e-02 1.0000000000e+00
3.5703609335e+01 3.5021621635e+01 3.0783227309e+01 9.8089863428e-01 2.3398117679e-02 1.0552052020e+02 1.5911727188e+00 8.3997175756e-01 2.4869068080e+01 2.2636147727e-02 1.0000000000e+00
3.2249801781e+01 2.7056699337e+01 2.5695712153e+01 8.3897257791e-01 1.9343371688e-02 8.6971807375e+01 2.5330187647e+01 -9.9730576516e-01 1.4918851022e+01 8.9989764273e-03 9.5980832678e-03
3.3011209772e+01 2.8436590923e+01 2.6657665478e+01 8.6142225988e-01 6.1719880585e-02 2.8614152111e+02 2.2289625217e+00 8.4830564160e-01 8.8142895372e+00 2.1329818801e-02 1.0000000000e+00
2.6061877565e+01 1.1954587422e+01 1.5140137847e+01 4.5870016050e-01 9.0068744229e-03 4.0183327265e+01 3.8485755574e+01 6.1892253654e-01 1.0130278337e+01 1.0775024467e-02 1.1227701730e-02
4.1090564667e+01 3.9990942432e+01 3.5288880938e+01 9.7323905759e-01 6.8469376254e-02 3.1893122149e+02 6.8422172596e+00 -9.2700642917e-01 9.6225846187e+00 1.1707709608e-02 1.6276060192e-02
6.5698276015e+01 5.8859250025e+01 5.4118683553e+01 8.9590250454e-01 8.7443782445e-02 4.1264111480e+02 1.5011345985e+01 9.9498672216e-01 8.5231373060e+00 6.6018720952e-03 7.4153954445e-03
2.9610355306e+01 2.0897872877e+01 2.1590116921e+01 7.0576231392e-01 3.1326728970e-02 1.4210502536e+02 1.0486874062e+01 -8.9674482618e-01 9.4205830993e+00 1.3864251595e-02 1.6600661753e-02
3.8543178013e+01 3.4820134866e+01 3.1883867445e+01 9.0340591154e-01 5.3080134567e-02 2.4459121576e+02 3.2763138024e+00 -8.0540835370e-01 1.3444004160e+01 1.6591319408e-02 1.0000000000e+00
3.6676066968e+01 3.3441617226e+01 3.0481511896e+01 9.1181034367e-01 5.9525402969e-02 2.7554274028e+02 8.5089012979e+00 -9.8392556733e-01 8.9716953134e+00 1.1885043126e-02 1.5080883881e-02
4.4768760581e+01 1.6166100434e+01 2.2844152003e+01 3.6110225579e-01 1.7513770967e-02 7.8637997048e+01 1.7666260617e+01 4.7927623542e-01 9.1752114814e+00 1.1099270100e-02 1.2220951498e-02
8.0197062251e+01 5.4004098845e+01 5.7068946466e+01 6.7339248258e-01 3.9260988693e-02 1.7912916865e+02 1.8405639535e+00 -9.0250408614e-01 3.5927984760e+01 1.4433157491e-02 1.0000000000e+00
6.9876350255e+01 4.5545608812e+01 4.8888683959e+01 6.5180291537e-01 4.1976630451e-02 1.9189571771e+02 2.6481469956e+00 3.8890841688e-01 1.6481137992e+01 1.3848444871e-02 1.0000000000e+00
3.8287145178e+01 3.8215464963e+01 3.3299677636e+01 9.9812782555e-01 9.1373536708e-02 4.3232819880e+02 3.1272964630e+00 8.1596840728e-01 8.3977898785e+00 1.6068448410e-02 1.0000000000e+00
3.8639422895e+01 3.6197488389e+01 3.2553843426e+01 9.3680199332e-01 8.5754356288e-02 4.0420674262e+02 2.8278590534e+00 -9.9196796120e-01 1.0176749163e+01 1.6979129722e-02 1.0000000000e+00
3.0292708577e+01 1.8229252116e+01 2.0327150685e+01 6.0177029299e-01 5.6047731505e-03 2.4940649399e+01 3.1786497403e+01 7.7652059683e-01 2.8976001151e+01 9.6497229452e-03 1.0148881238e-02
7.9185398364e+01 7.8746892036e+01 6.8743704208e+01 9.9446228299e-01 1.0806524776e-01 5.1700013071e+02 2.4913495566e+00 7.2700186790e-01 1.5042379548e+01 1.1018788007e-02 1.0000000000e+00
6.8326334731e+01 6.6504569022e+01 5.8682130853e+01 9.7333728326e-01 2.0729034118e-01 1.0538313146e+03 3.4242911687e+00 -8.2499856439e-01 8.1180375699e+00 1.0233123956e-02 1.0000000000e+00
8.0613962000e+00 6.6398705751e+00 6.3631326448e+00 8.2366260264e-01 6.6325623034e-03 2.9537289365e+01 8.4606938993e+00 7.9582896587e-01 9.3169216717e+00 3.2738198668e-02 4.1620387096e-02
3.3221727051e+01 2.1712628467e+01 2.3276193414e+01 6.5356711990e-01 4.1526955828e-02 1.8977843248e+02 1.6254712790e+00 -9.3136921413e-01 1.1004833788e+01 2.6450839518e-02 1.0000000000e+00
7.7642601845e+01 7.0272256077e+01 6.4287720382e+01 9.0507343143e-01 2.7988121741e-01 1.4802259251e+03 3.7430954677e+00 -9.9446729334e-01 8.4288782170e+00 9.0135961668e-03 1.0000000000e+00
3.2295136377e+01 2.7146234573e+01 2.5756702916e+01 8.4056726858e-01 4.0968163243e-02 1.8714919787e+02 4.4721311274e+00 8.5699491524e-01 1.2571462690e+01 1.6993114044e-02 3.9485935577e-02
2.9440502543e+01 1.6774294158e+01 1.9195413627e+01 5.6976928752e-01 3.0330691295e-02 1.3748630400e+02 3.8970399545e+00 -8.2482803704e-01 1.3134225954e+01 2.1641449790e-02 1.0000000000e+00
7.9982544691e+01 7.8219734045e+01 6.8856411348e+01 9.7796005800e-01 4.0913849723e-02 1.8689374976e+02 2.5763296790e-01 5.0891897285e-01 1.6772629775e+01 2.6803760093e-02 1.0000000000e+00
5.9223549279e+01 4.9735845270e+01 4.7211241859e+01 8.3979845645e-01 5.3283200022e-02 2.4556232461e+02 3.3245593054e+00 5.7542981616e-02 9.6054510522e+00 1.2909259999e-02 1.0000000000e+00
3.1668509833e+01 2.6192252049e+01 2.5049753237e+01 8.2707560877e-01 4.4236095148e-02 2.0255422955e+02 7.5683768129e+00 7.8719175651e-01 8.0397696255e+00 1.4167504766e-02 1.8782045210e-02
7.0656797391e+01 4.7369635501e+01 5.0164505855e+01 6.7041866104e-01 9.3140596688e-02 4.4121163251e+02 2.6887542735e+00 6.8117566507e-01 1.1348597676e+01 1.3149787182e-02 1.0000000000e+00
3.4020341387e+01 2.6237215786e+01 2.5965192361e+01 7.7122141390e-01 2.1228610589e-02 9.5582370975e+01 1.9951492685e+01 9.5347075354e-01 1.4478366266e+01 9.7663750222e-03 1.0621202059e-02
5.1899615768e+01 4.1693347445e+01 4.0447334342e+01 8.0334597526e-01 1.5257818027e-02 6.8392918107e+01 2.9188934725e+01 6.3059408736e-01 1.7411487206e+01 6.4423971854e-03 6.8084877904e-03
3.2001723414e+01 1.6665395592e+01 1.9895106539e+01 5.2076556555e-01 1.9211318467e-02 8.6369559405e+01 1.5208582129e+01 8.6747814325e-01 1.1845738527e+01 1.2786624256e-02 1.4336979745e-02
1.8180528793e+01 1.1935792881e+01 1.2767747504e+01 6.5651516615e-01 1.1366253157e-02 5.0800026930e+01 3.2606516696e+01 -8.9488609622e-01 9.5178959692e+00 1.2736273480e-02 1.3376951770e-02
2.9714711328e+01 2.7809866906e+01 2.5022550069e+01 9.3589557706e-01 3.9981580886e-02 1.8251208069e+02 1.4569850573e+01 9.2863384592e-01 8.1349503791e+00 1.1118003906e-02 1.2539974866e-02
3.6353280981e+01 1.8130130494e+01 2.2085837238e+01 4.9872061077e-01 2.0876258818e-02 9.3971257392e+01 6.6704619987e+00 -5.8615794602e-01 1.1985577245e+01 1.6299824109e-02 2.2975844592e-02
3.4337182968e+01 3.3051530675e+01 2.9326235018e+01 9.6255801491e-01 7.8406717406e-02 3.6772951869e+02 2.6383460288e+00 -8.7961284713e-01 8.5129390679e+00 1.8680866882e-02 1.0000000000e+00
3.5603162954e+01 2.3233293111e+01 2.4924721306e+01 6.5256261476e-01 1.2109333911e-02 5.4151481335e+01 1.6066063591e+01 7.4672407701e-01 2.0953628286e+01 1.0928073297e-02 1.2166693041e-02
3.9178230595e+01 3.3928347209e+01 3.1722924839e+01 8.6599998757e-01 5.3591861049e-02 2.4703892368e+02 2.0227189459e+00 -8.9274769939e-01 1.2875100277e+01 1.9937302410e-02 1.0000000000e+00
7.6554851647e+01 5.7229413928e+01 5.7500841814e+01 7.4756090171e-01 1.2847093271e-01 6.2278567942e+02 6.0440432348e+00 -9.5339583626e-01 1.0065572064e+01 8.7361492457e-03 1.3118497642e-02
7.2279410577e+01 6.2453608793e+01 5.8458608831e+01 8.6405808092e-01 2.4897153604e-02 1.1240558894e+02 4.8245046446e+01 6.7195213674e-01 8.8077440928e+00 4.2137667589e-03 4.3527730137e-03
3.0685278620e+01 2.5216428090e+01 2.4192634843e+01 8.2177608367e-01 1.9985963650e-02 8.9904099092e+01 1.4050510347e+00 -2.7700758023e-01 1.0502398688e+01 2.7628852779e-02 1.0000000000e+00
3.1762661324e+01 2.8265702223e+01 2.6075623224e+01 8.8990346036e-01 4.7616282252e-02 2.1856120596e+02 3.2661579523e+00 -8.3546949644e-01 1.1995823066e+01 1.8896601896e-02 1.0000000000e+00
3.4163705294e+01 3.3254321770e+01 2.9342197038e+01 9.7338158974e-01 6.6006802789e-02 3.0693442844e+02 5.0039409853e+00 -9.8658389466e-01 9.8582419322e+00 1.4796050247e-02 2.7023854599e-02
3.2275218161e+01 2.8583769221e+01 2.6431892881e+01 8.8562590278e-01 4.2568868846e-02 1.9468626543e+02 6.8506548064e+00 -7.8798189314e-01 9.2846960883e+00 1.4235593390e-02 1.9777476177e-02
5.7813022391e+01 5.0793403640e+01 4.7155102099e+01 8.7858066469e-01 6.5804461888e-02 3.0595039663e+02 1.2614436639e+01 -8.8845129719e-01 9.9702408932e+00 7.7775248231e-03 8.9733947420e-03
5.8379235234e+01 3.1232273767e+01 3.6816664882e+01 5.3498942975e-01 2.7401802380e-02 1.2394261183e+02 3.5892899251e+01 -8.0068107415e-01 9.7012303021e+00 6.2759151124e-03 6.5602443039e-03
2.4252789809e+01 2.1882220306e+01 2.0049600773e+01 9.0225580144e-01 9.7993510779e-03 4.3745124860e+01 7.3138936363e+01 6.8967089695e-01 1.0142009001e+01 7.1023487279e-03 7.2537356151e-03
4.9195546151e+01 3.6381630883e+01 3.6746262959e+01 7.3953098866e-01 5.2618569727e-02 2.4238488307e+02 1.6196553086e+01 -9.5208779539e-01 9.2284248855e+00 8.3408371084e-03 9.2769282552e-03
7.6602607320e+01 6.6984766594e+01 6.2331633681e+01 8.7444499524e-01 8.0744997005e-02 3.7930152518e+02 1.4509887257e+01 9.2532770657e-01 9.7232200121e+00 6.1450707741e-03 6.9350825009e-03
4.3613685145e+01 3.5326790739e+01 3.4133139354e+01 8.0999325376e-01 2.2284892215e-02 1.0041711745e+02 4.7622437778e+01 7.9285550636e-01 9.3520149407e+00 5.9364084428e-03 6.1349624409e-03
2.9272328151e+01 1.1485881333e+01 1.5628954781e+01 3.9238017810e-01 2.5719781403e-02 1.1619023926e+02 3.0237343205e+00 8.0410905063e-01 1.0916497481e+01 2.7140491977e-02 1.0000000000e+00
2.3265337821e+01 1.1015281875e+01 1.3747168440e+01 4.7346322497e-01 6.2941234358e-03 2.8022881632e+01 1.4382818255e+01 5.1942285899e-01 1.5540254546e+01 1.6582227788e-02 1.8737694522e-02
6.8481647994e+01 6.3493433062e+01 5.7396236999e+01 9.2715982926e-01 9.7086850484e-02 4.6111935600e+02 6.7630713887e+00 -5.8421677801e-01 8.1429553513e+00 8.5342229625e-03 1.1938394740e-02
3.0557006705e+01 2.7196086919e+01 2.5087378804e+01 8.9001148515e-01 1.3439491805e-02 6.0160035758e+01 1.7803425056e+01 -6.2139662648e-01 1.5814641426e+01 1.0464023664e-02 1.1511779841e-02
4.6277633458e+01 4.6245843647e+01 4.0273179703e+01 9.9931306317e-01 4.4896873217e-02 2.0567755312e+02 1.1054029506e+00 7.6266959310e-01 1.5364357371e+01 2.1654325827e-02 1.0000000000e+00
5.1434570145e+01 5.0284701104e+01 4.4272489597e+01 9.7764404294e-01 8.0309510244e-03 3.5802839367e+01 1.2132154748e+01 -3.9761563871e-03 3.0668100815e+01 8.5003955013e-03 9.8761743426e-03
3.7222307903e+01 2.7705579188e+01 2.7895622963e+01 7.4432727976e-01 5.4748254797e-02 2.5257640618e+02 6.6607975646e+00 9.8620572620e-01 9.6789410370e+00 1.3809258360e-02 1.9481090108e-02
4.9040875598e+01 2.3736489111e+01 2.9321457465e+01 4.8401438232e-01 2.4679596992e-03 1.0955902370e+01 3.1772986043e+02 2.5134327404e-01 8.3386734745e+00 3.2433136278e-03 3.2587591438e-03
2.9892927225e+01 2.8576009260e+01 2.5442335475e+01 9.5594549990e-01 6.8628580213e-02 3.1970812331e+02 3.0697823521e+00 -8.4019035484e-01 8.0661033384e+00 1.9398383845e-02 1.0000000000e+00
1.0182294311e+01 9.6890984213e+00 8.6463287979e+00 9.5156338301e-01 4.3495959460e-03 1.9336738141e+01 2.0024213733e+01 -6.3551562486e-01 1.3261065681e+01 1.9594741164e-02 2.1302548353e-02
3.4304165233e+01 2.9065385656e+01 2.7469935606e+01 8.4728444662e-01 7.8720756403e-03 3.5090325903e+01 1.0756358343e+02 -8.5390790120e-01 1.4024608052e+01 5.0539607050e-03 5.1262960460e-03
7.7565688531e+01 6.2861814170e+01 6.0721641432e+01 8.1043326452e-01 5.6828654061e-02 2.6256010333e+02 6.1349751011e+00 2.7175271671e-04 8.6670864745e+00 8.7477908210e-03 1.2995885783e-02
2.6898337675e+01 2.2120621148e+01 2.1214892672e+01 8.2237874381e-01 4.5355070433e-02 2.0784498978e+02 5.3639777249e+00 8.7691300718e-01 8.1794363038e+00 1.7871981767e-02 2.9866036781e-02
3.0052056238e+01 2.0712275440e+01 2.1644595243e+01 6.8921325303e-01 4.7924735063e-02 2.2002556834e+02 1.7045396355e+00 -8.6390287483e-01 8.2274300120e+00 2.7087464407e-02 1.0000000000e+00
3.6691782342e+01 3.1790280709e+01 2.9716833829e+01 8.6641418541e-01 2.1599749273e-02 9.7280279256e+01 2.2443085902e+01 9.7734539513e-01 1.5991998944e+01 8.5869257513e-03 9.2428536428e-03
3.5051521322e+01 3.1733494669e+01 2.9026793107e+01 9.0533858367e-01 3.9652582133e-02 1.8096713464e+02 2.3538518346e+00 4.9821195874e-01 1.0129001839e+01 2.0077008988e-02 1.0000000000e+00
7.2421015433e+01 4.5683039207e+01 4.9810258752e+01 6.3079810375e-01 7.8643358055e-02 3.6889909190e+02 7.3825921550e-01 8.7116903148e-01 1.1842038959e+01 2.1625666168e-02 1.0000000000e+00
4.2877441056e+01 3.6429656019e+01 3.4383330893e+01 8.4962290477e-01 4.4817975931e-02 2.0530447785e+02 2.1374907558e+01 -9.1838851868e-01 8.5777122553e+00 7.8720670923e-03 8.5080873556e-03
4.2865443816e+01 3.2425879647e+01 3.2392947594e+01 7.5645734095e-01 5.4472506432e-02 2.5125518590e+02 6.7678285111e+00 -9.3223500054e-01 1.0960680007e+01 1.2504710959e-02 1.7485979717e-02
9.3326765098e+00 8.6863601305e+00 7.8371852494e+00 9.3074694289e-01 4.4962052528e-03 1.9990745573e+01 6.7486303390e+01 6.5177204686e-01 8.2120499545e+00 1.3209826695e-02 1.3515993365e-02
1.2110386676e+01 1.1934044767e+01 1.0465608902e+01 9.8543878786e-01 1.8405248483e-02 8.2695878983e+01 1.4814312122e+00 -8.7659155283e-01 8.1789269619e+00 4.5773274073e-02 1.0000000000e+00
1.4402784912e+01 1.1695115846e+01 1.1286245343e+01 8.1200378376e-01 8.3360266989e-03 3.7171499156e+01 1.9853837153e+01 -9.3715757499e-01 1.3528925716e+01 1.6600927017e-02 1.8062323391e-02
3.8823281254e+01 3.6991808378e+01 3.2988878393e+01 9.5282539712e-01 3.2296868060e-02 1.4660992050e+02 1.4958121628e+01 4.8291950525e-01 8.0589003798e+00 9.3053828425e-03 1.0457120186e-02
4.9981476881e+01 4.8889893768e+01 4.3033116183e+01 9.7816024693e-01 1.4603865622e-01 7.1581976548e+02 3.5891218499e+00 -9.2445973065e-01 8.6165806935e+00 1.2608803532e-02 1.0000000000e+00
1.0724190544e+01 9.3081716993e+00 8.6934249961e+00 8.6796030533e-01 3.6588712877e-03 1.6257452608e+01 6.9467779533e+01 -3.8162501410e-01 8.0577760360e+00 1.2253673716e-02 1.2529240317e-02
2.8001523905e+01 2.7558874481e+01 2.4183147023e+01 9.8419195237e-01 5.2606410842e-02 2.4232678069e+02 6.2238357704e+00 9.6959664768e-01 8.5501975080e+00 1.5507335380e-02 2.2811059605e-02
2.5317937675e+01 2.0401603269e+01 1.9762196007e+01 8.0581615811e-01 1.1939268966e-02 5.3384124525e+01 5.6340060055e+01 6.2353282718e-01 8.6850056662e+00 7.8930657597e-03 8.1140817591e-03
3.3828391972e+01 2.7394127101e+01 2.6471652513e+01 8.0979690445e-01 6.5110978407e-02 3.0257978533e+02 5.1482904246e+00 9.9159452534e-01 8.7023199513e+00 1.5620220389e-02 2.7418354846e-02
6.3655081526e+01 6.2567940907e+01 5.4939316214e+01 9.8292138518e-01 7.4804952434e-02 3.4997125867e+02 6.3237592903e+00 -6.6813600720e-01 1.1484086423e+01 9.1105988830e-03 1.3261449564e-02
7.0822346371e+01 4.5337158012e+01 4.9086697261e+01 6.4015328968e-01 5.3029660960e-02 2.4434987961e+02 8.0661893281e+00 4.5040176032e-01 9.5772440253e+00 9.0373755215e-03 1.1684163733e-02
3.1791386890e+01 2.5906002597e+01 2.4957133068e+01 8.1487488061e-01 3.5208869120e-02 1.6016904046e+02 7.7982557217e+00 -6.7819817812e-01 8.7341489411e+00 1.4118303595e-02 1.8490024793e-02
4.3855620620e+01 3.4488052507e+01 3.3807695919e+01 7.8639982787e-01 1.4176006478e-02 6.3492103891e+01 5.8094241539e+01 8.1547208261e-01 1.3041894918e+01 5.5707705364e-03 5.7218114014e-03
2.9548079640e+01 2.5885259997e+01 2.4065498746e+01 8.7603865674e-01 4.6850946305e-02 2.1493046835e+02 8.7263508043e+00 9.4219807184e-01 8.0996152163e+00 1.3750189062e-02 1.7305083042e-02
7.4235149473e+01 7.3698408286e+01 6.4391312415e+01 9.9276971636e-01 4.2096598229e-02 1.9246080585e+02 7.5197338133e+00 1.0293640222e-01 1.1383150631e+01 7.8819791776e-03 1.0477798107e-02
1.6258699554e+01 1.4781864251e+01 1.3492831256e+01 9.0916645589e-01 1.1736927433e-02 5.2471384246e+01 2.0629774580e+01 6.9306389960e-01 9.0442685133e+00 1.4605069582e-02 1.5834584628e-02
4.5901962460e+01 3.2300081387e+01 3.3417757356e+01 7.0367539113e-01 7.2018780251e-02 3.3628986492e+02 2.7772076557e+00 -7.2155658342e-01 9.2528015520e+00 1.6951389422e-02 1.0000000000e+00
2.2069536334e+01 2.1623484082e+01 1.9017302489e+01 9.7978878010e-01 2.5682349051e-02 1.1601792763e+02 9.1485659464e+00 -6.8990777530e-01 8.1743405352e+00 1.5851203324e-02 1.9664697288e-02
3.0045827544e+01 2.9441081313e+01 2.5891575364e+01 9.7987253870e-01 3.7411944516e-02 1.7046407562e+02 8.5801206877e+00 6.5085474820e-01 8.0323927059e+00 1.3294351106e-02 1.6822801573e-02
6.8500650420e+01 5.8392716990e+01 5.5022997083e+01 8.5244032913e-01 1.6924442468e-01 8.4142544968e+02 3.0641217895e+00 -9.3151984374e-01 9.8657001365e+00 1.1331176787e-02 1.0000000000e+00
7.3836425737e+01 5.4307252103e+01 5.4996830216e+01 7.3550759751e-01 1.0932908048e-01 5.2347984190e+02 2.9081845193e+00 5.7053410994e-01 9.7276204290e+00 1.1945070652e-02 1.0000000000e+00
7.9290277485e+01 5.8032588828e+01 5.8909665613e+01 7.3190043809e-01 2.3243104228e-01 1.1984496201e+03 4.0044050854e+00 9.4019427917e-01 8.4932671178e+00 9.5033286808e-03 1.2227695786e-01
1.9548362558e+01 7.8030517449e+00 1.0534864781e+01 3.9916651443e-01 1.9590619147e-03 8.6933893212e+00 3.2862117736e+02 9.7189829083e-01 1.8092480808e+01 6.0741508503e-03 6.1021107467e-03
9.4008539519e+00 8.0430068093e+00 7.5652437070e+00 8.5556129799e-01 3.6690979620e-03 1.6303020067e+01 2.1608443460e+01 8.6294443399e-01 1.6886305293e+01 2.0709924426e-02 2.2362325154e-02
4.2249541796e+01 2.8245046429e+01 2.9952110009e+01 6.6852905922e-01 9.6918382842e-03 4.3261659155e+01 4.8308581806e+01 -9.3544966534e-02 8.8837153939e+00 6.4569357885e-03 6.6696436681e-03
3.6223437466e+01 3.4492973815e+01 3.0770045407e+01 9.5222806635e-01 5.6714706570e-02 2.6201256097e+02 7.1178623254e+00 -8.9257920123e-01 9.3016061100e+00 1.2654237134e-02 1.7245298348e-02
2.8824867845e+01 2.4203536496e+01 2.2976611422e+01 8.3967554078e-01 7.3022914622e-03 3.2536397216e+01 5.8404483141e+01 -5.3464442866e-01 1.4178916189e+01 7.1076297702e-03 7.2992646268e-03
8.5565250653e+01 6.3660917253e+01 6.4111094904e+01 7.4400433315e-01 1.1399044237e-01 5.4746163947e+02 3.7024104790e+00 -3.5186218396e-01 9.0426754299e+00 9.8879182894e-03 1.0000000000e+00
9.2094491628e+00 8.8615503836e+00 7.8641100899e+00 9.6222371469e-01 7.1573702495e-03 3.1887170151e+01 2.5754208635e+01 7.9116636307e-01 8.0047777848e+00 1.8885819714e-02 2.0119870665e-02
7.4977109892e+01 6.8540811040e+01 6.2394388697e+01 9.1415648240e-01 1.0487961472e-01 5.0070995579e+02 6.0612680855e+00 7.7023999496e-01 1.0965365669e+01 8.4027535073e-03 1.2591645957e-02
2.0808688719e+01 1.8578825189e+01 1.7111420476e+01 8.9283978631e-01 1.0778986205e-02 4.8153951036e+01 6.8295948118e+00 -6.1102621183e-02 9.4608006348e+00 1.9068157203e-02 2.6534458652e-02
3.2656728427e+01 1.6985107104e+01 2.0288736996e+01 5.2011049246e-01 2.4394494969e-02 1.1009522008e+02 2.0180977000e+00 7.1439475148e-01 1.3016138080e+01 2.6852889054e-02 1.0000000000e+00
3.1791526671e+01 2.8616233690e+01 2.6250390458e+01 9.0012140614e-01 6.1832657376e-02 2.8668703168e+02 3.4254513955e+00 9.1646319416e-01 1.0349521605e+01 1.8329755026e-02 1.0000000000e+00
3.7561525046e+01 1.9533496242e+01 2.3334272874e+01 5.2004002015e-01 6.6734197092e-03 2.9720165778e+01 7.4588005147e+01 -6.2793610606e-01 1.5257849660e+01 6.4249251834e-03 6.5591091201e-03
2.8192407232e+01 2.5449118092e+01 2.3312170699e+01 9.0269404391e-01 2.3338899950e-02 1.0524883905e+02 8.0978876253e+00 -6.4248279517e-01 1.1392377982e+01 1.4631200603e-02 1.8889016792e-02
3.2343442839e+01 1.1711328680e+01 1.6528630057e+01 3.6209282786e-01 2.6717522615e-02 1.2078653635e+02 7.2463311555e+00 -9.0253295575e-01 9.1127532031e+00 1.8872156555e-02 2.5503133230e-02
6.8946613226e+01 5.2075055833e+01 5.2061057023e+01 7.5529534225e-01 1.8208264471e-01 9.1221367723e+02 2.6199076225e+00 -9.4172717106e-01 8.3874153191e+00 1.2354864506e-02 1.0000000000e+00
1.0088133800e+01 6.4094334635e+00 6.9645699516e+00 6.3534381982e-01 9.3318933749e-03 4.1643618003e+01 8.7177723009e+00 -9.0287958923e-01 8.2489377346e+00 3.0544884279e-02 3.8453793397e-02
3.6615127784e+01 2.6123348454e+01 2.6847685096e+01 7.1345779832e-01 2.7998105435e-02 1.2669543629e+02 1.4391825257e+01 -7.2465110105e-01 1.0074264987e+01 1.0766271174e-02 1.2164641937e-02
2.3469754522e+01 1.2310144887e+01 1.4646545462e+01 5.2451102015e-01 2.5320945673e-02 1.1435476306e+02 4.6877645771e+00 7.5375731603e-01 8.6200095635e+00 2.3984831666e-02 4.9261646187e-02
3.8643962535e+01 3.0228568690e+01 2.9709157279e+01 7.8223263628e-01 6.1591836549e-02 2.8552225952e+02 4.0590993683e+00 9.3386291843e-01 1.2189793198e+01 1.5921342037e-02 7.7767339019e-02
3.5172926699e+01 2.2189965004e+01 2.4193175023e+01 6.3088196196e-01 2.4620171336e-02 1.1113228896e+02 5.7791289887e+00 -7.0969957436e-01 1.4061290943e+01 1.6211100272e-02 2.5216400818e-02
6.0752643774e+01 5.5270958829e+01 5.0434537092e+01 9.0977042965e-01 1.8764749038e-01 9.4318012841e+02 3.7472826483e+00 9.9769633187e-01 9.0435743957e+00 1.0987334007e-02 1.0000000000e+00
7.6071756229e+01 4.0199345867e+01 4.7661872390e+01 5.2843982918e-01 4.9434863353e-02 2.2720367041e+02 8.1110800940e+00 -4.8757370239e-01 1.0391400347e+01 9.2058123314e-03 1.1877721804e-02
2.9397719674e+01 2.7838120676e+01 2.4902246155e+01 9.4694830024e-01 3.3181281673e-02 1.5072212855e+02 1.6842391968e+00 -9.4688671179e-01 1.5319164979e+01 2.5148374679e-02 1.0000000000e+00
7.9842650608e+01 7.5990527692e+01 6.7805458690e+01 9.5175356922e-01 1.6188309559e-01 8.0125076678e+02 1.7898543665e+00 9.7664096551e-01 1.2247013232e+01 1.2213697938e-02 1.0000000000e+00
1.9041880071e+01 1.1616696368e+01 1.2869600957e+01 6.1006036822e-01 7.4954715844e-03 3.3402037963e+01 9.7739741964e+01 7.3850134956e-01 8.2721501695e+00 8.4166435034e-03 8.5495689756e-03
8.6205639367e+01 8.5328128724e+01 7.4663236826e+01 9.8982072809e-01 1.8296245180e-01 9.1709818856e+02 6.2495275965e+00 8.5037114902e-01 8.2554002774e+00 7.1150742760e-03 1.0437293292e-02
7.0576990070e+01 6.2476523284e+01 5.7786011891e+01 8.8522510272e-01 1.4201322166e-01 6.9434403566e+02 5.9665317570e+00 -9.8911181905e-01 9.6082836058e+00 8.6864305194e-03 1.3170407799e-02
3.7969463037e+01 2.8191471538e+01 2.8419144119e+01 7.4247748803e-01 4.5486568085e-02 2.0846727154e+02 2.3092973864e+00 -5.4019602733e-01 9.0473591107e+00 2.0419019622e-02 1.0000000000e+00
3.1144458799e+01 2.3432603379e+01 2.3470306831e+01 7.5238434968e-01 7.6152088880e-03 3.3938707624e+01 1.2381021309e+02 7.4443786881e-01 1.0820160904e+01 5.2905843208e-03 5.3561425501e-03
2.0950399779e+01 1.8281547109e+01 1.7029236785e+01 8.7261089536e-01 1.1116374749e-02 4.9673854890e+01 1.5000317418e+01 4.3700480212e-01 1.0179821558e+01 1.4235914454e-02 1.5991753307e-02
4.2294575967e+01 3.6033243759e+01 3.3963279043e+01 8.5195897903e-01 3.8987419548e-02 1.7784574899e+02 7.5487555823e+00 7.6128794796e-01 1.2777066768e+01 1.1761292277e-02 1.5609168571e-02
4.6574813773e+01 3.7496201555e+01 3.6337394406e+01 8.0507464264e-01 7.2503408201e-02 3.3866611730e+02 6.0555501977e+00 -9.8904586657e-01 1.0618703218e+01 1.2005848257e-02 1.8003312524e-02
3.3280978461e+01 1.6092891249e+01 1.9888345878e+01 4.8354621747e-01 2.9692714757e-03 1.3186406870e+01 7.4405598921e+01 -6.4574955576e-02 1.6513652919e+01 7.1226188442e-03 7.2717528822e-03
4.2355145767e+01 4.0772019275e+01 3.6175325458e+01 9.6262257009e-01 2.3401594335e-02 1.0553647125e+02 3.7323625174e+01 9.3324756179e-01 1.2625971930e+01 6.2681621929e-03 6.5403662309e-03
3.2094389595e+01 2.3945913321e+01 2.4082203446e+01 7.4610901230e-01 1.6387531101e-02 7.3519093118e+01 1.6332422692e+01 3.3809595035e-01 8.9521326313e+00 1.1067627795e-02 1.2297175578e-02
1.0443274017e+01 9.3050645455e+00 8.5788194003e+00 8.9101028382e-01 5.6717420114e-03 2.5239940584e+01 3.5756996461e+01 9.5453089060e-01 1.2197190082e+01 1.5830075945e-02 1.6550213571e-02
5.4121414269e+01 4.4956077499e+01 4.2904172306e+01 8.3065230476e-01 3.2753087030e-02 1.4873053519e+02 1.7153115497e+01 5.5413744790e-01 1.0554413938e+01 7.4986329323e-03 8.2837119107e-03
7.8267790912e+01 7.8115985365e+01 6.8069953778e+01 9.9806043399e-01 1.7464563000e-01 8.7109552533e+02 4.1740526774e+00 7.8429515744e-01 1.0083438683e+01 8.8089180348e-03 2.8998566215e-02
3.4860082348e+01 3.0733597239e+01 2.8483456071e+01 8.8162721284e-01 3.2730936894e-02 1.4862754452e+02 1.4177661031e+01 7.4001566448e-01 9.4499000240e+00 1.0404149952e-02 1.1781221744e-02
6.4830693876e+01 4.1397357336e+01 4.4874965731e+01 6.3854564654e-01 3.2329806922e-02 1.4676298244e+02 3.8851458987e+01 9.9047633410e-01 1.0565831004e+01 5.3672752794e-03 5.5904756278e-03
3.1184470604e+01 1.3400886844e+01 1.7490599641e+01 4.2972949625e-01 1.2212770611e-02 5.4618297158e+01 2.2083207071e+01 4.8143473379e-01 8.9498715645e+00 1.2101790188e-02 1.3043514572e-02
1.3966116490e+01 7.7415433480e+00 8.9746872770e+00 5.5430894864e-01 8.3222199369e-03 3.7109544377e+01 1.4136269441e+01 7.6636827354e-01 9.3824691128e+00 2.1759981598e-02 2.4650729396e-02
4.4809389663e+01 3.0218760777e+01 3.1911157643e+01 6.7438456548e-01 8.9887379531e-02 4.2487176018e+02 3.3360266317e+00 -9.8375068041e-01 9.8086080650e+00 1.6120631950e-02 1.0000000000e+00
2.3930790459e+01 2.2233372393e+01 2.0077814565e+01 9.2906970336e-01 2.4578855173e-02 1.1094240023e+02 4.6787410449e+00 7.9668437504e-01 1.3824901337e+01 1.9716677023e-02 4.0667086402e-02
7.8918070817e+01 6.3265262450e+01 6.1437753376e+01 8.0165748851e-01 8.3785400927e-02 3.9439907950e+02 1.1396341680e+00 -8.7153999904e-01 1.6192420152e+01 1.6070228636e-02 1.0000000000e+00
4.3813577911e+01 2.8570806407e+01 3.0661242793e+01 6.5209936667e-01 3.3396779184e-02 1.5172489261e+02 4.1815051258e+00 -6.7080426191e-01 1.6470773165e+01 1.5699487282e-02 5.0909856342e-02
3.4513497235e+01 2.3985834218e+01 2.4965260211e+01 6.9496968258e-01 4.3871719169e-02 2.0083313005e+02 1.2359234089e+01 9.7326741350e-01 8.2225740502e+00 1.1815018086e-02 1.3681029908e-02
4.5364055888e+01 4.2696908782e+01 3.8309660081e+01 9.4120571776e-01 4.0650853660e-02 1.8565709426e+02 6.7030815638e+00 -4.4973598380e-01 1.0193324219e+01 1.1394216428e-02 1.6017333639e-02
3.8619213634e+01 3.5037997834e+01 3.2015668174e+01 9.0726854683e-01 3.6839962971e-02 1.6778814132e+02 4.0572904799e+00 3.3582834803e-01 1.0874654516e+01 1.5422712703e-02 7.6202353433e-02
2.1973487450e+01 1.9450329829e+01 1.7990596067e+01 8.8517263695e-01 1.1621505900e-02 5.1950853639e+01 5.1023926372e+01 5.8690595650e-01 8.1611296896e+00 8.6889197473e-03 8.9590385625e-03
5.4059760004e+01 5.1794190326e+01 4.6062943112e+01 9.5809138484e-01 8.4382577931e-02 3.9737117533e+02 8.9237346737e+00 8.0472682471e-01 8.2845072996e+00 8.8895927507e-03 1.1110314897e-02
4.8664829463e+01 4.2639028281e+01 3.9638359963e+01 8.7617749312e-01 7.1128681941e-02 3.3192932924e+02 8.4134519038e+00 8.7036307760e-01 9.1446024985e+00 1.0059631755e-02 1.2813138335e-02
3.2847909121e+01 2.0418446033e+01 2.2419589381e+01 6.2160565405e-01 2.7709616608e-02 1.2536333879e+02 2.0835347226e+00 -7.9795342252e-01 1.4436199750e+01 2.4877639373e-02 1.0000000000e+00
6.5508059270e+01 2.5543684479e+01 3.4856944194e+01 3.8993193759e-01 1.1614804539e-01 5.5860607602e+02 2.9192086131e+00 -9.9112693691e-01 8.3628788484e+00 1.5801174610e-02 1.0000000000e+00
6.2168689090e+01 3.4761461733e+01 4.0133780068e+01 5.5914741395e-01 2.8859142202e-02 1.3067453843e+02 9.5119407109e+00 -6.2358910784e-01 1.6105481675e+01 9.7758285311e-03 1.1995415599e-02
7.2810942986e+01 6.2046386532e+01 5.8475370041e+01 8.5215743661e-01 7.3651882556e-02 3.4430325459e+02 2.2402719903e+00 -1.7614326465e-01 8.9624914797e+00 1.2939281736e-02 1.0000000000e+00
8.5969490079e+01 4.5641200667e+01 5.3996127381e+01 5.3089998121e-01 1.0540682154e-01 5.0340167522e+02 4.0078590880e+00 -6.6587467032e-01 1.1711333647e+01 1.0737436429e-02 1.1123160799e-01
4.2263815821e+01 4.1992693633e+01 3.6674548036e+01 9.9358500451e-01 4.6226565875e-02 2.1197122243e+02 6.2543416196e-01 7.2527006666e-01 1.0976911353e+01 2.8402631032e-02 1.0000000000e+00
6.3091236166e+01 5.5053139484e+01 5.1282367419e+01 8.7259566984e-01 1.1995909321e-01 5.7835860121e+02 4.6586290385e+00 -7.3669840441e-01 8.7662642109e+00 1.0395432269e-02 2.1649557478e-02
6.9974052055e+01 6.5813898686e+01 5.9071845402e+01 9.4054719933e-01 8.1751818216e-02 3.8429468885e+02 1.1309559679e+01 8.1017592190e-01 9.6139799615e+00 6.9732622608e-03 8.2133235081e-03
3.0314769036e+01 2.7457719542e+01 2.5110017883e+01 9.0575387558e-01 3.3506593708e-02 1.5223600430e+02 7.1152872925e+00 6.6509906571e-01 9.4291567896e+00 1.4571303593e-02 1.9861350840e-02
4.4659399939e+01 2.7024509370e+01 3.0055093582e+01 6.0512477567e-01 5.3569857949e-02 2.4693364315e+02 8.0931810507e+00 -9.0115134584e-01 9.1586020059e+00 1.2260625677e-02 1.5831953160e-02
1.6492222877e+01 1.5623820260e+01 1.3973186354e+01 9.4734471976e-01 1.1027913925e-02 4.9275273131e+01 9.6558510816e+00 7.1991499747e-01 1.3137090264e+01 1.9003677860e-02 2.3224553984e-02
6.7225151307e+01 4.7942300504e+01 4.9281559595e+01 7.1316017253e-01 1.1887452010e-01 5.7272851000e+02 6.4477745789e+00 9.8769693668e-01 9.1257569002e+00 9.4400850893e-03 1.3574233591e-02
2.6841183357e+01 1.9807340707e+01 2.0026687312e+01 7.3794588130e-01 2.2937022437e-02 1.0340570592e+02 1.1378784408e+00 4.8756303183e-01 8.8820381150e+00 3.3591046443e-02 1.0000000000e+00
2.0225088626e+01 8.2741868660e+00 1.1045940284e+01 4.0910509808e-01 3.9171393325e-03 1.7408446339e+01 2.2688720239e+01 7.0866022731e-01 2.0945215666e+01 1.6048304021e-02 1.7258997150e-02
3.6998466826e+01 2.7071005097e+01 2.7484170633e+01 7.3167910510e-01 4.4039427897e-03 1.9579156250e+01 2.2409217770e+02 7.2369709605e-01 1.1514782738e+01 3.8449555943e-03 3.8710128415e-03
6.1427429540e+01 5.4780836241e+01 5.0483237205e+01 8.9179763261e-01 1.5346948727e-01 7.5570771042e+02 2.6007419687e+00 8.9227915738e-01 8.9639820286e+00 1.2824441228e-02 1.0000000000e+00
4.0938042712e+01 3.8530941894e+01 3.4571839442e+01 9.4120137020e-01 5.5867525860e-02 2.5794427488e+02 3.4547994974e+00 7.5726238308e-01 1.3588503048e+01 1.5436709270e-02 1.0000000000e+00
2.1297810259e+01 1.2378359105e+01 1.4032475150e+01 5.8120337041e-01 2.4376179877e-02 1.1001107005e+02 2.6577436608e+00 -9.5047201346e-01 1.1349807826e+01 3.0495252826e-02 1.0000000000e+00
3.6688457565e+01 2.1334121723e+01 2.4179266796e+01 5.8149410301e-01 2.0427518313e-02 9.1920605549e+01 5.2689495059e+01 9.0400899821e-01 8.5597953784e+00 7.0979579721e-03 7.3112512856e-03
3.7495636694e+01 3.6008546481e+01 3.1986696009e+01 9.6033964631e-01 4.1310287830e-02 1.8875872389e+02 1.3733326873e+01 -7.3590214016e-01 8.6121775782e+00 9.7422971154e-03 1.1084836419e-02
3.2691753758e+01 3.1972751650e+01 2.8144772853e+01 9.7800662167e-01 2.7805972566e-02 1.2580820147e+02 1.7717191307e+01 -9.1290271640e-01 1.2146413217e+01 9.6706265365e-03 1.0644572923e-02
3.2548713638e+01 2.0811561384e+01 2.2545479916e+01 6.3939735426e-01 1.3825667173e-02 6.1906679529e+01 5.3828775409e+01 -6.5103850565e-01 8.8911177806e+00 7.3858600886e-03 7.6028502007e-03
3.3001048111e+01 3.1386090276e+01 2.8015549613e+01 9.5106343806e-01 3.5877790184e-02 1.6329157407e+02 1.0629134274e+01 -7.6085717766e-01 9.6569132202e+00 1.1689387083e-02 1.3953467469e-02
3.6675735112e+01 3.4118243635e+01 3.0790733292e+01 9.3026747878e-01 1.7868646246e-02 8.0252704916e+01 1.5444535789e+00 -8.8548977987e-01 3.3853248097e+01 2.2964675617e-02 1.0000000000e+00
3.4364841388e+01 3.1360379016e+01 2.8572680026e+01 9.1257162118e-01 1.9808578811e-02 8.9094377458e+01 2.4293134725e+00 7.7891121299e-02 1.2649999408e+01 2.0280136990e-02 1.0000000000e+00
3.3070464450e+01 3.0300144825e+01 2.7552018579e+01 9.1622979383e-01 2.4769956819e-02 1.1182079652e+02 7.6594547827e+00 7.1083529656e-01 1.4582176527e+01 1.3446497243e-02 1.7737900685e-02
5.6930134560e+01 5.5368336500e+01 4.8875075682e+01 9.7256640843e-01 8.5210189388e-02 4.0149376902e+02 3.4100212317e+00 8.6377269441e-01 1.5571067093e+01 1.2281771715e-02 1.0000000000e+00
3.2478882842e+01 2.9486861975e+01 2.6934408893e+01 9.0787796238e-01 6.5929886404e-02 3.0656033533e+02 3.9843293161e+00 -7.1047705690e-01 8.3156121623e+00 1.7002585911e-02 1.0000000000e+00
4.6376263852e+01 2.9294550508e+01 3.1920073049e+01 6.3167120580e-01 1.0466760555e-01 4.9962798997e+02 3.3762820405e+00 -9.9476665843e-01 8.6059623367e+00 1.5910965686e-02 1.0000000000e+00
4.1644446389e+01 3.7570132269e+01 3.4425389837e+01 9.0216428664e-01 6.8655519930e-02 3.1983960264e+02 6.1503538784e+00 9.9716376763e-01 1.0498588273e+01 1.2374006177e-02 1.8350869280e-02
2.1615976710e+01 2.0052785128e+01 1.8122062305e+01 9.2768350914e-01 2.4612698031e-02 1.1109794088e+02 7.8311182437e+00 8.0075884407e-01 9.6392189567e+00 1.7328350718e-02 2.2656564863e-02
3.5425989840e+01 3.4827580385e+01 3.0578311346e+01 9.8310817968e-01 1.1490711600e-02 5.1361102751e+01 1.1706829316e+01 -1.7773684960e-01 1.5867889684e+01 1.0833564847e-02 1.2672366271e-02
4.4573177441e+01 2.5421684589e+01 2.9077262680e+01 5.7033592955e-01 6.8055726068e-02 3.1691339020e+02 4.3573108946e+00 8.2659978992e-01 8.8077030962e+00 1.5653867092e-02 3.9988604703e-02
2.3702573283e+01 1.7011269147e+01 1.7432951023e+01 7.1769714383e-01 1.5819895899e-02 7.0942330504e+01 4.4943521682e-01 5.9608036404e-01 9.6057045985e+00 5.2125869823e-02 1.0000000000e+00
7.9080987513e+01 7.7783054304e+01 6.8276235179e+01 9.8358729134e-01 1.2015313528e-01 5.7936662260e+02 4.4019890288e+00 4.8455162854e-01 9.4506494467e+00 8.8784168516e-03 2.1783294605e-02
7.6249587798e+01 5.1129838828e+01 5.4141127582e+01 6.7055888831e-01 1.5316295339e-01 7.5405602635e+02 3.0184361412e+00 8.3123000358e-01 9.5036267638e+00 1.1610910022e-02 1.0000000000e+00
1.5005290603e+01 1.3820601250e+01 1.2534478161e+01 9.2104855650e-01 5.9821572783e-03 2.6627616471e+01 5.8123626515e+01 6.2749610475e-01 1.0815741554e+01 1.0407661153e-02 1.0689695267e-02
5.6268059473e+01 5.0117076864e+01 4.6213877753e+01 8.9068429465e-01 1.4569739748e-01 7.1399552631e+02 2.7173367309e+00 -8.8204356808e-01 8.4309304471e+00 1.3387993248e-02 1.0000000000e+00
5.6873904560e+01 2.5850754849e+01 3.2877952739e+01 4.5452752100e-01 2.3836122418e-02 1.0753073542e+02 8.5511774105e+00 5.4655306087e-01 1.4698156923e+01 1.1559831798e-02 1.4644172021e-02
3.3068748207e+01 2.6390317558e+01 2.5684659144e+01 7.9804404428e-01 2.6880835739e-02 1.2153949784e+02 9.0428103158e-01 -4.3664590768e-01 9.1903343355e+00 3.1265170428e-02 1.0000000000e+00
3.5921610725e+01 3.4212688518e+01 3.0516850562e+01 9.5242634803e-01 7.2909964151e-02 3.4066069918e+02 2.3050326469e+00 8.8706642002e-01 9.3490250095e+00 1.9229919632e-02 1.0000000000e+00
8.1464263213e+01 3.5757697049e+01 4.6216835829e+01 4.3893721786e-01 1.7509405622e-01 8.7356613322e+02 3.0922190920e+00 -9.8144544091e-01 8.1340696722e+00 1.2553761471e-02 1.0000000000e+00
3.8759734441e+01 3.5118584760e+01 3.2110515522e+01 9.0605844613e-01 1.1229254039e-02 5.0182536358e+01 8.1381262210e+01 -9.1056714203e-01 1.3791924465e+01 5.0791205493e-03 5.1760295862e-03
8.4947416265e+01 6.5279198708e+01 6.4715098578e+01 7.6846597081e-01 2.6416591773e-01 1.3856548977e+03 3.0087769780e+00 9.9698337102e-01 8.5449893230e+00 9.8178961711e-03 1.0000000000e+00
3.3222552885e+01 3.1250541252e+01 2.8047788536e+01 9.4064238109e-01 4.0562644922e-02 1.8524242140e+02 5.9644837349e+00 5.4780943774e-01 8.3591464404e+00 1.4466105775e-02 2.1939326647e-02
2.6898907916e+01 2.3938666209e+01 2.2083290966e+01 8.8994937208e-01 2.2540535532e-02 1.0158834570e+02 3.7743797986e+00 9.9429799857e-01 2.4880333273e+01 2.0161063539e-02 1.0000000000e+00
4.0006734847e+01 2.7293824279e+01 2.8662546015e+01 6.8223073899e-01 5.1432970987e-02 2.3672385195e+02 7.8289119729e+00 8.4701669794e-01 8.6094355957e+00 1.2804053834e-02 1.6742960472e-02
3.4806737908e+01 1.7328088872e+01 2.1126269074e+01 4.9783719800e-01 6.8008406184e-03 3.0290570012e+01 7.4201090064e+01 -5.8025818911e-01 1.3218430435e+01 6.8495635715e-03 6.9933910252e-03
7.4667999147e+01 5.4973214860e+01 5.5644567569e+01 7.3623527465e-01 9.2584069685e-02 4.3841177378e+02 5.8992772215e+00 6.4355859783e-01 9.5566862556e+00 9.1822194656e-03 1.4045156598e-02
5.9143310883e+01 4.3817481255e+01 4.4217832526e+01 7.4086960302e-01 9.2874062275e-02 4.3987047490e+02 1.1925228869e+00 -7.9203098747e-01 9.0090182682e+00 1.9303719185e-02 1.0000000000e+00
4.1113450712e+01 4.0950116132e+01 3.5720157269e+01 9.9602722280e-01 3.5088730263e-02 1.5960854055e+02 1.4077055505e+01 5.6115137259e-01 9.1482159746e+00 9.0426760005e-03 1.0250352130e-02
3.2181469561e+01 2.0256322041e+01 2.2109096763e+01 6.2944055437e-01 2.7044021246e-02 1.2229204689e+02 1.9938016492e+01 -7.9269822165e-01 8.0220329113e+00 1.0763164413e-02 1.1705982056e-02
1.8638956276e+01 1.5198356864e+01 1.4636989533e+01 8.1540815050e-01 1.1521868143e-02 5.1501577033e+01 2.7951700077e+01 9.8128517224e-01 1.2659296575e+01 1.2387987503e-02 1.3126614001e-02
4.4186384332e+01 3.4278836666e+01 3.3826205565e+01 7.7577826708e-01 6.9733066567e-03 3.1062795005e+01 1.7985782672e+02 -9.7880290964e-01 1.2063559508e+01 3.6614466770e-03 3.6924581230e-03
3.7561394415e+01 3.7209980228e+01 3.2545699816e+01 9.9064427207e-01 4.4467236808e-03 1.9769997641e+01 6.7468706875e+01 5.7787535876e-01 2.7752789453e+01 5.4261840757e-03 5.5519819902e-03
3.3040440444e+01 2.7316771962e+01 2.6129992701e+01 8.2676779108e-01 8.3391504183e-03 3.7185516332e+01 1.5851261250e+02 9.4687685157e-01 1.0429728072e+01 4.5074468069e-03 4.5508557348e-03
3.6932812304e+01 2.2209305903e+01 2.4773595598e+01 6.0134348069e-01 6.6882741452e-02 3.1119730905e+02 4.9385155264e+00 9.9692326312e-01 8.0391159372e+00 1.6519846235e-02 3.0792086016e-02
2.9473430566e+01 1.9142294038e+01 2.0582562854e+01 6.4947627983e-01 7.9668710981e-03 3.5515437608e+01 1.4110924575e+02 -9.5725537277e-01 1.1144092302e+01 5.4669660086e-03 5.5262387896e-03
6.4758158619e+01 5.9394793040e+01 5.3980177580e+01 9.1717853482e-01 1.3094437169e-01 6.3577562506e+02 4.9234562313e+00 -7.1884556694e-01 8.0751148896e+00 9.8010418161e-03 1.8358720250e-02
3.0564414747e+01 2.3467128611e+01 2.3274274281e+01 7.6779250661e-01 1.4312083655e-02 6.4108128815e+01 1.3177171279e+01 -7.8674459507e-01 1.8375509199e+01 1.2269661439e-02 1.4052386522e-02
9.6668780631e+00 8.0566124304e+00 7.6763253996e+00 8.3342443938e-01 3.5079087518e-03 1.5584884409e+01 8.7931687644e+01 6.1802541168e-01 9.1045483099e+00 1.2125365957e-02 1.2338920037e-02
2.3703789613e+01 2.2848610165e+01 2.0259005778e+01 9.6392224782e-01 9.3119686994e-03 4.1554077154e+01 6.1093894085e+01 -6.0956102671e-01 1.0748968556e+01 7.5512586355e-03 7.7454632713e-03
2.5688036764e+01 1.4380457564e+01 1.6593636292e+01 5.5981146776e-01 8.8123813819e-03 3.9309821983e+01 2.5922865099e+01 4.2151628636e-01 1.0238714053e+01 1.1801701789e-02 1.2567221498e-02
3.0835664273e+01 2.7966149020e+01 2.5558387003e+01 9.0694167547e-01 1.6301275538e-02 7.3127399869e+01 6.0835579141e+01 6.9127739874e-01 8.1121651227e+00 6.5127465890e-03 6.6809879586e-03
2.6511286702e+01 2.3574222212e+01 2.1755971907e+01 8.8921456274e-01 1.8671316486e-02 8.3908010563e+01 1.1280614172e+01 -7.4821220542e-01 1.3145502160e+01 1.3529698201e-02 1.5944095332e-02
3.4634159181e+01 2.3457373895e+01 2.4719965242e+01 6.7729012194e-01 2.7341102599e-02 1.2366252375e+02 2.7334135018e+01 -9.4153975003e-01 9.3047998899e+00 8.9161972443e-03 9.4612229850e-03
6.8235410515e+01 6.0253502586e+01 5.5798449720e+01 8.8302396265e-01 1.5710504875e-01 7.7533783707e+02 3.2497876276e+00 7.8810690821e-01 9.3452720355e+00 1.1059316812e-02 1.0000000000e+00
3.8683689086e+01 3.1175213530e+01 3.0196599621e+01 8.0590073662e-01 3.0837874040e-02 1.3983734341e+02 1.6324870213e+01 -7.1996243206e-01 9.8863687141e+00 9.5254244543e-03 1.0584238208e-02
9.4041575778e+00 7.0775901934e+00 7.0879808147e+00 7.5260225436e-01 1.6068890714e-03 7.1286903649e+00 6.6047590749e+00 -8.6022587576e-01 5.1593447878e+01 3.3686972165e-02 4.7752433712e-02
3.7643156772e+01 2.2440162462e+01 2.5134858032e+01 5.9612860307e-01 4.6509241792e-02 2.1331065061e+02 2.8677435614e+00 6.1342581826e-01 8.7759814824e+00 2.0315659963e-02 1.0000000000e+00
7.7128520938e+00 4.6000000000e+00 5.1512421817e+00 5.9640713242e-01 7.1155954038e-03 3.1700050921e+01 4.2495586073e+00 -8.0759646502e-01 9.4192899045e+00 4.8352869609e-02 1.3999466304e-01
4.2650841305e+01 3.1542338660e+01 3.1858116670e+01 7.3954786575e-01 3.1707152954e-02 1.4387080860e+02 8.7319988415e+00 6.2237958798e-01 1.1630557452e+01 1.1641736883e-02 1.4648517337e-02
3.9053723161e+01 3.6715030422e+01 3.2961409354e+01 9.4011601071e-01 1.1480076561e-02 5.1313154462e+01 8.3221184103e+01 9.9159463911e-01 1.4533889713e+01 4.9542862179e-03 5.0466513628e-03
6.6229607855e+01 5.9823447996e+01 5.4782708303e+01 9.0327347441e-01 8.6716935152e-02 4.0901020940e+02 2.4976963063e+00 -5.3683347454e-01 1.1163884981e+01 1.2841578843e-02 1.0000000000e+00
3.5462916430e+01 3.3477218146e+01 2.9992996799e+01 9.4400634566e-01 5.0678219888e-02 2.3312474807e+02 3.5714853385e+00 -4.4304514310e-01 8.5991180963e+00 1.6712692474e-02 1.0000000000e+00
3.2133276166e+01 2.6267686967e+01 2.5266326348e+01 8.1746059231e-01 7.6591807001e-02 3.5877110444e+02 2.6767765760e+00 -9.8652484495e-01 8.0942038512e+00 2.0414815741e-02 1.0000000000e+00
3.3125972328e+01 3.1305409499e+01 2.8031950989e+01 9.4504122594e-01 2.5384591543e-02 1.1464759624e+02 9.3112208613e+00 9.4615578008e-01 1.7446849888e+01 1.2358213316e-02 1.5254054276e-02
4.0795189180e+01 3.5572124540e+01 3.3147421478e+01 8.7196861333e-01 7.9531693960e-02 3.7329271563e+02 4.3892930482e+00 8.4819281779e-01 9.0635028001e+00 1.4287938072e-02 3.5441637764e-02
2.5518613802e+01 2.2106943337e+01 2.0666334411e+01 8.6630659127e-01 2.9262478005e-02 1.3254015153e+02 4.8963271352e+00 -5.7780376042e-01 9.0664128444e+00 1.8982387612e-02 3.5882053799e-02
9.4606950160e+00 4.9696269064e+00 5.9087129581e+00 5.2529194715e-01 1.4118073013e-03 6.2623073412e+00 1.7934152263e+02 -2.2342648302e-01 8.2217706114e+00 1.0945218176e-02 1.1038192220e-02
3.3531754937e+01 3.0257220163e+01 2.7721840500e+01 9.0234526109e-01 1.2067653062e-02 5.3963393553e+01 3.8181231208e+01 4.7709736461e-01 1.1672136386e+01 7.3910691694e-03 7.7042541626e-03
8.2740327177e+01 4.9696934734e+01 5.5465899862e+01 6.0063739689e-01 6.0579734834e-02 2.8063107967e+02 1.8283377129e+00 -5.2710832802e-01 1.4668713302e+01 1.4543492761e-02 1.0000000000e+00
4.7675732256e+01 2.4711261259e+01 2.9565366215e+01 5.1831949065e-01 7.2659259389e-02 3.3943060779e+02 1.5286255915e+00 9.4351547634e-01 8.6091232065e+00 2.2883880184e-02 1.0000000000e+00
8.3637434494e+01 6.6304369598e+01 6.4741262682e+01 7.9275948621e-01 6.3293792287e-02 2.9376195705e+02 1.0539377605e+01 9.3375632050e-01 1.5961704969e+01 6.8346865807e-03 8.1742527058e-03
3.2895160128e+01 2.9936098287e+01 2.7312482051e+01 9.1004567755e-01 2.6084020843e-02 1.1786741944e+02 1.8436016880e+01 8.1696003675e-01 1.1125680934e+01 9.7180811943e-03 1.0651552609e-02
1.9980544820e+01 1.0831279202e+01 1.2689039945e+01 5.4209128430e-01 8.5406119562e-03 3.8089680679e+01 6.4669441090e+01 -9.0997169895e-01 1.0175583580e+01 9.9073437195e-03 1.0147420277e-02
6.2326664065e+01 5.0094254866e+01 4.8585609581e+01 8.0373714233e-01 9.9000021352e-02 4.7080494226e+02 4.5753773515e+00 6.4730620844e-01 9.0084863738e+00 1.0953925950e-02 2.3836781136e-02
3.4539866421e+01 2.1271196890e+01 2.3459755922e+01 6.1584479309e-01 6.3365537627e-03 2.8212701603e+01 2.2071845002e+02 9.4525264875e-01 1.0031672497e+01 4.2639739517e-03 4.2933181741e-03
5.4585936835e+01 3.5279048586e+01 3.8022483318e+01 6.4630288736e-01 3.9736610210e-02 1.8136165529e+02 2.9405562653e+01 -9.3836533586e-01 8.9828866049e+00 6.5789608038e-03 6.9497639268e-03
2.0618058400e+01 1.9673193919e+01 1.7531998697e+01 9.5417296512e-01 9.0346563620e-03 4.0308122045e+01 4.2281490064e+01 -5.5777274376e-01 1.0629802745e+01 9.4902672200e-03 9.8506295048e-03
3.9262135807e+01 3.2343657330e+01 3.0993326897e+01 8.2378751602e-01 2.2493653290e-02 1.0137352252e+02 1.4659761909e+01 3.4233723136e-01 9.0923801175e+00 9.8071459370e-03 1.1051848363e-02
7.0406410901e+01 6.3778976222e+01 5.8322053247e+01 9.0586887480e-01 1.1731171493e-01 5.6462817344e+02 1.1250089675e+00 6.5482877261e-01 8.5875560530e+00 1.6367516053e-02 1.0000000000e+00
3.7270981589e+01 2.4017099558e+01 2.5921470117e+01 6.4439138800e-01 1.6243381371e-02 7.2864525821e+01 9.6290369085e+01 9.5553055206e-01 8.0198833844e+00 5.4345842340e-03 5.5217437752e-03
2.2935411540e+01 1.9205459578e+01 1.8256521925e+01 8.3737148316e-01 1.8952193657e-02 8.5188120559e+01 2.3670410836e+00 2.5784195250e-01 8.6817031024e+00 2.7108854229e-02 1.0000000000e+00
4.2155968201e+01 3.7771184955e+01 3.4727453451e+01 8.9598665544e-01 3.8421400993e-02 1.7519188334e+02 2.2251358557e+01 8.6135150505e-01 9.3071786476e+00 7.7358481924e-03 8.3326077671e-03
5.5685688550e+01 5.5565739068e+01 4.8424962714e+01 9.9784595495e-01 8.6353160421e-02 4.0719422637e+02 8.6800393814e+00 9.3183519484e-01 9.9207539985e+00 8.6961075580e-03 1.0962938384e-02
3.1355350618e+01 2.8057377126e+01 2.5813051047e+01 8.9481943507e-01 2.6197562740e-02 1.1839041480e+02 2.0386351687e+00 -3.6613586621e-01 1.0704074803e+01 2.2987909386e-02 1.0000000000e+00
1.2836462315e+01 7.7549653897e+00 8.6313322920e+00 6.0413571897e-01 3.3971532348e-03 1.5091544725e+01 1.4311275312e+02 -6.3961749280e-01 9.3222259199e+00 9.3879804953e-03 9.4883118522e-03
3.8722670818e+01 1.8297118283e+01 2.2856181631e+01 4.7251694929e-01 3.1619469574e-02 1.4346373142e+02 2.5322640469e+00 6.4915572098e-01 1.1499779318e+01 2.2791760197e-02 1.0000000000e+00
2.8318412569e+01 2.3412437209e+01 2.2395429494e+01 8.2675669590e-01 2.4364841777e-02 1.0995897743e+02 6.7121038555e+00 4.4017664996e-01 8.6825151479e+00 1.6086625639e-02 2.2596807559e-02
3.1917996072e+01 1.9970928570e+01 2.1859760081e+01 6.2569493791e-01 2.4373507219e-02 1.0999879051e+02 2.7060581346e+01 9.6333532614e-01 9.4107900068e+00 9.6823213257e-03 1.0280862908e-02
8.2066244285e+01 5.9571700896e+01 6.0713715586e+01 7.2589773560e-01 6.4360970828e-02 2.9893786772e+02 8.1740999334e+00 4.2797502719e-01 9.5290002631e+00 7.8211554691e-03 1.0062938803e-02
3.1116752274e+01 1.5155349003e+01 1.8666903322e+01 4.8704790493e-01 1.6438159130e-02 7.3749022104e+01 2.2851542571e+01 8.2685876601e-01 1.0724376424e+01 1.1441465299e-02 1.2297586431e-02
3.7814137459e+01 2.9099846766e+01 2.8828600675e+01 7.6954939928e-01 4.9334527960e-02 2.2672628989e+02 2.9504402333e+00 -7.4720841826e-01 1.1609570933e+01 1.8418414027e-02 1.0000000000e+00
3.8518234845e+01 3.3369473850e+01 3.1194534780e+01 8.6632925896e-01 2.1589100102e-02 9.7231548011e+01 4.4698318626e+01 8.8760998966e-01 1.0553935232e+01 6.4337594707e-03 6.6639670395e-03
4.3773357542e+01 4.2392569968e+01 3.7500119325e+01 9.6845598208e-01 6.3696772786e-02 2.9571560051e+02 5.6014886098e+00 5.8029095766e-01 8.2228990615e+00 1.2183593191e-02 1.9484655905e-02
2.9489915581e+01 1.7168710664e+01 1.9447345821e+01 5.8218921031e-01 1.3460424559e-02 6.0254687495e+01 4.1597631437e+01 -9.4150203452e-01 1.2394416732e+01 8.9248938599e-03 9.2697624217e-03
3.2669654927e+01 2.2105274386e+01 2.3306008968e+01 6.7663017672e-01 2.2717336445e-02 1.0239861169e+02 6.2571829086e+00 -9.9250295419e-01 1.9050377518e+01 1.6125528964e-02 2.3635702021e-02
9.8146254650e+00 9.6174485150e+00 8.4577789373e+00 9.7990988543e-01 4.1269903333e-03 1.8343998111e+01 1.4678353497e+02 9.5842378884e-01 1.0605672075e+01 9.4137710768e-03 9.5118137485e-03
3.4343538848e+01 3.3150255935e+01 2.9372870359e+01 9.6525451502e-01 6.2604743214e-02 2.9042384220e+02 6.4752469587e+00 8.8249946773e-01 8.2243875556e+00 1.3450882537e-02 1.9291453724e-02
3.4493151486e+01 3.2017117483e+01 2.8926195852e+01 9.2821664891e-01 5.7409625618e-02 2.6535308608e+02 3.5350019556e+00 -5.5301368381e-01 8.3441172155e+00 1.7092890381e-02 1.0000000000e+00
