# FullPop+Madau TianQin events with joint-polarization SNR above threshold
# summary = {'model': 'fullpop_madau_joint_polarization_snr', 'Tobs_yr': 4.0, 'rho_thr': 8.0, 'z_max': 0.3, 't_merger_min_yr': 0.1, 't_merger_max_yr': 2000.0, 'n_samples': 300000000, 'n_workers': 32, 'n_freq': 2000, 'n_snr_above_threshold': 1354, 'detected_fraction': 4.513333333333333e-06, 'max_snr': 83.91616690849426}
# columns: m1_msun m2_msun chirp_mass_msun q redshift dl_mpc t_merger_yr cos_iota snr f_start_hz f_end_hz
2.2512150359e+01 1.5793062660e+01 1.6363583886e+01 7.0153505588e-01 1.2693109529e-02 5.6787035623e+01 3.0681010810e+01 -6.7095809381e-01 9.0374380851e+00 1.1149283091e-02 1.1748900128e-02
4.1132641002e+01 3.4842104336e+01 3.2933715737e+01 8.4706703695e-01 9.2518484893e-02 4.3808194502e+02 4.4100672814e+00 -9.0784039509e-01 8.2521580375e+00 1.4213804353e-02 3.4638303993e-02
7.5170707015e+01 3.1576280357e+01 4.1646128729e+01 4.2006097336e-01 8.8101077349e-02 4.1592738075e+02 3.1041213222e+00 6.8002737859e-01 9.8264496806e+00 1.4037549863e-02 1.0000000000e+00
3.4391413628e+01 3.2653747954e+01 2.9171338035e+01 9.4947385145e-01 7.2354295331e-02 3.3793482259e+02 1.7935619695e+00 9.2474408742e-01 8.6842319573e+00 2.1737917919e-02 1.0000000000e+00
8.1954603058e+01 6.3977336184e+01 6.2940419334e+01 7.8064359775e-01 1.8602327745e-01 9.3412439876e+02 3.6552144029e+00 8.8896151466e-01 1.0606654400e+01 9.6647170496e-03 1.0000000000e+00
6.0552536568e+01 2.9802565998e+01 3.6529275837e+01 4.9217700343e-01 5.1467549012e-02 2.3688882832e+02 1.3518956233e+00 -4.5862878137e-01 8.6521706568e+00 2.1259055801e-02 1.0000000000e+00
2.8136024613e+01 2.3270765187e+01 2.2255632567e+01 8.2708078016e-01 7.0388011191e-03 3.1356102232e+01 8.9748559481e+01 -9.7408799273e-01 1.8324251061e+01 6.1727912982e-03 6.2792364757e-03
6.3235212895e+01 5.3795261087e+01 5.0741349106e+01 8.5071684944e-01 3.2922854342e-02 1.4952000287e+02 2.3612887510e+01 -6.9683000734e-01 1.1612689559e+01 5.9888873720e-03 6.4205758516e-03
3.4252297375e+01 3.1140181254e+01 2.8425030892e+01 9.0914139023e-01 3.9380722281e-02 1.7969103903e+02 1.6929060143e+00 -7.5156362567e-01 1.2402871639e+01 2.3021635486e-02 1.0000000000e+00
9.8225226146e+00 9.7656378275e+00 8.5261989099e+00 9.9420873951e-01 2.0700449345e-03 9.1866598102e+00 3.3910204624e+02 -8.8474405151e-01 1.3366059962e+01 6.8511484289e-03 6.8817022091e-03
8.4658069410e+01 6.4072427769e+01 6.3991710403e+01 7.5683780903e-01 8.6431401875e-02 4.0758474300e+02 7.2282815008e+00 8.6559023652e-01 1.3601071435e+01 7.8244501647e-03 1.0585897909e-02
6.0549588731e+01 4.3076981135e+01 4.4332237381e+01 7.1143309208e-01 5.4973177614e-02 2.5365446140e+02 8.1467613301e+00 -6.7119927143e-01 1.0816079470e+01 9.5846377410e-03 1.2346793525e-02
3.8944886444e+01 3.4677827599e+01 3.1981514812e+01 8.9043339872e-01 4.5686499144e-02 2.0941361261e+02 1.2350084187e+01 -7.7377122042e-01 8.4942969245e+00 1.0112457088e-02 1.1711131045e-02
7.5060206067e+01 7.1058365766e+01 6.3573174278e+01 9.4668492786e-01 1.2110155595e-01 5.8429674735e+02 4.7735439036e+00 6.9981517792e-01 1.0509252213e+01 9.0008000684e-03 1.7810027807e-02
2.5641371760e+01 1.9028820086e+01 1.9187054345e+01 7.4211396580e-01 8.4608109344e-03 3.7731499004e+01 5.5669626912e+01 -6.5664826044e-01 1.2478484862e+01 8.0936942468e-03 8.3232015914e-03
4.8667486829e+01 1.3750836581e+01 2.1690941581e+01 2.8254667494e-01 3.1365758515e-02 1.4228614187e+02 1.1172553458e+01 9.6277321567e-01 9.9136832882e+00 1.3499156480e-02 1.5939919526e-02
3.0669588923e+01 2.6031228139e+01 2.4581235331e+01 8.4876351634e-01 1.7075046512e-02 7.6642931303e+01 2.1540442636e+01 -4.7889438841e-01 9.4960268788e+00 9.8452629377e-03 1.0633655771e-02
1.7590194336e+01 1.6663528384e+01 1.4903250672e+01 9.4731917489e-01 8.6575659256e-03 3.8614698485e+01 6.4660159444e+01 8.4665345820e-01 1.1106170566e+01 8.9596589966e-03 9.1768036537e-03
6.9304994669e+01 4.4632452441e+01 4.8185445023e+01 6.4400051763e-01 5.3928898660e-02 2.4865197042e+02 4.5201885238e+00 -2.2095548170e-01 9.6041602305e+00 1.1354226285e-02 2.5543532871e-02
3.8911590318e+01 3.3577127882e+01 3.1449911759e+01 8.6290813630e-01 2.5568672297e-02 1.1549469840e+02 9.9470811356e+00 2.3955733168e-01 8.3889529898e+00 1.1218111686e-02 1.3604785012e-02
2.3120762856e+01 2.2639112430e+01 1.9916818555e+01 9.7916805648e-01 2.8577357770e-02 1.2937179228e+02 7.6897066288e+00 9.2042372292e-01 1.0700995781e+01 1.6407559941e-02 2.1609176914e-02
3.4328911630e+01 1.8900187472e+01 2.1980919960e+01 5.5056180272e-01 8.4301060729e-03 3.7593693673e+01 1.6653745882e-01 -4.7146015179e-01 1.5753151559e+01 6.5734970997e-02 1.0000000000e+00
2.2541080005e+01 2.1918389574e+01 1.9349830360e+01 9.7237530633e-01 2.2669771692e-02 1.0218060542e+02 7.3267621058e+00 -9.3999033094e-01 1.3491736039e+01 1.7073432656e-02 2.2956449776e-02
4.0005937150e+01 2.7456366547e+01 2.8750690134e+01 6.8630729593e-01 4.1685858994e-02 1.9052647524e+02 7.3327724633e+00 8.4570476715e-01 1.0881934353e+01 1.3173601229e-02 1.7706306075e-02
6.6276835200e+01 5.8932603375e+01 5.4387991331e+01 8.8918855580e-01 5.2793549990e-02 2.4322114790e+02 1.5998644447e-01 8.7161664936e-01 1.3093403099e+01 3.6875307536e-02 1.0000000000e+00
7.0384007913e+01 5.0631273764e+01 5.1828383649e+01 7.1935763912e-01 4.4710040764e-02 2.0479415876e+02 1.7745167264e+01 -5.4011291083e-01 8.6782567148e+00 6.5318854589e-03 7.1884844241e-03
3.5785074124e+01 3.2129815188e+01 2.9510263660e+01 8.9785520848e-01 7.4382006266e-02 3.4789126781e+02 3.2496117512e+00 7.5434062122e-01 8.2903786086e+00 1.7249501723e-02 1.0000000000e+00
9.7337936018e+00 6.4215706213e+00 6.8531570904e+00 6.5971920959e-01 5.0881796290e-03 2.2632955714e+01 1.9982160336e+01 8.8448407829e-01 1.1273686443e+01 2.2665773547e-02 2.4646097033e-02
3.5245086756e+01 3.0008774916e+01 2.8293512505e+01 8.5143143849e-01 3.8806579125e-02 1.7699762367e+02 5.7323604287e+00 5.1378037777e-01 8.6126219976e+00 1.4618648063e-02 2.2897756030e-02
5.7700016737e+01 5.3775408885e+01 4.8486403173e+01 9.3198255262e-01 8.6941579700e-03 3.8778982684e+01 3.7749570575e+01 6.4638171869e-01 2.8678892538e+01 5.2446506634e-03 5.4696303604e-03
1.4931285642e+01 1.4110954831e+01 1.2635316934e+01 9.4505959969e-01 1.7364682700e-02 7.7959885485e+01 5.2160611013e+00 7.4074966776e-01 9.6463380029e+00 2.5395279294e-02 4.3842793807e-02
3.0011025217e+01 2.6346718336e+01 2.4468857790e+01 8.7790130946e-01 5.7397838144e-02 2.6529639717e+02 5.0754087944e+00 -9.5258938904e-01 8.6453308013e+00 1.6570535201e-02 2.9651596201e-02
8.4294496270e+01 6.4502931031e+01 6.4077877389e+01 7.6520928275e-01 1.5826700843e-01 7.8162763893e+02 4.0097986000e+00 -7.1483334123e-01 1.0360599209e+01 9.3686449595e-03 8.9363718134e-02
3.9624285969e+01 3.2178635819e+01 3.1051960384e+01 8.1209377108e-01 5.7511919978e-02 2.6584508256e+02 4.8473893106e+00 9.7260888092e-01 1.2143893092e+01 1.4525174080e-02 2.7935451234e-02
4.6180541555e+01 4.3328105001e+01 3.8937156431e+01 9.3823293410e-01 1.0839246946e-01 5.1867688564e+02 3.5037258630e+00 8.7195043466e-01 9.4796716390e+00 1.3829638384e-02 1.0000000000e+00
2.3997593965e+01 2.2003687245e+01 2.0000640928e+01 9.1691222367e-01 5.4849583559e-02 2.5306203493e+02 3.3748776359e+00 -9.7475941471e-01 8.7371004248e+00 2.1937010891e-02 1.0000000000e+00
5.0014525757e+01 3.5070688523e+01 3.6345734435e+01 7.0121005833e-01 5.4715870089e-02 2.5242121292e+02 8.0898598146e+00 -6.2536312253e-01 8.2215723215e+00 1.0881776165e-02 1.4053581077e-02
1.7607975542e+01 1.4711081205e+01 1.3999762755e+01 8.3547828482e-01 1.6158472146e-02 7.2479027813e+01 2.1477093575e+01 -9.9841840320e-01 9.4677459987e+00 1.4020180437e-02 1.5146715378e-02
7.3589817836e+00 6.9463821900e+00 6.2236628660e+00 9.4393251597e-01 2.6892066886e-03 1.1940094384e+01 3.2910212758e+02 9.8297564398e-01 8.8591134084e+00 8.4316774578e-03 8.4704320755e-03
1.1209882396e+01 9.6510217800e+00 9.0497792498e+00 8.6093871806e-01 7.4816703484e-03 3.3340186226e+01 3.1582838792e+01 8.6344770220e-01 9.3018592354e+00 1.6021552406e-02 1.6856180400e-02
7.1397567611e+01 2.5972688134e+01 3.6579261072e+01 3.6377553191e-01 8.1654973248e-02 3.8381412870e+02 4.2727078562e+00 6.3560336880e-01 8.0225101889e+00 1.3554382701e-02 3.8037049767e-02
3.0907357275e+01 2.9902228313e+01 2.6464570285e+01 9.6747929781e-01 3.5564483857e-02 1.6182869103e+02 7.1477383790e+00 5.7242232200e-01 8.4563707431e+00 1.4059059010e-02 1.9121414278e-02
7.3866465194e+01 7.0631641558e+01 6.2877539484e+01 9.5620714180e-01 7.5475332131e-02 3.5327038533e+02 4.9803700227e+00 -6.0611904349e-01 1.4193095160e+01 9.1545635532e-03 1.6839899264e-02
3.2458304576e+01 2.7881130635e+01 2.6173480572e+01 8.5898296290e-01 5.8532031551e-02 2.7075507763e+02 3.6067242131e+00 9.0696038731e-01 1.0909460288e+01 1.8046790005e-02 1.0000000000e+00
5.1503020246e+01 4.9943813693e+01 4.4151040221e+01 9.6972592004e-01 1.5669629113e-01 7.7312701261e+02 3.7684396045e+00 9.1197968039e-01 8.3189864175e+00 1.2113230494e-02 1.0000000000e+00
5.5919806894e+01 3.8347988975e+01 4.0170966752e+01 6.8576755008e-01 5.0222975394e-02 2.3095564127e+02 8.9264773788e-01 -4.8775886696e-01 9.3207158820e+00 2.3424459470e-02 1.0000000000e+00
3.9719738587e+01 3.0373482566e+01 3.0183206801e+01 7.6469492615e-01 2.9547379277e-02 1.3385859644e+02 5.3381084151e+00 4.3694896335e-01 1.1457194889e+01 1.4500839605e-02 2.4362911175e-02
2.2533761193e+01 2.0203969655e+01 1.8569488667e+01 8.9660884758e-01 1.1720318683e-02 5.2396476221e+01 3.8765649746e+01 6.4055559294e-01 9.9728530820e+00 9.4425725845e-03 9.8361830161e-03
2.9459706836e+01 2.2818650343e+01 2.2534433166e+01 7.7457153493e-01 1.2727548279e-02 5.6942586654e+01 1.3019884977e+01 -7.0750650374e-01 1.8229189204e+01 1.2588704053e-02 1.4446356548e-02
4.3564420651e+01 4.2668961399e+01 3.7532831144e+01 9.7944517020e-01 1.8212724358e-02 8.1819087112e+01 3.4635144340e+01 5.0757907781e-01 1.0672259956e+01 6.3196891100e-03 6.6173196809e-03
1.7936247302e+01 6.4910415223e+00 9.1633131562e+00 3.6189518425e-01 6.3239580833e-03 2.8156351216e+01 9.3516316148e+01 9.6657407806e-01 8.9492440964e+00 1.0588733265e-02 1.0763746332e-02
4.7082109563e+01 4.6953506168e+01 4.0931333189e+01 9.9726852945e-01 9.8488363205e-02 4.6821244819e+02 1.3290575868e+00 -9.8786583862e-01 9.7770210486e+00 1.9389192571e-02 1.0000000000e+00
7.5157069730e+01 6.8130664738e+01 6.2279580139e+01 9.0651039195e-01 2.5974047674e-01 1.3592441017e+03 3.7911754926e+00 9.6015607190e-01 8.3994340851e+00 9.2414221616e-03 1.0000000000e+00
7.5786063634e+01 5.3981971407e+01 5.5522537857e+01 7.1229417149e-01 2.0991895639e-01 1.0687959806e+03 4.0287002783e+00 9.5541700907e-01 8.5806707561e+00 9.9533182333e-03 6.3561986096e-02
4.1808985126e+01 3.9809116025e+01 3.5513542729e+01 9.5216652366e-01 4.9547500588e-02 2.2773965847e+02 2.1207235460e+00 -4.3131058123e-01 9.3843497888e+00 1.8296442722e-02 1.0000000000e+00
1.7108227348e+01 1.6898321910e+01 1.4801871927e+01 9.8773073136e-01 4.6332210516e-03 2.0602089009e+01 1.1163757726e+02 6.1165574300e-01 1.2237168981e+01 7.3500320191e-03 7.4512933998e-03
2.2378503134e+01 2.1913468109e+01 1.9277925078e+01 9.7921956520e-01 1.8555896660e-02 8.3382132087e+01 2.6415441058e+00 5.4273234105e-01 1.3933436263e+01 2.5151901345e-02 1.0000000000e+00
7.5536888929e+00 5.9276180906e+00 5.8167069681e+00 7.8473156291e-01 5.6030499607e-03 2.4932948675e+01 2.4363735903e+00 -6.4893023421e-01 1.1093887443e+01 5.5265223678e-02 1.0000000000e+00
6.5382652789e+01 6.4440748194e+01 5.6507132664e+01 9.8559396790e-01 1.7343948184e-01 8.6445578536e+02 3.1037537754e+00 7.7818037276e-01 8.4721672476e+00 1.1065869412e-02 1.0000000000e+00
2.7384975819e+01 2.0638517544e+01 2.0654931863e+01 7.5364381112e-01 3.3678295912e-02 1.5303531937e+02 5.2775122323e+00 -6.7816115931e-01 8.5477010786e+00 1.8413190536e-02 3.1343905926e-02
1.9084510008e+01 1.8786658310e+01 1.6483771652e+01 9.8439301304e-01 3.3740311009e-03 1.4988562006e+01 1.0531802050e+02 -3.9240053984e-01 1.4318145951e+01 7.0292272045e-03 7.1320368430e-03
4.0228883661e+01 2.6544043970e+01 2.8325850453e+01 6.5982551724e-01 2.3382244600e-02 1.0544769486e+02 3.5702787056e+01 7.9698454164e-01 9.3402674609e+00 7.4262476129e-03 7.7646373970e-03
5.9686146137e+01 5.6481911106e+01 5.0541998118e+01 9.4631526344e-01 5.3440493776e-02 2.4631472364e+02 1.9628876156e+00 -3.0476257848e-01 1.1346400943e+01 1.5072002070e-02 1.0000000000e+00
9.4278306456e+00 7.8475066173e+00 7.4817082864e+00 8.3237670598e-01 7.0824212597e-03 3.1551464623e+01 1.7298559102e+01 8.7846050115e-01 9.3630419531e+00 2.2620432426e-02 2.4964789365e-02
8.5280352674e+01 5.0491006002e+01 5.6738281035e+01 5.9205906658e-01 6.4553939642e-02 2.9987455351e+02 9.4563251738e+00 -7.0204988705e-01 1.1502311234e+01 7.7245366896e-03 9.4935960311e-03
3.3661508853e+01 2.3062825073e+01 2.4169839662e+01 6.8513937310e-01 2.1049181047e-02 9.4761833849e+01 1.5706516030e+01 9.9961380296e-01 1.5421704386e+01 1.1173533247e-02 1.2475561451e-02
5.0156697849e+01 4.0338727815e+01 3.9111579479e+01 8.0425405867e-01 9.8222774268e-02 4.6686737733e+02 3.9778769181e+00 7.0058493216e-01 8.9178873875e+00 1.3226018163e-02 1.0000000000e+00
5.9636732380e+01 3.8299587025e+01 4.1403399649e+01 6.4221471392e-01 2.7157004897e-02 1.2281318724e+02 6.2145140675e+01 9.6275372938e-01 8.1332572412e+00 4.7475826099e-03 4.8675193491e-03
6.7145700011e+01 5.8083249615e+01 5.4337608396e+01 8.6503304911e-01 8.6320853636e-02 4.0703298864e+02 3.9513012585e+00 8.3609889322e-01 1.7605940860e+01 1.0870050003e-02 1.0000000000e+00
2.7122011145e+01 1.1762957959e+01 1.5287860435e+01 4.3370522548e-01 1.2798552839e-02 5.7263321220e+01 2.6915776486e+01 -6.1117633351e-01 8.0459841437e+00 1.2217983580e-02 1.2977817511e-02
1.2811831280e+01 9.4363120719e+00 9.5496916470e+00 7.3653109109e-01 6.3116684707e-03 2.8101371139e+01 7.3176248360e+00 -5.2195332892e-01 1.2357610934e+01 2.6827535591e-02 3.6091867528e-02
2.8524295386e+01 2.3289129702e+01 2.2414675218e+01 8.1646643282e-01 2.2992069522e-02 1.0365810536e+02 6.6648649757e+00 8.0782482740e-01 1.4383849424e+01 1.6134147996e-02 2.2753048432e-02
3.8326155673e+01 3.6279672557e+01 3.2459409849e+01 9.4660348579e-01 2.1505065839e-02 9.6847028641e+01 6.3756562374e+01 8.4632679681e-01 8.1247479251e+00 5.4936462803e-03 5.6287625158e-03
8.3744019718e+01 8.1922287738e+01 7.2105216724e+01 9.7824642301e-01 6.7129983249e-02 3.1240142317e+02 1.3316586587e+01 9.7467228887e-01 1.4395846193e+01 5.8399401104e-03 6.6770469212e-03
1.2611517838e+01 8.8898496625e+00 9.1897532105e+00 7.0489926566e-01 2.4506599564e-03 1.0878960435e+01 3.0600951734e+02 9.1426940488e-01 1.3035512338e+01 6.7926753537e-03 6.8262741002e-03
7.1378449471e+01 4.3915151789e+01 4.8456033150e+01 6.1524384621e-01 3.4697575083e-02 1.5778428634e+02 3.4466331800e+01 6.9447222327e-01 8.1012355603e+00 5.3431428850e-03 5.5961245851e-03
4.0123763027e+01 3.2330117531e+01 3.1317928911e+01 8.0575985629e-01 1.3974502582e-02 6.2580118339e+01 2.8698924838e+01 -8.5523277098e-02 8.5269922041e+00 7.6134866443e-03 8.0543209619e-03
3.8373203715e+01 3.1541527297e+01 3.0257478169e+01 8.2196752534e-01 5.7178106494e-03 2.5445843986e+01 8.6388327722e+01 -3.5827265850e-01 1.3106378062e+01 5.1722802604e-03 5.2650568679e-03
3.2616648327e+01 2.9176782045e+01 2.6847111860e+01 8.9453648800e-01 1.7941352738e-02 8.0583628357e+01 2.3847334420e+01 -6.9396116024e-01 1.2414803699e+01 8.9638193628e-03 9.6027299695e-03
3.6414786686e+01 2.9996171698e+01 2.8744728508e+01 8.2373602669e-01 1.3869655021e-02 6.2105696846e+01 3.9084518237e+01 -2.7608264568e-01 8.0378634821e+00 7.1545322692e-03 7.4501448045e-03
3.3827874550e+01 1.6933283381e+01 2.0592222805e+01 5.0057189836e-01 4.7039679297e-02 2.1582546242e+02 3.0820150211e+00 8.8067784794e-01 9.3300747478e+00 2.2390625742e-02 1.0000000000e+00
5.9140256815e+01 5.6900581534e+01 5.0498418259e+01 9.6212942924e-01 2.9026100477e-02 1.3144666703e+02 1.8372286171e+01 6.4601356993e-01 1.4616547028e+01 6.6152222395e-03 7.2532633082e-03
5.2416665358e+01 4.2035481183e+01 4.0813973728e+01 8.0194878662e-01 3.7705608378e-02 1.7183876997e+02 3.4491239355e+01 8.9253805625e-01 8.5050016917e+00 5.9357833357e-03 6.2166037525e-03
4.2203339611e+01 3.4795896571e+01 3.3329410056e+01 8.2448206449e-01 3.3277048304e-02 1.5116771715e+02 7.1550922660e+00 7.1130059386e-01 1.4099408739e+01 1.2183926566e-02 1.6562979456e-02
2.3531380178e+01 2.0420609661e+01 1.9073656376e+01 8.6780331229e-01 2.9520062846e-02 1.3373216032e+02 2.3834941417e+00 -5.6781487767e-01 8.7294595796e+00 2.6139512231e-02 1.0000000000e+00
3.3122594697e+01 2.7803371874e+01 2.6398096113e+01 8.3940802731e-01 3.2060821246e-02 1.4551325487e+02 2.3793117714e+01 -8.5968221753e-01 8.2634817134e+00 8.9888223953e-03 9.6311740034e-03
4.2869034883e+01 3.9422778400e+01 3.5781886570e+01 9.1960965551e-01 3.1771458429e-02 1.4416938407e+02 3.8952418220e+00 -7.7602183049e-01 2.5948627030e+01 1.4653491558e-02 1.0000000000e+00
7.4987216958e+01 5.1137804835e+01 5.3712743978e+01 6.8195363036e-01 5.8943348982e-02 2.7273670474e+02 1.0154371466e+01 4.2818462434e-01 8.1819693734e+00 7.8087597107e-03 9.4217822269e-03
3.6668611575e+01 2.1144733427e+01 2.4059820820e+01 5.7664396111e-01 6.6427934939e-02 3.0898332342e+02 3.6881753382e+00 8.3592136099e-01 8.0925503090e+00 1.8775930530e-02 1.0000000000e+00
6.7932292523e+01 6.1580427622e+01 5.6292287605e+01 9.0649712140e-01 6.2255230567e-02 2.8873177082e+02 2.2818516352e+00 8.4610356755e-01 2.2353757366e+01 1.3247665588e-02 1.0000000000e+00
4.0018276203e+01 1.5600752316e+01 2.1291079018e+01 3.8984068770e-01 9.6524125932e-03 4.3084388410e+01 1.3638149441e+01 9.1901727457e-01 2.7880846573e+01 1.2842704109e-02 1.4628242377e-02
2.5092991792e+01 2.0224276718e+01 1.9588560445e+01 8.0597311333e-01 2.0232006519e-02 9.1027575773e+01 8.7190820607e+00 6.9954978271e-01 1.1041636236e+01 1.5896656517e-02 2.0011781566e-02
2.2626820387e+01 1.9661427527e+01 1.8352667961e+01 8.6894345698e-01 1.6292705959e-02 7.3088487455e+01 6.1410885658e+01 -9.8571408431e-01 8.5409162823e+00 7.9823354149e-03 8.1865164820e-03
2.5678651718e+01 2.0575014160e+01 1.9985645699e+01 8.0124978468e-01 5.1570476982e-02 2.3737995684e+02 3.9509576294e+00 9.2755357603e-01 9.1941548592e+00 2.0728100130e-02 1.0000000000e+00
5.3349860071e+01 3.5542774894e+01 3.7753534219e+01 6.6622058329e-01 1.1812989574e-02 5.2814459899e+01 8.4726823446e+01 -8.1305551142e-01 1.2016434987e+01 4.5198781962e-03 4.6025962486e-03
3.6720342165e+01 3.1266523170e+01 2.9478595130e+01 8.5147690154e-01 6.9954902123e-02 3.2618666461e+02 1.9850193938e+00 -8.8690101898e-01 8.9662632353e+00 2.0819188657e-02 1.0000000000e+00
9.9645690039e+00 6.1778498432e+00 6.7917829438e+00 6.1998164103e-01 1.9499498316e-03 8.6528938523e+00 4.1010959176e+02 6.9245195351e-01 8.6701550507e+00 7.3546943580e-03 7.3817763705e-03
3.8370330301e+01 3.6551709704e+01 3.2600181753e+01 9.5260346778e-01 1.0037251333e-02 4.4815196079e+01 1.1881464584e+02 9.2873855119e-01 1.1513245987e+01 4.3688900825e-03 4.4253576572e-03
2.6910947788e+01 2.5071357301e+01 2.2609606148e+01 9.3164155712e-01 2.5700604785e-02 1.1610196275e+02 1.2426380926e+01 8.5642907528e-01 1.0941727594e+01 1.2682956095e-02 1.4671831461e-02
6.2295714652e+01 5.6197084116e+01 5.1494966642e+01 9.0210192514e-01 3.7525517073e-02 1.7099566283e+02 3.9588135450e-01 -5.8473060007e-01 1.5534598248e+01 2.7414581488e-02 1.0000000000e+00
3.0139979984e+01 1.1598941619e+01 1.5923133946e+01 3.8483574394e-01 1.2647681433e-02 5.6581860696e+01 1.7752919093e+01 -7.6340026540e-01 1.1652654482e+01 1.3924039676e-02 1.5322983512e-02
4.4122054052e+01 3.5035463071e+01 3.4182176938e+01 7.9405784303e-01 6.7131655585e-02 3.1240956908e+02 4.4749662432e+00 8.4257330766e-01 1.0847631946e+01 1.4015658466e-02 3.2502078746e-02
1.5833211277e+01 1.5637532136e+01 1.3698118942e+01 9.8764122214e-01 8.8914894873e-03 3.9665080798e+01 1.0817008148e+01 7.6110981490e-01 1.6037812462e+01 1.8463528007e-02 2.1953673118e-02
9.4977186998e+00 7.5389899240e+00 7.3566880393e+00 7.9376849982e-01 4.7959638856e-03 2.1328387635e+01 3.0535261826e+00 1.5584106023e-01 1.0361627827e+01 4.3867712258e-02 1.0000000000e+00
4.0801181289e+01 2.7199725193e+01 2.8882807890e+01 6.6664062986e-01 4.1045196172e-02 1.8751153312e+02 8.0504896136e+00 7.4020169304e-01 9.5191073722e+00 1.2688762254e-02 1.6416754337e-02
7.1158333747e+01 6.7523734427e+01 6.0339995291e+01 9.4892236610e-01 5.7543536419e-02 2.6599715897e+02 1.8796324299e+00 -1.5560897728e-01 1.1141475068e+01 1.3679766673e-02 1.0000000000e+00
7.9457413287e+01 7.0715425990e+01 6.5233528810e+01 8.8997895935e-01 9.9711687886e-02 4.7441349508e+02 5.0997469201e+00 -6.8567374520e-01 1.2233977568e+01 8.7447306703e-03 1.5545059525e-02
4.5904648520e+01 2.0630538296e+01 2.6376068356e+01 4.4942155014e-01 1.4796329607e-02 6.6301328671e+01 7.3595434232e+00 -6.4463274452e-02 1.1447055095e+01 1.4112650093e-02 1.8937495986e-02
4.4570546440e+01 3.7262827295e+01 3.5449341003e+01 8.3604151780e-01 1.1240140209e-01 5.3927171861e+02 4.1655015921e+00 9.8876281199e-01 8.6417654874e+00 1.3712825362e-02 4.5967551199e-02
3.7836961842e+01 2.7451369916e+01 2.7984725617e+01 7.2551728731e-01 5.2249988654e-02 2.4062400493e+02 2.3666750028e+00 -8.5650036529e-01 1.1286821742e+01 2.0345518857e-02 1.0000000000e+00
2.8585470659e+01 1.4354077702e+01 1.7430140571e+01 5.0214592838e-01 1.3353071348e-02 5.9769299055e+01 1.1624407226e+01 9.4316622151e-01 1.7122641270e+01 1.5416760955e-02 1.8058426788e-02
3.7213420283e+01 3.0038736150e+01 2.9072843035e+01 8.0720170093e-01 1.8778328952e-02 8.4395662562e+01 5.1857135386e+01 7.6128280414e-01 9.1860438584e+00 6.3699796655e-03 6.5646447612e-03
7.4736223316e+01 5.4643803173e+01 5.5497036462e+01 7.3115553274e-01 5.2735636603e-02 2.4294434678e+02 1.6369130447e+01 -6.7059379436e-01 9.5504422748e+00 6.4201169775e-03 7.1314091869e-03
6.1498932876e+01 4.7953958923e+01 4.7203019441e+01 7.7975269944e-01 8.1847407527e-03 3.6492707174e+01 1.1605022713e+02 8.1927581572e-01 1.3640324023e+01 3.5013442097e-03 3.5477031821e-03
2.9032853512e+01 2.8876906192e+01 2.5206577287e+01 9.9462859138e-01 6.6645864640e-02 3.1004403626e+02 3.4861247889e+00 -8.8813458539e-01 8.9175683065e+00 1.8624443803e-02 1.0000000000e+00
4.1724654661e+01 4.1044617892e+01 3.6025959216e+01 9.8370179993e-01 2.5379759505e-02 1.1462536321e+02 1.1848545656e+01 -2.7797833165e-01 9.6028760624e+00 9.6518078478e-03 1.1263856623e-02
3.9198367362e+01 2.7353130504e+01 2.8414069792e+01 6.9781300459e-01 5.2471858430e-03 2.3343065846e+01 2.2306656749e+02 -8.9846993890e-01 1.1818493105e+01 3.7703256990e-03 3.7959961317e-03
8.1169702785e+00 6.8124021786e+00 6.4685692270e+00 8.3927893596e-01 2.0580379044e-03 9.1332898325e+00 7.2520992205e+01 6.4841877810e-01 1.3886683791e+01 1.4518897860e-02 1.4831111002e-02
3.2953058854e+01 1.3143548563e+01 1.7751343507e+01 3.9885670768e-01 5.9095147121e-04 2.6196150850e+00 7.3552989283e+02 8.3803073367e-01 3.0496588995e+01 3.2435137666e-03 3.2501532515e-03
8.4728120459e+01 6.4972089942e+01 6.4477496037e+01 7.6683029896e-01 9.9015856971e-02 4.7088520434e+02 9.7818755318e+00 -7.7285244485e-01 8.9954485228e+00 6.9024753928e-03 8.4069291981e-03
1.0438187768e+01 7.9381314907e+00 7.9095965289e+00 7.6048943238e-01 3.0026118279e-03 1.3334809751e+01 8.2090556298e+01 9.4660931489e-01 1.6254231414e+01 1.2215199011e-02 1.2446179287e-02
5.4472539136e+01 5.2676448255e+01 4.6631442304e+01 9.6702759024e-01 8.4604604058e-02 3.9847674183e+02 3.9636831818e+00 3.7484822323e-01 8.5235464446e+00 1.1958169646e-02 1.0000000000e+00
4.1511066897e+01 2.1017117620e+01 2.5423015737e+01 5.0630155260e-01 4.1282775671e-02 1.8862926474e+02 1.0941883718e+00 9.6635915373e-01 1.1577097446e+01 2.9041153546e-02 1.0000000000e+00
7.7895609837e+01 6.7823670252e+01 6.3246013772e+01 8.7069952201e-01 1.6667818410e-01 8.2738557821e+02 4.1744852794e+00 8.4897060947e-01 1.0373612020e+01 9.2619940086e-03 3.0462886228e-02
1.5633673297e+01 1.2937822294e+01 1.2369915512e+01 8.2756125496e-01 1.5351188605e-02 6.8816271974e+01 7.8468354144e+00 -8.7974191717e-01 1.0427384227e+01 2.2107819233e-02 2.8883013723e-02
7.3285815826e+01 4.1445662987e+01 4.7595171117e+01 5.6553457883e-01 2.8044700337e-02 1.2691063981e+02 2.0418147719e+01 -2.6043017332e-01 8.3969505515e+00 6.6020727856e-03 7.1645658137e-03
3.8613610971e+01 2.9047233615e+01 2.9096425137e+01 7.5225374900e-01 2.4831297647e-02 1.1210280011e+02 1.7641224763e+01 -9.0458220904e-01 1.3987722280e+01 9.5041867104e-03 1.0466301053e-02
3.6695355729e+01 3.0088762364e+01 2.8898454479e+01 8.1996104863e-01 3.1585788117e-02 1.4330737596e+02 3.0450864492e+01 9.1078668488e-01 8.6351302739e+00 7.7461054259e-03 8.1661680329e-03
3.5616899815e+01 3.1198771199e+01 2.9006845078e+01 8.7595414988e-01 6.1651221477e-02 2.8580945093e+02 4.3212229942e+00 8.4124082612e-01 9.8944424860e+00 1.5785806104e-02 4.1837601959e-02
3.9749719293e+01 3.8550924269e+01 3.4077541098e+01 9.6984142165e-01 2.8116244950e-02 1.2724110409e+02 2.2822880110e+01 -5.2863614830e-01 8.3502993161e+00 7.8021227713e-03 8.3867639499e-03
2.4020041276e+01 2.1054996197e+01 1.9569067475e+01 8.7655953441e-01 1.2362925123e-02 5.5296080985e+01 1.3121455220e+01 7.5218368836e-01 1.6633250287e+01 1.3712322388e-02 1.5715572895e-02
2.9161244494e+01 2.5627530381e+01 2.3788626567e+01 8.7882156011e-01 1.3972657421e-02 6.2571768592e+01 8.3568231547e-01 2.6641274161e-01 1.2646469237e+01 3.4053207953e-02 1.0000000000e+00
2.6385190882e+01 1.9874326171e+01 1.9895340357e+01 7.5323791517e-01 3.0756821226e-02 1.3946151050e+02 1.0175777517e+01 -8.3251770881e-01 8.1908322640e+00 1.4761845231e-02 1.7802013786e-02
5.4963063816e+01 5.1309426076e+01 4.6224974807e+01 9.3352558088e-01 8.6002939634e-02 4.0544667693e+02 4.8617559401e-01 -7.9742457497e-01 8.1966279087e+00 2.6389490655e-02 1.0000000000e+00
7.7862333288e+01 6.8363846475e+01 6.3487366957e+01 8.7800921945e-01 7.9882402974e-02 3.7502864037e+02 1.1543696880e+01 -6.2737450894e-01 8.3301520434e+00 6.6221884829e-03 7.7675989525e-03
1.9200779790e+01 1.6380762707e+01 1.5429321813e+01 8.5313007527e-01 1.9211328920e-02 8.6369607074e+01 1.5790195816e+00 9.1389191787e-01 1.3612213923e+01 3.5046406967e-02 1.0000000000e+00
3.0497695381e+01 2.3541316421e+01 2.3287195035e+01 7.7190476613e-01 3.4005530659e-02 1.5455921089e+02 1.3994047722e+01 -9.6342095525e-01 9.2256391588e+00 1.1848597869e-02 1.3442891227e-02
3.2063898898e+01 2.9583699782e+01 2.6807607569e+01 9.2264823676e-01 3.8510318183e-02 1.7560864709e+02 1.8183787835e+01 9.9973102570e-01 9.0283655478e+00 9.8089170964e-03 1.0766650423e-02
6.4297849205e+01 4.6808661718e+01 4.7639336076e+01 7.2799731713e-01 8.1987108720e-02 3.8546248017e+02 5.5214783852e+00 8.3334096053e-01 1.1588377363e+01 1.0435964910e-02 1.6922078531e-02
7.5774039981e+01 3.0940308250e+01 4.1341143407e+01 4.0832332891e-01 3.6748717649e-02 1.6736146065e+02 1.0351921785e+00 -2.4014276941e-02 8.6624765075e+00 2.1940821306e-02 1.0000000000e+00
5.4859079497e+01 3.7454551654e+01 3.9318659642e+01 6.8274116149e-01 2.8348116085e-02 1.2831234795e+02 1.5889763085e+01 3.4000431703e-01 8.9079910209e+00 8.1712767832e-03 9.1100131602e-03
6.8751722252e+01 4.9193385804e+01 5.0486840289e+01 7.1552223264e-01 1.1755133012e-01 5.6586920499e+02 2.7421734960e+00 -7.4636870017e-01 9.9345534914e+00 1.2822762552e-02 1.0000000000e+00
8.6155545159e+01 7.0650014586e+01 6.7852367086e+01 8.2002864071e-01 1.6652972071e-01 8.2657446570e+02 1.9771430292e+00 -9.3018386412e-01 1.1660521820e+01 1.1731902717e-02 1.0000000000e+00
8.6197985098e+01 3.6964658546e+01 4.8291921651e+01 4.2883436897e-01 7.0527882132e-02 3.2898886151e+02 1.4942540190e+01 -8.1906807708e-01 8.0375161280e+00 7.1711909497e-03 8.0599276355e-03
5.8040832013e+01 2.9745322648e+01 3.5777186340e+01 5.1248959769e-01 7.6017318191e-02 3.5593970424e+02 5.8196213592e+00 8.0443013413e-01 8.3516946024e+00 1.2279885488e-02 1.8990524322e-02
3.5855757649e+01 2.8579900751e+01 2.7832134721e+01 7.9707981715e-01 5.7691894014e-02 2.6671085042e+02 4.9087908545e+00 9.8782705952e-01 1.0658932172e+01 1.5478869400e-02 2.9136052018e-02
3.1004408991e+01 2.9701231365e+01 2.6416357799e+01 9.5796799009e-01 4.8157041693e-02 2.2112883615e+02 2.0735579783e+00 -8.5114176015e-01 1.0924847016e+01 2.2218519409e-02 1.0000000000e+00
3.5742771235e+01 3.3916465375e+01 3.0308437119e+01 9.4890418966e-01 3.5395795456e-02 1.6104132074e+02 5.8863878378e+00 7.8109660324e-01 1.3951682384e+01 1.3893405247e-02 2.1288272002e-02
4.1259271970e+01 2.7682048217e+01 2.9304610247e+01 6.7092914866e-01 3.8460443905e-02 1.7537487502e+02 8.9047668661e+00 9.6299343937e-01 1.2632834725e+01 1.2126447554e-02 1.5165619727e-02
3.5068935742e+01 2.9517995327e+01 2.7988314011e+01 8.4171346242e-01 6.9922274783e-02 3.2602716056e+02 2.3354463574e+00 8.8911868589e-01 8.7796974035e+00 2.0233752224e-02 1.0000000000e+00
3.1572826364e+01 2.0033745639e+01 2.1782331722e+01 6.3452493636e-01 3.0249747669e-02 1.3711124739e+02 4.3982478263e+00 6.9234453407e-01 1.1581698967e+01 1.9111138240e-02 4.7039089838e-02
3.2969576502e+01 3.2721924445e+01 2.8593642745e+01 9.9248846714e-01 3.3150238860e-02 1.5057770364e+02 6.6820899509e+00 -8.7291557251e-01 1.4487707727e+01 1.3758085987e-02 1.9374149045e-02
3.5442395111e+01 1.4879934547e+01 1.9630090530e+01 4.1983433964e-01 1.2353373481e-02 5.5252961231e+01 2.2142658217e+00 -5.0337401924e-01 1.9409626146e+01 2.6671691624e-02 1.0000000000e+00
3.0238191452e+01 1.1202708613e+01 1.5647374448e+01 3.7048209812e-01 1.5883067849e-02 7.1228991121e+01 2.9683254097e+01 -8.9046643783e-01 8.8815629227e+00 1.1585790697e-02 1.2232035321e-02
3.6993564462e+01 3.4892720233e+01 3.1274285522e+01 9.4321054864e-01 4.8585739994e-02 2.2316571848e+02 9.5437600286e+00 -9.4000808225e-01 1.0312103694e+01 1.1276032953e-02 1.3823706179e-02
7.3712838496e+01 6.3740012173e+01 5.9640656600e+01 8.6470706425e-01 1.3533020921e-01 6.5889705557e+02 5.3729647622e+00 -9.8850264732e-01 1.1094600386e+01 8.8904780628e-03 1.4829724746e-02
7.0602300799e+01 6.9447897838e+01 6.0957904508e+01 9.8364921614e-01 8.1140872313e-02 3.8126405270e+02 2.2927917068e+00 3.7870317894e-01 1.0879775096e+01 1.2444109389e-02 1.0000000000e+00
2.5286321795e+01 2.1954084873e+01 2.0501133518e+01 8.6821978504e-01 2.3590731191e-02 1.0640435995e+02 3.5518234515e+00 -9.4692344410e-01 2.0325755832e+01 2.1592918343e-02 1.0000000000e+00
2.9963545002e+01 2.8416882476e+01 2.5400854147e+01 9.4838185782e-01 2.9027614695e-02 1.3145367064e+02 2.3146814499e+01 8.9709912720e-01 9.2196837505e+00 9.3205048630e-03 1.0007773103e-02
1.1443969843e+01 1.0766133446e+01 9.6621052129e+00 9.4076912061e-01 4.0874260944e-03 1.8167591127e+01 6.0330611222e+01 -7.7129388295e-01 1.3741100727e+01 1.2090438137e-02 1.2405506835e-02
4.2405204395e+01 4.0047088663e+01 3.5871828819e+01 9.4439088866e-01 3.8429040836e-02 1.7522769002e+02 3.7557230107e+00 4.8640361424e-01 1.5090123212e+01 1.4772506682e-02 1.0000000000e+00
4.4840465228e+01 1.7308490062e+01 2.3728528634e+01 3.8600157188e-01 9.8701380781e-03 4.4063483751e+01 8.9871886647e+01 5.8298317295e-01 8.7286324606e+00 5.9170001978e-03 6.0188899690e-03
7.2768082915e+01 3.7633063041e+01 4.5072493485e+01 5.1716441514e-01 1.1021241038e-01 5.2801440033e+02 4.0778851894e+00 -7.3743569584e-01 9.3257361508e+00 1.1910612106e-02 5.2547447382e-02
3.6677924550e+01 3.5192290574e+01 3.1275307157e+01 9.5949514607e-01 5.2412583468e-02 2.4140068628e+02 6.1854440577e+00 7.3345202295e-01 9.1357728398e+00 1.3236994909e-02 1.9553571684e-02
6.5693122320e+01 5.9730095207e+01 5.4519552064e+01 9.0922905013e-01 1.5071190772e-01 7.4086843694e+02 5.2930361443e+00 9.5186651918e-01 8.8001918096e+00 9.3773929863e-03 1.5908068038e-02
3.6061028100e+01 3.5854729792e+01 3.1302997216e+01 9.9427918950e-01 6.2552820426e-02 2.9017242298e+02 7.8465353622e+00 -9.9299061532e-01 9.1963194259e+00 1.2028354938e-02 1.5714816443e-02
8.8199864616e+00 7.6770068614e+00 7.1600317585e+00 8.7041027726e-01 5.0487912381e-03 2.2457076473e+01 9.3080920400e+00 -9.2540584213e-01 1.5775347408e+01 2.9370354145e-02 3.6256010782e-02
4.0576055828e+01 2.4092609552e+01 2.7036683899e+01 5.9376420551e-01 8.0302685631e-03 3.5799778348e+01 5.3978073927e+01 5.7353205271e-01 1.5979809514e+01 6.6099374725e-03 6.8035652143e-03
3.7205559106e+01 2.6016746774e+01 2.6998673617e+01 6.9927041547e-01 2.5069402552e-02 1.1319768123e+02 1.6878211964e+01 7.3283793446e-01 1.0755700062e+01 1.0124265305e-02 1.1205083382e-02
3.1992333747e+01 3.1079554358e+01 2.7450183778e+01 9.7146880886e-01 5.1223880070e-03 2.2785713389e+01 2.3745779240e+02 9.1474670064e-01 1.1568257074e+01 3.7635544742e-03 3.7876075689e-03
4.2669092399e+01 2.4128002443e+01 2.7709542101e+01 5.6546790865e-01 4.2610333804e-02 1.9488172801e+02 2.8295528270e+00 -5.5227240276e-01 9.9882247850e+00 1.9255595609e-02 1.0000000000e+00
9.5393205584e+00 9.4638453698e+00 8.2715301129e+00 9.9208799116e-01 1.1992448681e-03 5.3185847783e+00 4.1744265041e+01 -7.0463849033e-01 4.0105254672e+01 1.5324293296e-02 1.5914212313e-02
2.3463257043e+01 2.0872302102e+01 1.9258601741e+01 8.8957394378e-01 5.0264544308e-02 2.3115364968e+02 3.9855793467e+00 -8.4165797370e-01 8.2319294421e+00 2.1160907324e-02 1.0000000000e+00
6.9976885084e+01 6.8488979741e+01 6.0266592573e+01 9.7873718812e-01 6.8659455664e-02 3.1985881137e+02 2.8874958771e+00 3.0965347324e-01 1.2226793173e+01 1.1578511911e-02 1.0000000000e+00
2.5952350093e+01 1.5359853782e+01 1.7263251229e+01 5.9184828067e-01 9.7444782914e-03 4.3498362082e+01 1.0171224143e+02 7.9157565518e-01 8.5124611931e+00 6.8916305109e-03 6.9961011277e-03
3.0987460405e+01 1.9935464892e+01 2.1533010035e+01 6.4333974554e-01 2.8712094517e-02 1.2999464209e+02 6.7964040532e-01 9.8559306427e-01 1.2052855515e+01 3.8809846835e-02 1.0000000000e+00
1.7045387898e+01 1.6622439772e+01 1.4653385496e+01 9.7518694627e-01 1.3373191517e-02 5.9860264807e+01 2.9168973211e+01 9.0812241877e-01 1.0001023053e+01 1.2169092678e-02 1.2861128126e-02
4.7297697483e+01 3.7248838803e+01 3.6488203273e+01 7.8754021412e-01 1.6443637106e-02 7.3773901557e+01 1.3645257293e+01 -9.4157154641e-01 3.1034054263e+01 9.1312499725e-03 1.0399936771e-02
1.3240238021e+01 1.0526331213e+01 1.0263852334e+01 7.9502582933e-01 1.0388398253e-02 4.6395344747e+01 1.8136020140e+01 -9.4429089462e-01 1.0000089221e+01 1.8200917483e-02 1.9983605311e-02
7.5073744563e+01 6.7124662280e+01 6.1779326448e+01 8.9411634747e-01 9.3252779427e-02 4.4177624779e+02 1.1258875339e+01 8.7152177867e-01 9.3816461661e+00 6.7473426353e-03 7.9545825233e-03
4.2328084039e+01 3.1156218854e+01 3.1540247593e+01 7.3606494508e-01 3.4168684266e-02 1.5531925908e+02 1.0081975003e+01 4.9729623339e-01 8.6400688874e+00 1.1083599803e-02 1.3396572718e-02
4.4700475878e+01 2.2014421112e+01 2.6975349852e+01 4.9248739929e-01 1.7846285994e-02 8.0150939370e+01 6.3327896820e+01 8.8543434243e-01 9.2895876492e+00 6.1967901924e-03 6.3502794073e-03
3.4759363794e+01 2.5724356445e+01 2.5972999272e+01 7.4006982974e-01 2.7251154432e-02 1.2324751907e+02 2.5569576618e+01 7.3153145916e-01 8.0338963375e+00 8.8644175168e-03 9.4483488958e-03
4.8172804880e+01 4.6055236674e+01 4.1002707823e+01 9.5604224809e-01 2.7210267525e-02 1.2305889188e+02 1.9813617065e+01 8.6511776934e-01 1.6205654240e+01 7.3327081449e-03 7.9797466823e-03
5.0354000504e+01 4.4719685504e+01 4.1295959947e+01 8.8810591128e-01 1.5618713958e-01 7.7037451951e+02 3.9668336057e+00 9.9029834064e-01 8.4289138083e+00 1.2392799870e-02 1.0000000000e+00
4.5693253437e+01 3.3005784208e+01 3.3718744708e+01 7.2233386169e-01 8.8766220724e-02 4.1925559517e+02 4.7780529083e+00 -9.4078409523e-01 8.6278962935e+00 1.3620650908e-02 2.6902246411e-02
4.4022701722e+01 1.8139629083e+01 2.4136683670e+01 4.1205170000e-01 1.9639758086e-02 8.8323943607e+01 7.8120568602e-01 -3.6876920097e-01 1.0223997058e+01 3.4489031159e-02 1.0000000000e+00
9.9463851594e+00 6.7973123384e+00 7.1323266591e+00 6.8339524656e-01 1.1075920490e-02 4.9491571861e+01 2.7155250417e+00 -8.7713770941e-01 9.7550620595e+00 4.6554985190e-02 1.0000000000e+00
3.0328882294e+01 2.6205155101e+01 2.4529228209e+01 8.6403299822e-01 1.6616873241e-02 7.4560795502e+01 2.3753020923e+01 4.9857550117e-01 9.6091865023e+00 9.5060572487e-03 1.0186674362e-02
1.0969950939e+01 6.0287149916e+00 7.0173751595e+00 5.4956626745e-01 4.0082624761e-03 1.7814652308e+01 1.3361829883e+02 9.7055024782e-01 9.3248428286e+00 1.0959128706e-02 1.1084749555e-02
3.2425618580e+01 2.8548486143e+01 2.6476082494e+01 8.8042996227e-01 5.1640481251e-02 2.3771402633e+02 4.7425382178e+00 -9.8363157292e-01 1.1355262973e+01 1.6235513915e-02 3.2542472815e-02
3.5718026856e+01 2.5399443452e+01 2.6145317611e+01 7.1110992649e-01 1.1834761259e-02 5.2912667483e+01 4.5823817997e+01 7.0743976663e-01 1.3647219721e+01 7.1605571930e-03 7.4100675354e-03
4.2177783887e+01 3.9004361755e+01 3.5304173982e+01 9.2476081387e-01 6.8166773578e-03 3.0361471400e+01 1.8973982511e+02 6.4777395407e-01 8.1838945860e+00 3.4944274027e-03 3.5224600092e-03
6.2015187048e+01 4.9758568022e+01 4.8300496002e+01 8.0236100850e-01 6.7371984715e-02 3.1358038945e+02 6.1733631088e+00 5.6301269502e-01 9.7905986911e+00 1.0007093111e-02 1.4802293630e-02
4.4937428956e+01 4.3682781112e+01 3.8569547692e+01 9.7208011509e-01 6.9115740618e-03 3.0786361259e+01 8.7543970934e+00 -8.3119164385e-01 8.3916166908e+01 1.0478846485e-02 1.3174602611e-02
9.2410040809e+00 7.8012701497e+00 7.3862699796e+00 8.4420156960e-01 1.6387174590e-03 7.2700688206e+00 1.8904619776e+02 4.2811005686e-01 1.1339203798e+01 9.3324911584e-03 9.4076359937e-03
7.4900989414e+01 4.9714111351e+01 5.2901283197e+01 6.6373103666e-01 7.4302043587e-02 3.4749814820e+02 2.6798778790e-01 8.1873403307e-01 9.8149154039e+00 3.0532139379e-02 1.0000000000e+00
8.2955425866e+01 7.3800109097e+01 6.8092064790e+01 8.8963570889e-01 2.3904129019e-01 1.2370210503e+03 4.2191245560e+00 9.9569310910e-01 9.3179529216e+00 8.4839565604e-03 2.5721581792e-02
6.7999446767e+01 6.0657264198e+01 5.5891585529e+01 8.9202584847e-01 1.8790451413e-01 9.4461447553e+02 4.0939970858e+00 9.1162253125e-01 8.8251182268e+00 9.9663341254e-03 4.1036741675e-02
3.6436714977e+01 3.4719581054e+01 3.0961753467e+01 9.5287352539e-01 5.5591532803e-02 2.5661990624e+02 5.6341381138e+00 -8.8720400293e-01 1.0548412850e+01 1.3769226080e-02 2.1902140186e-02
3.5989386691e+01 1.5033574397e+01 1.9878741503e+01 4.1772243929e-01 3.1758926262e-03 1.4106229819e+01 3.0912232955e+02 -9.2593255529e-01 1.4105896064e+01 4.1760733488e-03 4.1965196676e-03
3.1633823284e+01 3.1592550344e+01 2.7520870552e+01 9.9869529078e-01 5.7290881073e-02 2.6478205430e+02 8.2606591279e+00 9.9850122495e-01 8.4594189721e+00 1.2827139595e-02 1.6442071707e-02
3.3351420587e+01 1.9482901457e+01 2.2033198894e+01 5.8417006275e-01 5.2319907070e-02 2.4095796975e+02 5.6059566665e+00 -9.9914194727e-01 8.2771605009e+00 1.7096659162e-02 2.7321511461e-02
4.1594535194e+01 8.4662440144e+00 1.5421858472e+01 2.0354221955e-01 1.4038551318e-02 6.2869966728e+01 2.7028615871e+00 -1.6542883771e-01 8.9053800836e+00 2.8748641593e-02 1.0000000000e+00
3.8412201913e+01 3.0141047158e+01 2.9578143740e+01 7.8467376659e-01 7.0591963581e-03 3.1447445195e+01 1.0245838184e+01 3.5636538402e-01 3.1875943157e+01 1.1660018419e-02 1.4038090021e-02
5.8017228939e+01 3.1915920767e+01 3.7132539807e+01 5.5011108511e-01 5.9124039738e-02 2.7360756946e+02 1.3109491755e+01 -8.7961948826e-01 8.4902337779e+00 8.9358860465e-03 1.0242878289e-02
3.6720626995e+01 2.7037962410e+01 2.7366716218e+01 7.3631537973e-01 3.9676628578e-02 1.8108003053e+02 1.0044411619e+01 -9.4304115947e-01 1.0575850296e+01 1.2088528773e-02 1.4624713763e-02
8.4719496784e+01 8.2095045715e+01 7.2599462971e+01 9.6902187609e-01 1.3961647492e-01 6.8160180550e+02 5.8040519755e+00 -6.0980951827e-01 8.3084806503e+00 7.6201571642e-03 1.1810540451e-02
3.7255293785e+01 3.0696862192e+01 2.9412269595e+01 8.2395974029e-01 5.1485813799e-02 2.3697597515e+02 1.5433842336e+00 7.9672454427e-01 1.0236150852e+01 2.3162503520e-02 1.0000000000e+00
2.3731056536e+01 2.3065542163e+01 2.0366930765e+01 9.7195597374e-01 4.6937550244e-02 2.1534112587e+02 4.1276022364e+00 9.7600088440e-01 1.0075195459e+01 2.0207150494e-02 7.4420898368e-02
2.7966976378e+01 1.4764143556e+01 1.7513115419e+01 5.2791347041e-01 1.9639989165e-02 8.8324998032e+01 2.5365026552e+01 9.4818953038e-01 9.1669521343e+00 1.1427496029e-02 1.2187104517e-02
4.8478213819e+01 4.7868366384e+01 4.1936276685e+01 9.8742017522e-01 3.5824963378e-02 1.6304487132e+02 2.4167616027e+01 -8.7676574479e-01 1.1312495022e+01 6.6762933662e-03 7.1450065296e-03
3.0225099040e+01 2.4090398776e+01 2.3460770987e+01 7.9703291442e-01 2.0607637844e-02 9.2743553877e+01 1.6215312600e+01 5.7435852832e-01 9.3517908230e+00 1.1251179723e-02 1.2512118232e-02
2.8846562161e+01 2.1673903759e+01 2.1723272625e+01 7.5135136166e-01 1.7384002144e-02 7.8047749479e+01 1.9119985838e+01 -7.1870416912e-01 1.1371529245e+01 1.1120045330e-02 1.2143185400e-02
3.6643278449e+01 2.3439044592e+01 2.5386988928e+01 6.3965468113e-01 3.7557269747e-02 1.7114429931e+02 1.2275499125e+01 8.8792782271e-01 8.9659449560e+00 1.1766343250e-02 1.3641382122e-02
2.6553143490e+01 2.4025043281e+01 2.1982415959e+01 9.0479092577e-01 2.4762237977e-02 1.1178531227e+02 1.6306136493e+01 9.4729180534e-01 1.1006420147e+01 1.1664134158e-02 1.2962492280e-02
3.4923214395e+01 1.9861378402e+01 2.2747960733e+01 5.6871564505e-01 4.5632460900e-02 2.0915780590e+02 3.5360238305e+00 6.3197283814e-01 8.5077427594e+00 1.9999843389e-02 1.0000000000e+00
3.0745389000e+01 2.0481724757e+01 2.1756445001e+01 6.6617224317e-01 4.7091178621e-02 2.1606971822e+02 4.3652281949e+00 -9.7455377323e-01 1.0253911289e+01 1.8986082552e-02 4.8136705144e-02
6.8843682001e+01 3.8462564733e+01 4.4423870768e+01 5.5869418392e-01 6.3351344724e-02 2.9404090742e+02 3.3927218099e+00 -4.3850589824e-01 1.1086549542e+01 1.3229149076e-02 1.0000000000e+00
4.4960867783e+01 4.2781259615e+01 3.8177836997e+01 9.5152210632e-01 4.1877361298e-02 1.9142819765e+02 2.4835953883e+01 -9.2152176199e-01 9.2937518080e+00 6.9822914955e-03 7.4575860321e-03
2.5475053823e+01 2.3044245277e+01 2.1087430095e+01 9.0458082786e-01 2.3318718589e-02 1.0515625562e+02 8.5482317471e+00 -8.1214819836e-01 1.2020604681e+01 1.5264954926e-02 1.9340075476e-02
3.6953498079e+01 2.8848245155e+01 2.8380333437e+01 7.8066344609e-01 3.8721416461e-02 1.7659829225e+02 7.3648800752e+00 -5.7182926524e-01 8.3609236899e+00 1.3282681252e-02 1.7818013525e-02
3.1176743208e+01 1.6139912391e+01 1.9321299973e+01 5.1769077620e-01 5.6583187325e-03 2.5179948048e+01 1.2488276715e+02 7.2082031661e-01 1.2820212130e+01 5.9624953662e-03 6.0357306347e-03
4.2654578200e+01 3.9614483399e+01 3.5780341423e+01 9.2872758496e-01 2.0586014280e-02 9.2644746555e+01 1.0279174269e+01 -1.2676292315e-01 1.0743078672e+01 1.0253628986e-02 1.2335264994e-02
2.5416457507e+01 1.8853758072e+01 1.9014523312e+01 7.4179330722e-01 4.0328098346e-03 1.7924088390e+01 1.3255283253e+02 -2.3224237688e-02 8.1901263686e+00 5.8952743566e-03 5.9634046844e-03
7.6564938546e+01 6.4276685784e+01 6.1024445707e+01 8.3950548390e-01 1.9146773654e-01 9.6453653976e+02 3.3701392146e+00 7.4175144444e-01 8.3086434372e+00 1.0128881057e-02 1.0000000000e+00
6.7977602915e+01 6.6238418957e+01 5.8415030773e+01 9.7441533854e-01 1.6948837924e-01 8.4276204017e+02 2.8805476260e+00 8.9072403369e-01 1.0012500376e+01 1.1169719580e-02 1.0000000000e+00
6.0352996146e+01 5.6885659660e+01 5.1004302646e+01 9.4254905791e-01 6.0036789873e-02 2.7800987522e+02 1.6729519826e+01 -9.8648297522e-01 1.0985126132e+01 6.6839715755e-03 7.4051931312e-03
2.5954603327e+01 9.6846616963e+00 1.3483218188e+01 3.7313849779e-01 7.2307570208e-03 3.2215915057e+01 1.0241060159e+02 -7.0657878598e-01 8.4525988128e+00 8.0346101786e-03 8.1555536143e-03
1.0031743593e+01 5.9361815908e+00 6.6723752505e+00 5.9173976447e-01 2.0733906011e-03 9.2015311185e+00 2.5887323330e+02 -6.7464837928e-01 9.7028327704e+00 8.8364040710e-03 8.8881558656e-03
3.6111975606e+01 2.7560803036e+01 2.7414170464e+01 7.6320396691e-01 7.2388383986e-02 3.3810199139e+02 2.9724218813e+00 9.7182028624e-01 9.5819938802e+00 1.8698200746e-02 1.0000000000e+00
2.4802681587e+01 2.3852455707e+01 2.1173531585e+01 9.6168858288e-01 1.2735213124e-02 5.6977207882e+01 2.9661905727e+01 -9.4831868628e-01 1.6487020133e+01 9.6114816628e-03 1.0148027750e-02
7.3176679490e+01 4.5635770148e+01 5.0030455820e+01 6.2363816542e-01 1.2483805436e-01 6.0377177934e+02 2.2346185897e+00 7.7029724275e-01 9.0707287746e+00 1.3868090836e-02 1.0000000000e+00
7.4621421300e+01 7.4616562535e+01 6.4959605405e+01 9.9993488780e-01 1.9700797342e-01 9.9564922329e+02 3.1756521119e+00 -8.1988176882e-01 9.4021303626e+00 9.9316323535e-03 1.0000000000e+00
3.0069851239e+01 2.7734565600e+01 2.5136186137e+01 9.2233797167e-01 1.6270469929e-02 7.2987521240e+01 1.2705013014e+01 1.2838258876e-01 8.3329404222e+00 1.1840284665e-02 1.3643923555e-02
2.8475394437e+01 2.2866306695e+01 2.2187348901e+01 8.0301984038e-01 3.4248341512e-02 1.5569040431e+02 6.3463699098e+00 8.3049231934e-01 1.0029800032e+01 1.6425451680e-02 2.3854244101e-02
5.3478822150e+01 4.5033220226e+01 4.2690479970e+01 8.4207576786e-01 9.1724395530e-02 4.3409052715e+02 2.2593967722e+00 6.6604143457e-01 8.8638720931e+00 1.5538032341e-02 1.0000000000e+00
3.4281487036e+01 3.2337934172e+01 2.8982976443e+01 9.4330605141e-01 5.5316002366e-02 2.5529824334e+02 6.7357838754e+00 8.8737041255e-01 9.0219803250e+00 1.3422139457e-02 1.8817487285e-02
3.0814283119e+01 2.8264568366e+01 2.5686814352e+01 9.1725542527e-01 8.8140575410e-03 3.9317348844e+01 1.5966852036e+01 -2.7948442160e-01 1.6785138590e+01 1.0771164226e-02 1.2001275759e-02
8.4314129052e+01 7.4045487863e+01 6.8755981453e+01 8.7820972232e-01 2.7579338042e-01 1.4555094826e+03 3.1623645125e+00 9.4013685567e-01 8.4419080740e+00 9.2253850366e-03 1.0000000000e+00
4.4604777191e+01 3.8453141037e+01 3.6033936490e+01 8.6208571051e-01 1.0941768148e-01 5.2393446217e+02 2.2536949815e+00 9.3033100663e-01 8.1249281842e+00 1.7118110339e-02 1.0000000000e+00
2.9947657416e+01 2.8660192266e+01 2.5503161205e+01 9.5700948716e-01 2.5787203385e-02 1.1650062496e+02 3.2241511001e+01 9.9384822342e-01 9.9765269700e+00 8.2268374196e-03 8.6458104821e-03
4.6197053123e+01 4.1755222859e+01 3.8224836016e+01 9.0385035487e-01 2.6912487729e-02 1.2168545094e+02 2.2044054531e+01 -5.4825462427e-01 1.0072276947e+01 7.3622747882e-03 7.9363539339e-03
3.1674295686e+01 2.7115027168e+01 2.5497084000e+01 8.5605777745e-01 1.8615086451e-02 8.3651802888e+01 1.3395837729e+00 -5.9311579248e-01 1.7665799795e+01 2.7242323883e-02 1.0000000000e+00
2.9915037690e+01 9.4897230225e+00 1.4215957479e+01 3.1722249929e-01 1.4214570622e-02 6.3666672181e+01 1.2443742321e+00 -8.3353427426e-01 1.4246702710e+01 4.0457392486e-02 1.0000000000e+00
3.5721889167e+01 2.7571954179e+01 2.7275259203e+01 7.7185039263e-01 4.6290067729e-02 2.1227207388e+02 1.1738169913e+00 6.5531624794e-01 8.1728706285e+00 2.6988731821e-02 1.0000000000e+00
2.7474863432e+01 2.6963662022e+01 2.3694490779e+01 9.8139385074e-01 3.4991282362e-02 1.5915397317e+02 3.4608811593e+00 -6.9654546221e-01 1.2477867070e+01 1.9780428292e-02 1.0000000000e+00
8.3648430135e+01 6.4725214454e+01 6.3951012202e+01 7.7377679832e-01 1.5476096625e-01 7.6267241198e+02 2.1311429950e+00 8.0101738080e-01 1.0285402046e+01 1.1911839213e-02 1.0000000000e+00
3.5499807625e+01 2.5446117332e+01 2.6092733613e+01 7.1679592185e-01 6.3225014027e-02 2.9342862388e+02 3.1449650404e+00 9.7166903528e-01 1.0411676158e+01 1.8982321774e-02 1.0000000000e+00
3.7327679952e+01 3.6521978901e+01 3.2142635305e+01 9.7841545328e-01 8.2290450503e-02 3.8696852960e+02 2.3909974309e+00 -9.5083716950e-01 9.5799478843e+00 1.8262606430e-02 1.0000000000e+00
2.1622021464e+01 2.0440359985e+01 1.8300043793e+01 9.4534916724e-01 2.1539960920e-02 9.7006693941e+01 2.5624526053e+00 -5.2733102862e-01 1.0953533277e+01 2.6233583653e-02 1.0000000000e+00
5.1505625671e+01 3.7801891760e+01 3.8321572120e+01 7.3393714314e-01 4.5619598741e-02 2.0909692168e+02 4.8111018209e-01 7.2713230143e-01 1.1003824558e+01 3.0501302970e-02 1.0000000000e+00
2.8425097886e+01 2.1975794421e+01 2.1722023865e+01 7.7311235685e-01 9.1534022617e-03 4.0841580010e+01 3.1484050006e+01 6.4242305315e-01 1.6363300285e+01 9.2704506943e-03 9.7550510665e-03
5.6111644313e+01 4.0409495452e+01 4.1342560041e+01 7.2016238245e-01 2.5939436496e-02 1.1720156008e+02 4.5769214222e+00 -5.8320970218e-01 2.5311058467e+01 1.2647545941e-02 2.7498092100e-02
3.7079435414e+01 2.6462826308e+01 2.7192495768e+01 7.1367932149e-01 5.7563511961e-02 2.6609324546e+02 6.8100141718e+00 -9.6231971576e-01 8.6403921008e+00 1.3892104199e-02 1.9361225654e-02
2.9674894633e+01 2.5249813854e+01 2.3814138094e+01 8.5088133140e-01 3.2384071594e-02 1.4701515774e+02 3.8992624599e+00 -8.0705377199e-01 1.5839476463e+01 1.8885553400e-02 1.0000000000e+00
3.5782818951e+01 2.8669528521e+01 2.7848981279e+01 8.0120933347e-01 2.5993359885e-02 1.1744987919e+02 2.4836687637e+01 -7.1144500249e-01 8.9363494973e+00 8.5859716505e-03 9.1704114776e-03
3.3113198488e+01 2.0223030235e+01 2.2392570862e+01 6.1072415707e-01 5.2885710153e-02 2.4366167827e+02 2.8369408298e+00 -7.9045678702e-01 8.2080170710e+00 2.1842313989e-02 1.0000000000e+00
8.5454980934e+01 2.8585477229e+01 4.1813633330e+01 3.3450919907e-01 9.0275694162e-02 4.2681872703e+02 2.0403363338e+00 9.2225056624e-01 1.1370713698e+01 1.6368115603e-02 1.0000000000e+00
2.9448184154e+01 2.7747063694e+01 2.4882461547e+01 9.4223343446e-01 2.0032165420e-02 9.0115034090e+01 2.5090664583e+01 -9.4008063301e-01 1.3199919947e+01 9.2105735712e-03 9.8303705440e-03
3.4407033107e+01 3.2658547453e+01 2.9180082565e+01 9.4918231837e-01 4.4392067695e-02 2.0329121571e+02 1.2853518286e+01 -8.1924291971e-01 8.1589499228e+00 1.0557684629e-02 1.2141811441e-02
3.3756518608e+01 1.3023716791e+01 1.7858421778e+01 3.8581338740e-01 2.6420482643e-03 1.1730287659e+01 1.0044697169e+02 -6.2750239393e-01 2.6791888460e+01 6.8088898173e-03 6.9134432296e-03
4.1868223226e+01 3.3423724966e+01 3.2524746553e+01 7.9830769950e-01 3.1648480625e-02 1.4359841198e+02 2.2565975782e+01 -7.2961962462e-01 9.1135314293e+00 8.0497873698e-03 8.6608503730e-03
7.2439881568e+01 7.1141659009e+01 6.2494429868e+01 9.8207862118e-01 1.3019070898e-01 6.3181375879e+02 5.6297702644e+00 6.4245634830e-01 8.0421961889e+00 8.5087563698e-03 1.3544179316e-02
4.3436373862e+01 1.9988164490e+01 2.5276935683e+01 4.6017111265e-01 4.0392558853e-02 1.8444298276e+02 3.7180064877e+00 4.5065769064e-01 8.8369916451e+00 1.8433313161e-02 1.0000000000e+00
6.2230166465e+01 4.9839233166e+01 4.8422363047e+01 8.0088542257e-01 9.1097333690e-02 4.3094139027e+02 9.9838438928e+00 9.8148205214e-01 9.2343071053e+00 8.2293522742e-03 9.9709083900e-03
3.4934696810e+01 3.4751382691e+01 3.0332501942e+01 9.9475266323e-01 4.1938283047e-02 1.9171510840e+02 8.4515156200e+00 8.9947245055e-01 1.1550333629e+01 1.2077481343e-02 1.5359829206e-02
1.0426283180e+01 4.6000000000e+00 5.9314666780e+00 4.4119269740e-01 6.2952728371e-03 2.8028023533e+01 4.5822090684e+00 -5.5542231972e-01 8.8780767233e+00 4.3061380690e-02 9.3344004028e-02
3.7905344526e+01 2.6016760801e+01 2.7242188230e+01 6.8636128036e-01 4.5956633691e-02 2.1069266099e+02 8.3976945893e+00 9.6592903443e-01 9.9678966303e+00 1.2916308875e-02 1.6462244629e-02
3.2810944803e+01 2.2455433656e+01 2.3545716374e+01 6.8438851092e-01 3.0861431446e-02 1.3994658460e+02 5.8720057406e+00 -7.0878542967e-01 1.0788321573e+01 1.6327913519e-02 2.5067465575e-02
3.6494798529e+01 3.5773486068e+01 3.1454717650e+01 9.8023519816e-01 3.7321739632e-02 1.7004192304e+02 2.4067936803e+01 -9.4639749612e-01 9.2017501277e+00 7.9961627564e-03 8.5601756641e-03
3.2474161986e+01 1.7242562377e+01 2.0397801148e+01 5.3096250440e-01 1.7666001212e-03 7.8381799343e+00 2.8567770039e+02 -8.7370639249e-01 2.5892267716e+01 4.2364143125e-03 4.2588748640e-03
5.2456895033e+01 4.7736502805e+01 4.3553602889e+01 9.1001388426e-01 6.0513028414e-02 2.8030893651e+02 6.9759150546e+00 4.7966387345e-01 8.1829284798e+00 1.0238415249e-02 1.4092092480e-02
4.1281112899e+01 3.4641146911e+01 3.2895187813e+01 8.3915244717e-01 1.6409925976e-02 7.3620798123e+01 1.0411042861e+02 -9.7006923032e-01 8.2299314077e+00 4.5471011237e-03 4.6143996448e-03
3.9085087617e+01 3.3127457991e+01 3.1303794947e+01 8.4757282153e-01 4.9519603830e-02 2.2760690320e+02 2.1611787072e+00 -8.0840720916e-01 1.2696978886e+01 1.9658234990e-02 1.0000000000e+00
4.0754842469e+01 4.0173071814e+01 3.5224828425e+01 9.8572511586e-01 5.9057920067e-02 2.7328887220e+02 3.3268315979e+00 -6.0722956981e-01 1.0938315569e+01 1.5445565450e-02 1.0000000000e+00
8.0117395667e+01 7.6538308598e+01 6.8166997878e+01 9.5532696690e-01 1.7581493452e-01 8.7754015721e+02 1.3649353377e+00 8.3138681845e-01 9.1821007059e+00 1.3375437658e-02 1.0000000000e+00
4.3003691645e+01 3.8418267234e+01 3.5373480876e+01 8.9337137731e-01 5.7107260625e-02 2.6389921730e+02 2.7832947473e+00 7.2337218964e-01 1.2474116966e+01 1.6489709677e-02 1.0000000000e+00
6.3315232301e+01 6.0613833793e+01 5.3927878995e+01 9.5733414521e-01 7.1732128215e-02 3.3488503167e+02 4.1206383789e+00 7.6702544750e-01 1.7809151394e+01 1.0842309760e-02 4.0754581678e-02
4.7028995876e+01 2.3614456616e+01 2.8675553831e+01 5.0212546912e-01 3.3644173555e-02 1.5287645620e+02 2.5100845143e+01 -8.4767545282e-01 8.2532620979e+00 8.3581626201e-03 8.9203419333e-03
3.3050399377e+01 7.6920620713e+00 1.3216675966e+01 2.3273734104e-01 1.4470288224e-02 6.4824480931e+01 8.3824760472e+00 -9.7440172952e-01 1.2939510560e+01 2.0704041931e-02 2.6404316344e-02
3.2410631033e+01 1.3755644040e+01 1.8056604366e+01 4.2441765560e-01 2.4858811957e-02 1.1222930037e+02 8.6852471571e+00 9.8482873705e-01 1.1120458966e+01 1.6703783352e-02 2.1053944659e-02
1.6697945353e+01 1.4458141495e+01 1.3519378357e+01 8.6586350536e-01 1.3970482926e-02 6.2561928565e+01 3.6402733716e+01 9.5986481883e-01 8.5666654813e+00 1.1772853004e-02 1.2298123545e-02
3.2282883709e+01 2.9658765625e+01 2.6932624940e+01 9.1871487976e-01 2.0237637878e-02 9.1053294301e+01 1.4236676672e+00 1.1848283003e-01 1.0251852658e+01 2.5705733132e-02 1.0000000000e+00
4.4258960298e+01 3.5105596072e+01 3.4268983060e+01 7.9318618955e-01 1.0853394799e-01 5.1940205170e+02 3.7556145802e+00 -8.7762007517e-01 8.2657491287e+00 1.4592643671e-02 1.0000000000e+00
1.1860761098e+01 5.4354131268e+00 6.8867934871e+00 4.5826849406e-01 1.0211030898e-02 4.5597094264e+01 3.3584834930e+00 -7.7504586495e-01 9.5748970668e+00 4.3964162775e-02 1.0000000000e+00
8.2218083911e+01 7.5597465739e+01 6.8620644775e+01 9.1947491528e-01 1.5207395746e-01 7.4819256647e+02 3.1952310288e+00 8.9545643686e-01 1.3865481482e+01 9.8067007344e-03 1.0000000000e+00
3.9821821283e+01 3.2707555060e+01 3.1387644958e+01 8.2134754278e-01 2.8848186061e-02 1.3062387621e+02 2.8162080543e+01 -9.1810828150e-01 1.0658264565e+01 7.5875698059e-03 8.0362160275e-03
7.7275514846e+01 6.8804078774e+01 6.3456445945e+01 8.9037360554e-01 1.7497512316e-01 8.7291076179e+02 4.6599427340e+00 -9.0104137048e-01 9.4349693323e+00 8.8300419214e-03 1.8377678025e-02
3.7564529322e+01 3.2944300984e+01 3.0611615321e+01 8.7700555760e-01 5.5172649103e-02 2.5461079921e+02 7.4509658343e+00 7.6826768272e-01 8.1360426043e+00 1.2490646590e-02 1.6670049436e-02
3.5336817611e+01 3.1982592655e+01 2.9258806072e+01 9.0507846538e-01 3.3274410612e-02 1.5115544354e+02 3.8018295971e+01 9.9450999517e-01 8.0288077904e+00 7.0652629326e-03 7.3660279627e-03
2.6814784094e+01 2.1759084416e+01 2.1005277064e+01 8.1145849766e-01 3.8414575723e-02 1.7515989474e+02 5.7779800562e+00 7.9226279501e-01 8.3658138722e+00 1.7561747754e-02 2.7321916984e-02
5.3883110390e+01 5.1243951936e+01 4.5741906073e+01 9.5102067354e-01 8.9305771469e-02 4.2195737492e+02 8.8786271456e+00 9.3945714974e-01 9.0076805363e+00 8.9202293775e-03 1.1165909241e-02
2.7727278161e+01 1.7568377960e+01 1.9114900085e+01 6.3361350716e-01 2.2831082957e-02 1.0292001350e+02 1.6110980626e+00 -3.8183069272e-01 8.0495018996e+00 3.0357432196e-02 1.0000000000e+00
7.5067126585e+01 6.6434243570e+01 6.1454394358e+01 8.8499782251e-01 1.7436834189e-01 8.6956836292e+02 3.6108571482e+00 9.1448660401e-01 1.1205942617e+01 9.9161612161e-03 1.0000000000e+00
3.0247200291e+01 2.9037144814e+01 2.5798559088e+01 9.5999446343e-01 1.1857742209e-02 5.3016333263e+01 2.0924218683e+01 7.9878109821e-01 2.1362302167e+01 9.6879180364e-03 1.0490186010e-02
4.7671805226e+01 3.4315014109e+01 3.5115484121e+01 7.1981780312e-01 8.2451186369e-02 3.8776679190e+02 4.2365372005e+00 7.0416325947e-01 8.2715762114e+00 1.3942791911e-02 4.1140217673e-02
7.4593083831e+01 4.4351893185e+01 4.9739018781e+01 5.9458452321e-01 8.1107502442e-02 3.8109858605e+02 2.1006156292e+00 4.5225397645e-01 9.0892468557e+00 1.4602827723e-02 1.0000000000e+00
7.5657919192e+01 7.3400928886e+01 6.4872706492e+01 9.7016848561e-01 1.0207660977e-01 4.8642707778e+02 6.0802448267e+00 -4.7698057014e-01 8.2168325691e+00 8.2040673415e-03 1.2266105554e-02
7.3704377312e+01 4.4712964724e+01 4.9667578552e+01 6.0665277091e-01 2.7486835846e-02 1.2433502414e+02 3.9128387612e+00 1.6925143304e-01 2.1847459018e+01 1.1948970183e-02 1.0000000000e+00
7.7362144518e+01 6.5019446027e+01 6.1695329921e+01 8.4045557982e-01 6.9922210972e-02 3.2602684862e+02 3.3705901644e+00 -9.5061649982e-01 2.7402759504e+01 1.0759155965e-02 1.0000000000e+00
4.1745531131e+01 4.0630561185e+01 3.5852335332e+01 9.7329127416e-01 1.2222531909e-01 5.9014524220e+02 4.0177880919e+00 -9.2438588587e-01 8.1165577950e+00 1.3726258150e-02 1.0477285684e-01
7.7736416763e+01 7.4778000244e+01 6.6370767404e+01 9.6194297805e-01 1.1414162506e-01 5.4824162204e+02 6.3261065349e+00 -8.4879419822e-01 1.1459765889e+01 7.9144598538e-03 1.1517583460e-02
6.7989216485e+00 6.3904701155e+00 5.7377121020e+00 9.3992407119e-01 1.0985164079e-03 4.8714835152e+00 4.3297409808e+02 6.5743999331e-01 1.2441943286e+01 8.0119419250e-03 8.0398761742e-03
6.0093773673e+01 5.5413415982e+01 5.0227878689e+01 9.2211576333e-01 1.0031088878e-01 4.7745416949e+02 1.6522196083e+00 -6.3501553714e-01 8.8853707047e+00 1.5707521898e-02 1.0000000000e+00
5.8688891754e+01 4.4295502944e+01 4.4299114314e+01 7.5475105459e-01 4.7206041101e-02 2.1661456040e+02 5.6119956613e+00 -3.3713202797e-01 9.8846149428e+00 1.1078596798e-02 1.7686516492e-02
1.3259352553e+01 1.2382284338e+01 1.1153333935e+01 9.3385286258e-01 8.2828086973e-03 3.6932702259e+01 4.0010357826e+00 8.5001415399e-01 2.4782519914e+01 3.0495739020e-02 6.7503779976e-01
3.7120078015e+01 2.5981440599e+01 2.6949784864e+01 6.9992957958e-01 1.2288019637e-02 5.4957945507e+01 1.0340280964e+02 -8.3613271372e-01 9.0101424800e+00 5.1767714407e-03 5.2539280460e-03
5.2013422832e+01 2.2016417185e+01 2.8935826116e+01 4.2328337545e-01 2.1657638118e-02 9.7545195245e+01 4.9177860021e+01 7.6953415822e-01 8.2822659040e+00 6.5056970843e-03 6.7159944271e-03
5.2247448168e+01 4.8396266900e+01 4.3769222926e+01 9.2628958154e-01 3.9594765026e-02 1.8069570394e+02 9.1508064040e+00 3.9783898705e-01 9.9309227476e+00 9.3347545950e-03 1.1579690659e-02
2.8505035716e+01 2.3267792679e+01 2.2396785295e+01 8.1626955007e-01 3.7075616557e-02 1.6889035435e+02 7.3433364186e-01 -8.4417983095e-01 8.6774279850e+00 3.6598487680e-02 1.0000000000e+00
9.7417446444e+00 9.5519290917e+00 8.3975715475e+00 9.8051524037e-01 4.3538871857e-03 1.9355878805e+01 6.8301809284e+01 -5.4692996909e-01 8.0646237235e+00 1.2596020725e-02 1.2884327256e-02
3.6196774546e+01 2.5705976913e+01 2.6477708766e+01 7.1017313657e-01 1.3926079845e-02 6.2361002640e+01 1.7343855127e+01 1.5631729747e-01 9.4205666609e+00 1.0213790480e-02 1.1269017786e-02
4.1011106870e+01 1.3272342491e+01 1.9704978042e+01 3.2362799991e-01 1.4831512974e-02 6.6460738944e+01 6.6222804052e+00 9.7287353736e-01 2.2616036858e+01 1.7617193250e-02 2.4935029245e-02
8.4464805695e+01 5.9053123794e+01 6.1287226176e+01 6.9914473027e-01 1.8506589759e-01 9.2879333465e+02 3.3212205701e+00 -7.5798550572e-01 8.7486401420e+00 1.0191516378e-02 1.0000000000e+00
3.3702162528e+01 2.6953025319e+01 2.6205085579e+01 7.9974171677e-01 3.3990359972e-02 1.5448854738e+02 3.5247930110e+00 -3.8875267021e-01 9.9861170913e+00 1.8457880966e-02 1.0000000000e+00
6.7362768519e+01 6.7293178395e+01 5.8612395826e+01 9.9896693491e-01 1.0497575864e-01 5.0120070535e+02 8.6333891097e+00 8.6976170966e-01 9.3457351162e+00 7.6518043972e-03 9.6631742893e-03
3.3737555927e+01 3.2662286226e+01 2.8897662148e+01 9.6812840552e-01 1.9009384105e-02 8.5448832948e+01 1.2687672050e+01 -6.6746403870e-01 1.5768419679e+01 1.0839317955e-02 1.2493421810e-02
3.5245484882e+01 3.3492184105e+01 2.9908126965e+01 9.5025459905e-01 1.9197766560e-02 8.6307760530e+01 4.5103430185e+01 -6.5920385059e-01 8.8697066327e+00 6.5926854352e-03 6.8263204053e-03
2.0029103860e+01 1.7172128613e+01 1.6135407017e+01 8.5735880813e-01 4.9918094895e-03 2.2202656968e+01 2.0270082089e+01 7.4253193737e-01 2.8008191060e+01 1.3201883564e-02 1.4336249789e-02
4.3220144306e+01 3.3077019314e+01 3.2856845758e+01 7.6531487446e-01 2.9825626192e-02 1.3514676272e+02 2.7302473698e+01 8.1388724381e-01 9.7487669487e+00 7.4554955736e-03 7.9118219609e-03
5.9327161179e+01 5.6828739378e+01 5.0545756255e+01 9.5788738663e-01 6.9511117595e-02 3.2401772576e+02 1.4988287314e+01 9.0949787089e-01 9.3143532298e+00 6.9657837534e-03 7.8257908917e-03
4.9661318322e+01 2.8844494257e+01 3.2709080914e+01 5.8082417528e-01 7.1635206700e-02 3.3441015235e+02 1.9783102989e+00 9.3994140305e-01 1.0547762057e+01 1.9514762362e-02 1.0000000000e+00
9.3856003755e+00 5.3130585723e+00 6.0985762031e+00 5.6608617027e-01 3.2904983055e-03 1.4616548929e+01 1.7770356850e+02 8.8398272342e-01 8.0694741949e+00 1.0755366545e-02 1.0847583305e-02
2.6838069078e+01 2.3362527637e+01 2.1788176305e+01 8.7049957168e-01 4.4552748567e-02 2.0405061393e+02 5.5169157215e+00 -8.8775234329e-01 8.5828922194e+00 1.7400634160e-02 2.8238437514e-02
3.0032204975e+01 5.2136830291e+00 1.0172259128e+01 1.7360307155e-01 4.7092490892e-03 2.0941369251e+01 1.4620865459e+02 -7.8675825577e-01 9.3201453801e+00 8.3973973412e-03 8.4852051753e-03
1.9386437590e+01 1.6812906982e+01 1.5708848509e+01 8.6725097914e-01 1.6001125338e-02 7.1764781938e+01 7.4132818387e+00 7.7710433485e-01 1.2295414611e+01 1.9443198651e-02 2.6006511433e-02
2.9788949539e+01 2.9777355809e+01 2.5927739748e+01 9.9961080435e-01 1.5466031468e-02 6.9337063846e+01 7.7503259797e+00 -9.5721032517e-01 2.8129570954e+01 1.3984822790e-02 1.8360143623e-02
4.6962624736e+01 4.0783697914e+01 3.8080057264e+01 8.6842884407e-01 4.4000345376e-02 2.0144058697e+02 2.6869150031e+00 -9.2434011807e-03 8.3266486662e+00 1.6081502512e-02 1.0000000000e+00
5.2050041211e+01 5.0780039255e+01 4.4755295698e+01 9.7560036597e-01 4.1636628436e-02 1.9029470296e+02 2.0327921787e+00 2.3927487861e-01 1.1638304973e+01 1.6163501722e-02 1.0000000000e+00
3.1137221577e+01 2.8720426032e+01 2.6029061647e+01 9.2238242774e-01 5.2985069715e-02 2.4413668317e+02 2.1723414486e+00 -8.3758421849e-01 9.7421445002e+00 2.1973399737e-02 1.0000000000e+00
2.8016483721e+01 1.7820979457e+01 1.9353655365e+01 6.3608908364e-01 1.8370306340e-02 8.2536727389e+01 5.4211961228e+01 -9.8990412981e-01 8.4673579029e+00 8.0810373967e-03 8.3166819226e-03
2.7873523824e+01 1.1199878922e+01 1.5075331670e+01 4.0181065706e-01 2.6368304079e-03 1.1707074466e+01 3.4381232818e+02 -9.6778076066e-01 1.5122352344e+01 4.7716504325e-03 4.7926364676e-03
6.5991248378e+01 6.1892363565e+01 5.5630257279e+01 9.3788744850e-01 8.4186362172e-02 3.9639438388e+02 7.8719785019e+00 6.0025980020e-01 8.5014033398e+00 8.2818984383e-03 1.0806536164e-02
9.9820292388e+00 4.6000000000e+00 5.8132956230e+00 4.6082814325e-01 2.5015484855e-03 1.1105296874e+01 1.9395814205e+02 -8.5057557889e-01 9.4261229701e+00 1.0729712228e-02 1.0813887884e-02
5.5959487190e+01 5.5385258548e+01 4.8464842137e+01 9.8973849350e-01 2.0815946205e-02 9.3695563254e+01 4.9727386029e+01 5.4627343711e-01 8.4028687795e+00 4.6958420065e-03 4.8458581484e-03
4.6862726991e+01 4.0879621981e+01 3.8085424935e+01 8.7232699857e-01 1.5921808402e-02 7.1404800550e+01 5.1136011545e+01 9.3056432707e-01 1.5265032857e+01 5.4185894019e-03 5.5866504723e-03
3.1858235292e+01 3.0768804187e+01 2.7255052544e+01 9.6580378371e-01 5.5617885599e-02 2.5674634063e+02 6.1009562670e+00 -9.6871484610e-01 9.4554782790e+00 1.4472728791e-02 2.1585805580e-02
3.8697570720e+01 2.6597002576e+01 2.7831359499e+01 6.8730419199e-01 1.5815618088e-02 7.0922919688e+01 6.0609188617e+01 -7.0736352523e-01 9.0235172825e+00 6.1855098081e-03 6.3459234265e-03
1.0152302480e+01 4.6000000000e+00 5.8589725939e+00 4.5309918703e-01 8.4897169317e-04 3.7641317338e+00 1.2882566072e+03 -8.8132705634e-01 1.0829636058e+01 5.2547383062e-03 5.2608698289e-03
3.1418868234e+01 1.7506183596e+01 2.0245240979e+01 5.5718695738e-01 7.1904418373e-03 3.2035313823e+01 2.2066092880e+02 9.5238188431e-01 8.5835741732e+00 4.6733371210e-03 4.7055070278e-03
4.7951742715e+01 4.5618485602e+01 4.0713610522e+01 9.5134155754e-01 5.5482570632e-02 2.5609717906e+02 9.5819414158e+00 6.2398637795e-01 8.5663479932e+00 9.5089266833e-03 1.1644801445e-02
3.1459707862e+01 1.3871556033e+01 1.7891565964e+01 4.4093085968e-01 2.1008806742e-02 9.4577230334e+01 2.5949327928e+01 -9.5068667591e-01 8.7429290786e+00 1.1170556224e-02 1.1894306667e-02
7.5475329333e+01 5.6213809408e+01 5.6582069613e+01 7.4479713974e-01 1.5258029808e-02 6.8393878283e+01 6.4987798121e+01 8.3824713970e-01 1.3173803806e+01 3.8687821097e-03 3.9620513203e-03
5.3432040697e+01 5.2378194564e+01 4.6053838692e+01 9.8027688780e-01 1.0785568771e-01 5.1592663794e+02 2.6358854094e+00 9.8522326795e-01 1.2305530247e+01 1.3858944441e-02 1.0000000000e+00
3.0349243869e+01 2.5346047453e+01 2.4125214057e+01 8.3514592859e-01 3.2076394819e-02 1.4558559791e+02 9.1643486714e+00 -8.9265831924e-01 1.0996373205e+01 1.3599353206e-02 1.6862638185e-02
5.4016665962e+01 5.2810492303e+01 4.6495664561e+01 9.7767034234e-01 1.0217569633e-01 4.8693116856e+02 2.5026960309e+00 -6.1293093064e-01 8.5582660165e+00 1.4092178889e-02 1.0000000000e+00
4.2955698464e+01 4.2229643488e+01 3.7077457508e+01 9.8309758653e-01 5.6478533278e-02 2.6087796122e+02 1.6674382152e+01 -9.7685593183e-01 8.7803000790e+00 8.1855044175e-03 9.0722822793e-03
3.4075592048e+01 3.3313138496e+01 2.9330395643e+01 9.7762464255e-01 4.1486946155e-03 1.8440776547e+01 1.9388610087e+02 5.3190986436e-01 1.1182914544e+01 3.8984616905e-03 3.9290570371e-03
3.4495669339e+01 1.7207907576e+01 2.0960009096e+01 4.9884254765e-01 1.9216071040e-02 8.6391232193e+01 8.7257926635e+00 -3.7509427575e-01 8.4339669581e+00 1.5243434479e-02 1.9184772917e-02
3.4740664008e+01 2.5923793357e+01 2.6069646132e+01 7.4620891963e-01 6.0108551287e-02 2.7835621411e+02 3.4147485975e+00 7.3780028103e-01 8.6664557243e+00 1.8449423332e-02 1.0000000000e+00
3.0727392501e+01 2.1695060897e+01 2.2409309791e+01 7.0604952557e-01 2.1057079728e-02 9.4797950268e+01 1.4438489972e+01 -9.9504616323e-01 1.4466960811e+01 1.2089992009e-02 1.3653926172e-02
2.8977254628e+01 2.8464809486e+01 2.5001916683e+01 9.8231560759e-01 2.9106772093e-02 1.3181981325e+02 2.6628434167e+01 -8.7694673661e-01 8.3586339754e+00 8.9308962596e-03 9.4930160929e-03
3.0966425179e+01 2.2437199548e+01 2.2887675459e+01 7.2456537744e-01 1.0787058643e-02 4.8190307678e+01 1.9981232321e+01 -3.0804675760e-01 1.1484935043e+01 1.0629774274e-02 1.1558555001e-02
3.8663823421e+01 2.8346999536e+01 2.8751343735e+01 7.3316596830e-01 3.0676272872e-02 1.3908805952e+02 2.6861027952e+00 -4.3908874177e-01 1.2353403952e+01 1.9325778226e-02 1.0000000000e+00
3.1433163447e+01 2.4163547559e+01 2.3950768422e+01 7.6872783103e-01 3.7584796395e-02 1.7127315880e+02 1.4980435911e+00 -5.5438297898e-01 8.0061092472e+00 2.6854042194e-02 1.0000000000e+00
6.0899651819e+01 5.6908164223e+01 5.1243503006e+01 9.3445795704e-01 7.4289038063e-02 3.4743421307e+02 2.0664906105e+00 -6.4240588308e-01 1.2961236746e+01 1.4478822123e-02 1.0000000000e+00
3.3428825674e+01 2.5755495250e+01 2.5500769264e+01 7.7045767331e-01 4.7585551716e-02 2.1841534809e+02 6.1112560596e+00 7.9153953772e-01 8.3970538498e+00 1.5149823531e-02 2.2568550334e-02
2.9457294543e+01 2.4344138314e+01 2.3291292533e+01 8.2642139039e-01 1.2693109008e-02 5.6787033269e+01 3.6119553317e+01 -8.5748018154e-01 1.5279419106e+01 8.4110013157e-03 8.7894667712e-03
2.7093593916e+01 1.5684994446e+01 1.7814158087e+01 5.7891893172e-01 8.6798845965e-03 3.8714899656e+01 1.5194780438e+01 -2.3376001523e-01 1.0695978515e+01 1.3794665321e-02 1.5469124564e-02
2.8120392014e+01 2.1531480968e+01 2.1383068965e+01 7.6568921787e-01 3.9920350237e-02 1.8222449418e+02 1.1032496648e+00 -9.0736934277e-01 9.0583577179e+00 3.2284885121e-02 1.0000000000e+00
3.7670404736e+01 3.1454736980e+01 2.9942261552e+01 8.3499864684e-01 3.5594017774e-02 1.6196656274e+02 1.8962273508e+01 -8.7649555331e-01 9.5075203194e+00 9.0269389985e-03 9.8656411398e-03
6.4734800436e+01 2.1631324315e+01 3.1656570695e+01 3.3415294663e-01 2.9188260003e-02 1.3219677876e+02 1.5958134849e+01 -5.7828427926e-01 9.3548910324e+00 9.3369119360e-03 1.0403938329e-02
4.3037382945e+01 4.0327222388e+01 3.6263536830e+01 9.3702775654e-01 3.6198385347e-02 1.6478915438e+02 1.5455142096e+01 8.9642023177e-01 1.2716728576e+01 8.6436604510e-03 9.6710781721e-03
3.4490650209e+01 2.1041330813e+01 2.3310743108e+01 6.1005897790e-01 2.2448537061e-02 1.0116680532e+02 2.1034982526e-01 -7.8285350012e-01 9.9938777447e+00 5.7553130268e-02 1.0000000000e+00
5.4903209801e+01 5.2669933676e+01 4.6811820616e+01 9.5932339598e-01 1.1439528005e-01 5.4955058696e+02 3.7167078821e+00 7.4766291787e-01 1.0007001081e+01 1.2015437387e-02 1.0000000000e+00
6.2518810160e+01 4.7645288574e+01 4.7425332268e+01 7.6209525504e-01 1.2715766143e-01 6.1590326765e+02 6.0156046579e+00 -9.7912761664e-01 8.4200784090e+00 9.8785705176e-03 1.4885787997e-02
3.3783003780e+01 3.0131678972e+01 2.7765968626e+01 8.9191829026e-01 2.7104145007e-02 1.2256935898e+02 4.4828764252e+01 9.2790695860e-01 8.0565065638e+00 6.8886225060e-03 7.1343405429e-03
3.1518806976e+01 2.6662757116e+01 2.5218997454e+01 8.4593167302e-01 2.8503860406e-02 1.2903208524e+02 1.8292388406e+01 9.4051754839e-01 1.0676629232e+01 1.0229649359e-02 1.1221420819e-02
2.9055888869e+01 2.7478858313e+01 2.4596687272e+01 9.4572423637e-01 2.0990466596e-02 9.4493377230e+01 4.5690469619e+01 7.8738163462e-01 8.0355017750e+00 7.4054199770e-03 7.6642648903e-03
3.1659755976e+01 2.9329190863e+01 2.6523715453e+01 9.2638714224e-01 6.0447008019e-02 2.7999013420e+02 4.7027899882e+00 -9.0473041036e-01 9.0509276660e+00 1.6183979387e-02 3.3011029882e-02
3.0091037943e+01 2.7563556796e+01 2.5066671586e+01 9.1600551793e-01 4.9308803605e-02 2.2660390776e+02 1.8421604050e+00 9.3028489449e-01 1.0539852372e+01 2.3984074218e-02 1.0000000000e+00
6.2176605539e+01 6.1300533116e+01 5.3744922951e+01 9.8590993484e-01 1.1079031872e-01 5.3098361661e+02 3.7000613234e+00 5.5601289634e-01 9.7094648099e+00 1.1062707779e-02 1.0000000000e+00
3.5807455799e+01 3.1262465934e+01 2.9113368515e+01 8.7307141029e-01 4.8944636757e-03 2.1768065575e+01 1.8163368951e+01 -3.7978354966e-01 3.7346956171e+01 9.5134715042e-03 1.0443599536e-02
1.9740209608e+01 7.5698646889e+00 1.0408768499e+01 3.8347438246e-01 8.8203733498e-03 3.9345710412e+01 7.6398715762e+00 -8.8309914976e-01 1.4783225661e+01 2.4974984364e-02 3.2980347249e-02
3.3020850147e+01 2.2287887797e+01 2.3526403868e+01 6.7496408173e-01 2.8912644529e-02 1.3092194957e+02 4.8685360401e+00 -8.2678360469e-01 1.4461591578e+01 1.7546381358e-02 3.3490105726e-02
3.8282385112e+01 3.7515830401e+01 3.2991064949e+01 9.7997630741e-01 8.5878340272e-02 4.0482512733e+02 3.7808833541e+00 -8.0290416879e-01 9.1039560603e+00 1.5099491523e-02 1.0000000000e+00
3.7481932193e+01 3.4614062281e+01 3.1351801263e+01 9.2348660425e-01 8.6671752041e-03 3.8657839574e+01 7.0954441996e+00 -1.7871814167e-02 2.4124098710e+01 1.2891305670e-02 1.7595156530e-02
8.0097128892e+01 6.8537898696e+01 6.4462093671e+01 8.5568483721e-01 1.1703440420e-01 5.6319233304e+02 1.4154911526e+00 5.7930684887e-01 9.4196211998e+00 1.4108268315e-02 1.0000000000e+00
2.8570356330e+01 2.8040168546e+01 2.4639865323e+01 9.8144273113e-01 6.1645425788e-02 2.8578142142e+02 2.2929047104e+00 9.9482766162e-01 9.3762720786e+00 2.2169957033e-02 1.0000000000e+00
6.0396028391e+01 5.3091999903e+01 4.9275662180e+01 8.7906442389e-01 5.6165205240e-02 2.5937325239e+02 1.3903389665e+01 -9.6196511176e-01 1.2426527336e+01 7.3370719740e-03 8.3324763487e-03
1.3222085406e+01 1.2329732845e+01 1.1113933987e+01 9.3251045251e-01 2.2788557382e-02 1.0272507078e+02 3.3858219934e+00 9.1658029607e-01 9.2823096048e+00 3.2248769742e-02 1.0000000000e+00
3.3922242453e+01 3.2229268860e+01 2.8782800681e+01 9.5009252131e-01 2.5780098563e-02 1.1646791559e+02 1.0044788768e+01 -3.3460227278e-01 8.3515149802e+00 1.1812066012e-02 1.4290115699e-02
2.4436795093e+01 1.7225050165e+01 1.7806359827e+01 7.0488172034e-01 1.2979188669e-03 5.7566337933e+00 6.9501175326e+02 -6.0464637703e-01 1.1190411364e+01 3.3053096412e-03 3.3124716378e-03
3.1898554181e+01 3.0580174312e+01 2.7188180016e+01 9.5866960422e-01 1.0712584467e-02 4.7854907543e+01 1.5054207221e+01 8.6236341960e-02 1.2679939861e+01 1.0614979337e-02 1.1918401489e-02
7.1831129724e+01 5.9218311563e+01 5.6724959662e+01 8.2441013793e-01 1.6463481158e-02 7.3864029420e+01 1.1177589518e+02 -9.5810210025e-01 8.2244588751e+00 3.1495532055e-03 3.1928895356e-03
2.7017805247e+01 1.9965218605e+01 2.0172804933e+01 7.3896522767e-01 6.7062456145e-03 2.9867101625e+01 9.0026932974e+01 8.8349254882e-01 1.6404759944e+01 6.5574941966e-03 6.6702125105e-03
7.2360706760e+01 6.5582639265e+01 5.9956305367e+01 9.0632944593e-01 1.4470264209e-01 7.0868176639e+02 3.5607943946e+00 6.5797822941e-01 9.6808422336e+00 1.0286341508e-02 1.0000000000e+00
8.3990950198e+01 8.2074097354e+01 7.2278231698e+01 9.7717786452e-01 1.4628462847e-01 7.1713505458e+02 6.5009619260e+00 7.7716574723e-01 8.9140471700e+00 7.2965345348e-03 1.0439822042e-02
4.4565543562e+01 4.1952567169e+01 3.7638581198e+01 9.4136778812e-01 6.2953868606e-02 2.9211481235e+02 7.7919798524e+00 9.3959318230e-01 1.0788986824e+01 1.0745101494e-02 1.4076792111e-02
3.8234390379e+01 2.7229837464e+01 2.8009072099e+01 7.1218181313e-01 4.5683738483e-02 2.0940054371e+02 4.1735372250e+00 -7.6367324457e-01 1.2081456643e+01 1.6502308865e-02 5.4382801650e-02
2.6098502217e+01 1.0662952444e+01 1.4243518900e+01 4.0856568532e-01 7.7548494225e-03 3.4564706931e+01 5.3815638889e+01 -5.2924516407e-01 8.7398035523e+00 9.8792149486e-03 1.0169532375e-02
3.4689121215e+01 2.1448599611e+01 2.3610456754e+01 6.1830910845e-01 2.4366671988e-02 1.0996738623e+02 2.0878791660e+01 -9.7719667690e-01 1.1453340188e+01 1.0169657803e-02 1.1013943460e-02
3.0641588424e+01 2.6730986020e+01 2.4903184409e+01 8.7237598946e-01 1.2511292309e-02 5.5965945625e+01 9.2169336918e+01 7.4278515609e-01 8.3883706313e+00 5.6776235588e-03 5.7728786373e-03
7.8199965224e+01 7.0246603312e+01 6.4503770402e+01 8.9829455947e-01 1.4283442279e-01 6.9871756473e+02 3.9049423797e+00 9.4654483499e-01 1.5051084338e+01 9.5024369789e-03 1.0000000000e+00
2.6085765352e+01 2.0984016120e+01 2.0343556543e+01 8.0442401580e-01 2.9805783821e-02 1.3505488400e+02 7.0856345151e+00 7.8265677303e-01 9.3701097346e+00 1.6683602482e-02 2.2786503116e-02
3.4626066993e+01 3.2942918252e+01 2.9400157756e+01 9.5139070395e-01 2.0258463843e-02 9.1148408733e+01 5.6906221454e+01 8.0065188852e-01 8.4351547627e+00 6.1034222981e-03 6.2725379355e-03
8.5648284013e+01 7.7163857039e+01 7.0752566605e+01 9.0093873951e-01 8.9902769891e-02 4.2494890812e+02 8.3166038187e+00 -5.2164979220e-01 8.8146986418e+00 6.9580054732e-03 8.8978729347e-03
2.8837803305e+01 2.5779251168e+01 2.3728693626e+01 8.9393948961e-01 3.0513564636e-02 1.3833381608e+02 9.7614672516e+00 -7.7356420345e-01 9.7201594292e+00 1.3432222166e-02 1.6368772690e-02
4.7716764172e+01 4.3353178630e+01 3.9585865561e+01 9.0855235855e-01 1.1183824506e-01 5.3637283036e+02 4.1587096520e+00 8.9821022578e-01 9.0810381220e+00 1.2810694408e-02 4.3596928603e-02
8.3257886815e+01 7.5286554949e+01 6.8905752647e+01 9.0425733620e-01 1.7527047313e-01 8.7453840963e+02 6.7536249340e+00 9.5279839419e-01 8.4168494423e+00 7.2962309911e-03 1.0214347578e-02
2.6223316679e+01 1.5776442429e+01 1.7594164901e+01 6.0161888071e-01 6.2386602043e-04 2.7655910507e+00 1.7983565312e+03 9.7026675773e-01 1.3793306906e+01 2.3324783554e-03 2.3344268440e-03
1.3629378418e+01 1.2235505917e+01 1.1238715581e+01 8.9773029565e-01 1.7949597798e-02 8.0621157957e+01 5.9508839909e+00 -8.0502026578e-01 8.1446920902e+00 2.5997155935e-02 3.9496362829e-02
3.1944793878e+01 1.7605492284e+01 2.0465375839e+01 5.5112242549e-01 6.3922433241e-03 2.8461857691e+01 7.2247466282e+01 8.6140089294e-01 1.9290160284e+01 7.0590357550e-03 7.2114303743e-03
6.3110382219e+01 2.7582379961e+01 3.5721114670e+01 4.3704980055e-01 5.6923170988e-02 2.6301434052e+02 1.4124747012e+01 -9.7044667700e-01 8.9984701233e+00 8.9140019612e-03 1.0099419501e-02
3.0006615311e+01 2.9753051495e+01 2.6011624815e+01 9.9154973617e-01 1.5379607895e-02 6.8945140163e+01 5.4929243614e+01 6.6558419617e-01 8.9814531602e+00 6.6968710567e-03 6.8894663648e-03
3.1053020387e+01 2.7401972300e+01 2.5384410410e+01 8.8242534729e-01 1.2445977806e-02 5.5671038252e+01 1.9691759437e+01 -2.7837918127e-01 1.0851517353e+01 1.0008113220e-02 1.0897629532e-02
3.3958731101e+01 2.8346424538e+01 2.6987648664e+01 8.3473155855e-01 2.6725291818e-02 1.2082235257e+02 1.3992210472e+01 6.9861161483e-01 1.0403288938e+01 1.0853662229e-02 1.2314324268e-02
3.9560030696e+01 3.2083073021e+01 3.0980232261e+01 8.1099717204e-01 6.9675087555e-02 3.2481896317e+02 4.7730312388e+00 -9.0604822316e-01 9.4763906454e+00 1.4526552066e-02 2.8749911168e-02
3.1504681800e+01 2.8936309552e+01 2.6279955638e+01 9.1847648982e-01 5.9962292262e-03 2.6690538935e+01 8.3123659140e+01 7.1493656456e-01 1.8780005094e+01 5.7297527973e-03 5.8367050025e-03
2.4894067201e+01 1.8020689737e+01 1.8390732557e+01 7.2389495823e-01 5.0200357956e-03 2.2328682696e+01 1.5755387488e+02 -5.2645404867e-01 9.4674277595e+00 5.6383397527e-03 5.6929760601e-03
1.0582473534e+01 5.0302034042e+00 6.2662564987e+00 4.7533342635e-01 7.1804855683e-03 3.1990714091e+01 1.4381949321e+00 9.5352063979e-01 1.1559522820e+01 6.4219499435e-02 1.0000000000e+00
4.1767298165e+01 3.0456914909e+01 3.0972539239e+01 7.2920481447e-01 2.4560038184e-02 1.1085592126e+02 2.6949862465e+01 8.1419651417e-01 1.1310423013e+01 7.7985820400e-03 8.2828885917e-03
4.2812439735e+01 4.1001624576e+01 3.6471971949e+01 9.5770352797e-01 4.9303494195e-02 2.2657864908e+02 5.8867964691e+00 5.4273051030e-01 9.5050317600e+00 1.2272368367e-02 1.8803388526e-02
3.1153197044e+01 2.9704548203e+01 2.6480865313e+01 9.5349919180e-01 1.9274012722e-02 8.6655471214e+01 4.8493270313e+01 -9.2483259052e-01 1.0417800230e+01 6.9227036094e-03 7.1498333195e-03
3.8399375275e+01 3.1209506807e+01 3.0104658630e+01 8.1276079581e-01 2.3280453112e-02 1.0498071742e+02 2.3468250162e+01 8.2399075284e-01 1.2538661023e+01 8.3675388302e-03 8.9749163190e-03
3.5015264695e+01 3.2221121600e+01 2.9236000985e+01 9.2020214271e-01 4.1991741242e-02 1.9196688942e+02 1.0409332840e+01 8.6007721914e-01 9.7785132913e+00 1.1429395320e-02 1.3708881760e-02
7.6153293684e+00 6.0659055878e+00 5.9091571867e+00 7.9653883560e-01 1.6151477589e-03 7.1653739523e+00 5.6582650758e+02 9.6857866562e-01 1.0697996534e+01 7.1125116864e-03 7.1314590335e-03
3.1054591407e+01 2.8643552043e+01 2.5959686926e+01 9.2236125948e-01 6.7055397630e-03 2.9863942005e+01 4.0707857218e+01 -4.2777930216e-01 1.8038049922e+01 7.5429322839e-03 7.8412429881e-03
3.8054476574e+01 3.1282010525e+01 3.0007366278e+01 8.2203234260e-01 6.7580800507e-02 3.1459798094e+02 3.6691210135e+00 -7.8646039011e-01 9.9281525017e+00 1.6375406258e-02 1.0000000000e+00
3.6743177520e+01 3.5867473274e+01 3.1602863169e+01 9.7616688854e-01 2.5048317048e-02 1.1310070832e+02 3.0125881712e+01 -6.1615404163e-01 8.4731307834e+00 7.3837009819e-03 7.7888780577e-03
3.2734743542e+01 1.4842464413e+01 1.8898580507e+01 4.5341624242e-01 2.2520663766e-02 1.0149728778e+02 1.2634683144e+01 -9.4323417563e-01 1.0948347395e+01 1.4126052334e-02 1.6293524651e-02
3.3893650370e+01 1.9445201123e+01 2.2179397210e+01 5.7371221190e-01 1.2233776326e-02 5.4713105943e+01 2.5965347570e-01 -5.2458251891e-02 8.1299655633e+00 5.5208231835e-02 1.0000000000e+00
5.2563407230e+01 1.3052612614e+01 2.1798499405e+01 2.4832128094e-01 1.8783225034e-03 8.3345908555e+00 1.7938725542e+02 -2.1472788181e-01 1.6770772155e+01 4.8386355536e-03 4.8797266516e-03
3.0520515977e+01 2.5675934331e+01 2.4351689628e+01 8.4126802936e-01 5.0178182049e-02 2.3074228612e+02 2.6669581038e+00 -7.2377514955e-01 8.7627650599e+00 2.1246853017e-02 1.0000000000e+00
3.5109601804e+01 2.8250881771e+01 2.7384893123e+01 8.0464831041e-01 5.0332813702e-02 2.3147886665e+02 5.0027600586e+00 8.4391111549e-01 1.0155836409e+01 1.5593491769e-02 2.8490371871e-02
2.8227507724e+01 2.0184109282e+01 2.0721412511e+01 7.1505105870e-01 4.1386436156e-02 1.8911706739e+02 4.5750909715e+00 7.1988016660e-01 8.0117372743e+00 1.9297510989e-02 4.2000067764e-02
5.8551654589e+01 5.8424177656e+01 5.0916652045e+01 9.9782282953e-01 4.4151940987e-02 2.0215665801e+02 2.2073266419e+01 8.5325782618e-01 1.0827632521e+01 6.0877394091e-03 6.5617138419e-03
2.7523116826e+01 9.0184361657e+00 1.3314961327e+01 3.2766769196e-01 1.0144803671e-02 4.5299089645e+01 7.3675572182e+01 -8.4745480346e-01 8.0295881511e+00 9.1458107253e-03 9.3392784568e-03
5.6274444395e+01 3.5770595821e+01 3.8859960572e+01 6.3564547292e-01 1.0225732988e-01 4.8734651395e+02 4.8986177554e+00 -9.1378746352e-01 8.5771166494e+00 1.2253984211e-02 2.3145377861e-02
3.3898048125e+01 3.0297097493e+01 2.7889773814e+01 8.9377115111e-01 3.4859966008e-02 1.5854151719e+02 5.6016636640e+00 4.8520330692e-01 9.1690582677e+00 1.4914123856e-02 2.3850768948e-02
2.7243651376e+01 1.9786477160e+01 2.0160673773e+01 7.2627845977e-01 1.7156661796e-02 7.7013973247e+01 2.7950186158e+01 -7.5519305220e-01 9.6454987274e+00 1.0106328775e-02 1.0708949034e-02
9.4313919582e+00 7.1946119704e+00 7.1580104194e+00 7.6283670558e-01 4.2144368833e-03 1.8733937883e+01 1.2406587372e+02 9.1771859441e-01 8.8012278137e+00 1.1127929725e-02 1.1265530731e-02
3.1841808624e+01 2.9259157520e+01 2.6567219957e+01 9.1889119320e-01 3.9897719026e-02 1.8211820667e+02 2.2099548196e+00 -7.3204331365e-01 1.1774161746e+01 2.1724085792e-02 1.0000000000e+00
1.0805874957e+01 4.6000000000e+00 6.0299455138e+00 4.2569435778e-01 2.4001186228e-03 1.0654185607e+01 1.5014156843e+01 3.4427503378e-01 1.1556663110e+01 2.7377029666e-02 3.0749811721e-02
3.0713775700e+01 2.3975543556e+01 2.3587423175e+01 7.8061205467e-01 2.0164370832e-02 9.0718698720e+01 8.8450965186e+00 -9.3234599775e-01 1.7876136629e+01 1.4078718336e-02 1.7643639441e-02
2.8296521439e+01 2.8273946346e+01 2.4623723945e+01 9.9920219549e-01 3.0766690337e-02 1.3950727016e+02 1.5595930514e+01 -9.3647755688e-01 1.0172891257e+01 1.1008298322e-02 1.2302257783e-02
8.2959567013e+01 6.9932790876e+01 6.6259971781e+01 8.4297439577e-01 1.4915954250e-01 7.3253386094e+02 3.9331350700e+00 6.6726222819e-01 1.0975378018e+01 9.2869677231e-03 1.0000000000e+00
1.4010169262e+01 1.3472609131e+01 1.1959827843e+01 9.6163071829e-01 8.5397056347e-03 3.8085612473e+01 1.3044483291e+01 5.8581911341e-01 1.0809939515e+01 1.8739131423e-02 2.1497632137e-02
1.0104822227e+01 9.3962492953e+00 8.4816086507e+00 9.2987774396e-01 3.1675922414e-03 1.4069273111e+01 5.5015932707e+01 6.6801749534e-01 1.3859392786e+01 1.3585644178e-02 1.3975705135e-02
3.0422727264e+01 2.9990106530e+01 2.6295404139e+01 9.8577968603e-01 4.5613062884e-02 2.0906598401e+02 2.2079868726e+00 -5.8547146384e-01 8.5577723339e+00 2.1796676521e-02 1.0000000000e+00
2.7530926925e+01 1.5811958570e+01 1.8026040262e+01 5.7433440630e-01 2.7989609723e-02 1.2665619948e+02 1.2224011872e+01 -9.6210389517e-01 8.5928611716e+00 1.4681989807e-02 1.7034668290e-02
7.4855716856e+01 6.8519833739e+01 6.2334681502e+01 9.1535872765e-01 1.4340739898e-01 7.0177141017e+02 3.5700774608e+00 6.1189024412e-01 9.6865631464e+00 1.0036560663e-02 1.0000000000e+00
6.1977794215e+01 5.4366201462e+01 5.0511500335e+01 8.7718838901e-01 8.7717520957e-02 4.1400939706e+02 6.1767741611e+00 7.5687116262e-01 1.0046952171e+01 9.6148740939e-03 1.4216714188e-02
4.2166937773e+01 4.0113174986e+01 3.5801109425e+01 9.5129447631e-01 4.1136256713e-02 1.8793989897e+02 2.8370289222e+00 1.0772542699e-02 8.3470574078e+00 1.6404737936e-02 1.0000000000e+00
3.4495808525e+01 3.4248702479e+01 2.9922554412e+01 9.9283663560e-01 2.5558873273e-02 1.1544959964e+02 3.1182072799e+01 6.7760215154e-01 8.3797916234e+00 7.5397480976e-03 7.9380757714e-03
3.7969522904e+01 2.9398544545e+01 2.9037937374e+01 7.7426689347e-01 5.5598081866e-02 2.5665132666e+02 5.1203501165e+00 -8.3965948882e-01 9.7341969152e+00 1.4855700951e-02 2.6264725046e-02
2.3528896973e+01 2.2296281982e+01 1.9937907458e+01 9.4761271671e-01 1.8320260985e-03 8.1288738857e+00 2.2830436591e+02 -2.1198147679e-02 1.2142617270e+01 4.6739208920e-03 4.7050044788e-03
8.2433021240e+01 3.6643471079e+01 4.7086183125e+01 4.4452417887e-01 6.8363794096e-02 3.1841607758e+02 9.7796715307e+00 -9.9174030138e-01 1.2134938018e+01 8.5514790615e-03 1.0415956400e-02
3.3586177987e+01 3.0766421235e+01 2.7978815319e+01 9.1604413122e-01 1.0586478987e-02 4.7287066933e+01 1.6460214701e+01 8.2900019417e-01 2.9651027134e+01 1.0083949893e-02 1.1193655010e-02
3.8489075854e+01 2.6812351749e+01 2.7875258270e+01 6.9662238322e-01 3.4709113439e-02 1.5783808414e+02 4.8177343541e+00 8.9643130832e-01 1.6167437244e+01 1.5788157148e-02 3.0702088404e-02
3.0014370504e+01 1.8335043541e+01 2.0299646162e+01 6.1087549842e-01 3.4253963016e-02 1.5571659803e+02 7.8129380163e+00 8.7958568542e-01 8.7260883841e+00 1.6061757418e-02 2.1019677574e-02
3.2922251892e+01 3.0455511504e+01 2.7561692117e+01 9.2507376480e-01 6.6568747549e-02 3.0966865576e+02 2.2623594423e+00 -8.6472473265e-01 8.7281480218e+00 2.0714570535e-02 1.0000000000e+00
2.7498820836e+01 2.5028974795e+01 2.2833708072e+01 9.1018356547e-01 3.2919256907e-02 1.4950327178e+02 5.2248996634e+00 -5.1023046276e-01 8.0994183221e+00 1.7367597610e-02 2.9921357164e-02
3.8262925025e+01 3.7843614652e+01 3.3126692146e+01 9.8904134036e-01 7.0947544077e-02 3.3104255546e+02 3.5480863499e+00 -6.7272766539e-01 9.3249252586e+00 1.5558098111e-02 1.0000000000e+00
3.9364960828e+01 2.2849233929e+01 2.5918566840e+01 5.8044599686e-01 2.6343098585e-02 1.1906090492e+02 6.6117906058e+00 3.3588880900e-01 8.4838546745e+00 1.4748109895e-02 2.0893160521e-02
2.5822623411e+01 2.3059815215e+01 2.1236509584e+01 8.9300822959e-01 8.2298117779e-03 3.6694916366e+01 1.1349660366e+02 -7.8912047245e-01 1.0701000242e+01 5.8163495388e-03 5.8951360095e-03
4.3287411307e+01 2.9336009117e+01 3.0905960705e+01 6.7770301413e-01 3.7646183078e-02 1.7156054383e+02 5.2064802870e-01 -6.4297709037e-01 9.3457166942e+00 3.4033721780e-02 1.0000000000e+00
3.7904403647e+01 3.7583981451e+01 3.2857872877e+01 9.9154657071e-01 3.4523209017e-02 1.5697140749e+02 8.7672791753e+00 7.7107542996e-01 1.3178639408e+01 1.1382407441e-02 1.4303982543e-02
2.0742589501e+01 1.7680120302e+01 1.6660625983e+01 8.5235839532e-01 7.0122857835e-03 3.1237353748e+01 1.5239727529e+02 8.6310653796e-01 9.7512334982e+00 6.0652749024e-03 6.1260737079e-03
3.1459449949e+01 3.0479408767e+01 2.6956404103e+01 9.6884747879e-01 1.1885378907e-02 5.3141005566e+01 2.8095586178e+01 -5.5902799090e-01 1.4864506704e+01 8.4393822307e-03 8.9397090115e-03
5.0467472925e+01 4.3191154373e+01 4.0619471129e+01 8.5582161874e-01 8.7094945281e-02 4.1089812113e+02 3.7386236377e+00 8.1642921625e-01 1.1778415939e+01 1.3305394312e-02 1.0000000000e+00
6.4377012525e+01 5.7526728568e+01 5.2961087094e+01 8.9359114865e-01 1.2360840999e-01 5.9735363297e+02 3.0034354158e+00 -8.2719385334e-01 1.1245141582e+01 1.1986888382e-02 1.0000000000e+00
3.7494353755e+01 3.5563558120e+01 3.1786974667e+01 9.4850436290e-01 1.4590424813e-02 6.5368572753e+01 1.1498312757e+02 -9.2994076664e-01 8.0905889033e+00 4.4806959742e-03 4.5405860578e-03
1.0043360260e+01 4.6541959051e+00 5.8665826692e+00 4.6341023169e-01 9.9012549885e-04 4.3904481203e+00 5.3970117456e+02 8.5905448780e-01 1.5868870117e+01 7.2753495493e-03 7.2956736833e-03
7.2839394324e+00 7.1384227444e+00 6.2773143045e+00 9.8002225453e-01 4.0670714271e-03 1.8076838919e+01 5.4977158921e+01 8.5902300708e-01 9.3067673408e+00 1.6392379842e-02 1.6863375414e-02
5.3458353457e+01 4.8150286582e+01 4.4155270022e+01 9.0070650270e-01 2.7600761617e-02 1.2486084344e+02 9.6687864445e+00 9.5882297590e-01 2.6977456428e+01 9.1601356165e-03 1.1190709069e-02
3.1959623763e+01 2.6957797875e+01 2.5534237638e+01 8.4349547027e-01 6.1138328059e-02 2.8332978607e+02 3.2978616119e+00 7.3909170180e-01 8.2446562015e+00 1.8924493811e-02 1.0000000000e+00
8.0615890852e+01 7.4083470890e+01 6.7264742338e+01 9.1896858184e-01 9.3815008191e-02 4.4460710330e+02 3.7735270511e+00 2.2643359064e-01 1.0005865573e+01 9.6368110106e-03 1.0000000000e+00
4.1276138813e+01 4.0246973612e+01 3.5481602450e+01 9.7506634025e-01 2.5056512205e-02 1.1313839776e+02 7.1164636202e+00 -5.3683733600e-02 9.8129824223e+00 1.1799191745e-02 1.6081556217e-02
6.4527921939e+01 3.7665070406e+01 4.2611581644e+01 5.8370189639e-01 3.1501452068e-02 1.4291590536e+02 3.7315564959e+01 9.0208066399e-01 9.9606643592e+00 5.6310391742e-03 5.8756323494e-03
4.4931258442e+01 2.2857904928e+01 2.7587919365e+01 5.0873057467e-01 2.9253053289e-02 1.3249654567e+02 4.7173071065e+00 5.0446949241e-01 1.2119740320e+01 1.6069772983e-02 3.2565340462e-02
5.1318622059e+01 9.4098646514e+00 1.7932321902e+01 1.8336160002e-01 1.6362214998e-02 7.3404125560e+01 5.0793471970e+00 9.1792536888e-01 1.9494431794e+01 2.0621233135e-02 3.6860154962e-02
6.8258305898e+01 5.2571058766e+01 5.2060320689e+01 7.7017819406e-01 8.4271113739e-02 3.9681626066e+02 2.3452193220e+00 -9.3627057208e-01 1.6768751310e+01 1.3593271458e-02 1.0000000000e+00
5.8989509778e+01 3.3324562627e+01 3.8288642158e+01 5.6492353899e-01 7.6131224948e-02 3.5650093626e+02 1.0316512437e+00 9.5854617714e-01 1.0468441688e+01 2.2517045447e-02 1.0000000000e+00
2.9859761509e+01 2.3708098916e+01 2.3131776052e+01 7.9398152290e-01 3.3088852834e-02 1.5029212726e+02 9.0445842351e+00 -7.2420098878e-01 8.4531129737e+00 1.4021948121e-02 1.7453983740e-02
4.3017213567e+01 4.0754971929e+01 3.6448004433e+01 9.4741078162e-01 2.8420255375e-02 1.2864570354e+02 1.3145097138e+01 5.2044438224e-01 1.1272361786e+01 9.1988085981e-03 1.0539557713e-02
2.9867289973e+01 2.5064743954e+01 2.3800732245e+01 8.3920382388e-01 2.1378513601e-02 9.6268046385e+01 1.4199004260e+01 -8.7160021850e-01 1.3541367074e+01 1.1714220291e-02 1.3261752864e-02
1.0543163766e+01 7.7680012147e+00 7.8600434577e+00 7.3678085505e-01 8.4652034479e-03 3.7751213397e+01 2.5860089295e+01 9.9944718805e-01 8.4228935059e+00 1.8847589741e-02 2.0073476922e-02
4.1271706968e+01 2.4329956663e+01 2.7396386811e+01 5.8950691527e-01 1.3688032917e-02 6.1284054924e+01 7.7015876557e+01 6.9623453810e-01 8.6645474759e+00 5.7174798003e-03 5.8329835106e-03
5.6754337834e+01 4.5693521966e+01 4.4280410560e+01 8.0511065251e-01 1.8026807095e-02 8.0972618757e+01 1.6348514597e+01 1.4057891894e-01 1.2467430193e+01 7.5532628383e-03 8.3913809978e-03
3.8820101438e+01 3.8068353274e+01 3.3465724196e+01 9.8063507985e-01 2.9213499695e-02 1.3231354721e+02 1.3216743858e+01 9.7300090663e-01 1.6720434325e+01 9.6784988325e-03 1.1079320104e-02
4.2915762646e+01 4.0608626164e+01 3.6339455675e+01 9.4624034760e-01 3.7554522283e-02 1.7113143798e+02 1.6332329097e+01 5.5872519134e-01 8.1198527685e+00 8.4485923613e-03 9.3871873901e-03
3.0349306874e+01 8.9703465403e+00 1.3869246357e+01 2.9557006285e-01 1.8581595446e-02 8.3499213804e+01 5.0196856851e+00 8.7291875460e-01 1.1971126014e+01 2.4287712699e-02 4.4153531232e-02
4.1776615516e+01 2.8736431742e+01 3.0058393061e+01 6.8785925778e-01 3.8918857231e-02 1.7752417281e+02 5.4926752426e+00 -8.6455081946e-01 1.4255116381e+01 1.4302424193e-02 2.3312649092e-02
3.2865841437e+01 2.0851610899e+01 2.2672924366e+01 6.3444628184e-01 1.5540676576e-02 6.9675613383e+01 7.0904645576e+01 9.7827963719e-01 9.7660103001e+00 6.6303994736e-03 6.7763620400e-03
3.9657926523e+01 3.9651322070e+01 3.4521355375e+01 9.9983346449e-01 5.5604255406e-02 2.5668094568e+02 7.0994774668e+00 -9.7613406318e-01 1.1881026694e+01 1.1795537666e-02 1.6095128743e-02
3.9597883073e+01 3.8804786953e+01 3.4124648984e+01 9.7997124951e-01 8.3219965421e-02 3.9158699270e+02 5.7359762166e+00 -9.2596165872e-01 8.2915796224e+00 1.2664191213e-02 1.9825598114e-02
7.9550742757e+00 6.3249756264e+00 6.1670278847e+00 7.9508693536e-01 1.1021768271e-03 4.8877297326e+00 4.4041701546e+02 -5.2875657383e-01 1.1187519490e+01 7.6098353587e-03 7.6359164222e-03
8.5902355815e+00 7.4774201499e+00 6.9737056317e+00 8.7045577259e-01 5.7868292848e-03 2.5754349067e+01 1.6560453391e+01 -9.2807994994e-01 1.1194135678e+01 2.4045714550e-02 2.6672441860e-02
2.0342683212e+01 1.4927952343e+01 1.5134303136e+01 7.3382415622e-01 1.5092122401e-02 6.7641777042e+01 3.9664055853e+00 5.4278465350e-01 1.3991016798e+01 2.5175574736e-02 1.0000000000e+00
3.2783349257e+01 3.0946681883e+01 2.7726281007e+01 9.4397560300e-01 2.0940914133e-02 9.4266829258e+01 8.6105051768e+00 2.6815071512e-01 9.6020076894e+00 1.2848498046e-02 1.6239864717e-02
4.2495296557e+01 3.6078330017e+01 3.4064107528e+01 8.4899584049e-01 6.7527321719e-02 3.1433734438e+02 2.0788006838e+00 -6.2385036713e-01 8.3501855586e+00 1.8720541863e-02 1.0000000000e+00
7.1528373635e+01 6.3508014504e+01 5.8653504882e+01 8.8787164138e-01 1.3574249981e-01 6.6107635507e+02 3.8654267205e+00 5.2565153968e-01 8.6677770328e+00 1.0162207241e-02 1.0000000000e+00
7.9440041215e+01 7.0077655965e+01 6.4928130247e+01 8.8214526192e-01 9.9156008166e-02 4.7159562040e+02 6.7117304319e+00 7.2397636966e-01 1.0776399086e+01 7.9145304954e-03 1.1117845978e-02
9.2756628848e+00 7.4391135165e+00 7.2226999082e+00 8.0200343727e-01 1.8382443228e-03 8.1565035711e+00 2.9823847925e+02 4.6771807273e-01 8.5888113007e+00 7.9757884922e-03 8.0162768367e-03
3.1640489388e+01 2.7794558770e+01 2.5805558454e+01 8.7844907926e-01 1.5683353126e-02 7.0322820169e+01 2.0843027490e+01 -6.6209889157e-01 1.3842490716e+01 9.6775560358e-03 1.0482586050e-02
2.7950858823e+01 2.4806619736e+01 2.2915051697e+01 8.8750831925e-01 6.0922326106e-02 2.8228599037e+02 3.7599642651e+00 9.6462198732e-01 9.5251452931e+00 1.9279647096e-02 1.0000000000e+00
1.0216039393e+01 8.1366126090e+00 7.9267644503e+00 7.9645470190e-01 3.7900432704e-03 1.6841975340e+01 7.7140695971e+01 -8.7184835441e-01 1.2169301478e+01 1.2480375086e-02 1.2732078627e-02
8.4554557874e+01 8.3275263895e+01 7.3049626157e+01 9.8487019492e-01 9.0625961782e-02 4.2857572497e+02 3.8807786197e+00 4.1343748743e-01 1.4387990503e+01 9.0733470731e-03 1.0000000000e+00
8.4702523868e+01 5.5523385303e+01 5.9437114879e+01 6.5551040002e-01 1.9837376631e-01 1.0033447258e+03 3.8088984087e+00 8.8935344754e-01 9.4220244689e+00 9.7997436126e-03 1.0000000000e+00
3.1529055275e+01 2.2925777865e+01 2.3346067479e+01 7.2713177304e-01 2.9239988805e-02 1.3243610045e+02 3.9626373130e+00 -2.1117635665e-01 8.3704950495e+00 1.9042331829e-02 1.0000000000e+00
3.0127583640e+01 2.2161598473e+01 2.2441757228e+01 7.3559163381e-01 1.3269911012e-02 5.9393349757e+01 3.8657044061e+01 -5.1415873690e-01 9.1396241371e+00 8.3892135207e-03 8.7399745811e-03
3.7800787885e+01 3.7782181507e+01 3.2899397094e+01 9.9950777803e-01 7.4375870350e-02 3.4786110046e+02 4.4977051300e+00 -9.9042191891e-01 1.0891968156e+01 1.4267044306e-02 3.2571749296e-02
3.4957959561e+01 3.3721032109e+01 2.9888448983e+01 9.6461671485e-01 1.2452152695e-02 5.5698917824e+01 3.9450457498e+01 3.6520611818e-01 1.0236194574e+01 6.9639003400e-03 7.2487625261e-03
8.5635887708e+01 8.5253251701e+01 7.4383594532e+01 9.9553182647e-01 1.0871261185e-01 5.2031798779e+02 4.1279034302e+00 4.4216660259e-01 1.1750933255e+01 8.6763502704e-03 3.1926758548e-02
3.5759805331e+01 2.6681124078e+01 2.6832781198e+01 7.4612050685e-01 2.6265559446e-02 1.1870366123e+02 3.9013788548e+00 -5.5558887574e-02 9.8863331135e+00 1.7589785497e-02 1.0000000000e+00
5.0660717792e+01 2.9092284680e+01 3.3168061661e+01 5.7425725390e-01 9.3129184802e-02 4.4115420086e+02 2.7590301894e+00 9.4748975973e-01 9.1446405673e+00 1.6866203453e-02 1.0000000000e+00
2.6553837801e+01 2.1342811585e+01 2.0699808632e+01 8.0375619319e-01 2.4114950609e-02 1.0881107495e+02 6.5066118219e+00 -6.4335522368e-01 1.0389106603e+01 1.7098804953e-02 2.4452101435e-02
8.3154286642e+01 6.6581392360e+01 6.4696002939e+01 8.0069705423e-01 2.3695849796e-01 1.2248434865e+03 2.3522746365e+00 9.1202331084e-01 8.1541019152e+00 1.0916725039e-02 1.0000000000e+00
3.7983152171e+01 3.7887967211e+01 3.3024791671e+01 9.9749402158e-01 6.1468844778e-02 2.8492753032e+02 1.0661901271e+01 -9.5333206606e-01 8.4653434589e+00 1.0375658289e-02 1.2376684905e-02
4.2263997572e+01 3.2761620190e+01 3.2341462147e+01 7.7516614783e-01 1.0383867518e-02 4.6374951317e+01 1.1280233999e+02 9.3079823614e-01 1.1643316710e+01 4.4760782342e-03 4.5370923695e-03
3.1175198124e+01 2.9127892077e+01 2.6230287685e+01 9.3432901247e-01 1.4987814365e-02 6.7169016006e+01 8.1453990340e+00 1.3423368068e-01 1.1224777784e+01 1.3631344067e-02 1.7560765297e-02
5.6918962214e+01 4.6462512630e+01 4.4722621691e+01 8.1629233603e-01 3.7521189310e-02 1.7097540478e+02 6.4382095504e+00 -9.8278374867e-03 8.9836774708e+00 1.0520979734e-02 1.5142286675e-02
2.9248485198e+01 2.7378239185e+01 2.4632077769e+01 9.3605665386e-01 3.0468809176e-02 1.3812638010e+02 5.5538160898e+00 -4.1685607045e-01 8.2655451756e+00 1.6213022912e-02 2.6140323112e-02
6.2177423668e+01 5.4460110994e+01 5.0635963809e+01 8.7588239880e-01 6.0008338196e-02 2.7787256923e+02 4.0187672746e+00 4.3151386301e-01 1.3754096288e+01 1.1462535538e-02 8.5761044865e-02
6.2719944259e+01 5.8544019235e+01 5.2745640125e+01 9.3341950358e-01 7.8718843942e-02 3.6927224686e+02 4.4243143959e+00 4.1564504469e-01 9.5353584382e+00 1.0660908840e-02 2.5680505020e-02
3.3975782148e+01 3.0634288468e+01 2.8078009290e+01 9.0165072094e-01 5.2817465211e-02 2.4333545867e+02 7.5624400424e+00 9.0051764573e-01 8.7829732816e+00 1.3128735306e-02 1.7410682075e-02
3.6709124479e+01 2.3748207551e+01 2.5583097259e+01 6.4692928224e-01 2.4112794269e-02 1.0880117136e+02 3.0311364852e+01 7.0833338747e-01 8.0797647760e+00 8.4116387380e-03 8.8701079569e-03
3.5576504223e+01 3.3470631759e+01 3.0037734552e+01 9.4080721222e-01 2.6268204167e-02 1.1871584552e+02 1.3560854980e+00 -2.9906654021e-01 1.0716323091e+01 2.4363128767e-02 1.0000000000e+00
2.1250644668e+01 1.8760206475e+01 1.7375218553e+01 8.8280646394e-01 1.2958810758e-02 5.7987346284e+01 3.6697909079e+01 -9.8656872079e-01 1.2560675362e+01 1.0039890100e-02 1.0483938408e-02
4.2167367329e+01 3.6521873068e+01 3.4145592051e+01 8.6611698526e-01 9.8308442998e-02 4.6730119833e+02 1.5092549657e+00 9.9268242129e-01 8.0932158813e+00 2.0706080925e-02 1.0000000000e+00
4.9458983865e+01 2.8425173416e+01 3.2395087882e+01 5.7472214742e-01 9.9243709078e-03 4.4307414397e+01 1.6838220802e+01 -3.5843623215e-01 2.0753826429e+01 9.1270337949e-03 1.0104188005e-02
9.3955373571e+00 5.9005508885e+00 6.4472191724e+00 6.2801632991e-01 9.1338479268e-03 4.0753726943e+01 2.1874581529e+00 9.9611527619e-01 1.1066450976e+01 5.3841553317e-02 1.0000000000e+00
3.7744300482e+01 2.8979076186e+01 2.8741269518e+01 7.6777356623e-01 3.2826009503e-02 1.4906962286e+02 4.9443926726e+00 7.4266236078e-01 1.4748953749e+01 1.5356604142e-02 2.8569676237e-02
2.6054278526e+01 2.2365975307e+01 2.1002680375e+01 8.5843771435e-01 1.9944610253e-02 8.9715311475e+01 2.7374230624e+01 -9.3345468824e-01 1.0618806746e+01 9.9114102624e-03 1.0516280879e-02
3.9060007804e+01 1.6563503440e+01 2.1750990400e+01 4.2405274272e-01 4.0423001153e-02 1.8458605385e+02 5.5058590753e+00 -7.9306420783e-01 8.5090448144e+00 1.7475544662e-02 2.8416527469e-02
2.7229981898e+01 2.6985910537e+01 2.3598550888e+01 9.9103666826e-01 3.9079642755e-02 1.7827834958e+02 2.9830287956e+00 5.6040898657e-01 9.0958052893e+00 2.0915359976e-02 1.0000000000e+00
5.0857855423e+01 1.7580745260e+01 2.5338270618e+01 3.4568396787e-01 5.3321803692e-03 2.3722715337e+01 1.5471692667e+01 9.2579806066e-01 5.9584143366e+01 1.1016406687e-02 1.2324131753e-02
6.6544775964e+01 2.4483035401e+01 3.4304628183e+01 3.6791821816e-01 4.3175976238e-02 1.9754923639e+02 6.4102460440e+00 7.2878041395e-01 1.2092056839e+01 1.2395778218e-02 1.7888700483e-02
3.7329667100e+01 3.3224021053e+01 3.0647837899e+01 8.9001653735e-01 2.2253563552e-02 1.0027361521e+02 1.2967715009e+01 -3.5430798533e-01 9.6665751452e+00 1.0342437367e-02 1.1876569698e-02
6.4962162987e+01 3.6136991176e+01 4.1823269021e+01 5.5627752395e-01 4.3435287459e-02 1.9877281369e+02 1.0762422018e+01 9.1079517439e-01 1.4728521083e+01 9.0162781641e-03 1.0732606512e-02
3.5695576273e+01 3.3883236741e+01 3.0273607056e+01 9.4922789540e-01 5.5671875192e-02 2.5700538360e+02 4.0686335964e+00 -8.9477900148e-01 1.3154233683e+01 1.5776360606e-02 7.2920352386e-02
3.3546918896e+01 2.7581675133e+01 2.6455445857e+01 8.2218206741e-01 3.5302803390e-02 1.6060735039e+02 1.6923229523e+01 8.0275817532e-01 8.1005954722e+00 1.0180063319e-02 1.1263349214e-02
2.9141921050e+01 2.1547696980e+01 2.1765448384e+01 7.3940550944e-01 1.2002742356e-02 5.3670502624e+01 5.1470555047e+01 -6.1255495469e-01 9.7041168799e+00 7.6867517661e-03 7.9235227557e-03
3.8028927754e+01 1.1898079812e+01 1.7934425428e+01 3.1286918971e-01 2.5262661975e-02 1.1408662461e+02 5.5720692163e+00 -6.4312969662e-01 8.8901370600e+00 1.9807876695e-02 3.1835907815e-02
3.0608580078e+01 2.9877238576e+01 2.6325672267e+01 9.7610665048e-01 1.1043661792e-02 4.9346225128e+01 1.3032163641e+02 -9.3770531789e-01 9.2039764880e+00 4.8202679763e-03 4.8769491346e-03
3.0647090140e+01 2.8217740591e+01 2.5596212645e+01 9.2073147768e-01 6.1966320109e-02 2.8733367382e+02 3.3019056131e+00 -9.5189150141e-01 1.0282945856e+01 1.8877955779e-02 1.0000000000e+00
1.5960542125e+01 1.5676232504e+01 1.3770038699e+01 9.8218671903e-01 2.2682437911e-02 1.0223865776e+02 1.6058544967e+00 7.0866803636e-01 8.0028850931e+00 3.7312852097e-02 1.0000000000e+00
6.6935524595e+00 4.6000000000e+00 4.8137395315e+00 6.8722849754e-01 7.2165389499e-04 3.1993235442e+00 1.3837633774e+03 -7.4573249918e-01 9.5214666435e+00 5.7846239063e-03 5.7909069309e-03
9.7486081507e+00 7.9796017437e+00 7.6704584439e+00 8.1853754099e-01 1.3354735558e-03 5.9233698092e+00 8.1295435699e+02 6.8739685172e-01 8.7617377521e+00 5.2755817211e-03 5.2853488697e-03
3.5449908539e+01 2.6588191465e+01 2.6671697212e+01 7.5002144042e-01 3.7193127015e-02 1.6944011679e+02 9.3834093076e-01 9.7384693652e-01 1.3193053158e+01 2.9928956060e-02 1.0000000000e+00
8.5082918343e+01 8.1038341048e+01 7.2282756971e+01 9.5246311041e-01 1.8605405496e-01 9.3429586324e+02 3.5050613632e+00 -5.8972268922e-01 8.8041837319e+00 9.0042571362e-03 1.0000000000e+00
3.3432376445e+01 2.8797043099e+01 2.6996653770e+01 8.6135196359e-01 6.4100286431e-02 2.9767285948e+02 3.5489769535e+00 -6.9730685771e-01 8.1969696895e+00 1.7750036085e-02 1.0000000000e+00
3.0677119151e+01 2.7647522619e+01 2.5346153524e+01 9.0124246944e-01 6.0383697543e-02 2.7968444370e+02 3.3099945194e+00 9.7436562015e-01 1.0663014545e+01 1.8994421689e-02 1.0000000000e+00
6.8328709931e+01 5.0329945579e+01 5.0932843703e+01 7.3658562601e-01 2.9145088060e-02 1.3199705861e+02 2.9184494676e+01 8.7002991886e-01 1.3679373674e+01 5.5311711240e-03 5.8455340717e-03
3.5580217370e+01 3.0477372027e+01 2.8650164757e+01 8.5658195142e-01 1.1615213087e-02 5.1922476744e+01 4.0690095610e+01 -7.1476345134e-01 1.6097890709e+01 7.0716935012e-03 7.3514986098e-03
3.7659674500e+01 3.0985198034e+01 2.9709605314e+01 8.2276860981e-01 3.9173125178e-02 1.7871691345e+02 1.1153690576e+01 6.6218350908e-01 8.3062609972e+00 1.1044556414e-02 1.3046122231e-02
2.8027697665e+01 1.6078005368e+01 1.8339724452e+01 5.7364702444e-01 1.1875595306e-02 5.3096870040e+01 2.9691827399e+01 6.8991837047e-01 1.1362880375e+01 1.0516154073e-02 1.1102548134e-02
8.1621725642e+01 6.4721776851e+01 6.3188643677e+01 7.9294791113e-01 2.0109776585e-01 1.0187230181e+03 3.2689013558e+00 9.5839228537e-01 1.0401060209e+01 9.9743405454e-03 1.0000000000e+00
3.1038861089e+01 1.6939591144e+01 1.9782263118e+01 5.4575427543e-01 1.0520638578e-02 4.6990636520e+01 1.2361911429e+02 -9.5370371582e-01 9.0537546182e+00 5.8799740104e-03 5.9529508719e-03
1.0583948009e+01 6.0384874047e+00 6.9056821762e+00 5.7053260274e-01 4.6464864674e-03 2.0661284003e+01 2.4461506963e+00 4.4488280927e-01 1.2945774230e+01 4.9599480705e-02 1.0000000000e+00
5.6203837563e+01 4.5927144782e+01 4.4184480002e+01 8.1715318337e-01 7.4464176510e-02 3.4829528213e+02 4.2297522972e+00 8.5213837896e-01 1.4313356531e+01 1.2141269158e-02 3.6195929965e-02
2.4981210525e+01 2.4749048882e+01 2.1646069610e+01 9.9070654949e-01 2.6907256313e-02 1.2166132747e+02 1.2153922509e+01 -7.1359942545e-01 8.5240567153e+00 1.3132068773e-02 1.5252441034e-02
3.8594393497e+01 1.9457430536e+01 2.3583195512e+01 5.0415173740e-01 3.7269153189e-02 1.6979584665e+02 1.7491426784e+00 -6.7322056506e-01 9.5228742316e+00 2.5588949539e-02 1.0000000000e+00
7.1527938914e+01 6.9982904779e+01 6.1591766674e+01 9.7839957144e-01 1.7019964553e-01 8.4666085978e+02 3.6917329636e+00 -8.5322484975e-01 1.0821123008e+01 9.8422694046e-03 1.0000000000e+00
7.7026875424e+01 6.9074334224e+01 6.3481127385e+01 8.9675627946e-01 1.3756867078e-01 6.7074108198e+02 2.2374485097e+00 -8.6801543063e-01 1.2381903881e+01 1.1861085615e-02 1.0000000000e+00
6.5039523006e+01 4.1700902387e+01 4.5115720188e+01 6.4116248798e-01 4.2262820676e-02 1.9324392330e+02 1.9085214898e+00 -8.2006255562e-01 2.3017326782e+01 1.6461470756e-02 1.0000000000e+00
3.1884894572e+01 3.1258739848e+01 2.7483241605e+01 9.8036202623e-01 3.5549383137e-02 1.6175819930e+02 1.6408775754e+01 -9.5967460081e-01 1.0034778628e+01 1.0054672845e-02 1.1165371060e-02
3.4394674504e+01 3.1386742880e+01 2.8597088982e+01 9.1254658846e-01 4.0000941528e-02 1.8260301833e+02 9.0413818485e+00 8.0548238057e-01 9.9295939680e+00 1.2231661792e-02 1.5227107753e-02
3.3172163586e+01 2.9827549724e+01 2.7375818410e+01 8.9917408148e-01 9.9856954306e-03 4.4583266197e+01 1.7920323047e+02 -9.7699286129e-01 8.1460554292e+00 4.1770011630e-03 4.2125104667e-03
3.4011350910e+01 2.4148074029e+01 2.4875957589e+01 7.1000043759e-01 1.1397561669e-02 5.0941160223e+01 9.8868181836e+01 7.4665754835e-01 8.7889478550e+00 5.5377834480e-03 5.6242155622e-03
2.0557104241e+01 1.8395945065e+01 1.6923965570e+01 8.9487044718e-01 9.3316669345e-03 4.1642600372e+01 1.7937144469e+01 -2.3517266389e-01 8.8874801639e+00 1.3379141073e-02 1.4706879943e-02
2.3716464343e+01 9.5382329060e+00 1.2833352427e+01 4.0217769260e-01 8.9545603515e-03 3.9948349752e+01 3.3916126851e+00 4.1629450684e-01 1.5602593939e+01 2.9708865565e-02 1.0000000000e+00
6.1102714149e+01 5.1576055111e+01 4.8835625527e+01 8.4408779266e-01 4.1531223433e-02 1.8979852025e+02 3.4939246393e+01 9.9768303064e-01 9.3149394814e+00 5.2683244415e-03 5.5140911176e-03
4.4884823413e+01 4.1731026763e+01 3.7671740016e+01 9.2973579018e-01 5.8290893555e-02 2.6959383482e+02 2.6529461269e+00 8.5510226419e-01 1.5141539108e+01 1.6130009357e-02 1.0000000000e+00
2.8241006097e+01 1.5294562102e+01 1.7925921229e+01 5.4157284798e-01 2.4935706273e-02 1.1258285756e+02 2.9153943402e+00 -7.3854706613e-01 1.2316187477e+01 2.5266665819e-02 1.0000000000e+00
5.4991247572e+01 4.7335104104e+01 4.4390357990e+01 8.6077523595e-01 1.0670335775e-01 5.1002843345e+02 6.2430161103e+00 8.8344528805e-01 8.1941126116e+00 1.0270058093e-02 1.5075914777e-02
3.5543021717e+01 3.3229506051e+01 2.9914651107e+01 9.3490942655e-01 8.2639253573e-02 3.8870099313e+02 3.7525840495e+00 -8.1456059939e-01 8.4512601524e+00 1.6127498596e-02 1.0000000000e+00
4.9437234669e+01 1.4909977168e+01 2.2846135186e+01 3.0159407718e-01 1.7809228480e-02 7.9982291269e+01 5.1192883304e+00 -4.0571300726e-01 1.3162792559e+01 1.7657031523e-02 3.1226121695e-02
2.5535227127e+01 2.1624306991e+01 2.0442558667e+01 8.4684216371e-01 3.7094160946e-02 1.6897710667e+02 3.8394729309e+00 6.9205933794e-01 9.9951871604e+00 2.0837613963e-02 1.0000000000e+00
2.8843076720e+01 2.7602926960e+01 2.4562433555e+01 9.5700355506e-01 7.5980289176e-03 3.3861700039e+01 3.1526132104e+01 -8.0187304914e-01 2.6834561564e+01 8.5890483009e-03 9.0373709330e-03
4.3844614349e+01 4.2074401873e+01 3.7388897918e+01 9.5962531539e-01 9.4551514811e-02 4.4831838390e+02 4.7666200558e+00 8.4396751821e-01 8.3328906343e+00 1.2738110092e-02 2.5276467703e-02
3.5312758552e+01 2.6890075828e+01 2.6776398835e+01 7.6148329755e-01 9.0163148678e-02 4.2625434101e+02 3.9922160069e+00 -9.7326801526e-01 8.1272660980e+00 1.6814663875e-02 1.0000000000e+00
7.5875658126e+01 6.3709304457e+01 6.0480514079e+01 8.3965406074e-01 1.2518703138e-01 6.0559489489e+02 7.0194945783e+00 7.7512935286e-01 8.2510706427e+00 8.0173516369e-03 1.1000698899e-02
3.2425053914e+01 3.1705427284e+01 2.7912304268e+01 9.7780646309e-01 3.6423869345e-02 1.6584284903e+02 1.5129987426e+01 9.3890603213e-01 1.0065265172e+01 1.0260017338e-02 1.1512033764e-02
4.4900819451e+01 2.6507759289e+01 2.9828148276e+01 5.9036248366e-01 4.8505278879e-02 2.2278333175e+02 7.2996979170e+00 7.7760087981e-01 9.1141535208e+00 1.2843498470e-02 1.7297958581e-02
3.2855206087e+01 2.9053772706e+01 2.6886440526e+01 8.8429738135e-01 1.8477100418e-02 8.3023169834e+01 4.6367017607e+01 7.2473741556e-01 9.0571574690e+00 6.9769312795e-03 7.2170118976e-03
3.7767272196e+01 2.6080445026e+01 2.7228849705e+01 6.9055675746e-01 7.6250063275e-02 3.5708655308e+02 4.4433716950e+00 9.4561770654e-01 8.1176481038e+00 1.6113483862e-02 3.8242273530e-02
3.1219679159e+01 2.9196559732e+01 2.6279998302e+01 9.3519730244e-01 3.3668055322e-02 1.5298764154e+02 2.3079140129e+01 -9.0231359009e-01 8.3037514104e+00 9.1087622503e-03 9.7826648826e-03
3.4276886359e+01 2.7871317820e+01 2.6878783190e+01 8.1312280024e-01 2.7098813491e-02 1.2254476717e+02 5.3229922251e+00 -7.1019618114e-01 1.5172423672e+01 1.5630528449e-02 2.6344994588e-02
3.7748687041e+01 2.4703523382e+01 2.6465913419e+01 6.5442073138e-01 1.0617986959e-02 4.7428934220e+01 1.1662780420e+02 -8.5182966669e-01 9.5857468079e+00 5.0098389104e-03 5.0758343708e-03
3.5569289368e+01 3.4709482867e+01 3.0587865082e+01 9.7582727922e-01 9.8156339056e-02 4.6653098440e+02 3.6712928567e+00 -9.3229353113e-01 8.3113309141e+00 1.5893892463e-02 1.0000000000e+00
3.0920480205e+01 2.9589706038e+01 2.6330944064e+01 9.5696140040e-01 6.1490504315e-02 2.8503225848e+02 3.7603207868e+00 8.0047283358e-01 9.4399572717e+00 1.7669420945e-02 1.0000000000e+00
2.6388529812e+01 2.3301592045e+01 2.1578758835e+01 8.8301971393e-01 3.8341316013e-02 1.7481656115e+02 7.7798930640e+00 -9.7901722778e-01 9.3495153545e+00 1.5446372711e-02 2.0248217753e-02
2.9868865312e+01 2.9833048339e+01 2.5986761668e+01 9.9880085929e-01 1.6402508345e-02 7.3587111017e+01 7.7186929160e+01 9.1646363209e-01 8.9509136018e+00 5.8946177783e-03 6.0134262477e-03
2.8024755960e+01 2.4957187245e+01 2.3015314274e+01 8.9054075192e-01 1.1068620677e-02 4.9458680771e+01 1.0662769709e+01 3.8457699351e-01 1.5418061510e+01 1.3403586410e-02 1.5988279382e-02
2.7480300121e+01 2.5247419922e+01 2.2926369437e+01 9.1874614947e-01 3.6633347975e-02 1.6682204773e+02 1.6790605252e+01 9.7757892337e-01 8.0120861624e+00 1.1156952198e-02 1.2355527545e-02
3.1052541951e+01 2.9067363919e+01 2.6151585536e+01 9.3607035346e-01 1.8104201987e-02 8.1324964304e+01 2.2533023783e+01 -6.5943218271e-01 1.1764048659e+01 9.3069424990e-03 1.0014620067e-02
6.9243690651e+01 5.5384602294e+01 5.3844112140e+01 7.9985052461e-01 3.1130039139e-02 1.4119243906e+02 2.7318513504e+01 5.0673973762e-01 9.0321218316e+00 5.4697447108e-03 5.8043104470e-03
4.7487912732e+01 3.1862750989e+01 3.3729484027e+01 6.7096549746e-01 8.8500681519e-02 4.1792657546e+02 5.1706409231e+00 9.2907998034e-01 8.1586727341e+00 1.3222622494e-02 2.3080108859e-02
6.3297725237e+01 5.2358864148e+01 5.0071766743e+01 8.2718397781e-01 3.5140780579e-02 1.5985136627e+02 1.5721859567e+01 -8.9068897707e-01 1.7385046605e+01 7.0244377323e-03 7.8420000651e-03
5.2753554545e+01 4.8282791004e+01 4.3926937968e+01 9.1525189951e-01 3.9279679268e-02 1.7921687123e+02 7.2216066287e-01 -5.5215446783e-01 1.3628562074e+01 2.4141733608e-02 1.0000000000e+00
6.4185337288e+01 5.7262629106e+01 5.2760173810e+01 8.9214502137e-01 1.0754316116e-01 5.1432617965e+02 6.2675022906e+00 7.8487853369e-01 8.8790761152e+00 9.2011795739e-03 1.3471735401e-02
6.5235246830e+01 5.4907689248e+01 5.2063053753e+01 8.4168746064e-01 6.3546864463e-02 2.9498872700e+02 1.3616250722e+00 7.5186303786e-01 1.5750058488e+01 1.6869229517e-02 1.0000000000e+00
5.4957149805e+01 3.8098910475e+01 3.9702067379e+01 6.9324756851e-01 1.5880357345e-02 7.1216690894e+01 7.7903530004e+01 -7.6811541091e-01 9.2446841192e+00 4.5087069994e-03 4.5987150069e-03
7.7863462286e+01 6.2797997504e+01 6.0804074129e+01 8.0651432213e-01 2.2175102813e-01 1.1366090265e+03 4.5233435773e+00 -9.8279610622e-01 8.0471133488e+00 8.9495516996e-03 2.0093404883e-02
3.8716729401e+01 2.7844481634e+01 2.8506141543e+01 7.1918475720e-01 2.4983963183e-02 1.1280476102e+02 9.4284107873e+00 -9.4844659127e-01 1.8039532094e+01 1.2175074143e-02 1.4975584650e-02
3.6475663626e+01 2.5660207489e+01 2.6551529352e+01 7.0348843416e-01 2.9442558398e-02 1.3337345201e+02 2.1684716801e+01 -8.9072696127e-01 9.7151754927e+00 9.2881837302e-03 1.0026264665e-02
2.4363224034e+01 2.0979992114e+01 1.9670780102e+01 8.6113365314e-01 4.6774802138e-02 2.1456944887e+02 2.3818185627e+00 -9.0208216325e-01 8.4769205483e+00 2.5382430903e-02 1.0000000000e+00
3.0009779641e+01 2.1899049965e+01 2.2262021671e+01 7.2973044875e-01 1.4276297399e-02 6.3946111486e+01 2.9725185242e+01 -9.2298393818e-01 1.5103364731e+01 9.2987266410e-03 9.8165922663e-03
2.0685154060e+01 2.0381610166e+01 1.7874761399e+01 9.8532551926e-01 2.5780921492e-02 1.1647170419e+02 5.9144027906e+00 6.1148588065e-01 8.1253111472e+00 1.9404160671e-02 2.9620948040e-02
3.1297070526e+01 1.8725601214e+01 2.0937763911e+01 5.9831801825e-01 3.6160490047e-02 1.6461210092e+02 3.2689587987e+00 6.0477321817e-01 9.1297300037e+00 2.1816941709e-02 1.0000000000e+00
4.5286686728e+01 4.2717175887e+01 3.8286309135e+01 9.4326123137e-01 7.1835660757e-02 3.3539236769e+02 3.7759221557e+00 8.8085779197e-01 1.4159249884e+01 1.3877294055e-02 1.0000000000e+00
1.4406174551e+01 1.3514004585e+01 1.2145516843e+01 9.3807030710e-01 1.0760074261e-02 4.8068777146e+01 2.8814488157e+01 -8.9242425769e-01 9.8065522198e+00 1.3768974716e-02 1.4562676360e-02
3.7787736965e+01 3.0483359485e+01 2.9512150111e+01 8.0669979030e-01 3.5017102030e-02 1.5927440870e+02 8.7393865678e+00 -7.3135713952e-01 1.0950755832e+01 1.2183516369e-02 1.5326119493e-02
3.1069524336e+01 2.1445794888e+01 2.2394885662e+01 6.9025179325e-01 1.3359403067e-02 5.9797925241e+01 2.0742356117e+01 -4.0270118970e-01 1.0057131863e+01 1.0608494149e-02 1.1495935217e-02
3.4782739728e+01 3.0460570977e+01 2.8323955147e+01 8.7573811653e-01 1.2819884467e-02 5.7359684883e+01 6.5367260253e+01 -6.5495896934e-01 1.0057772574e+01 5.9580866334e-03 6.1008541732e-03
3.4119477078e+01 2.9429583645e+01 2.7570844160e+01 8.6254497914e-01 2.0957818937e-02 9.4344114179e+01 1.5038921436e+01 6.5414344131e-01 1.2528101595e+01 1.0460521096e-02 1.1746597498e-02
8.9983093803e+00 6.3934651878e+00 6.5838601408e+00 7.1051848937e-01 5.6603756700e-03 2.5189141021e+01 1.8902115281e+00 -3.3976581642e-01 8.1566817632e+00 5.6253154398e-02 1.0000000000e+00
2.5644861403e+01 1.9233357991e+01 1.9294172607e+01 7.4998876727e-01 1.1755191932e-02 5.2553762091e+01 7.1457556838e+00 9.1177881872e-01 2.5291816338e+01 1.7381577174e-02 2.3643424028e-02
7.9943828688e+01 6.0033244712e+01 6.0185888277e+01 7.5094282695e-01 2.2938634035e-01 1.1807593949e+03 2.9878366894e+00 -9.8323062982e-01 8.7420678302e+00 1.0481477606e-02 1.0000000000e+00
2.6618161895e+01 1.2426191610e+01 1.5609824405e+01 4.6683131836e-01 2.9987606522e-03 1.3317667208e+01 2.0107049091e+02 6.4268649452e-01 1.4187142929e+01 5.7079295912e-03 5.7511028551e-03
5.4343297072e+01 5.1703210563e+01 4.6142255900e+01 9.5141835975e-01 1.6997114392e-02 7.6288675379e+01 2.6332704214e+01 -3.0374398381e-01 1.2102265845e+01 6.1602502514e-03 6.5528640852e-03
5.8518306219e+01 5.0905570847e+01 4.7491054822e+01 8.6990848055e-01 5.0673906019e-02 2.3310418749e+02 1.9564928424e+00 7.7381980834e-01 1.9643929082e+01 1.5715078068e-02 1.0000000000e+00
2.7452262379e+01 1.1994542112e+01 1.5535839405e+01 4.3692362931e-01 2.6547613846e-02 1.2000335239e+02 5.9987312771e+00 -9.7459544953e-01 9.8749022383e+00 2.1059707116e-02 3.1801067717e-02
3.2948135015e+01 3.1542525656e+01 2.8063188663e+01 9.5733872773e-01 4.0464144248e-02 1.8477942554e+02 1.7422333917e+00 -6.7203541377e-01 1.0914974346e+01 2.2943162655e-02 1.0000000000e+00
1.4109156384e+01 1.2767456755e+01 1.1681224148e+01 9.0490575109e-01 3.3340589632e-03 1.4810540298e+01 2.1948755139e+02 -8.0542125272e-01 1.2243801681e+01 6.6192431944e-03 6.6650548504e-03
3.1570207039e+01 1.5818143679e+01 1.9227616384e+01 5.0104656138e-01 1.6448119349e-02 7.3794258808e+01 6.6767096875e+01 -9.9004662222e-01 8.4978459524e+00 7.5132552280e-03 7.6893487957e-03
1.6797854640e+01 9.4107194623e+00 1.0855186987e+01 5.6023341458e-01 5.7821449735e-03 2.5733409735e+01 4.3221546195e+01 -6.6676623420e-01 1.0940574919e+01 1.2726086235e-02 1.3198078513e-02
5.9246261545e+01 4.9455802230e+01 4.7084651854e+01 8.3474975365e-01 1.0093951550e-01 4.8064650969e+02 1.3860291482e+00 -8.9779292316e-01 1.0488785021e+01 1.7462416480e-02 1.0000000000e+00
4.4521207109e+01 3.0461132933e+01 3.1944492414e+01 6.8419377889e-01 6.1871676206e-03 2.7544448850e+01 1.7995805059e+01 7.2109220752e-01 4.9932716859e+01 9.0013942618e-03 9.8912187686e-03
2.8574625729e+01 2.2705557814e+01 2.2145103873e+01 7.9460560672e-01 1.9784393795e-02 8.8983994562e+01 1.6900398369e-01 -7.2571623621e-01 9.3430099024e+00 6.4616449028e-02 1.0000000000e+00
5.0049790428e+01 4.9270405841e+01 4.3230029104e+01 9.8442781517e-01 4.0252693264e-02 1.8378572744e+02 2.4821664835e+00 -8.4222809151e-01 2.5042015937e+01 1.5338447965e-02 1.0000000000e+00
7.6774072268e+01 6.0970376451e+01 5.9481957337e+01 7.9415321669e-01 2.4006261431e-01 1.2430006105e+03 2.9044159910e+00 9.7604594899e-01 8.1594709931e+00 1.0614038162e-02 1.0000000000e+00
4.0698656030e+01 3.5618334984e+01 3.3130497804e+01 8.7517226509e-01 5.3715139849e-02 2.4762884601e+02 4.2760157919e+00 -5.5645237365e-01 9.6603300253e+00 1.4653336298e-02 4.0947371683e-02
2.3962898312e+01 2.2712046391e+01 2.0307693704e+01 9.4780047453e-01 3.5543742383e-02 1.6173186805e+02 5.1674387781e+00 -7.8781726923e-01 9.1031223501e+00 1.8735890190e-02 3.2729531727e-02
3.8055197906e+01 2.8813616755e+01 2.8771488525e+01 7.5715324951e-01 5.1399490648e-02 2.3656412011e+02 1.7165098100e+00 8.7758466942e-01 1.1190122934e+01 2.2566908911e-02 1.0000000000e+00
4.6556476675e+01 4.3668116323e+01 3.9248381515e+01 9.3796007433e-01 3.7343475376e-02 1.7014363995e+02 1.3126472564e+01 7.8339631418e-01 1.2735931515e+01 8.7402734894e-03 1.0016521515e-02
3.4459850976e+01 2.4138834809e+01 2.5028812416e+01 7.0049156118e-01 1.2177616029e-02 5.4459634435e+01 5.1804107532e+01 -9.5368954264e-01 1.5674307074e+01 7.0262494095e-03 7.2412022866e-03
3.1992452550e+01 2.1301816508e+01 2.2633014533e+01 6.6583880915e-01 4.8800961858e-02 2.2418875283e+02 5.2087996974e+00 9.1895828371e-01 8.7562631280e+00 1.7317968567e-02 2.9949576798e-02
4.2286317879e+01 4.0866422945e+01 3.6188000164e+01 9.6642188288e-01 3.2929921484e-02 1.4955287125e+02 4.0451648072e+01 8.8452875670e-01 8.0728511048e+00 6.0453647500e-03 6.2860763803e-03
5.0201037176e+01 2.7549321731e+01 3.2088815044e+01 5.4877993127e-01 2.7478458278e-02 1.2429636124e+02 2.0771291573e+01 -6.0665621958e-01 9.3006869648e+00 8.3954296411e-03 9.0966041993e-03
3.8375674680e+01 3.0078426184e+01 2.9532946957e+01 7.8378885673e-01 4.7366199316e-02 2.1737440191e+02 5.5485898456e+00 5.8517658266e-01 8.2938681188e+00 1.4333390145e-02 2.3130831933e-02
3.1255770817e+01 2.8865634729e+01 2.6144537905e+01 9.2352976665e-01 6.0838494515e-02 2.8188096716e+02 4.3376350899e+00 -8.3039586113e-01 8.6765861690e+00 1.6828947765e-02 4.3838834711e-02
3.6677572810e+01 2.4083588155e+01 2.5760118422e+01 6.5662982333e-01 2.0567436361e-02 9.2559858570e+01 1.8291075377e+01 -9.1479517386e-01 1.4711089261e+01 1.0144077343e-02 1.1127636373e-02
4.1163517778e+01 4.0817685881e+01 3.5684010506e+01 9.9159858254e-01 1.8480093376e-02 8.3036803726e+01 3.6864204178e+01 4.4155123641e-01 8.9859053202e+00 6.3705590004e-03 6.6509425392e-03
2.7278536051e+01 2.5112149306e+01 2.2780966773e+01 9.2058273433e-01 1.9909084801e-02 8.9553138832e+01 2.4656090408e+00 -4.3887839952e-02 9.3834637966e+00 2.3233554417e-02 1.0000000000e+00
2.7902046471e+01 1.5055113789e+01 1.7676038842e+01 5.3957023565e-01 1.4633216176e-02 6.5562395761e+01 1.8439056661e+01 5.3880318860e-01 8.6300197219e+00 1.2844285978e-02 1.4077804211e-02
7.7671213141e+01 7.3389725999e+01 6.5721395538e+01 9.4487678292e-01 1.8251724308e-01 9.1462594749e+02 1.9385031750e+00 8.7165211862e-01 9.6422665094e+00 1.1954994686e-02 1.0000000000e+00
3.6268910041e+01 2.0721831676e+01 2.3681909966e+01 5.7133869346e-01 5.6925031257e-02 2.6302328133e+02 3.3322891075e+00 8.8173723086e-01 9.4342995221e+00 1.9808617786e-02 1.0000000000e+00
3.4789877377e+01 2.6533451737e+01 2.6401150005e+01 7.6267735726e-01 2.6764439016e-02 1.2100282820e+02 1.7645758833e+01 8.9896959435e-01 1.1607376407e+01 1.0086652895e-02 1.1107416802e-02
4.5799058094e+01 3.1089621173e+01 3.2727339805e+01 6.7882664988e-01 1.7205541823e-02 7.7236214444e+01 2.0093266675e+01 -9.9438991117e-01 2.3596734050e+01 8.4494248539e-03 9.1828930331e-03
5.7502022886e+01 2.8952735695e+01 3.5112831862e+01 5.0350812445e-01 8.8992595787e-02 4.2038894158e+02 6.0944186409e+00 9.6760904257e-01 8.1569909457e+00 1.2120328666e-02 1.8091109098e-02
7.6588310459e+00 7.5705831761e+00 6.6288540150e+00 9.8847763199e-01 6.7842746177e-03 3.0216405519e+01 2.3329342857e+01 9.2825459095e-01 8.1381617561e+00 2.1813381977e-02 2.3407500186e-02
2.8789696265e+01 2.5133164005e+01 2.3406472340e+01 8.7299163470e-01 3.6831218458e-02 1.6774724794e+02 2.0616029134e+00 5.8051906990e-01 8.8988441817e+00 2.4179167403e-02 1.0000000000e+00
1.7585063391e+01 1.6930442512e+01 1.5020503814e+01 9.6277403929e-01 1.9559868255e-03 8.6797230987e+00 4.8477769489e+02 9.3637228764e-01 1.4712693605e+01 4.2061430775e-03 4.2192320467e-03
2.6705320386e+01 2.4132916393e+01 2.2094616338e+01 9.0367447549e-01 2.6063305498e-02 1.1777200986e+02 6.3982190771e+00 8.2333977750e-01 1.2915439655e+01 1.6500066324e-02 2.3839631323e-02
5.6085174466e+01 5.5747244758e+01 4.8677621089e+01 9.9397470524e-01 6.2304470368e-02 2.8897010516e+02 9.8709220341e-01 9.7316348314e-01 1.7252110704e+01 1.9863241626e-02 1.0000000000e+00
3.3686660029e+01 3.3441211112e+01 2.9218868629e+01 9.9271376512e-01 4.1620526429e-02 1.9021889982e+02 4.3129295170e+00 -8.1368970836e-01 1.4242133954e+01 1.5913768253e-02 4.2561822472e-02
3.6874988495e+01 2.2527316718e+01 2.4940442541e+01 6.1091047448e-01 2.9664523524e-02 1.3440086294e+02 2.3977534176e+00 -3.2863105706e-01 9.0207799256e+00 2.2054342150e-02 1.0000000000e+00
4.1673906711e+01 3.5636517468e+01 3.3528032735e+01 8.5512783133e-01 4.5506510738e-02 2.0856165523e+02 5.0515820931e+00 9.1147846826e-01 1.5368168850e+01 1.3730179150e-02 2.4732629474e-02
4.6074717880e+01 3.4390506680e+01 3.4579531895e+01 7.4640731974e-01 2.5126782778e-02 1.1346158964e+02 2.8159977885e+00 8.3784545784e-01 3.0942317059e+01 1.6975035675e-02 1.0000000000e+00
2.4366444329e+01 2.2751953015e+01 2.0495022665e+01 9.3374120197e-01 1.3202212865e-02 5.9087335807e+01 5.7544611402e+01 7.6156123341e-01 9.4402224442e+00 7.6485421090e-03 7.8579994849e-03
3.7873793206e+01 3.5128075811e+01 3.1748930716e+01 9.2750350143e-01 5.6661508370e-02 2.6175696050e+02 5.6354404123e+00 -9.0907489039e-01 1.0924645881e+01 1.3545098752e-02 2.1541061567e-02
4.1211438792e+01 2.8412110974e+01 2.9686673443e+01 6.8942293225e-01 4.1759633171e-02 1.9087382577e+02 1.6382534104e+01 -9.6289986422e-01 9.3509279689e+00 9.5515130865e-03 1.0608683810e-02
4.4830656705e+01 3.6568153723e+01 3.5211398076e+01 8.1569524987e-01 9.0851750104e-02 4.2970871436e+02 2.4117520742e+00 -8.5761598251e-01 8.8764805263e+00 1.7110605133e-02 1.0000000000e+00
1.7937455476e+01 1.2296015368e+01 1.2883015772e+01 6.8549384746e-01 4.9635919825e-03 2.2076675914e+01 1.5266126957e+02 5.5773670728e-01 8.1057732400e+00 7.1271762722e-03 7.1984938379e-03
3.6126055049e+01 3.4742066730e+01 3.0840082356e+01 9.6169002355e-01 2.9064745796e-02 1.3162541544e+02 1.1439012713e+01 5.3417321100e-01 9.8563438358e+00 1.0753532356e-02 1.2636552669e-02
3.1954672538e+01 2.9661535776e+01 2.6797717782e+01 9.2823782628e-01 1.1232712695e-02 5.0198123867e+01 3.4612557396e+01 4.8314867954e-01 1.2893444953e+01 7.8363718351e-03 8.2056939274e-03
4.0413584331e+01 3.2470719586e+01 3.1498129774e+01 8.0346052258e-01 8.1790922284e-02 3.8448874594e+02 4.0630108804e+00 8.1586051299e-01 8.7685986331e+00 1.5164747570e-02 7.2338974815e-02
2.9892335600e+01 2.9401294801e+01 2.5807989615e+01 9.8357301999e-01 3.0083249664e-02 1.3633990554e+02 2.2473898010e+00 9.6974219723e-01 1.9455897472e+01 2.2113107548e-02 1.0000000000e+00
7.0390884780e+01 3.7140767799e+01 4.4066962598e+01 5.2763604145e-01 9.5949569079e-02 4.5537234243e+02 4.1776971591e+00 7.3076342841e-01 9.9090100780e+00 1.2067841027e-02 3.9432177199e-02
3.6387516842e+01 3.2607737973e+01 2.9977817446e+01 8.9612429764e-01 2.7681331379e-02 1.2523276127e+02 1.5466083235e+01 5.8358168783e-01 9.4752976821e+00 9.7834395438e-03 1.0945321823e-02
1.5759320062e+01 1.2972999279e+01 1.2435767245e+01 8.2319536809e-01 7.4755097333e-03 3.3312577176e+01 3.9589031998e+01 6.5865382077e-01 1.0112035530e+01 1.2068081520e-02 1.2559873068e-02
4.2385717158e+01 3.7396774863e+01 3.4645807804e+01 8.8229661711e-01 2.9266547325e-02 1.3255897946e+02 1.3830830843e+01 -4.2787223644e-01 9.0206231386e+00 9.3108868368e-03 1.0582488757e-02
3.4102710706e+01 2.1502911976e+01 2.3450276355e+01 6.3053380598e-01 5.7065617678e-02 2.6369903025e+02 3.3931849507e+00 9.3196991642e-01 9.8442176893e+00 1.9794143905e-02 1.0000000000e+00
2.9639826202e+01 2.8359417735e+01 2.5238254249e+01 9.5680108046e-01 2.2670504704e-02 1.0218396496e+02 4.5660293575e+01 -8.6102220149e-01 8.2422587286e+00 7.2815163618e-03 7.5362096181e-03
3.5364845662e+01 3.2231268117e+01 2.9384963142e+01 9.1139286807e-01 9.0583030486e-02 4.2836033427e+02 3.3589849202e+00 9.1499685385e-01 8.1975064006e+00 1.6923017124e-02 1.0000000000e+00
3.3352656482e+01 2.6999578843e+01 2.6094788434e+01 8.0951809213e-01 3.6073989223e-02 1.6420798915e+02 2.6275392915e+00 4.8639734465e-01 9.8483731313e+00 2.0635948792e-02 1.0000000000e+00
8.3326252482e+01 6.7575968630e+01 6.5253731479e+01 8.1098053275e-01 7.3759938324e-02 3.4483405764e+02 6.3885230458e+00 -8.3241352491e-01 1.6820082290e+01 8.1554931225e-03 1.1794427415e-02
3.6243717091e+01 3.1364841974e+01 2.9336288324e+01 8.6538701025e-01 7.5374707490e-02 3.5277500403e+02 2.4925376215e+00 -8.4223445641e-01 8.3764648037e+00 1.9112917393e-02 1.0000000000e+00
6.5880086066e+01 5.3825847955e+01 5.1787373679e+01 8.1702759012e-01 1.7445869472e-01 8.7006593361e+02 4.7860745871e+00 -9.9850268420e-01 8.0958776590e+00 9.9286436370e-03 1.9547144026e-02
7.7313642157e+01 6.0071737340e+01 5.9233540445e+01 7.7698754920e-01 1.5620295956e-01 7.7046002080e+02 3.4817033143e+00 7.9097488916e-01 1.0302000793e+01 1.0387181671e-02 1.0000000000e+00
2.4804486687e+01 2.1048549403e+01 1.9878235417e+01 8.4857831038e-01 2.6429274724e-02 1.1945798821e+02 3.4294637299e+00 4.1539142114e-01 9.2856351434e+00 2.2266098473e-02 1.0000000000e+00
4.1662061572e+01 2.7713656778e+01 2.9459085149e+01 6.6520128224e-01 2.8477801486e-02 1.2891164867e+02 1.7390588627e+01 -9.9522233594e-01 1.3658472311e+01 9.4606075221e-03 1.0434869116e-02
4.1386533612e+01 4.1187234070e+01 3.5942194357e+01 9.9518443500e-01 8.8910773733e-03 3.9663229967e+01 5.3828961054e+01 6.1893267562e-02 9.8464328948e+00 5.5352112526e-03 5.6978303284e-03
3.5455891235e+01 3.2908840367e+01 2.9732687661e+01 9.2816283053e-01 6.6937945457e-02 3.1146612950e+02 6.2291024102e+00 -9.5323266828e-01 8.5656931128e+00 1.3509922582e-02 1.9861573597e-02
3.7165110737e+01 2.6959451586e+01 2.7485459888e+01 7.2539677809e-01 4.5792819292e-02 2.0991696697e+02 3.0436071204e+00 -7.9495191929e-01 1.2508045886e+01 1.8795639493e-02 1.0000000000e+00
4.0852594100e+01 3.3683790066e+01 3.2263441445e+01 8.2452022468e-01 6.9578164217e-02 3.2434532791e+02 2.4258008442e+00 -7.2673348444e-01 8.8995597056e+00 1.8255681614e-02 1.0000000000e+00
3.6720062624e+01 2.9267164186e+01 2.8502204966e+01 7.9703470241e-01 3.6912858804e-02 1.6812905532e+02 1.2485328937e+01 7.7232928818e-01 9.1406672188e+00 1.0880097765e-02 1.2575696210e-02
8.4723612504e+01 7.2488301079e+01 6.8181466964e+01 8.5558557923e-01 4.4116527624e-02 2.0198936752e+02 9.9558723146e+00 -9.2795783999e-01 2.4612331840e+01 6.8372495140e-03 8.2900405787e-03
2.6878529911e+01 2.2898202902e+01 2.1583350786e+01 8.5191425937e-01 1.0810512720e-02 4.8295942624e+01 2.4687970499e+01 3.1357313164e-01 1.0005398005e+01 1.0185816191e-02 1.0883877570e-02
1.0143681825e+01 9.0228604867e+00 8.3255927220e+00 8.8950547172e-01 3.6452237119e-03 1.6196643587e+01 3.0227318577e+01 -9.0528744297e-01 1.8209767137e+01 1.7199814745e-02 1.8140151868e-02
3.5476272516e+01 3.0726294221e+01 2.8727242120e+01 8.6610830401e-01 4.4043507136e-02 2.0164444899e+02 8.8784677390e+00 7.6213501747e-01 8.7128003548e+00 1.2250706997e-02 1.5334923780e-02
4.9436516070e+01 4.6331456360e+01 4.1659132961e+01 9.3719096819e-01 5.1431675633e-02 2.3671767179e+02 4.5776665324e+00 7.1292734746e-01 1.5224776469e+01 1.2395017197e-02 2.6937652010e-02
4.3823414268e+01 4.0782343414e+01 3.6798240101e+01 9.3060625457e-01 8.1198252823e-02 3.8154859380e+02 2.6738736896e+00 -6.0586080605e-01 8.0266110939e+00 1.6103125219e-02 1.0000000000e+00
5.7725694622e+01 3.6404222565e+01 3.9697853229e+01 6.3064156792e-01 9.8717119657e-02 4.6937132555e+02 3.5663659790e+00 9.0449990132e-01 1.1034340290e+01 1.3647495401e-02 1.0000000000e+00
3.0641504343e+01 2.8322469136e+01 2.5641732710e+01 9.2431718821e-01 3.7573145317e-02 1.7121861643e+02 1.4813933008e+00 5.1660312022e-01 8.3014366315e+00 2.5841370613e-02 1.0000000000e+00
2.9718367547e+01 2.2564891429e+01 2.2501029476e+01 7.5929108128e-01 6.4308225094e-02 2.9868187680e+02 3.2149389484e+00 -9.8752403090e-01 8.6874606672e+00 2.0638937687e-02 1.0000000000e+00
4.8009493465e+01 3.8662731373e+01 3.7462417932e+01 8.0531429479e-01 8.1053122265e-02 3.8082895327e+02 2.7169735525e+00 -6.2939331474e-01 8.4949456369e+00 1.5830219577e-02 1.0000000000e+00
3.5883649157e+01 3.5587419135e+01 3.1109268721e+01 9.9174470744e-01 3.0482681649e-02 1.3819067587e+02 1.0900476498e+01 8.7886100189e-01 1.4450353465e+01 1.0881083037e-02 1.2916192983e-02
4.1020208497e+01 3.9622563597e+01 3.5095478747e+01 9.6592789381e-01 7.7974889782e-02 3.6559615201e+02 3.7087618620e+00 -7.3940295688e-01 9.9975004243e+00 1.4699328735e-02 1.0000000000e+00
6.6419822296e+01 6.3927047172e+01 5.6724319079e+01 9.6246940991e-01 3.9983638451e-02 1.8252174504e+02 1.8942247021e+01 9.0315209394e-01 1.5016415448e+01 6.0413856301e-03 6.6033969114e-03
4.1693223819e+01 3.7754866561e+01 3.4530777530e+01 9.0553963218e-01 9.8723036159e-02 4.6940130270e+02 2.1811348768e+00 -9.5100403026e-01 8.6049036771e+00 1.7905261985e-02 1.0000000000e+00
7.0340043434e+01 4.2173545211e+01 4.7109082955e+01 5.9956666433e-01 8.7320841308e-02 4.1202674366e+02 8.6899160394e+00 9.1740773850e-01 9.3834929467e+00 8.8384462204e-03 1.1138324489e-02
5.3014061273e+01 2.8191872157e+01 3.3326633329e+01 5.3178103091e-01 2.3142318075e-02 1.0434712065e+02 4.9926393320e+01 -7.3240509896e-01 8.0297343957e+00 5.9168728737e-03 6.1050986121e-03
2.6757636788e+01 2.5559473253e+01 2.2765177612e+01 9.5522162349e-01 1.4237062067e-02 6.3768488794e+01 3.6056452882e+01 4.6795242019e-01 8.4013991855e+00 8.5294404881e-03 8.9139638600e-03
2.8821574468e+01 2.4285820522e+01 2.3015016467e+01 8.4262643420e-01 4.5338375468e-02 2.0776599278e+02 3.3189136287e+00 9.1990099436e-01 1.1816775322e+01 2.0335490233e-02 1.0000000000e+00
2.7848725083e+01 2.3552843362e+01 2.2279935172e+01 8.4574224823e-01 3.3413346227e-02 1.5180199583e+02 1.4342461114e+00 -5.7126818201e-01 8.2812129698e+00 2.8629869573e-02 1.0000000000e+00
2.5577611060e+01 1.2897523732e+01 1.5630891873e+01 5.0425052212e-01 5.6039283251e-03 2.4936873975e+01 7.6140101058e+01 4.0751479435e-01 9.8808902826e+00 8.1951894861e-03 8.3627239870e-03
3.2415701132e+01 2.5830470049e+01 2.5158176572e+01 7.9685057385e-01 6.4054989962e-02 2.9745309577e+02 3.4481048795e+00 8.6489512308e-01 8.9932418745e+00 1.8752149073e-02 1.0000000000e+00
3.3602056123e+01 2.1966505876e+01 2.3545627477e+01 6.5372505171e-01 2.4677373730e-02 1.1139520933e+02 1.7883618734e+01 -9.7603585862e-01 1.1917698573e+01 1.0794165751e-02 1.1869197434e-02
3.0833409241e+01 2.2800500014e+01 2.3029879227e+01 7.3947385566e-01 1.7647539947e-02 7.9246556780e+01 4.3815777427e+01 9.0471758200e-01 1.0464239725e+01 7.8546826416e-03 8.1417804728e-03
3.4584279684e+01 1.3724500540e+01 1.8578898223e+01 3.9684216833e-01 9.8344608035e-03 4.3903023837e+01 1.0398756779e+01 1.3366080009e-01 1.0265829277e+01 1.5479569243e-02 1.8571246429e-02
3.8648674865e+01 3.4997963417e+01 3.2009275396e+01 9.0554109655e-01 1.4473446145e-02 6.4838781741e+01 1.0679680747e+02 8.9627215501e-01 8.4047218522e+00 4.5868396957e-03 4.6529732261e-03
5.7672219807e+01 5.4350429052e+01 4.8734960591e+01 9.4240223862e-01 5.4671477230e-02 2.5220848537e+02 2.2827698575e+00 5.5860299225e-01 1.5161564788e+01 1.4559578652e-02 1.0000000000e+00
9.7856831249e+00 7.2960183066e+00 7.3400668081e+00 7.4558088724e-01 4.0821289637e-03 1.8143973359e+01 3.3319375189e+01 7.5925944637e-01 1.1556998319e+01 1.7936642133e-02 1.8817825848e-02
2.9410806948e+01 1.7471211422e+01 1.9601834391e+01 5.9404053255e-01 3.7907556887e-03 1.6845150305e+01 1.5879083894e+02 4.9871426655e-01 1.2402417168e+01 5.4062827994e-03 5.4582551170e-03
9.5623565497e+00 8.9807774478e+00 8.0666031776e+00 9.3918035801e-01 4.5621365890e-03 2.0284905198e+01 2.2111079334e+00 -9.8981151309e-01 2.9385058079e+01 4.6749269408e-02 1.0000000000e+00
4.5087365760e+01 4.4568796540e+01 3.9024327955e+01 9.8849856915e-01 6.3530616817e-02 2.9490995418e+02 3.6599298526e+00 -7.8907348513e-01 1.4664314493e+01 1.3941678512e-02 1.0000000000e+00
2.9573579090e+01 1.8362247363e+01 2.0172781696e+01 6.2090040934e-01 1.4503300136e-02 6.4973980387e+01 3.7367200963e+01 9.3796112980e-01 1.2434326780e+01 9.0750650571e-03 9.4686659166e-03
3.8084500548e+01 3.7386474917e+01 3.2848963993e+01 9.8167166114e-01 7.0584295879e-02 3.2926486831e+02 2.8543293571e+00 -8.6121314420e-01 1.0863619471e+01 1.6973352096e-02 1.0000000000e+00
3.6350611855e+01 3.3485108212e+01 3.0367045219e+01 9.2117041512e-01 6.6453680458e-03 2.9594606236e+01 1.6157545979e+02 5.8729532549e-01 8.8676609633e+00 4.0783131581e-03 4.1168318335e-03
3.5614009729e+01 2.0486601698e+01 2.3337856185e+01 5.7523996465e-01 4.6266294875e-02 2.1215944266e+02 3.7587228405e+00 -5.7587581664e-01 8.2199715506e+00 1.9229417690e-02 1.0000000000e+00
3.5965356215e+01 3.4211696485e+01 3.0534890081e+01 9.5124030694e-01 5.7800279208e-03 2.5723946349e+01 1.5643838869e+02 -3.9920718345e-01 8.2872007436e+00 4.1160428511e-03 4.1562174044e-03
7.7429457508e+01 6.7327800938e+01 6.2824974049e+01 8.6953729375e-01 1.2232966622e-01 5.9068868391e+02 8.4809009962e+00 8.2305188026e-01 8.2542943635e+00 7.3046097755e-03 9.2789911820e-03
3.7691587205e+01 3.3779631862e+01 3.1053700853e+01 8.9621144574e-01 6.7566970024e-02 3.1453057437e+02 5.3089347868e+00 8.6282208505e-01 8.7947754716e+00 1.3954849692e-02 2.3591669792e-02
7.3936974043e+01 3.3013750621e+01 4.2334767313e+01 4.4651206041e-01 8.9327816655e-02 4.2206780343e+02 4.1668560428e+00 5.6554092192e-01 8.3160679921e+00 1.2433193709e-02 4.1555896783e-02
8.8470921954e+00 7.4684153930e+00 7.0712679334e+00 8.4416610882e-01 7.7719744552e-03 3.4641486379e+01 5.2584205539e+00 5.5497760580e-01 8.2739090889e+00 3.6606884419e-02 6.2581913171e-02
3.7987574771e+01 3.6044756058e+01 3.2211126290e+01 9.4885646887e-01 2.9212244388e-02 1.3230773958e+02 2.6414737712e+01 9.9272103446e-01 1.2009329355e+01 7.6455563793e-03 8.1311380717e-03
2.7183641531e+01 2.3211542115e+01 2.1853911056e+01 8.5387905399e-01 3.5716664761e-02 1.6253917060e+02 3.2067435476e+00 -7.1174021940e-01 1.1026680571e+01 2.1400076327e-02 1.0000000000e+00
4.1010375279e+01 4.0504436365e+01 3.5480562475e+01 9.8766314839e-01 5.2526180489e-02 2.4194341611e+02 5.5817470665e+00 7.3834095972e-01 1.1223286800e+01 1.2712832022e-02 2.0398805017e-02
2.1029006349e+01 1.6253520884e+01 1.6067882778e+01 7.7290959993e-01 3.7944548758e-02 1.7295770886e+02 2.6870538695e+00 -8.9434856173e-01 8.2437020636e+00 2.7676368132e-02 1.0000000000e+00
3.6810065407e+01 3.3268718907e+01 3.0456801174e+01 9.0379407206e-01 3.0085301092e-02 1.3634940816e+02 1.6166350356e+01 -9.1511336469e-01 1.2723414242e+01 9.5135548004e-03 1.0583692166e-02
7.6760173028e+01 6.5837828578e+01 6.1850637236e+01 8.5770818356e-01 8.1210523307e-02 3.8160944389e+02 3.8673602089e+00 -5.3512662916e-01 1.5268770291e+01 1.0135757987e-02 1.0000000000e+00
8.7879963544e+00 4.7632574668e+00 5.5805944010e+00 5.4201859841e-01 1.2230890684e-03 5.4244316121e+00 5.6625832163e+02 9.1203809727e-01 1.2731643229e+01 7.3711151707e-03 7.3907363762e-03
3.5477686343e+01 2.7778972852e+01 2.7288623761e+01 7.8299843412e-01 3.8880494343e-02 1.7734425365e+02 3.7371195098e+00 -9.5888647082e-01 1.8252030001e+01 1.7554051049e-02 1.0000000000e+00
3.7899405956e+01 3.2392049476e+01 3.0483300743e+01 8.5468488646e-01 8.9744700761e-03 4.0037775480e+01 1.8071437642e+02 -8.9926776017e-01 8.4648586774e+00 3.8956920943e-03 3.9285287147e-03
3.3115652723e+01 1.5822739987e+01 1.9663420483e+01 4.7780244949e-01 1.1346819086e-02 5.0712424853e+01 5.3055458764e+01 -6.0666663909e-01 9.1659398121e+00 8.1011650093e-03 8.3428320901e-03
7.4126341394e+01 6.5288491468e+01 6.0537394226e+01 8.8077315352e-01 2.2443228777e-01 1.1520784622e+03 2.2619066186e+00 -9.9354348507e-01 8.5000761760e+00 1.1621673788e-02 1.0000000000e+00
1.0236743609e+01 4.6000000000e+00 5.8814454899e+00 4.4936165010e-01 2.8244191148e-03 1.2541734934e+01 4.0926575130e+01 4.9112003701e-01 8.6784373793e+00 1.9086469661e-02 1.9836977301e-02
3.2681498645e+01 2.8316042717e+01 2.6469043475e+01 8.6642424281e-01 1.2162167583e-02 5.4389913787e+01 2.0790883443e+01 1.9336394661e-01 1.0387426139e+01 9.5548895655e-03 1.0352028183e-02
2.6543418401e+01 2.2462620088e+01 2.1242246271e+01 8.4625950391e-01 3.2840071784e-02 1.4913501613e+02 8.7022869955e+00 9.7143958458e-01 1.0170928341e+01 1.5006771440e-02 1.8903136453e-02
3.8371725776e+01 3.6840882037e+01 3.2730050962e+01 9.6010490257e-01 1.8857773950e-02 8.4757739952e+01 1.3873010938e+00 8.1393970953e-01 3.1212060138e+01 2.2998211660e-02 1.0000000000e+00
3.9310279545e+01 3.8472601421e+01 3.3854609309e+01 9.7869060883e-01 3.0229799085e-02 1.3701882118e+02 9.2393219441e+00 3.3020657363e-01 8.8661402727e+00 1.0982741435e-02 1.3586188621e-02
3.2148249269e+01 2.0840973053e+01 2.2428884904e+01 6.4827707657e-01 5.3645387606e-03 2.3867265097e+01 5.1909088163e+01 4.8230048080e-01 1.8843986815e+01 7.5508777636e-03 7.7813867371e-03
2.9316853402e+01 2.4231214115e+01 2.3181778820e+01 8.2652847433e-01 3.6443601092e-02 1.6593507198e+02 1.7877209222e+01 -9.9482771286e-01 8.1159874300e+00 1.0823695768e-02 1.1902129512e-02
3.5200907064e+01 3.5070295463e+01 3.0587254070e+01 9.9628953876e-01 1.8693138865e-02 8.4007448171e+01 7.0701512874e+01 -9.4719394714e-01 9.3718295819e+00 5.4940810017e-03 5.6153902242e-03
2.7066055166e+01 2.6862213696e+01 2.3473441191e+01 9.9246874105e-01 2.8211093918e-02 1.2767926315e+02 9.1644825914e+00 -6.5427901637e-01 9.2325813876e+00 1.3866547932e-02 1.7193875669e-02
1.0960925945e+01 7.7421184515e+00 7.9954290194e+00 7.0633799466e-01 4.7216831904e-03 2.0996860988e+01 1.6274618017e+01 -4.1044812937e-01 8.8762486324e+00 2.2235631831e-02 2.4716560281e-02
3.2592813757e+01 2.2999898742e+01 2.3763209369e+01 7.0567392287e-01 1.4743063610e-02 6.6060004629e+01 2.2984999701e+01 4.4350582991e-01 9.8761438771e+00 9.8280150639e-03 1.0558531718e-02
3.5442155974e+01 2.0426651229e+01 2.3248583859e+01 5.7633771613e-01 3.2733191461e-02 1.4863802735e+02 6.0969877012e+00 7.0119464909e-01 9.7676255851e+00 1.6209219335e-02 2.4186993468e-02
6.8881225998e+01 3.8777280267e+01 4.4626955359e+01 5.6295862487e-01 9.9225481455e-02 4.7194781966e+02 1.8535686585e+00 -7.0959170089e-01 8.7067084729e+00 1.6208393074e-02 1.0000000000e+00
7.4190545452e+01 6.5378957516e+01 6.0605749560e+01 8.8123031200e-01 5.1848513076e-02 2.3870696706e+02 1.3794321447e+00 -3.4046837299e-01 1.4026351478e+01 1.5372384002e-02 1.0000000000e+00
2.8393533553e+01 2.7829459729e+01 2.4471001210e+01 9.8013372224e-01 5.1513691195e-02 2.3710899078e+02 1.3961820131e+00 8.4477168124e-01 8.3309022065e+00 2.6978997604e-02 1.0000000000e+00
3.1439934651e+01 3.0984287379e+01 2.7170852217e+01 9.8550737217e-01 2.4127593863e-02 1.0886914319e+02 3.2177632294e+01 -8.3573806852e-01 9.5952566969e+00 7.9214034140e-03 8.3256993952e-03
4.4335702000e+01 4.1637736032e+01 3.7399996307e+01 9.3914687609e-01 1.1381644472e-01 5.4656411886e+02 2.7978636570e+00 -9.1614469600e-01 8.5300456227e+00 1.5383584708e-02 1.0000000000e+00
3.4360421176e+01 3.2487700480e+01 2.9083631205e+01 9.4549773747e-01 4.3675936093e-02 1.9990872034e+02 1.1279802041e+01 -9.1607152000e-01 9.6258707844e+00 1.1115365601e-02 1.3099115377e-02
6.3091043863e+01 3.7335139456e+01 4.1964485511e+01 5.9176607597e-01 8.5764476497e-02 4.0425721480e+02 3.9697613790e+00 -5.4451143768e-01 9.1652943357e+00 1.2756987646e-02 1.0000000000e+00
7.4759468870e+01 6.9610988769e+01 6.2792928702e+01 9.3113273571e-01 3.7089598930e-02 1.6895576494e+02 2.2003954995e+00 -1.9689656693e-01 1.9400347761e+01 1.2732203643e-02 1.0000000000e+00
4.3743391531e+01 3.3118516831e+01 3.3071033412e+01 7.5710903227e-01 5.0784734460e-02 2.3363245124e+02 3.8793236411e+00 3.6141164810e-01 8.9230843294e+00 1.5241801015e-02 1.0000000000e+00
7.8328156819e+01 7.4461361327e+01 6.6479939432e+01 9.5063339100e-01 1.6464507626e-01 8.1628868261e+02 3.8797300012e+00 9.8452715316e-01 1.4182423544e+01 9.2377785709e-03 1.0000000000e+00
8.6219150962e+01 7.2340337836e+01 6.8699269214e+01 8.3902865001e-01 1.4566620048e-01 7.1382879249e+02 2.8297522253e+00 -4.5365070548e-01 8.3531068805e+00 1.0292211519e-02 1.0000000000e+00
3.4494133262e+01 3.0600196740e+01 2.8273074730e+01 8.8711307824e-01 4.4812675765e-02 2.0527941683e+02 4.3294285433e+00 7.3365239665e-01 1.1581283409e+01 1.6190195976e-02 4.2535653750e-02
1.4795377644e+01 7.8337288503e+00 9.2794721510e+00 5.2947136861e-01 1.8805405490e-02 8.4519061479e+01 3.0626253237e+00 9.0023903791e-01 8.5443676157e+00 3.7573051801e-02 1.0000000000e+00
3.9487446269e+01 3.1677568748e+01 3.0751990015e+01 8.0221872369e-01 6.1926178647e-02 2.8713946296e+02 4.3570434669e+00 -8.4599231482e-01 1.0566391321e+01 1.5170296295e-02 3.8763288530e-02
7.3302927583e+01 3.1682632897e+01 4.1241992304e+01 4.3221510984e-01 8.1416321683e-02 3.8263015009e+02 2.3979305610e+00 8.0843973161e-01 1.1373970836e+01 1.5618854131e-02 1.0000000000e+00
9.0501809355e+00 8.7249546938e+00 7.7355229829e+00 9.6406411717e-01 5.8581293768e-03 2.6073085807e+01 1.2292264127e+01 -6.5923171580e-01 1.0192218273e+01 2.5200971302e-02 2.9209680964e-02
2.9147114047e+01 2.5662554689e+01 2.3799390418e+01 8.8044924954e-01 3.7925844265e-02 1.7287010376e+02 3.5648846086e+00 4.3472360284e-01 8.4492567798e+00 1.9473593027e-02 1.0000000000e+00
5.0797334299e+01 4.5706774212e+01 4.1935684459e+01 8.9978686565e-01 1.1884132555e-01 5.7255630500e+02 2.5231246510e+00 8.4924589674e-01 8.5748817700e+00 1.4845628250e-02 1.0000000000e+00
4.1233389613e+01 4.0089082539e+01 3.5393456573e+01 9.7224804740e-01 5.3605225135e-02 2.4710286973e+02 3.0678438705e+00 3.7886933674e-01 8.8832653970e+00 1.5926036766e-02 1.0000000000e+00
2.9269432580e+01 1.4977068270e+01 1.8027225089e+01 5.1169657047e-01 2.3605834600e-02 1.0647367489e+02 9.7087625980e+00 -8.3859552849e-01 9.6428070894e+00 1.6048918294e-02 1.9585243618e-02
6.8810848218e+01 6.4531538800e+01 5.8004770726e+01 9.3781054110e-01 1.4417955078e-01 7.0588981579e+02 2.0293255757e+00 8.3527452178e-01 9.9935351768e+00 1.2970005481e-02 1.0000000000e+00
3.3143132526e+01 1.3354400679e+01 1.7952494026e+01 4.0293115529e-01 1.1796666288e-02 5.2740831006e+01 5.6265795794e+01 6.7833126202e-01 8.5896010849e+00 8.3862498378e-03 8.6214017511e-03
3.1831061951e+01 1.4754651737e+01 1.8595912923e+01 4.6352998715e-01 1.3613377223e-02 6.0946383445e+01 5.4543002242e+00 2.6170806065e-01 1.0795355778e+01 1.9660178421e-02 3.2275227929e-02
1.0435466910e+01 8.0515266007e+00 7.9663762227e+00 7.7155403490e-01 3.7872271735e-03 1.6829425150e+01 1.5615856184e+01 -2.7524000314e-01 9.4316748554e+00 2.2647460930e-02 2.5305357925e-02
1.0603041236e+01 1.0201088757e+01 9.0534951705e+00 9.6209083124e-01 2.7701402487e-03 1.2300201058e+01 2.1952681174e+02 8.9694592702e-01 1.3327271765e+01 7.7642920351e-03 7.8180188196e-03
3.7216818651e+01 2.9781997337e+01 2.8946923571e+01 8.0022953106e-01 3.5023512866e-03 1.5560127741e+01 4.3147425180e+02 -8.1612686186e-01 8.6448623624e+00 2.9131453618e-03 2.9233377995e-03
2.7664704698e+01 2.5088598566e+01 2.2929338883e+01 9.0688112666e-01 2.1299262045e-02 9.5905521101e+01 1.0571684861e+00 3.6684211274e-01 9.5462810355e+00 3.1761523091e-02 1.0000000000e+00
2.5957523919e+01 2.5751616364e+01 2.2507496462e+01 9.9206751939e-01 4.5161025754e-02 2.0692692323e+02 1.6876111716e+00 -7.5002934140e-01 8.0565458926e+00 2.6576610896e-02 1.0000000000e+00
6.9252568568e+01 3.7395913945e+01 4.3889950046e+01 5.3999316874e-01 1.1303465711e-01 5.4253370815e+02 1.8180034539e+00 -9.1613093805e-01 9.4152671644e+00 1.6369168540e-02 1.0000000000e+00
5.1776105940e+01 2.5432273698e+01 3.1201527523e+01 4.9119711179e-01 5.3266222208e-02 2.4548112241e+02 8.4074314554e+00 9.2386391372e-01 9.7136813685e+00 1.1809342930e-02 1.5045440148e-02
3.2327308491e+01 2.9002976224e+01 2.6648469565e+01 8.9716643845e-01 3.7625096544e-02 1.7146182332e+02 2.1653671626e+00 3.8954160885e-01 8.1614624559e+00 2.1878923552e-02 1.0000000000e+00
3.0194079080e+01 2.7854444834e+01 2.5242452106e+01 9.2251347558e-01 2.4287481213e-02 1.0960356899e+02 1.7355181867e+01 8.1434617007e-01 1.1165750211e+01 1.0454154785e-02 1.1533368996e-02
3.9632630742e+01 3.6122049025e+01 3.2931633532e+01 9.1142193565e-01 4.8410742829e-02 2.2233410804e+02 1.2917645313e+01 -9.8900899472e-01 1.0234524743e+01 9.7473491871e-03 1.1200475482e-02
4.5372666801e+01 4.5362720955e+01 3.9494871176e+01 9.9978079652e-01 1.7099339859e-02 7.6753369821e+01 2.0670494872e+01 -4.2294310543e-01 1.4382155782e+01 7.4340267401e-03 8.0584221027e-03
7.2124715106e+01 6.1675691277e+01 5.8026636223e+01 8.5512561383e-01 7.5245388309e-02 3.5213845066e+02 6.8685386530e+00 9.1122923230e-01 1.5201295065e+01 8.5336975780e-03 1.1839643158e-02
6.4907866010e+01 5.3931280833e+01 5.1462506433e+01 8.3088975416e-01 8.8360963335e-02 4.1722746233e+02 1.7829553579e+00 -5.8217065296e-01 9.8788638239e+00 1.5138335826e-02 1.0000000000e+00
3.0291408315e+01 2.5001777657e+01 2.3935355893e+01 8.2537521521e-01 2.7008620535e-02 1.2212877743e+02 1.0664177615e+01 -6.2151378507e-01 8.9876358539e+00 1.2951326228e-02 1.5448348041e-02
3.6711377380e+01 3.5792900886e+01 3.1556281346e+01 9.7498114863e-01 1.0874590949e-02 4.8584563771e+01 1.3697463389e+02 9.8573018376e-01 9.8604724971e+00 4.2248982098e-03 4.2721156839e-03
2.6633395497e+01 2.5731315759e+01 2.2789005692e+01 9.6612975097e-01 4.8896330737e-02 2.2464217414e+02 3.1254987778e+00 -9.8626688300e-01 1.1426493007e+01 2.0882850461e-02 1.0000000000e+00
8.2967152613e+01 8.0153697854e+01 7.0989800194e+01 9.6608953458e-01 2.2253293981e-01 1.1411163532e+03 3.8228223508e+00 8.8218040231e-01 1.0419888475e+01 8.6495073528e-03 1.0000000000e+00
3.0989289579e+01 1.1985605411e+01 1.6416478144e+01 3.8676605929e-01 1.6949270013e-02 7.6071209353e+01 2.2491615972e+00 -5.4537113096e-01 1.1970124454e+01 2.9566569956e-02 1.0000000000e+00
3.5386730879e+01 2.2249219462e+01 2.4297100056e+01 6.2874469919e-01 4.1178329868e-02 1.8813783718e+02 9.4887196592e+00 -9.9833929962e-01 9.5489567549e+00 1.3290556329e-02 1.6319031203e-02
2.9265032492e+01 2.0585147424e+01 2.1301414796e+01 7.0340422241e-01 1.0737414853e-02 4.7966728934e+01 3.9777955409e+00 3.5356577479e-01 2.3764165439e+01 2.0365757908e-02 1.0000000000e+00
1.0176259397e+01 4.6000000000e+00 5.8653603495e+00 4.5203250238e-01 2.6095107168e-03 1.1585537669e+01 2.8605315425e+02 -8.8452678018e-01 8.2331953797e+00 9.2227755755e-03 9.2716079310e-03
4.0887098675e+01 2.9134151869e+01 2.9960374103e+01 7.1255121576e-01 3.4633567081e-02 1.5748586369e+02 2.5708209275e+00 7.0481336944e-01 1.5848404144e+01 1.9101179481e-02 1.0000000000e+00
5.8239869563e+01 4.4850823531e+01 4.4417140642e+01 7.7010515078e-01 4.9514517475e-02 2.2758269876e+02 2.2481891978e+01 -7.8607833471e-01 8.0814112241e+00 6.5636666580e-03 7.0640526558e-03
4.7875869268e+01 2.2246008916e+01 2.8005966154e+01 4.6466015669e-01 2.9129468812e-02 1.3192480455e+02 2.2833916671e-01 6.3536816547e-01 8.4343248681e+00 4.9559592856e-02 1.0000000000e+00
6.4094032856e+01 4.1043721196e+01 4.4431078723e+01 6.4036727551e-01 9.0659075546e-02 4.2874186785e+02 1.4922666487e+00 -8.9168442530e-01 1.0938344892e+01 1.7716111658e-02 1.0000000000e+00
4.8078202191e+01 4.3508666481e+01 3.9805927997e+01 9.0495618594e-01 5.6068403825e-02 2.5890850558e+02 7.8963687541e+00 -6.9254371863e-01 9.7643721560e+00 1.0365985177e-02 1.3509782184e-02
3.3025766186e+01 3.2557667388e+01 2.8545974950e+01 9.8582625471e-01 2.9628182296e-02 1.3423262793e+02 2.1225804903e+00 -9.6556409578e-02 8.2779012683e+00 2.1218069443e-02 1.0000000000e+00
3.4961090991e+01 2.1058478719e+01 2.3471412650e+01 6.0234043394e-01 1.5146796257e-02 6.7889607446e+01 8.6433160913e+00 -1.4902210719e-01 9.5985370645e+00 1.4288875308e-02 1.8038175224e-02
8.5949598426e+01 8.2545571397e+01 7.3323820726e+01 9.6039507931e-01 2.6303099235e-01 1.3788724205e+03 3.1897138600e+00 7.9803162048e-01 8.1808391973e+00 8.8889796504e-03 1.0000000000e+00
2.9820334021e+01 2.8754571351e+01 2.5491143737e+01 9.6426053881e-01 2.5404716928e-02 1.1474019826e+02 6.0325082512e+00 4.8507833331e-01 1.0831255683e+01 1.5432316649e-02 2.3206290716e-02
8.5606217739e+01 4.5043064636e+01 5.3512906360e+01 5.2616580694e-01 1.4493168215e-01 7.0990474221e+02 2.9007487800e+00 9.8451383798e-01 1.1473887001e+01 1.1924924242e-02 1.0000000000e+00
6.6153831099e+01 4.3589026570e+01 4.6546180505e+01 6.5890403996e-01 9.8198892222e-02 4.6674644814e+02 4.8132672484e+00 7.4951595439e-01 9.3728481913e+00 1.1044666215e-02 2.1514442921e-02
2.6017374220e+01 1.7411639733e+01 1.8454653183e+01 6.6923124471e-01 1.1599353832e-02 5.1850961986e+01 7.4305419543e+01 -6.9820417629e-01 8.0277270628e+00 7.4274808288e-03 7.5832159185e-03
4.7440081446e+01 4.4887563884e+01 4.0169509192e+01 9.4619491610e-01 1.0815906686e-01 5.1748081422e+02 3.7945910397e+00 8.6811092776e-01 1.0027501156e+01 1.3165041523e-02 1.0000000000e+00
3.1643558564e+01 1.7577985324e+01 2.0357366835e+01 5.5549963790e-01 1.5575368705e-02 6.9832970663e+01 2.3019328477e+01 -7.9551498426e-01 1.2041828069e+01 1.0814087969e-02 1.1616530840e-02
3.3868786234e+01 2.4029714377e+01 2.4762556622e+01 7.0949440618e-01 2.1419683947e-02 9.6456390916e+01 1.7465815929e+01 -5.9323947598e-01 9.5412880376e+00 1.0573654076e-02 1.1656916217e-02
8.2583718095e+01 7.4862068197e+01 6.8433309490e+01 9.0649912505e-01 1.0588181058e-01 5.0582822677e+02 2.6574891398e+00 5.8468939733e-01 1.3064456236e+01 1.0799005683e-02 1.0000000000e+00
2.9551266896e+01 2.2316031803e+01 2.2311929015e+01 7.5516328562e-01 1.3720226045e-02 6.1429677594e+01 5.1547531468e+01 6.0938042597e-01 8.6349173442e+00 7.5562839812e-03 7.7886687352e-03
8.5603230464e+00 5.0085118353e+00 5.6599266587e+00 5.8508444228e-01 2.1277089101e-03 9.4429837135e+00 3.9590738337e+02 8.8367798213e-01 8.5220520863e+00 8.3510189890e-03 8.3828805836e-03
3.8488714367e+01 3.0312395088e+01 2.9692933538e+01 7.8756579913e-01 2.7677022516e-02 1.2521287005e+02 4.3978472248e+01 8.9386519052e-01 8.0870388567e+00 6.6510022645e-03 6.8931435843e-03
6.4664256686e+01 6.2980369908e+01 5.5554749114e+01 9.7395954327e-01 4.1297096781e-02 1.8869665247e+02 1.6200099474e+01 7.2593952118e-01 1.3115218332e+01 6.4851004498e-03 7.2127283106e-03
5.8756239069e+01 5.6724616999e+01 5.0256627071e+01 9.6542287080e-01 1.8359239648e-01 9.2059812870e+02 3.6391373245e+00 9.2870447906e-01 8.5046339366e+00 1.1157043751e-02 1.0000000000e+00
4.4001007939e+01 2.8228661094e+01 3.0531533490e+01 6.4154578306e-01 6.6881230278e-02 3.1118995053e+02 4.6690739894e+00 8.6621323910e-01 9.4190796235e+00 1.4805353341e-02 3.0678032637e-02
3.3156366433e+01 2.7512102791e+01 2.6270105823e+01 8.2976832961e-01 9.3931072084e-03 4.1918727718e+01 4.4887182169e+01 6.1537434403e-01 1.5640604597e+01 7.2056558553e-03 7.4623257277e-03
4.6203540492e+01 4.2246792100e+01 3.8453998238e+01 9.1436265815e-01 2.2859610352e-02 1.0305079348e+02 5.9922121567e+01 -9.1007398574e-01 9.2102448250e+00 5.0536142964e-03 5.1862496766e-03
3.6638580085e+01 3.4099732473e+01 3.0766835150e+01 9.3070562216e-01 8.3428131156e-02 3.9262203546e+02 3.6333250496e+00 -7.8055046202e-01 8.2850406823e+00 1.6032631672e-02 1.0000000000e+00
4.8387330371e+01 4.7716615714e+01 4.1830449686e+01 9.8613863067e-01 2.3496762911e-02 1.0597313984e+02 7.7956539643e+00 -8.0342072953e-01 2.7802668789e+01 1.0297674410e-02 1.3488118850e-02
4.7124805653e+01 4.3971248617e+01 3.9623342539e+01 9.3308074181e-01 7.9272676706e-02 3.7201113407e+02 1.4409546931e+00 9.6339676157e-01 1.1505252122e+01 1.9408878384e-02 1.0000000000e+00
3.8848761506e+01 2.2921260721e+01 2.5799652476e+01 5.9001264990e-01 9.3329743631e-03 4.1648476005e+01 5.3200664957e+01 -8.7642119787e-01 1.9015013768e+01 6.8378827045e-03 7.0412770040e-03
5.3489300764e+01 4.1303812846e+01 4.0850641529e+01 7.7218831160e-01 7.5544249399e-02 3.5360970580e+02 2.5921125490e+00 -5.4603198355e-01 9.0341286531e+00 1.5312058165e-02 1.0000000000e+00
1.1315751557e+01 9.8983044225e+00 9.2091974377e+00 8.7473681022e-01 7.5288284985e-03 3.3551535899e+01 5.8122548986e+01 -9.7594978446e-01 8.8868998313e+00 1.2607151086e-02 1.2948795176e-02
6.6489219392e+01 5.3308802360e+01 5.1765470615e+01 8.0176610354e-01 4.2780155538e-02 1.9568237086e+02 7.4052086342e+00 -4.3116198937e-01 1.2761180125e+01 9.0823592887e-03 1.2154056978e-02
3.7503626641e+01 2.7219691069e+01 2.7743530146e+01 7.2578823722e-01 5.3518292935e-02 2.4668692680e+02 1.5462924452e+00 7.8393374325e-01 9.0316016316e+00 2.3977781821e-02 1.0000000000e+00
5.0488457521e+01 3.7090718120e+01 3.7583241630e+01 7.3463757741e-01 1.1322945309e-01 5.4353761330e+02 3.7866984995e+00 -7.9174961431e-01 8.1282778681e+00 1.3695760175e-02 1.0000000000e+00
1.1051847241e+01 7.4775917039e+00 7.8839800906e+00 6.7659202494e-01 4.2817985836e-03 1.9034351037e+01 5.3670968719e+01 8.7249136267e-01 1.1915559394e+01 1.4343091242e-02 1.4765785753e-02
3.1349620318e+01 2.6294171921e+01 2.4974946196e+01 8.3873972488e-01 8.0552483191e-03 3.5911821223e+01 1.1372803159e+02 5.4341678737e-01 8.7973968393e+00 5.2523343199e-03 5.3233324224e-03
3.3964759193e+01 3.0583748743e+01 2.8050093460e+01 9.0045533871e-01 2.3886163291e-02 1.0776047808e+02 1.6896901815e+01 5.8033983757e-01 9.8074731224e+00 9.8884186760e-03 1.0942649250e-02
7.6730936204e+01 6.3377379616e+01 6.0652692258e+01 8.2596906478e-01 9.1259245143e-02 4.3175428690e+02 8.8905589258e+00 -7.2523877198e-01 9.2722782114e+00 7.4659672702e-03 9.3416812597e-03
3.2352265725e+01 2.2501469241e+01 2.3411438837e+01 6.9551447903e-01 5.5947949703e-02 2.5833028496e+02 3.0447178812e+00 -8.2772780041e-01 8.7193326114e+00 2.0650066793e-02 1.0000000000e+00
8.3579549603e+01 7.6351947263e+01 6.9528888396e+01 9.1352427269e-01 2.1793601226e-01 1.1146633955e+03 2.0808312601e+00 -9.7515356837e-01 9.9565331954e+00 1.1033500534e-02 1.0000000000e+00
6.2291287684e+01 5.6453983775e+01 5.1611903518e+01 9.0629020323e-01 1.7989733700e-01 9.0009973102e+02 3.4590772159e+00 -8.6473700399e-01 8.2690793689e+00 1.1205708885e-02 1.0000000000e+00
3.6433402318e+01 3.2450983302e+01 2.9923500486e+01 8.9069318914e-01 4.7913169531e-02 2.1997065055e+02 7.0960121632e+00 -6.8650084936e-01 8.4366368737e+00 1.2959233111e-02 1.7687183720e-02
8.5101574042e+01 7.4242708951e+01 6.9165185242e+01 8.7240112520e-01 1.5667829404e-01 7.7302969456e+02 6.0631605146e-01 -8.1471481566e-01 8.3403601785e+00 1.8153944857e-02 1.0000000000e+00
2.6830842923e+01 2.3184493213e+01 2.1700938489e+01 8.6409857787e-01 1.5845587406e-02 7.1058909775e+01 7.6463793501e+00 9.9035306840e-01 2.2954610191e+01 1.5705740549e-02 2.0732714431e-02
9.6276592713e+00 8.3839079883e+00 7.8175384928e+00 8.7081477980e-01 1.0850620521e-02 4.8476592942e+01 9.0485302458e+00 9.4263518618e-01 8.4414677760e+00 2.7996635664e-02 3.4844621439e-02
4.8994477165e+01 3.8525974521e+01 3.7767526821e+01 7.8633300629e-01 4.0295919095e-02 1.8398884035e+02 9.0603034625e+00 -3.7294519654e-01 8.0535785380e+00 1.0269991007e-02 1.2777102582e-02
8.1150115561e+01 7.0844646052e+01 6.5976911622e+01 8.7300733416e-01 3.9342546611e-02 1.7951188302e+02 1.6016922193e+01 6.4853775434e-01 1.4193619279e+01 5.8561125251e-03 6.5223499141e-03
7.4612680702e+01 7.0277645674e+01 6.3033297975e+01 9.4189948697e-01 1.2102726084e-01 5.8391035061e+02 5.0098254196e+00 -5.8193429367e-01 8.7279433815e+00 8.8868099644e-03 1.6202685539e-02
3.2172889013e+01 2.1507718101e+01 2.2807997360e+01 6.6850440730e-01 1.4263744400e-02 6.3889281547e+01 4.3717498989e+01 -9.1879298840e-01 1.3032148814e+01 7.9254917364e-03 8.2158735852e-03
4.3927916730e+01 3.5255039773e+01 3.4217694709e+01 8.0256571213e-01 2.7887460904e-02 1.2618447012e+02 3.2993114073e+01 -8.7555977198e-01 1.0358160716e+01 6.7785890411e-03 7.1152058927e-03
2.3026412544e+01 1.8720803392e+01 1.8055310210e+01 8.1301433109e-01 6.3306879260e-03 2.8186458966e+01 2.7400227067e+02 -9.9112288729e-01 8.1928871670e+00 4.6309691497e-03 4.6565783790e-03
5.9138416611e+01 5.8300672543e+01 5.1116771871e+01 9.8583418165e-01 1.2936649587e-01 6.2748483262e+02 3.9401009768e+00 6.8236668541e-01 9.3302451170e+00 1.1033963336e-02 1.0000000000e+00
4.4262839167e+01 4.1734501665e+01 3.7413100051e+01 9.4287900303e-01 5.3343381969e-02 2.4585018023e+02 7.7270999975e+00 -7.5957181510e-01 1.0405219648e+01 1.0880992272e-02 1.4302454001e-02
2.5773438013e+01 1.9160063358e+01 1.9303120640e+01 7.4340347411e-01 1.3060883191e-02 5.8448586464e+01 2.7749329588e+00 -7.8218501206e-01 2.6627192220e+01 2.4754926298e-02 1.0000000000e+00
3.5653054176e+01 3.1997405233e+01 2.9394951659e+01 8.9746603687e-01 3.4011014514e-02 1.5458475450e+02 1.3834419377e+01 6.3698828410e-01 8.4305151997e+00 1.0287543738e-02 1.1692066433e-02
7.0085540454e+01 4.1014249499e+01 4.6344187209e+01 5.8520272846e-01 1.2000816530e-01 5.7861350277e+02 3.9326983309e+00 -7.5976620551e-01 9.7069770936e+00 1.1800528785e-02 1.0000000000e+00
4.8563852367e+01 4.1524790169e+01 3.9069543557e+01 8.5505552268e-01 6.7274427182e-02 3.1310507084e+02 2.0421508151e+00 5.8636069140e-01 9.4647133426e+00 1.7300804073e-02 1.0000000000e+00
5.8547663070e+01 3.8352302788e+01 4.1069165787e+01 6.5506120615e-01 6.0653986112e-02 2.8098969225e+02 1.6350533446e+00 3.8544279883e-01 8.1685253910e+00 1.8298490482e-02 1.0000000000e+00
5.6468303225e+01 4.9931935023e+01 4.6208445730e+01 8.8424712929e-01 1.3280506266e-01 6.4557116895e+02 4.2909800530e+00 -8.2017741542e-01 8.2728638257e+00 1.1360938747e-02 3.1165507060e-02
3.5516197172e+01 2.0988024856e+01 2.3606012729e+01 5.9094234539e-01 2.3438016428e-02 1.0570358217e+02 4.0356233088e+01 8.9529223383e-01 8.3058308409e+00 7.9483438378e-03 8.2656316888e-03
3.8548676546e+01 2.8102138277e+01 2.8581710149e+01 7.2900397096e-01 4.7495617440e-02 2.1798852358e+02 6.6720695970e+00 -7.3743173205e-01 8.7613094227e+00 1.3651260818e-02 1.9239889130e-02
3.5339566531e+01 3.2487323486e+01 2.9492032905e+01 9.1929037831e-01 6.0157296272e-02 2.7859148853e+02 2.5163977921e+00 7.7600414383e-01 9.7722621980e+00 1.9151668770e-02 1.0000000000e+00
3.2547348098e+01 1.8422319933e+01 2.1147235242e+01 5.6601600468e-01 2.9301395692e-02 1.3272022038e+02 4.6630636624e+00 6.0225358887e-01 9.9003624675e+00 1.9056642640e-02 3.9601800687e-02
2.5245561493e+01 2.3499401299e+01 2.1201136914e+01 9.3083298248e-01 1.1407723375e-02 5.0986968830e+01 4.3580501359e+01 -7.1913450662e-01 1.2235780614e+01 8.3201810056e-03 8.6260480631e-03
7.0791162055e+01 6.1761689219e+01 5.7536191272e+01 8.7244915080e-01 1.4668232196e-01 7.1926237940e+02 3.1217219882e+00 -6.5422425075e-01 8.7774431383e+00 1.1076633026e-02 1.0000000000e+00
5.9770442624e+01 4.9252095952e+01 4.7189291321e+01 8.2402093392e-01 3.2653254337e-02 1.4826637225e+02 7.7144464917e-01 -3.8313508036e-01 1.4678382198e+01 2.2610372670e-02 1.0000000000e+00
8.4371798869e+01 5.5795896597e+01 5.9477150690e+01 6.6130979006e-01 1.8010264192e-01 9.0123668952e+02 3.9492488072e+00 8.5116374067e-01 9.9734841288e+00 9.7568380436e-03 1.0000000000e+00
4.3631724583e+01 3.0157899253e+01 3.1471904148e+01 6.9119200632e-01 9.9009975987e-02 4.7085539667e+02 3.2769002102e+00 -9.9378913661e-01 8.8392268316e+00 1.6285238672e-02 1.0000000000e+00
2.8170716856e+01 2.3123222242e+01 2.2197013222e+01 8.2082477206e-01 1.5395307279e-02 6.9016331845e+01 2.8021753727e+01 5.1910351833e-01 8.9657374146e+00 9.5176327527e-03 1.0083537523e-02
4.1949279223e+01 2.7893628644e+01 2.9656046103e+01 6.6493701825e-01 8.6579295872e-02 4.0832301069e+02 3.1081229959e+00 -9.0099539931e-01 8.3679987121e+00 1.7362999319e-02 1.0000000000e+00
7.1754898368e+01 5.1276303332e+01 5.2657217173e+01 7.1460352530e-01 5.4393517806e-02 2.5087680961e+02 4.1743590227e+00 -9.0346791778e-01 2.5799091550e+01 1.1063987440e-02 3.6399145538e-02
2.8040053209e+01 2.1804489142e+01 2.1491727585e+01 7.7761939250e-01 2.8256166452e-02 1.2788749854e+02 3.9386091820e+00 -8.9518719858e-01 1.7559868140e+01 2.0111027206e-02 1.0000000000e+00
5.2828467849e+01 4.8420468014e+01 4.4021020420e+01 9.1656014239e-01 8.3854892945e-02 3.9474482152e+02 3.3366894095e+00 8.0540372347e-01 1.2968024331e+01 1.3229176004e-02 1.0000000000e+00
2.4869014442e+01 2.0153981145e+01 1.9468154136e+01 8.1040530143e-01 2.8038531271e-02 1.2688214649e+02 8.2160667866e+00 8.1412965134e-01 9.2330050156e+00 1.6240070205e-02 2.0856747429e-02
2.9531959059e+01 2.7869910651e+01 2.4973044596e+01 9.4372034703e-01 5.0820276237e-02 2.3380187783e+02 4.1512763185e+00 9.8669816732e-01 1.2056689984e+01 1.7710371315e-02 6.1324169784e-02
2.5450173464e+01 1.5486508815e+01 1.7177661250e+01 6.0850307511e-01 1.6997988662e-02 7.6292649325e+01 1.7420717767e+00 -3.1303486070e-01 8.8193261833e+00 3.1629577894e-02 1.0000000000e+00
6.6027452103e+00 6.5413809256e+00 5.7212383860e+00 9.9070624676e-01 1.6773131586e-03 7.4415162172e+00 2.7973491719e+02 5.4428735381e-01 8.4841947749e+00 9.4515832137e-03 9.5027686217e-03
7.6024720544e+01 7.4174929127e+01 6.5372244978e+01 9.7566855355e-01 9.9661931273e-03 4.4495537609e+01 6.6456553209e+01 4.6900193901e-01 1.2998372975e+01 3.5168708138e-03 3.5997002680e-03
3.2661837786e+01 2.5761993293e+01 2.5217036198e+01 7.8874904290e-01 1.9693089399e-02 8.8567307017e+01 3.8128112248e+00 1.6577142421e-01 1.2931787084e+01 1.8518318762e-02 1.0000000000e+00
3.5783967336e+01 1.3898225949e+01 1.8999779550e+01 3.8839253956e-01 9.7521758419e-03 4.3532976724e+01 3.0955447718e-01 -1.8623993235e-01 9.5475269430e+00 5.7021972272e-02 1.0000000000e+00
2.6006837048e+01 1.3915364043e+01 1.6402361142e+01 5.3506560669e-01 3.0914650234e-03 1.3730345388e+01 1.2724557526e+02 7.5606902199e-01 2.1820546924e+01 6.5693956541e-03 6.6485536298e-03
6.6009211814e+01 5.2233604933e+01 5.1047887540e+01 7.9130781140e-01 1.0543394268e-01 5.0354019093e+02 2.7492267597e+00 6.2726808893e-01 9.7124398489e+00 1.2809219727e-02 1.0000000000e+00
8.0071487189e+01 6.7331769694e+01 6.3873003518e+01 8.4089570529e-01 1.7604107911e-01 8.7878743039e+02 3.6812571450e+00 7.1427562266e-01 9.3742526105e+00 9.6014050353e-03 1.0000000000e+00
3.6227722494e+01 3.5407887376e+01 3.1178759785e+01 9.7736995146e-01 8.1076127336e-02 3.8094301688e+02 2.9414696989e+00 8.2354071917e-01 8.6121357665e+00 1.7234042322e-02 1.0000000000e+00
2.7743099217e+01 2.5917397330e+01 2.3340861396e+01 9.3419257621e-01 2.0227237057e-02 9.1005793709e+01 2.4996338028e+01 -6.3860205213e-01 8.7382012237e+00 9.5986128725e-03 1.0247272578e-02
2.1489305783e+01 1.9844422569e+01 1.7974449371e+01 9.2345573047e-01 2.4883740983e-03 1.1046699589e+01 4.7567962474e+02 7.1538824749e-01 9.5146091073e+00 3.7852402512e-03 3.7972460320e-03
2.7409438374e+01 2.3092857303e+01 2.1885902554e+01 8.4251479316e-01 8.1525696066e-03 3.6348381106e+01 3.1116632503e+01 4.9451472778e-01 1.5482836792e+01 9.2734603589e-03 9.7645140149e-03
1.8381226932e+01 1.4737726261e+01 1.4310923798e+01 8.0178142165e-01 1.8871592731e-02 8.4820724524e+01 6.9506538872e+00 9.6498254871e-01 1.1648024971e+01 2.1076290089e-02 2.9062598356e-02
5.6561769801e+01 4.0788043280e+01 4.1702922642e+01 7.2112388674e-01 1.0887758298e-01 5.2116389729e+02 4.4216188023e+00 -8.1330630512e-01 8.5075272702e+00 1.2138679531e-02 2.9303496527e-02
3.2401512670e+01 3.0457054224e+01 2.7345068416e+01 9.3998865220e-01 3.9403227597e-02 1.7979665951e+02 9.9274083423e+00 7.4138768515e-01 8.5837073034e+00 1.2149764600e-02 1.4742020244e-02
2.7301944917e+01 2.2231543382e+01 2.1424867131e+01 8.1428423687e-01 4.2445909369e-02 1.9410670962e+02 2.6334467830e+00 7.0084354179e-01 8.5236692747e+00 2.3233612747e-02 1.0000000000e+00
8.4441634262e+01 4.3660684358e+01 5.2297015259e+01 5.1705162673e-01 4.5356254421e-02 2.0785059223e+02 2.3408786837e+01 -7.2915529491e-01 8.9455001615e+00 5.8521491637e-03 6.2781701389e-03
3.2109611241e+01 1.6607969950e+01 1.9889955670e+01 5.1722737548e-01 1.1109102254e-02 4.9641084910e+01 4.1109292937e+00 1.9644166856e-01 1.6436334910e+01 2.0991735392e-02 8.1354860176e-02
3.3140231906e+01 3.1830273053e+01 2.8273156425e+01 9.6047224844e-01 1.4837779415e-02 6.6489132070e+01 3.4649378924e+00 1.8807518556e-01 1.9685700761e+01 1.7923718773e-02 1.0000000000e+00
1.1757486768e+01 1.0891462714e+01 9.8498771068e+00 9.2634275757e-01 3.8918933106e-03 1.7295915345e+01 1.4259801078e+02 -7.4720302144e-01 1.0565620390e+01 8.6532568191e-03 8.7460764570e-03
3.9692339552e+01 3.2230247131e+01 3.1103491303e+01 8.1200169843e-01 5.3904009295e-02 2.4853282616e+02 5.8792083836e+00 6.9837739445e-01 8.6782990750e+00 1.3526012975e-02 2.0745493330e-02
3.8872007065e+01 1.9690916529e+01 2.3813168653e+01 5.0655775237e-01 3.3821739368e-02 1.5370323131e+02 7.3748540007e+00 -6.1124216487e-01 8.0896716724e+00 1.4858464390e-02 1.9919839819e-02
1.4916646738e+01 1.3014537522e+01 1.2123893054e+01 8.7248412801e-01 4.0069951826e-03 1.7809002620e+01 4.2853048811e+01 3.8402649355e-01 1.2649585879e+01 1.1927950379e-02 1.2374411584e-02
3.4318721357e+01 2.3689718362e+01 2.4737531536e+01 6.9028557667e-01 9.4065931192e-03 4.1979340043e+01 6.8640454042e+00 3.8267256923e-01 2.3247345757e+01 1.5129135984e-02 2.0997337060e-02
4.4001285642e+01 4.3295094343e+01 3.7996464383e+01 9.8395066669e-01 2.8915649523e-02 1.3093584614e+02 4.8506184011e+01 8.7398341654e-01 8.2015830045e+00 5.4912343304e-03 5.6713474992e-03
6.5260881962e+01 2.7016857311e+01 3.5871808416e+01 4.1398241180e-01 3.8890126102e-02 1.7738942499e+02 1.9582772929e+01 -6.7028838095e-01 8.1367597482e+00 7.9504391166e-03 8.6616804667e-03
6.4485577246e+01 6.4159932969e+01 5.5995995410e+01 9.9495012233e-01 3.4849320860e-02 1.5849187345e+02 2.1522357166e+01 9.9562879102e-01 1.7165156576e+01 5.8235894418e-03 6.2903851826e-03
3.3806595083e+01 3.3282995332e+01 2.9201373118e+01 9.8451190516e-01 2.4859073173e-02 1.1223050137e+02 4.4087206614e+01 9.2122342614e-01 9.1430213412e+00 6.7260700283e-03 6.9702993542e-03
2.5467221326e+01 2.4480113675e+01 2.1735745055e+01 9.6124007251e-01 1.3842382903e-02 6.1982306154e+01 7.5692676756e+01 8.8291043327e-01 9.2757191941e+00 6.6498206968e-03 6.7865973906e-03
4.6283193297e+01 3.6665442398e+01 3.5813461357e+01 7.9219776741e-01 2.8894779503e-02 1.3083933412e+02 1.9395584962e+01 5.3033361024e-01 9.2394766260e+00 8.0356566900e-03 8.7626684907e-03
6.5970434526e+01 6.4257797103e+01 5.6679247781e+01 9.7403931875e-01 1.6214134352e-01 8.0265500556e+02 1.4418227633e+00 -9.4775913697e-01 9.0155354700e+00 1.4813302630e-02 1.0000000000e+00
3.9033301712e+01 2.1958130553e+01 2.5279275584e+01 5.6254863385e-01 1.1840703383e-02 5.2939471733e+01 6.2235113672e+01 -5.0561209320e-01 8.7119204919e+00 6.5198027069e-03 6.6842612208e-03
8.1495521473e+01 7.2933615329e+01 6.7095136741e+01 8.9494016371e-01 9.8975660687e-02 4.7068147437e+02 3.0828091008e+00 8.5029619255e-01 1.9146524685e+01 1.0381648203e-02 1.0000000000e+00
8.5137764394e+01 5.6449203942e+01 6.0098465288e+01 6.6303366484e-01 1.8823130112e-01 9.4643866466e+02 4.0372580267e+00 8.3329341001e-01 9.1080796473e+00 9.5727247489e-03 5.5476693446e-02
5.8021096943e+01 5.7348151260e+01 5.0216356853e+01 9.8840170699e-01 1.0136150903e-01 4.8279085443e+02 3.3743620159e+00 5.0733626947e-01 8.9465893703e+00 1.2011975290e-02 1.0000000000e+00
3.1066877256e+01 2.5169571732e+01 2.4316467174e+01 8.1017385572e-01 3.0049632287e-02 1.3618418714e+02 6.0183080660e+00 6.9196956048e-01 1.1176049059e+01 1.5863305707e-02 2.3896060180e-02
3.6577430726e+01 3.0238043960e+01 2.8925756284e+01 8.2668583769e-01 5.7413360217e-03 2.5550995981e+01 5.6599949552e+01 6.6472842029e-02 1.3096830757e+01 6.2338713769e-03 6.4075847034e-03
3.4130117147e+01 3.0774345357e+01 2.8205970656e+01 9.0167710894e-01 5.2721014805e-02 2.4287446426e+02 1.4235136653e+00 -9.3495685758e-01 1.0776242865e+01 2.4490698049e-02 1.0000000000e+00
6.6824753005e+01 6.4846098687e+01 5.7305301275e+01 9.7039039834e-01 6.6400480061e-02 3.0884971563e+02 1.0599888789e+01 5.8104755627e-01 9.1475030865e+00 7.3470127695e-03 8.7755138076e-03
3.5358836935e+01 2.9954519319e+01 2.8312341976e+01 8.4715793604e-01 2.8007632698e-02 1.2673943780e+02 1.0473643945e+01 4.9638256529e-01 9.1219288451e+00 1.1732794977e-02 1.4052621711e-02
3.5060484629e+01 3.0052813297e+01 2.8241508494e+01 8.5717050450e-01 1.5532462292e-02 6.9638356042e+01 4.2782420212e+01 6.7671683295e-01 1.1070308874e+01 6.9856636961e-03 7.2475978839e-03
3.8904312257e+01 2.9183985170e+01 2.9273247731e+01 7.5014782366e-01 6.7761323361e-02 3.1547791824e+02 1.6192272259e+00 -8.4035032469e-01 8.2765380888e+00 2.2599021500e-02 1.0000000000e+00
4.7050499251e+01 3.5295483411e+01 3.5403120151e+01 7.5016171927e-01 8.0459715134e-03 3.5870211038e+01 1.7240128160e+02 -6.9580152278e-01 8.0321123427e+00 3.6131990378e-03 3.6451470039e-03
4.0455983869e+01 3.6774404527e+01 3.3570623405e+01 9.0899790365e-01 4.8619698426e-02 2.2332711645e+02 6.5303092991e+00 6.3007810153e-01 9.2561288450e+00 1.2436830059e-02 1.7746787639e-02
5.0464610069e+01 4.9627804976e+01 4.3565927022e+01 9.8341798159e-01 1.0932058503e-01 5.2343625342e+02 1.7494709768e+00 -9.0973723710e-01 9.4723583174e+00 1.6718726565e-02 1.0000000000e+00
5.8446937647e+01 5.6613847726e+01 5.0075488343e+01 9.6863668150e-01 8.4656931353e-02 3.9873734702e+02 9.3787980670e+00 -7.2686989021e-01 8.0508344507e+00 8.2802234210e-03 1.0199767792e-02
3.5562586798e+01 2.2551643974e+01 2.4527112975e+01 6.3413958332e-01 6.9701717179e-02 3.2494910451e+02 3.3554880742e+00 -9.7547327392e-01 8.9449147231e+00 1.9184220295e-02 1.0000000000e+00
7.7287021424e+01 5.4820763236e+01 5.6499591366e+01 7.0931396016e-01 9.6395315351e-02 4.5762388799e+02 2.6954907480e+00 -6.6965833038e-01 1.2558070659e+01 1.2173732434e-02 1.0000000000e+00
4.7689195632e+01 4.2193103629e+01 3.9035706775e+01 8.8475184095e-01 5.4786627585e-02 2.5276030408e+02 7.3230638772e+00 -6.7996270736e-01 9.9443601979e+00 1.0802375525e-02 1.4527874198e-02
3.7987506564e+01 3.0306161774e+01 2.9500334945e+01 7.9779286707e-01 1.3526905744e-02 6.0555315273e+01 4.4371588172e+01 -3.9555455058e-01 9.0561713125e+00 6.7137858541e-03 6.9559013136e-03
3.8030887043e+01 3.7936180687e+01 3.3066555967e+01 9.9750975158e-01 4.5535982054e-02 2.0870114045e+02 2.9756313993e+00 -3.0808110706e-01 8.6954438876e+00 1.6889764778e-02 1.0000000000e+00
3.2318382533e+01 2.7323906441e+01 2.5851430712e+01 8.4546020870e-01 1.4133780856e-02 6.3300972614e+01 1.4380590763e+01 -7.0622564512e-01 1.8610973396e+01 1.1120954776e-02 1.2566810644e-02
2.8504880500e+01 2.4016218439e+01 2.2760801377e+01 8.4253005163e-01 1.4238866534e-02 6.3776657590e+01 4.1680427255e+01 -9.6829139269e-01 1.4023128081e+01 8.0791618501e-03 8.3906853868e-03
2.8180942052e+01 2.6614095468e+01 2.3839222367e+01 9.4440048949e-01 8.2370329180e-03 3.6727314970e+01 3.7228224174e+01 4.7338014510e-01 1.5050943350e+01 8.2188190084e-03 8.5767225737e-03
6.4199040325e+01 6.4052102177e+01 5.5824508207e+01 9.9771120958e-01 1.2158462837e-01 5.8680992556e+02 4.2501354620e+00 6.3378368082e-01 9.2032558665e+00 1.0194339834e-02 2.9491334266e-02
3.1296234918e+01 2.0864227053e+01 2.2154826338e+01 6.6666891746e-01 1.6949102268e-03 7.5196881677e+00 1.0959545545e+02 -4.5504328189e-01 3.6412387614e+01 5.7626355298e-03 5.8435450545e-03
3.4065539534e+01 2.5615504762e+01 2.5663957725e+01 7.5194771939e-01 1.8123666795e-02 8.1413585464e+01 3.6205765514e+01 7.9811242493e-01 1.0981906406e+01 7.8827270719e-03 8.2365062143e-03
1.1312413957e+01 1.1234624305e+01 9.8140983376e+00 9.9312351440e-01 2.3650322288e-03 1.0498154446e+01 1.4346412119e+02 -9.6513292743e-01 2.1849079419e+01 8.6615239171e-03 8.7538603061e-03
5.4804513579e+01 4.5557116165e+01 4.3462028309e+01 8.3126576973e-01 3.9402072164e-02 1.7979123683e+02 2.5915698130e+00 6.5477099639e-01 2.1014652569e+01 1.5049642045e-02 1.0000000000e+00
7.9201091374e+01 6.2852009637e+01 6.1339475339e+01 7.9357504482e-01 1.4585749778e-01 7.1485127809e+02 3.5058344981e+00 -7.9854891811e-01 1.1574189345e+01 1.0193651850e-02 1.0000000000e+00
3.2864101214e+01 2.4486974688e+01 2.4642559913e+01 7.4509795744e-01 7.8358473547e-03 3.4927875601e+01 6.3964543778e+01 7.2607526001e-01 1.6635509255e+01 6.5731151252e-03 6.7342312947e-03
8.4708722166e+01 7.4043323462e+01 6.8913539204e+01 8.7409326417e-01 1.3110929148e-01 6.3664302161e+02 4.0482130884e+00 5.9651736856e-01 1.1336834704e+01 9.0534952572e-03 4.7681859444e-02
4.3635603131e+01 4.3410035709e+01 3.7888662303e+01 9.9483065649e-01 7.6241024925e-02 3.5704201039e+02 3.9742582526e+00 7.4644160147e-01 1.1524109404e+01 1.3667464413e-02 1.0000000000e+00
8.3212514354e+01 8.0579608290e+01 7.1283608418e+01 9.6835925361e-01 5.3700953754e-02 2.4756095676e+02 4.7672999529e+00 8.9880030005e-01 3.2875254348e+01 8.7146842843e-03 1.7287886318e-02
4.0046880749e+01 3.7049157971e+01 3.3527549251e+01 9.2514466240e-01 4.3179323070e-02 1.9756502586e+02 2.0745547461e+01 9.6897879817e-01 9.2921392617e+00 8.0951223732e-03 8.7721893895e-03
7.8603306937e+01 5.4186798209e+01 5.6619684075e+01 6.8937046443e-01 3.7108527457e-02 1.6904431604e+02 1.0356625197e+01 -2.2378582917e-01 1.0517773536e+01 7.5983468838e-03 9.1246452057e-03
3.8952008782e+01 3.6729910473e+01 3.2925426563e+01 9.4295292134e-01 9.3423600598e-03 4.1690656018e+01 3.9047625532e+01 -1.2987420917e-01 1.1473447501e+01 6.5931288449e-03 6.8658225406e-03
7.3456728767e+01 4.7871517906e+01 5.1389321668e+01 6.5169683852e-01 8.4156030391e-02 3.9624340899e+02 4.1746018917e+00 9.6130884170e-01 1.7413757463e+01 1.1039824554e-02 3.6301491326e-02
9.8692285742e+00 7.5709473656e+00 7.5119015633e+00 7.6712655996e-01 1.6477708256e-03 7.3102842099e+00 1.3842773834e+02 1.7364713353e-01 9.5675288126e+00 1.0379382063e-02 1.0494139555e-02
4.1926458335e+01 3.2511249762e+01 3.2088876125e+01 7.7543515605e-01 5.7424187851e-02 2.6542312074e+02 2.7301359874e+00 7.4813786668e-01 1.1243041601e+01 1.7649170401e-02 1.0000000000e+00
3.3957468137e+01 2.4002705403e+01 2.4779432881e+01 7.0684614373e-01 1.2730556539e-02 5.6956174573e+01 1.2969631829e+02 -9.7460141828e-01 8.1496538763e+00 5.0099348380e-03 5.0691365039e-03
5.6883903034e+01 4.9679415042e+01 4.6257053946e+01 8.7334750944e-01 1.2081097006e-01 5.8278564370e+02 2.3321264846e+00 9.8348725330e-01 1.0763778679e+01 1.4365466740e-02 1.0000000000e+00
3.0027107027e+01 2.6991573358e+01 2.4776592790e+01 8.9890688882e-01 2.2655258589e-02 1.0211408967e+02 6.3434014400e+00 5.5645317592e-01 1.2537117307e+01 1.5441630104e-02 2.2432178852e-02
1.0521325304e+01 9.5622388439e+00 8.7299119598e+00 9.0884356939e-01 1.3293327428e-02 5.9499205454e+01 5.1888990462e+00 9.9824640936e-01 1.0463606568e+01 3.2140444655e-02 5.5850327202e-02
5.9260745573e+01 2.8522928517e+01 3.5325960910e+01 4.8131234667e-01 2.7741820692e-02 1.2551201396e+02 1.7030597343e+01 9.0756650349e-01 1.5612965553e+01 8.5157573767e-03 9.4150550338e-03
4.1779371725e+01 4.1482838476e+01 3.6241706183e+01 9.9290240048e-01 4.0652571848e-02 1.8566517203e+02 4.4576717572e+00 8.5549957720e-01 1.9346045871e+01 1.3746233370e-02 3.2276872929e-02
3.5872976493e+01 3.4841809437e+01 3.0776471176e+01 9.7125504610e-01 7.5480771092e-02 3.5329716348e+02 4.1706043985e+00 -8.3172529997e-01 8.9971321800e+00 1.5291767951e-02 5.0703272315e-02
7.1271801378e+01 6.7137645235e+01 6.0213955579e+01 9.4199450465e-01 6.5691977515e-02 3.0540347034e+02 1.3119987870e+01 -7.3260709823e-01 1.0120372179e+01 6.5783226620e-03 7.5394968016e-03
5.8035606352e+01 4.4055241821e+01 4.3935736107e+01 7.5910711700e-01 8.1105772460e-02 3.8109000802e+02 1.3619339244e+01 9.9232837785e-01 8.1170032273e+00 7.8285876886e-03 8.9189241236e-03
3.9265299031e+01 3.7070367801e+01 3.3210543407e+01 9.4409997417e-01 7.0801021386e-02 3.3032539362e+02 2.3164451538e+00 9.2698406834e-01 1.1166779804e+01 1.8228335388e-02 1.0000000000e+00
7.1193052280e+01 5.8016705004e+01 5.5890158543e+01 8.1492088267e-01 1.8652735339e-01 9.3693330772e+02 2.6918466769e+00 -9.9421491470e-01 9.5062907816e+00 1.1671957245e-02 1.0000000000e+00
5.9159939295e+01 5.7756456235e+01 5.0886416851e+01 9.7627646213e-01 6.2562209982e-02 2.9021788759e+02 1.5459871673e+01 -9.0597895034e-01 1.0170875609e+01 6.8844759616e-03 7.7024819042e-03
4.9955832521e+01 4.8987351664e+01 4.3065046539e+01 9.8061325759e-01 9.4785337542e-02 4.4949731772e+02 2.7787455962e+00 -8.0494386625e-01 1.0722046820e+01 1.4274758332e-02 1.0000000000e+00
3.5067490822e+01 3.2138210618e+01 2.9219622923e+01 9.1646735666e-01 7.7617396627e-02 3.6383090059e+02 2.1745010429e+00 9.3445626267e-01 8.6291113014e+00 2.0140668659e-02 1.0000000000e+00
9.4295605527e+00 8.9789233415e+00 8.0098766128e+00 9.5221015776e-01 3.8284519264e-03 1.7013152344e+01 4.1480497039e+01 -7.1142829391e-01 1.2212253897e+01 1.5646814424e-02 1.6253257298e-02
2.7905143196e+01 1.2017985228e+01 1.5669842800e+01 4.3067276679e-01 3.6396554986e-02 1.6571519038e+02 3.2803145541e+00 -8.7161714348e-01 8.5516127678e+00 2.6111589448e-02 1.0000000000e+00
2.8532546605e+01 1.8160732571e+01 1.9716665301e+01 6.3649182186e-01 1.6601083942e-02 7.4489067150e+01 2.6968291571e+01 -7.8866932041e-01 1.0229044680e+01 1.0389883658e-02 1.1034622057e-02
3.6446955659e+01 3.6350266220e+01 3.1686797717e+01 9.9734711891e-01 3.3789852749e-02 1.5355474684e+02 1.1171381558e+01 8.4780482281e-01 1.2772646504e+01 1.0636813037e-02 1.2560315442e-02
3.3825016725e+01 1.1150839310e+01 1.6418423692e+01 3.2966249214e-01 1.4893720198e-02 6.6742610323e+01 3.2825987637e+01 8.8319712423e-01 9.5981830160e+00 1.0832882994e-02 1.1373827949e-02
3.3440898741e+01 2.8552015305e+01 2.6883166068e+01 8.5380526179e-01 5.6858920552e-02 2.6270555430e+02 4.9835465191e+00 -8.0866476559e-01 8.4990154440e+00 1.5736491231e-02 2.8919232188e-02
6.9219786285e+01 5.0016605353e+01 5.1088707445e+01 7.2257670873e-01 7.5377499434e-02 3.5278874808e+02 5.8240910219e+00 -6.5164843516e-01 1.0760771425e+01 9.8295021635e-03 1.5191464412e-02
3.4924345067e+01 3.1777081376e+01 2.8994681448e+01 9.0988338692e-01 2.3367084001e-02 1.0537813992e+02 3.5563754174e+01 -9.8176532730e-01 1.1614547625e+01 7.3294987827e-03 7.6648980422e-03
5.2964645655e+01 5.0109069030e+01 4.4844775845e+01 9.4608523120e-01 5.4685663020e-03 2.4332019621e+01 7.7287900439e+01 9.5605548918e-01 3.4226892281e+01 4.2177293201e-03 4.3026242021e-03
2.9930644873e+01 2.6274032640e+01 2.4402324242e+01 8.7783048951e-01 5.7756462451e-02 2.6702150823e+02 2.7025498860e+00 9.1345899426e-01 9.4687920363e+00 2.1019387070e-02 1.0000000000e+00
3.5675715121e+01 3.1903302548e+01 2.9360444276e+01 8.9425824935e-01 7.6228062718e-03 3.3972762811e+01 1.9942757311e+01 3.6148601889e-01 2.2775660795e+01 9.1219651596e-03 9.9207972155e-03
3.6373022203e+01 3.3267713837e+01 3.0276713857e+01 9.1462605586e-01 4.7658984563e-02 2.1876389617e+02 6.8846844440e+00 -9.3842621943e-01 1.1501045810e+01 1.3013191007e-02 1.8032396657e-02
5.1054762896e+01 3.5534353306e+01 3.6958824218e+01 6.9600466812e-01 3.6110935723e-02 1.6438058864e+02 7.7177842733e+00 5.1241605359e-01 1.1181089869e+01 1.1083023456e-02 1.4575095894e-02
3.8293792540e+01 2.5615987781e+01 2.7156276853e+01 6.6893316336e-01 1.9220790320e-02 8.6412753306e+01 1.5362605274e+01 8.8408848920e-01 1.7255651953e+01 1.0487207295e-02 1.1743024300e-02
2.9980338296e+01 2.5590993692e+01 2.4098169014e+01 8.5359255920e-01 2.9122732405e-02 1.3189364269e+02 1.4856082991e+01 -9.6015398158e-01 1.0921330827e+01 1.1374298286e-02 1.2794145903e-02
2.5770487713e+01 2.3298946889e+01 2.1326183743e+01 9.0409413856e-01 2.8250769687e-02 1.2786256475e+02 9.8093193510e+00 9.3142394991e-01 1.0906602122e+01 1.4352367516e-02 1.7467918423e-02
2.8720416208e+01 1.8035268987e+01 1.9707027689e+01 6.2795987551e-01 2.6092812516e-02 1.1790791250e+02 5.6991389950e+00 7.5455891048e-01 1.0912282591e+01 1.8508124700e-02 2.9137685084e-02
3.4121199121e+01 2.9111789139e+01 2.7419982168e+01 8.5318775098e-01 1.6876887346e-02 7.5742239025e+01 1.5085958289e+01 6.5997373132e-01 1.5528037073e+01 1.0510447066e-02 1.1797665072e-02
9.7054944800e+00 9.5923552189e+00 8.3997037278e+00 9.8834276179e-01 1.3430094428e-03 5.9568289362e+00 2.7967223643e+02 -7.7407039085e-01 2.0014168033e+01 7.4370030711e-03 7.4772875603e-03
3.3011857682e+01 2.5607944864e+01 2.5270739091e+01 7.7571959478e-01 9.3979626686e-03 4.1940550407e+01 1.2580009889e+00 1.5567462373e-01 2.0169251592e+01 2.8207535588e-02 1.0000000000e+00
4.0431461322e+01 3.6097028821e+01 3.3246804355e+01 8.9279555181e-01 9.8654101437e-03 4.4042219192e+01 5.6821033553e+00 5.3391581592e-01 4.1966867510e+01 1.3496508781e-02 2.1304316779e-02
2.4505992994e+01 1.9782873780e+01 1.9146001890e+01 8.0726676877e-01 3.1195167068e-02 1.4149458644e+02 1.1511865593e+01 9.5146097997e-01 8.3838104651e+00 1.4432921437e-02 1.6938636988e-02
6.8511107222e+01 5.4349859923e+01 5.3050913103e+01 7.9329997903e-01 1.4700832210e-01 7.2100688300e+02 2.7676226760e+00 9.2959390143e-01 1.0471924353e+01 1.2189012369e-02 1.0000000000e+00
3.2868318785e+01 2.0364268564e+01 2.2395061981e+01 6.1957134763e-01 2.6974594843e-02 1.2197185742e+02 1.9507974893e+01 9.5002302443e-01 9.7304154952e+00 1.0765177423e-02 1.1732555139e-02
3.1557762581e+01 3.1505446590e+01 2.7449844799e+01 9.9834221482e-01 1.5865390520e-02 7.1148772542e+01 9.4268426943e+01 9.8917051049e-01 8.8513324062e+00 5.2865623575e-03 5.3732216250e-03
4.2354932598e+01 1.7861016800e+01 2.3514935765e+01 4.2169862408e-01 2.9602722355e-02 1.3411477101e+02 4.0191427841e+00 -8.5788661528e-01 1.7679273573e+01 1.8852210504e-02 1.4001043511e-01
3.5557797996e+01 3.4179202123e+01 3.0347674337e+01 9.6122943628e-01 4.2143947593e-02 1.9268386283e+02 6.5946747754e+00 -7.6007167409e-01 1.0926972383e+01 1.3249211137e-02 1.8797774732e-02
3.1606156964e+01 2.4428309423e+01 2.4149492854e+01 7.7289717478e-01 1.4954182982e-02 6.7016602169e+01 6.5080320447e+01 8.4358173450e-01 9.6964630660e+00 6.5846179122e-03 6.7431251487e-03
1.1963331733e+01 1.1087414440e+01 1.0024724785e+01 9.2678316433e-01 3.9514273955e-03 1.7561288020e+01 1.0221699559e+02 8.6077234894e-01 1.3694009340e+01 9.6963626730e-03 9.8426043097e-03
3.0910809236e+01 1.5985842229e+01 1.9146049243e+01 5.1716026282e-01 2.1586334085e-02 9.7218890677e+01 1.2586459994e+01 -6.4151500833e-01 8.2966272528e+00 1.4039786033e-02 1.6204813329e-02
3.3935050542e+01 2.2615567106e+01 2.4018513151e+01 6.6643681812e-01 2.8076552811e-02 1.2705776209e+02 4.6298483135e+00 -9.3474825223e-01 1.7692533981e+01 1.7659401210e-02 3.7312128159e-02
4.8065696631e+01 4.1317525561e+01 3.8773100065e+01 8.5960525816e-01 2.8460621335e-02 1.2883224958e+02 8.8806280123e+00 5.5778882852e-01 1.4915742480e+01 1.0251926700e-02 1.2831974307e-02
3.9593758340e+01 3.2831618426e+01 3.1359798191e+01 8.2921197185e-01 1.2024932866e-02 5.3770627749e+01 1.2295226796e+01 -4.6721289601e-01 2.1556109435e+01 1.0466265427e-02 1.2130601869e-02
6.9116066516e+01 6.8521508940e+01 5.9909563661e+01 9.9139769368e-01 1.1276532208e-01 5.4114603067e+02 1.1653488730e+01 9.7279474589e-01 8.2365614018e+00 6.7152536357e-03 7.8620556436e-03
6.9041791184e+01 5.7519844547e+01 5.4814749826e+01 8.3311634245e-01 9.0665066800e-02 4.2877192870e+02 5.8475888146e-01 -8.1083290606e-01 1.0284916779e+01 2.2076814487e-02 1.0000000000e+00
3.1787480714e+01 2.5894988414e+01 2.4950217161e+01 8.1462852145e-01 1.3022858796e-02 5.8276755421e+01 6.6440850566e+01 6.4105262001e-01 8.9158272642e+00 6.4094987121e-03 6.5604926695e-03
3.2692110062e+01 2.8154813536e+01 2.6396700179e+01 8.6121126727e-01 3.5569029763e-02 1.6184991209e+02 4.4876297822e-01 8.4899804010e-01 9.8326018834e+00 3.9761149057e-02 1.0000000000e+00
3.2683196880e+01 2.8264316859e+01 2.6445185343e+01 8.6479657917e-01 1.3375066722e-02 5.9868742981e+01 6.1554144731e+01 -7.2629137291e-01 1.0459729428e+01 6.3588156787e-03 6.5210720351e-03
6.9413694077e+01 4.9209301230e+01 5.0729623148e+01 7.0892785471e-01 5.0424350947e-02 2.3191497245e+02 1.2798386965e+01 8.0179410622e-01 1.2537589193e+01 7.4575473308e-03 8.5827820689e-03
3.7527125110e+01 3.6727189011e+01 3.2318816810e+01 9.7868378950e-01 1.4436989080e-02 6.4673688095e+01 4.0727829126e+01 -8.2865273746e-01 1.6086107340e+01 6.5450231797e-03 6.8037318691e-03
3.5333673491e+01 3.1199405044e+01 2.8893059937e+01 8.8299352887e-01 4.9788989296e-02 2.2888906584e+02 4.4818675924e+00 6.7472133977e-01 9.7326983071e+00 1.5719505855e-02 3.6277564955e-02
3.6246986501e+01 2.5258462978e+01 2.6255758916e+01 6.9684311485e-01 5.4050625667e-03 2.4048300971e+01 9.5277808817e+01 -3.0856864869e-01 1.1397100701e+01 5.4490438826e-03 5.5373919298e-03
3.8380777212e+01 3.4082263953e+01 3.1474729687e+01 8.8800348584e-01 4.7686671097e-02 2.1889531899e+02 8.3431302801e+00 8.9804095184e-01 1.0678442853e+01 1.1818203562e-02 1.5096413374e-02
3.5185242788e+01 2.9595224242e+01 2.8071168901e+01 8.4112604878e-01 3.9520800438e-02 1.8034849831e+02 2.2150725878e+01 9.9861569215e-01 8.5162160703e+00 8.8453843027e-03 9.5312956940e-03
9.2663241015e+00 5.0992397479e+00 5.9317551389e+00 5.5029801376e-01 6.3169109808e-03 2.8124824447e+01 6.9710781997e+00 6.5462756518e-01 8.1629539387e+00 3.6790400762e-02 5.0655804913e-02
7.7874614758e+01 4.6961540056e+01 5.2313631462e+01 6.0304041570e-01 1.0245431603e-01 4.8834893091e+02 3.1859219098e+00 5.7319116068e-01 9.9768539183e+00 1.1956330225e-02 1.0000000000e+00
7.4408293298e+01 5.4198604224e+01 5.5145847439e+01 7.2839466976e-01 1.5488717670e-01 7.6335355027e+02 4.7690020966e+00 -9.1332932204e-01 8.9495244593e+00 9.6600125717e-03 1.9149841674e-02
7.1205197175e+01 3.4355199962e+01 4.2501308533e+01 4.8248163512e-01 2.7305790187e-02 1.2349959226e+02 1.4974029802e+01 -3.1329164022e-01 9.9275812634e+00 7.9635178852e-03 8.9478700660e-03
3.6834165044e+01 3.0813328134e+01 2.9305107687e+01 8.3654205536e-01 4.5094268427e-02 2.0661113648e+02 1.6473280319e+01 -9.1081598297e-01 8.0825074558e+00 9.5899527523e-03 1.0644278886e-02
6.9535610448e+01 6.2499602354e+01 5.7373687232e+01 8.9881431905e-01 7.3175112666e-02 3.4196208801e+02 4.0782095076e+00 8.0689735291e-01 2.0034178439e+01 1.0462369930e-02 4.6087570485e-02
3.2076310930e+01 2.8385379529e+01 2.6258590768e+01 8.8493279639e-01 9.0270219796e-03 4.0273828346e+01 6.2004019503e+01 -8.4715264805e-01 1.7584879204e+01 6.3867426820e-03 6.5484735382e-03
6.9888995164e+01 6.9017510703e+01 6.0461140506e+01 9.8753044797e-01 1.1230059501e-01 5.3875266795e+02 6.7070884583e+00 -8.7753219669e-01 1.0521277053e+01 8.2159713225e-03 1.1545713055e-02
3.4627096061e+01 3.4328579298e+01 3.0014363505e+01 9.9137909911e-01 2.7329405436e-02 1.2360855212e+02 8.2863771787e+00 4.8986355943e-01 1.0857891529e+01 1.2356193354e-02 1.5821132338e-02
4.9974285816e+01 4.4631277624e+01 4.1100604932e+01 8.9308485145e-01 2.1081276865e-02 9.4908593350e+01 5.8805048322e+00 7.3288446201e-01 3.1889194146e+01 1.1589706410e-02 1.7772560185e-02
8.2106420987e+01 7.3241912996e+01 6.7487099072e+01 8.9203636104e-01 2.2530846793e-01 1.1571417002e+03 2.6938203015e+00 9.7485047490e-01 9.8872750610e+00 1.0165204917e-02 1.0000000000e+00
2.7882636755e+01 1.9406173958e+01 2.0184248215e+01 6.9599493506e-01 4.3066366318e-02 1.9703216578e+02 6.2815759639e+00 9.7770710975e-01 8.3522241137e+00 1.7400718726e-02 2.5439280155e-02
3.6992547915e+01 2.4631429742e+01 2.6170521346e+01 6.6584842436e-01 7.9582442744e-02 3.7354386249e+02 3.2391476477e+00 9.3168860892e-01 8.0925798876e+00 1.8560582278e-02 1.0000000000e+00
3.2490840144e+01 2.2273237560e+01 2.3336053875e+01 6.8552359560e-01 3.1427200337e-02 1.4257128277e+02 4.7487442869e+00 -8.5095797262e-01 1.3747805175e+01 1.7774093057e-02 3.5532799312e-02
4.0736178119e+01 3.8989061651e+01 3.4692426084e+01 9.5711142899e-01 5.9439405671e-02 2.7512801840e+02 8.4827649459e+00 9.5316872594e-01 1.0153973902e+01 1.0974884523e-02 1.3940288412e-02
3.7184194699e+01 2.1648927773e+01 2.4521807760e+01 5.8220778877e-01 1.8997456538e-02 8.5394457302e+01 5.2256304752e+00 2.8355138044e-01 1.1460711718e+01 1.6750980861e-02 2.8854092632e-02
7.4291029171e+01 6.4614721455e+01 6.0286027264e+01 8.6975133036e-01 9.6428860492e-02 4.5779337964e+02 5.6470471480e+00 5.0751619981e-01 8.7130676865e+00 8.8585881313e-03 1.4061536502e-02
2.7374699462e+01 1.2841466714e+01 1.6095269792e+01 4.6909982452e-01 1.5300608418e-02 6.8586927848e+01 3.4943326740e+01 -9.0376267993e-01 9.1391020547e+00 1.0711519495e-02 1.1211147070e-02
2.3117284130e+01 2.2721905907e+01 1.9951775697e+01 9.8289685670e-01 4.2334624343e-02 1.9358226464e+02 4.3743411333e+00 9.3328770458e-01 9.7759534434e+00 2.0083321978e-02 5.0489661911e-02
5.0212099261e+01 4.2146122444e+01 4.0016996518e+01 8.3936188816e-01 8.6298729244e-02 4.0692257324e+02 4.1728544647e+00 7.5641280381e-01 1.0051067924e+01 1.2893985517e-02 4.2551945082e-02
3.6873154174e+01 2.9491660570e+01 2.8672009532e+01 7.9981388167e-01 2.7824309417e-02 1.2589286722e+02 2.5751318126e+01 6.9576726294e-01 8.3016199925e+00 8.3082643827e-03 8.8512175352e-03
3.0758534204e+01 1.7591409803e+01 2.0094655895e+01 5.7191963981e-01 3.4439231350e-02 1.5657998222e+02 1.2292963166e+00 -8.0674930518e-01 8.9328881696e+00 3.2335795719e-02 1.0000000000e+00
6.9033653110e+01 5.5236713234e+01 5.3690777747e+01 8.0014182571e-01 7.5700898753e-02 3.5438109361e+02 1.2917214517e+01 -8.6968699350e-01 9.4247966211e+00 7.0670456945e-03 8.1206402434e-03
3.4769839863e+01 3.4042906859e+01 2.9950482108e+01 9.7909300110e-01 3.8434006059e-02 1.7525096140e+02 1.8344133514e+01 8.1130210218e-01 8.3285107304e+00 9.1226306630e-03 1.0004114964e-02
6.1755610622e+01 5.6267899623e+01 5.1306048709e+01 9.1113826026e-01 1.6999971505e-01 8.4556465153e+02 2.3036325656e+00 9.8692704582e-01 8.9048554165e+00 1.3168743431e-02 1.0000000000e+00
5.3936847111e+01 5.2440001013e+01 4.6297711553e+01 9.7224817211e-01 1.4234788976e-01 6.9612593114e+02 3.0720014199e+00 -8.2656938897e-01 8.3811243297e+00 1.2794962595e-02 1.0000000000e+00
5.7835244350e+01 4.4040218755e+01 4.3854211440e+01 7.6147717970e-01 1.0771307662e-01 5.1519624914e+02 2.2754392538e+00 8.9285867464e-01 1.0162058500e+01 1.5100702716e-02 1.0000000000e+00
1.9259364853e+01 1.1390425534e+01 1.2806299196e+01 5.9142269854e-01 1.5228554063e-02 6.8260243643e+01 5.2542448341e+00 -8.8080566968e-01 1.2992625595e+01 2.5147059574e-02 4.3031373166e-02
3.1449828431e+01 2.9414745981e+01 2.6475069679e+01 9.3529114301e-01 3.2420400949e-02 1.4718399599e+02 1.1277406451e+01 8.8612285424e-01 1.1206451113e+01 1.1868852279e-02 1.3987688438e-02
2.7537709411e+01 1.4444914742e+01 1.7185879452e+01 5.2455033664e-01 3.8532232886e-02 1.7571137141e+02 1.5364211479e+00 9.4463841097e-01 8.0555080294e+00 3.2714067917e-02 1.0000000000e+00
7.9692396527e+01 2.4471757114e+01 3.7196798883e+01 3.0707769097e-01 2.6768870954e-02 1.2102326087e+02 2.5267881814e+01 5.5796887105e-01 9.2944786395e+00 7.1157554915e-03 7.5908033592e-03
3.2836558508e+01 2.9510022338e+01 2.7091545121e+01 8.9869412872e-01 2.5187409547e-02 1.1374045351e+02 1.6867853336e+01 6.8178543157e-01 1.0128751976e+01 1.0104158788e-02 1.1183630384e-02
1.0403988583e+01 9.0977480522e+00 8.4657532514e+00 8.7444810031e-01 2.9335617901e-03 1.3027466095e+01 9.1255111211e+01 5.7232604853e-01 1.1388005206e+01 1.1252219275e-02 1.1442951512e-02
3.3462558571e+01 3.1834438591e+01 2.8411565339e+01 9.5134502411e-01 2.3225515373e-02 1.0472871425e+02 6.7154673532e+00 -4.3600439359e-01 1.2124479719e+01 1.3870770151e-02 1.9478811117e-02
6.1214140282e+01 4.3645349333e+01 4.4869609418e+01 7.1299456517e-01 1.9095813066e-02 8.5842875424e+01 1.6373702759e+01 7.7880525202e-01 2.5173597486e+01 7.4818860265e-03 8.3105314392e-03
2.9237784266e+01 2.6062579520e+01 2.4023236410e+01 8.9140063704e-01 4.8346361371e-02 2.2202820823e+02 4.0459167018e+00 9.2286405694e-01 1.1795448024e+01 1.8347597299e-02 9.8394663279e-02
4.6572236316e+01 4.5456489143e+01 4.0054296454e+01 9.7604265415e-01 3.6359125290e-02 1.6554026377e+02 1.0589108903e-01 -6.9469235847e-01 9.3583891814e+00 5.2631875695e-02 1.0000000000e+00
3.9904559449e+01 3.9323514609e+01 3.4484909340e+01 9.8543913659e-01 3.4678434114e-02 1.5769504315e+02 6.1965101082e+00 -7.0993397658e-01 1.4997406954e+01 1.2577490660e-02 1.8556635497e-02
4.7519756435e+01 3.6806678916e+01 3.6348605562e+01 7.7455529399e-01 6.1940257563e-02 2.8720757787e+02 4.2988234302e+00 5.7868673262e-01 9.6422230826e+00 1.3734006243e-02 3.7326979711e-02
4.0526121958e+01 1.5048195810e+01 2.0996981251e+01 3.7132089336e-01 3.6967245291e-02 1.6838342875e+02 5.8493441991e+00 -8.1897322163e-01 8.8935086510e+00 1.7500657461e-02 2.6951807750e-02
7.4862400656e+01 6.4344587672e+01 6.0385581890e+01 8.5950473279e-01 1.1054997974e-01 5.2974854355e+02 8.8098695404e+00 8.4979605766e-01 8.8396590715e+00 7.4304067188e-03 9.3234394355e-03
3.2736862427e+01 2.0594325512e+01 2.2484049058e+01 6.2908672322e-01 9.6565387568e-03 4.3102940495e+01 7.6892794582e+01 8.3674881948e-01 1.2831145846e+01 6.4890856960e-03 6.6203949884e-03
6.0451266148e+01 5.3491571687e+01 4.9485395966e+01 8.8487098941e-01 6.9854142126e-02 3.2569410459e+02 4.2191325399e+00 5.1387559715e-01 1.1774066220e+01 1.1352357024e-02 3.4417526222e-02
7.5985620510e+01 5.9900267848e+01 5.8649084281e+01 7.8831057043e-01 1.5163025718e-01 7.4580549993e+02 1.3867125684e+00 9.1682165734e-01 9.6021610145e+00 1.4797620480e-02 1.0000000000e+00
9.2527640382e+00 8.6503240398e+00 7.7874761284e+00 9.3489080712e-01 3.5101559694e-03 1.5594895079e+01 1.0020621498e+02 -5.9744837609e-01 8.6608650689e+00 1.1442243440e-02 1.1618378133e-02
3.4596557346e+01 3.4199823676e+01 2.9944766608e+01 9.8853256796e-01 3.6031000847e-02 1.6400717563e+02 2.9844013672e+00 -7.0948758540e-01 1.5907087334e+01 1.8052640327e-02 1.0000000000e+00
2.9638021430e+01 2.0589475882e+01 2.1434254930e+01 6.9469805637e-01 1.2318073082e-02 5.5093607093e+01 7.5232322941e+00 4.6292924890e-02 1.0495979879e+01 1.5958909144e-02 2.1210548522e-02
3.8029019564e+01 1.8514054092e+01 2.2808362763e+01 4.8684016324e-01 8.1259172100e-03 3.6228818516e+01 2.6000517269e+01 4.1179865813e-01 1.5668022593e+01 9.6671162288e-03 1.0292072842e-02
3.1387256946e+01 3.1187889483e+01 2.7237248595e+01 9.9364813997e-01 2.5795227943e-02 1.1653756904e+02 1.6034943478e+01 -7.0842801724e-01 1.0466693007e+01 1.0259601971e-02 1.1425212313e-02
4.7871113258e+01 1.8729831076e+01 2.5519276368e+01 3.9125538976e-01 5.2018751871e-02 2.3951972755e+02 3.5561665426e+00 -6.7236560685e-01 9.0912579562e+00 1.8503124070e-02 1.0000000000e+00
7.1029651431e+01 3.6811053513e+01 4.4044756625e+01 5.1824910825e-01 6.3707508050e-02 2.9576765898e+02 2.5484070544e+00 5.0185525634e-01 1.1021670678e+01 1.4803764545e-02 1.0000000000e+00
3.1770802026e+01 2.7476091167e+01 2.5707317414e+01 8.6482208239e-01 3.5518009928e-02 1.6161175066e+02 1.4341149615e+01 9.9788210585e-01 1.0178071561e+01 1.1026628557e-02 1.2465176280e-02
8.0299446802e+01 2.0807452295e+01 3.4103795730e+01 2.5912323339e-01 2.6319655333e-02 1.1895289136e+02 3.3461572364e+01 -6.7451579552e-01 8.6604852878e+00 6.7633600963e-03 7.0940855188e-03
3.3954291051e+01 3.2068872209e+01 2.8724187093e+01 9.4447185366e-01 3.8189014125e-02 1.7410290628e+02 1.3390280565e+00 4.6002769909e-01 8.5499116740e+00 2.4991769363e-02 1.0000000000e+00
1.0217298226e+01 7.8138914745e+00 7.7645660828e+00 7.6477081335e-01 3.0289405046e-03 1.3452007944e+01 2.1227488004e+02 -8.7032334420e-01 1.0434354500e+01 8.6534563516e-03 8.7154085270e-03
7.3977345393e+01 6.0475163767e+01 5.8169013072e+01 8.1748220953e-01 1.3834608600e-01 6.7486131238e+02 1.4606029413e+00 -7.8798617401e-01 9.1253086149e+00 1.4693234848e-02 1.0000000000e+00
3.1958699974e+01 2.6497663212e+01 2.5311136724e+01 8.2912206172e-01 2.8130459110e-02 1.2730676326e+02 3.8968321348e+01 -9.9081807695e-01 8.2730360395e+00 7.6878328831e-03 8.0065012662e-03
2.5778582030e+01 2.4902981262e+01 2.2056480769e+01 9.6603378852e-01 3.0518533909e-02 1.3835684886e+02 2.6804477589e+00 8.9261508489e-01 1.5199827807e+01 2.2828268456e-02 1.0000000000e+00
7.6634722366e+01 6.5767760197e+01 6.1767449937e+01 8.5819793126e-01 7.5580643193e-02 3.5378890595e+02 1.7987931939e+01 9.3067067173e-01 8.8821379680e+00 5.7187501600e-03 6.2843667262e-03
7.4686462875e+01 5.3651928015e+01 5.4957253053e+01 7.1836214957e-01 8.6014430262e-02 4.0550400144e+02 3.3997812359e+00 2.0479694425e-01 8.1205481183e+00 1.1421252819e-02 1.0000000000e+00
4.7413582478e+01 3.8358010778e+01 3.7084003486e+01 8.0900891207e-01 3.6637947754e-02 1.6684355241e+02 3.1626116552e+00 -9.5682869036e-01 2.7180036329e+01 1.5448807807e-02 1.0000000000e+00
2.7367533407e+01 2.7159465715e+01 2.3734047545e+01 9.9239728005e-01 4.8124363071e-02 2.2097361820e+02 1.4118790215e+00 8.5135943109e-01 8.6512223311e+00 2.7439822389e-02 1.0000000000e+00
6.2982474478e+01 6.2853359877e+01 5.4773193641e+01 9.9794999161e-01 1.0241049321e-01 4.8812590637e+02 4.8718525406e+00 -5.0661863199e-01 8.0780005967e+00 9.9075395808e-03 1.8887956659e-02
6.4389747282e+01 5.9080401100e+01 5.3683855584e+01 9.1754360894e-01 1.2365469011e-01 5.9759503105e+02 3.5517727282e+00 -5.2288457520e-01 8.3017988848e+00 1.1161073027e-02 1.0000000000e+00
2.8760831464e+01 2.3555689060e+01 2.2636567835e+01 8.1901975224e-01 3.1040156483e-03 1.3786219606e+01 1.3567903802e+01 -2.4275376029e-01 4.1681622102e+01 1.2434565568e-02 1.4174788908e-02
6.6745153916e+01 5.9677298827e+01 5.4925307300e+01 8.9410684261e-01 2.9267808040e-02 1.3256481256e+02 4.6976994191e+01 9.7700983095e-01 1.0545543454e+01 4.4134247925e-03 4.5631965516e-03
5.2861636119e+01 4.8767246501e+01 4.4193446437e+01 9.2254515906e-01 1.0457512877e-01 4.9915612979e+02 4.7132751042e+00 7.1874440035e-01 8.1190081842e+00 1.1457213069e-02 2.3259674671e-02
3.6126766220e+01 2.8888707610e+01 2.8088657000e+01 7.9964831157e-01 7.0659481667e-02 3.2963274925e+02 3.7665938947e+00 -7.4808486465e-01 8.4388096944e+00 1.6868481136e-02 1.0000000000e+00
4.1869779948e+01 3.9893639442e+01 3.5577120345e+01 9.5280270141e-01 8.3964094083e-03 3.7442468260e+01 9.7071995497e+01 8.8441623949e-01 1.6016160737e+01 4.4669306168e-03 4.5379771660e-03
8.5391005228e+01 3.8585759253e+01 4.9207969660e+01 4.5187147230e-01 1.0828624068e-01 5.1813247575e+02 3.4068051102e+00 7.7281755873e-01 1.1297125386e+01 1.2074270243e-02 1.0000000000e+00
5.9302294537e+01 4.6681016040e+01 4.5738254040e+01 7.8717048649e-01 7.3211845677e-02 3.4214241391e+02 1.3142336930e+01 -9.5610109151e-01 9.1568708872e+00 7.7725830141e-03 8.9057630212e-03
1.7848817062e+01 1.5601991298e+01 1.4520860672e+01 8.7411906592e-01 3.1484152651e-04 1.3953580825e+00 8.9481126899e+02 -4.9504548265e-01 3.1112029899e+01 3.4173603951e-03 3.4231066909e-03
5.5376986668e+01 2.5202544075e+01 3.2034597744e+01 4.5510862168e-01 8.7973542103e-02 4.1528953688e+02 3.7836998279e+00 9.8024192494e-01 1.0346230883e+01 1.5356897449e-02 1.0000000000e+00
1.0251945550e+01 4.6000000000e+00 5.8854788570e+00 4.4869532104e-01 1.4041848375e-03 6.2284602548e+00 2.4923844223e+02 9.2721227099e-01 1.6907494177e+01 9.6982997685e-03 9.7573196684e-03
3.2277904512e+01 2.9540409685e+01 2.6876312147e+01 9.1518982200e-01 3.5953874905e-02 1.6364692405e+02 3.2248203706e+00 -7.2191193684e-01 1.4399396946e+01 1.8762355480e-02 1.0000000000e+00
1.0573225202e+01 8.7554928412e+00 8.3685889700e+00 8.2808156208e-01 3.3418375538e-03 1.4845182529e+01 2.0054993239e+02 -8.1141063903e-01 9.7703527082e+00 8.4338150578e-03 8.4977740873e-03
3.8798361922e+01 3.6594036180e+01 3.2799612303e+01 9.4318508223e-01 3.3235426075e-02 1.5097404741e+02 9.7690150856e+00 -8.1815976626e-01 1.3785468585e+01 1.0950506349e-02 1.3341821193e-02
5.0360448403e+01 3.8415037530e+01 3.8220459013e+01 7.6280173723e-01 1.0156114705e-01 4.8380568407e+02 3.0173637808e+00 7.9154512771e-01 8.6993252448e+00 1.4854910793e-02 1.0000000000e+00
3.3160622108e+01 2.1994381769e+01 2.3412278050e+01 6.6326806829e-01 4.3240671603e-02 1.9785446497e+02 3.8643262954e+00 6.4691173302e-01 9.6831530297e+00 1.9027225145e-02 1.0000000000e+00
3.4288644893e+01 3.0230663969e+01 2.8016950534e+01 8.8165233894e-01 2.3037829999e-02 1.0386793957e+02 4.2931116136e+01 -8.1936470526e-01 8.7118234732e+00 6.9792833053e-03 7.2400084728e-03
4.8786216725e+01 4.6276706516e+01 4.1361236845e+01 9.4856108184e-01 9.7978478053e-02 4.6563052217e+02 5.1801643429e+00 -9.4746319094e-01 9.6493969776e+00 1.1569106681e-02 2.0146528350e-02
3.5663993754e+01 2.3778137701e+01 2.5247932063e+01 6.6672672346e-01 2.7383427861e-02 1.2385782339e+02 2.2665898897e+00 -8.0749074819e-01 1.7523220060e+01 2.2383701579e-02 1.0000000000e+00
3.5787062294e+01 2.9808854264e+01 2.8409751755e+01 8.3295057914e-01 8.5553884773e-03 3.8156008839e+01 6.7046918661e+01 4.2647111795e-01 1.1164663711e+01 5.9060781411e-03 6.0439003851e-03
1.0468686757e+01 7.0858398518e+00 7.4695131832e+00 6.7686043306e-01 7.1916570366e-04 3.1882865086e+00 1.1242774165e+03 -8.1290292304e-01 1.4395202663e+01 4.7516053554e-03 4.7579604516e-03
6.9652498843e+01 5.7844687527e+01 5.5210284936e+01 8.3047540989e-01 9.5116448819e-02 4.5116735173e+02 6.8719594680e+00 8.2023366068e-01 1.0401679231e+01 8.7014241805e-03 1.2069205900e-02
5.7634770090e+01 4.5415085062e+01 4.4475551398e+01 7.8798067539e-01 1.1016630897e-01 5.2777762373e+02 9.9490235164e-01 -8.7947501592e-01 8.1026109090e+00 2.0384952612e-02 1.0000000000e+00
3.0193088702e+01 1.7620427891e+01 1.9936286160e+01 5.8359143264e-01 3.0166600931e-02 1.3672602743e+02 4.5766948059e+00 5.5830027109e-01 8.5760868501e+00 1.9900726588e-02 4.3273413075e-02
3.5182688169e+01 3.0997609047e+01 2.8737473693e+01 8.8104720419e-01 4.2788593232e-02 1.9572215616e+02 4.8420802768e+00 -8.1548143823e-01 1.2489078815e+01 1.5386176564e-02 2.9649006519e-02
3.9002837946e+01 3.5609081210e+01 3.2436392260e+01 9.1298692827e-01 2.7963410009e-02 1.2653520107e+02 3.2711307109e+01 -7.0853122475e-01 8.2737585840e+00 7.0311709314e-03 7.3836228674e-03
7.1341878459e+01 6.9531245612e+01 6.1312510735e+01 9.7462033681e-01 1.7125279957e-02 7.6871298893e+01 3.3923340812e+01 9.7525370964e-01 2.4837958869e+01 4.6898239899e-03 4.9157495152e-03
5.0943640348e+01 2.6830165325e+01 3.1861141000e+01 5.2666368444e-01 3.1085379365e-02 1.4098526551e+02 1.3786915137e+00 1.0805105469e-01 8.1734572750e+00 2.3268752962e-02 1.0000000000e+00
4.1341093386e+01 3.8069440075e+01 3.4530228005e+01 9.2086195496e-01 5.0550446425e-02 2.3251581036e+02 8.7970984067e+00 8.9061697588e-01 1.0923188617e+01 1.0915238402e-02 1.3702301966e-02
2.5513088491e+01 1.1241102597e+01 1.4503799732e+01 4.4060140349e-01 1.4103214759e-02 6.3162624801e+01 1.9978231066e+01 -7.4766498015e-01 8.8461272540e+00 1.4108615079e-02 1.5341577218e-02
4.9374721108e+01 3.1045209555e+01 3.3902116494e+01 6.2876728937e-01 3.8630301768e-02 1.7617110385e+02 9.9032475972e+00 -8.0960362679e-01 1.2165817977e+01 1.0637124774e-02 1.2914623298e-02
2.8664051643e+01 2.6995318824e+01 2.4214079568e+01 9.4178307938e-01 6.7633957817e-02 3.1485706861e+02 4.0091068859e+00 9.3768198135e-01 8.9812591511e+00 1.8112208748e-02 1.7756222058e-01
3.3802926254e+01 2.0187530640e+01 2.2592229833e+01 5.9721251612e-01 1.4493118973e-02 6.4927872668e+01 6.4009837557e+01 -7.0157929837e-01 8.2068237108e+00 6.9095234340e-03 7.0787601411e-03
8.0729905396e+01 6.8186600827e+01 6.4543352989e+01 8.4462629421e-01 3.5439300384e-02 1.6124436661e+02 1.6270407974e+01 -5.4318591215e-01 1.3514109260e+01 5.9161097513e-03 6.5764044142e-03
8.0849201855e+01 3.0325182751e+01 4.2119824347e+01 3.7508326681e-01 3.9159254403e-02 1.7865183644e+02 7.2282849665e+00 3.9573916228e-01 1.0663626176e+01 1.0448455688e-02 1.4135978663e-02
4.1089517357e+01 3.5148100883e+01 3.3063275704e+01 8.5540310871e-01 2.7984128954e-02 1.2663088722e+02 2.5116562705e+00 9.2876374114e-01 2.8142200244e+01 1.8190849729e-02 1.0000000000e+00
7.4452307480e+00 4.6000000000e+00 5.0654562828e+00 6.1784518918e-01 2.3298706632e-03 1.0341797373e+01 6.1937438179e+01 -8.2628656286e-01 1.1652577109e+01 1.7944030582e-02 1.8398936989e-02
4.1057472877e+01 1.7419573162e+01 2.2869714817e+01 4.2427290191e-01 4.6675369968e-02 2.1409807122e+02 2.6686007869e+00 -8.7950591083e-01 1.0328443716e+01 2.2138282157e-02 1.0000000000e+00
6.5642292042e+01 4.2042151072e+01 4.5508299327e+01 6.4047353868e-01 3.9761482917e-02 1.8147844408e+02 5.2970357734e+00 6.5034267492e-01 1.8460250416e+01 1.1181966742e-02 1.8952807562e-02
3.7717441845e+01 3.2795622831e+01 3.0602784875e+01 8.6950814334e-01 8.9865647043e-02 4.2476282326e+02 2.8425448779e+00 9.7793760091e-01 8.8902022454e+00 1.7572024438e-02 1.0000000000e+00
6.5835536744e+01 3.6403943364e+01 4.2251444368e+01 5.5295278454e-01 3.9783143302e-02 1.8158015282e+02 1.1506015239e+01 -6.7780795109e-01 1.2149274641e+01 8.7565630871e-03 1.0277843362e-02
3.0775729045e+01 2.8240910095e+01 2.5660039939e+01 9.1763577896e-01 1.1332821310e-02 5.0649329289e+01 7.5451370484e+01 -6.7730483232e-01 1.0023870705e+01 6.0110580852e-03 6.1351069523e-03
2.1404909970e+01 1.8807666731e+01 1.7459693487e+01 8.7866133318e-01 2.0948075568e-02 9.4299569479e+01 1.1977814994e+01 7.6019638225e-01 8.9193373716e+00 1.5157548758e-02 1.7652819840e-02
7.8577623073e+01 7.6517141276e+01 6.7501767811e+01 9.7377775357e-01 9.8531997684e-02 4.6843347536e+02 6.4726878508e+00 -4.8373638390e-01 8.6035280884e+00 7.8331074295e-03 1.1237050846e-02
3.3845646894e+01 9.0519434410e+00 1.4630535123e+01 2.6744778935e-01 3.2851118611e-02 1.4918638766e+02 3.7300341026e+00 8.5310040139e-01 8.7884649888e+00 2.6029584311e-02 1.0000000000e+00
7.8525260469e+01 7.1441895781e+01 6.5189579911e+01 9.0979508191e-01 1.0859245045e-01 5.1970194862e+02 5.0287291523e+00 8.0514569754e-01 1.3032139908e+01 8.7504439864e-03 1.5865875366e-02
3.4409176485e+01 3.3977897527e+01 2.9766492570e+01 9.8746616452e-01 5.6891325429e-02 2.6286128815e+02 4.7501892725e+00 9.7709125867e-01 1.1852881293e+01 1.5033337295e-02 3.0035365828e-02
3.6104503317e+01 2.1462226020e+01 2.4071733811e+01 5.9444734167e-01 2.7131365611e-02 1.2269491790e+02 2.6733502391e+01 8.4635829451e-01 8.3267629596e+00 9.1425310326e-03 9.7154407944e-03
2.5223167658e+01 2.2024560659e+01 2.0509163244e+01 8.7318773590e-01 3.5877312671e-02 1.6328934399e+02 4.2453731928e+00 -9.5206608187e-01 1.2480234803e+01 2.0040895614e-02 5.8371440454e-02
5.8577866206e+01 4.9251002547e+01 4.6724231183e+01 8.4077836454e-01 6.2519657103e-02 2.9001184933e+02 1.4322842523e+00 4.2502853605e-01 9.4849107046e+00 1.7720881673e-02 1.0000000000e+00
3.4972740046e+01 3.3761520201e+01 2.9912749872e+01 9.6536674439e-01 2.1390427752e-02 9.6322549631e+01 4.2535370473e+01 -8.8576916164e-01 1.0642362232e+01 6.7295238058e-03 6.9834228440e-03
3.7004350629e+01 2.9627317908e+01 2.8789288859e+01 8.0064417843e-01 1.4331953656e-02 6.4198091209e+01 2.2828615879e+01 -1.0642260212e-01 8.6472952464e+00 8.7419636772e-03 9.3968423776e-03
6.6648616269e+00 4.6000000000e+00 4.8037921602e+00 6.9018687221e-01 1.7447386553e-03 7.7410538037e+00 5.0189432928e+02 8.8938359014e-01 8.0754112775e+00 8.4669663783e-03 8.4924109385e-03
3.9201848295e+01 1.2976702092e+01 1.9071468067e+01 3.3102271083e-01 2.5412455696e-02 1.1477580701e+02 1.1406642213e+01 9.2053770021e-01 9.9254829966e+00 1.4569171806e-02 1.7130144827e-02
1.0797014792e+01 9.9093932904e+00 9.0030467072e+00 9.1779010042e-01 3.1440275196e-03 1.3964355877e+01 1.1071431746e+02 5.5253461987e-01 1.0402358559e+01 1.0069289468e-02 1.0209200592e-02
6.2402321910e+01 5.5736418794e+01 5.1324581725e+01 8.9317860440e-01 6.2270622774e-02 2.8880627173e+02 5.1300289880e+00 -9.2809455016e-01 1.9070788427e+01 1.0357988920e-02 1.8266770827e-02
8.1116447673e+01 7.1400924145e+01 6.6225278174e+01 8.8022745317e-01 7.3906796036e-02 3.4555558494e+02 1.4894568018e+00 -8.3876200552e-01 2.0700034147e+01 1.3948942604e-02 1.0000000000e+00
3.0959071545e+01 2.3994208074e+01 2.3688517704e+01 7.7502996299e-01 4.3898269979e-02 2.0095851153e+02 4.4490876205e+00 7.2111285337e-01 9.1348405430e+00 1.7909010605e-02 4.2320330132e-02
7.2334537409e+00 6.5952302387e+00 6.0115883125e+00 9.1176780483e-01 3.7478398423e-03 1.6653897587e+01 6.9659451541e+01 8.6127074593e-01 8.9936180781e+00 1.5414149418e-02 1.5759796835e-02
4.1181098252e+01 3.2591748703e+01 3.1849604508e+01 7.9142495191e-01 4.4267907691e-02 2.0270453426e+02 1.9500608373e+01 -9.7073752961e-01 8.8905108419e+00 8.5497850875e-03 9.3184242561e-03
2.7902369608e+01 1.6328448870e+01 1.8450435244e+01 5.8519936118e-01 9.2736778836e-03 4.1382006970e+01 1.2205221283e+02 8.6573659050e-01 9.0800671203e+00 6.1759873080e-03 6.2536448970e-03
4.1943055331e+01 4.0666335736e+01 3.5952672519e+01 9.6956064396e-01 2.0236342086e-02 9.1047376375e+01 1.4664805528e+01 3.0802207543e-01 1.1353115977e+01 8.9494665089e-03 1.0084826012e-02
3.8959015123e+01 3.3200921961e+01 3.1289284981e+01 8.5220126473e-01 4.8436715948e-02 2.2245752337e+02 8.4157271001e+00 9.1413126517e-01 1.0584226729e+01 1.1818169483e-02 1.5051637345e-02
4.2653010828e+01 4.0492497207e+01 3.6176520539e+01 9.4934675000e-01 1.2687578438e-01 6.1442736679e+02 3.7681670459e+00 9.4816638817e-01 8.2199998603e+00 1.3945454163e-02 1.0000000000e+00
3.0425742598e+01 2.7876369803e+01 2.5348343536e+01 9.1621000580e-01 4.0385798142e-03 1.7949812483e+01 1.4642426974e+02 -5.1256126483e-01 1.3884388589e+01 4.7451872228e-03 4.7947310551e-03
7.8490453717e+01 7.5219828158e+01 6.6888109607e+01 9.5833091282e-01 5.7352216917e-03 2.5523666234e+01 1.1903371161e+02 -3.6454903215e-01 1.1198414856e+01 2.7935029768e-03 2.8295407612e-03
3.5385841735e+01 3.5261252111e+01 3.0750876288e+01 9.9647911090e-01 6.5917153070e-02 3.0649840867e+02 3.6525195839e+00 7.1047522184e-01 9.6058231451e+00 1.6170015774e-02 1.0000000000e+00
4.8172445961e+01 4.7988683902e+01 4.1856471172e+01 9.9618532845e-01 1.7336530826e-02 7.7831856436e+01 3.4364977464e+01 8.1027634839e-01 1.7279003160e+01 5.9239336759e-03 6.2053152528e-03
2.9800282354e+01 2.6945349877e+01 2.4662439669e+01 9.0419780444e-01 1.8802406987e-02 8.4505395826e+01 2.6359324461e+01 -6.4824470509e-01 9.8635304640e+00 9.0989575868e-03 9.6782088528e-03
4.9865228381e+01 2.9643855604e+01 3.3247282297e+01 5.9447949135e-01 6.6042725722e-02 3.0710915723e+02 4.8219956683e+00 7.2962619690e-01 8.9098951643e+00 1.3875669941e-02 2.6939401526e-02
6.7477280144e+01 4.7287108551e+01 4.9020616328e+01 7.0078563407e-01 6.6312152771e-02 3.0841990758e+02 3.1767769654e+00 -8.6734683206e-01 1.9644550605e+01 1.2728032256e-02 1.0000000000e+00
3.8585105338e+01 3.1484441284e+01 3.0311229104e+01 8.1597396220e-01 4.0233397385e-02 1.8369506238e+02 3.8192941861e+00 -7.0372494439e-01 1.5319165616e+01 1.6291764119e-02 1.0000000000e+00
3.8186028799e+01 3.7450989595e+01 3.2921058920e+01 9.8075109596e-01 3.6594631982e-02 1.6664104991e+02 2.0924146521e+01 -7.4277616466e-01 8.3982333709e+00 8.1940972898e-03 8.8726629087e-03
2.9487385495e+01 2.6990457952e+01 2.4554567641e+01 9.1532217927e-01 5.1678431079e-02 2.3789514101e+02 4.6960656125e+00 8.1287224176e-01 8.6880537313e+00 1.7080905812e-02 3.4947602660e-02
4.3509345471e+01 3.0799940346e+01 3.1773922929e+01 7.0789252315e-01 2.8337478440e-02 1.2826319431e+02 2.5116147991e+01 -9.3453962682e-01 1.1818309440e+01 7.8624752565e-03 8.3909506687e-03
4.4586517293e+01 4.2841792289e+01 3.8046288145e+01 9.6086877580e-01 3.1746883602e-02 1.4405527797e+02 1.1939935066e+01 4.6501324486e-01 1.0276094470e+01 9.2654516602e-03 1.0797195746e-02
2.2796162341e+01 2.1422345429e+01 1.9236073991e+01 9.3973472851e-01 1.3840271795e-02 6.1972754810e+01 7.7043331012e+00 8.7323651373e-01 1.9987997110e+01 1.6907965887e-02 2.2251062064e-02
4.8831793190e+01 2.2463414755e+01 2.8411554817e+01 4.6001617569e-01 7.1354389854e-02 3.3303458737e+02 4.4650240385e+00 9.9561543695e-01 9.5610812601e+00 1.5707035341e-02 3.6683846720e-02
3.5155672387e+01 1.9755713669e+01 2.2755186421e+01 5.6194953269e-01 4.5442249441e-02 2.0825753147e+02 3.3983717759e+00 9.1140462298e-01 1.1590173187e+01 2.0298146459e-02 1.0000000000e+00
7.3777682501e+01 6.9687374249e+01 6.2416331446e+01 9.4455900330e-01 8.2568630954e-02 3.8835015805e+02 2.6034936371e+00 -6.9101051075e-01 1.6751365346e+01 1.1681295199e-02 1.0000000000e+00
3.9433072647e+01 3.0147363933e+01 2.9961844633e+01 7.6451977767e-01 1.1857773070e-02 5.3016472481e+01 1.2446872096e+02 9.4221072988e-01 9.2880173318e+00 4.5208296800e-03 4.5765463832e-03
3.4017641762e+01 3.1127265148e+01 2.8322462307e+01 9.1503301039e-01 1.7380777872e-02 7.8033085460e+01 5.2682907952e+01 -6.4190818420e-01 8.4028474060e+00 6.4422193257e-03 6.6358332838e-03
2.4548235671e+01 2.1166796492e+01 1.9833229852e+01 8.6225327050e-01 3.1822791447e-02 1.4440774688e+02 3.9672279506e+00 9.1651962595e-01 1.4463948887e+01 2.1043305435e-02 1.0000000000e+00
4.9680606596e+01 4.3433391244e+01 4.0420658395e+01 8.7425243409e-01 7.1943516209e-02 3.3592095863e+02 4.3258591012e+00 7.1332242260e-01 1.1101226755e+01 1.2747031270e-02 3.3616306448e-02
3.2433097060e+01 3.2342693806e+01 2.8195267662e+01 9.9721262347e-01 3.6103358404e-02 1.6434518966e+02 1.1476613742e+00 -4.9918963962e-01 8.9136595148e+00 2.6822763263e-02 1.0000000000e+00
5.5428044648e+01 4.3243800106e+01 4.2555274477e+01 7.8017906603e-01 4.8803317107e-02 2.2419994991e+02 1.0297005996e+01 7.4455571495e-01 1.1378464161e+01 9.0390851118e-03 1.0869655947e-02
4.2645086361e+01 4.2385553926e+01 3.7011529017e+01 9.9391413038e-01 8.0496252954e-02 3.7806888980e+02 3.7827271064e+00 7.2379828872e-01 1.0225126427e+01 1.4093494200e-02 1.0000000000e+00
3.5581146877e+01 1.8881943724e+01 2.2342899310e+01 5.3067271243e-01 3.1097522815e-02 1.4104159682e+02 7.6377098310e+00 -7.3935895570e-01 9.3298336589e+00 1.5285688852e-02 2.0187645878e-02
4.1501772328e+01 4.1454369745e+01 3.6108751031e+01 9.9885781786e-01 6.8576982466e-02 3.1945631319e+02 1.0860776985e+00 9.9186398494e-01 1.1270814640e+01 2.3012377029e-02 1.0000000000e+00
5.4213253686e+01 5.3306985879e+01 4.6798907553e+01 9.8328327954e-01 1.6472054175e-01 8.1670016551e+02 3.7221144280e+00 -8.6222643918e-01 8.0712182443e+00 1.1683923140e-02 1.0000000000e+00
2.4241008122e+01 1.0926023803e+01 1.3950203678e+01 4.5072481095e-01 1.4977890301e-02 6.7124040421e+01 2.8464924735e+01 9.3670643596e-01 8.7537251063e+00 1.2651915176e-02 1.3391171744e-02
4.4331713667e+01 3.3443762256e+01 3.3454092449e+01 7.5439813826e-01 8.2525769884e-03 3.6797056698e+01 9.0838910882e+01 6.5308508935e-01 1.3055549486e+01 4.7594542072e-03 4.8405112533e-03
4.3888301633e+01 4.3712927726e+01 3.8130558089e+01 9.9600408536e-01 7.7366998997e-02 3.6259494639e+02 3.9533565538e+00 -8.4389313553e-01 1.2747330994e+01 1.3631243620e-02 1.0000000000e+00
3.9667007390e+01 3.8738542568e+01 3.4125126323e+01 9.7659352486e-01 7.3977348211e-02 3.4590226318e+02 5.9304311475e+00 -8.9734811496e-01 8.8718044196e+00 1.2573900640e-02 1.9153890757e-02
7.0273547416e+01 5.5883341019e+01 5.4483167746e+01 7.9522584349e-01 1.1549417227e-01 5.5522576231e+02 1.5401479739e+00 9.8322749056e-01 1.2423320236e+01 1.5196857449e-02 1.0000000000e+00
5.8025973835e+01 5.6103752186e+01 4.9669392968e+01 9.6687308249e-01 5.6954399070e-02 2.6316443154e+02 1.9244825624e+01 -7.7404274552e-01 8.2860339790e+00 6.4596994344e-03 7.0495132432e-03
7.7269610679e+01 5.9786283338e+01 5.9072673247e+01 7.7373604982e-01 9.6875305278e-02 4.6004975953e+02 2.3341255859e+00 -7.1457248672e-01 1.3445270476e+01 1.2492784069e-02 1.0000000000e+00
4.0356203833e+01 2.8784683350e+01 2.9586668677e+01 7.1326538713e-01 4.7996022600e-02 2.2036408922e+02 1.1189114423e+01 -8.2912568705e-01 8.1818158302e+00 1.1001769345e-02 1.2986964557e-02
3.2163049531e+01 3.0562363347e+01 2.7292152340e+01 9.5023213883e-01 1.4313265144e-02 6.4113477990e+01 3.5256054797e+01 -7.8950214611e-01 1.4735493627e+01 7.6793934376e-03 8.0341373239e-03
8.4371569760e+01 8.0825542585e+01 7.1886338662e+01 9.5797130260e-01 2.3441274459e-01 1.2099894090e+03 3.5861083341e+00 -8.8206352344e-01 9.9528640195e+00 8.7371590202e-03 1.0000000000e+00
6.0964805204e+01 5.1152131568e+01 4.8577091815e+01 8.3904363176e-01 5.9692049759e-02 2.7634652824e+02 3.9483389772e+00 -1.1745757744e-01 9.5681554072e+00 1.1844271101e-02 1.0000000000e+00
4.8501954598e+01 4.0747536071e+01 3.8671873007e+01 8.4012152518e-01 5.3713350792e-02 2.4762028419e+02 1.2785062464e+00 -7.1245530876e-01 1.2007798033e+01 2.0921056709e-02 1.0000000000e+00
1.1833931760e+01 1.1130595480e+01 9.9902642129e+00 9.4056613685e-01 3.1965772206e-03 1.4198328126e+01 9.4271585732e+01 -6.7242222201e-01 1.4036678908e+01 1.0021345918e-02 1.0185613821e-02
2.9869915711e+01 2.7638407991e+01 2.5009330776e+01 9.2529246680e-01 1.5150291036e-02 6.7905449562e+01 6.7060479451e+01 8.0934131305e-01 9.2643059273e+00 6.3694288242e-03 6.5180323042e-03
5.5387226025e+01 5.4963972130e+01 4.8032724881e+01 9.9235827598e-01 1.2130300924e-01 5.8534463755e+02 6.2785551881e+00 -9.3678554949e-01 8.3690628428e+00 9.6757740197e-03 1.4150141353e-02
3.9466449069e+01 3.9358050515e+01 3.4310317326e+01 9.9725339989e-01 4.0191741061e-02 1.8349934113e+02 1.7244598358e+01 -6.8187612361e-01 8.1192578242e+00 8.5672117584e-03 9.4584475674e-03
2.7470583148e+01 2.2363804806e+01 2.1554716608e+01 8.1410011157e-01 2.6865592992e-02 1.2146921311e+02 8.2947229319e-01 -7.7069855680e-01 1.0803494298e+01 3.6033801914e-02 1.0000000000e+00
6.8992788214e+01 3.4810640023e+01 4.2176164597e+01 5.0455476470e-01 3.2135957733e-02 1.4586229679e+02 1.2404531908e+01 -7.6875905228e-01 1.6068032621e+01 8.5620075292e-03 9.9077644784e-03
6.3585942516e+01 6.3463833997e+01 5.5301596605e+01 9.9807963028e-01 1.2969952047e-01 6.2923346251e+02 7.8360090938e-01 -8.7829402695e-01 8.5867390596e+00 1.9245192513e-02 1.0000000000e+00
2.0039828969e+01 7.4145506132e+00 1.0362510416e+01 3.6999071322e-01 8.0195001581e-03 3.5751479612e+01 1.5970459011e+00 -6.1736357660e-01 1.3995762705e+01 4.5065378445e-02 1.0000000000e+00
3.9152458905e+01 3.0992252367e+01 3.0283657301e+01 7.9157869604e-01 7.4469784716e-02 3.4832285807e+02 5.4029082370e+00 9.7308442423e-01 8.6284590446e+00 1.4025999364e-02 2.3255901926e-02
3.1016214481e+01 1.8623210923e+01 2.0788380762e+01 6.0043468344e-01 9.8136543132e-03 4.3809449802e+01 9.9605697361e+01 -7.6395548819e-01 9.4066481430e+00 6.1840855205e-03 6.2798697966e-03
3.7970998048e+01 3.5124151671e+01 3.1787546010e+01 9.2502576905e-01 3.6654804796e-02 1.6692236289e+02 1.2024662901e+01 -6.9837551206e-01 9.7145293122e+00 1.0308878533e-02 1.1997167287e-02
2.7418356066e+01 2.7115534978e+01 2.3736815623e+01 9.8895553446e-01 5.8845894214e-02 2.7226709399e+02 2.2987985605e+00 8.6134514272e-01 8.1530400842e+00 2.2709019905e-02 1.0000000000e+00
4.0701021661e+01 3.4629600719e+01 3.2661593238e+01 8.5082878280e-01 4.5192181864e-02 2.0707431298e+02 6.7915287888e+00 -7.3540828826e-01 1.0707048989e+01 1.2492862622e-02 1.7436487483e-02
9.9190000352e+00 7.0561989287e+00 7.2620669764e+00 7.1138208526e-01 8.7484893413e-03 3.9022926280e+01 4.0989090219e+00 -5.6114227808e-01 9.2262021026e+00 3.9504190902e-02 1.5965418633e-01
3.6944555772e+01 2.0734203281e+01 2.3896786252e+01 5.6122486379e-01 4.8184170763e-02 2.2125769989e+02 2.1744314243e+00 -7.1954409775e-01 8.4076274612e+00 2.3237019085e-02 1.0000000000e+00
7.0458680768e+01 4.8365872080e+01 5.0641070828e+01 6.8644305503e-01 1.0472022444e-01 4.9989649948e+02 3.9417750112e+00 9.1738230905e-01 1.4630059708e+01 1.1250953123e-02 1.0000000000e+00
3.2233216839e+01 1.7950932288e+01 2.0764481073e+01 5.5690787480e-01 1.2998177897e-02 5.8165228407e+01 3.8350272535e+01 -4.7551594549e-01 8.2568164307e+00 8.8343882412e-03 9.2069509915e-03
1.7020395994e+01 1.6331045627e+01 1.4513336647e+01 9.5949857057e-01 1.7361261015e-02 7.7944324068e+01 7.9631618593e+00 6.5322316887e-01 8.6709720547e+00 1.9871796139e-02 2.5815380064e-02
3.4663363595e+01 3.4147468899e+01 2.9950644345e+01 9.8511700418e-01 2.0811281054e-02 9.3674239457e+01 4.6990212642e+01 7.5393553481e-01 8.9169744505e+00 6.4799729781e-03 6.6998082956e-03
7.1755236909e+01 4.6986535583e+01 5.0324041399e+01 6.5481681348e-01 4.1196099970e-02 1.8822144222e+02 2.8961349393e+01 -8.4949891939e-01 9.4366731711e+00 5.5484435048e-03 5.8664813383e-03
3.5282940143e+01 3.1493488918e+01 2.9009930463e+01 8.9259820158e-01 3.1031586665e-02 1.4073574236e+02 3.3171526856e+01 -8.6421553144e-01 8.0365850698e+00 7.4859519164e-03 7.8555101877e-03
2.6689895686e+01 2.4593917921e+01 2.2300196753e+01 9.2146924102e-01 4.6870811563e-02 2.1502466091e+02 1.9376792726e+00 9.4337454263e-01 9.8114428942e+00 2.5355017618e-02 1.0000000000e+00
7.6781332771e+01 7.3623307411e+01 6.5450103087e+01 9.5886988093e-01 6.9158065212e-02 3.2229311354e+02 2.4899707284e+00 -7.1365199892e-01 2.1408610589e+01 1.1621247360e-02 1.0000000000e+00
3.3893298746e+01 1.9483301795e+01 2.2202181891e+01 5.7484229969e-01 1.4462440514e-02 6.4788942460e+01 7.4846618781e+00 -4.2716782260e-01 1.3572132067e+01 1.5621092550e-02 2.0807300223e-02
3.8034712844e+01 3.6332923352e+01 3.2360222210e+01 9.5525693861e-01 3.4439927137e-02 1.5658322514e+02 2.9873705440e-01 6.9006057905e-01 9.8747249424e+00 4.0807440044e-02 1.0000000000e+00
2.7315055920e+01 2.1372333783e+01 2.1002409744e+01 7.8243785572e-01 4.1135475162e-03 1.8284058784e+01 1.7605197274e+02 3.0676788240e-01 8.5095259910e+00 4.9804999033e-03 5.0236098203e-03
2.7396891659e+01 2.4009846838e+01 2.2317749518e+01 8.7637120069e-01 3.6581596379e-02 1.6658011049e+02 4.9310961683e+00 -6.4807161723e-01 8.6873389378e+00 1.7964215560e-02 3.3565189820e-02
3.4961213167e+01 3.4866924583e+01 3.0394429075e+01 9.9730305170e-01 4.7519478197e-02 2.1810176070e+02 4.8456399637e+00 6.2181117537e-01 9.6480568873e+00 1.4810390302e-02 2.8502215547e-02
2.9902245495e+01 2.9128195632e+01 2.5691840995e+01 9.7411398878e-01 4.3016167316e-02 1.9679538450e+02 1.0502209444e+00 9.4428639819e-01 1.0900793255e+01 2.9267563797e-02 1.0000000000e+00
7.9140945840e+01 3.4549314290e+01 4.4767181155e+01 4.3655422516e-01 2.6113759186e-02 1.1800439162e+02 3.1932971173e+01 -7.5572838500e-01 1.1784112285e+01 5.8074296426e-03 6.1063231041e-03
6.4779986494e+01 6.0076505359e+01 5.4300656886e+01 9.2739298988e-01 2.7825379135e-02 1.2589780643e+02 2.8007768330e+01 9.3248090344e-01 1.6291425922e+01 5.4011786296e-03 5.7225033865e-03
4.6018301259e+01 3.7922110593e+01 3.6332863801e+01 8.2406585109e-01 2.5341768210e-02 1.1445056412e+02 6.9693773824e+00 -7.6050442394e-01 2.1889031113e+01 1.1715014350e-02 1.6132105163e-02
7.0267415894e+01 6.9875146413e+01 6.1000306521e+01 9.9441747678e-01 1.5594982053e-01 7.6909206655e+02 7.0373468017e+00 9.4753413502e-01 8.0950880767e+00 7.8338095824e-03 1.0735344242e-02
6.8972612701e+00 5.5807726341e+00 5.3950238859e+00 8.0912878540e-01 2.4676692515e-03 1.0954610564e+01 8.7330180483e+00 6.3267075373e-01 1.6643036497e+01 3.5959965557e-02 4.5245885383e-02
3.4257711483e+01 1.9589358765e+01 2.2378693322e+01 5.7182333310e-01 2.0047939618e-02 9.0187054724e+01 7.6464781192e+00 3.2236702920e-01 8.6156901727e+00 1.5366966053e-02 2.0285399785e-02
4.7832338721e+01 2.6894323926e+01 3.0969502655e+01 5.6226236569e-01 2.4044716671e-02 1.0848852212e+02 4.3219837669e+01 -8.1219102865e-01 8.8736301794e+00 6.5351618617e-03 6.7775518841e-03
3.0349689005e+01 1.4657620040e+01 1.8124832984e+01 4.8295783319e-01 2.3570984729e-02 1.0631373864e+02 3.3699895835e+00 -3.2270777402e-01 8.1991489456e+00 2.3785651214e-02 1.0000000000e+00
6.0747653621e+01 5.7276280804e+01 5.1346231308e+01 9.4285585352e-01 1.0641959225e-01 5.0857720619e+02 7.4019374689e-01 -7.8892120747e-01 8.4289160573e+00 2.0864041817e-02 1.0000000000e+00
2.3537464493e+01 1.8518521642e+01 1.8149055579e+01 7.8676790561e-01 9.6698465180e-03 4.3162775722e+01 1.3153612853e+01 -3.7419264359e-01 1.2166499421e+01 1.4384108876e-02 1.6478878619e-02
6.0561290418e+01 6.0500250683e+01 5.2695088362e+01 9.9899209983e-01 9.7461049164e-02 4.6301201466e+02 3.3351127470e+00 -5.8949810454e-01 1.0891461051e+01 1.1732883681e-02 1.0000000000e+00
4.6150527296e+01 2.8599358002e+01 3.1448335562e+01 6.1969731827e-01 2.6935959638e-02 1.2179368847e+02 1.8978304357e+01 8.7299904326e-01 1.3131116173e+01 8.7975364277e-03 9.6141104535e-03
3.2851648098e+01 1.4741191967e+01 1.8860167002e+01 4.4872001316e-01 4.6050036454e-03 2.0476176888e+01 1.1857824885e+02 -8.9429776751e-01 1.9476986390e+01 6.1759790129e-03 6.2559660182e-03
3.3971714714e+01 3.3068087729e+01 2.9177587794e+01 9.7340060717e-01 2.7904632928e-02 1.2626376674e+02 3.6092018720e+01 9.4251210573e-01 9.3215294434e+00 7.2404435641e-03 7.5665076269e-03
8.0733247172e+01 5.2840972517e+01 5.6606904226e+01 6.5451315744e-01 1.3395757184e-01 6.5164866013e+02 7.6082845198e+00 9.3299215966e-01 8.1797547848e+00 8.0681104047e-03 1.0672510021e-02
3.4337878613e+01 3.2021998305e+01 2.8863701223e+01 9.3255610417e-01 5.1734744300e-02 2.3816391162e+02 5.6220707652e+00 8.1949857036e-01 9.6611999925e+00 1.4431059809e-02 2.3000282389e-02
4.9685409621e+01 3.3233079719e+01 3.5232982014e+01 6.6886999570e-01 5.8359137560e-02 2.6992243834e+02 6.2716214770e+00 -8.1089735352e-01 1.0303154126e+01 1.2180476055e-02 1.7826074391e-02
7.8620336738e+01 7.3830794923e+01 6.6318903321e+01 9.3908011574e-01 2.7575230426e-01 1.4552615369e+03 3.2182986680e+00 9.8452702150e-01 8.4926216892e+00 9.3741857017e-03 1.0000000000e+00
2.9973273461e+01 2.6548004118e+01 2.4548063466e+01 8.8572254719e-01 5.3835420697e-02 2.4820451619e+02 7.5046425896e+00 -9.9490464985e-01 8.0907116380e+00 1.4311271463e-02 1.9040816797e-02
7.9759756450e+01 7.1825812091e+01 6.5872940011e+01 9.0052697360e-01 2.7695625754e-01 1.4625323175e+03 3.0455537959e+00 -9.6575808053e-01 8.1340113567e+00 9.6049248770e-03 1.0000000000e+00
6.4992869852e+01 4.7247830399e+01 4.8119208759e+01 7.2696944306e-01 9.8382170849e-02 4.6767458723e+02 2.4616528511e+00 7.3832796789e-01 1.0696592513e+01 1.3908833876e-02 1.0000000000e+00
1.0530693877e+01 8.1007980803e+00 8.0267798266e+00 7.6925587006e-01 2.5466275798e-03 1.1305809420e+01 1.9692420902e+02 9.5086978957e-01 1.4390167678e+01 8.7202687573e-03 8.7876350631e-03
8.0770179096e+01 7.1168868008e+01 6.5976729374e+01 8.8112802032e-01 2.3403060051e-01 1.2077625409e+03 2.9819783962e+00 9.4410787787e-01 9.2188279106e+00 9.8806067200e-03 1.0000000000e+00
7.7247647826e+01 7.6468608187e+01 6.6907855492e+01 9.8991503740e-01 1.5193434713e-01 7.4744135460e+02 6.8852256857e+00 9.6358774088e-01 9.3740475559e+00 7.4711232617e-03 1.0352322623e-02
3.1023543281e+01 2.7966582788e+01 2.5635548626e+01 9.0146320600e-01 3.5430791844e-03 1.5741561899e+01 2.5829752466e+02 -5.4204667496e-01 9.9899322900e+00 3.8096844359e-03 3.8320467211e-03
5.8149542159e+01 3.2243738635e+01 3.7373845439e+01 5.5449686168e-01 1.1058422859e-01 5.2992452309e+02 1.9656763129e+00 -9.5814013144e-01 8.3711488791e+00 1.7600669462e-02 1.0000000000e+00
3.4976350495e+01 1.4724675134e+01 1.9400774078e+01 4.2098946647e-01 2.5991610412e-02 1.1744182251e+02 1.4323588484e+01 -9.4874791275e-01 9.4635280115e+00 1.3229685263e-02 1.4958307054e-02
3.6856454954e+01 1.0756759743e+01 1.6725207570e+01 2.9185551776e-01 6.8109757160e-03 3.0335944845e+01 1.8476834681e+02 9.9500398107e-01 1.0101596535e+01 5.6297063471e-03 5.6761019470e-03
6.6271487336e+01 6.4837318784e+01 5.7064325245e+01 9.7835919172e-01 4.4098244693e-02 2.0190300329e+02 1.2124594071e+01 -3.2230266621e-01 9.1212722387e+00 7.0974813129e-03 8.2471488618e-03
9.4726965832e+00 5.4416096819e+00 6.2029745175e+00 5.7445201946e-01 1.2618852309e-03 5.5966599848e+00 1.1041588621e+03 9.5893522516e-01 9.0824010235e+00 5.3711416538e-03 5.3784565759e-03
2.8969367678e+01 1.8108645176e+01 1.9830394791e+01 6.2509632165e-01 3.5762220485e-02 1.6275188384e+02 3.0426710736e+00 7.3227679732e-01 9.8442944869e+00 2.3191587316e-02 1.0000000000e+00
3.3674644317e+01 1.8520429785e+01 2.1549963706e+01 5.4998145223e-01 1.4188626888e-02 6.3549231598e+01 4.5133536821e+01 -6.9862130060e-01 9.6049072172e+00 8.1143769846e-03 8.4017339207e-03
2.7034914536e+01 2.1297551015e+01 2.0859553636e+01 7.8777948369e-01 2.1486319442e-02 9.6761256302e+01 2.6691353920e+00 1.9902077009e-01 8.7951209265e+00 2.3806513012e-02 1.0000000000e+00
5.2667936038e+01 4.0549440952e+01 4.0162369430e+01 7.6990753774e-01 7.8303244253e-02 3.6721822236e+02 5.8216957350e+00 7.3592156781e-01 8.6303761834e+00 1.1407146786e-02 1.7635677702e-02
3.6246320740e+01 1.6168852363e+01 2.0743138636e+01 4.4608258254e-01 2.2796571293e-02 1.0276180666e+02 2.4904460574e+01 7.9063556403e-01 8.1471335606e+00 1.0331228862e-02 1.1032305959e-02
1.5296015914e+01 1.1324081230e+01 1.1431595649e+01 7.4032880803e-01 3.4090681991e-03 1.5144613708e+01 9.7749294311e+01 -3.1264912844e-01 9.5519093004e+00 9.0863107169e-03 9.2297979237e-03
3.6745204198e+01 3.6482539503e+01 3.1873980702e+01 9.9285172852e-01 1.5936727258e-02 7.1472506842e+01 4.8357964712e+00 -2.5094012881e-01 1.8996004363e+01 1.4665804245e-02 2.8326550381e-02
4.7176162474e+01 3.5068397845e+01 3.5331468173e+01 7.4334994637e-01 4.6175445327e-02 2.1172904857e+02 5.0810298017e-01 5.7479581600e-01 8.2918800177e+00 3.1429318222e-02 1.0000000000e+00
2.0553462831e+01 1.7080466465e+01 1.6297272395e+01 8.3102621712e-01 1.5953113894e-02 7.1546876081e+01 3.8915459869e+01 -9.7749615236e-01 9.2356207831e+00 1.0203685436e-02 1.0627257694e-02
3.6356208824e+01 3.0091370026e+01 2.8768452292e+01 8.2768173578e-01 1.8556060336e-02 8.3382877770e+01 2.1393471264e+01 -2.8780699029e-01 8.1513696052e+00 8.9382371714e-03 9.6596746044e-03
4.0083255322e+01 3.3472814480e+01 3.1861735359e+01 8.3508223598e-01 4.0849098762e-02 1.8658923718e+02 4.0821306941e+00 -1.8698109134e-01 8.1729356549e+00 1.5396691420e-02 6.6614755028e-02
6.2063560732e+01 3.9193315541e+01 4.2711449502e+01 6.3150285093e-01 4.8720988591e-02 2.2380857352e+02 8.9850122820e+00 5.0901453171e-01 9.1554910569e+00 9.4917998306e-03 1.1838406185e-02
1.8523685557e+01 1.8483644046e+01 1.6108364501e+01 9.9783836151e-01 3.7120616369e-03 1.6494463014e+01 5.1498361450e+01 -8.7505507806e-01 3.1624915416e+01 9.3236367329e-03 9.6106638625e-03
2.8719917609e+01 2.3887063872e+01 2.2782369939e+01 8.3172466568e-01 3.1782721772e-02 1.4422168347e+02 1.4532282627e+01 -8.4768943295e-01 8.4008995322e+00 1.1859150637e-02 1.3380823269e-02
6.9396246033e+01 4.8357166613e+01 5.0267049473e+01 6.9682683685e-01 1.0261101164e-01 4.8914648648e+02 5.5154605939e+00 9.9075131507e-01 1.1727885874e+01 9.9772647952e-03 1.6195726168e-02
3.3061452201e+01 2.8878028641e+01 2.6886865146e+01 8.7346522062e-01 1.8828052180e-02 8.4622275513e+01 4.5031761743e+00 -7.7853784182e-01 2.6055218500e+01 1.6723434627e-02 3.8040836010e-02
4.6827330871e+01 3.7584470521e+01 3.6477416378e+01 8.0261825353e-01 3.6069914013e-02 1.6418895192e+02 2.8031552018e+00 -5.4174072262e-01 1.6347992195e+01 1.6336907716e-02 1.0000000000e+00
3.1787799944e+01 2.2136877936e+01 2.3018053385e+01 6.9639540877e-01 5.2924766946e-02 2.4384838821e+02 2.7742794063e+00 7.5047189237e-01 8.0713794062e+00 2.1649516905e-02 1.0000000000e+00
3.3226764392e+01 2.4636813772e+01 2.4852066005e+01 7.4147495921e-01 4.3156962548e-02 1.9745953618e+02 4.6930878138e+00 -8.6077816253e-01 1.1085499321e+01 1.7043298019e-02 3.4918457012e-02
3.6040480873e+01 1.9488540943e+01 2.2857984666e+01 5.4074031397e-01 1.5055316691e-02 6.7474952192e+01 7.0013877149e-01 3.1547773115e-01 1.1290124387e+01 3.7283949867e-02 1.0000000000e+00
1.0556181646e+01 4.6000000000e+00 5.9654176047e+00 4.3576362687e-01 5.7231671539e-04 2.5369732427e+00 1.8621096348e+03 9.5103602954e-01 1.2918316447e+01 4.5262437827e-03 4.5298952377e-03
6.6820514192e+01 1.2066896616e+01 2.3147372610e+01 1.8058670697e-01 2.9836912016e-02 1.3519902210e+02 3.6903654747e+00 -9.1605096254e-01 1.8367755660e+01 1.9655128077e-02 1.0000000000e+00
2.2685848194e+01 1.7379783463e+01 1.7255407935e+01 7.6610683958e-01 9.6103608804e-04 4.2613638330e+00 5.7832779555e+02 6.2424649453e-01 1.8365934085e+01 3.6121557356e-03 3.6215693237e-03
1.0928708304e+01 1.0102051647e+01 9.1456811879e+00 9.2435916177e-01 6.6973180624e-03 2.9827139252e+01 7.3032218181e+01 -9.7625841414e-01 9.2339563940e+00 1.1628694269e-02 1.1876936956e-02
2.8565776335e+01 1.6128013345e+01 1.8535602491e+01 5.6459215938e-01 2.3553765536e-02 1.0623471770e+02 1.6571405721e+01 9.5933735083e-01 9.5202549641e+00 1.2907366205e-02 1.4316222757e-02
3.3595430794e+01 2.8115110536e+01 2.6733765523e+01 8.3687304706e-01 2.9082369321e-02 1.3170693380e+02 6.9754526717e+00 7.1826349782e-01 1.2559408081e+01 1.4154260170e-02 1.9482488577e-02
2.9448279769e+01 2.6434087719e+01 2.4281728282e+01 8.9764454584e-01 1.6793307036e-02 7.5362420317e+01 8.6915895918e+00 -8.6347151531e-01 2.0780468136e+01 1.3945637360e-02 1.7573390781e-02
3.5292488438e+01 2.0287016361e+01 2.3118377004e+01 5.7482533137e-01 1.4200962351e-02 6.3605070491e+01 8.0943284310e+01 -8.6054968817e-01 8.8200909648e+00 6.2380964412e-03 6.3577855203e-03
7.2415159371e+01 7.1617713882e+01 6.2692796395e+01 9.8898786530e-01 2.7004663096e-02 1.2211052609e+02 4.4149533689e+01 -6.5075783570e-01 8.7046608232e+00 4.1646610561e-03 4.3156554800e-03
3.0570119234e+01 2.5302903004e+01 2.4190233322e+01 8.2770050095e-01 4.2541800619e-02 1.9455867393e+02 8.0342596219e+00 9.9517231194e-01 9.7501391113e+00 1.4173678778e-02 1.8351680633e-02
1.2448738510e+01 9.1759045725e+00 9.2827092985e+00 7.3709513337e-01 7.3911769998e-03 3.2934662313e+01 3.9903129503e+01 9.2930358536e-01 9.7348404320e+00 1.4445998844e-02 1.5029708941e-02
5.5926491376e+01 3.2708380720e+01 3.6969625102e+01 5.8484592749e-01 4.3025873257e-02 1.9684116471e+02 1.1818195415e+01 -5.7465892647e-01 8.5075721270e+00 9.4053827836e-03 1.0981665660e-02
5.1319063426e+01 2.0334096363e+01 2.7545780989e+01 3.9622890608e-01 4.0691535343e-02 1.8584835756e+02 1.1777782807e+01 -8.4355248748e-01 8.8250983557e+00 1.1334731054e-02 1.3243083535e-02
3.2909641013e+01 2.8950444554e+01 2.6859933053e+01 8.7969493627e-01 5.4159846935e-02 2.4975769860e+02 4.3427594296e+00 -9.0456419626e-01 1.0866135841e+01 1.6605480852e-02 4.3032105039e-02
3.4207029047e+01 2.3895306494e+01 2.4809502702e+01 6.9854960104e-01 4.2835015424e-02 1.9594105369e+02 8.5914544274e-01 8.5064576049e-01 9.0028535177e+00 3.2257053451e-02 1.0000000000e+00
6.6495283401e+01 3.0495425698e+01 3.8625071648e+01 4.5861035758e-01 4.7156963512e-02 2.1638175385e+02 3.9080264292e+00 4.3284239923e-01 1.2769481378e+01 1.3824072618e-02 1.0000000000e+00
2.9302913743e+01 2.7444449067e+01 2.4684825272e+01 9.3657747851e-01 4.9823459245e-02 2.2905316216e+02 3.5831352854e+00 -7.5290772923e-01 1.0004906000e+01 1.8862774989e-02 1.0000000000e+00
1.7044794050e+01 1.5796184551e+01 1.4282464600e+01 9.2674540417e-01 1.4176713167e-02 6.3495302770e+01 1.8743777465e+01 9.8259860654e-01 1.1333549447e+01 1.4589027033e-02 1.5963181851e-02
4.4955081011e+01 4.3459562349e+01 3.8478101862e+01 9.6673304488e-01 5.7108814199e-02 2.6390668590e+02 6.5070052644e+00 -9.5281506670e-01 1.3368284855e+01 1.1378092889e-02 1.6270623363e-02
6.5975388729e+01 6.5652564778e+01 5.7294187760e+01 9.9510690340e-01 6.1817812304e-02 2.8661522024e+02 2.9223089359e+00 -2.3409898220e-02 1.0150991010e+01 1.1944640612e-02 1.0000000000e+00
3.5761236789e+01 3.2253722601e+01 2.9557965470e+01 9.0191854357e-01 1.6416866886e-02 7.3652320537e+01 4.2029168741e+01 -7.4254755138e-01 1.1824016077e+01 6.8312108811e-03 7.0922727707e-03
9.4384369121e+00 8.2164589825e+00 7.6626295325e+00 8.7053174789e-01 1.8502479900e-03 8.2098406887e+00 8.1398017922e+01 2.5319227677e-01 1.1201067180e+01 1.2508425821e-02 1.2747034285e-02
7.9286618034e+01 6.9389239397e+01 6.4542698921e+01 8.7516962026e-01 2.3528776901e-01 1.2150912756e+03 3.4822114286e+00 -9.0922973879e-01 8.9199553848e+00 9.4452950149e-03 1.0000000000e+00
3.5349097524e+01 1.9186630598e+01 2.2464150686e+01 5.4277568432e-01 2.9800207164e-02 1.3502906215e+02 4.9674385760e+00 8.6653349994e-01 1.3674044650e+01 1.7915098150e-02 3.3087206827e-02
3.7919888796e+01 3.3247926700e+01 3.0897422176e+01 8.7679388722e-01 5.4104487479e-03 2.4072364010e+01 1.8237835455e+02 -6.3657125636e-01 1.0394107128e+01 3.8582443799e-03 3.8904640774e-03
2.4394038280e+01 1.3279061439e+01 1.5526171454e+01 5.4435683367e-01 1.2083027227e-02 5.4032769203e+01 7.6626370236e+00 6.1560553709e-01 1.3096346593e+01 1.9391150328e-02 2.5575416376e-02
7.0770083789e+01 6.3171683877e+01 5.8188892672e+01 8.9263259976e-01 9.8424470757e-02 4.6788882672e+02 5.2504812970e+00 -9.9901908605e-01 1.5006294865e+01 9.2969317318e-03 1.5922467098e-02
3.3403595380e+01 2.8264078149e+01 2.6730390963e+01 8.4613880117e-01 4.6634192778e-02 2.1390288140e+02 1.5090565713e+00 -7.5526099837e-01 9.4828268008e+00 2.4868868688e-02 1.0000000000e+00
2.0269176126e+01 1.2110767193e+01 1.3550316348e+01 5.9749676642e-01 6.5702483845e-03 2.9258396013e+01 2.3326952505e+01 3.3702397445e-01 1.0019967360e+01 1.3954942088e-02 1.4974885940e-02
4.4565216049e+01 4.3940045583e+01 3.8522999371e+01 9.8597178424e-01 3.5946094979e-02 1.6361058655e+02 2.6545653643e+00 1.1321286991e-01 1.0655492377e+01 1.6116191792e-02 1.0000000000e+00
2.6343771841e+01 2.2900322727e+01 2.1371790295e+01 8.6928792373e-01 4.4283035829e-03 1.9687825858e+01 1.7970353524e+02 -7.1231484282e-01 1.2930380426e+01 4.8877851351e-03 4.9292194295e-03
2.7117835040e+01 2.5853591891e+01 2.3049271723e+01 9.5337964305e-01 2.8587593174e-02 1.2941910345e+02 3.7966398462e+00 -5.1193259491e-01 1.2016545954e+01 1.9513465803e-02 1.0000000000e+00
6.8020962022e+01 6.7435953004e+01 5.8960386996e+01 9.9139957741e-01 6.8509106092e-02 3.1912508477e+02 1.5157366769e+01 -8.0109289121e-01 9.3756166184e+00 6.3037682354e-03 7.0712876846e-03
4.3084563980e+01 4.1611864108e+01 3.6859573457e+01 9.6581838747e-01 7.1154287594e-02 3.3205470023e+02 4.3142094067e+00 5.8702972244e-01 8.6343347173e+00 1.3523257734e-02 3.6117034968e-02
5.7094084565e+01 5.5142509231e+01 4.8844952038e+01 9.6581825684e-01 8.0181425905e-02 3.7650933555e+02 1.4943431255e+01 9.4620451416e-01 8.1767658213e+00 7.0803401744e-03 7.9577525386e-03
2.7825214923e+01 2.2710742971e+01 2.1861593840e+01 8.1619290393e-01 3.2314556870e-02 1.4669211685e+02 1.0048961991e+01 7.7316234050e-01 8.2289593762e+00 1.3969846081e-02 1.6898834458e-02
3.6429725308e+01 3.2811643913e+01 3.0089654587e+01 9.0068326443e-01 3.0098097007e-02 1.3640868200e+02 8.9550904874e+00 -4.0658009609e-01 8.6383604285e+00 1.1962849362e-02 1.4935388702e-02
6.0360974581e+01 5.7848719802e+01 5.1439812687e+01 9.5837948616e-01 1.1887659220e-01 5.7273925975e+02 1.9571507807e+00 8.2392491927e-01 1.0101224969e+01 1.4371783188e-02 1.0000000000e+00
3.6859348079e+01 2.8179584570e+01 2.8006230608e+01 7.6451662980e-01 2.5084125658e-02 1.1326539502e+02 3.9321787484e+00 3.3845148262e-01 1.4132713305e+01 1.7087338315e-02 1.0000000000e+00
3.7028481197e+01 3.6326104003e+01 3.1927681279e+01 9.8103143390e-01 6.9062553463e-02 3.2182668666e+02 4.0807169587e+00 9.6749948061e-01 1.2222993890e+01 1.5123872417e-02 6.5853276218e-02
5.1365334298e+01 4.7059327144e+01 4.2792603865e+01 9.1616900361e-01 4.7602204773e-02 2.1849438856e+02 2.1546230628e+01 -7.9572514636e-01 8.4834378130e+00 6.8340524197e-03 7.3811427944e-03
3.7299290726e+01 2.7760544875e+01 2.7952106568e+01 7.4426468533e-01 6.8219903607e-02 3.1771413731e+02 5.8892337309e+00 9.7325466145e-01 8.1642609815e+00 1.4329356603e-02 2.1947830786e-02
3.5005988298e+01 2.7462292800e+01 2.6952283783e+01 7.8450271326e-01 5.7203287384e-02 2.6436088183e+02 3.3637942941e+00 -8.3183048127e-01 1.0493498900e+01 1.8202808897e-02 1.0000000000e+00
4.3179445688e+01 4.0694625011e+01 3.6489080870e+01 9.4245362262e-01 3.9303088841e-02 1.7932672017e+02 1.4468298053e-01 6.9362271392e-01 8.3614293248e+00 4.9539142707e-02 1.0000000000e+00
2.2453738533e+01 2.1173452757e+01 1.8980023963e+01 9.4298117554e-01 1.7195997217e-02 7.7192817049e+01 1.8066065281e+01 6.8673536901e-01 9.6431472096e+00 1.2360428535e-02 1.3576650335e-02
3.3572998678e+01 2.8170649544e+01 2.6751844980e+01 8.3908648774e-01 1.6463038740e-02 7.3862020012e+01 1.4349003160e+01 1.8634539362e-01 8.8905035636e+00 1.0878881905e-02 1.2297178206e-02
5.8424400635e+01 4.3526695993e+01 4.3805798427e+01 7.4500885793e-01 6.9607173477e-02 3.2448708126e+02 9.0436250364e+00 7.5494506939e-01 8.8985989185e+00 9.2059761537e-03 1.1459607789e-02
7.4542446301e+01 6.0135659523e+01 5.8218636750e+01 8.0673042685e-01 2.4401115887e-01 1.2661684111e+03 4.0360591255e+00 -9.7012172502e-01 8.0020231424e+00 9.4898146638e-03 5.5668703162e-02
7.1625788223e+01 6.5952622458e+01 5.9823364222e+01 9.2079436882e-01 1.2462329979e-01 6.0265022172e+02 3.9492545834e+00 -5.4862907112e-01 9.9529347268e+00 1.0018527062e-02 1.0000000000e+00
3.5125417062e+01 2.4996629707e+01 2.5721424464e+01 7.1163937108e-01 1.2124898541e-02 5.4221720820e+01 2.3977768490e+00 2.8720794039e-01 2.1638753914e+01 2.1866876584e-02 1.0000000000e+00
3.8307461705e+01 2.8714144978e+01 2.8812742104e+01 7.4957054579e-01 3.5335055505e-02 1.6075785641e+02 4.1344499216e+00 8.5094185153e-01 1.7949875515e+01 1.6371864727e-02 5.9162237571e-02
5.5726942829e+01 5.0890539774e+01 4.6350634176e+01 9.1321248199e-01 1.1550613792e-01 5.5528759797e+02 4.6414118466e+00 -7.3079464980e-01 8.0189510751e+00 1.1116605017e-02 2.3350145904e-02
8.5970853310e+01 4.9121720626e+01 5.6136921111e+01 5.7137644602e-01 1.2299562984e-01 5.9415855140e+02 1.8758387937e+00 -9.1785417999e-01 1.1931411357e+01 1.3794493716e-02 1.0000000000e+00
3.6098928005e+01 9.2766679535e+00 1.5260449353e+01 2.5697904249e-01 1.1511113853e-02 5.1453088852e+01 3.5101626532e+00 7.3484907064e-01 2.2590539447e+01 2.6277666080e-02 1.0000000000e+00
3.1185940088e+01 2.9333602480e+01 2.6327851405e+01 9.4060343848e-01 2.7037171141e-02 1.2226045329e+02 3.8087801996e+01 -9.9204662393e-01 9.0213877671e+00 7.5705082804e-03 7.8921463642e-03
3.3674421056e+01 2.8228765508e+01 2.6819619576e+01 8.3828510253e-01 3.2032970655e-02 1.4538388609e+02 2.3852451523e+01 9.7053365298e-01 9.4281426311e+00 8.8921031910e-03 9.5257476676e-03
3.8640101566e+01 3.7138941343e+01 3.2976977227e+01 9.6115019985e-01 3.4625748750e-02 1.5744941435e+02 2.5731717028e+01 7.5706899466e-01 8.1573968762e+00 7.5835687130e-03 8.0795867481e-03
7.0363411341e+01 5.0904583366e+01 5.1965250496e+01 7.2345246479e-01 9.4794248467e-02 4.4954225320e+02 1.3958761230e+00 -9.4829315696e-01 1.3303636511e+01 1.6432351108e-02 1.0000000000e+00
3.2003997229e+01 2.6674080590e+01 2.5414468646e+01 8.3346090799e-01 5.5060717651e-02 2.5407412837e+02 1.2692291519e+00 9.5374601697e-01 8.9625092403e+00 2.7250167353e-02 1.0000000000e+00
6.2702094929e+01 4.9796492130e+01 4.8580174153e+01 7.9417589134e-01 1.5175549125e-01 7.4647913382e+02 3.2639266057e+00 -9.0677091740e-01 9.2654496947e+00 1.2074829290e-02 1.0000000000e+00
3.5326876786e+01 2.3384689777e+01 2.4915945956e+01 6.6195180283e-01 1.6450929489e-02 7.3807021847e+01 2.2932585156e+01 8.5496651143e-01 1.5237489840e+01 9.5394533592e-03 1.0250372546e-02
3.9613154164e+01 3.6779326882e+01 3.3224296778e+01 9.2846246803e-01 1.9060220917e-02 8.5680599498e+01 1.4032121623e+01 -8.8464957060e-01 2.2562692211e+01 9.5656549537e-03 1.0848349493e-02
6.0331549086e+01 5.6444999855e+01 5.0796155539e+01 9.3558015185e-01 9.4004058892e-02 4.4555941941e+02 1.0458512625e+01 8.7471877442e-01 8.2010056915e+00 7.8358914318e-03 9.3883644367e-03
3.5200979048e+01 3.2962919721e+01 2.9650864811e+01 9.3642053751e-01 3.4553152108e-02 1.5711098531e+02 8.0187009372e+00 8.1135004648e-01 1.2625534729e+01 1.2549831034e-02 1.6260906469e-02
3.8385915466e+01 3.2705892602e+01 3.0825833859e+01 8.5202846422e-01 9.7455222856e-03 4.3503056732e+01 4.3979613383e+01 -9.3372991175e-01 2.4606888250e+01 6.5689693340e-03 6.8081174743e-03
3.5614157498e+01 1.6482796044e+01 2.0788811926e+01 4.6281583511e-01 3.3413602530e-02 1.5180318868e+02 5.4096923184e+00 8.3487918565e-01 1.0245551183e+01 1.8172560721e-02 3.0090833356e-02
3.2224561401e+01 3.1943404135e+01 2.7930407537e+01 9.9127506306e-01 5.5453020121e-02 2.5595542868e+02 5.7830984366e+00 7.6434739238e-01 8.0450720066e+00 1.4543298281e-02 2.2609053736e-02
3.0348907456e+01 2.2721123202e+01 2.2812550702e+01 7.4866362932e-01 2.0036853528e-02 9.0136438525e+01 4.6127828990e+00 -8.0600723312e-01 2.0237437862e+01 1.8352322977e-02 3.9123453647e-02
3.2761190904e+01 3.1995604369e+01 2.8184668393e+01 9.7663129714e-01 5.7700262893e-02 2.6675111407e+02 5.3409214654e+00 -9.5252500311e-01 9.9667157105e+00 1.4879212881e-02 2.4983873700e-02
6.9730789439e+00 5.6939894312e+00 5.4798607195e+00 8.1656746998e-01 4.8437856838e-03 2.1541843744e+01 4.6989439947e+00 -7.7896948732e-01 1.3387550398e+01 4.4861944902e-02 9.1666849808e-02
2.6631713401e+01 1.7237306702e+01 1.8564767892e+01 6.4724737919e-01 7.9754670926e-03 3.5553989477e+01 1.9788646884e+02 -9.7568942426e-01 8.4050616708e+00 5.1366210512e-03 5.1761070715e-03
8.2640726071e+01 5.0308374935e+01 5.5790925630e+01 6.0876007904e-01 1.8126096244e-02 8.1424646659e+01 1.2735014379e+01 -3.8251426311e-01 2.2738372135e+01 7.1790626451e-03 8.2692985900e-03
4.0307901251e+01 3.5663620630e+01 3.2994321744e+01 8.8477989484e-01 6.3085148945e-02 2.9275086160e+02 1.5195424620e+00 -9.8338208491e-01 1.1785137858e+01 2.1535199165e-02 1.0000000000e+00
3.4726533151e+01 1.4824467199e+01 1.9407689168e+01 4.2689165471e-01 1.8099828991e-02 8.1305054877e+01 2.5431479266e+01 -9.9612943740e-01 1.1725848679e+01 1.0716519642e-02 1.1426772135e-02
4.8729350500e+01 3.7840222008e+01 3.7322740443e+01 7.7653860803e-01 9.6641592674e-03 4.3137204187e+01 8.4465369068e+01 9.8627597995e-01 1.7639554993e+01 4.5637536793e-03 4.6475420166e-03
2.4354163266e+01 2.3034909205e+01 2.0617698716e+01 9.4583045016e-01 2.3559819307e-02 1.0626249895e+02 2.6676841550e+01 -9.6872677463e-01 9.2322914681e+00 1.0101815989e-02 1.0736343420e-02
3.5110594515e+01 3.0065875520e+01 2.8267607727e+01 8.5631918044e-01 4.5591499565e-02 2.0896391536e+02 7.9059821784e+00 -8.2797285586e-01 9.2959574178e+00 1.2913095681e-02 1.6821509264e-02
7.7172750028e+01 5.3274579503e+01 5.5629270605e+01 6.9032889826e-01 3.9964348338e-02 1.8243114084e+02 2.6406718816e+01 6.6356575854e-01 8.8781504741e+00 5.3991661467e-03 5.7421926426e-03
3.0075761164e+01 2.3934358006e+01 2.3326416135e+01 7.9580223673e-01 2.3108828771e-02 1.0419353121e+02 3.8915509751e+00 7.3908335632e-01 1.9934739686e+01 1.9253893468e-02 1.0000000000e+00
6.4628593351e+01 6.4454841529e+01 5.6186767393e+01 9.9731153330e-01 2.3361758781e-02 1.0535370884e+02 2.3040388052e+01 2.6427474609e-01 1.0361411997e+01 5.7042368895e-03 6.1270694162e-03
8.4187083016e+01 6.1879660516e+01 6.2685307588e+01 7.3502559180e-01 1.2456996468e-01 6.0237172080e+02 6.1185328564e+00 -7.2698723191e-01 8.8361908398e+00 8.2572009905e-03 1.2290297363e-02
8.4080614044e+01 5.3855922286e+01 5.8293716175e+01 6.4052722376e-01 1.9850925767e-01 1.0041086951e+03 1.3846546029e+00 -9.8831430015e-01 8.0014615874e+00 1.4496168831e-02 1.0000000000e+00
3.8609173777e+01 2.6278634079e+01 2.7627612551e+01 6.8063186824e-01 5.3635899193e-02 2.4724964690e+02 1.4297685727e+00 -7.3492086983e-01 8.3110125173e+00 2.4755681717e-02 1.0000000000e+00
1.2466583117e+01 1.1616738542e+01 1.0475040572e+01 9.3183019217e-01 8.4624299322e-03 3.7738765343e+01 2.7720682368e+01 -6.9240005280e-01 8.4278904642e+00 1.5345626588e-02 1.6269095296e-02
1.2693586364e+01 1.1090292891e+01 1.0324282431e+01 8.7369263285e-01 2.4568199018e-03 1.0906357033e+01 5.7682201949e+02 -9.5335962205e-01 9.3068962306e+00 4.9796817372e-03 4.9926932554e-03
3.7701472830e+01 3.7537534960e+01 3.2749587018e+01 9.9565168527e-01 7.1632954173e-02 3.3439911651e+02 4.2673841194e+00 6.4116220773e-01 8.0049635040e+00 1.4615970631e-02 4.1301179938e-02
6.8367245613e+01 6.6140766203e+01 5.8538387117e+01 9.6743353648e-01 1.6655576059e-01 8.2671672262e+02 2.6378312648e+00 -7.4849959301e-01 8.5468621809e+00 1.1547466324e-02 1.0000000000e+00
3.0647841483e+01 2.8992487525e+01 2.5947959828e+01 9.4598791049e-01 2.2619408961e-02 1.0194979138e+02 1.9843030775e+01 -7.6757246504e-01 1.1147153758e+01 9.7820969029e-03 1.0643773232e-02
3.4895286972e+01 3.1316832716e+01 2.8769960507e+01 8.9745164560e-01 3.5714823610e-02 1.6253057400e+02 2.1856165767e+00 -7.0781554948e-01 1.4070163934e+01 2.0807425143e-02 1.0000000000e+00
3.6218463905e+01 1.1854637745e+01 1.7510984352e+01 3.2730923585e-01 1.3950762858e-02 6.2472692743e+01 1.4091055497e+01 -6.4460045820e-01 1.1108262471e+01 1.4296748572e-02 1.6203725546e-02
2.7022810021e+01 1.0355738922e+01 1.4243688685e+01 3.8322213397e-01 2.0228263650e-02 9.1010482132e+01 6.1054790313e+00 8.0118268059e-01 9.5759049860e+00 2.2173076182e-02 3.3053256812e-02
3.6248837771e+01 3.5350797888e+01 3.1162609803e+01 9.7522569169e-01 4.0758393507e-02 1.8616271190e+02 1.2681086099e+01 -6.9857345591e-01 8.3808250459e+00 1.0206391753e-02 1.1764964722e-02
5.9176464154e+01 4.4981617546e+01 4.4830321552e+01 7.6012682051e-01 5.1339384795e-02 2.3627737828e+02 7.7563204980e+00 -9.2576648075e-01 1.5897171514e+01 9.7157894725e-03 1.2751550948e-02
3.5240720906e+01 2.6085399900e+01 2.6335178781e+01 7.4020619413e-01 1.3447086377e-02 6.0194375831e+01 9.4401406237e+00 7.6978936981e-01 2.5019405327e+01 1.2877838540e-02 1.5834563731e-02
3.5117826610e+01 2.6232264460e+01 2.6366653081e+01 7.4697858589e-01 7.4338576564e-02 3.4767774989e+02 4.0071077915e+00 -8.5482090900e-01 8.3751247185e+00 1.7109467730e-02 1.8403381514e-01
8.2067952624e+01 6.4581561687e+01 6.3286803280e+01 7.8692790087e-01 1.0469465169e-01 4.9976600189e+02 9.2613607091e+00 7.2224832773e-01 8.1855001217e+00 7.1051060013e-03 8.7833832374e-03
3.3227092226e+01 2.9213847029e+01 2.7111576205e+01 8.7921768267e-01 3.4938183126e-02 1.5890630616e+02 4.1493743660e+00 9.6256936250e-01 1.8825979800e+01 1.6987678172e-02 5.9091359126e-02
2.8246090226e+01 2.6602589456e+01 2.3861410767e+01 9.4181492883e-01 6.2838741762e-02 2.9155711622e+02 3.6615173187e+00 -9.9558144241e-01 9.9668757115e+00 1.8964685707e-02 1.0000000000e+00
3.4136080994e+01 2.2883817359e+01 2.4234830811e+01 6.7037037332e-01 2.9519475536e-02 1.3372944197e+02 9.3492471587e+00 9.7957763161e-01 1.3033984741e+01 1.3480559057e-02 1.6620320508e-02
4.9588448227e+01 3.8327659726e+01 3.7889772830e+01 7.7291508599e-01 2.5636649466e-02 1.1580757216e+02 3.6719499152e+01 6.0669570088e-01 8.2958902069e+00 6.1183913776e-03 6.3888257367e-03
4.5233214355e+01 3.7753298751e+01 3.5945614287e+01 8.3463665559e-01 4.6261033529e-02 2.1213451591e+02 4.1859670134e-01 6.5235463608e-01 8.8382689560e+00 3.3434404462e-02 1.0000000000e+00
4.8782929526e+01 2.0104587770e+01 2.6749133808e+01 4.1212342032e-01 5.6170757829e-02 2.5939991236e+02 2.8547156176e+00 -7.3074786814e-01 9.0620839863e+00 1.9461766604e-02 1.0000000000e+00
7.3625898461e+01 6.6858765023e+01 6.1064329330e+01 9.0808759445e-01 1.5593706252e-01 7.6902313235e+02 2.2626062771e+00 9.1442846539e-01 1.1058052691e+01 1.1980950117e-02 1.0000000000e+00
6.7788537200e+01 5.9828137421e+01 5.5418601519e+01 8.8257012015e-01 1.5849008782e-01 7.8283606507e+02 2.6200871783e+00 -7.2516105524e-01 8.1316210394e+00 1.2031919345e-02 1.0000000000e+00
4.0400404637e+01 2.9520706729e+01 2.9990645587e+01 7.3070324406e-01 1.7777727219e-02 7.9838936784e+01 1.0932953065e+01 9.1964483560e-01 2.4638356271e+01 1.1207144287e-02 1.3294658074e-02
3.8652438392e+01 2.3442864658e+01 2.6043586776e+01 6.0650415944e-01 6.7013409597e-02 3.1183363946e+02 4.1788553944e+00 8.8108314782e-01 8.6303834463e+00 1.7045316454e-02 5.5566533702e-02
3.5717328346e+01 3.5406386167e+01 3.0958039839e+01 9.9129436066e-01 7.7828706877e-02 3.6487422492e+02 3.8588767421e+00 7.6564146102e-01 8.9110826040e+00 1.5664657446e-02 1.0000000000e+00
5.4015199018e+01 4.2907767916e+01 4.1854851181e+01 7.9436471022e-01 7.7049502201e-02 3.6102835520e+02 6.3993826609e+00 8.5371416345e-01 1.0020251346e+01 1.0736940499e-02 1.5511186082e-02
2.5087083305e+01 2.3167277882e+01 2.0983976624e+01 9.2347434736e-01 4.2220229736e-02 1.9304324914e+02 5.2894505706e+00 -9.1407561708e-01 9.0658318607e+00 1.8123297687e-02 3.0769073783e-02
6.4351746828e+01 3.5191401788e+01 4.1057818391e+01 5.4686008574e-01 4.6331902888e-02 2.1247028971e+02 1.8463818998e+01 8.4674441816e-01 9.7259869573e+00 7.4367696955e-03 8.1498345219e-03
7.3016519773e+01 7.1993955001e+01 6.3117592026e+01 9.8599543261e-01 2.0659115768e-01 1.0498570758e+03 2.8368992602e+00 8.8927098510e-01 9.1317298863e+00 1.0496274383e-02 1.0000000000e+00
3.9905280402e+01 3.5392616358e+01 3.2704630899e+01 8.8691561621e-01 4.3975702858e-02 2.0132420061e+02 1.3687654883e+01 -7.6149285228e-01 8.5535282439e+00 9.6047280690e-03 1.0933934524e-02
3.5495225201e+01 2.6065655042e+01 2.6416920146e+01 7.3434257410e-01 4.7908811643e-02 2.1994995777e+02 4.5562464778e+00 6.5210931133e-01 8.6950177521e+00 1.6541103991e-02 3.6397115595e-02
3.4875396362e+01 2.6239106550e+01 2.6281615687e+01 7.5236726423e-01 1.8415339967e-02 8.2741844359e+01 8.4076502902e-01 3.1368979779e-01 1.1560316271e+01 3.1836999665e-02 1.0000000000e+00
5.6880767812e+01 5.2029223977e+01 4.7349362272e+01 9.1470678014e-01 5.0961827105e-02 2.3447672720e+02 2.3920617591e+01 -8.2553757870e-01 8.2231200534e+00 6.1562737731e-03 6.5935457062e-03
5.7256852836e+01 5.2266602707e+01 4.7613446563e+01 9.1284449142e-01 5.4820882149e-02 2.5292447374e+02 7.7136586759e+00 6.0974109742e-01 1.1188305730e+01 9.3568652423e-03 1.2307710919e-02
3.6204281819e+01 2.6231558887e+01 2.6758614917e+01 7.2454299794e-01 4.3871199619e-02 2.0083067661e+02 9.7643786660e+00 8.1677275379e-01 8.2416638887e+00 1.2359045249e-02 1.5059809002e-02
3.9586020006e+01 2.0682034597e+01 2.4652650878e+01 5.2245804438e-01 2.2815771975e-02 1.0284982460e+02 1.4855253100e+01 5.1791771302e-01 8.6056036610e+00 1.1257127139e-02 1.2662446085e-02
2.0122201412e+01 1.9003052046e+01 1.7021893813e+01 9.4438235944e-01 1.0116599024e-02 4.5172185319e+01 9.1072244675e+01 -9.2683303210e-01 9.9672907019e+00 7.2450078806e-03 7.3680696885e-03
3.8250999619e+01 2.0960421878e+01 2.4431188118e+01 5.4797056514e-01 1.0617238750e-02 4.7425565268e+01 5.1354765360e+01 -3.7270213681e-01 8.9389534407e+00 7.1634280955e-03 7.3846055696e-03
8.7325289626e+00 6.0223138132e+00 6.2915135010e+00 6.8964143594e-01 1.6783580528e-03 7.4461579212e+00 1.1566547119e+02 -2.8881555000e-01 9.1790805901e+00 1.2403441539e-02 1.2568226961e-02
