# FullPop+Madau LISA events with joint-polarization SNR above threshold
# summary = {'model': 'fullpop_madau_joint_polarization_snr', 'Tobs_yr': 4.0, 'rho_thr': 8.0, 'z_max': 0.3, 't_merger_min_yr': 0.1, 't_merger_max_yr': 2000.0, 'n_samples': 300000000, 'n_workers': 32, 'n_freq': 2000, 'n_snr_above_threshold': 2156, 'detected_fraction': 7.186666666666667e-06, 'max_snr': 47.94007412356435}
# columns: m1_msun m2_msun chirp_mass_msun q redshift dl_mpc t_merger_yr cos_iota snr f_start_hz f_end_hz
2.1626317819e+01 2.1498421807e+01 1.8771034126e+01 9.9408609395e-01 3.2651357863e-02 1.4825755540e+02 1.3131731754e+01 9.3362411697e-01 8.1906205169e+00 1.3896287549e-02 1.5924364640e-02
3.2648108634e+01 2.6107261136e+01 2.5384118778e+01 7.9965615860e-01 2.9134007062e-02 1.3194579816e+02 1.3686557771e+01 -5.7098127796e-01 9.0299449494e+00 1.1354398751e-02 1.2925904048e-02
3.1265300748e+01 2.5737248341e+01 2.4671524079e+01 8.2318889392e-01 1.7543601239e-02 7.8773694562e+01 5.3374074098e+01 -8.2089280591e-01 1.3625452568e+01 6.9876111826e-03 7.1947465951e-03
3.5571898671e+01 3.2720848780e+01 2.9695049078e+01 9.1985106226e-01 4.6250505813e-02 2.1208463913e+02 4.1985145187e+00 -9.7556605563e-01 1.4369701179e+01 1.5869382955e-02 4.9836646336e-02
2.9962511991e+01 2.5954644887e+01 2.4264255530e+01 8.6623727992e-01 1.5829369278e-02 7.0985316944e+01 1.8692189639e+02 7.8133193238e-01 9.3440675327e+00 4.4175435659e-03 4.4535237476e-03
4.4953672665e+01 3.9374105214e+01 3.6609297441e+01 8.7588183299e-01 2.2768476890e-02 1.0263302338e+02 1.2523815760e+02 9.1658136398e-01 1.3172951563e+01 3.9528836954e-03 4.0012947075e-03
4.1282909633e+01 2.2939764741e+01 2.6563046213e+01 5.5567218843e-01 2.4596305980e-02 1.1102260261e+02 4.0413097851e+01 8.9717001015e-01 1.2506175654e+01 7.3740448522e-03 7.6679622771e-03
5.8013735448e+01 5.4664541754e+01 4.9020065312e+01 9.4226895291e-01 1.1115095559e-01 5.3283753584e+02 8.1164440375e+00 9.3988950056e-01 1.0257909186e+01 8.7260304673e-03 1.1255973672e-02
4.4359453457e+01 4.0349114357e+01 3.6821938486e+01 9.0959448804e-01 3.8902527444e-02 1.7744758612e+02 1.2930667975e+01 -6.5214680924e-01 1.2387406112e+01 9.1387537688e-03 1.0499372822e-02
8.5538473335e+01 7.7969926121e+01 7.1079629772e+01 9.1151879476e-01 1.4630261735e-01 7.1723126031e+02 4.4295217230e+00 -8.4429691177e-01 1.4728996355e+01 8.5140099595e-03 2.0424364029e-02
4.0269809318e+01 3.0576485388e+01 3.0489959959e+01 7.5929054311e-01 3.2753751896e-02 1.4873362664e+02 2.5491218242e+01 9.2574312709e-01 1.3055868441e+01 8.0016260145e-03 8.5305460737e-03
3.6125954041e+01 3.5451007005e+01 3.1154019657e+01 9.8131683846e-01 5.2367679265e-02 2.4118617136e+02 1.5250780375e+01 -8.2419868447e-01 8.7049822841e+00 9.4598712045e-03 1.0602938833e-02
4.7524626754e+01 4.3028205679e+01 3.9357070300e+01 9.0538755625e-01 4.1420788811e-02 1.8927873858e+02 3.5413235994e+01 -6.0339531938e-01 8.9546751242e+00 5.9989882262e-03 6.2747707123e-03
3.6465191953e+01 2.7651172189e+01 2.7590619572e+01 7.5828950043e-01 1.4064147037e-02 6.2985806176e+01 1.2136772474e+02 -6.9213755263e-01 1.2841005805e+01 4.7986076090e-03 4.8592941043e-03
7.8959496709e+01 5.2872603131e+01 5.6024347193e+01 6.6961676980e-01 4.4398929283e-02 2.0332364102e+02 5.9858159101e+01 -9.2716847952e-01 1.4232544070e+01 3.9443229837e-03 4.0479603212e-03
3.1238759987e+01 1.1032418564e+01 1.5747435520e+01 3.5316442037e-01 1.3724570717e-02 6.1449330852e+01 9.1324932700e+01 -9.7594768445e-01 1.0189612775e+01 7.5812985654e-03 7.7097050443e-03
6.6626828348e+01 6.1551898346e+01 5.5740539057e+01 9.2383053302e-01 1.1320354240e-01 5.4340406626e+02 1.5335938700e+01 8.2691918257e-01 8.6158245523e+00 6.3359722502e-03 7.0963184221e-03
2.9233993290e+01 2.2428147437e+01 2.2252276493e+01 7.6719410906e-01 2.5509277515e-02 1.1522135121e+02 5.3724054393e+01 9.9914308460e-01 9.9652098550e+00 7.3987980712e-03 7.6166152404e-03
7.3167495927e+01 7.0040898898e+01 6.2317245185e+01 9.5726795089e-01 3.6442587153e-02 1.6593033294e+02 5.4139156706e+01 3.2127229385e-01 9.7035105097e+00 3.8504190762e-03 3.9628572035e-03
3.3233788886e+01 2.5241918972e+01 2.5166697992e+01 7.5952576636e-01 1.4937988830e-02 6.6943214698e+01 2.2661600399e+02 -9.2824083614e-01 1.1001392962e+01 4.0192561543e-03 4.0461875396e-03
7.3011244775e+01 3.8880771802e+01 4.5931957877e+01 5.3253128230e-01 8.6379859014e-02 4.0732747942e+02 4.5463574394e+00 4.5995842316e-01 8.2988223299e+00 1.1454772994e-02 2.5354584948e-02
4.9691459430e+01 4.8943577070e+01 4.2931912291e+01 9.8494947886e-01 1.0255348876e-02 4.5796529664e+01 8.3538225272e+01 6.8426265699e-01 3.1513228110e+01 4.1971709304e-03 4.2751136238e-03
5.5425832232e+01 2.9140533516e+01 3.4632695904e+01 5.2575725690e-01 2.1976066671e-02 9.9002813802e+01 2.2923550056e+02 -8.6530212018e-01 8.7970487658e+00 3.2638910180e-03 3.2855080554e-03
5.3651291257e+01 5.1362441129e+01 4.5696851919e+01 9.5733839626e-01 2.5796690082e-02 1.1654430060e+02 1.4307278752e+02 6.7483573945e-01 9.6827318024e+00 3.2677183631e-03 3.3026511162e-03
3.7725222984e+01 3.7343800134e+01 3.2675184041e+01 9.8988944743e-01 4.8635225880e-02 2.2340091797e+02 1.1533718381e+01 -5.9775478441e-01 8.2308758477e+00 1.0218936166e-02 1.1988522751e-02
3.5939911769e+01 2.8758880066e+01 2.7953111162e+01 8.0019339643e-01 2.5165152544e-02 1.1363807555e+02 2.5924256336e+01 -9.3482071346e-01 1.5244710338e+01 8.4336560677e-03 8.9806738524e-03
7.6425072027e+01 6.2633562518e+01 6.0170856102e+01 8.1954208033e-01 1.3687831315e-01 6.6708519169e+02 5.8873327680e+00 -9.4714621377e-01 1.2372898907e+01 8.5361819994e-03 1.3077958503e-02
2.9960096724e+01 2.7688519685e+01 2.5069633881e+01 9.2417991637e-01 2.3130449335e-02 1.0429268710e+02 1.2478710380e+02 -8.4175649304e-01 8.2887472609e+00 5.0139815051e-03 5.0756147889e-03
8.1684712470e+01 7.8131029981e+01 6.9543202963e+01 9.5649513377e-01 1.8511531338e-01 9.2906837809e+02 1.1619994165e+01 -9.6645149053e-01 9.0043246100e+00 5.8878801997e-03 6.8972853158e-03
3.1492997656e+01 1.8983734902e+01 2.1151401537e+01 6.0279224956e-01 2.1482641172e-02 9.6744427008e+01 3.8796157914e+00 -7.9054643702e-01 1.3854192081e+01 2.0512501966e-02 1.0000000000e+00
4.2463015232e+01 3.8769842091e+01 3.5314785365e+01 9.1302612118e-01 3.4417562197e-02 1.5647898841e+02 1.1437746022e+02 -8.3173309580e-01 8.0630022575e+00 4.1532233737e-03 4.2090376348e-03
3.2368135735e+01 2.9930913571e+01 2.7092327188e+01 9.2470304179e-01 4.4018271528e-02 2.0152525447e+02 1.6488721110e+01 9.2042798074e-01 9.3437933649e+00 1.0075210332e-02 1.1181626933e-02
2.8053160125e+01 2.3376362283e+01 2.2274744626e+01 8.3328802101e-01 1.8639510153e-02 8.3763084953e+01 1.0080168209e+02 8.2494189334e-01 9.4809517773e+00 5.8644129479e-03 5.9541376717e-03
3.2621206701e+01 2.4412592778e+01 2.4515564422e+01 7.4836571810e-01 2.3965406018e-02 1.0812432333e+02 3.2153366136e+01 -6.1203934309e-01 8.9107421540e+00 8.4504792103e-03 8.8821352449e-03
5.2394497032e+01 4.2901966524e+01 4.1232756406e+01 8.1882581099e-01 1.4681352706e-02 6.5780444291e+01 2.7024829815e+02 -7.4338607718e-01 1.0960180683e+01 2.7639303857e-03 2.7794294069e-03
3.8345693431e+01 3.0648942097e+01 2.9806857117e+01 7.9927990223e-01 4.5755646699e-02 2.0974097145e+02 3.6302123459e+01 9.2289876976e-01 8.2800836944e+00 7.0526889369e-03 7.3683048930e-03
3.5730217853e+01 1.9525255169e+01 2.2787903371e+01 5.4646336750e-01 1.8190909028e-02 8.1719751497e+01 8.2970641159e+01 -9.4247976567e-01 1.1986278122e+01 6.2210771251e-03 6.3374220238e-03
5.1641946613e+01 4.8253019360e+01 4.3451776627e+01 9.3437646186e-01 4.9468660277e-02 2.2736448563e+02 1.6159146823e+01 -9.3572882038e-01 1.5574886544e+01 7.5318766718e-03 8.3795644734e-03
3.4238759414e+01 3.2382783190e+01 2.8985205154e+01 9.4579312290e-01 3.0848896754e-02 1.3988845785e+02 1.2026635173e+01 -3.5683832049e-01 8.0100240531e+00 1.0958713511e-02 1.2753035053e-02
3.3622786296e+01 2.9352381141e+01 2.7335835785e+01 8.7299074154e-01 4.9474952375e-02 2.2739442601e+02 5.0829178434e+00 7.5276331209e-01 9.2854070751e+00 1.5526124435e-02 2.7725676727e-02
7.7808730526e+01 7.3873421622e+01 6.5996823101e+01 9.4942329894e-01 1.1444269254e-01 5.4979529769e+02 8.3906763333e+00 -5.9006112125e-01 9.7015586430e+00 7.1430534148e-03 9.1066464715e-03
6.5086477687e+01 4.6603879562e+01 4.7812843027e+01 7.1603013742e-01 7.5122740105e-02 3.5153483073e+02 2.6657153945e+01 -8.2021669681e-01 8.8528794316e+00 5.7924719637e-03 6.1566164675e-03
4.3278353618e+01 3.3503596508e+01 3.3095234971e+01 7.7414212203e-01 3.6819386975e-02 1.6769191926e+02 4.9391418373e+01 9.6396655601e-01 1.1078593980e+01 5.9174360057e-03 6.1078410161e-03
3.1202542791e+01 2.3706268420e+01 2.3632164592e+01 7.5975437574e-01 1.7936468720e-02 8.0561397655e+01 3.4704238165e+01 5.6144675169e-01 1.0440457148e+01 8.4335842836e-03 8.8299096629e-03
3.3322705495e+01 2.8914727537e+01 2.7008799513e+01 8.6771848527e-01 4.4448316165e-02 2.0355703411e+02 9.9194479038e+00 9.6894422876e-01 1.0985567598e+01 1.2210762469e-02 1.4819042548e-02
3.3405332608e+01 2.4684479972e+01 2.4941574993e+01 7.3893830848e-01 5.2536440675e-02 2.4199244004e+02 4.3424652173e+00 8.5991820410e-01 8.5761934288e+00 1.7409807844e-02 4.5129854427e-02
2.6863943791e+01 2.2355752132e+01 2.1316095056e+01 8.3218429527e-01 1.0867143563e-02 4.8551017836e+01 3.2426094541e+01 -9.0916385105e-01 2.2818230689e+01 9.2674269330e-03 9.7364517006e-03
4.5430340581e+01 4.4902079399e+01 3.9318662737e+01 9.8837206203e-01 8.7305819306e-02 4.1195168092e+02 1.6994425697e+01 -9.7968418372e-01 8.1744695471e+00 7.6950558506e-03 8.5097696088e-03
6.9007182312e+01 6.8075154720e+01 5.9666897871e+01 9.8649375962e-01 1.1357171083e-01 5.4530203027e+02 3.5182710283e+01 9.9792170117e-01 8.2074313629e+00 4.4464660226e-03 4.6523327054e-03
6.6925838606e+01 5.1597286718e+01 5.1070697914e+01 7.7096212453e-01 1.8271662078e-01 9.1573295579e+02 3.8280904804e+00 8.7760254281e-01 8.0287886234e+00 1.0842879021e-02 1.0000000000e+00
3.8459967082e+01 2.9134644439e+01 2.9084979566e+01 7.5753170503e-01 1.3776589205e-02 6.1684647922e+01 8.8074086445e+00 -2.2375269393e-01 1.6502069469e+01 1.2419262301e-02 1.5584655796e-02
2.5373740942e+01 1.4516287118e+01 1.6579489815e+01 5.7209881473e-01 1.6671542369e-02 7.4809161790e+01 9.5424036909e+01 9.7894239590e-01 8.8763531656e+00 7.2082390336e-03 7.3249253270e-03
6.5398536840e+01 4.4237242104e+01 4.6646942629e+01 6.7642556304e-01 2.3052095872e-02 1.0393335842e+02 2.2429312494e+02 9.5989385151e-01 1.0620021765e+01 2.7300095977e-03 2.7484940787e-03
4.6437317670e+01 3.4253975088e+01 3.4640290656e+01 7.3763896812e-01 6.8873732594e-02 3.2090475835e+02 7.3943373766e+00 -9.1793946487e-01 1.0295511415e+01 1.1501806642e-02 1.5401753139e-02
6.6243645421e+01 3.2469320132e+01 3.9874533165e+01 4.9014995968e-01 7.2698846311e-02 3.3962481616e+02 2.7981804524e+00 -8.8418979617e-01 1.1440859945e+01 1.5130697820e-02 1.0000000000e+00
6.3496159717e+01 5.7131191359e+01 5.2418342713e+01 8.9975821552e-01 6.3287247354e-02 2.9373023580e+02 6.8274637576e+01 9.8218073322e-01 9.3565254841e+00 3.8702568215e-03 3.9588787202e-03
3.0235565233e+01 2.8466882088e+01 2.5537804331e+01 9.4150322208e-01 2.9184406090e-02 1.3217894946e+02 1.6288652711e+01 -6.7583578454e-01 9.8919630252e+00 1.0596582808e-02 1.1777650734e-02
4.6210519722e+01 4.5455933167e+01 3.9898518808e+01 9.8367067588e-01 3.3101314447e-02 1.5035009843e+02 7.8229046048e+01 9.8802647791e-01 1.3102841127e+01 4.4408941885e-03 4.5291659502e-03
3.4082562602e+01 2.8890195352e+01 2.7298519164e+01 8.4765326156e-01 2.4943625405e-02 1.1261927166e+02 1.7179879643e+02 9.3885096322e-01 8.1627163467e+00 4.2122465365e-03 4.2496240403e-03
8.5844664076e+01 7.1122872979e+01 6.7962851068e+01 8.2850662584e-01 4.2732472540e-02 1.9545754534e+02 2.5507517652e+01 -3.9568800393e-01 1.3861479144e+01 4.8182836669e-03 5.1365507111e-03
7.3794450175e+01 5.5707874391e+01 5.5706857571e+01 7.5490601608e-01 6.2047510639e-02 2.8772651794e+02 1.7601535231e+01 3.5024146178e-01 8.2440784410e+00 6.1987826436e-03 6.8279823573e-03
3.1083227154e+01 2.7892325803e+01 2.5625485053e+01 8.9734330559e-01 3.3222705525e-02 1.5091486050e+02 2.6208798665e+01 -7.8047091208e-01 8.7659501024e+00 8.8249408353e-03 9.3903670938e-03
4.2678814503e+01 3.8963661474e+01 3.5492781207e+01 9.1295088506e-01 3.3477093542e-02 1.5209869339e+02 1.0088029729e+02 -8.3369807064e-01 8.8266400749e+00 4.3422798175e-03 4.4086628739e-03
4.4057655346e+01 4.2081404479e+01 3.7482360982e+01 9.5514398459e-01 3.7602195636e-02 1.7135461177e+02 1.1591534928e+01 -4.9020414485e-01 1.1048498178e+01 9.4233809724e-03 1.1044244356e-02
5.5479050213e+01 5.2736756584e+01 4.7085514461e+01 9.5057064571e-01 9.8809274131e-02 4.6983826893e+02 1.4097963926e+01 8.3614205799e-01 8.2626558304e+00 7.3258171102e-03 8.3023691535e-03
3.6230669212e+01 1.7405545991e+01 2.1575793621e+01 4.8040917736e-01 1.4154429692e-02 6.3394436611e+01 1.7912179271e+02 8.4791694142e-01 1.0152224350e+01 4.8355489979e-03 4.8766756965e-03
3.0249106703e+01 2.8301837847e+01 2.5468861648e+01 9.3562557484e-01 2.8207737623e-02 1.2766375758e+02 4.7667743712e+00 -8.6029898456e-01 1.6312321362e+01 1.6837593421e-02 3.3409032274e-02
5.5587972367e+01 5.5103648162e+01 4.8180772857e+01 9.9128724822e-01 9.1760331199e-02 4.3427107100e+02 2.0280568122e+01 -9.6198596710e-01 9.3310454015e+00 6.3261579189e-03 6.8694029032e-03
4.3602178145e+01 4.1732108243e+01 3.7133201468e+01 9.5711063113e-01 2.3693712709e-02 1.0687700899e+02 1.5970126966e+02 -8.4536237293e-01 1.0430301240e+01 3.5745578996e-03 3.6087219117e-03
3.0229074239e+01 1.7279570329e+01 1.9743318144e+01 5.7162089028e-01 1.0817831149e-02 4.8328904895e+01 1.5109005518e+02 -5.7460528914e-01 9.3092325580e+00 5.4594530963e-03 5.5146614078e-03
3.6464806058e+01 3.0276238202e+01 2.8900602278e+01 8.3028655505e-01 5.1829733150e-02 2.3861731863e+02 1.2848319209e+01 -9.9449557465e-01 9.9597257348e+00 1.0575981035e-02 1.2163687090e-02
3.8588911009e+01 3.6299897585e+01 3.2578971462e+01 9.4068209325e-01 3.0414714776e-02 1.3787567688e+02 2.2782240637e+01 8.3358468709e-01 1.4262710870e+01 8.0186949405e-03 8.6207902710e-03
6.4449207246e+01 4.3996237128e+01 4.6188898534e+01 6.8264977969e-01 6.7477456928e-02 3.1409433740e+02 1.4419675438e+01 6.7471356100e-01 9.6241503919e+00 7.4860416182e-03 8.4560048315e-03
3.9553927699e+01 3.7784542859e+01 3.3652951274e+01 9.5526651983e-01 4.0102636597e-02 1.8308072381e+02 3.4535669497e+00 -4.0099179685e-01 9.5515547257e+00 1.5849230880e-02 1.0000000000e+00
3.3871003081e+01 2.4600962879e+01 2.5065626223e+01 7.2631338433e-01 1.5207964278e-02 6.8166898868e+01 3.6686444957e+02 9.2170891999e-01 8.2140456398e+00 3.3628705309e-03 3.3767242774e-03
3.9268825934e+01 2.3871380787e+01 2.6490739047e+01 6.0789647306e-01 4.9355555567e-02 2.2682633067e+02 4.6650325254e+00 -9.1656346464e-01 1.0703618203e+01 1.6352711564e-02 3.3950345456e-02
8.3730419758e+01 7.8260789498e+01 7.0462525733e+01 9.3467570955e-01 2.5473009269e-01 1.3294605787e+03 5.9013400111e+00 -9.2581264063e-01 8.4356300045e+00 7.2651808349e-03 1.1109780985e-02
4.0011984217e+01 2.3667315845e+01 2.6607483469e+01 5.9150567782e-01 1.5548412357e-02 6.9710700801e+01 3.6645191981e+02 9.3554356944e-01 8.4527711822e+00 3.2404035343e-03 3.2537679051e-03
7.1771662389e+01 6.6750544110e+01 6.0247746782e+01 9.3004037928e-01 1.3784354066e-01 6.7219746651e+02 3.5501586201e+00 -6.7699734295e-01 1.0195253087e+01 1.0305361604e-02 1.0000000000e+00
2.7479916044e+01 2.6420935635e+01 2.3456274278e+01 9.6146347729e-01 2.6339045411e-02 1.1904222987e+02 3.8493597462e+01 -9.9893552289e-01 1.1251659285e+01 8.1083293104e-03 8.4488992695e-03
3.1677066744e+01 2.9451502447e+01 2.6586587821e+01 9.2974209654e-01 2.4046049421e-02 1.0849464254e+02 9.4081127222e+00 -2.3178143861e-01 8.3550317612e+00 1.2734840069e-02 1.5673456635e-02
3.2433148671e+01 3.0168474773e+01 2.7227537258e+01 9.3017409683e-01 1.2317673127e-02 5.5091801652e+01 2.2941327224e+02 9.5066919883e-01 1.4497734102e+01 3.8149210380e-03 3.8401677783e-03
3.5656010018e+01 3.3997467618e+01 3.0308121962e+01 9.5348491324e-01 1.6901226985e-02 7.5852855789e+01 2.5867024722e+02 8.9436971377e-01 1.0070949114e+01 3.4010826839e-03 3.4210174607e-03
2.4459318643e+01 2.3359851316e+01 2.0807899938e+01 9.5504914333e-01 1.7910178336e-02 8.0441733816e+01 6.8408698236e+01 6.8333675144e-01 8.6555111300e+00 7.0801576554e-03 7.2419492994e-03
3.2737233977e+01 3.2693548458e+01 2.8480394635e+01 9.9866557086e-01 5.6070645913e-02 2.5891926924e+02 9.2265098422e+00 -9.1599850171e-01 9.0785997286e+00 1.2054032017e-02 1.4917359959e-02
3.8436049025e+01 3.7812538927e+01 3.3187793989e+01 9.8377798672e-01 6.1954012279e-02 2.8727412547e+02 5.9249687032e+00 9.1537340879e-01 1.1396300265e+01 1.2889495240e-02 1.9648721898e-02
3.6884856116e+01 3.6165989114e+01 3.1795379685e+01 9.8051051088e-01 6.2085035940e-02 2.8790809997e+02 1.0294794073e+01 -8.4812502907e-01 8.6202964773e+00 1.0761233456e-02 1.2941231447e-02
7.2660000583e+01 6.5387233901e+01 5.9988427179e+01 8.9990687279e-01 6.5270453265e-02 3.0335462867e+02 4.5361439293e+01 6.3621650178e-01 8.5172243433e+00 4.1419856048e-03 4.2878815414e-03
3.1602406372e+01 3.1472667131e+01 2.7454950689e+01 9.9589464043e-01 4.6947005587e-02 2.1538596403e+02 5.8079510103e+00 6.3759718563e-01 8.3736126433e+00 1.4750993933e-02 2.2849930932e-02
3.3235154537e+01 3.2053458154e+01 2.8412933057e+01 9.6444438426e-01 4.8637947898e-02 2.2341385580e+02 1.7185873662e+01 -8.6328697295e-01 8.4006093444e+00 9.6026890006e-03 1.0605749811e-02
4.1010223617e+01 4.0620947346e+01 3.5531546116e+01 9.9050782374e-01 3.3141998646e-02 1.5053936757e+02 1.2998312722e+01 9.8597538688e-01 1.9956750710e+01 9.3589967953e-03 1.0743023128e-02
4.0895528058e+01 3.5007619064e+01 3.2919337033e+01 8.5602560295e-01 3.0367085607e-02 1.3765495303e+02 2.1155002843e+01 -6.5132188238e-01 1.1985979766e+01 8.1915092155e-03 8.8612968256e-03
3.5918699693e+01 3.4507746622e+01 3.0647508143e+01 9.6071814728e-01 3.7070507782e-02 1.6886645544e+02 1.6582457320e+01 -5.4399501316e-01 8.4042946049e+00 9.3470647623e-03 1.0366485274e-02
4.1268229778e+01 4.0131899757e+01 3.5427321299e+01 9.7246477430e-01 3.9623602001e-02 1.8083108053e+02 4.6126022645e+01 -7.8563739040e-01 9.4244612547e+00 5.8084059409e-03 6.0093886525e-03
2.7536169921e+01 2.2268848730e+01 2.1533080177e+01 8.0871264210e-01 1.1523005771e-02 5.1506706334e+01 2.6861130430e+02 7.3433055135e-01 9.2687758855e+00 4.1657953852e-03 4.1892993476e-03
5.0869362295e+01 4.2815580102e+01 4.0597652019e+01 8.4167715440e-01 7.4516272477e-02 3.4855144925e+02 1.2571958992e+01 -7.7637289622e-01 8.6886631378e+00 8.5079208042e-03 9.8218775457e-03
3.0217613305e+01 2.6726008611e+01 2.4730194982e+01 8.8445134106e-01 2.7879102418e-02 1.2614587319e+02 1.7844906269e+01 -9.8167137766e-01 1.3557939537e+01 1.0456152426e-02 1.1500216063e-02
3.4573256114e+01 2.0360460506e+01 2.2937650513e+01 5.8890780894e-01 1.5283878098e-02 6.8511071856e+01 2.8669250272e+02 8.4758483526e-01 8.1254593915e+00 3.8987856031e-03 3.9193822424e-03
3.0057827347e+01 2.8760478119e+01 2.5594680379e+01 9.5683822345e-01 1.4198972246e-02 6.3596061821e+01 8.0942861391e+01 -7.6307229456e-01 1.4587822319e+01 5.8537374234e-03 5.9660524925e-03
7.1754586723e+01 7.0858588490e+01 6.2074519818e+01 9.8751301800e-01 5.6307889717e-02 2.6005839447e+02 4.5718266508e+01 6.7876405231e-01 1.0661075363e+01 4.0639387347e-03 4.2058953742e-03
8.5930248387e+01 8.5038378046e+01 7.4417201944e+01 9.8962099659e-01 3.2060012977e-02 1.4550950032e+02 1.0794358266e+02 -4.2970557127e-01 8.6241121512e+00 2.6675373080e-03 2.7055787677e-03
3.2397972174e+01 2.6859085361e+01 2.5657681635e+01 8.2903600316e-01 1.8705578753e-02 8.4064134189e+01 1.7762057294e+02 8.7611167634e-01 9.4641274856e+00 4.3407968143e-03 4.3780325713e-03
2.6807203788e+01 2.5098931912e+01 2.2578771798e+01 9.3627564106e-01 2.0476098111e-02 9.2142540588e+01 1.3936881648e+01 4.1633361518e-01 8.9522597487e+00 1.2198155602e-02 1.3848013541e-02
7.7418577230e+01 7.4141712731e+01 6.5951942971e+01 9.5767340843e-01 6.9445153503e-02 3.2369544068e+02 2.1497295606e+01 5.4271048092e-01 1.0712564413e+01 5.1527074755e-03 5.5662835409e-03
3.5094478468e+01 1.7572159276e+01 2.1366394149e+01 5.0071008442e-01 1.9644843523e-02 8.8347148844e+01 3.5920770946e+01 -9.7613300629e-01 1.3285605125e+01 8.8573442184e-03 9.2582867289e-03
4.2542481574e+01 3.0678239237e+01 3.1366434169e+01 7.2112011575e-01 1.7535291377e-02 7.8735892513e+01 3.1501606568e+02 8.8055362303e-01 8.5572973348e+00 3.0905575511e-03 3.1054035148e-03
6.4014063531e+01 4.8290932161e+01 4.8306411436e+01 7.5438004553e-01 8.1118282672e-02 3.8115203976e+02 1.3864723957e+01 7.5925345999e-01 9.5083489441e+00 7.3287564669e-03 8.3265510547e-03
2.7887259414e+01 1.9494614022e+01 2.0233445356e+01 6.9905090824e-01 1.4686082501e-02 6.5801870123e+01 3.2406688212e+01 -5.6803881042e-01 1.0704173881e+01 9.5539240324e-03 1.0037765626e-02
7.2242707418e+01 6.7980871621e+01 6.1002022726e+01 9.4100669883e-01 1.5477944520e-01 7.6277213434e+02 6.7729281915e+00 7.0611530778e-01 8.1985134072e+00 7.9520209564e-03 1.1115185345e-02
3.5274288690e+01 3.4653753598e+01 3.0436510155e+01 9.8240828902e-01 1.5028702559e-02 6.7354327136e+01 9.6385595144e+01 -5.6478462877e-01 1.2458031720e+01 4.9175123210e-03 4.9962988662e-03
8.5091233218e+01 4.0015190243e+01 5.0096790193e+01 4.7026219659e-01 1.2230813192e-01 5.9057652762e+02 6.9040781405e+00 7.9668185644e-01 8.7156887178e+00 9.0898109276e-03 1.2577414534e-02
6.5411791780e+01 5.5457593196e+01 5.2397066774e+01 8.4782256665e-01 4.6306006837e-02 2.1234759237e+02 4.0809923663e+01 -4.0262826637e-01 8.1652862568e+00 4.7427476307e-03 4.9298118039e-03
6.0822717710e+01 5.9842066605e+01 5.2520316511e+01 9.8387689432e-01 3.2791846820e-02 1.4891076290e+02 1.4321099924e+02 -9.1316598503e-01 1.0629384834e+01 2.9817210938e-03 3.0135650937e-03
2.2258365967e+01 2.1407119279e+01 1.9002172070e+01 9.6175610154e-01 2.8244351793e-02 1.2783291344e+02 1.0052727302e+01 9.7592300446e-01 1.0582983033e+01 1.5284528391e-02 1.8487442690e-02
3.7999013378e+01 2.5537541575e+01 2.7012582839e+01 6.7205801691e-01 1.0297237029e-02 4.5985042752e+01 9.6836172826e+01 -3.0206900768e-01 1.1433153856e+01 5.3045321817e-03 5.3891123072e-03
4.0447870401e+01 2.7672917259e+01 2.9021137510e+01 6.8416252783e-01 3.5068630829e-02 1.5951477719e+02 6.0668137170e+01 9.4875182196e-01 9.2085101688e+00 5.9533067325e-03 6.1075412047e-03
7.4795968208e+01 2.9696909117e+01 4.0191695303e+01 3.9703890234e-01 3.3677321456e-02 1.5303078249e+02 1.8284654085e+01 8.5638125340e-01 1.8287084603e+01 7.6218849927e-03 8.3612031230e-03
5.3567125658e+01 4.2202199338e+01 4.1332794747e+01 7.8783766759e-01 8.9260102253e-02 4.2172861870e+02 7.6925485259e+00 -9.3557817268e-01 1.0233545971e+01 1.0028891236e-02 1.3206323572e-02
5.2637122035e+01 5.2286296609e+01 4.5670264246e+01 9.9333501885e-01 1.4344274597e-02 6.4253876190e+01 4.6571650729e+01 8.9941091468e-01 3.8713783003e+01 5.0146233023e-03 5.1863729375e-03
7.0697875396e+01 5.7420221085e+01 5.5406489973e+01 8.1219160779e-01 4.4785103787e-02 2.0514904987e+02 3.8555781100e+00 3.7754463115e-01 1.8558797020e+01 1.1105034750e-02 1.0000000000e+00
3.4517495911e+01 3.2602232306e+01 2.9201283051e+01 9.4451325177e-01 4.8854931215e-02 2.2444533726e+02 6.5305527882e+00 7.2394019128e-01 9.4766796831e+00 1.3567229294e-02 1.9359387756e-02
4.5806396501e+01 2.5283730774e+01 2.9369632537e+01 5.5196943452e-01 2.5292309078e-02 1.1422301548e+02 4.2315132072e+01 -6.8054688823e-01 1.0671186596e+01 6.8040652917e-03 7.0622077256e-03
2.9350869325e+01 2.7103799760e+01 2.4549955893e+01 9.2344112403e-01 1.0912658026e-02 4.8756038563e+01 4.1621150148e+02 9.4671559327e-01 1.0706096963e+01 3.2579937349e-03 3.2698135132e-03
8.5833794386e+01 7.8352829704e+01 7.1377321000e+01 9.1284359808e-01 1.6519060215e-01 8.1926393606e+02 1.8637722002e+01 9.9461354281e-01 8.9192041683e+00 4.9039967247e-03 5.3690187666e-03
3.1303989241e+01 1.3524784578e+01 1.7608674002e+01 4.3204667858e-01 1.0216220484e-02 4.5620447243e+01 2.7824463433e+02 8.8570390442e-01 1.0017299963e+01 4.6657619227e-03 4.6911662224e-03
3.5831935059e+01 2.4491147795e+01 2.5696320191e+01 6.8350056324e-01 2.3910540979e-02 1.0787240450e+02 8.6309705772e+01 8.5138094795e-01 9.4382725298e+00 5.6665051290e-03 5.7682424497e-03
7.4726621437e+01 6.7986646133e+01 6.2036388750e+01 9.0980489718e-01 8.0288918780e-02 3.7704175221e+02 2.3962476772e+01 9.4362429951e-01 1.3201696776e+01 5.1077523803e-03 5.4698298289e-03
4.0809944132e+01 3.8974875504e+01 3.4717335677e+01 9.5503378729e-01 1.3331888908e-02 5.9673533577e+01 8.5475453114e+01 -1.2601158927e-01 1.0165795682e+01 4.7428992800e-03 4.8289130702e-03
6.9822809679e+01 6.8806405519e+01 6.0339924443e+01 9.8544309282e-01 1.6487587726e-01 8.1754724825e+02 4.2203156813e+00 8.3954154225e-01 1.0780085116e+01 9.5085355110e-03 2.8772391144e-02
3.2118551266e+01 1.5935219329e+01 1.9459106805e+01 4.9613754980e-01 1.1622253416e-02 5.1954224516e+01 9.1087995393e+00 -7.4426210522e-01 2.0897521834e+01 1.5786451376e-02 1.9609335283e-02
4.7550495220e+01 2.7784503345e+01 3.1417762514e+01 5.8431575142e-01 6.5101023562e-02 3.0253142288e+02 1.1410150056e+01 -9.0663754636e-01 8.3974900794e+00 1.0413163811e-02 1.2242830390e-02
7.4697562629e+01 7.0399731222e+01 6.3124012440e+01 9.4246356567e-01 9.9947516598e-02 4.7560995925e+02 2.8535021278e+01 -7.4094553979e-01 8.1552374487e+00 4.6792345768e-03 4.9518984308e-03
2.4590007737e+01 2.1745284680e+01 2.0122960569e+01 8.8431386085e-01 2.5018339655e-02 1.1296284639e+02 1.3029401182e+01 7.0896453008e-01 9.1625130223e+00 1.3406313681e-02 1.5382748582e-02
4.0715283602e+01 3.6862530880e+01 3.3717709146e+01 9.0537330503e-01 2.9947550897e-02 1.3571138347e+02 1.0602115642e+02 9.6790153885e-01 1.0578569269e+01 4.4103982875e-03 4.4744655785e-03
7.4801658874e+01 6.5497570541e+01 6.0907502992e+01 8.7561655085e-01 5.8354038922e-02 2.6989788672e+02 2.5016684471e+01 7.4000450795e-01 1.3939746988e+01 5.1495701914e-03 5.4972509406e-03
4.1227540917e+01 4.1146002864e+01 3.5855146390e+01 9.9802224311e-01 2.5509258498e-02 1.1522126370e+02 5.0792384387e+01 -6.2550341471e-01 1.1876070027e+01 5.6080817942e-03 5.7832654069e-03
2.9449012143e+01 1.5386763809e+01 1.8340276252e+01 5.2248828361e-01 1.4755727498e-02 6.6117377233e+01 7.2974204541e+00 4.9363098322e-01 1.1570199327e+01 1.7767552781e-02 2.3933199172e-02
4.6427135967e+01 3.5866375676e+01 3.5465208132e+01 7.7253043784e-01 1.0915314740e-02 4.8768006208e+01 1.9938300505e+02 -7.3835753746e-01 1.7085751716e+01 3.4116493351e-03 3.4376756123e-03
2.5549529740e+01 1.5352531562e+01 1.7131236352e+01 6.0089292125e-01 1.3980084684e-02 6.2605378685e+01 5.8163657602e+01 8.4262796935e-01 1.0843897539e+01 8.5170661338e-03 8.7477007215e-03
3.3075793409e+01 2.3267717812e+01 2.4076294873e+01 7.0346665684e-01 2.5543490552e-02 1.1537880391e+02 2.0569396549e+01 -5.9889636108e-01 8.9922860306e+00 1.0095383616e-02 1.0948154021e-02
3.4327526312e+01 2.5680972546e+01 2.5793473613e+01 7.4811602539e-01 1.0485706409e-02 4.6833374775e+01 1.1731223109e+02 6.2439112316e-01 1.4956707501e+01 5.0803309314e-03 5.1468551027e-03
7.0992216979e+01 6.7192569039e+01 6.0121131408e+01 9.4647796475e-01 1.8961246591e-01 9.5415503734e+02 7.1913744123e+00 -9.0495875738e-01 8.1517605905e+00 7.7018644902e-03 1.0445005581e-02
3.7163020411e+01 3.6750199137e+01 3.2171995285e+01 9.8889161137e-01 6.9414661927e-02 3.2354647524e+02 2.7435288953e+00 9.5534381508e-01 9.0495321385e+00 1.7464838921e-02 1.0000000000e+00
3.6770794404e+01 1.5606811785e+01 2.0486189896e+01 4.2443499081e-01 2.2241857555e-02 1.0021999709e+02 8.9513050794e+00 7.9766273203e-01 1.2607431493e+01 1.5287239676e-02 1.9088270323e-02
3.6793239282e+01 3.1149521986e+01 2.9451200895e+01 8.4660993688e-01 1.4987754064e-02 6.7168742723e+01 9.3722042434e+01 -7.2875562499e-01 1.4828671397e+01 5.0728580180e-03 5.1565137436e-03
2.3757413658e+01 2.1432466517e+01 1.9638782039e+01 9.0213803679e-01 1.5486192924e-02 6.9428501550e+01 1.0544763261e+02 -9.5394366737e-01 1.1115240697e+01 6.2504901071e-03 6.3417945155e-03
3.4265592727e+01 3.2990193954e+01 2.9268464520e+01 9.6277902491e-01 1.3966602063e-02 6.2544366959e+01 1.8740612671e+01 -7.0743828034e-03 1.1896968050e+01 9.3188448287e-03 1.0196771188e-02
3.7735057656e+01 2.6160846084e+01 2.7261106455e+01 6.9327696072e-01 4.0856939298e-02 1.8662610842e+02 2.7112901686e+01 -9.1043362378e-01 8.8340649599e+00 8.3444106338e-03 8.8591333856e-03
2.8699192436e+01 1.8109375549e+01 1.9742348769e+01 6.3100645041e-01 1.1484898054e-02 5.1334892167e+01 2.9224671646e+02 -7.7994664151e-01 8.7029517904e+00 4.2612865432e-03 4.2833662997e-03
3.8495763749e+01 2.5414509034e+01 2.7113317800e+01 6.6018976008e-01 1.7575550220e-02 7.8919036645e+01 1.1857511809e+02 8.1582003543e-01 1.1725750405e+01 4.8832035294e-03 4.9464491113e-03
7.5759146887e+01 7.2931189071e+01 6.4707180015e+01 9.6267173097e-01 2.2988148911e-01 1.1836330197e+03 4.5999559635e+00 -8.8097288624e-01 8.8229091710e+00 8.5187971852e-03 1.8285891606e-02
5.1833131712e+01 4.3685058903e+01 4.1394916182e+01 8.4280184239e-01 8.6183864819e-02 4.0634937207e+02 4.8911927185e+00 -9.5026150118e-01 1.2408452926e+01 1.1894843455e-02 2.2524227767e-02
4.6728859049e+01 4.6474605236e+01 4.0568983026e+01 9.9455895524e-01 1.0937511683e-01 5.2371605298e+02 4.8561369199e+00 -8.2427729283e-01 8.4552555089e+00 1.1919726988e-02 2.2851867372e-02
4.9788137884e+01 4.6121974084e+01 4.1710690845e+01 9.2636471344e-01 9.6682161360e-02 4.5907344028e+02 4.4073840502e+00 -9.9039433846e-01 1.2093739321e+01 1.2236234903e-02 2.9885748228e-02
4.7745402430e+01 4.2150008968e+01 3.9038222309e+01 8.8280770132e-01 2.1178909831e-02 9.5355066367e+01 2.7231811533e+02 -9.7076010157e-01 9.4744003852e+00 2.8405152461e-03 2.8563214176e-03
3.0150950104e+01 2.7803697518e+01 2.5201389134e+01 9.2214996283e-01 2.3219520138e-02 1.0470121490e+02 1.1473797136e+02 8.7621653018e-01 8.8786529796e+00 5.1571497783e-03 5.2262324375e-03
6.4971261497e+01 5.2632265555e+01 5.0851052813e+01 8.1008532607e-01 1.0385626359e-01 4.9548990230e+02 3.2013831380e+00 -9.1344219447e-01 1.2932027070e+01 1.2138396681e-02 1.0000000000e+00
4.6918032958e+01 3.3509350576e+01 3.4420937614e+01 7.1421047438e-01 4.1563108975e-02 1.8994861039e+02 4.2737487523e+01 7.8919837829e-01 8.9374313338e+00 6.0785458160e-03 6.3067232104e-03
3.6370749017e+01 3.6079758387e+01 3.1535609781e+01 9.9199932259e-01 1.7212217190e-02 7.7266566351e+01 1.5985624582e+01 -5.3082410489e-01 1.8457552359e+01 9.4219140695e-03 1.0496390782e-02
6.2771335248e+01 3.9772939725e+01 4.3274011047e+01 6.3361627674e-01 8.7238149598e-02 4.1161356254e+02 1.0803117870e+01 9.6214740514e-01 1.0325683890e+01 8.5900349047e-03 1.0216693110e-02
5.8436787248e+01 4.1089491374e+01 4.2526800006e+01 7.0314425739e-01 1.0817700570e-01 5.1757273020e+02 6.9706321789e+00 8.8225661837e-01 8.6308581065e+00 1.0113437174e-02 1.3925394681e-02
6.9576083329e+01 6.7902176316e+01 5.9835565184e+01 9.7594134459e-01 1.8131975029e-01 9.0798168964e+02 1.5854766353e+00 -9.7729938453e-01 8.0343922744e+00 1.3678280690e-02 1.0000000000e+00
4.3875846587e+01 3.1312161595e+01 3.2176101211e+01 7.1365373050e-01 7.1301098647e-02 3.3277359939e+02 7.1790805085e+00 -9.3629803262e-01 9.2596744883e+00 1.2161631165e-02 1.6506483595e-02
4.9757942964e+01 4.1726172931e+01 3.9636330758e+01 8.3858315769e-01 5.6725613114e-02 2.6206496569e+02 9.8886145673e+00 -6.0017925169e-01 9.5393803540e+00 9.5490496339e-03 1.1597944360e-02
6.6674117982e+01 6.1838125496e+01 5.5890662333e+01 9.2746821957e-01 8.8899430696e-02 4.1992247251e+02 2.6110072117e+01 7.7487201077e-01 8.6088308096e+00 5.2530716487e-03 5.5910714393e-03
6.6029736158e+01 4.9929441715e+01 4.9888073992e+01 7.5616600369e-01 3.2233379852e-02 1.4631492044e+02 1.2455134416e+02 8.1292518634e-01 1.0453995102e+01 3.2456817838e-03 3.2856558619e-03
4.2981368755e+01 3.7474756434e+01 3.4922040664e+01 8.7188373751e-01 2.2455712703e-02 1.0119968235e+02 1.0524932477e+01 -3.2421558077e-01 1.3920901660e+01 1.0306789918e-02 1.2330754754e-02
2.9872304760e+01 2.2179839847e+01 2.2358803380e+01 7.4248840274e-01 2.5372054166e-02 1.1458990994e+02 3.0508799150e+01 7.4568799093e-01 8.8868445386e+00 9.1212645966e-03 9.6148652360e-03
3.1691421332e+01 1.3403242436e+01 1.7622435256e+01 4.2292967222e-01 2.2732130116e-02 1.0246641943e+02 3.2791812744e+01 9.1465357332e-01 8.6077108469e+00 1.0318494066e-02 1.0834340361e-02
6.2650895720e+01 3.6163758326e+01 4.1129765629e+01 5.7722651703e-01 6.8614889463e-02 3.1964130734e+02 6.1472037953e+00 8.4294490358e-01 1.2693709965e+01 1.1074030845e-02 1.6428857334e-02
2.7237127772e+01 2.6918160375e+01 2.3571967653e+01 9.8828924252e-01 1.2504704996e-02 5.5936201357e+01 1.0209121357e+02 -5.1395870166e-01 1.0371143602e+01 5.6549601857e-03 5.7403569479e-03
8.4346578437e+01 8.3625614890e+01 7.3113335583e+01 9.9145236759e-01 1.7806020760e-01 8.8993624795e+02 2.4767495716e+00 -5.4915275020e-01 8.0302534026e+00 1.0226744456e-02 1.0000000000e+00
2.7866011255e+01 2.1831311246e+01 2.1440069038e+01 7.8343868615e-01 1.8062405400e-02 8.1134677516e+01 4.0585989782e+01 -5.5321443393e-01 8.7184315198e+00 8.4509265578e-03 8.7862251369e-03
4.5089930429e+01 4.3920581863e+01 3.8740063660e+01 9.7406630361e-01 1.6552749358e-02 7.4269500937e+01 8.4282065097e+01 6.5602189958e-02 8.9080012755e+00 4.4433819764e-03 4.5251438172e-03
3.5065188347e+01 3.2683328565e+01 2.9467379418e+01 9.3207337833e-01 4.5851037915e-02 2.1019262396e+02 1.3037031911e+01 8.8240793731e-01 1.0216814977e+01 1.0428494779e-02 1.1964759415e-02
5.2483563456e+01 4.5652862526e+01 4.2592070193e+01 8.6985066408e-01 2.5992936581e-02 1.1744792979e+02 1.6052714087e+02 -7.3666614828e-01 9.1881601498e+00 3.2699745024e-03 3.3010638379e-03
3.6624750750e+01 3.5563950008e+01 3.1417885761e+01 9.7103596008e-01 1.4866830929e-02 6.6620767350e+01 3.3014978065e+02 -7.8801628043e-01 8.8333237905e+00 3.0385252791e-03 3.0524465973e-03
6.4694351208e+01 5.2624759563e+01 5.0741130547e+01 8.1343670012e-01 7.5883123809e-02 3.5527861667e+02 1.3950122277e+01 8.5908094225e-01 1.2012747483e+01 7.1121468615e-03 8.0729416721e-03
3.1003861133e+01 1.6401049599e+01 1.9436040188e+01 5.2900022770e-01 2.0689234904e-02 9.3116433794e+01 1.9827659389e+01 6.2373960709e-01 8.6867452450e+00 1.1735608760e-02 1.2770301634e-02
3.8214938960e+01 2.8656466375e+01 2.8749175500e+01 7.4987602113e-01 1.1075641023e-02 4.9490312648e+01 1.5606669805e+02 -9.8752453443e-01 2.1111772503e+01 4.2638189098e-03 4.3055367313e-03
4.3475031012e+01 3.3760941671e+01 3.3298812591e+01 7.7655934649e-01 3.3272722927e-02 1.5114759048e+02 1.1961819649e+02 -9.3908024609e-01 8.6727817047e+00 4.2397910547e-03 4.2942131900e-03
3.4144878041e+01 3.0479072079e+01 2.8074865476e+01 8.9263965278e-01 2.1161520665e-02 9.5275541522e+01 3.8637530783e+01 7.8629303886e-01 1.3948667578e+01 7.2595492033e-03 7.5632432398e-03
3.9359400115e+01 3.5211613250e+01 3.2398628592e+01 8.9461763001e-01 1.1132896042e-02 4.9748301420e+01 2.1439917364e+02 -2.9570698558e-01 8.7367218734e+00 3.5125926307e-03 3.5374877114e-03
2.0852859035e+01 2.0354264112e+01 1.7934866514e+01 9.7608985308e-01 2.2969698659e-02 1.0355552905e+02 4.8086204077e+00 -9.4392288394e-01 1.2252986967e+01 2.0962230074e-02 4.0906366718e-02
2.0141067263e+01 8.4073275944e+00 1.1120592606e+01 4.1742214970e-01 1.2325041311e-02 5.5125062625e+01 2.8151300341e+01 8.6366279026e-01 8.3408163939e+00 1.4662359923e-02 1.5529701357e-02
7.4695022778e+01 6.7218732370e+01 6.1668628646e+01 8.9990912205e-01 1.0353260052e-01 4.9384023377e+02 3.0880575172e+01 -8.9588592218e-01 8.8314278503e+00 4.5999998088e-03 4.8456313726e-03
3.5988912870e+01 3.0869514111e+01 2.8999324526e+01 8.5775066956e-01 6.4037352435e-02 2.9736752776e+02 5.2348365696e+00 8.1502743293e-01 8.4320900739e+00 1.4672077003e-02 2.5218933388e-02
8.4709563835e+01 8.2191464603e+01 7.2637969647e+01 9.7027373157e-01 1.9778584466e-01 1.0000308715e+03 4.4267074185e+00 6.7316618639e-01 9.4964844211e+00 8.1738401568e-03 1.9652039348e-02
6.8388413710e+01 6.1319631517e+01 5.6358036909e+01 8.9663772255e-01 6.8465011979e-02 3.1890992645e+02 3.4762833435e+01 9.4469138108e-01 1.2083512759e+01 4.7498506432e-03 4.9726542792e-03
8.1365899986e+01 7.0581457741e+01 6.5938824899e+01 8.6745746994e-01 9.9206760303e-02 4.7185290870e+02 1.4178906431e+01 -5.4924084459e-01 8.8504867874e+00 5.9212970084e-03 6.7049408504e-03
3.2929860024e+01 2.6521079249e+01 2.5696673276e+01 8.0538086798e-01 3.3972592710e-02 1.5440579120e+02 4.0926730551e+01 8.3760935616e-01 8.1610339441e+00 7.4503537211e-03 7.7433112289e-03
1.8701216485e+01 1.5559980640e+01 1.4837708654e+01 8.3203040038e-01 2.0286420941e-02 9.1276096359e+01 7.3049652752e+00 8.0110352195e-01 8.8054404633e+00 2.0207302526e-02 2.7206806262e-02
4.0358939810e+01 4.0243113112e+01 3.5084037817e+01 9.9713008569e-01 8.2990926538e-02 3.9044847448e+02 1.2390841696e+01 9.7655424141e-01 8.0724661329e+00 9.3255390925e-03 1.0793434921e-02
6.0614347138e+01 5.2400886977e+01 4.9036678351e+01 8.6449643445e-01 2.0541513604e-02 9.2441413694e+01 1.0155733825e+02 5.0288188540e-01 1.2736022955e+01 3.5670498351e-03 3.6212077371e-03
4.3367988735e+01 4.3102276649e+01 3.7638155877e+01 9.9387308257e-01 1.2292308703e-02 5.4977306031e+01 2.4650153107e+01 -3.1433827412e-01 2.1830825131e+01 7.1929073125e-03 7.6867117150e-03
2.7455710466e+01 1.9456129798e+01 2.0061203841e+01 7.0863690897e-01 1.8318906429e-02 8.2302630107e+01 1.9197507007e+01 8.8979276479e-01 1.3923792317e+01 1.1662816196e-02 1.2730797560e-02
7.3929798958e+01 5.0891038140e+01 5.3213164087e+01 6.8836976237e-01 4.0827046130e-02 1.8648553369e+02 2.4869214268e+01 -8.2953074353e-01 1.8811177855e+01 5.6744521272e-03 6.0601367410e-03
3.9108740561e+01 3.6021122985e+01 3.2669021529e+01 9.2105044725e-01 3.8969791137e-02 1.7776306396e+02 7.1315756873e+01 9.6854749004e-01 9.1900449645e+00 5.1911583593e-03 5.3047517340e-03
3.0672481715e+01 2.7399041215e+01 2.5228877383e+01 8.9327761180e-01 1.0953463936e-02 4.8939861363e+01 1.4328029462e+02 3.6387972811e-01 9.3613383039e+00 4.7775763546e-03 4.8285744556e-03
3.5940662873e+01 2.5573383305e+01 2.6316595407e+01 7.1154456433e-01 1.2736338556e-02 5.6982291364e+01 3.6451597448e+01 -8.1086507148e-01 2.2233739974e+01 7.7660149145e-03 8.1120085982e-03
3.4686041083e+01 2.7892865673e+01 2.7046005208e+01 8.0415247177e-01 1.8932715813e-02 8.5099332467e+01 6.8674443805e+01 9.7648757521e-01 1.5451430442e+01 5.9974573076e-03 6.1339549671e-03
5.6021356540e+01 3.8751788602e+01 4.0425012723e+01 6.9173242126e-01 2.5361738882e-02 1.1454244859e+02 6.1228566226e+01 -5.5926101154e-01 1.1772314184e+01 4.8513031480e-03 4.9757823217e-03
3.3494119977e+01 2.7260617948e+01 2.6277650396e+01 8.1389264645e-01 1.7946878637e-02 8.0608780916e+01 1.1756716266e+02 8.0183945618e-01 1.0972095119e+01 4.9945193575e-03 5.0597746374e-03
4.4801384623e+01 2.6313916719e+01 2.9682026497e+01 5.8734605951e-01 2.3675772774e-02 1.0679466593e+02 1.2802278215e+01 3.9799470782e-01 1.1123021218e+01 1.0593221096e-02 1.2190951413e-02
3.8461113995e+01 2.0741752491e+01 2.4358572698e+01 5.3929151646e-01 3.1912470958e-02 1.4482421161e+02 3.7772556489e+00 5.4973741146e-01 8.8753462046e+00 1.8849308153e-02 1.0000000000e+00
3.7107313761e+01 2.6620165499e+01 2.7285807603e+01 7.1738325417e-01 2.1920622051e-02 9.8748965571e+01 1.0051634399e+02 8.2667128656e-01 1.0181506529e+01 5.1610224918e-03 5.2402159505e-03
8.0319326024e+01 4.1157315645e+01 4.9506440623e+01 5.1242107824e-01 1.5742041806e-01 7.7704420521e+02 3.2424063426e+00 -8.8166825132e-01 8.2621896359e+00 1.1926140638e-02 1.0000000000e+00
4.4488878252e+01 4.3554335803e+01 3.8320444035e+01 9.7899379606e-01 8.7891763230e-02 4.1488058774e+02 1.1461291844e+01 -9.7727350668e-01 8.7560956450e+00 9.0614566140e-03 1.0644011726e-02
7.2178240662e+01 4.6527216023e+01 5.0208110625e+01 6.4461554613e-01 7.2192873499e-02 3.3714331821e+02 7.1166151332e+00 -5.7892778209e-01 1.1058249377e+01 9.2345118118e-03 1.2585929809e-02
3.5823066038e+01 2.7988502846e+01 2.7523620967e+01 7.8129836279e-01 4.6443209081e-02 2.1299771579e+02 2.1215726752e+01 8.7793811399e-01 8.1200200632e+00 9.0632874712e-03 9.8019043988e-03
2.5570686698e+01 1.7957557929e+01 1.8596857771e+01 7.0227124288e-01 1.7853640110e-02 8.0184408910e+01 8.0867745080e+01 -8.9059391506e-01 9.1131036940e+00 7.1334878874e-03 7.2704890588e-03
2.5803119008e+01 1.7545655807e+01 1.8454816069e+01 6.7998197434e-01 1.7986468860e-02 8.0788992018e+01 1.7516428369e+01 -8.3425755774e-01 1.2191588678e+01 1.2719537789e-02 1.4018133246e-02
3.9540764273e+01 3.5191550216e+01 3.2462980290e+01 8.9000682872e-01 1.2961632808e-02 5.8000097493e+01 1.2992044702e+02 -6.3140303232e-01 1.4798777456e+01 4.2284218953e-03 4.2783004622e-03
6.1812771303e+01 5.6300886181e+01 5.1344750037e+01 9.1082934796e-01 2.8535394733e-02 1.2917783349e+02 1.2099631698e+02 7.3758996392e-01 1.1252986023e+01 3.2298632348e-03 3.2708386289e-03
3.3798001363e+01 1.8431271890e+01 2.1532031095e+01 5.4533614850e-01 1.1333737925e-02 5.0653460927e+01 3.0163298533e+02 -9.5421167653e-01 1.1325414209e+01 3.9891374185e-03 4.0091579047e-03
4.0183317271e+01 3.6069873399e+01 3.3133143277e+01 8.9763304397e-01 2.2038676198e-02 9.9289490470e+01 1.1226996549e+02 7.6746779582e-01 1.1109519240e+01 4.3852127310e-03 4.4452788868e-03
3.1543041690e+01 2.4344793601e+01 2.4083651958e+01 7.7179600623e-01 3.5912131456e-02 1.6345195862e+02 9.7417216919e+00 7.7895948440e-01 9.4911423488e+00 1.3274832815e-02 1.6185519855e-02
4.6253819028e+01 4.5509571183e+01 3.9940759045e+01 9.8390948335e-01 2.9530427279e-02 1.3378013228e+02 1.0981213249e+02 -9.1379903884e-01 1.1651308050e+01 3.9164463630e-03 3.9713234022e-03
7.0365369434e+01 5.7264754220e+01 5.5202301650e+01 8.1382013171e-01 8.3197489366e-02 3.9147525320e+02 2.0045521647e+00 -5.0333276849e-01 9.2531593294e+00 1.3907488610e-02 1.0000000000e+00
3.7885976103e+01 3.4766815477e+01 3.1588977968e+01 9.1766978321e-01 3.6219118236e-02 1.6488602602e+02 2.2371844263e+01 5.4379267818e-01 8.2601384201e+00 8.2019211136e-03 8.8307273276e-03
7.5254190663e+01 6.2998746877e+01 5.9893912889e+01 8.3714602897e-01 3.2870786999e-02 1.4927785439e+02 6.2940445801e+01 6.4853793607e-01 1.4488683070e+01 3.7383429201e-03 3.8315349049e-03
6.5010304050e+01 6.0449101897e+01 5.4566058550e+01 9.2983878141e-01 7.2841811778e-02 3.4032626826e+02 1.6177148492e+01 -5.9085434828e-01 9.5792894500e+00 6.4405221960e-03 7.1643982646e-03
3.7647553674e+01 3.0354798412e+01 2.9395014693e+01 8.0628873460e-01 3.2949357539e-02 1.4964326756e+02 1.7802765013e+01 6.2573502249e-01 9.7096553191e+00 9.3652095872e-03 1.0302983705e-02
5.5173019875e+01 5.3109331041e+01 4.7122358259e+01 9.6259605078e-01 2.4774932966e-02 1.1184367254e+02 1.5845080052e+02 9.6416411577e-01 1.3135829185e+01 3.0870995532e-03 3.1168416428e-03
7.8171404550e+01 5.0440517611e+01 5.4405176566e+01 6.4525535778e-01 7.5825916210e-02 3.5499682661e+02 3.2467932609e+00 8.3840866706e-01 1.7822440082e+01 1.1762817614e-02 1.0000000000e+00
8.0129324728e+01 7.5867231520e+01 6.7871028335e+01 9.4680981997e-01 2.5907799434e-01 1.3552988526e+03 2.8168142932e+00 9.9786495160e-01 9.0465482463e+00 9.7932253423e-03 1.0000000000e+00
6.5746328873e+01 5.0972118627e+01 5.0314668461e+01 7.7528463567e-01 7.5232765889e-02 3.5207632438e+02 1.0454591429e+01 -8.5684135318e-01 1.3043845947e+01 7.9695243626e-03 9.5493050751e-03
3.5534669175e+01 2.6296188708e+01 2.6551312613e+01 7.4001501402e-01 2.7562179307e-02 1.2468275892e+02 1.8853170606e+01 5.4393211571e-01 9.0418140632e+00 9.7998127366e-03 1.0716543655e-02
2.7016264420e+01 2.3643339680e+01 2.1992171506e+01 8.7515206810e-01 3.1342548378e-02 1.4217843408e+02 1.3149006856e+01 -7.3375808388e-01 8.5058039688e+00 1.2590456608e-02 1.4424843337e-02
3.6424177916e+01 3.3657680213e+01 3.0476370277e+01 9.2404776549e-01 5.1155034087e-02 2.3539805700e+02 7.3756956332e+00 -9.6865402634e-01 1.2156593911e+01 1.2603055913e-02 1.6895293954e-02
3.4535281096e+01 3.3941165049e+01 2.9804758140e+01 9.8279683765e-01 5.3948351895e-02 2.4874509494e+02 1.5936564983e+01 9.5296078095e-01 9.0491329846e+00 9.5572322932e-03 1.0651245592e-02
5.8997024778e+01 5.8234394422e+01 5.1026643314e+01 9.8707340991e-01 4.7588579820e-02 2.1842972026e+02 7.5948489442e+01 -8.7667122444e-01 1.0310457212e+01 3.8171015861e-03 3.8953390599e-03
3.8396256680e+01 2.4294064623e+01 2.6450466870e+01 6.3271961183e-01 1.9014556921e-02 8.5472415182e+01 7.4198244619e+01 6.9538003779e-01 1.0776129569e+01 5.9073071165e-03 6.0313539677e-03
4.1453272460e+01 4.1114207984e+01 3.5939219665e+01 9.9182056192e-01 2.7748676265e-02 1.2554366466e+02 6.6371682971e+01 6.6981534457e-01 1.0542217569e+01 5.0584498757e-03 5.1777456642e-03
4.5147256413e+01 4.2754871370e+01 3.8244615854e+01 9.4700929286e-01 8.5006482476e-02 4.0047864780e+02 1.7538109419e+01 -9.8530878024e-01 8.0740420999e+00 7.7477492166e-03 8.5375810198e-03
2.9279121896e+01 2.3470370590e+01 2.2793086558e+01 8.0160773515e-01 1.5029931429e-02 6.7359896724e+01 1.2826090476e+02 -8.5041815540e-01 1.1462917644e+01 5.2930882858e-03 5.3563513673e-03
4.6034588319e+01 2.2296462832e+01 2.7533950064e+01 4.8434152766e-01 4.8136474590e-02 2.2103114507e+02 4.6058426702e+00 8.1485475144e-01 1.0444612375e+01 1.6050954332e-02 3.4344470448e-02
3.4446556125e+01 2.4470435686e+01 2.5201384096e+01 7.1038845211e-01 1.9472335658e-02 8.7560078460e+01 9.4583982078e+01 8.0367063386e-01 1.0428959172e+01 5.5573051689e-03 5.6480894435e-03
3.6967260410e+01 2.4018692396e+01 2.5821056832e+01 6.4972876349e-01 3.1952976318e-02 1.4501233270e+02 6.4569122021e+01 9.6781182135e-01 8.7988205169e+00 6.2681619911e-03 6.4202998657e-03
8.4300877976e+01 6.9645481336e+01 6.6644013033e+01 8.2615368913e-01 1.1169194174e-01 5.3562003507e+02 2.4509560188e+01 -7.3635635814e-01 8.1972192047e+00 4.7569537042e-03 5.0856458496e-03
8.4232240461e+01 7.5677603179e+01 6.9485212990e+01 8.9843987011e-01 9.4395805179e-02 4.4753348156e+02 1.5140190185e+01 6.5179915099e-01 1.0943879728e+01 5.6066666572e-03 6.2902695771e-03
7.6658757913e+01 6.5526378441e+01 6.1661761424e+01 8.5478006982e-01 1.1517172619e-01 5.5355975833e+02 3.6589946570e+01 -9.8804509505e-01 8.1371370741e+00 4.2885603843e-03 4.4788428757e-03
7.5831834319e+01 4.5457503107e+01 5.0781994998e+01 5.9945145090e-01 6.8974675322e-02 3.2139758886e+02 6.8065345194e+01 9.5928457488e-01 8.1824072050e+00 3.9391293255e-03 4.0296174606e-03
2.7930837284e+01 2.6933687375e+01 2.3876438023e+01 9.6429931911e-01 1.2555569928e-02 5.6165883753e+01 2.7132418403e+02 7.9189169057e-01 9.8895620618e+00 3.8881660202e-03 3.9098819622e-03
6.3001116543e+01 6.0745321609e+01 5.3853025562e+01 9.6419436578e-01 2.3353502299e-02 1.0531583006e+02 1.1013206690e+02 8.5554927841e-01 1.7170356498e+01 3.2578471487e-03 3.3033598976e-03
3.0797125145e+01 2.3435229416e+01 2.3344035782e+01 7.6095509907e-01 1.7548972230e-02 7.8798127762e+01 1.5904912101e+02 8.0074181498e-01 8.8391415886e+00 4.8030209158e-03 4.8491175776e-03
3.4495312913e+01 3.3156314719e+01 2.9440159281e+01 9.6118318460e-01 2.8871952066e-02 1.3073377344e+02 5.3536193242e+01 8.9063551671e-01 1.1092761559e+01 6.2067536490e-03 6.3901540794e-03
3.3870377273e+01 3.2568397681e+01 2.8912492474e+01 9.6155993240e-01 4.2505300496e-02 1.9438663084e+02 1.3183169700e+01 -6.5783876208e-01 8.3064968418e+00 1.0530183134e-02 1.2059273265e-02
4.4407929475e+01 3.0978106093e+01 3.2184817543e+01 6.9758051004e-01 2.2127123453e-02 9.9694517350e+01 2.1206147394e+02 7.9666655052e-01 8.1152457594e+00 3.5178320340e-03 3.5430427187e-03
3.3832424825e+01 2.6471244909e+01 2.6013317798e+01 7.8242233731e-01 1.2282447178e-02 5.4932792032e+01 1.2646773540e+01 -4.1776790407e-01 1.8402320783e+01 1.1637707344e-02 1.3421144525e-02
5.0331981914e+01 4.7237391373e+01 4.2443897765e+01 9.3851641791e-01 5.9994225731e-02 2.7780446529e+02 3.0152968082e+01 8.5279418305e-01 9.5434415077e+00 6.0113600803e-03 6.3409035831e-03
7.9801545782e+01 7.2739238443e+01 6.6311803126e+01 9.1150162231e-01 9.7627838087e-02 4.6385589082e+02 1.4863117010e+01 6.3821428126e-01 9.9321429864e+00 5.8023084582e-03 6.5261808188e-03
3.1470858915e+01 2.9615944394e+01 2.6574862700e+01 9.4105929785e-01 1.7263501328e-02 7.7499757671e+01 9.1664521596e+01 7.1769874929e-01 1.1440405087e+01 5.4469696688e-03 5.5388739940e-03
2.3450620442e+01 2.2175003564e+01 1.9850390653e+01 9.4560413100e-01 1.1546229699e-02 5.1611419562e+01 2.4141120130e+02 -7.6256027943e-01 9.2510176765e+00 4.5621017313e-03 4.5907753900e-03
2.8318614744e+01 2.7170527609e+01 2.4146847747e+01 9.5945821699e-01 2.3144747989e-02 1.0435826506e+02 2.9894770543e+01 -7.7904861708e-01 1.1206743521e+01 8.7715043274e-03 9.2569467602e-03
2.9827794662e+01 1.8722741126e+01 2.0462351512e+01 6.2769444870e-01 1.6344246459e-02 7.3322527961e+01 7.5404737324e+01 6.1344950312e-01 8.3150664435e+00 6.9047589643e-03 7.0473424345e-03
7.0286331565e+01 6.7848529588e+01 6.0115453969e+01 9.6531613013e-01 1.1020786835e-01 5.2799107196e+02 2.5813582743e+01 -8.7664767833e-01 8.5092827052e+00 4.9800489988e-03 5.3046177893e-03
5.4988522173e+01 4.3085433405e+01 4.2310754516e+01 7.8353503063e-01 3.6744911604e-02 1.6734366404e+02 1.1187579654e+01 2.9830091027e-01 1.0482082238e+01 8.8576397635e-03 1.0456240528e-02
4.1079005936e+01 3.8773482385e+01 3.4740426796e+01 9.4387586801e-01 5.3894335456e-02 2.4848651900e+02 1.0197204574e+01 9.5723447040e-01 1.2492777104e+01 1.0267629311e-02 1.2375910738e-02
3.6850096824e+01 3.6028728435e+01 3.1719933499e+01 9.7771055004e-01 3.3370323131e-02 1.5160176955e+02 6.1184921914e+01 -8.3808313370e-01 9.5116430225e+00 5.6193545035e-03 5.7636488034e-03
4.8522789240e+01 4.0955704353e+01 3.8780406875e+01 8.4405090874e-01 2.0818993982e-02 9.3709494324e+01 9.9588714307e+01 4.3306792231e-01 9.5675838600e+00 4.1602196042e-03 4.2246678598e-03
3.4604877562e+01 2.7392562200e+01 2.6766231695e+01 7.9158095995e-01 2.9040670867e-02 1.3151405913e+02 3.8476956389e+01 -6.7011414024e-01 8.4209073443e+00 7.4551797377e-03 7.7684619018e-03
3.6485819662e+01 3.0242868785e+01 2.8892540963e+01 8.2889377478e-01 1.1232752621e-02 5.0198303808e+01 1.0685000554e+02 4.4057667616e-01 1.2958844275e+01 4.8989978224e-03 4.9695959774e-03
4.0860715491e+01 2.7906450338e+01 2.9290724508e+01 6.8296528838e-01 2.6550095975e-02 1.2001479223e+02 1.0504879373e+01 -8.9565858273e-01 1.8550828023e+01 1.1483656095e-02 1.3744758434e-02
3.7471126589e+01 2.9375863976e+01 2.8840053881e+01 7.8395998867e-01 4.0876305286e-02 1.8671718145e+02 4.1707705827e+01 -9.8938773592e-01 9.1444997615e+00 6.8543714563e-03 7.1184830958e-03
6.7851806489e+01 4.8267831822e+01 4.9676431240e+01 7.1137135943e-01 6.1307611995e-02 2.8414803146e+02 3.8592346003e+00 -8.0334695444e-01 1.9628252731e+01 1.1768957872e-02 1.0000000000e+00
7.4346142656e+01 7.1169538196e+01 6.3321266686e+01 9.5727277373e-01 3.5692344163e-02 1.6242561604e+02 1.1036347615e+02 6.0358242054e-01 9.0483442456e+00 2.9199371519e-03 2.9606414980e-03
3.4710075067e+01 3.3956108150e+01 2.9886530082e+01 9.7827815366e-01 7.8677093779e-02 3.6906585581e+02 3.9820854899e+00 -9.1347741927e-01 8.1378072669e+00 1.5817940262e-02 1.0000000000e+00
4.5285050602e+01 3.3485656457e+01 3.3823243801e+01 7.3944173654e-01 1.6570504900e-02 7.4350156012e+01 1.9101451146e+02 4.7512432933e-01 8.1055723876e+00 3.5587737763e-03 3.5871292668e-03
3.7820346877e+01 3.6365179270e+01 3.2283670653e+01 9.6152421309e-01 6.9094583140e-02 3.2198309560e+02 1.1588082265e+01 9.6512180468e-01 8.6932494188e+00 1.0154697861e-02 1.1902051723e-02
3.1186335513e+01 2.6285170931e+01 2.4906607410e+01 8.4284256226e-01 1.9795248128e-02 8.9033534369e+01 1.6281769828e+01 -5.8142321209e-01 1.2525973746e+01 1.0827181433e-02 1.2034572309e-02
2.2908985595e+01 1.4221315065e+01 1.5625059404e+01 6.2077454308e-01 1.0297511888e-02 4.5986279764e+01 1.2238221938e+02 8.6241614807e-01 1.1034195159e+01 6.8408020070e-03 6.9265817376e-03
4.4524933540e+01 2.0057533977e+01 2.5615660759e+01 4.5047869547e-01 2.0532499658e-02 9.2400228700e+01 5.0826971215e+01 6.8205464739e-01 1.0563755405e+01 6.9390921474e-03 7.1556973802e-03
7.2452670850e+01 6.0642720786e+01 5.7659018179e+01 8.3699772658e-01 8.8991061237e-02 4.2038125780e+02 1.2358525283e+01 -8.9656739055e-01 1.3040378444e+01 6.8194763162e-03 7.8965955843e-03
3.2813510360e+01 3.2751137807e+01 2.8538655201e+01 9.9809918075e-01 2.1274479593e-02 9.5792165767e+01 3.4463760122e+01 5.2116365562e-01 1.0642976765e+01 7.4998012764e-03 7.8549231046e-03
3.2518969802e+01 2.0929291513e+01 2.2602062269e+01 6.4360253846e-01 3.9797419738e-02 1.8164719109e+02 1.2366354717e+01 -8.5215135494e-01 8.0814307318e+00 1.2600698032e-02 1.4589289383e-02
3.9101817627e+01 3.7927178257e+01 3.3524139554e+01 9.6995946887e-01 1.6849901253e-02 7.5619599507e+01 1.1062453628e+02 -4.9821259432e-01 1.0680410770e+01 4.3912927183e-03 4.4523598017e-03
7.6474112736e+01 6.7690181907e+01 6.2611273106e+01 8.8513850616e-01 7.0214108942e-02 3.2745407714e+02 5.1420777518e+00 1.0611397569e-01 9.9745905025e+00 9.0973886603e-03 1.5994028371e-02
4.2264819656e+01 3.5192433500e+01 3.3546295865e+01 8.3266493945e-01 1.6819999071e-02 7.5483713363e+01 7.1733053631e+01 -4.0657010345e-01 1.1261175885e+01 5.1638140004e-03 5.2761251616e-03
2.3351153855e+01 2.2006312655e+01 1.9732568396e+01 9.4240793375e-01 2.9264560696e-02 1.3254978771e+02 5.1777308938e+00 -7.5030854370e-01 9.2754615784e+00 1.9133714624e-02 3.3339518243e-02
3.3414884078e+01 2.9735701173e+01 2.7431869720e+01 8.8989388990e-01 1.6806368120e-02 7.5421771464e+01 1.1034414593e+02 4.8252651033e-01 8.5587218537e+00 4.9826021895e-03 5.0520728655e-03
4.9204574662e+01 4.7195129104e+01 4.1949467893e+01 9.5916140783e-01 7.6642899649e-02 3.5902301717e+02 8.0615992546e+00 -6.2401872929e-01 8.3918599131e+00 9.8347642833e-03 1.2717756510e-02
3.8370996488e+01 3.3566508679e+01 3.1228740967e+01 8.7478855781e-01 2.5479549138e-02 1.1508454377e+02 3.2085498397e+01 -7.7600965822e-01 1.3773748586e+01 7.2632170469e-03 7.6350874881e-03
5.8341825113e+01 4.7787969122e+01 4.5921037000e+01 8.1910308821e-01 8.1225505764e-02 3.8168374409e+02 8.1589290609e+00 -5.6027405930e-01 8.2295073629e+00 9.2279095402e-03 1.1880854991e-02
2.7451596620e+01 2.6832567270e+01 2.3626711087e+01 9.7745015133e-01 1.6044438395e-02 7.1961376806e+01 4.5177344975e+01 -6.0819550675e-01 1.1533965172e+01 7.6494109882e-03 7.9200218852e-03
3.3794156906e+01 3.3389877017e+01 2.9242913933e+01 9.8803698844e-01 1.5262441988e-02 6.8413882350e+01 2.5012207010e+02 6.3519637181e-01 8.2869753366e+00 3.5256515174e-03 3.5470305519e-03
6.3998044852e+01 5.6302055922e+01 5.2234973405e+01 8.7974649932e-01 4.8038826038e-02 2.2056736431e+02 3.8302565831e+00 -6.1433975391e-01 2.1388231553e+01 1.1527856825e-02 1.0000000000e+00
4.4806045775e+01 3.4808150347e+01 3.4325149367e+01 7.7686280378e-01 4.9884004916e-02 2.2934141206e+02 3.6981411381e+01 9.2558127777e-01 9.0096171329e+00 6.3966978981e-03 6.6772660766e-03
4.1903312136e+01 2.2227575479e+01 2.6306969253e+01 5.3044913030e-01 1.6831507088e-02 7.5536009178e+01 1.7966597968e+02 6.6058642986e-01 8.3994824125e+00 4.2601134703e-03 4.2962345894e-03
3.6492531095e+01 3.6429808429e+01 3.1741277785e+01 9.9828121908e-01 2.4081881064e-02 1.0865919736e+02 6.7784048561e+01 -9.2340576277e-01 1.3917159045e+01 5.4359255334e-03 5.5613378896e-03
3.6011471575e+01 3.0723995786e+01 2.8938752010e+01 8.5317245983e-01 3.7668624648e-02 1.7166561137e+02 1.8933474985e+01 6.5000373272e-01 8.4570257124e+00 9.2150525662e-03 1.0072768696e-02
2.4091574568e+01 1.8715248751e+01 1.8455842423e+01 7.7683792309e-01 1.4268497819e-02 6.3910801099e+01 8.7031953500e+00 -4.5210698467e-01 1.1146672558e+01 1.6571505377e-02 2.0873443697e-02
3.1955393404e+01 3.0724353061e+01 2.7276629402e+01 9.6147628893e-01 2.3531825810e-02 1.0613403651e+02 2.0336892854e+02 -9.4591579058e-01 8.0437181448e+00 3.9594191919e-03 3.9890240616e-03
6.8432547441e+01 6.5499270368e+01 5.8280430206e+01 9.5713622855e-01 3.4164420952e-02 1.5529939629e+02 2.0009729341e+02 -9.7689511977e-01 8.1901633169e+00 2.4625500970e-03 2.4812680300e-03
3.3347357853e+01 2.9412474122e+01 2.7253321431e+01 8.8200313354e-01 2.6834384648e-02 1.2132531535e+02 4.2655241508e+00 -2.8379011213e-01 9.4301471416e+00 1.6840546859e-02 4.7704223535e-02
3.7836812380e+01 3.6428662730e+01 3.2318951994e+01 9.6278360778e-01 4.7936560901e-02 2.2008172305e+02 1.0076432750e+01 -7.3242808349e-01 1.0006450947e+01 1.0828306128e-02 1.3089779124e-02
6.1261421545e+01 5.9095776255e+01 5.2378335557e+01 9.6464911790e-01 4.3185478777e-02 1.9759406706e+02 1.2843752049e+02 8.9421409978e-01 8.5391051580e+00 3.0918293039e-03 3.1287309659e-03
6.2738851774e+01 5.3790268140e+01 5.0542564257e+01 8.5736774931e-01 4.6496920956e-02 2.1325225894e+02 1.0602512877e+02 8.3855446242e-01 8.3163436886e+00 3.3905521063e-03 3.4398027901e-03
6.3009551689e+01 4.1093028187e+01 4.4097343026e+01 6.5217141030e-01 2.5441572379e-02 1.1490978650e+02 1.1038489663e+02 -7.2542943318e-01 1.1878445257e+01 3.6834309490e-03 3.7347682882e-03
3.4433162700e+01 3.0264460282e+01 2.8091067536e+01 8.7893350214e-01 2.8613322942e-02 1.2953803737e+02 2.6017950995e+01 -8.2450714298e-01 1.2006805196e+01 8.3787762036e-03 8.9200371285e-03
4.9450811295e+01 4.2095371133e+01 3.9693245536e+01 8.5125744211e-01 2.9346733571e-02 1.3293000750e+02 1.3048387221e+02 8.4843567009e-01 9.9428401159e+00 3.6858528342e-03 3.7291394363e-03
5.5352365911e+01 5.4102161173e+01 4.7639120566e+01 9.7741370730e-01 4.6325159525e-02 2.1243833876e+02 3.2467617713e+01 -6.0131124243e-01 1.0269032827e+01 5.4841311430e-03 5.7612944068e-03
4.0005967090e+01 3.1987809303e+01 3.1103307358e+01 7.9957595404e-01 3.6537323695e-02 1.6637315084e+02 2.9738567274e+01 8.1982703024e-01 1.0298659928e+01 7.4418520117e-03 7.8560982615e-03
8.1289105402e+01 6.9455823817e+01 6.5372646070e+01 8.5442967385e-01 7.1386432890e-02 3.3319152329e+02 4.2813706804e+00 5.8916933876e-01 1.9562069722e+01 9.4784713639e-03 2.6308876273e-02
7.4258753881e+01 5.7024815060e+01 5.6551593992e+01 7.6792044143e-01 9.7018344429e-02 4.6077295178e+02 1.4012124229e+01 -8.3417531746e-01 1.0537560643e+01 6.5549598809e-03 7.4355259560e-03
3.3136274486e+01 3.3003848359e+01 2.8789091353e+01 9.9600359035e-01 1.5073872441e-02 6.7559056494e+01 8.7592162865e+01 -4.5561270066e-01 1.0538170772e+01 5.2773727431e-03 5.3706908326e-03
3.9954616245e+01 2.6350058405e+01 2.8125502981e+01 6.5949972447e-01 2.0199783655e-02 9.0880417364e+01 2.7943416491e+00 -7.6455473438e-01 1.9580443834e+01 1.9428978869e-02 1.0000000000e+00
3.8296012203e+01 3.7869839840e+01 3.3152489929e+01 9.8887162556e-01 2.0953693757e-02 9.4325254616e+01 1.2420126112e+02 -9.6485107490e-01 1.3817906043e+01 4.2234963001e-03 4.2756631823e-03
6.7992372741e+01 5.6470476495e+01 5.3896559389e+01 8.3054134189e-01 6.8218801445e-02 3.1770876114e+02 5.8889022811e+01 -9.0134493998e-01 8.8125800964e+00 4.0088478670e-03 4.1160002612e-03
6.0757308049e+01 4.6102418787e+01 4.5986518219e+01 7.5879627106e-01 6.4676606311e-02 3.0047010969e+02 8.1721448415e+00 -8.8633965643e-01 1.4949618639e+01 9.3033545421e-03 1.1971010898e-02
3.0278193112e+01 1.7038838556e+01 1.9612748851e+01 5.6274291181e-01 1.0725701837e-02 4.7913979913e+01 4.1752006443e+02 -9.4023821480e-01 9.2594996964e+00 3.7448495631e-03 3.7583927577e-03
3.9625447681e+01 3.2351028963e+01 3.1137178151e+01 8.1642052914e-01 3.2857541826e-02 1.4921625818e+02 1.3666204516e+02 -9.8063858567e-01 8.1078865958e+00 4.2070529374e-03 4.2541807401e-03
4.1007899040e+01 2.7889794194e+01 2.9332343430e+01 6.8010785355e-01 2.6729693595e-02 1.2084264505e+02 2.4340985970e+01 6.4371732732e-01 1.1214335137e+01 8.3712850171e-03 8.9542546427e-03
7.9878900948e+01 6.2144671278e+01 6.1239198660e+01 7.7798605815e-01 3.5085717781e-02 1.5959448723e+02 2.6260477192e-01 6.0866176443e-01 9.6512241071e+00 2.8736153067e-02 1.0000000000e+00
3.1978280980e+01 3.0716591677e+01 2.7282896679e+01 9.6054543071e-01 3.5962690581e-02 1.6368809968e+02 2.0606670913e+01 -8.6778808308e-01 1.0278016142e+01 9.2714184765e-03 1.0052941490e-02
7.1448520898e+01 3.8227178271e+01 4.5060624707e+01 5.3503106560e-01 5.4015214421e-02 2.4906519081e+02 7.3180278783e+00 6.9243533478e-01 1.4438629924e+01 9.8825817488e-03 1.3294994940e-02
3.5989016874e+01 3.1019320844e+01 2.9070706859e+01 8.6191075886e-01 6.5223907435e-02 3.0312845899e+02 4.5034704238e+00 -9.1056944715e-01 9.4184817858e+00 1.5489242865e-02 3.5226556873e-02
3.6777476280e+01 3.3218147148e+01 3.0420070763e+01 9.0321986466e-01 1.5301496666e-02 6.8590955255e+01 1.6727512502e+02 7.4329952269e-01 1.1991344175e+01 3.9997878134e-03 4.0362560097e-03
6.1530081265e+01 5.7025941569e+01 5.1559802808e+01 9.2679776130e-01 9.1060223722e-02 4.3075509771e+02 1.7887132569e+01 7.2649702870e-01 8.2159861499e+00 6.3586949245e-03 6.9918329445e-03
3.1389227737e+01 2.2297893435e+01 2.2964270644e+01 7.1036769755e-01 2.9231161284e-02 1.3239525896e+02 2.7334555403e+01 7.5363459708e-01 8.2936570954e+00 9.3255670314e-03 9.8956067817e-03
6.5798102964e+01 3.1822377042e+01 3.9324155616e+01 4.8363669480e-01 1.1002825078e-02 4.9162238803e+01 1.0424869219e+02 -6.7768700435e-01 2.4282651840e+01 4.0786073986e-03 4.1388898178e-03
3.2047019550e+01 3.1193711763e+01 2.7524120050e+01 9.7337325596e-01 2.6532011381e-02 1.1993144335e+02 8.4362362525e+01 -9.5546269339e-01 1.0347101162e+01 5.4662092813e-03 5.5666929803e-03
4.6800420597e+01 3.3679351463e+01 3.4469163032e+01 7.1963779455e-01 2.0041824446e-02 9.0159134339e+01 7.6090538836e+01 -5.3890129555e-01 1.1286230054e+01 4.9561141118e-03 5.0575005967e-03
3.9418365695e+01 3.3804900384e+01 3.1759755147e+01 8.5759264210e-01 1.4443106850e-02 6.4701391431e+01 1.2978656971e+02 2.8013563753e-01 8.3973113951e+00 4.2844399438e-03 4.3350325694e-03
3.9554719842e+01 3.5804563844e+01 3.2753270202e+01 9.0519068236e-01 2.5291005674e-02 1.1421701908e+02 1.2663645956e+02 6.8966576809e-01 8.3091525710e+00 4.2135443861e-03 4.2645651811e-03
3.5177997814e+01 3.1111556063e+01 2.8789007389e+01 8.8440383184e-01 1.4279985040e-02 6.3962806373e+01 1.5174464983e+02 -8.2871496432e-01 1.4061617105e+01 4.2967281868e-03 4.3399876147e-03
3.4555847632e+01 2.9855900776e+01 2.7947181787e+01 8.6398982581e-01 4.1038440676e-02 1.8747975615e+02 1.1303022005e+01 -7.5344426980e-01 9.5491971536e+00 1.1404986794e-02 1.3434740222e-02
3.3451885218e+01 2.5504787455e+01 2.5381588037e+01 7.6243199117e-01 1.6168242060e-02 7.2523381938e+01 5.5075688548e+01 -5.2452318618e-01 1.0678581497e+01 6.7902069647e-03 6.9849395384e-03
3.7948962032e+01 3.2983396584e+01 3.0784229409e+01 8.6915148185e-01 1.5702361786e-02 7.0409057185e+01 2.5664701872e+02 6.5632541027e-01 8.4200595899e+00 3.3805350326e-03 3.4005072735e-03
2.8857753966e+01 2.4297117291e+01 2.3034657111e+01 8.4196148180e-01 1.7832433008e-02 8.0087893598e+01 1.6642616248e+02 7.7632633598e-01 8.2058740368e+00 4.7607608955e-03 4.8043924500e-03
4.5255642324e+01 4.5040855172e+01 3.9303699947e+01 9.9525391440e-01 6.7984367393e-02 3.1656540377e+02 5.0530927404e+00 7.4665311882e-01 1.1490174920e+01 1.2266278192e-02 2.2086240847e-02
3.8015437758e+01 2.8808523922e+01 2.8754257502e+01 7.5781118464e-01 1.3812387111e-02 6.1846598155e+01 2.9739439011e+01 -2.3694071955e-01 1.2074813939e+01 7.9251704069e-03 8.3663059946e-03
6.9217133881e+01 6.3141286234e+01 5.7539476608e+01 9.1222046758e-01 6.8866414512e-02 3.2086903192e+02 4.2118304711e+00 4.0366874201e-01 1.3499774408e+01 1.0343995568e-02 3.1740900568e-02
3.8698599644e+01 1.7388691905e+01 2.2233324354e+01 4.4933646346e-01 2.4242860270e-02 1.0939859032e+02 3.1122524629e+01 8.1268037965e-01 9.8998964391e+00 9.0915533718e-03 9.5728743318e-03
8.4066258675e+01 8.2007001707e+01 7.2280916352e+01 9.7550435810e-01 9.4596195848e-02 4.4854363979e+02 9.0206234479e+00 8.0816743458e-01 1.6388995999e+01 6.6417656081e-03 8.2739546104e-03
5.9198639379e+01 3.0429372254e+01 3.6548880462e+01 5.1402148045e-01 6.8953890851e-02 3.2129610804e+02 2.8386408642e+01 -9.9563332015e-01 8.2303335790e+00 6.7159687593e-03 7.1095914284e-03
5.0594580896e+01 4.5329193281e+01 4.1677719177e+01 8.9592981064e-01 7.8333727346e-02 3.6736884285e+02 4.5392368999e+00 -7.4818799218e-01 1.1279596011e+01 1.2236056298e-02 2.7201489365e-02
4.5826288845e+01 4.2746976251e+01 3.8525787244e+01 9.3280467017e-01 6.2310331582e-02 2.8899847609e+02 3.2614382507e+01 -9.2926022695e-01 8.6775880333e+00 6.1928488232e-03 6.5042881303e-03
3.5143774647e+01 3.3235241625e+01 2.9749781328e+01 9.4569356762e-01 3.1035853441e-02 1.4075553356e+02 2.9236736436e+00 3.2662337312e-01 8.4423005059e+00 1.8322044864e-02 1.0000000000e+00
3.8225507675e+01 2.8621598977e+01 2.8735037603e+01 7.4875654290e-01 4.9720179324e-02 2.2856151461e+02 7.1060419417e+00 6.5497594480e-01 8.2285080594e+00 1.3270338721e-02 1.8099420800e-02
4.8069408747e+01 4.4596353439e+01 4.0301110841e+01 9.2774915693e-01 5.1917647983e-02 2.3903701111e+02 3.3607122614e+01 -8.4706021926e-01 9.9337005690e+00 5.9902820317e-03 6.2818193533e-03
4.3563825638e+01 3.6687152271e+01 3.4777146225e+01 8.4214716530e-01 5.7920202673e-02 2.6780943001e+02 1.9815416950e+01 9.0987756944e-01 9.2854823724e+00 7.9790788119e-03 8.6830783175e-03
8.5616830539e+01 6.7053590799e+01 6.5862427118e+01 7.8318235302e-01 1.4794386930e-01 7.2601660460e+02 3.0672723104e+00 -6.6406082643e-01 1.0148407970e+01 1.0239756463e-02 1.0000000000e+00
3.1884744124e+01 2.7570749466e+01 2.5797671424e+01 8.6470035198e-01 2.5221011796e-02 1.1389502366e+02 1.3910584135e+02 -9.5832708386e-01 8.5100391904e+00 4.7224511792e-03 4.7744042962e-03
7.0449771506e+01 6.5046981188e+01 5.8922106325e+01 9.2331003774e-01 4.7238054436e-02 2.1676642860e+02 8.5774417782e+01 7.8062857851e-01 9.6788413115e+00 3.3339514929e-03 3.3941958341e-03
3.2858437422e+01 2.8801614072e+01 2.6769327657e+01 8.7653632770e-01 3.5805437965e-02 1.6295369167e+02 2.1117878701e+01 -7.1799699512e-01 8.4723305738e+00 9.2972519979e-03 1.0058998245e-02
3.5804113479e+01 3.4017154560e+01 3.0379526357e+01 9.5009068104e-01 4.1032558660e-02 1.8745208816e+02 1.5337242723e+01 -5.8485668673e-01 8.0757651385e+00 9.6546645668e-03 1.0813147617e-02
3.1193544181e+01 2.4732469897e+01 2.4147743438e+01 7.9287142729e-01 1.0430719359e-02 4.6585844230e+01 1.2862877343e+02 3.6813482656e-01 9.8122266554e+00 5.1145156396e-03 5.1754657490e-03
8.2680997959e+01 8.1579409020e+01 7.1496565497e+01 9.8667663712e-01 1.4199233796e-01 6.9423286466e+02 2.7354487740e+01 -9.5081193740e-01 8.4062180277e+00 4.2960298655e-03 4.5584178447e-03
4.8529686956e+01 4.1358770037e+01 3.8976629222e+01 8.5223648928e-01 5.7289461326e-02 2.6477522740e+02 1.8924501008e+01 7.8206299955e-01 9.5497001364e+00 7.5624534764e-03 8.2667432120e-03
2.6875429093e+01 2.3695709569e+01 2.1960110880e+01 8.8168674394e-01 1.6618124282e-02 7.4566478861e+01 1.3596105853e+02 9.6805000141e-01 1.1038113353e+01 5.2953547036e-03 5.3549859552e-03
8.2957374430e+01 5.8940793827e+01 6.0697000468e+01 7.1049492865e-01 2.1856399160e-01 1.1182705463e+03 2.6807371048e+00 9.1866492355e-01 8.0715243559e+00 1.0919196386e-02 1.0000000000e+00
4.3356895328e+01 3.2277361395e+01 3.2496007914e+01 7.4445739600e-01 2.1330658511e-02 9.6049134901e+01 1.4068522991e+01 7.0133595990e-01 1.9736519290e+01 9.6761995433e-03 1.0969475002e-02
3.0285635047e+01 2.0848311996e+01 2.1799306915e+01 6.8838946132e-01 2.1941469853e-02 9.8844412973e+01 7.7810551582e+00 5.2210497629e-01 1.0334264300e+01 1.5501130223e-02 2.0318793664e-02
3.1113358254e+01 2.0143667250e+01 2.1692049014e+01 6.4742825526e-01 1.8302582174e-02 8.2228286120e+01 3.2407286250e+01 -7.5433035090e-01 1.1748028047e+01 9.1268067458e-03 9.5890083953e-03
4.7444940466e+01 4.5557186726e+01 4.0471519072e+01 9.6021169547e-01 3.4444769473e-02 1.5660579434e+02 4.0990108973e+01 5.8564265483e-01 1.0358134388e+01 5.6040962045e-03 5.8240907094e-03
4.3371957036e+01 3.6007264504e+01 3.4373054102e+01 8.3019690520e-01 6.7847257306e-02 3.1589686528e+02 5.6032674258e+00 8.1059981271e-01 9.9521090409e+00 1.2832187603e-02 2.0515824170e-02
5.1694345511e+01 4.9350066937e+01 4.3967929207e+01 9.5465116057e-01 6.1271255549e-02 2.8397228476e+02 1.6257941514e+01 -8.5881941000e-01 1.1813339678e+01 7.4074657283e-03 8.2349820210e-03
5.9306310852e+01 5.8654308321e+01 5.1344400539e+01 9.8900618633e-01 6.7722105684e-02 3.1528673884e+02 3.3605792966e+01 -7.9984430293e-01 9.5886317411e+00 5.1011825036e-03 5.3494595148e-03
5.0170923485e+01 3.2986102909e+01 3.5260630406e+01 6.5747450151e-01 6.8224679493e-02 3.1773743340e+02 1.2868823330e+01 -8.1559104706e-01 8.1922039151e+00 9.2442834522e-03 1.0629199702e-02
2.7131808719e+01 9.9838119201e+00 1.3987939238e+01 3.6797443266e-01 1.2548557908e-02 5.6134219696e+01 4.3066417791e+01 -7.5701480287e-01 9.0760212908e+00 1.0830230858e-02 1.1233456264e-02
3.2632387716e+01 2.9751588024e+01 2.7119444697e+01 9.1171961682e-01 3.2105406782e-02 1.4572036976e+02 1.2394087378e+01 5.7461568184e-01 9.2214438053e+00 1.1287226935e-02 1.3063292682e-02
3.8852307437e+01 1.8524919208e+01 2.3043899528e+01 4.7680357822e-01 2.0458061358e-02 9.2060138509e+01 1.1389442993e+01 8.3500443973e-01 1.5960105029e+01 1.2990858502e-02 1.5279069124e-02
6.7251077034e+01 5.6653363584e+01 5.3695463045e+01 8.4241570667e-01 9.7111120983e-02 4.6124208783e+02 1.3510682389e+00 9.1717035468e-01 1.0434945424e+01 1.6276054315e-02 1.0000000000e+00
2.5482300137e+01 2.4276986258e+01 2.1651361477e+01 9.5269995751e-01 1.5503475673e-02 6.9506885700e+01 5.0154098506e+01 5.5608987187e-01 9.7630802918e+00 7.7705487906e-03 8.0165545135e-03
4.0539838250e+01 4.0232911831e+01 3.5158076948e+01 9.9242901719e-01 5.7751017326e-02 2.6699530910e+02 1.7673825165e+01 8.1213203325e-01 8.7685084180e+00 8.2730649246e-03 9.1087048955e-03
6.5714380485e+01 5.8990581203e+01 5.4186251597e+01 8.9768146284e-01 2.2565933257e-02 1.0170472890e+02 6.5143925618e+01 3.7073984498e-01 1.3455416703e+01 3.9534864301e-03 4.0485590715e-03
2.8724684432e+01 2.1033987225e+01 2.1346779674e+01 7.3226173380e-01 1.2854702145e-02 5.7516977096e+01 1.4421188675e+02 9.8239323393e-01 1.3735162682e+01 5.2843995666e-03 5.3404362211e-03
3.7295766614e+01 3.1879459883e+01 2.9999373009e+01 8.5477422176e-01 4.2222022998e-02 1.9305169815e+02 1.2907775173e+00 -9.3419334183e-01 8.3487769922e+00 2.4599779025e-02 1.0000000000e+00
3.8410049032e+01 3.4394623370e+01 3.1632200259e+01 8.9545898110e-01 4.0682448924e-02 1.8580563719e+02 5.5833340989e+00 -6.6806486123e-01 1.2337948783e+01 1.3754058498e-02 2.2063594206e-02
4.2021710515e+01 4.1257679237e+01 3.6247629172e+01 9.8181817760e-01 2.3215868624e-02 1.0468446602e+02 1.8530186261e+02 8.6976420317e-01 9.8449070582e+00 3.4331005871e-03 3.4613108018e-03
3.2477761334e+01 2.5015740995e+01 2.4771706261e+01 7.7024215857e-01 1.8829309750e-02 8.4628007082e+01 2.8492434963e+01 8.2496269152e-01 1.5124160797e+01 8.8127471741e-03 9.3271274624e-03
3.7526458032e+01 2.7462748976e+01 2.7879225319e+01 7.3182363633e-01 1.9192467052e-02 8.6283594253e+01 3.9607818088e+01 -7.8774652910e-01 1.5155208391e+01 7.2325647712e-03 7.5271516383e-03
2.5925844450e+01 2.4044238139e+01 2.1732232646e+01 9.2742352851e-01 1.5706091723e-02 7.0425979157e+01 6.5521527555e+01 -4.9724206396e-01 8.3723800644e+00 7.0122353870e-03 7.1798492362e-03
3.9400161589e+01 3.5641567857e+01 3.2614619413e+01 9.0460461123e-01 3.7234861750e-02 1.6963539080e+02 3.2921143365e+01 9.9522959978e-01 1.2525512686e+01 6.9512316906e-03 7.2972471999e-03
3.8734988956e+01 3.0117819074e+01 2.9687378020e+01 7.7753524361e-01 1.1108278625e-02 4.9637373646e+01 6.0599597601e+02 -9.3418275253e-01 8.0605277871e+00 2.5126884726e-03 2.5189364125e-03
4.1294447355e+01 4.0916202248e+01 3.5783809159e+01 9.9084029134e-01 4.7921328307e-02 2.2000939160e+02 5.3783329954e+00 7.7142486090e-01 1.4256116920e+01 1.2857849252e-02 2.1424140379e-02
2.5950538909e+01 2.3444352206e+01 2.1467148697e+01 9.0342448333e-01 1.9210036550e-02 8.6363713606e+01 1.7724417970e+02 9.8234347850e-01 8.6088293371e+00 4.8549243191e-03 4.8966601489e-03
5.6189478595e+01 5.2039034243e+01 4.7067615826e+01 9.2613484845e-01 6.3310349482e-02 2.9384220581e+02 1.4437917996e+00 8.8467585683e-01 1.2545258446e+01 1.7578937754e-02 1.0000000000e+00
4.2625994051e+01 3.7937354775e+01 3.4995921804e+01 8.9000516281e-01 5.9707507647e-02 2.7642109528e+02 1.5333376796e+01 -7.8437354325e-01 8.5041019216e+00 8.7408649371e-03 9.7900258757e-03
3.9533704417e+01 2.8612359583e+01 2.9202804145e+01 7.2374597840e-01 3.6664870942e-02 1.6696942527e+02 4.1012952312e+01 8.0990996691e-01 8.5928972465e+00 6.8613728464e-03 7.1305619770e-03
5.7126066949e+01 5.5129969768e+01 4.8853007643e+01 9.6505803239e-01 1.3452012678e-01 6.5461797860e+02 1.1282238727e+01 -9.9467068231e-01 8.1560625620e+00 7.6288278825e-03 8.9899382068e-03
3.1505293650e+01 2.4157152722e+01 2.3974254326e+01 7.6676488055e-01 1.6026274529e-02 7.1878930789e+01 3.8094265494e+01 7.0012926945e-01 1.3724108913e+01 8.0805721425e-03 8.4238177353e-03
3.0780814733e+01 3.0318231465e+01 2.6593989870e+01 9.8497170160e-01 1.3417724144e-02 6.0061611936e+01 2.0865777642e+02 7.7660750969e-01 1.1351413276e+01 4.0089005320e-03 4.0381054161e-03
3.8852426833e+01 2.3453472854e+01 2.6113756623e+01 6.0365528658e-01 2.4931751759e-02 1.1256467390e+02 5.3686921015e+01 8.0535973788e-01 1.0117882192e+01 6.6987283908e-03 6.8960797246e-03
7.2100605030e+01 3.5362403700e+01 4.3414680870e+01 4.9045918110e-01 9.9155921728e-02 4.7159518222e+02 4.2169202032e+00 6.9873693208e-01 9.2016998956e+00 1.2116090993e-02 3.6865768699e-02
4.0650767366e+01 4.0560071942e+01 3.5349044500e+01 9.9776891237e-01 3.5058480336e-02 1.5946742640e+02 3.7862651484e+01 -9.5156925166e-01 1.3458675041e+01 6.2806198091e-03 6.5491702187e-03
4.1648023836e+01 4.0282146054e+01 3.5656230483e+01 9.6720425951e-01 4.1352586203e-02 1.8895776954e+02 7.5455088693e+00 3.4324431450e-01 8.8018333582e+00 1.1394736195e-02 1.5125439725e-02
4.3122167210e+01 3.9265683999e+01 3.5814229532e+01 9.1056842779e-01 2.0117649722e-02 9.0505351641e+01 2.0729699980e+02 -8.8926116361e-01 1.0737655885e+01 3.3228228655e-03 3.3471907140e-03
7.7966721226e+01 5.5448232936e+01 5.7073865376e+01 7.1117820609e-01 2.9698356634e-02 1.3455749489e+02 4.0445172569e+01 -3.3601755457e-01 1.2773221317e+01 4.5564715912e-03 4.7379303551e-03
3.1944684964e+01 2.6607214645e+01 2.5358911946e+01 8.3291523067e-01 4.7294079565e-02 2.1703222238e+02 1.4283316500e+01 8.9599003532e-01 8.0665795150e+00 1.1059495227e-02 1.2509681480e-02
2.8130877081e+01 2.7647742828e+01 2.4277961568e+01 9.8282548205e-01 1.0505757818e-02 4.6923643562e+01 1.6566961015e+02 -8.0130195563e-01 1.5113690697e+01 4.6356462973e-03 4.6783285028e-03
6.0499821921e+01 4.6531133171e+01 4.6110173359e+01 7.6911190304e-01 7.1162524609e-02 3.3209503136e+02 8.5572394645e+00 4.9643136345e-01 8.5444480814e+00 9.0941692544e-03 1.1517944225e-02
2.8492954405e+01 2.3701089607e+01 2.2603687149e+01 8.3182281730e-01 2.3664034895e-02 1.0674079102e+02 5.4029815445e+01 9.1905389739e-01 1.0068614658e+01 7.3193535975e-03 7.5335460468e-03
5.2206798493e+01 5.1743957844e+01 4.5246656532e+01 9.9113447554e-01 2.6866197498e-02 1.2147200047e+02 9.4508142530e+01 3.9578183047e-01 8.3006527253e+00 3.8386813562e-03 3.9014419934e-03
8.3254924833e+01 7.8133440181e+01 7.0205911677e+01 9.3848430393e-01 1.6706273229e-01 8.2948708721e+02 1.3638253613e+01 -8.9428015683e-01 8.7807008159e+00 5.5650462683e-03 6.3387545327e-03
4.0919821485e+01 3.8663578438e+01 3.4623978435e+01 9.4486185508e-01 4.1944904107e-02 1.9174629171e+02 1.1429930094e+01 9.0349581082e-01 1.4565714113e+01 9.9286642655e-03 1.1669114275e-02
4.7732195260e+01 4.7655480138e+01 4.1519881161e+01 9.9839280129e-01 3.1616957612e-02 1.4345207018e+02 2.5065522304e+01 1.4563379303e-01 8.0626806658e+00 6.6436668990e-03 7.0912377652e-03
6.2846202575e+01 5.0018340124e+01 4.8745382721e+01 7.9588484386e-01 3.1338562257e-02 1.4215993664e+02 4.6623164636e+01 3.5161439232e-01 9.9147241294e+00 4.7627838687e-03 4.9257163082e-03
3.1320072140e+01 1.2417080400e+01 1.6816485883e+01 3.9645759258e-01 1.7488094696e-02 7.8521200783e+01 6.6045639765e+01 9.5486656949e-01 9.2486599604e+00 8.1976396083e-03 8.3919647937e-03
3.4279824405e+01 2.8530677951e+01 2.7202195325e+01 8.3228775075e-01 2.9737581230e-02 1.3473909642e+02 2.1711835514e+01 7.5642900579e-01 1.0773041105e+01 9.1427736264e-03 9.8682542547e-03
3.3226129538e+01 2.9596482112e+01 2.7290325198e+01 8.9075924652e-01 3.2595283901e-02 1.4799687404e+02 6.7636976761e+01 8.8430369795e-01 8.3279076291e+00 5.9482593063e-03 6.0858029414e-03
2.9617746528e+01 2.6207343517e+01 2.4244828789e+01 8.8485271801e-01 1.4517714812e-02 6.5039261723e+01 6.8449669603e+00 9.2253274836e-01 2.9478865474e+01 1.5288231900e-02 2.1249198822e-02
3.6972510718e+01 3.0395746536e+01 2.9155734862e+01 8.2211745822e-01 3.5307685982e-02 1.6063013480e+02 2.7950784167e+01 8.3113435621e-01 1.0113819422e+01 7.9369217806e-03 8.4101733515e-03
5.4921898843e+01 4.2904698367e+01 4.2194791842e+01 7.8119473781e-01 4.9663570761e-02 2.2829206772e+02 2.9294190508e+01 7.9270446194e-01 1.0769285708e+01 6.1366954576e-03 6.4840273784e-03
3.6873655535e+01 1.5012817080e+01 2.0086126939e+01 4.0714208727e-01 1.6459483185e-02 7.3845871184e+01 1.0006266034e+02 -7.3385045841e-01 8.5947282001e+00 6.2817016280e-03 6.3785408683e-03
2.9756487452e+01 2.7140287762e+01 2.4734329220e+01 9.1207968702e-01 1.1453941831e-02 5.1195328731e+01 4.7633295107e+01 -2.5071569778e-01 1.0793606704e+01 7.3080305338e-03 7.5524017385e-03
3.8434217992e+01 3.3930820622e+01 3.1425463200e+01 8.8282843765e-01 4.2400872655e-02 1.9389445864e+02 2.4435959446e+01 -8.7896648688e-01 1.0134382553e+01 7.9311641016e-03 8.4810538777e-03
4.0373742374e+01 3.3371736117e+01 3.1925639502e+01 8.2657029431e-01 6.4231168683e-02 2.9830793051e+02 3.8598980035e+00 8.9598823626e-01 1.0591424507e+01 1.5487098838e-02 1.0000000000e+00
3.4853518492e+01 2.6425658321e+01 2.6369438421e+01 7.5819198362e-01 2.3882661935e-02 1.0774440247e+02 3.7271100427e+01 5.4690258677e-01 8.7004950017e+00 7.6394438573e-03 7.9717035052e-03
6.9046006144e+01 4.3279385745e+01 4.7332146715e+01 6.2681953906e-01 1.4222304515e-01 6.9546113710e+02 5.4014801022e+00 -8.5399040368e-01 8.1448696743e+00 1.0213192090e-02 1.6938841016e-02
3.0648454845e+01 3.0423700219e+01 2.6582983478e+01 9.9266668984e-01 1.8761745480e-02 8.4320087272e+01 1.3373403260e+02 -9.2505508554e-01 1.1556852794e+01 4.7223404802e-03 4.7764232644e-03
3.0288623814e+01 1.9038715774e+01 2.0793747999e+01 6.2857645467e-01 2.0856191064e-02 9.3879523281e+01 2.6923025359e+01 6.4585488442e-01 9.0077393193e+00 1.0030289217e-02 1.0653883116e-02
3.6116242532e+01 2.5266932608e+01 2.6214596649e+01 6.9960025841e-01 2.3746112959e-02 1.0711753474e+02 5.9693017852e+01 -7.4036713887e-01 9.6178178516e+00 6.4267256920e-03 6.5960783788e-03
4.9007223640e+01 4.7460223091e+01 4.1983415602e+01 9.6843321383e-01 2.9551462321e-02 1.3387749553e+02 6.6090035205e+00 1.0380089438e-01 1.2451894081e+01 1.0890331676e-02 1.5431711701e-02
3.1798944770e+01 3.0215923829e+01 2.6982984612e+01 9.5021781535e-01 2.3121301600e-02 1.0425073352e+02 7.9383842377e+01 -9.6123777060e-01 1.1894537227e+01 5.6739499969e-03 5.7850310781e-03
3.8858496284e+01 3.7813021645e+01 3.3369493292e+01 9.7309533978e-01 3.4498696569e-02 1.5685714863e+02 4.6680939891e+00 2.4493878204e-01 9.6641880200e+00 1.4278864462e-02 2.9601037386e-02
3.2844254753e+01 2.0734934586e+01 2.2599457878e+01 6.3131085611e-01 2.3732303813e-02 1.0705414673e+02 5.6283735814e+01 7.7649361361e-01 8.5086025000e+00 7.2085743381e-03 7.4106362342e-03
6.0715711796e+01 3.6585198124e+01 4.0769982112e+01 6.0256558050e-01 1.0524499043e-01 5.0257524804e+02 6.3732132242e+00 -8.5490422589e-01 8.3622648668e+00 1.0756275128e-02 1.5579195801e-02
7.4581302884e+01 5.4702023931e+01 5.5471704757e+01 7.3345492524e-01 4.7819245147e-02 2.1952469183e+02 4.0203716421e+01 6.4809422119e-01 1.1477761703e+01 4.5982993485e-03 4.7826063132e-03
5.3020844956e+01 2.9099295589e+01 3.3892806765e+01 5.4882745858e-01 6.9972643407e-02 3.2627339858e+02 8.2412555329e+00 9.2721069395e-01 9.6506690699e+00 1.1187887597e-02 1.4352752547e-02
3.5014543168e+01 3.4683918421e+01 3.0337607894e+01 9.9055750219e-01 2.8169575403e-02 1.2748745921e+02 1.1084092646e+02 9.5558015238e-01 9.8125443883e+00 4.6385194962e-03 4.7028954550e-03
3.7430126668e+01 3.3718649150e+01 3.0918711871e+01 9.0084250714e-01 2.0774686855e-02 9.3506977152e+01 1.7046954267e+02 8.4156180752e-01 9.9046722567e+00 3.9181733102e-03 3.9532169207e-03
7.8361098343e+01 5.8054288471e+01 5.8585241022e+01 7.4085598209e-01 4.5971414004e-02 2.1076265727e+02 2.6106251487e+01 -5.0110478223e-01 1.2437687542e+01 5.2308711956e-03 5.5674978149e-03
6.0043848190e+01 5.4112653971e+01 4.9608978099e+01 9.0121895252e-01 1.7531003968e-01 8.7475649419e+02 3.9825537182e+00 -8.6779127156e-01 8.0185317299e+00 1.0921685657e-02 1.0000000000e+00
3.6723371493e+01 3.2545350469e+01 3.0085100336e+01 8.8622991697e-01 1.3276213226e-02 5.9421839036e+01 2.0680439657e+02 -6.7955903854e-01 1.1411128972e+01 3.7242279942e-03 3.7516054743e-03
4.2925163652e+01 2.4722210799e+01 2.8146822205e+01 5.7593748504e-01 3.3693913518e-02 1.5310803267e+02 4.9243952636e+01 9.5613056416e-01 9.9016225278e+00 6.5674998732e-03 6.7794929004e-03
4.1832600812e+01 2.8075311128e+01 2.9716550862e+01 6.7113472704e-01 5.8812783607e-02 2.7210755582e+02 8.1950325001e+00 8.3489530683e-01 8.6775750111e+00 1.2251894616e-02 1.5749218526e-02
7.6395919036e+01 2.6214872241e+01 3.7908110321e+01 3.4314492937e-01 1.3350211738e-02 5.9756370628e+01 2.9250344270e+01 -7.2835783656e-01 3.2244716952e+01 6.7114183845e-03 7.0919096248e-03
3.1125797507e+01 2.6034592793e+01 2.4761886528e+01 8.3643134885e-01 1.2878400542e-02 5.7624041535e+01 4.7622677484e+01 -4.8232191634e-01 1.2812574140e+01 7.2971355751e-03 7.5412002666e-03
3.4723328421e+01 3.1516400806e+01 2.8791949245e+01 9.0764342702e-01 3.7096787188e-02 1.6898939265e+02 1.3728853323e+01 9.3679628185e-01 1.2738470529e+01 1.0432212395e-02 1.1870421736e-02
8.0393933953e+01 5.9736902710e+01 6.0196722506e+01 7.4305236444e-01 2.5560617294e-01 1.3346592280e+03 3.8878257973e+00 9.5404647936e-01 8.2670562898e+00 9.3705323404e-03 1.0000000000e+00
3.5828285494e+01 3.3114222610e+01 2.9981056879e+01 9.2424803906e-01 4.3135262173e-02 1.9735716396e+02 4.2249014338e+01 9.6691568732e-01 8.8566902939e+00 6.6488616608e-03 6.9015386097e-03
5.3813904917e+01 4.1787365330e+01 4.1216486319e+01 7.7651613268e-01 9.0254605875e-02 4.2671296889e+02 1.5078497159e+01 9.0108143243e-01 8.0153617273e+00 7.8012134568e-03 8.7572170545e-03
7.8168667970e+01 5.8254000248e+01 5.8618914369e+01 7.4523465425e-01 2.4689683784e-01 1.2831502125e+03 4.1350393459e+00 -9.5824627652e-01 8.2832841104e+00 9.3502493256e-03 3.3734978427e-02
4.5978562627e+01 4.0439796673e+01 3.7522987514e+01 8.7953590462e-01 2.7671151945e-02 1.2518576965e+02 9.5253711302e-01 -7.1318804449e-01 1.2373145697e+01 2.4182171361e-02 1.0000000000e+00
3.8184656590e+01 2.1489637468e+01 2.4735080544e+01 5.6278200165e-01 3.0628160570e-02 1.3886501403e+02 3.9446694032e+01 -8.3923754105e-01 8.7186608319e+00 7.7518824803e-03 8.0690100844e-03
5.8874605493e+01 3.1680070397e+01 3.7243141983e+01 5.3809397331e-01 3.9456991409e-02 1.8004899367e+02 6.1074195087e+01 -7.9266663662e-01 9.1803194427e+00 5.0677602725e-03 5.1981378974e-03
3.9738324333e+01 3.4697290085e+01 3.2310740306e+01 8.7314426735e-01 1.9327716435e-02 8.6900403243e+01 1.8625285865e+01 -5.6144630935e-01 1.6949948120e+01 8.7517353070e-03 9.5822752761e-03
2.7253545614e+01 2.5120418932e+01 2.2774394708e+01 9.2173030575e-01 3.0022657684e-02 1.3605924398e+02 1.0784600377e+01 8.1720072011e-01 1.0685711577e+01 1.3279621851e-02 1.5800310719e-02
3.1089515927e+01 2.5327365269e+01 2.4402851071e+01 8.1465936392e-01 2.4978783048e-02 1.1278094007e+02 1.1876923336e+01 -4.1580260567e-01 8.4703882725e+00 1.2304376381e-02 1.4352906570e-02
3.3277877951e+01 2.2716428786e+01 2.3848915507e+01 6.8262852635e-01 2.5132963204e-02 1.1349001652e+02 3.2796579196e+01 -9.1568871939e-01 1.1515843166e+01 8.5276529344e-03 8.9539029858e-03
8.2141954901e+01 6.7730377237e+01 6.4873125819e+01 8.2455277962e-01 9.5812884568e-02 4.5468216696e+02 9.5707089686e+00 -7.7751331724e-01 1.3414239818e+01 6.9452988040e-03 8.5080209359e-03
4.0727541876e+01 3.2566564079e+01 3.1665202782e+01 7.9962017296e-01 2.7569960646e-02 1.2471867449e+02 8.9920993297e+00 -1.0774827925e-01 8.4025537485e+00 1.1587154193e-02 1.4448357877e-02
3.9906642406e+01 3.8651644675e+01 3.4189244153e+01 9.6855165819e-01 3.4346756905e-02 1.5614900636e+02 6.6901540733e+01 -9.0135513265e-01 1.0441777113e+01 5.1824475173e-03 5.3036575719e-03
2.8353841044e+01 2.7303056315e+01 2.4220890183e+01 9.6294030401e-01 3.9540626632e-02 1.8044156322e+02 1.2923828198e+01 -9.1255082309e-01 9.4199036367e+00 1.1871465161e-02 1.3640155241e-02
3.8310196501e+01 3.4753478955e+01 3.1757572338e+01 9.0716002864e-01 3.6862652667e-02 1.6789425114e+02 2.6823927402e+01 9.1958344220e-01 1.1989347271e+01 7.6338658940e-03 8.1104326411e-03
3.5434905627e+01 3.1947640783e+01 2.9282797217e+01 9.0158673257e-01 1.7474833539e-02 7.8460880132e+01 4.2079845851e+01 -8.7069495588e-01 1.9019528179e+01 6.8636920951e-03 7.1256568187e-03
3.3439963315e+01 3.1561153602e+01 2.8279194367e+01 9.4381543737e-01 1.3919701373e-02 6.2332140851e+01 1.4032884626e+02 4.0379025494e-01 8.7769763131e+00 4.4752934041e-03 4.5240897453e-03
3.9482821599e+01 3.4577587947e+01 3.2151741674e+01 8.7576283929e-01 4.6558433839e-02 2.1354379435e+02 3.2204857911e+01 -8.0294675527e-01 8.1222302910e+00 7.0322650581e-03 7.3908482159e-03
6.2088327920e+01 5.9015315300e+01 5.2693054679e+01 9.5050579193e-01 5.0418568350e-02 2.3188742115e+02 6.7773987283e+01 -7.3738617287e-01 9.0885046195e+00 3.8978466624e-03 3.9877878896e-03
7.5188917668e+01 7.0737111298e+01 6.3482517256e+01 9.4079172159e-01 1.9870995608e-01 1.0052405169e+03 3.9101671189e+00 -7.8858478553e-01 9.3036972989e+00 9.3109145472e-03 1.0000000000e+00
5.8008657405e+01 4.3671361037e+01 4.3728703511e+01 7.5284212720e-01 5.3114847383e-02 2.4475720223e+02 9.5242166118e+01 9.9513235815e-01 8.1799145275e+00 3.8488705824e-03 3.9112982816e-03
3.9790019963e+01 3.4702842716e+01 3.2334086257e+01 8.7214941705e-01 1.9738616561e-02 8.8775073223e+01 1.3383608747e+02 8.0787413422e-01 1.1729592563e+01 4.1745759752e-03 4.2223482394e-03
4.4024004407e+01 3.3544380901e+01 3.3392477674e+01 7.6195660421e-01 6.1331762847e-02 2.8426478108e+02 8.2905240001e+00 7.4122688209e-01 8.7563494064e+00 1.1324397923e-02 1.4497462311e-02
2.4905022617e+01 1.8019842999e+01 1.8394203086e+01 7.2354252698e-01 1.2338579934e-02 5.5186178733e+01 1.5410215553e+02 7.2704498522e-01 8.9867662222e+00 5.6589811490e-03 5.7150681881e-03
5.3255882872e+01 3.4569790291e+01 3.7180420981e+01 6.4912622657e-01 6.1517523684e-02 2.8516290667e+02 2.0638049633e+01 9.2475411121e-01 9.5641848065e+00 7.5208872687e-03 8.1537317212e-03
2.5839189952e+01 2.3847015803e+01 2.1606309544e+01 9.2290106028e-01 3.4841732705e-02 1.5845648647e+02 6.8647435313e+00 -8.1335183865e-01 9.3685357900e+00 1.6209795809e-02 2.2495958780e-02
4.5394036356e+01 4.2582369279e+01 3.8270481904e+01 9.3806087093e-01 1.2164348011e-01 5.8711619545e+02 5.2380136272e+00 9.9103790012e-01 8.2116422937e+00 1.1933944933e-02 2.0497433170e-02
2.6451617938e+01 2.0271219108e+01 2.0123032302e+01 7.6635082039e-01 3.8238699476e-02 1.7433570484e+02 7.4568922883e+00 9.7899502664e-01 9.0528183187e+00 1.6395225471e-02 2.1873556480e-02
3.2847619034e+01 3.0529776982e+01 2.7564469458e+01 9.2943652780e-01 3.4902899024e-02 1.5874174322e+02 3.5091432275e+01 7.6101284366e-01 8.3006108751e+00 7.5498714433e-03 7.9004111592e-03
7.1737459778e+01 6.4171986531e+01 5.9047968158e+01 8.9453943212e-01 1.7334998829e-01 8.6396345353e+02 3.1022670079e+00 8.7897615469e-01 9.6196525616e+00 1.0768264648e-02 1.0000000000e+00
3.5400522005e+01 2.5578224928e+01 2.6127168236e+01 7.2253807231e-01 1.7683897154e-02 7.9411978489e+01 2.1867546741e+02 -9.6606343842e-01 1.0156779367e+01 3.9724180025e-03 4.0000144367e-03
4.0105216176e+01 2.3281130031e+01 2.6407288321e+01 5.8050129761e-01 1.5108659527e-02 6.7716735855e+01 1.3657584804e+02 8.3567913544e-01 1.2843427470e+01 4.7152835728e-03 4.7681386492e-03
3.4554969231e+01 2.6306295875e+01 2.6198349496e+01 7.6128836056e-01 2.4966793848e-02 1.1272580818e+02 4.0351738775e+00 -6.6844536639e-01 1.5151854654e+01 1.7644427375e-02 1.0446560429e-01
7.2719828801e+01 6.9242540863e+01 6.1770463234e+01 9.5218239653e-01 6.2442285650e-02 2.8963725124e+02 2.6920809210e+01 5.6269262338e-01 1.0426447274e+01 4.9540321777e-03 5.2620580474e-03
6.8364277324e+01 4.9703983985e+01 5.0618074793e+01 7.2704614062e-01 1.0610837959e-01 5.0698616737e+02 3.6862391078e+00 -5.9371577126e-01 9.2418161615e+00 1.1531541429e-02 1.0000000000e+00
2.6430684521e+01 1.9487941304e+01 1.9711825585e+01 7.3732261035e-01 3.4705388267e-02 1.5782071536e+02 3.9861767247e+00 -9.4624293552e-01 9.2120408010e+00 2.1049767974e-02 1.0000000000e+00
4.1857095859e+01 3.8045411091e+01 3.4732076042e+01 9.0893575653e-01 3.9742867133e-02 1.8139103404e+02 1.2785328896e+01 8.7541689833e-01 1.4523913430e+01 9.5141138871e-03 1.0951561609e-02
3.4614856740e+01 3.0069688615e+01 2.8072091812e+01 8.6869314065e-01 1.1430388721e-02 5.1089145899e+01 4.3532106979e+02 -7.7411694124e-01 8.7710906766e+00 2.9451700580e-03 2.9553829049e-03
8.4281758509e+01 6.3192613931e+01 6.3401076771e+01 7.4977806644e-01 5.7938345372e-02 2.6789674363e+02 3.4811274857e+01 -3.9512710262e-01 8.4051263989e+00 4.4379014070e-03 4.6457570776e-03
4.1381904455e+01 3.1842401112e+01 3.1547047312e+01 7.6947645429e-01 4.8845691738e-02 2.2440140904e+02 4.2342329896e+01 -9.6374093152e-01 8.3051498313e+00 6.4133695261e-03 6.6565217953e-03
5.2091499101e+01 3.6161885285e+01 3.7658626673e+01 6.9419935901e-01 3.2683683974e-02 1.4840784512e+02 4.2251242732e+01 -5.1275896936e-01 9.0749952042e+00 5.8021114172e-03 6.0225968268e-03
3.0751296460e+01 2.3739665824e+01 2.3482153537e+01 7.7198910474e-01 3.4072395019e-02 1.5487067624e+02 1.0611017790e+01 -6.6313142105e-01 8.2800876225e+00 1.3075439920e-02 1.5614014500e-02
3.4487525069e+01 2.5914213309e+01 2.5972284261e+01 7.5140832103e-01 1.8028559156e-02 8.0980594693e+01 5.7208152110e+01 5.3499789648e-01 9.8796013235e+00 6.5910590857e-03 6.7726730200e-03
7.4683715559e+01 6.7831562680e+01 6.1947296562e+01 9.0825104472e-01 1.5674805209e-01 7.7340691681e+02 1.1997833800e+01 9.4009231004e-01 8.8019112370e+00 6.3491994222e-03 7.3921010155e-03
8.3779185315e+01 8.2133800430e+01 7.2213559943e+01 9.8036045732e-01 1.8532139113e-01 9.3021553084e+02 3.0991732049e+00 5.3726421771e-01 8.1215885780e+00 9.4388536324e-03 1.0000000000e+00
3.2068523669e+01 2.1244037671e+01 2.2626829702e+01 6.6245761390e-01 3.2408649065e-02 1.4712937894e+02 5.4115730328e+00 -8.5218707165e-01 1.1640905950e+01 1.7243575881e-02 2.8542032523e-02
3.3240041306e+01 1.8459475460e+01 2.1381159326e+01 5.5533852351e-01 2.5686012124e-02 1.1603478938e+02 1.0718012478e+01 -6.5744988286e-01 9.5230924703e+00 1.3882712969e-02 1.6540623987e-02
3.6546675469e+01 2.2990602005e+01 2.5100428629e+01 6.2907505840e-01 1.0601636756e-02 4.7355315226e+01 1.7166191627e+02 3.7562586453e-01 9.0881685372e+00 4.4797605402e-03 4.5195440537e-03
3.5063044169e+01 3.0126276908e+01 2.8277548624e+01 8.5920311888e-01 1.8328965821e-02 8.2348443514e+01 2.4800869153e+02 -8.0679532513e-01 8.2531375339e+00 3.6050765895e-03 3.6271256249e-03
7.8655498434e+01 6.9468167061e+01 6.4325632672e+01 8.8319530668e-01 4.6661589949e-02 2.1403274939e+02 2.8393614719e+01 -3.5597326748e-01 1.0930614236e+01 4.7790768621e-03 5.0590993971e-03
6.0080772187e+01 3.8231399756e+01 4.1511838179e+01 6.3633336197e-01 5.5782023427e-02 2.5753393446e+02 4.6945241616e+00 4.7721606546e-01 1.1060619691e+01 1.2273897966e-02 2.5130237385e-02
2.7144048005e+01 1.8861511718e+01 1.9633087571e+01 6.9486731363e-01 1.9797864029e-02 8.9045473611e+01 5.6933914859e+01 -8.6248468518e-01 9.3658057123e+00 7.8562882882e-03 8.0738615706e-03
3.6626137554e+01 3.5529034350e+01 3.1403006021e+01 9.7004589408e-01 6.7411328662e-02 3.1377209753e+02 1.0825803794e+01 -9.4776988611e-01 8.5858918032e+00 1.0609228230e-02 1.2612427243e-02
3.7210052730e+01 3.3286917521e+01 3.0628535297e+01 8.9456786750e-01 5.0814886034e-02 2.3377618237e+02 3.6174487783e+01 9.7567293609e-01 8.1642760220e+00 6.9220872389e-03 7.2330438695e-03
5.8548992939e+01 4.2693440830e+01 4.3416602658e+01 7.2919171940e-01 2.4703414681e-02 1.1151490899e+02 1.3466713238e+02 8.4035285339e-01 1.2271425562e+01 3.4537339177e-03 3.4930081197e-03
7.9903842255e+01 6.3198487119e+01 6.1778202309e+01 7.9093176668e-01 9.3691257219e-02 4.4398384372e+02 8.9466743824e+00 -5.4019806352e-01 9.9357203675e+00 7.3530306602e-03 9.1827337492e-03
4.0173631766e+01 2.0959412700e+01 2.4999822048e+01 5.2172063563e-01 2.0831085631e-02 9.3764764598e+01 1.0932637283e+02 8.7829759888e-01 9.9886539333e+00 5.2855737669e-03 5.3599725741e-03
4.4618314750e+01 3.4494058296e+01 3.4096169482e+01 7.7309191279e-01 5.6629881620e-02 2.6160501256e+02 3.8048852215e+00 9.0606844951e-01 1.3297199171e+01 1.5010662423e-02 1.0000000000e+00
6.3957324227e+01 6.0038067162e+01 5.3939769245e+01 9.3872074680e-01 7.2483192877e-02 3.3856696705e+02 4.6293127242e+00 -1.1753370626e-01 8.3280511865e+00 1.0373249198e-02 2.1923433110e-02
7.1243537163e+01 6.7256857551e+01 6.0255823337e+01 9.4404152613e-01 7.2199745982e-02 3.3717701292e+02 8.6289473974e+01 -9.9542393075e-01 8.0007165944e+00 3.2323237761e-03 3.2903714827e-03
3.4392493424e+01 3.0933542093e+01 2.8386949728e+01 8.9942714278e-01 1.1800216510e-02 5.2756844720e+01 2.0679094899e+02 6.4616795380e-01 1.1774630250e+01 3.8655650432e-03 3.8939833906e-03
4.0630847516e+01 2.7936088129e+01 2.9227383354e+01 6.8755858755e-01 1.8650234980e-02 8.3811951893e+01 1.0197033562e+02 -5.1756423353e-01 8.8856774206e+00 4.9272960687e-03 5.0017948902e-03
4.8063080240e+01 4.5704042654e+01 4.0799008768e+01 9.5091788594e-01 4.6670487200e-02 2.1407492515e+02 2.0604852055e+01 7.0618780232e-01 1.1050608463e+01 7.1638244725e-03 7.7677523324e-03
7.6636528441e+01 6.5710310868e+01 6.1740769992e+01 8.5742807255e-01 3.6395788632e-02 1.6571160875e+02 1.6541257723e+01 -5.5616661938e-01 2.0822908777e+01 6.0415238498e-03 6.7024222170e-03
6.5748373680e+01 3.9806653702e+01 4.4259716393e+01 6.0543936639e-01 7.2447879265e-02 3.3839377027e+02 3.6494329567e+00 6.7419489778e-01 1.1895435226e+01 1.2833517538e-02 1.0000000000e+00
6.7468247513e+01 4.9488026909e+01 5.0182816906e+01 7.3350099837e-01 1.4425279971e-01 7.0628068016e+02 6.5778004089e+00 -9.2730796991e-01 8.7602307917e+00 9.1351849920e-03 1.2980132409e-02
5.2733145135e+01 5.2439220794e+01 4.5778716673e+01 9.9442619361e-01 8.9090153654e-02 4.2087746211e+02 1.1012124055e+01 6.9457236456e-01 8.0697450500e+00 8.2250667074e-03 9.7419858185e-03
4.4019941008e+01 3.2307301785e+01 3.2751724484e+01 7.3392424081e-01 4.7083910971e-02 2.1603524750e+02 6.8739647549e+00 -7.0735902259e-01 1.1146063241e+01 1.2401043149e-02 1.7198097919e-02
4.1693398854e+01 3.3482922864e+01 3.2487641429e+01 8.0307491796e-01 1.8409362480e-02 8.2714617615e+01 2.0131329462e+02 -6.5923646491e-01 8.6387479123e+00 3.5743182441e-03 3.6013203776e-03
3.5813937137e+01 2.9627430011e+01 2.8331994966e+01 8.2725978709e-01 3.9654231719e-02 1.8097487917e+02 2.5113547186e+01 9.3466653886e-01 9.9929074835e+00 8.3893134209e-03 8.9532660684e-03
3.6547641963e+01 3.1286731092e+01 2.9419938979e+01 8.5605334331e-01 2.0112762775e-02 9.0483036745e+01 1.0550597135e+02 9.0638474226e-01 1.2867871755e+01 4.8404488474e-03 4.9111158417e-03
4.8041941548e+01 2.6333189980e+01 3.0689432973e+01 5.4812917904e-01 4.6803593790e-02 2.1470595324e+02 8.5834019492e+00 -8.0272400088e-01 1.0789608332e+01 1.1885423355e-02 1.5038048123e-02
2.6984606887e+01 2.2446985462e+01 2.1407381684e+01 8.3184407895e-01 1.1262290384e-02 5.0331428196e+01 2.0072617937e+02 8.6799114028e-01 1.2370002217e+01 4.6644681594e-03 4.6998103205e-03
7.2112053002e+01 6.8391195669e+01 6.1131853075e+01 9.4840172788e-01 1.2640199399e-01 6.1194766588e+02 9.3049186522e+00 6.3914505502e-01 8.2304522200e+00 7.1602455857e-03 8.8397628227e-03
3.2199400881e+01 2.5131261333e+01 2.4726341027e+01 7.8048847635e-01 3.4931496881e-02 1.5887512129e+02 3.5089147464e+01 -9.2651267935e-01 8.6619848811e+00 8.0804635362e-03 8.4556651487e-03
4.4924963693e+01 4.1897242366e+01 3.7763978439e+01 9.3260492435e-01 3.8458729046e-02 1.7536683737e+02 1.4530752163e+01 -4.0230929200e-01 9.1693558841e+00 8.6128293667e-03 9.7181054470e-03
4.4547712502e+01 3.5950545507e+01 3.4798557315e+01 8.0701215591e-01 3.4226407920e-02 1.5558820547e+02 1.3645991082e+02 -9.4023661267e-01 8.2508745476e+00 3.9235871003e-03 3.9676059449e-03
3.3589456854e+01 3.1717917244e+01 2.8412676161e+01 9.4428193295e-01 4.7967039753e-02 2.2022645533e+02 1.4072803254e+01 8.6908906209e-01 9.0131893346e+00 1.0354178766e-02 1.1737537915e-02
3.8499487426e+01 3.5501781126e+01 3.2179198359e+01 9.2213646207e-01 5.3433992945e-02 2.4628362442e+02 1.2878586008e+01 -7.4077742068e-01 8.4746244137e+00 9.8708847500e-03 1.1348219369e-02
6.3196064762e+01 5.1377966913e+01 4.9552198874e+01 8.1299313662e-01 1.3941205460e-01 6.8051655025e+02 6.1891311428e+00 -8.4670608984e-01 8.3369430252e+00 9.4453873552e-03 1.3946941771e-02
4.2950941674e+01 4.1881769123e+01 3.6922062745e+01 9.7510712200e-01 9.5626049177e-02 4.5373894384e+02 4.5535574817e+00 9.5956010712e-01 9.8510699358e+00 1.3052583900e-02 2.8766831554e-02
3.5086464502e+01 2.3326247345e+01 2.4802143575e+01 6.6482182447e-01 1.5825225849e-02 7.0966515632e+01 2.5709480196e+01 -9.8652347569e-01 2.1880130607e+01 9.1689187733e-03 9.7692129615e-03
3.1900370093e+01 2.8879348975e+01 2.6416673865e+01 9.0529824231e-01 3.4482255131e-02 1.5678051304e+02 2.7807752640e+01 8.0760248408e-01 8.9177999055e+00 8.4621904666e-03 8.9696522290e-03
4.0428065844e+01 3.7881391538e+01 3.4064536972e+01 9.3700726828e-01 3.2631892312e-02 1.4816705997e+02 4.6794760201e+01 -5.5208169253e-01 8.2264922295e+00 5.9455463380e-03 6.1481471600e-03
5.8045417441e+01 5.0421403134e+01 4.7072833126e+01 8.6865432892e-01 4.0995682450e-02 1.8727863392e+02 3.3853099192e+01 -6.6657587385e-01 1.2187448030e+01 5.4567529162e-03 5.7202191540e-03
3.0676263166e+01 2.7663707273e+01 2.5353297947e+01 9.0179521289e-01 1.7779155993e-02 7.9845438642e+01 1.2951063596e+02 -9.2596269471e-01 1.1754942344e+01 4.9260770070e-03 4.9843730178e-03
3.1061195817e+01 2.8804790648e+01 2.6035966745e+01 9.2735613973e-01 3.8280094441e-02 1.7452967145e+02 1.2421778912e+01 -9.9902063725e-01 1.1809670049e+01 1.1525815736e-02 1.3334113787e-02
3.9163411447e+01 1.4340613596e+01 2.0136855733e+01 3.6617375928e-01 1.3603885908e-02 6.0903456423e+01 2.6159131158e+00 7.3770968536e-01 1.4934991507e+01 2.4640501708e-02 1.0000000000e+00
7.3146843221e+01 4.5967302478e+01 5.0210447955e+01 6.2842496619e-01 1.4577403781e-01 7.1440515802e+02 3.3393275821e+00 7.6370360019e-01 8.0338478940e+00 1.1765636805e-02 1.0000000000e+00
3.9382802315e+01 3.1418508496e+01 3.0583490372e+01 7.9777229270e-01 3.1300314927e-02 1.4198245674e+02 8.8627790132e+01 8.1522177056e-01 8.3604766358e+00 5.0094136940e-03 5.0969250075e-03
8.1490700673e+01 8.0769179931e+01 7.0626877308e+01 9.9114597450e-01 1.0237362789e-01 4.8793829919e+02 1.8028771660e+01 -8.6807575319e-01 1.2370274925e+01 5.1745391692e-03 5.6849495262e-03
3.6108527112e+01 2.0522630805e+01 2.3512271899e+01 5.6835967697e-01 3.0084202075e-02 1.3634431730e+02 8.9836187891e+00 5.8778746685e-01 8.8793322364e+00 1.3940293699e-02 1.7387488722e-02
3.6082581556e+01 3.3376290904e+01 3.0206183652e+01 9.2499731076e-01 1.2861609244e-02 5.7548181545e+01 4.3965125533e+02 8.3493217723e-01 8.4640771413e+00 2.8004407812e-03 2.8100555083e-03
4.0650262486e+01 3.9041801850e+01 3.4679506519e+01 9.6043172818e-01 5.1331686056e-02 2.3624065225e+02 4.9971756209e+01 9.2378524225e-01 8.0658281581e+00 5.6723902135e-03 5.8526650254e-03
3.6781873418e+01 3.5206768941e+01 3.1325875146e+01 9.5717715465e-01 2.6334416859e-02 1.1902090389e+02 1.3726508813e+02 -8.9638089324e-01 9.2973859881e+00 4.2008835432e-03 4.2477312409e-03
4.0587988304e+01 3.0698480306e+01 3.0669537141e+01 7.5634397240e-01 1.7912040388e-02 8.0450209019e+01 5.4285467750e+01 2.0586011217e-01 8.2490129986e+00 6.0590352364e-03 6.2354655895e-03
5.7662075804e+01 5.7636138009e+01 5.0186460967e+01 9.9955017585e-01 8.0071831606e-02 3.7596658438e+02 1.8961223042e+01 7.0854844448e-01 8.6569604275e+00 6.3671686884e-03 6.9587874975e-03
3.3521171065e+01 3.1433717296e+01 2.8255733582e+01 9.3772730181e-01 2.3012142633e-02 1.0375014870e+02 6.4396464767e+01 -8.8943673833e-01 1.2492315527e+01 5.9632137035e-03 6.1083556292e-03
2.7865237090e+01 2.7179114483e+01 2.3957211962e+01 9.7537711219e-01 2.5396448419e-02 1.1470215242e+02 2.3641387602e+01 6.2721891675e-01 8.9893701698e+00 9.6125437431e-03 1.0304481126e-02
8.2056171724e+01 7.8941037125e+01 7.0062362587e+01 9.6203655943e-01 2.1219215777e-01 1.0817669147e+03 7.5836048423e+00 -9.1961760114e-01 8.8929026188e+00 6.7812101310e-03 8.9823618175e-03
5.9726804806e+01 4.1554545691e+01 4.3228164517e+01 6.9574365858e-01 2.2109139285e-02 9.9612158163e+01 1.8422789965e+02 6.0676940631e-01 8.4996267409e+00 3.0840572097e-03 3.1095492730e-03
7.7523543659e+01 5.0022050047e+01 5.3954040021e+01 6.4524978717e-01 7.4349845278e-02 3.4773315030e+02 6.8423278888e+00 9.9969811663e-01 1.9134957067e+01 8.9482524424e-03 1.2439756152e-02
3.6331142504e+01 2.9725341363e+01 2.8579883428e+01 8.1817799592e-01 4.5087204564e-02 2.0657772349e+02 1.4264468032e+01 -8.6150847347e-01 9.5372634915e+00 1.0281743985e-02 1.1632189290e-02
4.0651689210e+01 2.7281803705e+01 2.8877142558e+01 6.7111119452e-01 6.0429162217e-02 2.7990396433e+02 3.6790926133e+00 9.7266418305e-01 1.0127974725e+01 1.6826568129e-02 1.0000000000e+00
8.5906095257e+01 7.9082820889e+01 7.1741875335e+01 9.2057287264e-01 8.4801276087e-02 3.9945631365e+02 7.2134212759e+00 -9.8880809937e-01 2.3594802738e+01 7.2973627693e-03 9.8822548252e-03
4.0505817844e+01 2.0161506224e+01 2.4582908228e+01 4.9774346741e-01 3.8360076549e-02 1.7490447957e+02 7.4563127356e+00 7.5727364586e-01 9.4855194270e+00 1.4466415140e-02 1.9300900867e-02
8.0040064673e+01 7.1477756491e+01 6.5825514577e+01 8.9302472185e-01 2.6745830409e-01 1.4053668665e+03 5.1689927540e+00 9.6310397390e-01 8.1467142327e+00 7.9170530817e-03 1.3824879221e-02
3.2767785387e+01 1.3900655534e+01 1.8250920137e+01 4.2421711965e-01 1.0904207736e-02 4.8717973022e+01 1.7339687201e+02 8.3254459906e-01 1.0914837053e+01 5.4454470618e-03 5.4933148634e-03
2.6123463520e+01 2.4801931819e+01 2.2157608140e+01 9.4941207928e-01 2.2299907889e-02 1.0048589967e+02 1.1601452874e+02 9.2476492384e-01 8.3930325629e+00 5.5691684084e-03 5.6429293118e-03
7.5338613415e+01 7.1724837308e+01 6.3989890410e+01 9.5203288270e-01 2.3399059148e-01 1.2075294398e+03 3.4517402148e+00 -8.8864167433e-01 8.7120481741e+00 9.5338199389e-03 1.0000000000e+00
3.6538306108e+01 2.9142747629e+01 2.8371305540e+01 7.9759438061e-01 3.9464648369e-02 1.8008493225e+02 6.0755002925e+01 -9.8483797603e-01 8.2771600537e+00 6.0189650676e-03 6.1746668956e-03
2.7793788817e+01 2.5044284628e+01 2.2961721001e+01 9.0107486937e-01 2.2862871763e-02 1.0306574532e+02 1.4426724043e+01 -5.3722527928e-01 9.4995190429e+00 1.1897869189e-02 1.3438525869e-02
7.2046442434e+01 3.8043692919e+01 4.5121906764e+01 5.2804401763e-01 2.3604416836e-02 1.0646716821e+02 2.1860216485e+02 9.3348306147e-01 1.0235367677e+01 2.8133617216e-03 2.8329128158e-03
3.2235473573e+01 3.0120768988e+01 2.7123396864e+01 9.3439821567e-01 2.8783353715e-02 1.3032410155e+02 7.6854136851e+00 -9.4753116146e-01 1.7586530501e+01 1.3528605106e-02 1.7821567385e-02
7.1849760843e+01 4.6422663542e+01 5.0039911072e+01 6.4610741912e-01 2.1043665378e-02 9.4736613904e+01 5.6808624376e+01 4.7270923262e-01 1.6267017243e+01 4.3781421969e-03 4.4996723868e-03
2.9555411400e+01 2.7953794843e+01 2.5020684967e+01 9.4580970182e-01 1.0989526707e-02 4.9102326552e+01 3.9411627451e+02 8.2326307631e-01 9.7717154594e+00 3.2859272773e-03 3.2985214328e-03
7.5923906191e+01 5.6459066357e+01 5.6872316208e+01 7.4362699694e-01 1.3616522244e-01 6.6331182388e+02 4.1900478203e+00 6.9587674682e-01 1.0077086545e+01 1.0049041067e-02 3.2054067971e-02
3.1168909913e+01 2.0802859742e+01 2.2077672759e+01 6.6742339723e-01 1.3053767323e-02 5.8416429343e+01 1.4964533623e+02 -9.8619499781e-01 1.3910073861e+01 5.1024755313e-03 5.1545814585e-03
7.5446514534e+01 7.2626228617e+01 6.4438374971e+01 9.6261873812e-01 1.9818165803e-01 1.0022616913e+03 4.6314503214e+00 -8.0055750408e-01 9.1416222786e+00 8.6593408558e-03 1.8281066061e-02
7.2975835362e+01 7.1667392957e+01 6.2956530700e+01 9.8207019627e-01 1.5235347024e-01 7.4969689641e+02 1.4778410219e+01 9.7422991636e-01 8.8972158694e+00 5.8266480421e-03 6.5587513071e-03
2.5728438250e+01 2.1976965489e+01 2.0687841273e+01 8.5418964319e-01 1.0700798285e-02 4.7801830988e+01 1.1912859858e+02 -5.8949903028e-01 1.0908859551e+01 5.7970042077e-03 5.8717278895e-03
7.4609871348e+01 3.3265307575e+01 4.2686288460e+01 4.4585665374e-01 1.3578391553e-02 6.0788154348e+01 1.6827010067e+02 6.8735209706e-01 1.6156423802e+01 3.2327866851e-03 3.2620845282e-03
3.1707241154e+01 3.1094015881e+01 2.7334270993e+01 9.8065977198e-01 2.2724119428e-02 1.0242970175e+02 3.0490097758e+01 7.8162684566e-01 1.3324492838e+01 8.0597197415e-03 8.4961693693e-03
2.3170546720e+01 1.7333232195e+01 1.7409664138e+01 7.4807178289e-01 1.5713138048e-02 7.0457947170e+01 2.0631566395e+02 -9.9726018992e-01 8.0661675795e+00 5.2389620557e-03 5.2775670907e-03
4.3612025243e+01 4.0396227717e+01 3.6534557300e+01 9.2626351314e-01 3.8856866669e-02 1.7723344634e+02 5.9384530705e+01 7.3066561638e-01 8.5931398565e+00 5.1850866354e-03 5.3224652601e-03
4.2710096854e+01 2.6302419682e+01 2.9008827985e+01 6.1583610481e-01 3.8024425792e-02 1.7333184975e+02 7.2031679449e+00 -7.6379421890e-01 1.2244213943e+01 1.3217165189e-02 1.7910893621e-02
3.5756886800e+01 2.0623559371e+01 2.3464337183e+01 5.7677167160e-01 1.7212481844e-02 7.7267769698e+01 1.4510345765e+02 -6.9455292339e-01 8.3053570104e+00 4.9562602218e-03 5.0084880262e-03
3.4936727680e+01 3.4917351338e+01 3.0405752515e+01 9.9944538759e-01 2.6627434685e-02 1.2037125785e+02 5.6732342735e+01 -9.3075074967e-01 1.2791419142e+01 5.9601039591e-03 6.1257808297e-03
5.3343738151e+01 5.0114417217e+01 4.5006447308e+01 9.3946204286e-01 2.5559933934e-02 1.1545448117e+02 2.1355928794e+02 -9.1628828747e-01 9.4519211045e+00 2.8392521135e-03 2.8594551494e-03
3.5811502850e+01 3.4391102963e+01 3.0549952840e+01 9.6033676964e-01 6.3366872357e-02 2.9411617175e+02 6.3644180068e+00 7.5602730449e-01 8.1982386509e+00 1.3203914030e-02 1.9141043141e-02
5.0078643388e+01 4.3477894294e+01 4.0601100602e+01 8.6819233415e-01 1.6613936212e-02 7.4547452908e+01 2.6280555953e+02 -6.8863701802e-01 9.2629763721e+00 2.8167553089e-03 2.8330026230e-03
3.1767332008e+01 2.4846868744e+01 2.4421164473e+01 7.8215157440e-01 1.1652305501e-02 5.2089745615e+01 5.2292551967e+01 -4.6529725626e-01 1.3273016564e+01 7.1122543023e-03 7.3276911622e-03
7.6822899569e+01 6.3263570428e+01 6.0632768390e+01 8.2349886274e-01 5.0646522035e-02 2.3297367391e+02 6.6656650820e+01 5.5679731178e-01 8.2207648174e+00 3.5923357401e-03 3.6766774885e-03
4.4670106095e+01 2.1454933134e+01 2.6598264537e+01 4.8029733997e-01 4.2486016522e-02 1.9429573944e+02 2.9422296674e+00 -7.6932621819e-01 8.9239672111e+00 1.9468828394e-02 1.0000000000e+00
8.2068602112e+01 6.7273841170e+01 6.4621540449e+01 8.1972690455e-01 9.1789418905e-02 4.3441721591e+02 1.4256845215e+01 -5.2545276026e-01 9.0193789713e+00 6.0095138142e-03 6.7993586560e-03
4.1688285181e+01 4.1509743255e+01 3.6213945195e+01 9.9571721586e-01 9.8821178282e-02 4.6989859059e+02 5.8298606728e+00 9.7871789152e-01 8.8352914682e+00 1.2020489095e-02 1.8562531170e-02
2.8793296467e+01 2.1826694344e+01 2.1782273210e+01 7.5804777578e-01 2.3219094210e-02 1.0469926124e+02 1.0224186013e+01 -5.5640666175e-01 9.6366951978e+00 1.3988304149e-02 1.6849805175e-02
6.7271306059e+01 5.2201795045e+01 5.1505683014e+01 7.7598902270e-01 2.5214387443e-02 1.1386455109e+02 1.9423807830e+00 -1.6817840331e-01 1.7422270331e+01 1.5209912000e-02 1.0000000000e+00
4.0561121773e+01 3.4992648559e+01 3.2779387568e+01 8.6271402340e-01 1.6002145509e-02 7.1769412276e+01 3.3824311439e+01 -8.3094075694e-01 2.4272229881e+01 6.9486465063e-03 7.2844567762e-03
7.2277542850e+01 6.7782535871e+01 6.0927006722e+01 9.3780907869e-01 5.1716701362e-02 2.3807779443e+02 2.2576418747e+01 -7.9478441273e-01 1.7324625423e+01 5.3716439136e-03 5.7791918635e-03
3.3721099800e+01 3.2529320424e+01 2.8831570858e+01 9.6465775483e-01 3.8528590474e-02 1.7569429753e+02 1.0687788691e+01 7.4075105371e-01 1.0582353125e+01 1.1439540221e-02 1.3638310170e-02
2.3927099498e+01 2.2656728585e+01 2.0267739781e+01 9.4690660635e-01 2.8180535746e-02 1.2753809183e+02 4.1792204447e+00 8.7388856649e-01 1.1044548794e+01 2.0403906604e-02 6.6466640055e-02
2.7614553232e+01 2.7125468702e+01 2.3825837203e+01 9.8228888493e-01 1.5397821068e-02 6.9027731225e+01 2.3504470695e+02 7.5672115093e-01 8.2971529570e+00 4.1014419246e-03 4.1279267860e-03
4.1793483110e+01 2.7384997494e+01 2.9320985271e+01 6.5524563775e-01 1.6540561950e-02 7.4214140497e+01 5.2811687409e+01 -2.0831517534e-01 8.5553617767e+00 6.3016957496e-03 6.4905987948e-03
3.4546334581e+01 2.9226051564e+01 2.7642463143e+01 8.4599573064e-01 2.6395660542e-02 1.1930309460e+02 4.3854042263e+01 5.8426807213e-01 8.3730097816e+00 6.9680284456e-03 7.2224806186e-03
3.3279433744e+01 2.5167466067e+01 2.5145307787e+01 7.5624682382e-01 1.5943156623e-02 7.1501685712e+01 8.5126790024e+01 -7.6802954615e-01 1.2608402380e+01 5.8018556357e-03 5.9075193809e-03
1.5647892017e+01 1.4855908216e+01 1.3272179271e+01 9.4938718897e-01 1.1014024776e-02 4.9212696973e+01 1.2619817458e+02 8.5226272501e-01 8.2849359282e+00 7.4853774330e-03 7.5763379144e-03
7.6045628792e+01 5.5235926048e+01 5.6277758893e+01 7.2635241401e-01 1.2885831038e-01 6.2481773002e+02 7.8543799868e+00 -8.9306419883e-01 1.0257649795e+01 8.0240501492e-03 1.0479188487e-02
3.5569553133e+01 3.1804223734e+01 2.9271147397e+01 8.9414178511e-01 1.2465479934e-02 5.5759091064e+01 9.8690053184e+01 1.7027872382e-01 8.9071754026e+00 5.0024267979e-03 5.0806482187e-03
3.8201442590e+01 2.6611115760e+01 2.7666477968e+01 6.9659976054e-01 6.9024409859e-02 3.2164043031e+02 4.8944794582e+00 -9.5517798724e-01 8.5975289297e+00 1.5450493860e-02 2.9224252920e-02
2.2647810037e+01 2.2390294880e+01 1.9603589261e+01 9.8862957803e-01 1.9737969014e-02 8.8772118003e+01 1.1532851815e+02 9.1201411159e-01 8.1285528793e+00 6.0350289904e-03 6.1154471446e-03
4.2734683750e+01 4.1197091234e+01 3.6526069999e+01 9.6402003288e-01 5.1239058267e-02 2.3579881085e+02 1.4862696701e+01 -8.6578330655e-01 1.1490761616e+01 8.6535411857e-03 9.7331597304e-03
3.4740268928e+01 2.0782143344e+01 2.3239160850e+01 5.9821480907e-01 2.7090385122e-02 1.2250589141e+02 4.3067434826e+01 7.4553003891e-01 8.0127240277e+00 7.8157682802e-03 8.1067534653e-03
7.7558148771e+01 5.6480271757e+01 5.7473635180e+01 7.2823130324e-01 3.1400966326e-02 1.4244953222e+02 1.4549309024e+02 -7.5637987061e-01 9.5375608234e+00 2.8041079542e-03 2.8335762615e-03
3.6783015883e+01 3.4239600852e+01 3.0890595665e+01 9.3085354831e-01 5.1073802562e-02 2.3501066586e+02 3.2455297372e+00 6.3169903826e-01 8.5641013500e+00 1.7003035502e-02 1.0000000000e+00
4.1217593213e+01 2.4754726104e+01 2.7629441238e+01 6.0058640435e-01 5.5028506726e-02 2.5391970348e+02 3.8541838606e+00 8.0837917696e-01 8.8555194582e+00 1.7052905958e-02 1.0000000000e+00
5.0556421998e+01 2.2271601730e+01 2.8738028042e+01 4.4052962710e-01 3.2470630204e-02 1.4741744736e+02 1.4071471281e+01 -4.6898853171e-01 8.3494796850e+00 1.0377297276e-02 1.1763910976e-02
3.6562942266e+01 2.8220971277e+01 2.7917364703e+01 7.7184628829e-01 1.6484708128e-02 7.3960441142e+01 6.3707056987e+01 9.2357869808e-01 1.7832073723e+01 6.0567670552e-03 6.2058543007e-03
3.8362682104e+01 3.7861417781e+01 3.3177605631e+01 9.8693354333e-01 3.0551163892e-02 1.3850809414e+02 2.2269176297e+01 9.9972110716e-01 1.7387330434e+01 7.9953054730e-03 8.6115138876e-03
7.6243115577e+01 7.4690113871e+01 6.5693330621e+01 9.7963092544e-01 4.7366536447e-02 2.1737600154e+02 6.2161990903e+01 -8.3699168768e-01 1.3468797498e+01 3.5142804406e-03 3.6030354456e-03
4.1988428303e+01 4.1292188285e+01 3.6248473660e+01 9.8341828818e-01 3.9226551131e-02 1.7896758178e+02 8.0294679280e+00 -3.3214966396e-01 9.1850855253e+00 1.1032228065e-02 1.4287389364e-02
1.9809077331e+01 1.9259234347e+01 1.7003449281e+01 9.7224287760e-01 1.2717395706e-02 5.6896729252e+01 1.4597461412e+02 8.4935929337e-01 9.2782419275e+00 6.0645827924e-03 6.1281010626e-03
4.3103637701e+01 4.1393410361e+01 3.6770435383e+01 9.6032290010e-01 1.8382180238e-02 8.2590808728e+01 6.6516895301e+01 -1.3258709402e-01 8.6610863549e+00 5.0111831640e-03 5.1290949639e-03
8.3015865763e+01 7.8649025723e+01 7.0337920763e+01 9.4739752455e-01 2.4904401146e-02 1.1243891304e+02 1.0940020647e+02 -2.9798818480e-01 9.2368179492e+00 2.7613304833e-03 2.8001715722e-03
6.9112782157e+01 6.7862763992e+01 5.9619090144e+01 9.8191335776e-01 9.3367832812e-02 4.4235539104e+02 7.1914107858e+00 4.7801395804e-01 9.4752867402e+00 8.1615131313e-03 1.1068339058e-02
2.9077380126e+01 1.8154252790e+01 1.9891777803e+01 6.2434279537e-01 2.1768092549e-02 9.8050728223e+01 1.0131027831e+01 5.4117492916e-01 8.8948280305e+00 1.4869092644e-02 1.7950624003e-02
7.8555332919e+01 4.0175252624e+01 4.8369105055e+01 5.1142616460e-01 8.9643135321e-02 4.2364762131e+02 2.7999556458e+00 -6.7439809062e-01 9.9975096872e+00 1.3276431197e-02 1.0000000000e+00
6.6459249725e+01 4.9199161530e+01 4.9667515600e+01 7.4029065531e-01 7.7312222919e-02 3.6232462565e+02 5.4306133002e+00 -5.0754635834e-01 1.0232150664e+01 1.0258731147e-02 1.6917692664e-02
4.3673695729e+01 3.9718304123e+01 3.6249457114e+01 9.0943309148e-01 2.4050798707e-02 1.0851645288e+02 1.7009813136e+02 -7.5132154068e-01 8.7731085367e+00 3.5431866820e-03 3.5749468007e-03
4.7880740529e+01 4.5528158385e+01 4.0643108321e+01 9.5086579451e-01 9.4654935818e-02 4.4883979124e+02 1.1113508162e+01 -9.0617323647e-01 8.2504132359e+00 8.8015965372e-03 1.0404571733e-02
2.8056513587e+01 2.2474974837e+01 2.1833699667e+01 8.0106085766e-01 1.2196620510e-02 5.4545406087e+01 1.5463097023e+02 -5.7099035685e-01 9.1188961608e+00 5.0779617858e-03 5.1281150025e-03
8.5711661002e+01 8.4347461182e+01 7.4019674209e+01 9.8408384806e-01 2.4846956263e-01 1.2924232866e+03 2.5071439097e+00 -9.5659982007e-01 9.7600136894e+00 9.7420491043e-03 1.0000000000e+00
4.0708018527e+01 3.5665003187e+01 3.3156245269e+01 8.7611739598e-01 4.3451475907e-02 1.9884921443e+02 4.9772513410e+00 9.4319394438e-01 1.7258961797e+01 1.3920381979e-02 2.5631256044e-02
2.4022467486e+01 2.3626064225e+01 2.0739366777e+01 9.8349864515e-01 2.6775612478e-02 1.2105434172e+02 5.3964498722e+00 9.2158825812e-01 1.3188896538e+01 1.8289877199e-02 3.0364549230e-02
3.3204985848e+01 3.0400542720e+01 2.7653608402e+01 9.1554150510e-01 1.8742416866e-02 8.4232003955e+01 9.6898015615e+01 8.8366196561e-01 1.3001322050e+01 5.1989727162e-03 5.2818152425e-03
3.3684601638e+01 3.0815679181e+01 2.8042038081e+01 9.1482985346e-01 1.4125731245e-02 6.3264537977e+01 2.5246498757e+02 -7.3772016300e-01 9.7496967867e+00 3.6091667551e-03 3.6308468688e-03
4.2491741332e+01 2.5977342480e+01 2.8750185168e+01 6.1135038636e-01 3.2475437576e-02 1.4743979154e+02 2.4583666132e+01 9.9545013734e-01 1.3250561272e+01 8.4159474552e-03 8.9954829634e-03
3.3663871873e+01 2.5587977654e+01 2.5502316689e+01 7.6010203909e-01 1.2967058675e-02 5.8024613992e+01 3.6810345337e+02 -8.8202877357e-01 9.3226255027e+00 3.3271523332e-03 3.3408124511e-03
3.4043224600e+01 2.9287924924e+01 2.7473127483e+01 8.6031582696e-01 6.5575269816e-02 3.0483609374e+02 8.6590227352e+00 9.9986804601e-01 8.2274415630e+00 1.2554871346e-02 1.5839903649e-02
3.7984322417e+01 3.0997554469e+01 2.9840911726e+01 8.1606179856e-01 2.0122861200e-02 9.0529148592e+01 1.2438442830e+01 -7.6132441865e-01 2.0683341325e+01 1.0695919667e-02 1.2371063060e-02
4.0665089361e+01 1.6972922934e+01 2.2451492829e+01 4.1738314610e-01 2.9883039008e-02 1.3541262337e+02 1.6199897308e+01 7.3630972324e-01 8.7599657753e+00 1.1503577940e-02 1.2794298289e-02
7.4508506406e+01 3.7060451873e+01 4.5202376172e+01 4.9739893686e-01 1.3471985847e-01 6.5567266082e+02 4.5571250451e+00 -9.9978485072e-01 9.9523413706e+00 1.1249427939e-02 2.4740432462e-02
5.2942551609e+01 4.2142877983e+01 4.1067157237e+01 7.9601146342e-01 4.8176561807e-02 2.2122155669e+02 7.0849973231e+01 -8.4890712353e-01 8.3803307933e+00 4.4857770095e-03 4.5846068669e-03
5.9921860317e+01 5.0067807372e+01 4.7644847187e+01 8.3555161850e-01 2.8342731541e-02 1.2828746736e+02 1.1162161194e+02 8.0508795553e-01 1.2267917655e+01 3.4887431444e-03 3.5368146034e-03
3.4716566769e+01 3.1260032463e+01 2.8670662706e+01 9.0043559523e-01 4.6297704157e-02 2.1230825459e+02 1.9196406431e+01 -9.5675645685e-01 9.5606802104e+00 9.1733959529e-03 1.0013474079e-02
3.9444890860e+01 2.8436472917e+01 2.9078351391e+01 7.2091650647e-01 2.2908839703e-02 1.0327649148e+02 1.9662502967e+02 -9.2861741208e-01 8.7098091917e+00 3.8541356635e-03 3.8839557960e-03
4.2462188141e+01 2.7399342002e+01 2.9552748879e+01 6.4526448592e-01 1.6457005942e-02 7.3834619947e+01 1.4063616830e+02 7.2549281030e-01 1.1519447776e+01 4.3434022087e-03 4.3906549096e-03
6.5845511930e+01 4.7990572304e+01 4.8814997892e+01 7.2883589021e-01 1.3131907284e-01 6.3774659791e+02 7.6829619652e+00 9.5233187900e-01 8.9919928785e+00 8.8310226145e-03 1.1634836654e-02
7.4169851725e+01 6.1739282515e+01 5.8860461674e+01 8.3240401698e-01 2.1586053910e-02 9.7217608595e+01 2.2476373527e+02 6.5816169111e-01 8.1020215693e+00 2.3609498674e-03 2.3769016140e-03
5.2927468998e+01 5.1449481455e+01 4.5427240506e+01 9.7207522726e-01 1.2362898642e-01 5.9746095849e+02 5.3943340112e+00 7.8430791439e-01 8.1324434678e+00 1.0592098205e-02 1.7592239489e-02
4.4562807667e+01 4.2117961667e+01 3.7711984174e+01 9.4513707442e-01 1.5542699924e-02 6.9684790709e+01 1.0464125939e+02 7.7651102886e-01 1.8526707356e+01 4.1691368566e-03 4.2305198510e-03
8.3503369981e+01 8.2806108243e+01 7.2389641506e+01 9.9164989702e-01 2.1228095772e-01 1.0822741657e+03 2.9588092373e+00 -8.0292231870e-01 9.7475129825e+00 9.4558824024e-03 1.0000000000e+00
5.4295634020e+01 4.4454650265e+01 4.2726920551e+01 8.1875184015e-01 1.5191060642e-02 6.8090267543e+01 3.6227945841e+02 7.5874262751e-01 8.0998616048e+00 2.4210206322e-03 2.4311215098e-03
4.6885353263e+01 1.5639359853e+01 2.2905688883e+01 3.3356600228e-01 1.7298342906e-02 7.7658193933e+01 4.2980560359e+00 4.2096536415e-01 1.2932134500e+01 1.8828854799e-02 5.1219957459e-02
3.7294558425e+01 3.0650877106e+01 2.9404985417e+01 8.2185923094e-01 2.7615117213e-02 1.2492710712e+02 5.0067052169e+00 -9.4024022609e-01 2.2427881466e+01 1.5115815303e-02 2.7585141450e-02
2.3163933079e+01 2.1179840196e+01 1.9278554136e+01 9.1434559596e-01 1.7908564087e-02 8.0434386520e+01 5.2306561218e+01 -8.7451329459e-01 1.0465600639e+01 8.2124485598e-03 8.4611409492e-03
2.4505601773e+01 2.2269690112e+01 2.0332202482e+01 9.0875916123e-01 1.6551507191e-02 7.4263858438e+01 1.2261957280e+02 8.7294473780e-01 9.5126170611e+00 5.7761662456e-03 5.8484526141e-03
8.2351496033e+01 6.1005933583e+01 6.1566164917e+01 7.4079933604e-01 1.0924249052e-01 5.2303558605e+02 9.4114447461e+00 -5.8960866608e-01 8.9390145811e+00 7.1667005344e-03 8.8195800867e-03
3.9374493024e+01 3.8821335109e+01 3.4035689154e+01 9.8595136413e-01 5.8799228889e-02 2.7204224659e+02 9.4554597624e+00 7.1362531391e-01 8.7462598211e+00 1.0667733210e-02 1.3111167964e-02
3.7607137047e+01 2.4402628932e+01 2.6250169668e+01 6.4888292084e-01 1.9014727453e-02 8.5473192622e+01 3.0583158896e+02 -9.9259615226e-01 8.1304650461e+00 3.4897515221e-03 3.5070230840e-03
8.1044870845e+01 7.3036854997e+01 6.6959211716e+01 9.0119034352e-01 1.8290825198e-01 9.1679715905e+02 9.5277642721e+00 -8.7638358782e-01 8.4841771367e+00 6.5023934667e-03 7.9751489677e-03
3.8722269151e+01 3.7448510542e+01 3.3149694374e+01 9.6710526948e-01 6.0021872030e-02 2.7793788201e+02 2.3029329846e+00 -7.8280338061e-01 8.3247251247e+00 1.8405337412e-02 1.0000000000e+00
4.4757532466e+01 4.4665291800e+01 3.8923520169e+01 9.9793910297e-01 6.2364177020e-02 2.8925912260e+02 9.6420243515e+00 8.6294371706e-01 1.1579876893e+01 9.7174922741e-03 1.1880348470e-02
3.4787781413e+01 2.2851121980e+01 2.4437536014e+01 6.5687206979e-01 2.4587601755e-02 1.1098259850e+02 6.1861083751e+01 8.2863090561e-01 9.3290170432e+00 6.6223190753e-03 6.7904211746e-03
6.8194282428e+01 4.6745869192e+01 4.8977923537e+01 6.8548076947e-01 2.4462526450e-02 1.1040781514e+02 2.2053738011e+01 -3.6163387935e-01 1.6663114796e+01 6.3140008372e-03 6.8060915775e-03
3.3381685631e+01 2.3187836035e+01 2.4140407055e+01 6.9462747601e-01 1.8443271847e-02 8.2869073916e+01 2.3682030240e+02 -9.6986834749e-01 8.7826547658e+00 4.0489065063e-03 4.0748537807e-03
2.7369693132e+01 2.1366202118e+01 2.1019799381e+01 7.8065186977e-01 2.1484267855e-02 9.6751869609e+01 1.9221482381e+01 -7.0252246746e-01 1.0270890754e+01 1.1300248868e-02 1.2333511167e-02
3.3749249606e+01 3.0713620879e+01 2.8021743669e+01 9.1005344527e-01 3.6850266020e-02 1.6783632377e+02 7.0513256646e+01 -9.5724953034e-01 8.1036304492e+00 5.7452932861e-03 5.8725018692e-03
5.3949168274e+01 3.2317563293e+01 3.6114811149e+01 5.9903728504e-01 2.9661248838e-02 1.3438570303e+02 7.7611546807e+01 9.4423182824e-01 1.2675072818e+01 4.7501906771e-03 4.8453894706e-03
5.3863160065e+01 4.7805372371e+01 4.4159465673e+01 8.8753374873e-01 5.8950167677e-02 2.7276956463e+02 1.5895635723e+01 -5.6747549639e-01 8.8517570878e+00 7.4602682993e-03 8.3169346405e-03
4.7129857909e+01 4.1382125333e+01 3.8429518134e+01 8.7804477180e-01 6.5655702819e-02 3.0522711102e+02 1.9158615143e+01 9.9489751054e-01 1.0263471664e+01 7.5571500047e-03 8.2508228510e-03
6.8592081991e+01 4.0964463274e+01 4.5843850418e+01 5.9721854309e-01 3.4333850371e-02 1.5608886009e+02 3.2424309766e+01 9.5744771132e-01 1.9693252731e+01 5.6608360256e-03 5.9473483890e-03
3.4302411639e+01 2.7455476637e+01 2.6682941106e+01 8.0039493799e-01 2.5082347012e-02 1.1325721468e+02 7.6115119058e+01 -7.8106428223e-01 9.0540492747e+00 5.7976081821e-03 5.9161692327e-03
3.0466395053e+01 2.6330977534e+01 2.4643771984e+01 8.6426298511e-01 2.7540313602e-02 1.2458183766e+02 4.6404001899e+01 7.7595447848e-01 8.6059757458e+00 7.3243851322e-03 7.5762080771e-03
3.5272970643e+01 2.7780496314e+01 2.7212436472e+01 7.8758595624e-01 2.1272678041e-02 9.5783925599e+01 3.0192231732e+01 -5.7925347741e-01 1.1168393260e+01 8.1192670024e-03 8.5637275165e-03
3.4940597084e+01 2.4802404148e+01 2.5552715174e+01 7.0984488582e-01 2.9072493081e-02 1.3166125058e+02 2.7856880046e+00 5.0023404855e-01 8.4510722320e+00 2.0542068606e-02 1.0000000000e+00
4.5535834206e+01 4.0498243979e+01 3.7371419291e+01 8.8937085891e-01 6.1641067486e-02 2.8576034363e+02 1.7069291516e+01 8.1267390694e-01 8.9826929773e+00 8.0494576270e-03 8.8971909707e-03
3.4581656400e+01 3.3122491589e+01 2.9461728192e+01 9.5780523656e-01 1.8936718559e-02 8.5117578439e+01 2.7410315484e+02 -9.0565149897e-01 8.6150907928e+00 3.3831759558e-03 3.4018779410e-03
2.8931552233e+01 2.0527863379e+01 2.1153366504e+01 7.0953204354e-01 2.7549207404e-02 1.2462288666e+02 2.9717744278e+01 -8.7825747395e-01 8.8883268992e+00 9.5235962616e-03 1.0054132138e-02
4.5458526940e+01 4.3107348847e+01 3.8534233017e+01 9.4827861236e-01 1.8409492558e-02 8.2715210100e+01 1.8638384578e+02 -9.1941844224e-01 1.3560707072e+01 3.3068303778e-03 3.3338429006e-03
4.7861161140e+01 3.3392950284e+01 3.4690754364e+01 6.9770455812e-01 2.1109858546e-02 9.5039290077e+01 1.5408975484e+02 -9.4937488084e-01 1.2646249550e+01 3.7861838465e-03 3.8237123764e-03
4.1701128612e+01 4.0405723198e+01 3.5733745166e+01 9.6893596273e-01 4.9711454259e-02 2.2851998348e+02 2.5771804128e+01 8.6651182326e-01 9.8999789122e+00 7.1432958875e-03 7.6097000920e-03
2.7359033662e+01 2.7304967933e+01 2.3793874725e+01 9.9802384359e-01 1.4690682469e-02 6.5822707985e+01 1.2018460379e+02 6.3572692388e-01 9.8371341231e+00 5.2811457395e-03 5.3486077351e-03
3.0382596836e+01 2.4037025972e+01 2.3493745974e+01 7.9114455234e-01 1.1048970977e-02 4.9370146032e+01 5.5180505586e+02 9.4994536741e-01 8.5170546759e+00 3.0124741377e-03 3.0207041473e-03
4.8980047590e+01 4.6582909079e+01 4.1580486843e+01 9.5105887748e-01 5.9730092503e-02 2.7653004470e+02 5.8989705540e+00 8.6291359880e-01 1.5239123581e+01 1.1228626456e-02 1.7176053475e-02
1.8016111353e+01 1.2074953026e+01 1.2789112111e+01 6.7023081671e-01 1.0318718445e-02 4.6081722113e+01 3.5338670793e+00 9.0789580110e-01 1.2043932314e+01 2.9293088794e-02 1.0000000000e+00
3.2369008766e+01 2.6968668573e+01 2.5699651568e+01 8.3316325094e-01 1.5456894977e-02 6.9295628260e+01 2.8128739966e+02 9.3529808715e-01 9.7477814775e+00 3.6569703030e-03 3.6766643773e-03
2.8558405127e+01 2.6596691309e+01 2.3989423318e+01 9.3130870545e-01 1.5590760108e-02 6.9902785888e+01 1.5626916026e+02 -7.5651096430e-01 9.8002993397e+00 4.7589010024e-03 4.8054013668e-03
8.1350885098e+01 4.3109656350e+01 5.1045300966e+01 5.2992240095e-01 1.5237379214e-01 7.4980628567e+02 5.6276182727e+00 -9.9642203371e-01 9.6559909615e+00 9.5407121452e-03 1.5192187812e-02
3.4558453889e+01 2.7540067193e+01 2.6822257558e+01 7.9691259574e-01 1.8343728822e-02 8.2415679751e+01 9.8897823875e+00 8.0524682863e-02 9.6654302723e+00 1.2473322208e-02 1.5149208698e-02
3.6721150249e+01 1.5014328677e+01 2.0049134181e+01 4.0887413862e-01 1.6088140050e-02 7.2159748203e+01 2.5851976519e+01 -6.3979538376e-01 1.1133536569e+01 1.0449456630e-02 1.1129351093e-02
8.5556820641e+01 5.6707823027e+01 6.0383623639e+01 6.6280890994e-01 4.4444237527e-02 2.0353775863e+02 1.1990626790e+01 4.4601658255e-01 1.6063322239e+01 6.8782390788e-03 8.0089421519e-03
5.1083016127e+01 2.9951573889e+01 3.3812993443e+01 5.8633135159e-01 3.1811365386e-02 1.4435468892e+02 1.6578522887e+02 -9.8616963555e-01 8.2139368468e+00 3.7188922960e-03 3.7531093046e-03
2.9125071081e+01 1.9557144971e+01 2.0695189216e+01 6.7148831728e-01 1.9198567354e-02 8.6311412244e+01 1.4897235556e+01 -4.7171288236e-01 8.9716552097e+00 1.2572625585e-02 1.4136665672e-02
7.2722329185e+01 6.4739638782e+01 5.9712646506e+01 8.9023054551e-01 1.0037797651e-01 4.7779474519e+02 1.5847106758e+01 -7.7559224870e-01 9.8101320028e+00 6.0385736587e-03 6.7345874830e-03
8.5866707644e+01 7.6732198297e+01 7.0641180333e+01 8.9361989533e-01 2.1456071338e-01 1.0953110932e+03 9.2152444271e+00 8.8631002238e-01 8.0062297714e+00 6.2633608828e-03 7.7538877105e-03
3.9243649943e+01 3.4814558022e+01 3.2166479213e+01 8.8713863449e-01 5.7894342047e-02 2.6768497670e+02 8.8265109823e+00 9.5286779415e-01 1.0890821770e+01 1.1346089485e-02 1.4228352535e-02
3.9343141895e+01 3.7393802166e+01 3.3388760670e+01 9.5045287095e-01 4.8221705630e-02 2.2143599925e+02 3.8542335472e+01 -9.9433733307e-01 9.5467734874e+00 6.4144670425e-03 6.6835230725e-03
5.3113140649e+01 5.0560654192e+01 4.5110225819e+01 9.5194246799e-01 3.2287598460e-02 1.4656684734e+02 3.8337157582e+00 -6.1832759522e-01 2.5453315275e+01 1.2750169472e-02 1.0000000000e+00
3.8039111462e+01 2.9623350170e+01 2.9177572909e+01 7.7876030833e-01 2.0171276417e-02 9.0750233589e+01 2.3840339517e+02 -8.6153809537e-01 8.3284321646e+00 3.5838693613e-03 3.6066821649e-03
3.1713279662e+01 2.1716045705e+01 2.2764452229e+01 6.8476190216e-01 1.4596875698e-02 6.5397791182e+01 1.8794879689e+01 9.0056035847e-01 2.0949537475e+01 1.0887714107e-02 1.1909944853e-02
3.8873433512e+01 3.6910621070e+01 3.2973647072e+01 9.4950761316e-01 3.4014192115e-02 1.5459955575e+02 3.8263609442e+01 -5.6634955988e-01 8.2147338032e+00 6.5379649703e-03 6.8143572524e-03
3.9381599207e+01 3.6693133483e+01 3.3088631237e+01 9.3173294691e-01 1.2037770246e-02 5.3828552409e+01 3.4376391019e+02 9.7644986864e-01 1.3206511861e+01 2.9025247766e-03 2.9152920856e-03
6.3601532756e+01 3.2564130232e+01 3.9185034451e+01 5.1200228706e-01 3.4886577282e-02 1.5866562235e+02 1.3983157890e+01 5.0187536714e-01 1.2136993905e+01 8.5567856526e-03 9.7092827512e-03
3.9563877146e+01 3.2142932759e+01 3.1011196739e+01 8.1243131557e-01 5.5983059222e-02 2.5849881298e+02 3.8305260746e+00 8.9888847281e-01 1.1526359327e+01 1.5893302926e-02 1.0000000000e+00
3.3516118262e+01 2.1383159684e+01 2.3189000476e+01 6.3799630723e-01 4.2686869365e-02 1.9524253999e+02 1.3046365804e+01 -8.9237112854e-01 8.0548273230e+00 1.2132902356e-02 1.3918597622e-02
4.0999891270e+01 4.0665801530e+01 3.5546700488e+01 9.9185144814e-01 4.8099308516e-02 2.2085461795e+02 1.7672502336e+01 8.6584335104e-01 1.1263903144e+01 8.2638589184e-03 9.0986437267e-03
4.2363792082e+01 3.2041254697e+01 3.2011212652e+01 7.5633585009e-01 7.6818279058e-02 3.5988785079e+02 3.5451622555e+00 -8.8532736382e-01 8.5486216304e+00 1.5845442004e-02 1.0000000000e+00
8.1362583360e+01 7.7770300725e+01 6.9245430226e+01 9.5584846884e-01 1.5399805533e-01 7.5855702978e+02 6.4360671762e+00 -9.1268995669e-01 1.2394375769e+01 7.4914417684e-03 1.0784242589e-02
3.6558467869e+01 3.3916083984e+01 3.0649948461e+01 9.2772170063e-01 4.2498232725e-02 1.9435331794e+02 4.8387819970e+00 -4.5643169144e-01 8.9634297956e+00 1.4785262840e-02 2.8525722813e-02
3.0552279492e+01 2.1982402956e+01 2.2499975616e+01 7.1950123924e-01 1.2557168940e-02 5.6173104432e+01 5.0311903547e+01 6.0131072884e-01 1.3343286500e+01 7.5908989807e-03 7.8304190782e-03
2.4940229681e+01 2.3721944898e+01 2.1173475094e+01 9.5115182183e-01 1.3936801242e-02 6.2409516227e+01 4.9298877272e+01 9.5996647384e-01 1.6761748698e+01 7.9383449070e-03 8.1942849244e-03
6.4215837519e+01 4.1190185852e+01 4.4554180069e+01 6.4143344451e-01 3.7884317172e-02 1.7267561399e+02 3.0377881161e+01 -8.2296790557e-01 1.5315313283e+01 5.8926861405e-03 6.2130864911e-03
5.2991434557e+01 3.0831325468e+01 3.4933840431e+01 5.8181715075e-01 3.2633693719e-02 1.4817543461e+02 7.7668993329e+01 -8.7904002965e-01 1.0399078535e+01 4.8398563823e-03 4.9367777659e-03
3.4026192651e+01 3.3671593903e+01 2.9466688024e+01 9.8957865338e-01 2.5166638731e-02 1.1364491162e+02 3.4816190911e+01 4.6338450580e-01 8.6910337273e+00 7.3059072367e-03 7.6480376254e-03
4.6080449764e+01 4.5931396107e+01 4.0050419066e+01 9.9676536019e-01 4.4743253604e-02 2.0495118154e+02 6.9012344040e+01 8.5681591988e-01 8.9630965635e+00 4.6111877029e-03 4.7155994526e-03
2.8833189834e+01 2.2294434595e+01 2.2035472611e+01 7.7322123301e-01 2.9765584054e-02 1.3486874973e+02 1.6071444489e+01 9.6808321470e-01 1.1038402136e+01 1.1674470352e-02 1.2997147966e-02
4.6404298471e+01 2.8221737044e+01 3.1311732450e+01 6.0817075085e-01 7.2870712296e-02 3.4046808261e+02 5.3889588603e+00 8.8726345193e-01 8.9426615616e+00 1.3762500979e-02 2.2882484138e-02
3.4491856283e+01 2.3921975692e+01 2.4923270334e+01 6.9355431311e-01 3.2546511571e-02 1.4777015391e+02 6.0476402493e+01 9.5105664024e-01 8.2976472482e+00 6.5652966574e-03 6.7359514967e-03
4.3952931501e+01 4.0634846681e+01 3.6784966043e+01 9.2450822489e-01 3.0165022775e-02 1.3671871625e+02 6.5194825059e+01 9.0902011315e-01 1.3082650199e+01 5.0116426512e-03 5.1320633261e-03
6.5419098162e+01 6.3943415071e+01 5.6303907910e+01 9.7744262558e-01 6.3844205690e-02 2.9643061011e+02 6.3646335317e+01 7.7630460917e-01 8.1971691531e+00 3.7985719747e-03 3.8921670667e-03
6.9947042694e+01 4.8309789295e+01 5.0433307687e+01 6.9066235590e-01 4.3354964069e-02 1.9839375581e+02 8.5167686142e+01 -6.8017593055e-01 8.4570332912e+00 3.6927440998e-03 3.7599631962e-03
3.5229014767e+01 2.8433801822e+01 2.7520992254e+01 8.0711317106e-01 5.3704169480e-02 2.4757634588e+02 6.1422221909e+00 -8.4191307454e-01 9.2084376206e+00 1.4365125692e-02 2.1323441974e-02
2.2745442409e+01 1.9590866562e+01 1.8366492365e+01 8.6130954107e-01 1.8318762835e-02 8.2301976143e+01 5.2787701264e+00 6.0837720145e-01 1.1046598241e+01 1.9999872699e-02 3.4035319509e-02
3.8916497276e+01 3.5702891673e+01 3.2443817081e+01 9.1742305121e-01 6.6234677236e-02 3.0804294565e+02 7.8485842634e+00 8.5478450870e-01 9.0050755088e+00 1.1735687298e-02 1.5330891184e-02
4.5738604684e+01 2.9383813697e+01 3.1760017424e+01 6.4242916679e-01 2.6632527635e-02 1.2039473340e+02 4.3727582487e+00 1.7401496787e-01 1.0821085428e+01 1.5164482611e-02 3.8179098930e-02
8.1175860373e+01 7.9386724953e+01 6.9883717783e+01 9.7795976030e-01 1.8142957876e-01 9.0859074122e+02 4.6621366898e+00 6.4866088448e-01 9.2161218056e+00 8.2834540298e-03 1.7221678299e-02
6.7155553387e+01 4.4899190517e+01 4.7610880865e+01 6.6858492340e-01 3.3227318366e-02 1.5093632327e+02 4.1061745451e+01 -4.7977173258e-01 1.1264793736e+01 5.0634077854e-03 5.2618047855e-03
7.1216390713e+01 6.2242459559e+01 5.7933604132e+01 8.7399064929e-01 1.3777018374e-01 6.7180874558e+02 5.5638823120e+00 7.6841401831e-01 9.8676159316e+00 8.9235637862e-03 1.4362450095e-02
3.6480340840e+01 2.5909311585e+01 2.6686175849e+01 7.1022668616e-01 1.6556479510e-02 7.4286445089e+01 7.1930067545e+01 4.7535528265e-01 9.6223232024e+00 5.9524143804e-03 6.0815084618e-03
3.8117838150e+01 3.5642762802e+01 3.2084471062e+01 9.3506779325e-01 8.2488657444e-02 3.8795290747e+02 4.3056151784e+00 -9.7146157356e-01 9.3494819644e+00 1.4662520749e-02 3.9539506917e-02
2.5098135626e+01 2.2785151682e+01 2.0813218326e+01 9.0784239997e-01 1.7007865443e-02 7.6337544008e+01 5.1503065354e+01 -6.6338969596e-01 9.5958318451e+00 7.8785014440e-03 8.1210168197e-03
3.7496344119e+01 2.4327373448e+01 2.6170948671e+01 6.4879320957e-01 1.7682923410e-02 7.9407547936e+01 1.4207043963e+02 -8.8846392488e-01 1.1338654231e+01 4.6648413257e-03 4.7150685064e-03
3.0386195917e+01 3.0138282723e+01 2.6344544280e+01 9.9184125598e-01 1.7539133347e-02 7.8753369805e+01 3.5057665211e+01 9.8493699799e-01 1.9669625148e+01 7.8519222420e-03 8.2168679862e-03
5.1085184299e+01 1.9429677811e+01 2.6816383384e+01 3.8033880230e-01 1.4590928573e-02 6.5370854458e+01 1.6780938446e+00 -3.9183670450e-01 1.1794192629e+01 2.4318269287e-02 1.0000000000e+00
2.8351162119e+01 2.7896688932e+01 2.4482340180e+01 9.8396985686e-01 2.2438284486e-02 1.0111983112e+02 6.9889856948e+01 -8.1442557992e-01 9.7291456598e+00 6.3271650959e-03 6.4685585248e-03
3.2236245696e+01 1.8388487037e+01 2.1031087215e+01 5.7042892682e-01 1.6760800806e-02 7.5214713027e+01 2.0570877490e+02 9.8730541850e-01 9.1632965765e+00 4.6574758539e-03 4.6918986445e-03
2.4704032669e+01 2.2501031201e+01 2.0520335024e+01 9.1082421652e-01 1.1342557931e-02 5.0693217379e+01 2.3929392142e+02 6.6320809854e-01 8.7028468570e+00 4.4837837813e-03 4.5122174563e-03
7.0738313783e+01 6.4561712102e+01 5.8819085678e+01 9.1268378689e-01 1.8201323897e-01 9.1182853178e+02 4.7687107196e+00 9.4464629886e-01 1.0056055636e+01 9.1449744184e-03 1.8131000096e-02
3.4981288568e+01 2.7447879477e+01 2.6935761080e+01 7.8464460862e-01 3.1575954095e-02 1.4326172605e+02 5.9426934869e+00 3.6746361386e-01 8.4967733678e+00 1.4937673258e-02 2.2718261700e-02
3.5626857362e+01 7.8738646756e+00 1.3838212132e+01 2.2100924018e-01 1.2530285187e-02 5.6051707442e+01 5.5402093322e+01 9.3601379396e-01 1.0272040014e+01 9.9207252895e-03 1.0203471064e-02
3.3441868751e+01 2.6572801615e+01 2.5917030807e+01 7.9459679162e-01 2.9428152411e-02 1.3330678217e+02 1.0588023733e+02 9.5739548594e-01 8.1022578275e+00 5.2029763220e-03 5.2786602299e-03
2.6740544334e+01 1.8350706893e+01 1.9216547684e+01 6.8625031203e-01 2.5187276842e-02 1.1373984309e+02 3.9260931073e+01 -9.5977753007e-01 8.7309012092e+00 9.1229734346e-03 9.4980940868e-03
3.6963121787e+01 3.0577474658e+01 2.9240795034e+01 8.2724275384e-01 1.0806507944e-02 4.8277905229e+01 5.5915066009e+02 8.7014632795e-01 8.3899582663e+00 2.6147891460e-03 2.6218383796e-03
3.7773360437e+01 2.9705866497e+01 2.9119417884e+01 7.8642371643e-01 4.6461036269e-02 2.1308219762e+02 1.6725266837e+01 7.9564937358e-01 8.4808004139e+00 9.5656558654e-03 1.0598137791e-02
4.0699962469e+01 3.6235930790e+01 3.3420601195e+01 8.9031853083e-01 4.9861306866e-02 2.2923334689e+02 1.6910980469e+01 -9.5328846176e-01 1.1149882574e+01 8.7225020474e-03 9.6514966993e-03
4.4089300083e+01 3.6199731597e+01 3.4744965832e+01 8.2105480307e-01 6.9511956698e-02 3.2402182560e+02 9.0854589471e+00 -9.1989176659e-01 9.7000981751e+00 1.0622878358e-02 1.3205306249e-02
3.1796762940e+01 3.1558412554e+01 2.7576707668e+01 9.9250394178e-01 1.2402321333e-02 5.5473936961e+01 7.9377349092e+01 9.8024382439e-01 2.3084411420e+01 5.6344276177e-03 5.7447443051e-03
4.1286846340e+01 4.1152406215e+01 3.5883711616e+01 9.9674375408e-01 4.0053774651e-02 1.8285118984e+02 2.5495470787e+01 -5.7720434712e-01 8.8286580371e+00 7.1949268750e-03 7.6704335568e-03
4.0424623922e+01 3.7053585439e+01 3.3686029212e+01 9.1660928028e-01 5.8525213465e-02 2.7072223884e+02 2.9506458135e+00 -8.0422118075e-01 1.0099945680e+01 1.6619097855e-02 1.0000000000e+00
4.2934609022e+01 4.2847396504e+01 3.7338763459e+01 9.9796871290e-01 7.5425059294e-02 3.5302288115e+02 1.5615989438e+01 -9.5008827925e-01 8.7565857246e+00 8.2602772789e-03 9.2296899604e-03
6.4514434537e+01 5.5289251346e+01 5.1961840645e+01 8.5700590484e-01 1.0294536711e-01 4.9084879928e+02 5.0631948981e+00 -7.8856890555e-01 1.1900331424e+01 1.0089332192e-02 1.8115145719e-02
5.9723862310e+01 4.7141828392e+01 4.6128031909e+01 7.8932986864e-01 1.3278485237e-02 5.9432109771e+01 1.1506406992e+02 1.8006519893e-01 1.1940445476e+01 3.5523009495e-03 3.5997476524e-03
3.3721433572e+01 3.1328253286e+01 2.8291520203e+01 9.2903088532e-01 3.5580853540e-02 1.6190510810e+02 3.1955147717e+01 -9.3747193350e-01 1.0441655706e+01 7.6902905182e-03 8.0857886588e-03
4.5156710570e+01 3.2129478366e+01 3.3063985768e+01 7.1151060296e-01 1.1321837010e-02 5.0599818016e+01 2.2874061080e+02 6.9816537841e-01 1.3803408616e+01 3.3846529588e-03 3.4071189053e-03
3.1967562629e+01 2.3015244959e+01 2.3549933943e+01 7.1995620140e-01 3.8273256886e-02 1.7449763159e+02 1.8475916432e+01 -9.2144562058e-01 8.6840322782e+00 1.0574385677e-02 1.1587509868e-02
3.5535558579e+01 3.0951517870e+01 2.8857560285e+01 8.7100130427e-01 1.2710289589e-02 5.6864632568e+01 3.0051903846e+02 -8.8809625286e-01 1.1748312277e+01 3.3237490417e-03 3.3404925147e-03
3.7391972983e+01 3.5295837093e+01 3.1623417634e+01 9.4394155422e-01 6.0871252478e-02 2.8203922838e+02 3.5319082604e+00 8.9288034865e-01 1.0513872505e+01 1.6138848125e-02 1.0000000000e+00
3.1136403146e+01 1.9772660226e+01 2.1490232088e+01 6.3503353721e-01 2.4402740466e-02 1.1013310534e+02 6.9732945926e+01 9.6785219499e-01 9.0044872106e+00 6.8617768419e-03 7.0154766506e-03
4.2323037534e+01 4.1415174615e+01 3.6446603231e+01 9.7854920224e-01 3.8049921359e-02 1.7345127875e+02 3.9732883149e+01 9.2016875736e-01 1.2282686035e+01 6.0404236769e-03 6.2856205360e-03
6.0578352479e+01 4.9038417330e+01 4.7395481735e+01 8.0950397829e-01 6.0163197195e-02 2.7861997117e+02 3.1649151430e+01 -9.4578354043e-01 1.1745353960e+01 5.5092366191e-03 5.7955749181e-03
1.8862931964e+01 1.6486782881e+01 1.5345105803e+01 8.7403076635e-01 1.8903149066e-02 8.4964559802e+01 5.3148323321e+00 8.2252078883e-01 1.0125326779e+01 2.2312483386e-02 3.7672991499e-02
8.4622211750e+01 3.8339158436e+01 4.8834014736e+01 4.5306259010e-01 9.5578128030e-02 4.5349705220e+02 3.3620168551e+00 -6.8766989886e-01 1.0439525719e+01 1.2280531714e-02 1.0000000000e+00
3.5638967414e+01 2.9699801909e+01 2.8299125104e+01 8.3335191965e-01 2.1249842805e-02 9.5679480748e+01 4.0259021610e+00 -8.5340106326e-01 2.4801214633e+01 1.6866749871e-02 1.1190619029e-01
7.9590798638e+01 7.5511613949e+01 6.7484224039e+01 9.4874803673e-01 1.1421475614e-01 5.4861896931e+02 5.9358928970e+00 4.3010845722e-01 9.2572766630e+00 8.0215167410e-03 1.2210494938e-02
7.8647398140e+01 6.1996928738e+01 6.0702737571e+01 7.8828963455e-01 1.0669611197e-01 5.0999137117e+02 2.3146388640e+00 8.1583127211e-01 1.3015921915e+01 1.2252271567e-02 1.0000000000e+00
3.4987360608e+01 2.7026820715e+01 2.6725478041e+01 7.7247383757e-01 2.4696907013e-02 1.1148499546e+02 6.2681769659e+00 -7.9424083321e-01 1.7800424994e+01 1.4775500718e-02 2.1631733552e-02
8.0128883902e+01 7.6532310271e+01 6.8169179024e+01 9.5511514132e-01 1.2195841524e-01 5.8875549524e+02 4.5522747648e+00 -3.5603710439e-01 9.0112594803e+00 8.7671220542e-03 1.9336796564e-02
7.5437128615e+01 2.8324536192e+01 3.9322524134e+01 3.7547208798e-01 3.8662920877e-02 1.7632403130e+02 1.3524265317e+01 9.0704349936e-01 1.7827817821e+01 8.6259235029e-03 9.8381043862e-03
3.5500653875e+01 3.3841040346e+01 3.0172350568e+01 9.5325118421e-01 1.7876541361e-02 8.0288637810e+01 4.5459617634e+01 8.4941455798e-01 1.8436778262e+01 6.5425329641e-03 6.7724545904e-03
3.5563202039e+01 2.7363185288e+01 2.7110276385e+01 7.6942411592e-01 1.7330656030e-02 7.7805139717e+01 3.2548987108e+02 9.2128797197e-01 8.1555965652e+00 3.3446189082e-03 3.3601638838e-03
7.8193522227e+01 5.4979143043e+01 5.6903401415e+01 7.0311633850e-01 5.3216530673e-02 2.4524346626e+02 2.9284883084e+01 9.1784525060e-01 1.6229832350e+01 5.0803601258e-03 5.3680055104e-03
3.9003588014e+01 3.7181423319e+01 3.3150068900e+01 9.5328212638e-01 5.8839883026e-02 2.7223812952e+02 1.3537781038e+01 -8.5795775534e-01 9.0162885757e+00 9.4791355077e-03 1.0809516861e-02
4.3392672740e+01 4.0039220178e+01 3.6280627293e+01 9.2271846027e-01 4.0188325336e-02 1.8348329292e+02 4.4058835407e+01 -7.1377216886e-01 8.9325523932e+00 5.8199149273e-03 6.0313863208e-03
7.1822069338e+01 6.4148497675e+01 5.9071453959e+01 8.9315858296e-01 1.0590176036e-01 5.0593017295e+02 3.7496771045e+00 3.8307835761e-01 8.9349482145e+00 1.0404929938e-02 1.0000000000e+00
8.1186924910e+01 7.0701017749e+01 6.5923824519e+01 8.7084241492e-01 9.2094806600e-02 4.3595188367e+02 4.3881433808e+01 -7.9193571460e-01 8.0222161567e+00 3.8927026353e-03 4.0347580461e-03
2.7608693038e+01 2.4163129343e+01 2.2475053053e+01 8.7520004334e-01 1.0008622779e-02 4.4686405180e+01 2.4095024506e+02 6.2748510377e-01 1.0274916589e+01 4.2284563225e-03 4.2550843898e-03
2.9167752517e+01 1.8301300533e+01 2.0005473636e+01 6.2744980169e-01 1.0832281652e-02 4.8393991149e+01 1.5187872918e+01 -1.4795594664e-01 1.0369766011e+01 1.2814950175e-02 1.4371362968e-02
3.5845565860e+01 3.0108966603e+01 2.8577869263e+01 8.3996349008e-01 1.2373366205e-02 5.5343216706e+01 2.9300594723e+02 -5.3646681552e-01 8.1046042105e+00 3.3766456075e-03 3.3940958516e-03
2.3901523747e+01 1.9980577472e+01 1.9009149738e+01 8.3595412925e-01 1.1005600990e-02 4.9174745083e+01 1.0810688198e+02 -9.8141561026e-01 1.5330689717e+01 6.3372827084e-03 6.4275179015e-03
5.1545600814e+01 3.7297298675e+01 3.8071224545e+01 7.2357869704e-01 3.9311280365e-02 1.7936515957e+02 5.7879019820e+00 5.3876534477e-01 1.3975002722e+01 1.2095846051e-02 1.8791125755e-02
7.0368312563e+01 6.3761838234e+01 5.8298515612e+01 9.0611577728e-01 1.3584064553e-01 6.6159528284e+02 2.6425957939e+00 9.9026206197e-01 1.2420634745e+01 1.1763861468e-02 1.0000000000e+00
3.8017486805e+01 3.6141778595e+01 3.2267303289e+01 9.5066196195e-01 2.4864346858e-02 1.1225474833e+02 1.7075289151e+02 -8.8064498633e-01 8.9352167560e+00 3.8031158745e-03 3.8370730543e-03
7.4842041091e+01 5.7813937130e+01 5.7169123797e+01 7.7247942851e-01 1.0259906789e-01 4.8908568947e+02 7.7081781165e+00 8.1028222770e-01 1.1939018874e+01 8.1203896084e-03 1.0684360913e-02
4.3657477215e+01 3.9190326269e+01 3.5998657869e+01 8.9767729994e-01 1.5505058370e-02 6.9514063960e+01 1.2186986218e+02 -2.5750292315e-01 8.7992600853e+00 4.0537258348e-03 4.1047759004e-03
4.3940169892e+01 3.8814600474e+01 3.5938132341e+01 8.8335116978e-01 3.2560817897e-02 1.4783665582e+02 4.6539988813e+00 -7.7996617727e-01 2.1896251740e+01 1.3663640428e-02 2.8520681617e-02
2.8310776999e+01 1.7262982016e+01 1.9129234623e+01 6.0976715745e-01 1.4577140075e-02 6.5308402175e+01 2.6410723210e+01 8.9206610769e-01 1.5277500147e+01 1.0684740186e-02 1.1363460965e-02
2.5480659606e+01 2.0292277394e+01 1.9769838340e+01 7.9637959562e-01 1.2415519735e-02 5.5533524072e+01 3.0803368266e+02 -8.3762945908e-01 8.3920633282e+00 4.1720088396e-03 4.1925081010e-03
4.3038251237e+01 3.7833411730e+01 3.5113878266e+01 8.7906480032e-01 5.8723076886e-02 2.7167535342e+02 2.9470688302e+00 9.3461445912e-01 1.2363820493e+01 1.6198923397e-02 1.0000000000e+00
7.5706564884e+01 7.4975310270e+01 6.5587168831e+01 9.9034093523e-01 1.0730700391e-01 5.1311720099e+02 1.7069465107e+00 4.7930725000e-01 8.6113352061e+00 1.3081542121e-02 1.0000000000e+00
3.0069380894e+01 2.9802168820e+01 2.6060294200e+01 9.9111348267e-01 1.1433639013e-02 5.1103798742e+01 8.2493486243e+01 9.1866099383e-01 2.1750775096e+01 5.7569231094e-03 5.8652319770e-03
4.4784046101e+01 3.4844643824e+01 3.4335367534e+01 7.7805930589e-01 1.7364134364e-02 7.7957391710e+01 1.5912763246e+02 7.5217307699e-01 1.2112813265e+01 3.7735908935e-03 3.8097894869e-03
7.9472994385e+01 5.7090041766e+01 5.8479187463e+01 7.1835775420e-01 7.2002613348e-02 3.3621061993e+02 4.5200233517e+00 4.5399194902e-01 1.3714027888e+01 9.9539339572e-03 2.2395663944e-02
3.5484661903e+01 3.4063813479e+01 3.0265150636e+01 9.5995880057e-01 1.3879076841e-02 6.2148326338e+01 1.4045833700e+02 6.0168895851e-01 1.2058874562e+01 4.2880495667e-03 4.3347603257e-03
3.1110907329e+01 1.7917406207e+01 2.0399677384e+01 5.7592040045e-01 1.9915383712e-02 8.9581892562e+01 6.2510067362e+00 8.8787734608e-01 1.6366079288e+01 1.7561934554e-02 2.5758009200e-02
3.2714086363e+01 3.2554858051e+01 2.8409856713e+01 9.9513272937e-01 4.4354230339e-02 2.0311241587e+02 1.7841489697e+01 8.1973350786e-01 8.6826873670e+00 9.4937114874e-03 1.0441890493e-02
4.5382859562e+01 3.8962871702e+01 3.6585843121e+01 8.5853716752e-01 8.4079033471e-02 3.9586018631e+02 3.4559112989e+00 9.2540255420e-01 9.9882216475e+00 1.4654669039e-02 1.0000000000e+00
4.4512051710e+01 3.1145241230e+01 3.2311076497e+01 6.9970356418e-01 3.6276974126e-02 1.6515636478e+02 5.0048330212e+01 8.6781589414e-01 9.8460432941e+00 5.9790556886e-03 6.1687687228e-03
3.0423983222e+01 1.6620184527e+01 1.9400369005e+01 5.4628561964e-01 1.2491338200e-02 5.5875845999e+01 1.7436681385e+02 -6.9680227349e-01 8.7357909140e+00 5.2254174246e-03 5.2710914445e-03
4.9264754728e+01 4.2420840768e+01 3.9774903628e+01 8.6107889915e-01 1.6497198355e-02 7.4017172470e+01 1.3460770130e+02 -9.2485201484e-01 1.8882789536e+01 3.6670974514e-03 3.7088167187e-03
5.6986624377e+01 5.3716760424e+01 4.8161218609e+01 9.4262050106e-01 6.0272719127e-02 2.7914865317e+02 2.8751953771e+01 9.8758710060e-01 1.2866887734e+01 5.6539058660e-03 5.9806071688e-03
3.8084883499e+01 3.6139125830e+01 3.2294553381e+01 9.4890997451e-01 2.1714204776e-02 9.7804082030e+01 1.0726842754e+01 -8.6806836452e-01 2.4875162220e+01 1.0751203412e-02 1.2807218478e-02
8.2618964978e+01 8.2156585507e+01 7.1722385286e+01 9.9440347054e-01 2.1435413149e-01 1.0941286081e+03 4.0225860332e+00 -6.1942698297e-01 8.5315749488e+00 8.4670317917e-03 5.9119493954e-02
4.7235734048e+01 3.3675020726e+01 3.4621499498e+01 7.1291409788e-01 7.4278267749e-02 3.4738126703e+02 6.9116076588e+00 -8.5288433536e-01 9.1006627345e+00 1.1763577664e-02 1.6267909890e-02
5.3377768105e+01 5.1734512185e+01 4.5746067857e+01 9.6921460043e-01 2.6512252221e-02 1.1984037914e+02 3.6195680810e+01 1.6892500035e-01 9.7709826853e+00 5.4651334326e-03 5.7104843553e-03
2.3559935790e+01 1.7719001958e+01 1.7750979098e+01 7.5208192911e-01 1.2449426891e-02 5.5686610811e+01 3.8781306966e+01 6.7970836745e-01 1.1682921682e+01 9.7065533391e-03 1.0110991594e-02
3.7449230321e+01 3.3933042459e+01 3.1025682493e+01 9.0610787373e-01 3.8103587293e-02 1.7370268018e+02 3.2088933002e+01 -8.0403156640e-01 9.4817740550e+00 7.2370444837e-03 7.6075314240e-03
3.6039706675e+01 3.4593187635e+01 3.0737015601e+01 9.5986318498e-01 7.4572624225e-02 3.4882856208e+02 6.0058836949e+00 -9.0713445056e-01 8.4676160345e+00 1.3354987325e-02 2.0148613624e-02
3.9288665539e+01 3.6052373981e+01 3.2757772743e+01 9.1762785745e-01 3.2411600296e-02 1.4714309474e+02 5.3830700451e+01 -6.2401917290e-01 8.2742439077e+00 5.7816920421e-03 5.9515466926e-03
2.4993904216e+01 1.3592649057e+01 1.5899948797e+01 5.4383856720e-01 1.7642523390e-02 7.9223732632e+01 2.4490496349e+01 -8.4684139586e-01 9.5928424804e+00 1.2314797940e-02 1.3166465517e-02
7.5337020968e+01 4.9732262522e+01 5.3058853801e+01 6.6013046286e-01 1.4379274746e-01 7.0382630349e+02 5.0995582365e+00 -7.7402201343e-01 8.7922479243e+00 9.7085703759e-03 1.7259299017e-02
2.6106403837e+01 1.7033773385e+01 1.8275041220e+01 6.5247490584e-01 1.4978456043e-02 6.7126604330e+01 9.1371252730e+01 -8.4440486500e-01 9.7764888545e+00 6.9011291900e-03 7.0179543474e-03
6.0759440405e+01 5.2964842228e+01 4.9361713587e+01 8.7171379253e-01 7.7051834954e-02 3.6103986317e+02 3.5489745797e+01 8.3021946552e-01 8.2073051018e+00 5.0946621503e-03 5.3283229490e-03
3.5612373070e+01 1.5380863607e+01 2.0028409642e+01 4.3189662134e-01 1.0316803029e-02 4.6073101453e+01 1.9703827497e+02 7.9630842881e-01 1.1733198637e+01 4.8994715857e-03 4.9372990337e-03
3.6830835025e+01 2.8360800496e+01 2.8087924864e+01 7.7002871307e-01 2.7406383432e-02 1.2396375124e+02 3.5216819249e+01 9.5714246061e-01 1.3303701980e+01 7.4855850369e-03 7.8317948500e-03
3.4779100066e+01 3.2577840547e+01 2.9300019504e+01 9.3670740432e-01 2.2125148326e-02 9.9685472073e+01 2.5669854992e+02 9.9548516169e-01 8.3810400095e+00 3.4725976956e-03 3.4931096805e-03
3.2917394387e+01 2.7952537759e+01 2.6389274621e+01 8.4917224705e-01 2.3317362198e-02 1.0515003317e+02 1.0129576374e+02 -7.9547864742e-01 8.8944728870e+00 5.2501944640e-03 5.3301188949e-03
2.9163979546e+01 2.5896338863e+01 2.3915713872e+01 8.8795628258e-01 1.1060675593e-02 4.9422882664e+01 2.0997934045e+02 9.3630656634e-01 1.4807131377e+01 4.2799793659e-03 4.3109602092e-03
4.8797870468e+01 3.3483438664e+01 3.5065361042e+01 6.8616598108e-01 4.8541574830e-02 2.2295582096e+02 6.0186958879e+01 9.6508353955e-01 8.4606599500e+00 5.2625030662e-03 5.3999835819e-03
4.3118646569e+01 3.3353956854e+01 3.2959932589e+01 7.7353904885e-01 1.7316302679e-02 7.7739866172e+01 3.3888490745e+02 8.9087704266e-01 8.4689961681e+00 2.9157461328e-03 2.9287577640e-03
3.4835697966e+01 2.5657677077e+01 2.5965910016e+01 7.3653403190e-01 2.2574563834e-02 1.0174427886e+02 4.0746147242e+01 5.8366429110e-01 9.2235625556e+00 7.4658060478e-03 7.7607685309e-03
4.2612273075e+01 3.8553936851e+01 3.5276623218e+01 9.0476132974e-01 6.5394936242e-02 3.0395956810e+02 5.8054466915e+00 -9.6197042992e-01 1.2426176287e+01 1.2476962095e-02 1.9334278501e-02
3.4450683912e+01 2.8315153160e+01 2.7163479047e+01 8.2190394920e-01 2.5126071409e-02 1.1345831771e+02 2.5361967031e+01 -6.2522417516e-01 1.0461197201e+01 8.6571605779e-03 9.2326975320e-03
3.4390461550e+01 2.1078022555e+01 2.3299760783e+01 6.1290315992e-01 1.2213129611e-02 5.4619917472e+01 1.4357466295e+02 -9.8542311423e-01 1.5976402643e+01 5.0133372768e-03 5.0667401254e-03
3.2369349421e+01 3.1525052990e+01 2.7808740220e+01 9.7391679334e-01 3.1115989266e-02 1.4112726127e+02 3.7505488823e+00 4.5268066951e-01 9.9793030042e+00 1.7406227637e-02 1.0000000000e+00
2.9283490044e+01 2.8076803957e+01 2.4960887861e+01 9.5879295518e-01 2.3121011456e-02 1.0424940287e+02 7.9240960559e+01 -9.0604193521e-01 1.0270251764e+01 5.9610490880e-03 6.0779688954e-03
4.1730237073e+01 4.0250306685e+01 3.5677126525e+01 9.6453577809e-01 3.0379934777e-02 1.3771449739e+02 7.9531009335e+00 9.2065783591e-01 2.3352684288e+01 1.1242231378e-02 1.4611741855e-02
3.9436558408e+01 2.2347596465e+01 2.5639082201e+01 5.6667207706e-01 2.5936548897e-02 1.1718826312e+02 3.8776001474e+01 -9.9339164151e-01 1.2677097289e+01 7.6505956457e-03 7.9694163334e-03
8.4652456448e+01 5.4745279412e+01 5.8984866530e+01 6.4670632973e-01 9.9124569194e-02 4.7143624818e+02 6.4455595489e+00 4.2853904859e-01 8.6107184328e+00 8.5325886768e-03 1.2271897071e-02
8.3789393445e+01 7.9060497308e+01 7.0848662954e+01 9.4356211518e-01 3.1429556950e-02 1.4258221990e+02 2.5749210069e+01 6.9159375649e-01 2.8248890653e+01 4.7100688670e-03 5.0179047754e-03
6.5168377279e+01 5.7557832419e+01 5.3296334137e+01 8.8321721090e-01 1.2099096335e-01 5.8372158515e+02 3.4875024561e+00 -9.8083943781e-01 1.3325505428e+01 1.1305522564e-02 1.0000000000e+00
4.4680537797e+01 3.2161772879e+01 3.2912050474e+01 7.1981615408e-01 7.6061102712e-02 3.5615542615e+02 5.8677338189e+00 9.1924052702e-01 9.3164054896e+00 1.2897318370e-02 1.9812200014e-02
5.4952557481e+01 3.3854214467e+01 3.7331133208e+01 6.1606258231e-01 2.6285175334e-02 1.1879403315e+02 9.3585932162e+01 -6.0304101617e-01 9.3200263935e+00 4.3464006899e-03 4.4181839487e-03
6.9763904973e+01 6.9599404754e+01 6.0661353182e+01 9.9764204400e-01 1.4447975118e-01 7.0749191446e+02 1.9523700967e+00 -7.3389698013e-01 8.4016653406e+00 1.2794101985e-02 1.0000000000e+00
2.6220460984e+01 2.1002956814e+01 2.0404265884e+01 8.0101401828e-01 2.3949487921e-02 1.0805123159e+02 2.5215330853e+01 9.4059855890e-01 1.0813460576e+01 1.0382377111e-02 1.1077133062e-02
3.3941170724e+01 2.4851603062e+01 2.5222256959e+01 7.3219640135e-01 1.8806642659e-02 8.4524699883e+01 1.4814381043e+01 -8.7121129585e-01 1.9143831330e+01 1.1136330345e-02 1.2531348167e-02
6.7626050885e+01 5.5058513198e+01 5.3064627391e+01 8.1416129551e-01 8.7271100846e-02 4.1177820318e+02 2.8690798901e+01 9.7719872331e-01 9.9234387680e+00 5.2426745647e-03 5.5463300791e-03
8.3962112541e+01 6.8542728651e+01 6.5973590722e+01 8.1635307375e-01 5.8198358482e-02 2.6914831417e+02 6.8953902154e-01 -3.7530829931e-01 8.9728080171e+00 1.8836509177e-02 1.0000000000e+00
7.9135205396e+01 6.3464694932e+01 6.1619378552e+01 8.0197801490e-01 1.4082637823e-01 6.8803006508e+02 3.2315873583e+00 6.9144708330e-01 1.0152205068e+01 1.0508826878e-02 1.0000000000e+00
8.4087957275e+01 7.5391999232e+01 6.9293774073e+01 8.9658497692e-01 2.0230888438e-01 1.0255731863e+03 6.9253107451e+00 -9.0815590637e-01 9.3566235058e+00 7.1008787740e-03 9.8098489570e-03
3.8094694090e+01 2.6392405050e+01 2.7511324956e+01 6.9281052600e-01 3.8418141275e-02 1.7517660569e+02 4.6936095409e+00 -4.3110998037e-01 8.1589231177e+00 1.6039036488e-02 3.2853015435e-02
6.5648181201e+01 5.8860297181e+01 5.4098759183e+01 8.9660210083e-01 1.4478990626e-01 7.0914768408e+02 1.1238638768e+01 -9.6274820428e-01 8.3866036742e+00 7.1278313604e-03 8.4062774341e-03
4.4486295632e+01 3.6817290365e+01 3.5200181235e+01 8.2760971310e-01 3.4614948346e-02 1.5739906314e+02 7.5935465706e+01 -7.0297964573e-01 8.1953729661e+00 4.8520661701e-03 4.9515345688e-03
7.2434922412e+01 6.5437253231e+01 5.9919545506e+01 9.0339370917e-01 4.0074251263e-02 1.8294737892e+02 5.5594892968e+01 4.3763918287e-01 9.7556315916e+00 3.8984064907e-03 4.0091073927e-03
4.5578490393e+01 1.9400296668e+01 2.5432360133e+01 4.2564588034e-01 2.8018839289e-02 1.2679119603e+02 1.0601330531e+01 8.7846866815e-01 1.4256844670e+01 1.2489448624e-02 1.4917347341e-02
3.7946192547e+01 3.5619705546e+01 3.2002198185e+01 9.3868984356e-01 2.1307063957e-02 9.5941208017e+01 1.7309136095e+02 8.6833963182e-01 1.0148636041e+01 3.8116005366e-03 3.8451662283e-03
3.3796332944e+01 2.9224343208e+01 2.7344626264e+01 8.6471935451e-01 1.3603218735e-02 6.0900438980e+01 1.8765603153e+02 8.3258884002e-01 1.2839869723e+01 4.0991830470e-03 4.1324376670e-03
3.6053454543e+01 2.7095590829e+01 2.7154008379e+01 7.5153937876e-01 6.1040497323e-02 2.8285699759e+02 8.7429811964e+00 9.9239891948e-01 8.5912079604e+00 1.2634839267e-02 1.5891788427e-02
4.8853187791e+01 3.1491971506e+01 3.3983156171e+01 6.4462469964e-01 9.8406064205e-02 4.6779560035e+02 5.1121091062e+00 -9.9631432474e-01 8.5774639301e+00 1.3142532340e-02 2.3286210734e-02
3.3121335425e+01 1.9896006441e+01 2.2204482765e+01 6.0070061143e-01 2.4399102570e-02 1.1011639038e+02 9.6425227911e+00 -5.3688439574e-01 9.3137038326e+00 1.4118240761e-02 1.7260349714e-02
1.7601573969e+01 1.7317143754e+01 1.5198649610e+01 9.8384063751e-01 1.3526329759e-02 6.0552710541e+01 4.8673936883e+01 -9.7185041766e-01 1.1491494559e+01 9.8154347666e-03 1.0136204973e-02
4.9687943276e+01 4.0004633431e+01 3.8767294129e+01 8.0511751531e-01 3.2347911623e-02 1.4684711529e+02 1.7661747520e+02 9.9620098742e-01 8.6544925641e+00 3.3331194888e-03 3.3618762642e-03
8.1280480122e+01 3.9353585350e+01 4.8605828093e+01 4.8417018811e-01 3.3815641777e-02 1.5367483652e+02 3.7762598113e+01 -2.9344402669e-01 9.2363348902e+00 5.1560294543e-03 5.3771251231e-03
5.0031381308e+01 4.7428751364e+01 4.2403832584e+01 9.4798005020e-01 8.3835096128e-02 3.9464632383e+02 6.8893770250e+00 -9.8186509681e-01 1.2182594805e+01 1.0318654237e-02 1.4293512361e-02
4.3248007334e+01 4.1550278447e+01 3.6901720043e+01 9.6074434428e-01 1.4741003474e-02 6.6050671467e+01 8.3046646035e+01 -3.1483000675e-01 1.1984984997e+01 4.6110392533e-03 4.6971920061e-03
3.6924726927e+01 3.6756725486e+01 3.2071614909e+01 9.9545016431e-01 2.0825137455e-02 9.3737575688e+01 2.8208253628e+02 -9.3764488998e-01 8.3519143029e+00 3.1703671018e-03 3.1873920441e-03
3.8721270293e+01 3.2940213452e+01 3.1070514444e+01 8.5070074413e-01 2.2760740715e-02 1.0259756208e+02 1.0908822029e+02 5.8593741737e-01 8.2431467545e+00 4.6124055774e-03 4.6774744175e-03
5.3814500500e+01 4.0345261075e+01 4.0480142830e+01 7.4970984958e-01 1.1365103330e-01 5.4571105571e+02 5.2525102742e+00 -9.2727667428e-01 8.8491084064e+00 1.1562152046e-02 1.9792847625e-02
2.9606582801e+01 2.8549028828e+01 2.5308677298e+01 9.6427976913e-01 3.1042172289e-02 1.4078484340e+02 1.3525783867e+01 -6.0870854181e-01 8.8772769384e+00 1.1412838012e-02 1.3016427331e-02
4.1227386244e+01 3.4651329261e+01 3.2879062571e+01 8.4049299307e-01 5.4597326963e-02 2.5185319050e+02 1.0910455716e+01 9.4384633941e-01 1.1116354992e+01 1.0356806228e-02 1.2291416264e-02
3.8989961158e+01 3.5327601868e+01 3.2301440021e+01 9.0606917317e-01 2.5710812043e-02 1.1614894994e+02 6.8638760173e+01 6.3840453004e-01 9.6225552473e+00 5.3462953331e-03 5.4680389629e-03
3.2591830302e+01 3.0353599515e+01 2.7377798918e+01 9.3132540374e-01 5.1088093832e-02 2.3507881750e+02 4.8246522352e+00 -9.3347071733e-01 1.1056623246e+01 1.5802378461e-02 3.0649306276e-02
4.0244870024e+01 3.8819890714e+01 3.4408228237e+01 9.6459227451e-01 2.6658629474e-02 1.2051505046e+02 3.2124417890e+01 9.7297646205e-01 1.8304089286e+01 6.8281379287e-03 7.1772683113e-03
3.9098706837e+01 3.4358922155e+01 3.1894351325e+01 8.7877387603e-01 3.9851218935e-02 1.8189982941e+02 3.1280468622e+01 9.0786863005e-01 1.0573673272e+01 7.1740626020e-03 7.5517602938e-03
7.2937471370e+01 6.0656086172e+01 5.7854607181e+01 8.3161761757e-01 1.4795493788e-01 7.2607590535e+02 7.2812381178e+00 -9.7097269749e-01 1.0389025748e+01 8.0293342379e-03 1.0826606290e-02
8.2308174081e+01 6.1181253350e+01 6.1641446534e+01 7.4331928794e-01 1.4403843168e-02 6.4523596534e+01 1.5990036106e+02 6.9218575973e-01 1.8135074639e+01 2.6177302044e-03 2.6427175898e-03
7.2173998127e+01 7.2090239527e+01 6.2794643976e+01 9.9883949063e-01 6.1933400730e-02 2.8717440381e+02 8.0304452524e+00 6.4481618593e-01 1.7807559819e+01 7.7202427525e-03 9.9977191146e-03
6.4794910961e+01 4.6757362112e+01 4.7790200732e+01 7.2162090230e-01 5.0359202072e-02 2.3160458177e+02 3.9574260345e+01 -6.8054113954e-01 9.7425879117e+00 5.0695335729e-03 5.2762073103e-03
7.0549257688e+01 6.2057815238e+01 5.7578456761e+01 8.7963810352e-01 2.0898269014e-01 1.0634616118e+03 4.6141153808e+00 -8.5873223052e-01 8.0099677061e+00 9.2515075913e-03 1.9708425858e-02
7.1350256033e+01 6.7380328144e+01 6.0356319873e+01 9.4436000500e-01 1.8021054802e-01 9.0183435618e+02 6.9692064066e+00 8.7708087680e-01 8.4241718209e+00 7.8126900174e-03 1.0758561210e-02
4.0857478771e+01 2.5395068030e+01 2.7885090035e+01 6.2155249892e-01 4.9702713088e-02 2.2847837617e+02 1.9414561235e+00 -9.7583728501e-01 8.3031383194e+00 2.1996263762e-02 1.0000000000e+00
3.8588192000e+01 2.9333126758e+01 2.9233879460e+01 7.6015810118e-01 2.0558870258e-02 9.2520718294e+01 2.2171880887e+02 9.5320320280e-01 9.3807640390e+00 3.6774093052e-03 3.7026012280e-03
3.9388926571e+01 3.2410968244e+01 3.1075271301e+01 8.2284466892e-01 1.0645372680e-02 4.7552246147e+01 1.3612774800e+02 9.8701534228e-01 2.5089102783e+01 4.2761917374e-03 4.3242859554e-03
3.6545995001e+01 3.5477527775e+01 3.1345919333e+01 9.7076376699e-01 1.6132228475e-02 7.2359888168e+01 8.0240813106e+01 -7.0293766643e-01 1.5125304664e+01 5.1679163353e-03 5.2679712933e-03
3.8702068315e+01 3.6491344461e+01 3.2712856197e+01 9.4287840547e-01 3.9177299682e-02 1.7873649907e+02 1.2307918235e+01 -6.3511513737e-01 1.0474873543e+01 1.0022393378e-02 1.1613980447e-02
3.7785178292e+01 3.2429295038e+01 3.0455803496e+01 8.5825438716e-01 3.4950627903e-02 1.5896434980e+02 8.3864344492e+01 9.1398527412e-01 8.4616301403e+00 5.1163550578e-03 5.2109851426e-03
4.2634176737e+01 2.6073616736e+01 2.8851891801e+01 6.1156608925e-01 2.0675842645e-02 9.3055231195e+01 4.3303980699e+01 7.5936298245e-01 1.3873721729e+01 6.8400453087e-03 7.0932163999e-03
6.8825013978e+01 3.4177381941e+01 4.1717818919e+01 4.9658372684e-01 7.0001871337e-02 3.2641629300e+02 5.3223792821e+00 6.3118686406e-01 1.0423764150e+01 1.1576165527e-02 1.9513981858e-02
7.7814057846e+01 6.8927729435e+01 6.3732427518e+01 8.8580047543e-01 1.2922374485e-01 6.2673548148e+02 1.2571428713e+00 -8.8954379822e-01 9.9047548413e+00 1.4754983055e-02 1.0000000000e+00
4.2262960401e+01 3.3229623244e+01 3.2576944018e+01 7.8625876958e-01 7.2058991885e-02 3.3648697659e+02 6.1371532244e+00 7.9103224429e-01 8.3217554410e+00 1.2793149934e-02 1.9001011883e-02
7.7303871485e+01 7.5009559172e+01 6.6289245293e+01 9.7032086144e-01 7.7315800722e-02 3.6234228159e+02 6.1881702836e+00 -7.7361457131e-01 1.9612830198e+01 8.1558378339e-03 1.2044090481e-02
2.1749540633e+01 1.7263382979e+01 1.6846275428e+01 7.9373552161e-01 1.6765383595e-02 7.5235536652e+01 6.5390845709e+01 8.7946682958e-01 8.9567425282e+00 8.2228805142e-03 8.4198427642e-03
3.6365523357e+01 2.7242542004e+01 2.7343874081e+01 7.4913103095e-01 4.6635533728e-02 2.1390923766e+02 6.4902661472e+00 9.3027288518e-01 1.1343843026e+01 1.4187719799e-02 2.0319774351e-02
2.9909245416e+01 2.9716896346e+01 2.5953623595e+01 9.9356890930e-01 2.8593588231e-02 1.2944681477e+02 5.4107661665e+00 4.7989187221e-01 1.0415008831e+01 1.5864360557e-02 2.6263280403e-02
2.8367357116e+01 1.9172516403e+01 2.0224937678e+01 6.7586544368e-01 1.1146671877e-02 4.9810378058e+01 2.9706342026e+01 2.9392126495e-01 1.0177877550e+01 9.8949580793e-03 1.0446415470e-02
3.5644300355e+01 3.2935676657e+01 2.9823220803e+01 9.2400962646e-01 7.0161400794e-02 3.2719632219e+02 3.5299350427e+00 8.7839605276e-01 8.2369211698e+00 1.6653511982e-02 1.0000000000e+00
4.6761984792e+01 3.7714393812e+01 3.6516822726e+01 8.0651824297e-01 1.4174412685e-02 6.3484889482e+01 1.5420274596e+02 -4.7933191556e-01 1.1371943961e+01 3.6813548570e-03 3.7178170998e-03
3.7758541586e+01 2.8768420190e+01 2.8639088854e+01 7.6190496195e-01 1.8571909118e-02 8.3455083113e+01 2.4599709256e+02 -8.9336616468e-01 9.0690161488e+00 3.5869695952e-03 3.6090893181e-03
5.7850416753e+01 4.5017483138e+01 4.4356436316e+01 7.7817042062e-01 6.7787363890e-02 3.1560486668e+02 4.9163383540e+00 -6.0405202809e-01 1.1620187893e+01 1.1492226883e-02 2.1577389628e-02
7.4369890843e+01 5.1191430532e+01 5.3528548928e+01 6.8833542650e-01 3.4894952498e-02 1.5870468222e+02 1.0076408945e+02 -7.2307129426e-01 1.0442075407e+01 3.3574146927e-03 3.4088023892e-03
3.8576781046e+01 3.4588561785e+01 3.1790255015e+01 8.9661606923e-01 7.1028530703e-02 3.3143900598e+02 3.9258721813e+00 -9.2299796068e-01 9.9133200057e+00 1.5368634324e-02 1.0000000000e+00
2.0898872254e+01 1.9708461327e+01 1.7666253088e+01 9.4303946585e-01 1.1840669722e-02 5.2939319892e+01 6.1447783661e+01 -8.4151763859e-01 1.3099197233e+01 8.1954073956e-03 8.4049067927e-03
5.3655161758e+01 3.6956706898e+01 3.8631880332e+01 6.8878194916e-01 1.7396157128e-02 7.8103031101e+01 3.1882882988e+02 7.9398973713e-01 8.3372088660e+00 2.7012463062e-03 2.7140656267e-03
2.9955126453e+01 1.8567639638e+01 2.0414916293e+01 6.1984848125e-01 1.1868279248e-02 5.3063866445e+01 3.6082928185e+01 8.3140575737e-01 1.7729411413e+01 9.1414026167e-03 9.5531864207e-03
8.0154212937e+01 7.8334404128e+01 6.8980720102e+01 9.7729615521e-01 1.1117032562e-01 5.3293713306e+02 1.9111747893e+01 8.1615916031e-01 1.0293720966e+01 5.1122886377e-03 5.5829020260e-03
4.1575874809e+01 3.8597964075e+01 3.4868795093e+01 9.2837406914e-01 6.9179294155e-02 3.2239679184e+02 2.0375271683e+01 9.6889603514e-01 8.2715641764e+00 7.8311815065e-03 8.5000283698e-03
6.4983938799e+01 4.4249574316e+01 4.6511237714e+01 6.8093093668e-01 3.3783360185e-02 1.5352451413e+02 6.3534377278e+00 8.3578931671e-01 2.9270427135e+01 1.0340708722e-02 1.5006868601e-02
4.1584793019e+01 3.6648654206e+01 3.3971682139e+01 8.8129942570e-01 2.2565073453e-02 1.0170078885e+02 2.0784944836e+02 8.3113854345e-01 8.6786507082e+00 3.4257834752e-03 3.4508387092e-03
3.2985437666e+01 2.0719530237e+01 2.2636975512e+01 6.2814174082e-01 1.4151620257e-02 6.3381719939e+01 5.2144704326e+01 6.6642367477e-01 1.2792970699e+01 7.4540295201e-03 7.6804955234e-03
3.6975174308e+01 3.4684096496e+01 3.1172375035e+01 9.3803740334e-01 1.5230297538e-02 6.8268147902e+01 2.1093286693e+02 -9.3203500212e-01 1.3367037284e+01 3.6112504428e-03 3.6372709240e-03
4.3761306479e+01 3.6780642172e+01 3.4899670407e+01 8.4048318322e-01 3.2356094056e-02 1.4688513990e+02 8.1893353933e+01 7.5952870705e-01 9.0037055898e+00 4.7483827020e-03 4.8383948744e-03
3.7056086199e+01 1.9813993948e+01 2.3362653956e+01 5.3470282430e-01 1.9765910942e-02 8.8899639547e+01 1.1659501186e+02 -7.8050511248e-01 8.5809387854e+00 5.3861269738e-03 5.4570997818e-03
4.5233871873e+01 3.1854073038e+01 3.2944274462e+01 7.0420841106e-01 3.6325007187e-02 1.6538082178e+02 1.0354732278e+01 -5.6945555631e-01 1.0994082296e+01 1.0664640288e-02 1.2807424888e-02
3.5289340918e+01 3.1124630772e+01 2.8840100055e+01 8.8198390683e-01 5.7797920689e-02 2.6722099008e+02 6.4184601750e+00 -8.6917038850e-01 9.3419603059e+00 1.3689402852e-02 1.9739855562e-02
6.4088868621e+01 5.9138911300e+01 5.3586060891e+01 9.2276416440e-01 1.3787575085e-01 6.7236815932e+02 7.3558411726e+00 -7.7021150548e-01 8.0830904153e+00 8.4375613183e-03 1.1324747992e-02
3.2349073150e+01 2.9674652785e+01 2.6967266217e+01 9.1732621357e-01 2.4824882317e-02 1.1207330560e+02 1.7007592172e+01 -3.5966561195e-01 8.3055172049e+00 1.0104168165e-02 1.1172948221e-02
6.7770421380e+01 5.8561834909e+01 5.4813819661e+01 8.6412086154e-01 3.6510988774e-02 1.6625005017e+02 5.3629519975e+01 5.9764218875e-01 1.2305977677e+01 4.1865308038e-03 4.3100095174e-03
4.0320268525e+01 4.0232908606e+01 3.5062782120e+01 9.9783334976e-01 3.9226991771e-02 1.7896964929e+02 4.0901123654e+01 -7.2260859464e-01 9.0863562950e+00 6.1171204738e-03 6.3578152248e-03
5.2337276350e+01 2.9418395616e+01 3.3880864465e+01 5.6209259762e-01 5.8971998966e-02 2.7287477352e+02 2.0612220251e+01 8.9849510050e-01 8.6311887513e+00 7.9863732394e-03 8.6593643455e-03
3.4406024704e+01 3.3854227288e+01 2.9710835448e+01 9.8396218627e-01 6.0441720745e-02 2.7996460397e+02 3.4067864956e+00 -9.6750353325e-01 1.0172798338e+01 1.7013370334e-02 1.0000000000e+00
7.9879441448e+01 5.8978448656e+01 5.9616010015e+01 7.3834327815e-01 6.7690763237e-02 3.1513395680e+02 8.0712278376e+01 9.3606067252e-01 8.3425586602e+00 3.3453236865e-03 3.4096999840e-03
6.6344853658e+01 6.0750323450e+01 5.5257048894e+01 9.1567499362e-01 1.5649480983e-01 7.7203762090e+02 8.9140428381e+00 9.7178456094e-01 8.7057092534e+00 7.6240478760e-03 9.5317804802e-03
5.5766703648e+01 5.3830953089e+01 4.7696221142e+01 9.6528841706e-01 1.1454407654e-01 5.5031861729e+02 4.7456546463e+00 -6.8260613494e-01 8.6975429760e+00 1.0834813281e-02 2.1688565689e-02
8.0847245543e+01 7.2556229417e+01 6.6655642743e+01 8.9744837848e-01 1.2005175838e-01 5.7883995594e+02 2.8362389932e+01 8.9762418341e-01 8.5945930207e+00 4.4819839935e-03 4.7449200733e-03
3.0641096894e+01 2.4640458552e+01 2.3892181511e+01 8.0416372287e-01 3.0720417623e-02 1.3929272509e+02 6.2582972410e+01 -9.3870290137e-01 8.1614396482e+00 6.6623392782e-03 6.8294155472e-03
3.5993929798e+01 3.2108519962e+01 2.9585382237e+01 8.9205374744e-01 1.9622558913e-02 8.8245463745e+01 1.8911870735e+01 -5.7504198830e-01 1.5107875367e+01 9.1927917384e-03 1.0049589135e-02
2.9158230693e+01 2.2112904759e+01 2.2063255320e+01 7.5837608228e-01 1.0064371542e-02 4.4937206496e+01 7.7439136797e+01 -2.0837067380e-01 8.9237827617e+00 6.5470989143e-03 6.6786126350e-03
3.5581374251e+01 2.7156715220e+01 2.7011811827e+01 7.6322839665e-01 1.4625605410e-02 6.5527921982e+01 2.6916856938e+02 -9.8639490382e-01 1.1543032730e+01 3.6057814865e-03 3.6260832219e-03
5.4748712959e+01 4.8621613423e+01 4.4899632942e+01 8.8808687537e-01 3.1270425878e-02 1.4184376864e+02 3.1037108278e+01 3.9750972748e-01 1.1085419096e+01 5.8405759716e-03 6.1507214094e-03
4.1070737653e+01 1.8109941121e+01 2.3357896862e+01 4.4094511460e-01 2.4683364171e-02 1.1142274455e+02 1.9470545581e+01 -9.9349253688e-01 1.4056452904e+01 1.0507860751e-02 1.1454245659e-02
4.5635721822e+01 4.4853250304e+01 3.9385845720e+01 9.8285396864e-01 3.0976182645e-02 1.4047876483e+02 1.3253097849e+02 -8.0938574581e-01 8.8966311526e+00 3.6786096981e-03 3.7211297028e-03
6.0601234311e+01 4.7387885680e+01 4.6581479764e+01 7.8196238442e-01 4.4975513564e-02 2.0604945350e+02 7.7977747622e+01 8.1508254948e-01 9.3188206195e+00 4.0073485119e-03 4.0872688666e-03
4.8619484263e+01 4.1183069472e+01 3.8927785516e+01 8.4704866980e-01 9.1045632073e-02 4.3068184975e+02 3.2412599317e+00 7.4463908729e-01 8.1549567568e+00 1.4382649989e-02 1.0000000000e+00
4.1172094887e+01 3.8289866443e+01 3.4560517258e+01 9.2999558432e-01 4.9699615009e-02 2.2846362967e+02 1.6551593573e+01 7.4862478486e-01 9.4123291733e+00 8.6114744631e-03 9.5527931211e-03
3.5879761467e+01 3.5621338118e+01 3.1122417329e+01 9.9279751763e-01 4.1371540968e-02 1.8904696973e+02 1.3187400792e+01 -6.0021182196e-01 8.7594298918e+00 1.0062054125e-02 1.1522563303e-02
3.8861799621e+01 2.3584373975e+01 2.6193117440e+01 6.0687807062e-01 1.1828717413e-02 5.2885404619e+01 2.6978096967e+02 9.5809703107e-01 1.3535995059e+01 3.6790240904e-03 3.6996906991e-03
5.3911425963e+01 4.7519621321e+01 4.4045149885e+01 8.8143877613e-01 1.0472407598e-01 4.9991615419e+02 4.8725410615e+00 -8.0806246011e-01 9.6874308451e+00 1.1338157437e-02 2.1610066125e-02
2.7513296947e+01 2.5602197070e+01 2.3101898848e+01 9.3053904514e-01 2.3582828361e-02 1.0636809163e+02 1.2070217096e+02 -9.4982644174e-01 8.4295312199e+00 5.3415945365e-03 5.4095292559e-03
4.7179082369e+01 4.2771610777e+01 3.9096884793e+01 9.0657996360e-01 9.7185533484e-02 4.6161840169e+02 6.5610230768e+00 -9.9069156210e-01 9.7287080003e+00 1.0972169649e-02 1.5613554787e-02
8.0461408153e+01 7.6107304547e+01 6.8118862281e+01 9.4588581401e-01 1.8704202881e-01 9.3980271610e+02 7.6526841486e+00 8.2600713812e-01 8.6839200585e+00 6.9687862853e-03 9.1961865353e-03
2.9465152708e+01 2.5592277311e+01 2.3893919184e+01 8.6856082387e-01 2.6015601290e-02 1.1755230725e+02 1.3963131608e+01 7.1862764168e-01 1.1067072605e+01 1.1726039001e-02 1.3308265177e-02
3.6501841727e+01 2.0799830945e+01 2.3800785469e+01 5.6982962944e-01 4.6042048419e-02 2.1109718567e+02 9.7398736431e+00 9.9057084987e-01 9.1743488893e+00 1.3293075665e-02 1.6208566170e-02
7.1561969566e+01 5.9342839692e+01 5.6681227286e+01 8.2925106802e-01 8.4377851656e-02 3.9734764442e+02 1.4543254442e+01 5.6500437563e-01 8.7186018398e+00 6.5018240822e-03 7.3352987746e-03
3.0554711162e+01 2.1530445828e+01 2.2260551914e+01 7.0465224543e-01 1.2533532601e-02 5.6066371294e+01 8.4446328622e+01 7.7979370868e-01 1.4098496371e+01 6.2930634996e-03 6.4086280759e-03
7.8563673522e+01 7.4625817979e+01 6.6653158949e+01 9.4987689136e-01 2.4282851586e-01 1.2592209834e+03 4.3191280666e+00 -8.8708145674e-01 9.1037135474e+00 8.5065262383e-03 2.2596381638e-02
4.2110409755e+01 8.3128300176e+00 1.5344645909e+01 1.9740558370e-01 1.1875841269e-02 5.3097979614e+01 9.4526939797e+01 -8.3835478383e-01 9.7735911655e+00 7.6148233362e-03 7.7392966153e-03
5.1432970968e+01 4.8119191304e+01 4.3303781170e+01 9.3557090712e-01 3.0508817489e-02 1.3831181302e+02 3.8905453263e+01 9.6765207934e-01 1.9718923552e+01 5.4913718866e-03 5.7193912293e-03
4.9808942487e+01 2.2815532984e+01 2.8913865876e+01 4.5806097950e-01 1.1677668487e-02 5.2204125752e+01 2.4575352645e+02 4.0947536728e-01 8.1781833925e+00 3.5821241201e-03 3.6042361042e-03
5.5693424094e+01 5.4314305295e+01 4.7879129860e+01 9.7523731354e-01 7.7676563686e-02 3.6412300427e+02 2.6634332063e+00 -5.9835885248e-01 1.0066672172e+01 1.3708293195e-02 1.0000000000e+00
8.2373959494e+01 7.6298902950e+01 6.9005611690e+01 9.2625027883e-01 4.8337057978e-02 2.2198400662e+02 5.0711740171e+01 9.8840007839e-01 1.8027025237e+01 3.6761160065e-03 3.7911427112e-03
1.9988709884e+01 1.9512246199e+01 1.7192288787e+01 9.7616335984e-01 1.0212637795e-02 4.5604325231e+01 2.0247795157e+01 -9.2540138857e-01 2.0749036498e+01 1.2652825885e-02 1.3741409139e-02
2.9002067325e+01 2.8417936737e+01 2.4991956479e+01 9.7985900174e-01 1.6433581997e-02 7.3728234190e+01 2.1366839519e+02 7.2771457977e-01 8.2075384072e+00 4.1230499543e-03 4.1523728290e-03
3.3244605503e+01 2.4804522098e+01 2.4945492877e+01 7.4612171575e-01 1.6095934374e-02 7.2195129689e+01 1.3653697412e+02 7.6037352617e-01 1.0452979603e+01 4.8836849381e-03 4.9384435859e-03
4.0625777262e+01 3.3008284016e+01 3.1844836792e+01 8.1249606139e-01 1.9779866579e-02 8.8963332317e+01 1.4232211518e+02 -5.8731235791e-01 8.6696236232e+00 4.1183920212e-03 4.1626555153e-03
2.9267107360e+01 1.9070341322e+01 2.0473222924e+01 6.5159638388e-01 2.4467661211e-02 1.1043140989e+02 9.4958267872e+00 9.3820172526e-01 1.3174005277e+01 1.4938024100e-02 1.8338151702e-02
3.5051269427e+01 2.9465534520e+01 2.7956080088e+01 8.4064100962e-01 1.1513460770e-02 5.1463670398e+01 1.2129912853e+02 -5.5694837831e-01 1.3492866919e+01 4.7678122887e-03 4.8281442206e-03
7.5501916977e+01 7.3328852002e+01 6.4774068092e+01 9.7121841323e-01 7.9410737464e-02 3.7269418766e+02 5.8251723199e+01 -9.6996277340e-01 9.4939521437e+00 3.5650244231e-03 3.6614088287e-03
3.2437761920e+01 1.8226656153e+01 2.0994914860e+01 5.6189623063e-01 1.7673071494e-02 7.9362721882e+01 1.0310575927e+01 4.7865349535e-01 1.0849295186e+01 1.4317366616e-02 1.7211486040e-02
4.1065315275e+01 4.0222606255e+01 3.5380341263e+01 9.7947881284e-01 5.2722104429e-02 2.4287967190e+02 7.5688456259e+00 -5.4483301194e-01 8.8714184446e+00 1.1359580026e-02 1.5059150799e-02
2.7511296181e+01 1.8528497017e+01 1.9578710005e+01 6.7348687956e-01 1.6181054941e-02 7.2581551695e+01 3.2572219830e+01 4.7212415722e-01 8.2471470367e+00 9.7248072961e-03 1.0214562488e-02
3.2286979842e+01 2.7965429034e+01 2.6145350152e+01 8.6615190306e-01 3.3343687714e-02 1.5147781639e+02 2.6837852793e+01 8.9467817967e-01 1.0085413631e+01 8.6370572286e-03 9.1759382787e-03
3.2227089023e+01 1.7748641286e+01 2.0638583398e+01 5.5073671947e-01 1.8102500963e-02 8.1317219844e+01 1.9472324352e+01 9.2421243081e-01 1.5117414648e+01 1.1398414654e-02 1.2424896780e-02
4.4325574134e+01 3.9538924364e+01 3.6432745590e+01 8.9201155625e-01 4.3224909762e-02 1.9778009911e+02 1.0288298791e+01 5.3736931948e-01 1.0187381897e+01 9.9970818728e-03 1.2024088071e-02
3.7765355452e+01 3.0969494440e+01 2.9742756648e+01 8.2005038928e-01 2.2276830957e-02 1.0038019190e+02 3.6956987889e+01 3.6403706186e-01 8.5980507323e+00 7.1152628007e-03 7.4275714975e-03
5.2209112439e+01 4.1015493370e+01 4.0226332495e+01 7.8560028037e-01 4.5252722414e-02 2.0736072923e+02 1.3610525981e+01 -6.3094381144e-01 1.1501305712e+01 8.4505565178e-03 9.6284907519e-03
7.0303922113e+01 6.9129818629e+01 6.0689478713e+01 9.8329960195e-01 9.8837558266e-02 4.6998159397e+02 6.6707447983e+00 8.8468384811e-01 1.5209727807e+01 8.2761062332e-03 1.1665524828e-02
2.9322924627e+01 2.0242624082e+01 2.1137249453e+01 6.9033441716e-01 2.5558629049e-02 1.1544847564e+02 5.2803363152e+00 -6.9840160421e-01 1.1128879717e+01 1.8235473520e-02 3.1021915842e-02
4.0768205350e+01 3.1084057022e+01 3.0933387722e+01 7.6245831168e-01 1.7680649795e-02 7.9397202968e+01 8.8922231196e+01 -5.0061592613e-01 1.0245782032e+01 5.0091897705e-03 5.0963980777e-03
5.1471961063e+01 4.6057357599e+01 4.2373545281e+01 8.9480479562e-01 4.4376917097e-02 2.0321962068e+02 2.2597889975e+01 -7.8103735442e-01 1.2898545050e+01 6.7674529167e-03 7.2803427157e-03
3.6082292282e+01 1.4813677439e+01 1.9744108263e+01 4.1055255922e-01 2.3261233658e-02 1.0489255420e+02 1.5154810018e+01 8.7405481422e-01 1.1159405906e+01 1.2832884302e-02 1.4395687093e-02
6.5002714167e+01 5.6396956488e+01 5.2682793256e+01 8.6760925618e-01 3.0443941435e-02 1.3801112691e+02 9.2766199134e+01 -8.8781782111e-01 1.4951200395e+01 3.5072470192e-03 3.5656988153e-03
2.8977011787e+01 2.0729333715e+01 2.1276539673e+01 7.1537168386e-01 2.4376997521e-02 1.1001482673e+02 8.7340433379e+01 -9.5352546846e-01 8.2341283632e+00 6.3458452909e-03 6.4583908694e-03
6.4386741207e+01 4.7265535265e+01 4.7910543628e+01 7.3408801841e-01 9.0438295518e-02 4.2763426752e+02 4.6414655083e+00 9.0080189796e-01 1.4051113176e+01 1.1044726069e-02 2.3198538792e-02
2.0436299278e+01 1.9425211404e+01 1.7344031517e+01 9.5052490374e-01 2.3603974176e-02 1.0646513666e+02 1.1610080208e+01 -9.7654839889e-01 1.0805945062e+01 1.5374686698e-02 1.8013517232e-02
6.8029673848e+01 6.7526516648e+01 5.9003771239e+01 9.9260385695e-01 1.6773903633e-01 8.3318501688e+02 4.0782265173e+00 9.7216775716e-01 1.1944631762e+01 9.7522091841e-03 4.2955820016e-02
2.6844699363e+01 2.1001725654e+01 2.0639454589e+01 7.8234162243e-01 3.1964532367e-02 1.4506600502e+02 7.7237707989e+00 7.5255207642e-01 8.7219791333e+00 1.5986664430e-02 2.1017220100e-02
4.1225086567e+01 3.7249425756e+01 3.4105386053e+01 9.0356209914e-01 4.6046857331e-02 2.1111996210e+02 1.4143046546e+01 6.6547083521e-01 9.4377750966e+00 9.2306718253e-03 1.0456197266e-02
2.6144907326e+01 2.2814298191e+01 2.1251503450e+01 8.7260964081e-01 2.1801970238e-02 9.8205797448e+01 9.6029918494e+01 -9.5564206547e-01 8.9506909684e+00 6.1382636128e-03 6.2369836663e-03
3.1393637673e+01 2.4946459371e+01 2.4330263700e+01 7.9463423866e-01 2.3193293124e-02 1.0458091790e+02 1.2572567881e+02 -9.7629280989e-01 9.1904259844e+00 5.0941465428e-03 5.1562872475e-03
3.6635189086e+01 3.6100564298e+01 3.1659049250e+01 9.8540679602e-01 4.6898615290e-02 2.1515649858e+02 4.9706386414e+01 9.5129120057e-01 8.1674546584e+00 6.0327400562e-03 6.2255518101e-03
3.8456634900e+01 3.3438473167e+01 3.1202598488e+01 8.6951115857e-01 4.1628336163e-02 1.9025566536e+02 5.5324021850e+00 4.5066369847e-01 9.0535657858e+00 1.3911961628e-02 2.2514703873e-02
4.6512462268e+01 3.3364637797e+01 3.4200227050e+01 7.1732684467e-01 2.5466213422e-02 1.1502317586e+02 1.2666605642e+02 -9.5297054221e-01 1.1460520295e+01 4.1004279353e-03 4.1500671698e-03
8.0208987546e+01 6.0640079491e+01 6.0595292035e+01 7.5602599342e-01 7.2694878813e-02 3.3960535168e+02 4.4402603281e+01 9.8191147920e-01 1.1438853002e+01 4.1311470034e-03 4.2800151447e-03
8.0780593222e+01 7.6831657083e+01 6.8578873814e+01 9.5111528672e-01 2.2533193219e-01 1.1572773498e+03 4.0434759213e+00 -9.7381420873e-01 1.1386435191e+01 8.6419173270e-03 4.7293328698e-02
3.8470052560e+01 3.2879150177e+01 3.0941986563e+01 8.5466870953e-01 3.9485718883e-02 1.8018383042e+02 3.7458246496e+01 8.4321797618e-01 9.1224256035e+00 6.8349643171e-03 7.1306291736e-03
7.9229935598e+01 4.8385833243e+01 5.3577648427e+01 6.1070140822e-01 8.5782975986e-02 4.0434947831e+02 1.8710848358e+01 -7.8584205435e-01 9.6091655691e+00 6.1225383732e-03 6.7004261652e-03
5.8032787025e+01 5.5729270683e+01 4.9505629220e+01 9.6030663940e-01 2.0913386151e-02 9.4140981654e+01 4.1865532775e+00 6.6029703786e-01 4.7940074124e+01 1.1720532209e-02 3.7635048909e-02
3.3251631219e+01 2.7504807440e+01 2.6303556699e+01 8.2717167342e-01 3.5448034750e-02 1.6128513307e+02 3.6671522451e+01 -9.3997389401e-01 9.2474814165e+00 7.6442195124e-03 7.9825746355e-03
2.6663686050e+01 2.4413502541e+01 2.2206738062e+01 9.1560868573e-01 1.4216977187e-02 6.3677566308e+01 4.4706878126e+01 4.8735770834e-01 1.0376318853e+01 7.9918180036e-03 8.2777163492e-03
2.9416298143e+01 2.5697663853e+01 2.3924158500e+01 8.7358591921e-01 2.8593845085e-02 1.2944800204e+02 6.4095464786e+01 9.4066808015e-01 8.7328592816e+00 6.6059477593e-03 6.7675229300e-03
3.2892724716e+01 1.1893975083e+01 1.6796790772e+01 3.6159896104e-01 1.5889782470e-02 7.1259462182e+01 4.1837914037e+01 9.3992070072e-01 1.1178194658e+01 9.7451026645e-03 1.0119346865e-02
6.3994048810e+01 6.2797460108e+01 5.5186260430e+01 9.8130156282e-01 4.5099834822e-02 2.0663746648e+02 3.4262315212e+01 4.6181355753e-01 1.0215791413e+01 4.9062142824e-03 5.1400159989e-03
2.7546991780e+01 2.4214578545e+01 2.2474454934e+01 8.7902805281e-01 1.9905795809e-02 8.9538125106e+01 5.9246066096e+01 -8.6870187951e-01 1.0973649566e+01 7.1124242873e-03 7.3013298072e-03
3.6957193508e+01 2.3694087694e+01 2.5635122044e+01 6.4112248373e-01 1.8233870063e-02 8.1915376632e+01 1.2496144409e+02 8.6753655628e-01 1.1050168341e+01 4.9568171584e-03 5.0176608283e-03
4.3252562210e+01 3.3123515312e+01 3.2892545661e+01 7.6581625732e-01 4.2532772708e-02 1.9451612012e+02 1.7504387171e+01 6.1979658359e-01 8.7082093589e+00 8.7347132050e-03 9.6272147872e-03
2.7759371646e+01 2.5846706731e+01 2.3315573397e+01 9.3109840744e-01 1.2677315585e-02 5.6715701074e+01 5.5320809122e+01 4.0983864565e-01 1.0577706025e+01 7.1637316306e-03 7.3682176087e-03
4.6997467853e+01 3.5431813176e+01 3.5453931375e+01 7.5390898265e-01 4.3384782648e-02 1.9853446919e+02 8.9309687639e+01 9.9232333668e-01 8.4734295294e+00 4.5213249147e-03 4.5996872114e-03
8.2778669819e+01 6.0414402040e+01 6.1411676521e+01 7.2983054900e-01 1.0482641352e-01 5.0043842375e+02 3.7486560044e+01 -8.9799476679e-01 8.0117062055e+00 4.2855026765e-03 4.4707322968e-03
6.6949282970e+01 5.2804649060e+01 5.1688377280e+01 7.8872613294e-01 1.2259823947e-01 5.9208771449e+02 1.1084486934e+01 8.3386471933e-01 8.1182791695e+00 7.4626248562e-03 8.8266175093e-03
6.3898356461e+01 4.3396932153e+01 4.5672322820e+01 6.7915568658e-01 3.9766926745e-02 1.8150400589e+02 1.0097892748e+02 8.9214173335e-01 9.8580552805e+00 3.6937374583e-03 3.7501491432e-03
5.0816162071e+01 2.5298930943e+01 3.0843827259e+01 4.9785205950e-01 2.8648572749e-02 1.2970098404e+02 9.1246747700e+01 -8.5806176216e-01 9.5474842164e+00 4.9367616991e-03 5.0204508443e-03
2.3567277851e+01 1.6996511676e+01 1.7376961034e+01 7.2119112709e-01 1.0089662041e-02 4.5050989731e+01 3.5012167839e+00 6.8113069707e-01 1.7082342191e+01 2.4273366954e-02 1.0000000000e+00
3.4045261737e+01 1.7871128959e+01 2.1255156218e+01 5.2492264849e-01 2.0447584906e-02 9.2012277149e+01 3.6823301777e+01 -9.4673671717e-01 1.2234142586e+01 8.7996488749e-03 9.1874082756e-03
6.5687231646e+01 6.1641684801e+01 5.5389553857e+01 9.3841197530e-01 5.1583288668e-02 2.3744109352e+02 4.8266536038e+01 -8.5016692149e-01 1.2383039293e+01 4.2880390258e-03 4.4294285608e-03
2.3677088108e+01 1.8962540130e+01 1.8423502600e+01 8.0088142782e-01 1.5384502601e-02 6.8967335910e+01 2.0890652744e+01 -9.2386830347e-01 1.5027977610e+01 1.1938150032e-02 1.2928603718e-02
3.7152192771e+01 3.5252027469e+01 3.1502741870e+01 9.4885455850e-01 5.3434521203e-02 2.4628615154e+02 2.2035151971e+01 -9.6866969542e-01 9.1527298743e+00 8.1781446198e-03 8.8161379604e-03
3.7024909338e+01 3.6465722327e+01 3.1987544170e+01 9.8489700526e-01 5.3838905328e-02 2.4822119519e+02 1.2508671504e+01 -7.8808403230e-01 8.8734978711e+00 1.0014276855e-02 1.1571126198e-02
2.9979311611e+01 2.4719737755e+01 2.3676818966e+01 8.2455988568e-01 3.5773974920e-02 1.6280677100e+02 7.6973589510e+00 -8.3370942496e-01 1.0413056290e+01 1.4657161498e-02 1.9296061279e-02
4.4315120979e+01 4.1183183237e+01 3.7185327491e+01 9.2932575444e-01 2.6965921948e-02 1.2193186090e+02 9.4922217316e+00 -7.6712426112e-01 2.2371242525e+01 1.0273135421e-02 1.2612769025e-02
5.8866367955e+01 5.3848588550e+01 4.9003672582e+01 9.1475982671e-01 8.3934985982e-02 3.9514334361e+02 1.2164053193e+01 6.3875187765e-01 8.4610269097e+00 7.6163424316e-03 8.8447618460e-03
3.6708537095e+01 3.0557271417e+01 2.9131987581e+01 8.3242956095e-01 2.2828130899e-02 1.0290648050e+02 1.3905778268e+02 7.3751924478e-01 8.3556933843e+00 4.3839391549e-03 4.4321852049e-03
6.8697165503e+01 6.7731841974e+01 5.9382390803e+01 9.8594813160e-01 7.0485028483e-02 3.2877921147e+02 8.3326856782e+01 9.7857285628e-01 8.1756074465e+00 3.3082814151e-03 3.3698783836e-03
4.8844564759e+01 4.5619659049e+01 4.1089181999e+01 9.3397616038e-01 3.9366466962e-02 1.7962413861e+02 1.3086204740e+02 -9.9782183034e-01 8.8709513837e+00 3.5814218479e-03 3.6233578390e-03
2.6659454856e+01 2.3943266050e+01 2.1988014749e+01 8.9811536578e-01 3.2655678573e-02 1.4827764273e+02 1.1186738722e+01 -7.8806294653e-01 9.0059706484e+00 1.3368062250e-02 1.5780938369e-02
2.5439315878e+01 1.9553846474e+01 1.9382655357e+01 7.6864671076e-01 1.4307670662e-02 6.4088149138e+01 6.4741031697e+01 -5.7011850820e-01 8.7674338477e+00 7.5724954725e-03 7.7557815239e-03
8.3828564745e+01 5.4862575981e+01 5.8774804262e+01 6.5446159252e-01 7.5648369489e-02 3.5412240687e+02 5.0475954362e+01 -8.9392220531e-01 9.1869299126e+00 4.0061351290e-03 4.1321081288e-03
3.1116292481e+01 2.3584617005e+01 2.3538083243e+01 7.5795074299e-01 1.4888097875e-02 6.6717133569e+01 2.2989593530e+02 8.8209429525e-01 9.8397670849e+00 4.1684848231e-03 4.1960127893e-03
5.7372164149e+01 5.3045790583e+01 4.8017921308e+01 9.2459106903e-01 1.8507661874e-02 8.3162389950e+01 4.3856176186e+01 4.1637035740e-01 1.8287984367e+01 4.9579760204e-03 5.1390175021e-03
3.5355804723e+01 2.6234370433e+01 2.6454315944e+01 7.4201027635e-01 1.4341696085e-02 6.4242201490e+01 2.4778087785e+02 -9.9320628657e-01 1.2203088232e+01 3.7689451218e-03 3.7920178272e-03
3.4742093063e+01 2.3140121476e+01 2.4582380721e+01 6.6605432880e-01 1.7149820487e-02 7.6982869370e+01 1.8734722085e+01 6.9413865684e-01 1.5712084372e+01 1.0373432379e-02 1.1351074395e-02
2.4902171101e+01 2.4729766590e+01 2.1603399252e+01 9.9307672770e-01 1.7802913958e-02 7.9953554902e+01 4.1785878491e+01 6.3881347601e-01 9.8460151407e+00 8.3208664756e-03 8.6408418800e-03
2.8515395202e+01 2.5384963014e+01 2.3413979171e+01 8.9021957557e-01 1.9518450104e-02 8.7770457085e+01 4.4946456345e+01 -7.0041516226e-01 1.0498875991e+01 7.6911449871e-03 7.9647229545e-03
1.6170356513e+01 1.6015247939e+01 1.4009402821e+01 9.9040784449e-01 1.9791662935e-02 8.9017171254e+01 4.8251014112e+00 -9.7572494461e-01 9.3764749851e+00 2.4477885604e-02 4.7467741561e-02
3.1428497000e+01 1.6575028793e+01 1.9670351241e+01 5.2738852873e-01 1.0776118864e-02 4.8141037209e+01 5.8961792157e+01 5.7825924965e-01 1.2251345096e+01 7.7878003632e-03 7.9956906173e-03
3.2692303685e+01 2.2029531072e+01 2.3272247998e+01 6.7384456245e-01 1.3668142383e-02 6.1194085382e+01 2.8610748636e+01 -9.5096982624e-01 2.1901564752e+01 9.1783254081e-03 9.7115846500e-03
2.9656311164e+01 2.8313784569e+01 2.5224828857e+01 9.5473049271e-01 4.5606496415e-02 2.0903490171e+02 1.4542011852e+01 9.9473240341e-01 9.1459268675e+00 1.1032876185e-02 1.2447341854e-02
4.2636324135e+01 3.5477654025e+01 3.3829457896e+01 8.3209926617e-01 2.7327663010e-02 1.2360051251e+02 2.5048801568e+01 5.1256247634e-01 1.1079526678e+01 7.5726541511e-03 8.0831933012e-03
3.1659861531e+01 2.7377801500e+01 2.5616436638e+01 8.6474798612e-01 2.2564397237e-02 1.0169769008e+02 1.3858487699e+02 -9.0542861774e-01 8.9462582199e+00 4.7576932435e-03 4.8102348354e-03
4.2732090961e+01 1.8497622374e+01 2.4061881672e+01 4.3287426283e-01 3.8826919228e-02 1.7709300629e+02 1.8226941363e+01 -9.7979068551e-01 9.3811054708e+00 1.0482927464e-02 1.1503590840e-02
4.1173803488e+01 3.0251695508e+01 3.0651502508e+01 7.3473162412e-01 3.6893992684e-02 1.6804082028e+02 8.9399959957e+01 9.3356179796e-01 8.0550766567e+00 4.9693881194e-03 5.0554263625e-03
3.2020313308e+01 2.6295768545e+01 2.5236504451e+01 8.2122146316e-01 2.3526659604e-02 1.0611032931e+02 4.1496184167e+01 8.1718004668e-01 1.1171463485e+01 7.5437529570e-03 7.8360169366e-03
4.5691914008e+01 4.0431871406e+01 3.7403590567e+01 8.8488023065e-01 4.1869464063e-02 1.9139100742e+02 4.0331580322e+01 -8.8646704409e-01 1.1072481351e+01 5.8965726093e-03 6.1321109940e-03
6.1858558229e+01 2.1524760384e+01 3.0930506814e+01 3.4796737914e-01 2.0477784641e-02 9.2150245721e+01 4.4816006211e+01 3.7844930051e-01 9.4505746624e+00 6.4660519832e-03 6.6967669159e-03
8.1869761623e+01 7.9309830026e+01 7.0146873146e+01 9.6873165933e-01 1.3879402234e-01 6.7723692725e+02 9.7324155905e-01 9.9170421552e-01 1.0717943784e+01 1.5216142475e-02 1.0000000000e+00
2.1278141902e+01 2.0396639409e+01 1.8135132185e+01 9.5857239335e-01 1.7355676846e-02 7.7918928099e+01 2.0489185576e+01 9.0912564554e-01 1.2914158554e+01 1.2129782696e-02 1.3159066433e-02
3.1762598616e+01 3.0286354650e+01 2.6999201873e+01 9.5352256961e-01 1.5618406059e-02 7.0028191578e+01 2.4333967275e+02 -9.9585024082e-01 1.1528249533e+01 3.7436045585e-03 3.7669452015e-03
8.0841415552e+01 4.3734479005e+01 5.1284711551e+01 5.4099100945e-01 1.0581668498e-01 5.0549544249e+02 3.3099133128e+00 5.6839819606e-01 8.7846685989e+00 1.1910914327e-02 1.0000000000e+00
3.5967246049e+01 3.1116533183e+01 2.9108212051e+01 8.6513527170e-01 6.5867455208e-02 3.0625672036e+02 1.1470204763e+01 -9.8754356522e-01 8.1478076473e+00 1.0895755434e-02 1.2796666323e-02
6.0656971924e+01 4.6660184471e+01 4.6234107147e+01 7.6924684816e-01 1.0089130395e-01 4.8040159323e+02 4.5225034170e+00 -8.3913822076e-01 1.1395881631e+01 1.1336052052e-02 2.5465106375e-02
3.1515318450e+01 2.5089981113e+01 2.4447913592e+01 7.9612018369e-01 3.5419200648e-02 1.6115055573e+02 3.1246585842e+00 8.3943752750e-01 1.0272673570e+01 2.0149812940e-02 1.0000000000e+00
4.0374480730e+01 3.6204422001e+01 3.3273563351e+01 8.9671548332e-01 3.0286827311e-02 1.3728305253e+02 2.8155827998e+01 -5.9900306779e-01 1.0576620220e+01 7.3100730436e-03 7.7424178696e-03
7.4849512108e+01 6.4787321084e+01 6.0590899467e+01 8.6556771392e-01 1.2751609362e-01 6.1778068409e+02 2.0194895137e+00 -7.8272399374e-01 1.0062103464e+01 1.2760679439e-02 1.0000000000e+00
4.5270821273e+01 4.1861651553e+01 3.7891764641e+01 9.2469388397e-01 2.8931533693e-02 1.3100930336e+02 7.7402658603e+01 -7.1844903757e-01 1.0678409421e+01 4.6164190132e-03 4.7091958648e-03
3.2003844607e+01 2.4113579295e+01 2.4135636383e+01 7.5345882944e-01 3.2571549081e-02 1.4788653983e+02 5.2783092614e+01 9.2650134717e-01 8.0760296449e+00 7.0489326783e-03 7.2603561738e-03
5.8641850912e+01 4.9825027171e+01 4.7025530128e+01 8.4964963412e-01 1.1223092461e-01 5.3839397404e+02 1.2527276229e+01 9.9938251911e-01 8.9762113464e+00 7.6057856446e-03 8.7859039734e-03
4.0927397924e+01 2.2261246252e+01 2.6038163955e+01 5.4392039028e-01 4.4233517965e-02 2.0254205342e+02 1.2672204226e+01 9.3472219585e-01 9.5596314476e+00 1.1398460280e-02 1.3140660352e-02
3.0669002237e+01 2.7618986017e+01 2.5329616423e+01 9.0055052341e-01 1.5880275162e-02 7.1216317949e+01 1.7035114024e+02 -7.0966365003e-01 9.3051508695e+00 4.4526841331e-03 4.4925364721e-03
3.9113414912e+01 2.8307462289e+01 2.8891967901e+01 7.2372771214e-01 3.4776056928e-02 1.5815022658e+02 3.8267273732e+00 5.9813870333e-01 1.1551771519e+01 1.6830450371e-02 1.0000000000e+00
1.7651357869e+01 1.3028121251e+01 1.3171230521e+01 7.3808039859e-01 1.1340191884e-02 5.0682552299e+01 1.8505795739e+01 9.0012125858e-01 1.2863044676e+01 1.5447317404e-02 1.6924482486e-02
2.6069351710e+01 2.2827717103e+01 2.1227510421e+01 8.7565342464e-01 1.8706400141e-02 8.4067877120e+01 9.5467172734e+01 8.5426041873e-01 9.3703356874e+00 6.1678373022e-03 6.2676352066e-03
3.1002000040e+01 2.6542002457e+01 2.4957094604e+01 8.5613839182e-01 1.5853945168e-02 7.1096835393e+01 2.3529431958e+01 -9.0473487535e-01 2.0692880913e+01 9.4417096613e-03 1.0125030222e-02
3.5897387534e+01 3.3410531317e+01 3.0144713718e+01 9.3072319778e-01 1.0314835601e-02 4.6064246735e+01 5.3230571525e+01 8.8165482429e-01 3.1439963686e+01 6.1989464659e-03 6.3832261338e-03
4.2031352532e+01 2.8069488041e+01 2.9781054346e+01 6.6782262168e-01 3.1401150253e-02 1.4245038579e+02 3.1617233318e+01 8.7326602917e-01 1.1801514415e+01 7.4962574530e-03 7.8863015508e-03
4.5048833000e+01 3.5711524887e+01 3.4870286612e+01 7.9272918984e-01 2.1721247653e-02 9.7836316427e+01 4.2633650050e+01 -5.1064493819e-01 1.2353765503e+01 6.1079586135e-03 6.3378378835e-03
2.9866479733e+01 2.6608124085e+01 2.4532868884e+01 8.9090258789e-01 3.1544550666e-02 1.4311595435e+02 1.2631164486e+01 -7.5536859287e-01 1.0129567652e+01 1.1935943852e-02 1.3768036740e-02
3.3761543320e+01 3.3494734563e+01 2.9274718869e+01 9.9209725826e-01 7.3821477082e-02 3.4513638755e+02 5.6768155010e+00 9.2728923259e-01 8.2634363118e+00 1.4068277903e-02 2.2225331690e-02
2.8696945831e+01 1.2669133627e+01 1.6331297285e+01 4.4148020843e-01 2.8223076470e-02 1.2773462131e+02 1.3613328109e+01 -9.9513031811e-01 8.2350629896e+00 1.4996558520e-02 1.7086399702e-02
3.6700014116e+01 3.5039330883e+01 3.1216322576e+01 9.5474979307e-01 1.0522208519e-02 4.6997704458e+01 2.2112878005e+02 -6.5867113810e-01 1.3911346251e+01 3.5550770296e-03 3.5794967247e-03
2.8512407120e+01 2.8437127328e+01 2.4788698658e+01 9.9735975320e-01 3.7601792104e-02 1.7135272265e+02 3.0733203930e+01 9.5178227683e-01 8.5849612331e+00 8.4652546714e-03 8.9196710445e-03
3.3611760646e+01 2.3732654933e+01 2.4513443691e+01 7.0608187364e-01 3.1746236655e-02 1.4405227412e+02 4.6320096570e+01 9.0118871813e-01 8.5197288119e+00 7.3349377901e-03 7.5876097705e-03
3.7840048342e+01 2.3509667770e+01 2.5820009230e+01 6.2129063784e-01 5.4691251511e-02 2.5230324082e+02 4.7677626646e+00 -8.4315045087e-01 8.6110259581e+00 1.6429587960e-02 3.2586261369e-02
3.7809801289e+01 3.2104869271e+01 3.0310389506e+01 8.4911499601e-01 3.3008806656e-02 1.4991977839e+02 3.0558274367e+00 4.2024363432e-01 9.4293632536e+00 1.7790482218e-02 1.0000000000e+00
7.2216248688e+01 6.8527141781e+01 6.1236861481e+01 9.4891583301e-01 1.3111631405e-01 6.3667996041e+02 2.7614161443e+01 9.9510265324e-01 8.0844131676e+00 4.7442894407e-03 5.0310186357e-03
3.6180752494e+01 2.8881348150e+01 2.8105506606e+01 7.9825172665e-01 2.4627707894e-02 1.1116692814e+02 2.6253861231e+01 7.4251197779e-01 1.2680038632e+01 8.3680612889e-03 8.9031826083e-03
5.7267659208e+01 4.0129068551e+01 4.1601810697e+01 7.0072828376e-01 6.0195387292e-02 2.7877535063e+02 3.2119327083e+00 -5.8213837799e-01 1.0963174594e+01 1.4095224221e-02 1.0000000000e+00
6.0044317082e+01 4.9407092473e+01 4.7370989043e+01 8.2284377396e-01 1.4292311824e-01 6.9919016933e+02 6.9944461783e+00 -9.9459819255e-01 8.5996181219e+00 9.2615211893e-03 1.2730519680e-02
7.4844017520e+01 7.1023832178e+01 6.3466536670e+01 9.4895804008e-01 1.9248091823e-01 9.7021388949e+02 9.6356975709e+00 9.4116949932e-01 8.0820463908e+00 6.6618048897e-03 8.1459682757e-03
3.5405914034e+01 3.2769672892e+01 2.9648516855e+01 9.2554235038e-01 3.1792794035e-02 1.4426845300e+02 2.3060439507e+01 6.8756335340e-01 1.0238199054e+01 8.4595689743e-03 9.0860210126e-03
4.1700005607e+01 2.3099242497e+01 2.6787138156e+01 5.5393859450e-01 3.0649843495e-02 1.3896553277e+02 4.8369224100e+01 8.4538090736e-01 9.1570365692e+00 6.8321738796e-03 7.0569435459e-03
2.8937556526e+01 2.6455101753e+01 2.4081987926e+01 9.1421339356e-01 2.1718362933e-02 9.7823113373e+01 4.9278903414e+00 -3.5804197270e-01 1.0529914066e+01 1.7289528371e-02 3.2338493888e-02
2.7908598347e+01 2.3578078899e+01 2.2315616650e+01 8.4483206953e-01 1.2473932415e-02 5.5797255108e+01 2.7126606501e+02 -9.5673142585e-01 1.1200725950e+01 4.0565046528e-03 4.0791656932e-03
2.9909403627e+01 2.9156448813e+01 2.5707398693e+01 9.7482548222e-01 1.7830868953e-02 8.0080775573e+01 1.9431368807e+02 -7.3184881148e-01 8.1466641156e+00 4.1941926565e-03 4.2270354397e-03
3.5669654981e+01 2.0898041328e+01 2.3600923482e+01 5.8587730493e-01 1.7840046018e-02 8.0122540703e+01 8.0389346389e+01 8.4021360933e-01 1.1540454051e+01 6.1601455653e-03 6.2791826136e-03
4.0337394039e+01 3.7236606066e+01 3.3733664354e+01 9.2312869866e-01 3.9570166529e-02 1.8058022937e+02 4.3511583137e+00 -9.0808119231e-01 1.9098062374e+01 1.4516789575e-02 3.7306439778e-02
3.5365505177e+01 3.3185205618e+01 2.9820315566e+01 9.3834954292e-01 4.4178614585e-02 2.0228266777e+02 1.1381565889e+01 -9.9898822125e-01 1.2562839839e+01 1.0902863963e-02 1.2825097102e-02
3.8094076389e+01 2.8943268603e+01 2.8852247757e+01 7.5978397026e-01 1.6468148893e-02 7.3885229754e+01 7.9620135861e+01 -5.8682428546e-01 1.1785134066e+01 5.4574687554e-03 5.5639831473e-03
4.3072627141e+01 3.6792747370e+01 3.4634302160e+01 8.5420253679e-01 5.0456777457e-02 2.3206947319e+02 2.6186059989e+01 9.0086837181e-01 9.6926261296e+00 7.2375493905e-03 7.7017209878e-03
7.0282121959e+01 5.9716770192e+01 5.6360751507e+01 8.4967227123e-01 6.5651670919e-02 3.0520750935e+02 2.5633545284e+01 5.2842157017e-01 8.7491453167e+00 5.3333177749e-03 5.6836565695e-03
7.0709106915e+01 5.2706760544e+01 5.3031120791e+01 7.4540271889e-01 1.2633444066e-01 6.1159421624e+02 1.0442035113e+01 -9.6987214304e-01 9.5797028057e+00 7.4946689785e-03 8.9828309976e-03
7.5835798323e+01 4.4965299425e+01 5.0493662796e+01 5.9292973001e-01 4.6946617422e-02 2.1538412331e+02 8.4362009719e+01 -8.0745517815e-01 9.0891209415e+00 3.6952154546e-03 3.7631437947e-03
6.1221235732e+01 6.1076276470e+01 5.3233039195e+01 9.9763220621e-01 6.0439977420e-02 2.7995618615e+02 3.4250844685e+01 7.4965071284e-01 1.0463318050e+01 4.9730968217e-03 5.2101722608e-03
5.6783098785e+01 5.3007192655e+01 4.7755076855e+01 9.3350299278e-01 4.7277644900e-02 2.1695425113e+02 2.7305780279e+01 -3.7574478000e-01 8.0389966410e+00 5.8398192830e-03 6.1972071266e-03
3.1041646949e+01 3.0933071949e+01 2.6976013546e+01 9.9650227967e-01 4.2088388256e-02 1.9242213117e+02 1.4743408176e+01 8.4721205176e-01 9.2354608807e+00 1.0547391820e-02 1.1876569365e-02
4.6358706553e+01 3.8458855891e+01 3.6726491749e+01 8.2959294489e-01 2.1416622748e-02 9.6442386271e+01 7.0039415915e+01 9.6462973044e-01 1.8924439797e+01 4.9096815128e-03 5.0191543947e-03
1.1611405124e+01 1.0871423530e+01 9.7798574778e+00 9.3627114154e-01 1.1657954131e-02 5.2115219018e+01 2.6439097349e+01 9.5566006839e-01 8.2013331579e+00 1.6273252666e-02 1.7305726388e-02
3.1797989377e+01 2.2590370365e+01 2.3264440605e+01 7.1043392390e-01 2.4456064280e-02 1.1037812106e+02 6.0596365577e+01 9.9292124556e-01 1.0554120283e+01 6.8827509753e-03 7.0612862836e-03
7.9808542891e+01 6.3180445662e+01 6.1733190275e+01 7.9165015891e-01 6.0561594769e-02 2.8054347364e+02 3.6999470751e+01 -9.3238624016e-01 1.4392107018e+01 4.4036550287e-03 4.5967035008e-03
3.8503822812e+01 1.8969346260e+01 2.3240244864e+01 4.9266137423e-01 1.8153090641e-02 8.1547553837e+01 1.2897939796e+02 7.8303740345e-01 8.9963490881e+00 5.2082521137e-03 5.2701468614e-03
3.5741298584e+01 3.2132106169e+01 2.9493464145e+01 8.9901899041e-01 2.2197154527e-02 1.0001524778e+02 1.9290227544e+02 8.0832796356e-01 8.0741527689e+00 3.8492972846e-03 3.8796630963e-03
2.3781986663e+01 2.0932589430e+01 1.9415689961e+01 8.8018674499e-01 1.0191541312e-02 4.5509393330e+01 3.0933157825e+01 4.3321983769e-01 1.2438568229e+01 1.0003772321e-02 1.0536956011e-02
2.6517524722e+01 2.3374935748e+01 2.1665217859e+01 8.8149010862e-01 2.4684707500e-02 1.1142891923e+02 4.1118383697e+01 -9.0921799848e-01 9.7338960417e+00 8.3212085733e-03 8.6467723397e-03
4.3603125870e+01 4.1412299487e+01 3.6990366643e+01 9.4975529073e-01 3.9130583984e-02 1.7851732844e+02 8.0437871142e+00 -4.3792640589e-01 1.0807177290e+01 1.0886763859e-02 1.4089672855e-02
2.9949208856e+01 2.8397164920e+01 2.5385950502e+01 9.4817746461e-01 1.7063986354e-02 7.6592652690e+01 2.3974864549e+02 8.2165526245e-01 8.4258128338e+00 3.9088465021e-03 3.9335866815e-03
5.2497061090e+01 2.2447644919e+01 2.9365356194e+01 4.2759812556e-01 3.9001833077e-02 1.7791335631e+02 2.3951434389e+01 -6.7225421113e-01 8.0458712623e+00 8.3538981962e-03 8.9463977897e-03
2.5277534914e+01 2.3510878253e+01 2.1219678729e+01 9.3010961444e-01 1.9290685889e-02 8.6731512178e+01 1.3568079460e+02 8.8800588070e-01 8.4364331893e+00 5.4054059284e-03 5.4664048248e-03
4.4585284632e+01 2.4818123984e+01 2.8714425784e+01 5.5664383863e-01 4.3388483780e-02 1.9855193517e+02 1.3082380060e+01 -9.1408937129e-01 1.0766101453e+01 1.0600390105e-02 1.2154987231e-02
6.4868096814e+01 6.2259884970e+01 5.5321691642e+01 9.5979207080e-01 1.0772921154e-01 5.1527887869e+02 1.4134342931e+01 8.5109182217e-01 9.4288479952e+00 6.5839529913e-03 7.4587616966e-03
2.1213899206e+01 1.8254776681e+01 1.7121732355e+01 8.6051020152e-01 1.2857067510e-02 5.7527663153e+01 1.5245938155e+02 -7.6390806158e-01 8.3090461481e+00 5.9402266877e-03 5.9997472952e-03
2.5643391110e+01 1.6920041639e+01 1.8055885868e+01 6.5982075330e-01 1.1109218834e-02 4.9641610217e+01 5.0690170925e+00 -3.2588651339e-01 1.2284315382e+01 2.0615258754e-02 3.6954382965e-02
3.3782518881e+01 2.1224980957e+01 2.3186714857e+01 6.2828295997e-01 2.9783263555e-02 1.3495060862e+02 3.6150766448e+01 -9.8045128108e-01 9.7988271995e+00 8.3442252732e-03 8.7193344730e-03
5.2126141326e+01 5.0122502542e+01 4.4496052394e+01 9.6156172829e-01 1.0384544983e-01 4.9543477575e+02 2.8588137157e+00 7.4285304203e-01 8.3882502262e+00 1.3766782463e-02 1.0000000000e+00
6.5183697966e+01 5.1926869258e+01 5.0582403726e+01 7.9662355587e-01 5.9001226147e-02 2.7301562931e+02 2.6458085019e+00 5.1960212358e-01 1.2850078405e+01 1.3424600981e-02 1.0000000000e+00
3.6845282517e+01 2.7345313234e+01 2.7571766682e+01 7.4216592644e-01 4.5272267820e-02 2.0745320325e+02 3.6955172321e+01 9.9003971459e-01 8.0994703307e+00 7.3575592261e-03 7.6805201617e-03
3.5460689633e+01 2.8327210807e+01 2.7556428770e+01 7.9883417666e-01 5.4082821353e-02 2.4938887954e+02 5.2123614857e+00 -9.1247791076e-01 1.0221958913e+01 1.5261483521e-02 2.6370760260e-02
3.1260495821e+01 1.3750592360e+01 1.7755236408e+01 4.3987121762e-01 2.8807218543e-02 1.3043444557e+02 4.5500050206e+00 9.6129237401e-01 9.6763869281e+00 2.1459939872e-02 4.7396411242e-02
2.7699034095e+01 2.5259792596e+01 2.3022313959e+01 9.1193766936e-01 3.4754463587e-02 1.5804953848e+02 1.8726151643e+01 9.2817000391e-01 9.3005220417e+00 1.0693899950e-02 1.1702289612e-02
2.7855825754e+01 2.2076953956e+01 2.1559364977e+01 7.9254351140e-01 3.1556023638e-02 1.4316921003e+02 3.7137952659e+01 9.4715734983e-01 8.1035696077e+00 8.6354210621e-03 9.0124553366e-03
4.1219130275e+01 3.5125669447e+01 3.3103824304e+01 8.5216910724e-01 1.9556913412e-02 8.7945941296e+01 2.7010135061e+02 -8.4310046459e-01 8.4332569912e+00 3.1616746942e-03 3.1794138522e-03
3.1326571028e+01 3.0851787319e+01 2.7063755610e+01 9.8484405750e-01 2.3050755275e-02 1.0392721080e+02 4.4366492221e+01 -5.5783562642e-01 8.9983893935e+00 7.0444453773e-03 7.2985163714e-03
3.7043279761e+01 1.9513043416e+01 2.3169914540e+01 5.2676338441e-01 4.9276689098e-02 2.2645113084e+02 3.9279611281e+00 -9.1636276866e-01 8.3418805371e+00 1.8965924382e-02 1.0000000000e+00
2.9551191894e+01 2.8204312633e+01 2.5131339484e+01 9.5442216794e-01 3.4316319999e-02 1.5600716783e+02 5.4920298675e+01 9.7494914259e-01 8.3773413690e+00 6.7643765497e-03 6.9589466302e-03
6.4268525769e+01 6.2460320222e+01 5.5155195789e+01 9.7186483546e-01 5.4466601191e-02 2.5122689686e+02 2.6535662905e+01 -4.5617077293e-01 9.2388464020e+00 5.3715234737e-03 5.7109364750e-03
3.6867021944e+01 2.1455913245e+01 2.4307660537e+01 5.8198118842e-01 1.5412812490e-02 6.9095714314e+01 4.6740797381e+00 3.9635555954e-01 1.5728936816e+01 1.7601252494e-02 3.6384204965e-02
4.2873729361e+01 4.1609247105e+01 3.6768408371e+01 9.7050682844e-01 2.9482167590e-02 1.3355676747e+02 8.5682921197e+01 6.8884173291e-01 9.4253441644e+00 4.5266493832e-03 4.6085359896e-03
6.1655985540e+01 3.3431220811e+01 3.9160846460e+01 5.4222182190e-01 2.2490382730e-02 1.0135853675e+02 2.9602675945e+01 -6.5779715371e-01 1.8338472054e+01 6.5103159382e-03 6.8745483262e-03
4.5234650361e+01 4.1174696051e+01 3.7562011369e+01 9.1024680689e-01 4.2671348221e-02 1.9516936551e+02 2.1501771443e+01 5.4686819602e-01 8.8700477675e+00 7.4418811166e-03 8.0390515827e-03
4.1209040283e+01 3.4161371735e+01 3.2634465429e+01 8.2897761026e-01 2.6532234874e-02 1.1993247338e+02 1.0093397747e+02 -8.8002166694e-01 1.0758622032e+01 4.5946352322e-03 4.6648377865e-03
3.3740905212e+01 3.3340966003e+01 2.9198457655e+01 9.8814675523e-01 5.7557774486e-02 2.6606564676e+02 1.8010730589e+01 -9.6412601414e-01 8.1101058192e+00 9.2269142759e-03 1.0138131992e-02
3.6204213285e+01 2.9618023469e+01 2.8478334401e+01 8.1808222806e-01 1.2451752811e-02 5.5697112341e+01 3.2888556327e+02 -7.8512900208e-01 1.0032229394e+01 3.2403980562e-03 3.2553018259e-03
4.1288625541e+01 2.6648408484e+01 2.8739532886e+01 6.4541766976e-01 5.1871802786e-02 2.3881814669e+02 5.1248892532e+00 -8.8332952768e-01 1.1014886446e+01 1.4980023242e-02 2.6453187251e-02
3.4414424791e+01 3.0648403825e+01 2.8263271977e+01 8.9056853371e-01 3.0001456642e-02 1.3596104662e+02 1.1359013225e+02 9.7703874351e-01 8.6750815264e+00 4.7987745082e-03 4.8637223621e-03
2.6684851028e+01 2.0167736885e+01 2.0156097607e+01 7.5577476014e-01 2.7090039692e-02 1.2250429813e+02 3.1244629272e+01 9.0371209355e-01 8.6173630232e+00 9.6354193467e-03 1.0143341516e-02
6.3477516305e+01 5.0930022773e+01 4.9438507215e+01 8.0233168747e-01 8.1791599976e-02 3.8449210912e+02 5.3129960197e+00 5.5412325125e-01 1.0298337618e+01 1.0346366014e-02 1.7475973132e-02
6.1914323830e+01 5.5535067531e+01 5.1032272606e+01 8.9696638993e-01 2.5266660577e-02 1.1410501976e+02 7.9593373773e+01 7.7814784886e-01 1.6991565223e+01 3.8011570206e-03 3.8753707279e-03
5.3842485943e+01 5.1298332912e+01 4.5749119718e+01 9.5274822502e-01 3.8085003122e-02 1.7361561934e+02 9.6217275894e+00 1.2567582652e-01 9.8513948898e+00 8.9189978610e-03 1.0910252008e-02
6.8155461014e+01 5.2854275742e+01 5.2165624187e+01 7.7549582903e-01 1.0688597894e-01 5.1096264729e+02 2.4001477143e+01 9.4812183235e-01 8.2657912302e+00 5.6027590390e-03 5.9991940186e-03
3.3682480598e+01 3.3529011867e+01 2.9255409793e+01 9.9544366304e-01 3.4472879984e-02 1.5673681510e+02 1.0867738270e+01 -8.3651266389e-01 1.3333520913e+01 1.1292503774e-02 1.3413350787e-02
2.7875590889e+01 2.7062566014e+01 2.3910079273e+01 9.7083380659e-01 1.8737208455e-02 8.4208268890e+01 1.4100936857e+02 -7.2124850658e-01 8.1179802087e+00 4.9465313359e-03 5.0002003168e-03
2.0167536234e+01 1.6305672700e+01 1.5768854466e+01 8.0851089150e-01 1.3082306462e-02 5.8545401824e+01 6.1843412662e+01 -6.4806397054e-01 8.2235501016e+00 8.7706676258e-03 8.9933703976e-03
2.8676906196e+01 2.8486703563e+01 2.4881741055e+01 9.9336739355e-01 2.9648273299e-02 1.3432563445e+02 3.5991560342e+00 4.8110113670e-01 8.8405974784e+00 1.8966598525e-02 1.0000000000e+00
3.4425726443e+01 2.8435312876e+01 2.7212495067e+01 8.2599020598e-01 1.7999598460e-02 8.0848759076e+01 3.2302598724e+02 9.7892855651e-01 8.3895930689e+00 3.3449082780e-03 3.3605741991e-03
3.4821066384e+01 3.1739761448e+01 2.8935013699e+01 9.1151032246e-01 1.4790274354e-02 6.6273894110e+01 2.2124441992e+02 5.5855752354e-01 8.2727692700e+00 3.7172231043e-03 3.7427430606e-03
8.0619215089e+01 7.3801513838e+01 6.7136884191e+01 9.1543329660e-01 2.0118211026e-01 1.0191998205e+03 1.0791324204e+01 9.8867439557e-01 8.3928112745e+00 6.1363686442e-03 7.3001460006e-03
4.8402533641e+01 4.6594069367e+01 4.1340681084e+01 9.6263699154e-01 2.2876905427e-02 1.0313008304e+02 4.9108404495e+01 9.5841871399e-01 2.2769131552e+01 5.2042923329e-03 5.3727739388e-03
2.6980079074e+01 2.3024917760e+01 2.1684135013e+01 8.5340438393e-01 3.2371446675e-02 1.4695648630e+02 2.1051828414e+01 -9.5449787776e-01 9.2121211179e+00 1.0640223623e-02 1.1515169391e-02
3.3218220700e+01 2.6992277329e+01 2.6039646983e+01 8.1257444740e-01 1.0469296904e-02 4.6759503367e+01 2.5594340553e+02 -9.2257620734e-01 1.5096873200e+01 3.7693622775e-03 3.7916936023e-03
4.1360618565e+01 3.7625230208e+01 3.4334431173e+01 9.0968731885e-01 3.0990601333e-02 1.4054564032e+02 4.8138674393e+01 -5.5879072309e-01 8.7326062547e+00 5.8596286478e-03 6.0533830859e-03
4.1733652473e+01 3.7842317811e+01 3.4587732048e+01 9.0675786969e-01 2.2803085274e-02 1.0279166716e+02 1.5280991666e+02 9.8602128141e-01 1.2176417618e+01 3.8011726334e-03 3.8391711063e-03
3.5089172872e+01 2.9849778643e+01 2.8155775461e+01 8.5068345019e-01 1.3130216514e-02 5.8761926524e+01 1.0560836728e+02 5.8099434575e-01 1.2939008595e+01 4.9947458412e-03 5.0675928508e-03
6.2629585129e+01 6.2159875197e+01 5.4317305750e+01 9.9250019092e-01 7.2176727012e-02 3.3706415566e+02 2.6713667440e+01 -8.6638342813e-01 1.1194837546e+01 5.3535615773e-03 5.6893171873e-03
6.7132457013e+01 6.3725979353e+01 5.6936280349e+01 9.4925736654e-01 5.6835971842e-02 2.6259526968e+02 1.3608973304e+01 3.5470288981e-01 1.0055203819e+01 6.7548126534e-03 7.6965119673e-03
6.1946529144e+01 5.9968168003e+01 5.3058069328e+01 9.6806340616e-01 8.7687541394e-02 4.1385952166e+02 7.2571725477e+00 -7.1678815981e-01 1.1558728042e+01 8.7770425046e-03 1.1852793216e-02
2.9427543947e+01 1.9978264033e+01 2.1029621591e+01 6.7889675295e-01 1.7771200588e-02 7.9809236520e+01 9.9194841503e+00 -7.0169453615e-01 1.4335534969e+01 1.4510631900e-02 1.7610159314e-02
3.3157656098e+01 2.8920021147e+01 2.6945259203e+01 8.7219739117e-01 2.3018090610e-02 1.0377742310e+02 5.8479762493e+00 9.0872240318e-02 8.8139881024e+00 1.5103065064e-02 2.3263821073e-02
2.8679301153e+01 2.8159984707e+01 2.4739496971e+01 9.8189229079e-01 5.4824073142e-02 2.5293976739e+02 6.9512147534e+00 -9.0818633229e-01 8.1003847580e+00 1.4648432943e-02 2.0198244594e-02
2.5910731589e+01 2.4616973426e+01 2.1984808387e+01 9.5006863627e-01 2.5604888290e-02 1.1566138342e+02 1.9823768973e+01 6.8028832892e-01 8.8637918239e+00 1.0833946291e-02 1.1789361603e-02
7.6982910404e+01 5.9651948907e+01 5.8897800290e+01 7.7487261256e-01 1.4466410282e-01 7.0847601289e+02 1.4009664930e+01 9.1561452309e-01 8.2684064882e+00 6.2233557250e-03 7.0595611430e-03
3.3385335105e+01 3.3279233169e+01 2.9017394629e+01 9.9682189992e-01 2.6314940168e-02 1.1893116692e+02 4.1565639031e+01 -5.4170090349e-01 8.5801380747e+00 6.8973680811e-03 7.1641106213e-03
3.5035439969e+01 3.2709092859e+01 2.9466652046e+01 9.3360017424e-01 3.1709397005e-02 1.4388122745e+02 1.1979614553e+02 9.3917865068e-01 8.0749866059e+00 4.5782506222e-03 4.6369278790e-03
2.9936218812e+01 2.6911756109e+01 2.4702470538e+01 8.9896978232e-01 3.2706496931e-02 1.4851391066e+02 3.5816044641e+00 7.2150009357e-01 1.0622485860e+01 1.9052120624e-02 1.0000000000e+00
6.0690415618e+01 5.6068576317e+01 5.0774507184e+01 9.2384564755e-01 8.8050453477e-02 4.1567418286e+02 2.5444048746e+01 9.6900250588e-01 9.6720848951e+00 5.6349710793e-03 6.0082290233e-03
7.6578039376e+01 7.0390029457e+01 6.3903498714e+01 9.1919341406e-01 2.3260431576e-02 1.0488887495e+02 2.0780633654e+02 -7.8619829199e-01 9.3340374960e+00 2.3073019731e-03 2.3241804905e-03
6.6136135408e+01 4.0035386808e+01 4.4517226252e+01 6.0534814381e-01 6.3794180737e-02 2.9618798722e+02 1.4929762980e+01 9.5754737551e-01 1.3115020362e+01 7.5776550892e-03 8.5177648644e-03
4.0525616301e+01 3.4217775767e+01 3.2394723826e+01 8.4434930027e-01 2.5650933727e-02 1.1587332122e+02 3.9010501689e+01 -8.3485174039e-01 1.4454036414e+01 6.5963927199e-03 6.8695012080e-03
7.1662117307e+01 6.5038249631e+01 5.9418427220e+01 9.0756807188e-01 1.3370866108e-01 6.5033543029e+02 1.8239197135e+01 9.0889424552e-01 8.1815591996e+00 5.6400046711e-03 6.1887016187e-03
3.4039753426e+01 3.1850741991e+01 2.8661506975e+01 9.3569250025e-01 1.2264501795e-02 5.4851789936e+01 2.7483195424e+02 7.7325352556e-01 1.1302486838e+01 3.4526288130e-03 3.4716636041e-03
3.9186677615e+01 3.6311890808e+01 3.2834064072e+01 9.2663866952e-01 7.4232189468e-02 3.4715475794e+02 8.2248045468e+00 8.8040390768e-01 8.3245992001e+00 1.1392247095e-02 1.4625273885e-02
5.3252174421e+01 4.1318475098e+01 4.0769717686e+01 7.7590212132e-01 3.4476347229e-02 1.5675297600e+02 2.1196800181e+01 2.0407836625e-01 8.0082324660e+00 7.1434491893e-03 7.7262091034e-03
2.7645538337e+01 2.0372627961e+01 2.0612095649e+01 7.3692281600e-01 1.2850793358e-02 5.7499318369e+01 2.0992256092e+02 7.8616894687e-01 9.3751287579e+00 4.6919817152e-03 4.7259541668e-03
3.3641522312e+01 2.9140242849e+01 2.7242977991e+01 8.6619869870e-01 3.6148852332e-02 1.6455772937e+02 6.1661182074e+00 7.0461585042e-01 1.1412367733e+01 1.4587919045e-02 2.1595684772e-02
3.6902349390e+01 3.3630530351e+01 3.0661564891e+01 9.1133846239e-01 4.2136044383e-02 1.9264663077e+02 6.7502602237e+01 -9.8303376544e-01 8.1952305408e+00 5.5030231693e-03 5.6305356642e-03
4.3304496113e+01 1.2802429312e+01 1.9792102505e+01 2.9563741553e-01 2.1036682365e-02 9.4704684941e+01 3.0452248770e+01 9.3714778206e-01 1.1256350528e+01 9.8765480682e-03 1.0412115349e-02
4.6790392792e+01 3.9092276816e+01 3.7202102644e+01 8.3547656864e-01 7.7252761563e-02 3.6203120417e+02 1.8173848923e+01 9.4456091566e-01 8.1208388170e+00 7.8131283946e-03 8.5764908577e-03
3.7811460117e+01 2.5726159520e+01 2.7051593693e+01 6.8037995467e-01 2.3858556286e-02 1.0763372950e+02 2.7588010739e+01 -4.7141096701e-01 8.8452342549e+00 8.4164720539e-03 8.9256733037e-03
7.8000365278e+01 7.5765729366e+01 6.6922098383e+01 9.7135095581e-01 6.5292295855e-02 3.0346076817e+02 8.9546039867e-01 7.6823440111e-01 1.5147898210e+01 1.6855994805e-02 1.0000000000e+00
3.0589000508e+01 2.9473993492e+01 2.6138530414e+01 9.6354875945e-01 2.9361622981e-02 1.3299890662e+02 1.1593204516e+01 9.6924175860e-01 1.5196769515e+01 1.1862841271e-02 1.3902907057e-02
5.6023575449e+01 3.6051850864e+01 3.8935906038e+01 6.4351213885e-01 8.0273010251e-02 3.7696295208e+02 1.6727398820e+01 -9.1356675967e-01 8.2141325397e+00 7.8200171737e-03 8.6639510762e-03
6.8774661574e+01 4.8936720600e+01 5.0358675944e+01 7.1155160171e-01 4.4356266951e-02 2.0312203961e+02 1.5610717130e+01 -2.3351204449e-01 9.1526856225e+00 6.9792749870e-03 7.7986914612e-03
4.2531732023e+01 3.6181663823e+01 3.4128030952e+01 8.5069810473e-01 5.5216478825e-02 2.5482096872e+02 8.5687636402e+00 8.2124842266e-01 1.0818282156e+01 1.1073717338e-02 1.4018877343e-02
4.2572524849e+01 2.8263994963e+01 3.0072278142e+01 6.6390224829e-01 1.1872679963e-02 5.3083718542e+01 3.1573787637e+02 -8.8568042707e-01 1.2435642938e+01 3.1813804775e-03 3.1966274783e-03
4.3266106833e+01 2.9673014879e+01 3.1082331623e+01 6.8582585888e-01 2.5043491958e-02 1.1307851799e+02 1.1058406976e+02 7.9180648272e-01 9.4986538111e+00 4.5814305047e-03 4.6451656340e-03
8.4744321953e+01 8.2173342844e+01 7.2644790934e+01 9.6966193074e-01 1.7670076358e-01 8.8242746013e+02 8.7564440968e+00 6.9015366832e-01 8.0929808054e+00 6.3992452505e-03 8.0449022817e-03
4.6961210273e+01 4.5192396503e+01 4.0103319686e+01 9.6233457869e-01 3.7222791750e-02 1.6957891492e+02 4.8014209833e+01 8.0724624793e-01 1.1670222902e+01 5.3027278489e-03 5.4785504739e-03
8.2613197672e+01 7.9778049634e+01 7.0671967931e+01 9.6568165719e-01 4.5793931614e-02 2.0992223346e+02 4.0690967260e+01 3.4920707362e-01 1.0305292733e+01 3.9393600290e-03 4.0952247732e-03
8.5008206920e+01 6.9435615753e+01 6.6814662597e+01 8.1681073238e-01 8.6483362058e-02 4.0784410613e+02 8.8542609567e+00 6.6086442231e-01 1.3764988852e+01 7.0579623378e-03 8.8423008214e-03
4.3550861326e+01 2.3229608816e+01 2.7421631641e+01 5.3339034197e-01 2.1108271050e-02 9.5032030717e+01 1.4430914583e+02 -9.5285507812e-01 1.0587029954e+01 4.4947689060e-03 4.5423994341e-03
7.8423753005e+01 6.7344510737e+01 6.3229143391e+01 8.5872593642e-01 9.7447461709e-02 4.6294327577e+02 8.0657544378e+00 -5.2949048976e-01 1.0064349913e+01 7.5182319754e-03 9.7202999337e-03
3.3407901357e+01 2.9904475355e+01 2.7507651017e+01 8.9513181433e-01 3.8909968221e-02 1.7748248314e+02 2.3816049583e+01 -7.7319723821e-01 8.3517352111e+00 8.7211741495e-03 9.3437175321e-03
3.2770086122e+01 2.6043921211e+01 2.5398859699e+01 7.9474680398e-01 1.7059967074e-02 7.6574381557e+01 1.3179068408e+02 -9.9280963502e-01 1.3053348507e+01 4.8906151498e-03 4.9474687284e-03
3.8676306742e+01 3.7464414233e+01 3.3137135880e+01 9.6866576436e-01 2.5465693327e-02 1.1502078252e+02 5.0669272084e+01 6.2368465075e-01 1.0843763661e+01 5.8968343537e-03 6.0815116441e-03
2.7903418730e+01 2.7215884469e+01 2.3989830401e+01 9.7536021419e-01 2.0037537164e-02 9.0139559802e+01 3.8654995681e+01 7.0088356786e-01 1.0975300138e+01 8.0133949829e-03 8.3484618575e-03
6.6508315055e+01 6.3650614492e+01 5.6638577070e+01 9.5703243180e-01 4.5721541994e-02 2.0957950885e+02 9.8356428658e+01 -9.5536108849e-01 1.0770482325e+01 3.2492974404e-03 3.3002830550e-03
1.9820213257e+01 9.0407780564e+00 1.1479586098e+01 4.5613929270e-01 1.2181472484e-02 5.4477039318e+01 5.5048445294e+01 -9.4327712878e-01 8.3530473944e+00 1.1178948697e-02 1.1499710698e-02
8.0866051288e+01 7.8771673290e+01 6.9479179158e+01 9.7410065207e-01 1.2875181383e-01 6.2425899778e+02 1.1595644613e+01 8.9290806735e-01 1.1710211617e+01 6.0782274035e-03 7.1232107160e-03
2.4138692333e+01 1.6798901995e+01 1.7473194767e+01 6.9593256184e-01 1.5173361577e-02 6.8010032252e+01 1.1776626381e+02 8.2425384922e-01 8.3303461238e+00 6.4523449120e-03 6.5365012745e-03
4.1441210452e+01 3.2358121918e+01 3.1830169911e+01 7.8081990281e-01 5.7809745179e-02 2.6727788720e+02 4.7242097632e+00 -6.6995411831e-01 9.2179858478e+00 1.4438372025e-02 2.9170409567e-02
4.4010161096e+01 3.3224132837e+01 3.3223236026e+01 7.5491959153e-01 2.1115156170e-02 9.5063515351e+01 3.5499676709e+01 2.8642373962e-01 9.5480079493e+00 6.7454928308e-03 7.0547730650e-03
3.5320083696e+01 1.9425041188e+01 2.2602741244e+01 5.4997155032e-01 1.1893291994e-02 5.3176703348e+01 2.1959010992e+01 3.2520560487e-01 1.2310418515e+01 1.0333704969e-02 1.1143072163e-02
4.7094464839e+01 2.2686491201e+01 2.8086326183e+01 4.8172309162e-01 1.1336684496e-02 5.0666742631e+01 2.9766468564e+02 4.8390578137e-01 8.1066378111e+00 3.3955006290e-03 3.4127711080e-03
5.3588986122e+01 4.4342127310e+01 4.2398559398e+01 8.2744852104e-01 7.7840918273e-02 3.6493452603e+02 1.7977285217e+01 -9.6279016609e-01 9.7005069715e+00 7.2270007144e-03 7.9422961736e-03
3.5763291964e+01 3.2861242726e+01 2.9838500910e+01 9.1885396789e-01 1.3857292065e-02 6.2049760944e+01 3.7452567024e+02 -7.5559963363e-01 8.1372292935e+00 2.9949805295e-03 3.0070644509e-03
3.5209238644e+01 3.5164457471e+01 3.0631922955e+01 9.9872814142e-01 3.3096943731e-02 1.5032976583e+02 3.4067288215e+01 6.2351273098e-01 8.5515796164e+00 7.1547929457e-03 7.4978769564e-03
4.3384240097e+01 3.5510068208e+01 3.4135083242e+01 8.1850156020e-01 3.4725928019e-02 1.5791648399e+02 6.7477588836e+01 -9.8571496831e-01 1.1212507975e+01 5.1697491848e-03 5.2895855870e-03
2.8937718376e+01 2.5826305682e+01 2.3791228775e+01 8.9247899046e-01 1.7276671617e-02 7.7559646411e+01 2.6429366881e+02 -9.6485751767e-01 8.7319202631e+00 3.9239930914e-03 3.9464982737e-03
4.2950241854e+01 3.7309737803e+01 3.4831556129e+01 8.6867352062e-01 3.1678928173e-02 1.4373976726e+02 2.0491662873e+01 -2.9798754212e-01 8.0085143696e+00 7.9961492850e-03 8.6745744033e-03
6.2144839880e+01 6.0846717071e+01 5.3531606255e+01 9.7911133391e-01 3.1526269098e-02 1.4303109606e+02 7.2759713079e+01 -8.7657228884e-01 1.6534820568e+01 3.8010625976e-03 3.8825214839e-03
7.8759738247e+01 4.8726916530e+01 5.3622983188e+01 6.1867798972e-01 6.1753875708e-02 2.8630594980e+02 7.7829372456e+01 -9.7821837378e-01 9.0651488881e+00 3.6360734985e-03 3.7087327149e-03
7.2675800941e+01 4.9391785760e+01 5.1964489046e+01 6.7961804508e-01 1.4621613866e-01 7.1676878361e+02 6.1696147771e+00 8.5459287528e-01 8.5728461432e+00 9.1456744312e-03 1.3533777086e-02
3.1457955285e+01 2.3770257003e+01 2.3758905150e+01 7.5561989925e-01 2.3662413150e-02 1.0673334756e+02 8.6820271267e+01 -8.9589458310e-01 9.1156948830e+00 5.9387949152e-03 6.0447732128e-03
4.1944509843e+01 3.4353546582e+01 3.3013025454e+01 8.1902367462e-01 4.4781142695e-02 2.0513032128e+02 2.9886579343e+01 7.7405593709e-01 8.6186532420e+00 7.1211151150e-03 7.5153391742e-03
3.4803864697e+01 3.3896091037e+01 2.9900259807e+01 9.7391744659e-01 4.3916131744e-02 2.0104286311e+02 9.3685713981e+00 -7.7991072067e-01 1.0566658280e+01 1.1710633036e-02 1.4429818259e-02
3.3404356078e+01 2.2147633429e+01 2.3579703256e+01 6.6301632570e-01 2.0464001401e-02 9.2087275741e+01 1.7690123252e+02 8.8970740180e-01 8.0962952375e+00 4.5781145585e-03 4.6175482742e-03
4.4192465454e+01 2.5958228656e+01 2.9279764298e+01 5.8739037049e-01 6.9149655352e-02 3.2225204211e+02 3.4787904781e+00 8.9598702885e-01 8.2025110749e+00 1.6948502933e-02 1.0000000000e+00
3.4830852613e+01 2.6587002103e+01 2.6443635167e+01 7.6331757935e-01 3.3642681502e-02 1.5286950983e+02 2.5284722683e+01 -7.2332626185e-01 8.5228782304e+00 8.7683257485e-03 9.3532598550e-03
5.8117612891e+01 5.6506040933e+01 4.9886925439e+01 9.7227050669e-01 2.5290710584e-02 1.1421566150e+02 1.2789627286e+02 -6.4060385246e-01 1.0744990753e+01 3.2272152557e-03 3.2658993881e-03
3.0837864025e+01 2.8353282509e+01 2.5737196013e+01 9.1943081682e-01 2.0906560468e-02 9.4109777972e+01 1.6823084576e+01 -8.0571054291e-01 1.5987125039e+01 1.0471023081e-02 1.1593285671e-02
5.8588373635e+01 5.2780667184e+01 4.8397050520e+01 9.0087271432e-01 2.6234083970e-02 1.1855865658e+02 7.1956206995e+00 7.5237326021e-01 3.4656615443e+01 9.6711765941e-03 1.3112083382e-02
3.8707127656e+01 3.0554641556e+01 2.9896625181e+01 7.8938023579e-01 3.3279292620e-02 1.5117816036e+02 9.3332251756e+00 5.8171573945e-01 1.0979428965e+01 1.1803448409e-02 1.4559604902e-02
4.1734582459e+01 3.9333678184e+01 3.5268436632e+01 9.4247206672e-01 4.5143821270e-02 2.0684553693e+02 3.5767513770e+01 -8.2447292196e-01 9.3064337570e+00 6.3864724670e-03 6.6769114488e-03
3.3040707936e+01 2.2264761717e+01 2.3520514658e+01 6.7385849480e-01 2.7885686508e-02 1.2617627647e+02 5.0739836580e+00 4.5837036460e-01 9.0089020118e+00 1.7290003041e-02 3.0951153655e-02
2.9342822409e+01 2.3600747833e+01 2.2881998087e+01 8.0431076140e-01 2.1894997341e-02 9.8631652022e+01 9.6464029006e+01 7.9862037481e-01 8.2105741415e+00 5.8508785433e-03 5.9445406571e-03
4.1959432714e+01 3.3682166236e+01 3.2687795601e+01 8.0273168768e-01 3.9973825316e-02 1.8247565319e+02 8.0562088362e+01 -9.9978142013e-01 8.8587885424e+00 4.9544071993e-03 5.0499322575e-03
8.2692691660e+01 6.3007818018e+01 6.2722697399e+01 7.6195147060e-01 1.8153911501e-01 9.0919823852e+02 9.9411441799e+00 -9.2785351406e-01 8.2022923644e+00 6.6713171034e-03 8.0918707902e-03
2.3745335022e+01 1.9923108429e+01 1.8920286029e+01 8.3903252622e-01 2.1890024775e-02 9.8608887420e+01 4.2649795616e+01 -8.9828112206e-01 9.0394431841e+00 8.9483811496e-03 9.2850261564e-03
3.7010687842e+01 2.8745375666e+01 2.8349795200e+01 7.7667769345e-01 1.6684946298e-02 7.4870059980e+01 1.4030805334e+02 5.4752258434e-01 8.8166068114e+00 4.4609727352e-03 4.5096202842e-03
2.6952279463e+01 2.2478270223e+01 2.1409964409e+01 8.3400256568e-01 2.6000562791e-02 1.1748305028e+02 4.9676007319e+01 -9.3400435576e-01 8.9049408677e+00 7.8030344065e-03 8.0525879634e-03
4.2928164770e+01 2.7332785407e+01 2.9669684259e+01 6.3670985130e-01 7.0810691295e-02 3.3037271926e+02 4.2128259836e+00 -8.9693730901e-01 8.8197553355e+00 1.5629304710e-02 4.7879045622e-02
7.2127094959e+01 5.0725584797e+01 5.2495052583e+01 7.0328057474e-01 1.0331326255e-01 4.9272265681e+02 4.7815830854e+00 -9.5148664271e-01 1.4639963389e+01 1.0240486619e-02 2.0197345858e-02
2.2206078777e+01 1.5802086598e+01 1.6260594016e+01 7.1161085023e-01 1.3167445759e-02 5.8930191014e+01 1.8024163979e+02 8.8466535397e-01 8.2855518796e+00 5.7605512958e-03 5.8092360673e-03
3.6641427853e+01 2.9539278253e+01 2.8607313940e+01 8.0617159276e-01 1.4736983868e-02 6.6032461283e+01 2.4998082354e+02 6.0089385175e-01 8.1065754226e+00 3.5763220924e-03 3.5980207759e-03
3.4025459903e+01 2.9875007094e+01 2.7743829462e+01 8.7801920029e-01 2.1991830817e-02 9.9074992262e+01 1.7313392540e+02 -8.6634049734e-01 8.6729259670e+00 4.1652759906e-03 4.2019470528e-03
3.1596991829e+01 2.7455299775e+01 2.5628064337e+01 8.6892131768e-01 1.0572721064e-02 4.7225122825e+01 4.5628062100e+02 9.8862046087e-01 1.1068642880e+01 3.0648316488e-03 3.0749682809e-03
6.1460074620e+01 5.5136810390e+01 5.0662129852e+01 8.9711590378e-01 8.4469151266e-02 3.9780222607e+02 3.9287135554e+00 -8.0014011516e-01 1.4943997613e+01 1.1393022421e-02 1.0000000000e+00
8.5981096723e+01 4.6400877560e+01 5.4474309513e+01 5.3966370898e-01 3.5660824999e-02 1.6227845663e+02 8.8729963320e+00 -6.6701050858e-01 2.5324038663e+01 8.2558839176e-03 1.0336331028e-02
7.3755839351e+01 4.0194883243e+01 4.6971766359e+01 5.4497221640e-01 8.4206586529e-02 3.9649505276e+02 2.3533735009e+01 -9.0334327732e-01 8.8331239634e+00 6.1051113249e-03 6.5468618287e-03
3.1234656545e+01 2.2742801416e+01 2.3144400231e+01 7.2812714889e-01 3.5939822330e-02 1.6358128933e+02 2.2034232090e+00 -9.5420208260e-01 8.5242277713e+00 2.3762724688e-02 1.0000000000e+00
3.9464337984e+01 3.7757365944e+01 3.3602843598e+01 9.5674646712e-01 2.8626541803e-02 1.2959914226e+02 1.4731354399e+02 -9.2912013577e-01 9.1083307533e+00 3.9100619729e-03 3.9506352236e-03
3.8832719534e+01 3.2875009830e+01 3.1083150009e+01 8.4658015777e-01 4.7583367012e-02 2.1840497895e+02 9.3917127961e+00 8.7880853316e-01 1.1460706736e+01 1.1394504130e-02 1.4030630902e-02
3.2769586592e+01 2.9686160745e+01 2.7145666953e+01 9.0590586677e-01 3.7737436513e-02 1.7198779710e+02 3.4779726599e+01 -8.9474741299e-01 8.7506597791e+00 7.6349453214e-03 7.9928922487e-03
3.3395795375e+01 1.8944280402e+01 2.1723763862e+01 5.6726543536e-01 2.0795689964e-02 9.3602975661e+01 9.7797136915e+01 8.4590643262e-01 8.5292924781e+00 6.0169617696e-03 6.1119312659e-03
2.7912129633e+01 2.6032272610e+01 2.3463551963e+01 9.3265089237e-01 3.4683381830e-02 1.5771811123e+02 1.1152185935e+01 -9.2856696869e-01 1.0797499312e+01 1.2835416713e-02 1.5161962738e-02
1.6973064652e+01 1.4970208250e+01 1.3871294173e+01 8.8199795127e-01 1.6371349486e-02 7.3445607351e+01 2.1874571820e+01 8.6291196245e-01 8.9437996700e+00 1.4002724203e-02 1.5104331290e-02
7.7921614709e+01 6.2377455679e+01 6.0617832203e+01 8.0051543993e-01 1.0065277822e-01 4.7919008109e+02 1.7218127833e+01 8.1720188639e-01 1.0147414953e+01 5.7978811754e-03 6.4021420065e-03
2.3795259995e+01 1.9489484863e+01 1.8728694967e+01 8.1904904029e-01 2.4911376943e-02 1.1247098798e+02 1.0736433457e+01 6.6713217208e-01 8.2520740404e+00 1.5078289771e-02 1.7958222163e-02
3.3507002155e+01 2.9328598722e+01 2.7278154056e+01 8.7529760456e-01 1.7031505744e-02 7.6445003101e+01 1.9904953062e+02 7.7970890433e-01 9.3893520489e+00 4.0072085331e-03 4.0378300575e-03
8.6233833277e+01 5.6266401749e+01 6.0366081352e+01 6.5248638046e-01 7.2897933344e-02 3.4060166062e+02 5.0249351046e+00 -8.4009265462e-01 2.1443741737e+01 9.3735089979e-03 1.7014335178e-02
4.1792024558e+01 3.2531064085e+01 3.2048688202e+01 7.7840364110e-01 1.3648821300e-02 6.1106694137e+01 1.6191476872e+02 7.4939886457e-01 1.4382681579e+01 3.9230803940e-03 3.9600539377e-03
3.2014716680e+01 3.1785862832e+01 2.7770600825e+01 9.9285160478e-01 6.0395169760e-02 2.7973983466e+02 4.4791750266e+00 -8.9243933670e-01 9.2619525819e+00 1.6016342417e-02 3.7032010565e-02
3.9230164861e+01 3.7866963519e+01 3.3552178857e+01 9.6525119515e-01 6.2252701013e-02 2.8871952749e+02 3.8790142867e+00 -8.8640592176e-01 1.1702499004e+01 1.5003147127e-02 1.0000000000e+00
8.0212514394e+01 7.4847562155e+01 6.7445328624e+01 9.3311577028e-01 1.7752212027e-01 8.8696293956e+02 3.4570805995e+00 -7.9109924390e-01 1.0761169047e+01 9.4941061980e-03 1.0000000000e+00
3.2519797234e+01 3.1174212891e+01 2.7717003524e+01 9.5862260966e-01 2.3012065761e-02 1.0374979621e+02 1.1527478859e+02 7.9879803603e-01 9.1048168182e+00 4.8515272154e-03 4.9162058095e-03
3.0115643113e+01 2.8755131572e+01 2.5616780703e+01 9.5482375933e-01 4.6255046617e-02 2.1210615184e+02 7.1130681773e+00 -8.7236256207e-01 9.6099475905e+00 1.4282296872e-02 1.9470346631e-02
3.9530361681e+01 3.3807245674e+01 3.1805263584e+01 8.5522227059e-01 4.2008059377e-02 1.9204374938e+02 1.0690282797e+01 8.6482676020e-01 1.2709435207e+01 1.0735406580e-02 1.2798166810e-02
7.0920260883e+01 5.5253066322e+01 5.4410474632e+01 7.7908718375e-01 7.7176728676e-02 3.6165603998e+02 3.8171577089e+01 -7.6855962676e-01 8.2560122408e+00 4.6643086509e-03 4.8620053960e-03
6.2227887928e+01 5.5787394944e+01 5.1277286540e+01 8.9650150121e-01 1.0936488427e-01 5.2366354895e+02 1.2943977745e+01 -9.5913874254e-01 9.7444141008e+00 7.1288697130e-03 8.1888340586e-03
3.4573118952e+01 3.4454056055e+01 3.0045769407e+01 9.9655620029e-01 1.7741271030e-02 7.9673041906e+01 2.7782781302e+01 -5.6168559306e-01 1.5145055090e+01 7.8907248606e-03 8.3643905871e-03
7.9757834250e+01 7.1169800185e+01 6.5567361331e+01 8.9232363008e-01 1.1891076434e-01 5.7291654345e+02 3.8788322346e+00 -9.2705053354e-01 1.7943045947e+01 9.5550044901e-03 1.0000000000e+00
6.9966828025e+01 4.9435187088e+01 5.1045174082e+01 7.0655178294e-01 8.0213501904e-02 3.7666820178e+02 9.8065280180e+00 -6.5421701126e-01 1.0117947837e+01 8.0665407821e-03 9.8183128008e-03
3.1863398223e+01 2.9954633157e+01 2.6892465730e+01 9.4009537049e-01 5.0129787417e-02 2.3051179220e+02 3.8367042567e+00 8.6585276840e-01 9.8409326343e+00 1.7423699430e-02 1.0000000000e+00
3.0858998668e+01 2.9216522032e+01 2.6137659651e+01 9.4677479157e-01 1.6680696646e-02 7.4850752366e+01 3.0882776756e+01 5.6571740231e-01 1.3203183927e+01 8.2793275945e-03 8.7213938284e-03
3.7929798770e+01 3.3286798420e+01 3.0919701675e+01 8.7758963927e-01 2.1683790513e-02 9.7664883419e+01 4.1639552884e+01 7.5221226667e-01 1.4440215875e+01 6.6433341531e-03 6.8997633937e-03
4.0519799137e+01 3.6446159640e+01 3.3445038283e+01 8.9946545678e-01 7.9556727263e-02 3.7341659906e+02 3.5776245807e+00 8.3230787089e-01 8.4073969981e+00 1.5340410366e-02 1.0000000000e+00
4.3136385160e+01 2.6216713988e+01 2.9096451559e+01 6.0776335085e-01 1.5396270844e-02 6.9020701355e+01 2.2344533029e+02 9.5480548482e-01 1.2448596287e+01 3.6892175572e-03 3.7142926509e-03
8.3322629861e+01 4.3068267312e+01 5.1595171687e+01 5.1688559739e-01 1.6285014535e-02 7.3053562954e+01 1.4032344161e+02 -5.7137285403e-01 1.4658107201e+01 3.0688915596e-03 3.1023545194e-03
5.4064891604e+01 2.9292205550e+01 3.4325109340e+01 5.4179717523e-01 1.4817762551e-02 6.6398436967e+01 1.9111529068e+02 -7.5940384174e-01 1.2926891966e+01 3.5292706244e-03 3.5573759947e-03
8.0788403760e+01 7.1079779975e+01 6.5942240879e+01 8.7982651800e-01 1.6281220034e-01 8.0630458709e+02 3.2550590815e+00 5.5629228756e-01 8.3509570482e+00 9.9263678192e-03 1.0000000000e+00
3.3102137871e+01 1.7959667350e+01 2.1031650978e+01 5.4255309490e-01 3.8250550468e-02 1.7439123453e+02 8.3284990562e+00 -9.5814828274e-01 9.2520946306e+00 1.5301130006e-02 1.9557328712e-02
2.9964802673e+01 2.7880750235e+01 2.5159124919e+01 9.3044998625e-01 4.8690589512e-02 2.2366407227e+02 5.2981176685e+00 -8.6336883030e-01 9.3497628077e+00 1.6107785187e-02 2.7295349286e-02
3.2740545153e+01 3.0319486270e+01 2.7424190076e+01 9.2605318968e-01 4.4223463962e-02 2.0249455281e+02 3.1238877691e+01 9.5075838284e-01 8.2748665362e+00 7.8673853587e-03 8.2821912166e-03
6.2102134835e+01 5.9690488295e+01 5.3000845774e+01 9.6116644709e-01 1.0574426780e-01 5.0512542917e+02 1.1111961859e+01 -7.7231458870e-01 8.9934723002e+00 7.4094893699e-03 8.7591865420e-03
2.8071845720e+01 2.7487949796e+01 2.4182203005e+01 9.7919994537e-01 3.6718115842e-02 1.6721837289e+02 7.0548138594e+00 6.5951506719e-01 8.7334472614e+00 1.4937083692e-02 2.0444599954e-02
8.3158762599e+01 8.0251838202e+01 7.1115089187e+01 9.6504367902e-01 7.7080695105e-02 3.6118223923e+02 3.7008242341e+00 -6.6092956704e-01 2.2127508841e+01 9.4662412880e-03 1.0000000000e+00
3.9983793470e+01 2.9929167227e+01 3.0052156249e+01 7.4853245851e-01 5.2942177338e-02 2.4393162127e+02 1.5222431852e+01 -9.2318468562e-01 9.1410125238e+00 9.6786353591e-03 1.0850831671e-02
3.3577417992e+01 3.2011117011e+01 2.8539298210e+01 9.5335254840e-01 1.0633590700e-02 4.7499193843e+01 2.5657216547e+02 6.3401581924e-01 1.1505926105e+01 3.5558548859e-03 3.5768691142e-03
5.6562361205e+01 4.7660456224e+01 4.5166753335e+01 8.4261786829e-01 8.6982579769e-02 4.1033683733e+02 1.6818948312e+00 9.2492792376e-01 9.7670881115e+00 1.6801392144e-02 1.0000000000e+00
3.7550316951e+01 1.4069044586e+01 1.9550794107e+01 3.7467179316e-01 1.5282659123e-02 6.8505545047e+01 1.4135534116e+01 -7.9454523781e-01 1.5529922945e+01 1.3318614622e-02 1.5088068476e-02
3.9858143799e+01 2.4016812860e+01 2.6764143055e+01 6.0255723349e-01 4.7649769109e-02 2.1872015323e+02 1.0207197741e+01 -9.7882242412e-01 1.0171904089e+01 1.2126204270e-02 1.4612650096e-02
3.5605931235e+01 2.7438428646e+01 2.7164374124e+01 7.7061398743e-01 1.9855195693e-02 8.9307152681e+01 6.9943298866e+01 7.6005910327e-01 1.1684120516e+01 5.9368293560e-03 6.0693943637e-03
4.7211082961e+01 4.1777986952e+01 3.8648046770e+01 8.8491905569e-01 4.2671923203e-02 1.9517207624e+02 1.4388160105e+01 -3.7705859107e-01 8.2830945916e+00 8.4990767595e-03 9.6033274356e-03
2.9846999432e+01 2.3445190880e+01 2.2995346399e+01 7.8551249126e-01 1.6274208192e-02 7.3004495187e+01 4.6223926505e+01 -8.2050702071e-01 1.3980438700e+01 7.7123884005e-03 7.9786511005e-03
4.2344668488e+01 3.7785893484e+01 3.4811073978e+01 8.9234122813e-01 3.9429408340e-02 1.7991953341e+02 1.2222315534e+01 7.4476620599e-01 1.2862859635e+01 9.6642447449e-03 1.1213151166e-02
3.8365200758e+01 3.1220515281e+01 3.0096951259e+01 8.1377171666e-01 6.4539611670e-02 2.9980499631e+02 1.2239279333e+01 9.7759229967e-01 8.4549152315e+00 1.0422204573e-02 1.2089534417e-02
6.1381615246e+01 5.2372193740e+01 4.9327630875e+01 8.5322280180e-01 3.5236567660e-02 1.6029827957e+02 1.1424648201e+02 7.7886465308e-01 9.6643387787e+00 3.3701444515e-03 3.4154883000e-03
3.8482743683e+01 3.7279045791e+01 3.2972239407e+01 9.6872109999e-01 1.2552413104e-02 5.6151628498e+01 1.5227366686e+02 -4.5524023671e-01 1.1537471385e+01 3.9464601090e-03 3.9860524504e-03
3.4304954307e+01 2.8055175187e+01 2.6979909988e+01 8.1781701080e-01 2.2282021423e-02 1.0040396740e+02 9.5876482353e+01 7.2083802728e-01 8.9278922410e+00 5.2892816864e-03 5.3744879829e-03
5.0367455605e+01 3.0898199534e+01 3.4140391992e+01 6.1345563644e-01 4.2573979482e-02 1.9471035596e+02 4.4248707034e+01 -9.2913350421e-01 9.9426592384e+00 6.0269613732e-03 6.2449526865e-03
1.9697622414e+01 1.6953338021e+01 1.5899532166e+01 8.6067940917e-01 1.6819686759e-02 7.5482294138e+01 9.0996416945e+01 9.9502444310e-01 8.5983150548e+00 7.5317162701e-03 7.6597579918e-03
3.3717566576e+01 3.0515946740e+01 2.7917563189e+01 9.0504594008e-01 3.0844035825e-02 1.3986591670e+02 4.1854262496e+01 -7.2599971967e-01 8.7208678454e+00 7.0282841886e-03 7.2980805598e-03
3.2836304537e+01 2.1534443814e+01 2.3047281080e+01 6.5581203846e-01 3.4900845324e-02 1.5873216513e+02 1.7435327490e+01 9.2126352329e-01 9.3673703677e+00 1.0975780849e-02 1.2102598379e-02
2.6587476204e+01 2.4420106085e+01 2.2178279305e+01 9.1848153988e-01 2.9510022317e-02 1.3368568822e+02 1.8723301560e+01 7.4351242817e-01 8.5046700311e+00 1.0981920965e-02 1.2017656132e-02
5.0724858126e+01 3.9726111271e+01 3.9020739198e+01 7.8316850432e-01 1.6823617471e-02 7.5500156344e+01 7.0015834656e+01 -3.6136369601e-01 1.2608340465e+01 4.7411527037e-03 4.8469049188e-03
4.0361052711e+01 3.9577485708e+01 3.4793263877e+01 9.8058606131e-01 4.6957347238e-02 2.1543500582e+02 6.3566467637e+01 9.6551373594e-01 8.5068652221e+00 5.1858519457e-03 5.3137968937e-03
8.2583135430e+01 8.1437327080e+01 7.1391962538e+01 9.8612539540e-01 5.7673580076e-02 2.6662274150e+02 2.4239211700e+01 6.3563837507e-01 1.4989211337e+01 4.7203662665e-03 5.0506530383e-03
2.9710082258e+01 2.7514530052e+01 2.4886452898e+01 9.2610076985e-01 5.8251243286e-02 2.6940292740e+02 6.5504840108e+00 -9.4143605397e-01 8.0779685338e+00 1.4892697014e-02 2.1212526539e-02
3.0754972782e+01 2.9671306415e+01 2.6296989849e+01 9.6476451548e-01 5.0268513171e-02 2.3117255545e+02 1.2422376333e+01 -9.0919940502e-01 8.3682758841e+00 1.1372082379e-02 1.3156148341e-02
3.1990535909e+01 3.0543385803e+01 2.7210723101e+01 9.5476318027e-01 3.5082619463e-02 1.5958003354e+02 1.3312073449e+01 -9.3054762613e-01 1.2506552991e+01 1.0946030819e-02 1.2515736430e-02
5.7889672443e+01 5.1773097767e+01 4.7644338717e+01 8.9434083113e-01 2.8074268118e-02 1.2704720917e+02 1.0135638672e+01 1.3025685664e-01 1.3839506091e+01 8.5793463865e-03 1.0356212580e-02
5.3151496453e+01 4.6835914493e+01 4.3417782217e+01 8.8117772065e-01 4.2868545962e-02 1.9609917107e+02 1.0327716509e+01 -6.2444271251e-01 1.4346501802e+01 8.9481524471e-03 1.0752695807e-02
7.0970165148e+01 6.0143220223e+01 5.6836599947e+01 8.4744371241e-01 9.7993226083e-02 4.6570518014e+02 4.3565437449e+00 6.6941640901e-01 1.3056549611e+01 1.0121039484e-02 2.5873852064e-02
4.4371021224e+01 2.0201423913e+01 2.5673164142e+01 4.5528417774e-01 1.9196125375e-02 8.6300276548e+01 1.2483528793e+02 7.0925362357e-01 8.8157289025e+00 4.9511775942e-03 5.0120148503e-03
3.6247879484e+01 3.0792034069e+01 2.9064703786e+01 8.4948511492e-01 2.8733203841e-02 1.3009223536e+02 3.0356661537e+01 -6.6243189019e-01 9.9578043233e+00 7.7407417419e-03 8.1619500282e-03
2.6145386446e+01 1.9666622212e+01 1.9700581145e+01 7.5220239153e-01 2.1862527560e-02 9.8483007041e+01 6.4411282657e+01 -8.8176506909e-01 8.4275990861e+00 7.4755012461e-03 7.6574078164e-03
4.5689344036e+01 4.0710888409e+01 3.7532917091e+01 8.9103683295e-01 2.3543176385e-02 1.0618612379e+02 1.1684120844e+02 -5.2039324078e-01 8.5172737138e+00 3.9925298675e-03 4.0450257496e-03
2.6673067915e+01 2.6244156707e+01 2.3032651908e+01 9.8391968973e-01 4.2186796728e-02 1.9288573233e+02 1.1785083426e+01 8.8202618150e-01 8.1758451511e+00 1.2661642603e-02 1.4791631268e-02
6.7766766246e+01 5.3553053462e+01 5.2371407873e+01 7.9025540732e-01 7.0189009868e-02 3.2733133472e+02 1.7032729569e+01 8.0890339802e-01 1.1994356099e+01 6.4914608022e-03 7.1768813149e-03
2.2607063971e+01 1.4980997291e+01 1.5953682620e+01 6.6266885917e-01 1.1109710837e-02 4.9643827180e+01 1.5517904945e+02 -9.0858062578e-01 1.0297743523e+01 6.1740666985e-03 6.2348264724e-03
4.5343329446e+01 4.1276670298e+01 3.7653660445e+01 9.1031405949e-01 3.6244517023e-02 1.6500470228e+02 3.4643850065e+01 6.4494137912e-01 1.0259432025e+01 6.2376001538e-03 6.5312843220e-03
2.6285535691e+01 1.9198396917e+01 1.9508212498e+01 7.3037875822e-01 2.6661713264e-02 1.2052926556e+02 1.4808725647e+01 -7.2798641426e-01 8.2036314753e+00 1.3015132169e-02 1.4646278244e-02
3.3539752958e+01 1.9411877754e+01 2.2049592945e+01 5.7877223421e-01 1.1124526452e-02 4.9710587016e+01 4.1652236168e+02 9.7739944004e-01 1.0120292902e+01 3.4827965757e-03 3.4954224305e-03
6.5391429015e+01 5.9051282305e+01 5.4082430848e+01 9.0304315404e-01 6.3193088757e-02 2.9327390856e+02 1.1990804962e+00 6.8653051530e-01 1.1556846596e+01 1.7280642995e-02 1.0000000000e+00
3.3797376068e+01 2.9773404361e+01 2.7604213603e+01 8.8093833975e-01 4.8597486824e-02 2.2322154809e+02 2.2829013197e+01 -9.5168407940e-01 8.2652935006e+00 8.7901835932e-03 9.4486614472e-03
2.9048754584e+01 2.7271485604e+01 2.4500158209e+01 9.3881772196e-01 4.1023523703e-02 1.8740958970e+02 4.6595386307e+00 9.2775725162e-01 1.1447363588e+01 1.7264291259e-02 3.5938691325e-02
3.4643958675e+01 2.8776834569e+01 2.7463506421e+01 8.3064510148e-01 1.2488006230e-02 5.5860801273e+01 1.1586189025e+02 -5.9439433752e-01 1.3015906792e+01 4.9017577484e-03 4.9667667485e-03
3.7322065360e+01 1.8195897472e+01 2.2401483811e+01 4.8753725970e-01 2.9384182282e-02 1.3310330012e+02 2.9772661928e+01 -8.8348939689e-01 9.0253875663e+00 9.1718130864e-03 9.6817104811e-03
2.7869657228e+01 2.0783609489e+01 2.0906876776e+01 7.4574327626e-01 1.1040529309e-02 4.9332111596e+01 4.5696527242e+02 -9.5196405100e-01 9.0697355109e+00 3.4777908953e-03 3.4892760117e-03
8.2316720977e+01 7.7705555566e+01 6.9619033591e+01 9.4398263978e-01 7.0178209178e-02 3.2727851715e+02 1.6284360066e+01 6.5606545437e-01 1.4317100808e+01 5.5257556065e-03 6.1418397753e-03
6.4626912317e+01 5.4486839434e+01 5.1621501625e+01 8.4309829267e-01 1.6877740688e-01 8.3886765724e+02 3.7603481559e+00 -9.6405720611e-01 9.5113299104e+00 1.0923421598e-02 1.0000000000e+00
3.6234440356e+01 1.2201521278e+01 1.7794579858e+01 3.3673822911e-01 1.3300526694e-02 5.9531751022e+01 9.1845555989e+01 -6.5268155602e-01 8.5463144972e+00 7.0106402738e-03 7.1286873075e-03
2.2889067422e+01 1.6879502703e+01 1.7072009835e+01 7.3744824949e-01 1.9883663682e-02 8.9437097334e+01 5.0772907769e+01 -8.5973549419e-01 8.0188658231e+00 8.9492507054e-03 9.2289182604e-03
3.4870619529e+01 3.4653126531e+01 3.0261790453e+01 9.9376285820e-01 2.2170454262e-02 9.9892961258e+01 7.1795806456e+01 -7.1417481164e-01 1.1158285726e+01 5.4874727191e-03 5.6067148209e-03
8.0320786701e+01 7.6665124013e+01 6.8309851665e+01 9.5448671710e-01 1.3836211071e-01 6.7494627879e+02 2.4727633654e+01 -9.3276101058e-01 8.4448518497e+00 4.5999162510e-03 4.9145893744e-03
8.0236313162e+01 6.0455911185e+01 6.0510650596e+01 7.5347319440e-01 1.7907184245e-01 8.9553057147e+02 4.9228050114e+00 8.1621967039e-01 9.1137257528e+00 8.8916723038e-03 1.6658924401e-02
2.8737412210e+01 2.8204955867e+01 2.4784304967e+01 9.8147166701e-01 2.3728591343e-02 1.0703710562e+02 3.2795180425e+01 -6.7195815520e-01 9.7559167997e+00 8.3323211048e-03 8.7488270393e-03
2.6085613259e+01 1.5859536952e+01 1.7598618702e+01 6.0798022246e-01 1.1911424569e-02 5.3258505216e+01 9.5946923997e+01 6.3622560087e-01 9.1154686529e+00 6.9505779995e-03 7.0624618613e-03
3.6767462811e+01 3.3963529843e+01 3.0758414038e+01 9.2373874198e-01 2.4731902159e-02 1.1164585948e+02 3.1046044519e+01 -3.4072780929e-01 8.2349323552e+00 7.4269331916e-03 7.8211922503e-03
3.9206641736e+01 2.7382571422e+01 2.8432794578e+01 6.9841665110e-01 3.6398888598e-02 1.6572609675e+02 1.5955706761e+01 7.7254032743e-01 1.0296162256e+01 9.9422727240e-03 1.1078691494e-02
3.6596589320e+01 3.6029074259e+01 3.1610997965e+01 9.8449267892e-01 2.3791399626e-02 1.0732542264e+02 6.2596044094e+01 -9.3408321184e-01 1.4551844444e+01 5.6160970971e-03 5.7569052175e-03
3.7533256081e+01 3.2666423504e+01 3.0467980719e+01 8.7033279056e-01 3.0803019813e-02 1.3967572293e+02 5.0881165693e+01 6.4282417813e-01 8.3181819986e+00 6.1847870640e-03 6.3776289131e-03
3.4451645380e+01 2.5930609290e+01 2.5967596173e+01 7.5266678860e-01 1.7386287665e-02 7.8058144097e+01 6.1119794371e+01 -6.2781222995e-01 1.1266203169e+01 6.4328587940e-03 6.5982267609e-03
3.1306581310e+01 2.9925941055e+01 2.6644872524e+01 9.5589936054e-01 3.7495168315e-02 1.7085360433e+02 2.5933939522e+00 9.9980424355e-01 1.2066829211e+01 2.0451267384e-02 1.0000000000e+00
4.4180615213e+01 3.7962887177e+01 3.5631979743e+01 8.5926569817e-01 2.7062710728e-02 1.2237824685e+02 1.6794001700e+02 -9.0517208466e-01 9.1770702725e+00 3.5920291231e-03 3.6246477342e-03
6.3118133488e+01 5.5812426143e+01 5.1650239178e+01 8.8425343176e-01 1.5071152954e-01 7.4086640488e+02 6.4210978515e+00 -9.8188087715e-01 9.3137639230e+00 9.0217961318e-03 1.3005943520e-02
7.7022251946e+01 7.1259162880e+01 6.4484719161e+01 9.2517631047e-01 1.8654289313e-01 9.3701992336e+02 2.9737767084e+00 -7.1892878007e-01 8.4363092055e+00 1.0282351597e-02 1.0000000000e+00
3.3379677256e+01 2.8976953918e+01 2.7061034137e+01 8.6810168042e-01 4.0084413932e-02 1.8299511917e+02 1.8710559401e+01 -8.3180553772e-01 9.0123324680e+00 9.6384032557e-03 1.0548159460e-02
7.5660741921e+01 5.4154498114e+01 5.5569685951e+01 7.1575425695e-01 1.7137963402e-01 8.5313521822e+02 5.5050048364e+00 -8.3116727188e-01 8.2284557094e+00 9.0297732884e-03 1.4685349101e-02
6.5190789776e+01 3.6805123012e+01 4.2299979398e+01 5.6457550427e-01 4.8758589118e-02 2.2398731489e+02 1.9295342300e+01 6.0020410557e-01 9.9397221994e+00 7.1695394071e-03 7.8221517800e-03
3.5511076318e+01 3.5439964579e+01 3.0883215696e+01 9.9799747721e-01 1.8168532857e-02 8.1617865401e+01 3.3314096241e+01 5.6528372597e-01 1.4638628575e+01 7.2438819396e-03 7.5998178977e-03
3.7623943866e+01 2.8290108898e+01 2.8344170981e+01 7.5191768835e-01 1.9265434352e-02 8.6616348743e+01 5.6736357789e+01 7.6132134218e-01 1.3502761721e+01 6.2553741123e-03 6.4292458566e-03
3.4398825566e+01 3.1797111749e+01 2.8786741363e+01 9.2436620222e-01 5.2748210112e-02 2.4300444092e+02 4.0260048116e+00 -8.0846345717e-01 1.0035227657e+01 1.6373621560e-02 1.0847445205e-01
3.5975006931e+01 2.4280280979e+01 2.5630302003e+01 6.7492081449e-01 5.9612104543e-02 2.7596090618e+02 3.5473861080e+00 -9.4095178307e-01 8.0272360678e+00 1.8387266627e-02 1.0000000000e+00
4.3545763841e+01 4.0423097820e+01 3.6519233215e+01 9.2829001617e-01 6.6481215195e-02 3.0924262271e+02 8.3392248065e+00 9.9768054364e-01 1.1991260035e+01 1.0652506911e-02 1.3609569844e-02
3.5435025791e+01 2.3632134820e+01 2.5089511546e+01 6.6691456525e-01 1.9440332391e-02 8.7414084743e+01 1.7513005195e+02 8.5266714066e-01 8.7444273277e+00 4.4233543135e-03 4.4618465065e-03
4.0933810538e+01 3.5497083949e+01 3.3167376691e+01 8.6718249492e-01 6.4281685905e-02 2.9855308079e+02 1.6803223477e+01 9.6189514097e-01 8.7183843136e+00 8.7105122662e-03 9.6454207188e-03
3.5315405258e+01 3.3327421723e+01 2.9863486862e+01 9.4370775246e-01 2.4043726792e-02 1.0848397629e+02 4.3732881105e+01 -9.5405895182e-01 1.5324205983e+01 6.6558852267e-03 6.8996583499e-03
8.5863807711e+01 6.5893455706e+01 6.5367452428e+01 7.6741828091e-01 1.2658911595e-01 6.1292685778e+02 1.2982153883e+01 -9.6372957515e-01 1.1453420033e+01 6.0598415220e-03 6.9574263017e-03
3.2982182842e+01 2.3758313402e+01 2.4304034621e+01 7.2033781135e-01 2.1601150153e-02 9.7286689821e+01 1.1360600684e+02 9.5556160465e-01 9.9905179295e+00 5.3002385273e-03 5.3719630505e-03
4.5394607260e+01 2.8354406444e+01 3.1061587703e+01 6.2462059164e-01 4.2505899141e-02 1.9438945247e+02 3.8819433905e+01 -9.0512767236e-01 9.0157289965e+00 6.7156559136e-03 6.9951776084e-03
4.2128449087e+01 3.7648689798e+01 3.4659278012e+01 8.9366427234e-01 6.1150293557e-02 2.8338761614e+02 2.3077446605e+01 9.5351123466e-01 8.8006919753e+00 7.5375043982e-03 8.0952058007e-03
2.9861519309e+01 2.5196382761e+01 2.3861960728e+01 8.4377430698e-01 3.7710356334e-02 1.7186100064e+02 3.9979409610e+00 -7.2493003243e-01 9.2682970609e+00 1.8625939086e-02 1.0000000000e+00
3.3755032655e+01 3.0510619248e+01 2.7930451060e+01 9.0388356486e-01 2.0849610667e-02 9.3849443422e+01 9.4194373047e+01 7.7026395254e-01 1.0548111129e+01 5.2150870259e-03 5.3006438923e-03
3.6289219126e+01 3.1202955971e+01 2.9277455661e+01 8.5984093135e-01 3.1958724006e-02 1.4503902785e+02 8.7008640388e+01 -9.2420813618e-01 8.8337300893e+00 5.1815842371e-03 5.2738432631e-03
5.7508748086e+01 4.0239368231e+01 4.1745470561e+01 6.9970864557e-01 4.7115785630e-02 2.1618643269e+02 5.3601181898e+01 -9.9158967129e-01 1.1282567473e+01 4.9329057019e-03 5.0784793557e-03
3.6597084487e+01 3.2558863693e+01 3.0040249050e+01 8.8965730875e-01 3.2984082020e-02 1.4980477589e+02 5.9092727346e+01 8.7349448591e-01 9.4905087694e+00 5.8914508130e-03 6.0483535158e-03
6.5109258110e+01 5.6557849135e+01 5.2801558649e+01 8.6866062948e-01 1.6399439235e-01 8.1274209376e+02 5.3932886713e+00 -9.0578335466e-01 8.7417575016e+00 9.4319632293e-03 1.5668658280e-02
3.9201085875e+01 3.7213878406e+01 3.3248046708e+01 9.4930733615e-01 1.9121632681e-02 8.5960600540e+01 1.5553344800e+01 -8.8426949014e-01 2.7050997313e+01 9.1990233303e-03 1.0283956827e-02
4.3183575967e+01 4.0587079650e+01 3.6442273320e+01 9.3987305916e-01 6.1694664368e-02 2.8601955925e+02 1.7574919711e+01 8.4003518688e-01 8.8865264378e+00 8.0878400161e-03 8.9102744669e-03
3.8608838603e+01 3.0650467903e+01 2.9907401439e+01 7.9387179235e-01 1.0524850698e-02 4.7009599692e+01 4.3766924183e+01 -2.7660819122e-01 1.5623631898e+01 6.7032811354e-03 6.9485861058e-03
8.2142094221e+01 5.6235110351e+01 5.8956417147e+01 6.8460770186e-01 2.9927340045e-02 1.3561778233e+02 1.4083052977e+02 8.3490500438e-01 1.1312307721e+01 2.7962332422e-03 2.8266111718e-03
2.4490702296e+01 1.5171226215e+01 1.6685467848e+01 6.1946881033e-01 1.2232673131e-02 5.4708126625e+01 4.2615869656e+01 -9.2113364136e-01 1.4030236906e+01 9.7402425612e-03 1.0106990281e-02
3.3413988921e+01 2.8154978727e+01 2.6681960835e+01 8.4261052440e-01 2.0601964515e-02 9.2717629704e+01 5.1293780825e+01 -6.2289126828e-01 1.0282472009e+01 6.7410125728e-03 6.9494093008e-03
2.7336812198e+01 2.3168688226e+01 2.1893835621e+01 8.4752706564e-01 2.8813771303e-02 1.3046474428e+02 6.9484156603e+00 -7.6060338377e-01 1.0820491370e+01 1.6062085481e-02 2.2152020176e-02
5.0511083804e+01 3.4470567064e+01 3.6193954520e+01 6.8243570456e-01 2.1101889703e-02 9.5002850045e+01 2.0259764476e+02 6.7740581305e-01 8.2462249211e+00 3.3274929824e-03 3.3524689192e-03
3.4148465687e+01 3.1186242317e+01 2.8403493248e+01 9.1325456911e-01 1.9504855111e-02 8.7708433918e+01 5.7489254068e+01 9.5382433294e-01 1.6387077215e+01 6.2154858431e-03 6.3858708527e-03
5.9701612491e+01 5.7034952778e+01 5.0796630641e+01 9.5533353955e-01 3.2044870387e-02 1.4543916091e+02 2.7813517908e+01 8.0134160522e-01 2.1142629951e+01 5.6313995691e-03 5.9690261333e-03
6.8164838066e+01 2.6924229169e+01 3.6525493632e+01 3.9498706273e-01 1.8389800711e-02 8.2625517742e+01 3.8122083919e+01 2.3794641925e-01 1.1375766423e+01 6.2002709881e-03 6.4634378699e-03
3.3891619000e+01 2.7981671504e+01 2.6784216020e+01 8.2562215467e-01 7.0526016055e-02 3.2897973199e+02 4.5018892186e+00 9.8917525575e-01 8.3465784076e+00 1.6254555153e-02 3.7005833453e-02
6.6901789486e+01 4.8659001454e+01 4.9544842820e+01 7.2731987931e-01 1.2768733605e-01 6.1867789407e+02 6.1376747845e+00 -8.5373255131e-01 9.1397323704e+00 9.5373411315e-03 1.4164480673e-02
4.0059758924e+01 2.2518071923e+01 2.5933409573e+01 5.6211201784e-01 3.8023743923e-02 1.7332865573e+02 1.1344699775e+01 7.2631720839e-01 9.0171478318e+00 1.1955880031e-02 1.4073063855e-02
4.5730447631e+01 2.1806234518e+01 2.7124624472e+01 4.7684279616e-01 5.3726522643e-02 2.4768332066e+02 1.5261764589e+01 -9.4959247230e-01 8.0978324872e+00 1.0304138393e-02 1.1548113604e-02
3.4463752233e+01 2.2214721274e+01 2.3972781540e+01 6.4458220113e-01 3.5380436060e-02 1.6096963844e+02 1.2710426068e+01 6.8855997384e-01 8.1110616548e+00 1.2053112586e-02 1.3888152590e-02
2.7555996264e+01 2.6431647039e+01 2.3493370735e+01 9.5919765649e-01 5.2066699560e-02 2.3974867480e+02 6.5948521314e+00 -9.9986859852e-01 8.7785361606e+00 1.5456137250e-02 2.1928586261e-02
3.7213249068e+01 2.8995390250e+01 2.8551767356e+01 7.7916846757e-01 4.6529017720e-02 2.1340437595e+02 2.7167078016e+01 -9.6238475884e-01 8.6970346820e+00 8.0730840661e-03 8.5699611007e-03
7.1579748990e+01 6.2453306872e+01 5.8178829871e+01 8.7249966301e-01 9.9958893358e-02 4.7566768717e+02 1.5066302520e+01 -7.8285062608e-01 9.7852105492e+00 6.2564767959e-03 7.0239496963e-03
3.7480604992e+01 3.7053412891e+01 3.2442176171e+01 9.8860231576e-01 2.6962084606e-02 1.2191416451e+02 1.4123264119e+02 -9.6755924639e-01 9.9590785647e+00 4.0647126128e-03 4.1087429059e-03
8.1706410700e+01 7.7618383936e+01 6.9322747005e+01 9.4996687862e-01 5.6192293885e-02 2.5950331659e+02 2.4032462621e+01 6.9771135573e-01 1.6101737349e+01 4.8276376508e-03 5.1687275565e-03
7.2709189022e+01 6.9253577778e+01 6.1770912696e+01 9.5247352790e-01 1.6552866712e-01 8.2110855382e+02 4.8229774633e+00 -7.3912799216e-01 9.3106074375e+00 8.9096505250e-03 1.7291529233e-02
5.3032656753e+01 4.2836830596e+01 4.1445782932e+01 8.0774438278e-01 1.6525342185e-02 7.4145007178e+01 1.8678780029e+02 -4.3689764460e-01 8.9169003260e+00 3.1607558740e-03 3.1865184813e-03
7.3296370939e+01 6.8687047825e+01 6.1762784587e+01 9.3711389725e-01 7.0786541650e-02 3.3025452923e+02 8.4173852916e+00 -9.1642064205e-01 2.0456757640e+01 7.6244879596e-03 9.7099088968e-03
8.5026126995e+01 8.2032932265e+01 7.2702672138e+01 9.6479676499e-01 1.0668593449e-01 5.0993931381e+02 1.2480980450e+01 5.0470907742e-01 9.1570791606e+00 5.8189315989e-03 6.7261917257e-03
6.7776878618e+01 5.4782801977e+01 5.2986588555e+01 8.0828157173e-01 1.3593446611e-01 6.6209139461e+02 5.7988942640e+00 8.8711878667e-01 9.9611236484e+00 9.2996536481e-03 1.4424278750e-02
4.0288724506e+01 3.9887530831e+01 3.4898217823e+01 9.9004203584e-01 7.5966358086e-02 3.5568864403e+02 1.0561544225e+01 9.9638247456e-01 9.2968955604e+00 9.9746288828e-03 1.1923870669e-02
7.4521515310e+01 6.4918675114e+01 6.0521990310e+01 8.7114003041e-01 7.6595706310e-02 3.5879032944e+02 4.8825990205e+00 3.5472940464e-01 1.1543550997e+01 9.4394772135e-03 1.7927956897e-02
7.8359802607e+01 5.0430962349e+01 5.4462479421e+01 6.4358204936e-01 5.9439895692e-02 2.7513038139e+02 2.5013320610e+01 5.5267958377e-01 9.6408636943e+00 5.5191589815e-03 5.8918496095e-03
2.6133420145e+01 1.8102043736e+01 1.8871229623e+01 6.9267794402e-01 3.1127633028e-02 1.4118127694e+02 1.3788331356e+01 9.6283160484e-01 8.8192681980e+00 1.3611577514e-02 1.5477813311e-02
6.1299656711e+01 2.3063646148e+01 3.1989016680e+01 3.7624429541e-01 2.3573959485e-02 1.0632739035e+02 6.5903632794e+01 4.3775343803e-01 8.1818604791e+00 5.4686441032e-03 5.5985700637e-03
4.5125188856e+01 4.2316421791e+01 3.8037603947e+01 9.3775611500e-01 3.1415691018e-02 1.4251786812e+02 3.3854507066e+01 3.3925795486e-01 8.2047759925e+00 6.2702557277e-03 6.5729862648e-03
7.3776825066e+01 3.9955317396e+01 4.6829560719e+01 5.4157003042e-01 4.8509106567e-02 2.2280152167e+02 8.5847166898e+01 -8.0559952846e-01 8.1878471181e+00 3.8445084834e-03 3.9139177257e-03
4.9170659886e+01 4.1570929186e+01 3.9331108357e+01 8.4544175902e-01 9.1861413958e-02 4.3477896184e+02 6.6782749182e+00 9.9367567897e-01 1.0320225662e+01 1.0891979577e-02 1.5342998602e-02
6.7418752922e+01 6.5737875283e+01 5.7954247203e+01 9.7506809952e-01 6.6155696086e-02 3.0765869709e+02 4.8314948168e+01 8.2094951556e-01 9.7790678444e+00 4.1311787434e-03 4.2672512382e-03
5.8985301833e+01 3.7393195090e+01 4.0674834926e+01 6.3394089592e-01 4.0217302265e-02 1.8361943850e+02 8.2055620396e+01 -9.3496720835e-01 1.0210849117e+01 4.2913995148e-03 4.3725824297e-03
4.4620609518e+01 3.7278048121e+01 3.5476260982e+01 8.3544461905e-01 3.7576722290e-02 1.7123536128e+02 5.6451252515e+01 7.9522574584e-01 9.4103672726e+00 5.3866574852e-03 5.5371782720e-03
2.9401268085e+01 2.7708054994e+01 2.4845163513e+01 9.4241020196e-01 1.4276406353e-02 6.3946604744e+01 9.1087814234e+01 7.3753062477e-01 1.3122023176e+01 5.7049162553e-03 5.8018013858e-03
3.5519617027e+01 3.3187751781e+01 2.9885945575e+01 9.3434993276e-01 2.9650657069e-02 1.3433666972e+02 5.9635816086e+01 -8.1741669708e-01 9.8346966136e+00 5.9021126125e-03 6.0577975547e-03
3.2548600456e+01 3.1526752177e+01 2.7886160992e+01 9.6860546186e-01 2.9919236903e-02 1.3558025556e+02 4.7765845326e+01 -7.0806277014e-01 8.4698558030e+00 6.6970224503e-03 6.9203021994e-03
6.0420632838e+01 3.7825794164e+01 4.1392403196e+01 6.2604101260e-01 2.2102819144e-02 9.9583215348e+01 2.7088542777e+02 9.6309949567e-01 9.1813505339e+00 2.7423103922e-03 2.7576516360e-03
3.7800372941e+01 2.9993966721e+01 2.9273813857e+01 7.9348335446e-01 1.9065897548e-02 8.5706480501e+01 1.0610414882e+02 6.7299087348e-01 1.0381865350e+01 4.8483629213e-03 4.9187357037e-03
4.5285059241e+01 2.0283273208e+01 2.5972691716e+01 4.4790210166e-01 2.4351057046e-02 1.0989564498e+02 1.1609247428e+01 5.6067224027e-01 1.1410736754e+01 1.1940310070e-02 1.3989880033e-02
4.0507532346e+01 3.7949510808e+01 3.4128625226e+01 9.3685071912e-01 1.0346460702e-02 4.6206583637e+01 1.2493619746e+02 -3.7867546998e-01 1.4377649192e+01 4.1655220467e-03 4.2166633368e-03
3.0070037442e+01 1.3493007027e+01 1.7263227131e+01 4.4871932909e-01 1.6963477094e-02 7.6135782895e+01 7.8764594651e+00 7.5294837675e-01 1.2470146575e+01 1.7907275460e-02 2.3360946642e-02
6.1222648264e+01 5.1297370503e+01 4.8748175959e+01 8.3788225367e-01 5.8357835106e-02 2.6991616658e+02 9.8819312989e+00 -4.0447875947e-01 9.4695712839e+00 8.3846655604e-03 1.0185478832e-02
5.6600308155e+01 3.5287303548e+01 3.8691090347e+01 6.2344719840e-01 2.6317435210e-02 1.1894266244e+02 1.6276079523e+02 7.0791720206e-01 8.1891500246e+00 3.4536764137e-03 3.4860538879e-03
4.9124552669e+01 3.0903854136e+01 3.3739443744e+01 6.2909181777e-01 2.2831171869e-02 1.0292042110e+02 9.0884544597e+01 8.8119154515e-01 1.3488257486e+01 4.6910850723e-03 4.7709363628e-03
5.4251173757e+01 4.7437282039e+01 4.4143120611e+01 8.7440102681e-01 3.9357014151e-02 1.7957977716e+02 3.5702953507e+01 -4.2505624329e-01 8.5728968318e+00 5.5736452660e-03 5.8276167426e-03
5.4180009062e+01 3.5430846570e+01 3.7971717115e+01 6.5394685574e-01 7.1604579119e-02 3.3426010087e+02 4.9970049398e+00 7.2653510671e-01 1.0213083658e+01 1.2559441504e-02 2.2986614012e-02
4.0797384663e+01 4.0230394026e+01 3.5268353005e+01 9.8610227980e-01 1.2883602424e-02 5.7647543061e+01 2.7485186921e+02 5.1633113489e-01 8.8859832269e+00 3.0315747612e-03 3.0482870034e-03
2.9655114573e+01 1.8838627126e+01 2.0471618277e+01 6.3525727002e-01 1.3487946237e-02 6.0379136868e+01 1.6557555895e+01 5.3145063708e-01 1.3214505784e+01 1.2209290582e-02 1.3543303044e-02
2.5317340425e+01 2.4016123605e+01 2.1464672799e+01 9.4860373175e-01 1.7958742031e-02 8.0662780914e+01 5.0969285388e+00 -7.9786143026e-01 1.8085832924e+01 1.8387428973e-02 3.2711076485e-02
4.2161035319e+01 3.9054918700e+01 3.5320263347e+01 9.2632731633e-01 6.3959822758e-02 2.9699141785e+02 1.4111124869e+01 8.1897588216e-01 8.5550530683e+00 8.9431786013e-03 1.0133925668e-02
4.6224665686e+01 4.5258568588e+01 3.9817726008e+01 9.7909996570e-01 4.9153529074e-02 2.2586528870e+02 8.9275597932e+01 -9.7696614812e-01 8.2445811462e+00 4.1910589341e-03 4.2637257832e-03
7.8172988175e+01 7.0347424958e+01 6.4539518521e+01 8.9989428062e-01 6.2700677805e-02 2.9088841923e+02 3.5627405415e+01 -6.1984143313e-01 1.0392951191e+01 4.3386412935e-03 4.5367931829e-03
1.8519496326e+01 1.4377706643e+01 1.4182718356e+01 7.7635516594e-01 1.1256947664e-02 5.0307348543e+01 6.3130054603e+01 -6.6844893308e-01 8.5015216473e+00 9.3098794603e-03 9.5412332909e-03
3.6636520465e+01 3.5886037738e+01 3.1565248644e+01 9.7951544750e-01 1.2016936490e-02 5.3734547160e+01 3.3245135345e+02 6.2271528833e-01 8.9938538064e+00 3.0270847586e-03 3.0408568431e-03
2.9427659292e+01 2.7517147047e+01 2.4769922641e+01 9.3507766874e-01 1.3090692573e-02 5.8583300904e+01 7.7435887634e+01 -9.9080236642e-01 1.9668275944e+01 6.0790298769e-03 6.2011466560e-03
3.7083241110e+01 3.2786308384e+01 3.0343420390e+01 8.8412736865e-01 7.1337477446e-02 3.3295175873e+02 4.8566320493e+00 -7.9447109506e-01 8.0658716676e+00 1.4606655035e-02 2.7998102795e-02
3.2176634358e+01 3.1806953000e+01 2.7849916174e+01 9.8851087552e-01 4.7625784686e-02 2.1860630907e+02 1.8182889089e+01 -9.8291835974e-01 9.3280366548e+00 9.5258418025e-03 1.0455990583e-02
3.2907736695e+01 3.0244976047e+01 2.7459482802e+01 9.1908405393e-01 2.8087195213e-02 1.2710691940e+02 1.4643025564e+02 -9.6235963143e-01 8.0086396069e+00 4.4474159147e-03 4.4938488239e-03
2.9754270575e+01 2.8097934247e+01 2.5169247820e+01 9.4433282026e-01 2.4335465094e-02 1.0982401096e+02 7.6396205685e+01 9.6820125833e-01 1.0629301593e+01 6.0075658945e-03 6.1299514820e-03
7.5636568613e+01 6.7931674814e+01 6.2383653652e+01 8.9813268977e-01 1.6260909755e-01 8.0519940371e+02 2.7613605666e+00 8.9691714087e-01 1.0767577502e+01 1.0931612943e-02 1.0000000000e+00
4.5153645457e+01 2.6550750915e+01 2.9933163604e+01 5.8800902223e-01 3.2893084137e-02 1.4938154904e+02 1.4720857526e+01 8.4020760622e-01 1.3375647820e+01 9.9441080335e-03 1.1199655866e-02
2.3658538583e+01 1.7058366198e+01 1.7442159647e+01 7.2102366501e-01 1.3241052948e-02 5.9262899739e+01 1.0684327967e+02 8.0430055898e-01 9.5700158816e+00 6.7076422600e-03 6.8043105561e-03
3.0735368913e+01 2.6771453466e+01 2.4959872023e+01 8.7103081605e-01 3.0898678568e-02 1.4011931563e+02 3.4825558263e+01 9.6963916571e-01 1.0357633674e+01 8.0755572370e-03 8.4536191025e-03
7.9473129536e+01 5.6057133472e+01 5.7929991464e+01 7.0535958253e-01 3.3408138382e-02 1.5177775826e+02 1.9914432130e+02 -9.5269324398e-01 8.2227416661e+00 2.4774116855e-03 2.4963339613e-03
2.9609483813e+01 1.8261361705e+01 2.0126310910e+01 6.1674029240e-01 3.3414022892e-02 1.5180514507e+02 4.3730289717e+00 8.5502701885e-01 9.2114655252e+00 2.0084141857e-02 5.0552565669e-02
3.4537754602e+01 2.7456502844e+01 2.6772769513e+01 7.9497069687e-01 2.1446883846e-02 9.6580830154e+01 1.3997738466e+02 9.7097009071e-01 1.0492652631e+01 4.6140347447e-03 4.6644727168e-03
4.7569506611e+01 4.5089869620e+01 4.0315003462e+01 9.4787339267e-01 2.1130513945e-02 9.5133745319e+01 2.6772860543e+02 8.6590049070e-01 8.7137486050e+00 2.8018361206e-03 2.8176971089e-03
4.6435982043e+01 3.4829026011e+01 3.4937905192e+01 7.5004392024e-01 2.7404823952e-02 1.2395655495e+02 6.7099674525e+01 -4.8650091826e-01 8.2219209426e+00 5.1286321303e-03 5.2482139859e-03
3.6542545815e+01 3.5730029797e+01 3.1456080001e+01 9.7776520492e-01 3.0318593596e-02 1.3743024592e+02 1.1149101736e+01 3.5479911349e-01 9.2313093461e+00 1.0716012272e-02 1.2659129794e-02
3.3180621891e+01 3.0198591356e+01 2.7550745524e+01 9.1012734647e-01 2.0964826014e-02 9.4376149497e+01 8.2096144743e+01 -6.8141280857e-01 9.7657119850e+00 5.5377662756e-03 5.6424739158e-03
4.1883780518e+01 3.2841549192e+01 3.2239488162e+01 7.8411138597e-01 3.4527388964e-02 1.5699089169e+02 2.6792595043e+01 9.4752615876e-01 1.3414975613e+01 7.5763297486e-03 8.0499233574e-03
4.5809570108e+01 3.4221324669e+01 3.4395393725e+01 7.4703439890e-01 3.0743083431e-02 1.3939781415e+02 1.2370356744e+01 -7.8269229205e-01 1.6821669356e+01 9.7441892995e-03 1.1281323639e-02
2.0410088557e+01 1.5568643258e+01 1.5489886073e+01 7.6279155843e-01 1.9526503206e-02 8.7807197578e+01 7.2953314355e+00 -7.2280211531e-01 8.9545420085e+00 1.9690178040e-02 2.6526464199e-02
8.2461164349e+01 7.9049065130e+01 7.0282582924e+01 9.5862174338e-01 1.9641721927e-01 9.9232376565e+02 5.0624037130e+00 -6.6030314659e-01 8.4236894497e+00 7.9401822640e-03 1.4259545069e-02
3.3614044816e+01 2.4723694539e+01 2.5037477225e+01 7.3551679586e-01 4.0691043252e-02 1.8584604395e+02 1.9335373108e+01 8.7677675361e-01 8.3591639570e+00 9.9906396345e-03 1.0897832360e-02
3.2028096613e+01 2.2608903710e+01 2.3355491488e+01 7.0590843982e-01 2.3022402290e-02 1.0379719441e+02 1.0240117527e+02 8.3940405311e-01 8.2093577015e+00 5.6446243281e-03 5.7295998074e-03
7.5764921738e+01 5.5495753853e+01 5.6313151585e+01 7.3247292520e-01 1.2160713813e-01 5.8692706601e+02 4.2194870252e+00 -5.1543751684e-01 8.8285666960e+00 1.0166389587e-02 3.0804261363e-02
1.8822585747e+01 1.3390192023e+01 1.3780786941e+01 7.1138961477e-01 1.2373575220e-02 5.5344160301e+01 1.5323077366e+02 9.5465784551e-01 8.1702662972e+00 6.7925326274e-03 6.8602443473e-03
3.2673306185e+01 1.9209820045e+01 2.1658311722e+01 5.8793621729e-01 3.3143715194e-02 1.5054735346e+02 1.7199643450e+01 8.8141425630e-01 8.7321117987e+00 1.1481142706e-02 1.2679265080e-02
7.5902675530e+01 6.6755148656e+01 6.1942109576e+01 8.7948347261e-01 1.3022202720e-01 6.3197832668e+02 8.6196342233e+00 7.5399668942e-01 9.5470896971e+00 7.2927920431e-03 9.2145535273e-03
3.6001257882e+01 2.3314266079e+01 2.5103251673e+01 6.4759587443e-01 4.0528424148e-02 1.8508156178e+02 4.5807900457e+00 -8.1726548220e-01 1.0692834472e+01 1.7118004752e-02 3.7136297401e-02
6.4742814179e+01 3.9593889660e+01 4.3813144342e+01 6.1155651268e-01 3.9164040925e-02 1.7867429305e+02 1.1303176771e+02 9.4786009591e-01 9.6560004966e+00 3.6352996563e-03 3.6847498960e-03
3.2944247772e+01 3.2873611868e+01 2.8648867594e+01 9.9785589567e-01 5.0183561191e-02 2.3076790683e+02 1.3678680758e+01 8.0125543485e-01 8.1568377606e+00 1.0397315923e-02 1.1837411863e-02
3.7574201206e+01 2.9864536784e+01 2.9123625435e+01 7.9481494815e-01 1.5262604262e-02 6.8414618075e+01 1.2776496132e+02 4.9208813618e-01 9.5900715009e+00 4.5472772937e-03 4.6018420677e-03
5.9613080036e+01 5.8587127776e+01 5.1447303024e+01 9.8278981292e-01 1.6027026368e-01 7.9248941104e+02 3.2221802693e+00 8.8200434093e-01 8.5871313360e+00 1.1652347985e-02 1.0000000000e+00
4.0594377578e+01 3.8695879223e+01 3.4501215718e+01 9.5323248025e-01 5.3182240989e-02 2.4507948068e+02 2.9081249566e+01 8.3995177034e-01 8.3361671423e+00 6.9639339049e-03 7.3612844662e-03
3.1167310876e+01 2.3230649198e+01 2.3374368416e+01 7.4535301715e-01 3.0700108472e-02 1.3919856544e+02 5.8022533705e+01 9.8284834182e-01 8.4958609961e+00 6.9486726917e-03 7.1373173579e-03
3.7696427178e+01 3.5632810537e+01 3.1903235320e+01 9.4525697007e-01 1.8672320786e-02 8.3912586767e+01 2.0462614405e+02 8.3346872311e-01 1.0159591950e+01 3.5924609179e-03 3.6191547224e-03
2.8791997014e+01 2.7968092292e+01 2.4703140338e+01 9.7138424536e-01 1.4781153206e-02 6.6232569355e+01 1.1495801255e+02 8.5724064761e-01 1.3323810354e+01 5.2452437677e-03 5.3153686801e-03
4.4274017857e+01 3.6432983063e+01 3.4930432165e+01 8.2289760057e-01 3.1428904618e-02 1.4257919240e+02 1.6187661671e+01 6.1838223403e-01 1.2899180129e+01 8.7211682089e-03 9.7005992051e-03
3.4628196230e+01 3.1183274597e+01 2.8598985924e+01 9.0051686174e-01 2.1759729449e-02 9.8012448762e+01 1.8751945070e+01 -7.9852069885e-01 1.7017307557e+01 9.4073269319e-03 1.0292956222e-02
4.1862114529e+01 3.3218401311e+01 3.2420109986e+01 7.9351943123e-01 6.0210538727e-02 2.7884848787e+02 5.4283718437e+00 8.6464151318e-01 1.0992338952e+01 1.3529773356e-02 2.2321641934e-02
8.3100120625e+01 7.9603895053e+01 7.0801413675e+01 9.5792755117e-01 1.2748473700e-01 6.1761641248e+02 2.6144723785e+01 -9.9046321037e-01 9.8163354612e+00 4.4315570627e-03 4.7162738803e-03
4.3359835005e+01 3.6668847688e+01 3.4688202549e+01 8.4568697467e-01 6.8483830107e-02 3.1900174848e+02 1.8263830577e+01 9.1233139108e-01 8.0655976570e+00 8.1889873022e-03 8.9843897660e-03
4.5631147491e+01 4.1262975016e+01 3.7765485819e+01 9.0427213176e-01 5.9260438061e-02 2.7426509824e+02 6.0886041251e+00 -6.0556770302e-01 9.9288818987e+00 1.1787330177e-02 1.7606115683e-02
5.0907078980e+01 1.5154718352e+01 2.3356381026e+01 2.9769373249e-01 3.9737624664e-02 1.8136641854e+02 1.6264796838e+01 9.0513542094e-01 8.3925233274e+00 1.1139653499e-02 1.2383468074e-02
4.7370451396e+01 3.9591944478e+01 3.7670580586e+01 8.3579411450e-01 5.5041794250e-02 2.5398340542e+02 2.8618236086e+00 8.7382299089e-01 1.3614273964e+01 1.5708498816e-02 1.0000000000e+00
7.7352448507e+01 6.8467213523e+01 6.3330193321e+01 8.8513311271e-01 9.0220246325e-02 4.2654066098e+02 5.5217938804e+00 1.7963229794e-01 8.1857145572e+00 8.6933569243e-03 1.4095618761e-02
2.6050901598e+01 2.4584987924e+01 2.2029465800e+01 9.4372886986e-01 2.0583755616e-02 9.2634425929e+01 3.4306228638e+01 -6.1784766581e-01 8.9564833910e+00 8.8358429999e-03 9.2563207711e-03
4.0999075587e+01 3.5222030445e+01 3.3062677613e+01 8.5909328297e-01 5.0306966207e-02 2.3135573263e+02 3.0822827520e+01 9.3009399244e-01 9.0409559693e+00 7.0094613717e-03 7.3845258720e-03
7.9541013128e+01 7.7319595991e+01 6.8269329462e+01 9.7207205378e-01 3.2998155746e-02 1.4987023697e+02 1.4842632467e+02 -7.2826424752e-01 8.7938992052e+00 2.4968985852e-03 2.5226100321e-03
3.8522763119e+01 3.6090872319e+01 3.2456766072e+01 9.3687133001e-01 3.5083111048e-02 1.5958232679e+02 2.9382785125e+01 -6.0338570002e-01 8.8168587969e+00 7.2855206065e-03 7.6964991029e-03
3.4474271963e+01 2.4318870944e+01 2.5130305690e+01 7.0542087066e-01 2.6781094088e-02 1.2107961414e+02 5.8292090060e+01 9.1567968339e-01 9.8976443274e+00 6.6453806255e-03 6.8249152193e-03
3.8953408003e+01 3.3036590523e+01 3.1208290160e+01 8.4810526770e-01 2.2457635116e-02 1.0120849044e+02 1.4802306710e+02 -6.8254176051e-01 8.2615819084e+00 4.1029871567e-03 4.1453543575e-03
8.3944160552e+01 8.2599265892e+01 7.2489400436e+01 9.8397869904e-01 1.0875588993e-01 5.2053988556e+02 4.8262665228e+01 9.6783755014e-01 8.3808954114e+00 3.5064889546e-03 3.6221182786e-03
5.7207073012e+01 4.9463347074e+01 4.6284026761e+01 8.6463691410e-01 2.2252251508e-02 1.0026760549e+02 1.7565837256e+02 8.6311384112e-01 1.2109048756e+01 3.0081650773e-03 3.0342622509e-03
2.4510631795e+01 2.3633278572e+01 2.0951678229e+01 9.6420519754e-01 2.5473806668e-02 1.1505811809e+02 3.9378051832e+01 -9.5445496879e-01 9.5814529164e+00 8.6319872653e-03 8.9857826198e-03
3.8640044440e+01 2.3197064309e+01 2.5895991934e+01 6.0033741279e-01 4.2020953175e-02 1.9210448160e+02 3.2531309741e+01 -9.6945843272e-01 8.1630114747e+00 8.0420086392e-03 8.4475734267e-03
3.6304704177e+01 3.5610186637e+01 3.1301022608e+01 9.8086976452e-01 1.8273115528e-02 8.2094093501e+01 2.6135690189e+02 8.5313053508e-01 9.0361107215e+00 3.3175597285e-03 3.3368029296e-03
2.3894674662e+01 1.9349182500e+01 1.8697922731e+01 8.0976965677e-01 1.9354390113e-02 8.7022063759e+01 6.4709366752e+01 8.9351350992e-01 9.0107628017e+00 7.7220740658e-03 7.9090761210e-03
3.6764363983e+01 3.5915802535e+01 3.1633292467e+01 9.7691891395e-01 1.9354395758e-02 8.7022089506e+01 1.8983045266e+02 8.0936809578e-01 9.8868774441e+00 3.7131290105e-03 3.7429016301e-03
6.9693324084e+01 4.8270389422e+01 5.0323808589e+01 6.9261138073e-01 2.8480054337e-02 1.2892206050e+02 1.3620870319e+02 5.7173085583e-01 8.4341119364e+00 3.1286937997e-03 3.1638607903e-03
3.8993525080e+01 3.0701083394e+01 3.0077925757e+01 7.8733798318e-01 1.0124397406e-02 4.5207272917e+01 1.5351289408e+02 1.5604957598e-01 9.3000713885e+00 4.1732769436e-03 4.2148006189e-03
3.5685848570e+01 2.5229103469e+01 2.6043174827e+01 7.0697782119e-01 1.9162266533e-02 8.6145880499e+01 7.9347885789e+01 5.8339263297e-01 8.9887779843e+00 5.8161311927e-03 5.9300492804e-03
4.6268571931e+01 4.4213786268e+01 3.9372546040e+01 9.5559003495e-01 4.8885211121e-02 2.2458930408e+02 4.7438843138e+01 -7.3894168728e-01 8.1278288156e+00 5.3508101955e-03 5.5305138662e-03
3.9520506852e+01 3.3561937593e+01 3.1683934424e+01 8.4922842004e-01 6.1346551719e-02 2.8433627501e+02 1.5165459069e+01 -9.4632956555e-01 8.6981288641e+00 9.3307103539e-03 1.0466026371e-02
3.4352558472e+01 3.0148702470e+01 2.8004188163e+01 8.7762611609e-01 5.5881883658e-02 2.5801318494e+02 2.4942600878e+00 -9.9645693712e-01 8.7568410739e+00 1.9897276633e-02 1.0000000000e+00
3.4077640982e+01 2.5810077032e+01 2.5768417089e+01 7.5739036766e-01 2.2668136174e-02 1.0217310952e+02 1.3403038936e+02 -9.9525935562e-01 9.9514272921e+00 4.7996047233e-03 4.8544482770e-03
6.7054960252e+01 5.9114822411e+01 5.4787982479e+01 8.8158761394e-01 8.0055420326e-02 3.7588531613e+02 1.0035456094e+00 -6.4047778171e-01 8.2077545792e+00 1.8145219731e-02 1.0000000000e+00
6.1751629074e+01 6.1126872670e+01 5.3485144866e+01 9.8988275429e-01 2.8854009798e-02 1.3065080562e+02 1.4994211718e+02 9.5541160402e-01 1.2279248152e+01 2.9045746762e-03 2.9341760664e-03
7.2004486993e+01 4.9119645779e+01 5.1584916985e+01 6.8217478980e-01 1.7584013322e-01 8.7767912356e+02 3.5140435140e+00 -9.1495641216e-01 8.4918399785e+00 1.1167312847e-02 1.0000000000e+00
8.4105017711e+01 7.9391989793e+01 7.1130718305e+01 9.4396258338e-01 7.6644681150e-02 3.5903180117e+02 1.6056869609e+01 2.5255216721e-01 8.2135837184e+00 5.4603051844e-03 6.0796249052e-03
4.0204927835e+01 3.6555661635e+01 3.3366657326e+01 9.0923336028e-01 3.0018528728e-02 1.3604011956e+02 1.5551663026e+01 8.8061676999e-01 1.7341260595e+01 9.1181313168e-03 1.0193667526e-02
4.0482437061e+01 3.8749313634e+01 3.4477720744e+01 9.5718826354e-01 3.7493459437e-02 1.7084560547e+02 4.5230359918e+00 -4.7243197025e-01 1.2444539414e+01 1.4131297178e-02 3.1733571659e-02
3.4689410618e+01 2.8698616632e+01 2.7443107269e+01 8.2730193800e-01 1.0549037068e-02 4.7118490234e+01 4.3043451882e+02 -7.3622421546e-01 9.1019590708e+00 3.0014866151e-03 3.0120136692e-03
4.0036784305e+01 2.4048295872e+01 2.6839517892e+01 6.0065502986e-01 2.4234810682e-02 1.0936161372e+02 2.6158760418e+00 5.0079980717e-01 1.0628850944e+01 2.0456456479e-02 1.0000000000e+00
2.4366872579e+01 2.3236280985e+01 2.0713462490e+01 9.5360128428e-01 1.1766827342e-02 5.2606242114e+01 3.0435789015e+02 7.3967817485e-01 8.3232525905e+00 4.0720989228e-03 4.0923511289e-03
3.5761124189e+01 3.1121887130e+01 2.9028399275e+01 8.7027149834e-01 2.6927224962e-02 1.2175340927e+02 1.6017664405e+02 9.8297291281e-01 8.6419974825e+00 4.1564190282e-03 4.1960242392e-03
3.8996491228e+01 2.8173393691e+01 2.8779543246e+01 7.2245970865e-01 4.7044179129e-02 2.1584680396e+02 2.0505078419e+01 9.8742113726e-01 9.5930132453e+00 8.9241557276e-03 9.6807405538e-03
3.3249274193e+01 2.4323439248e+01 2.4696815171e+01 7.3154797625e-01 2.6414462809e-02 1.1938973423e+02 1.1436035843e+01 -6.8362483838e-01 1.1465778979e+01 1.2376279424e-02 1.4544217769e-02
5.2446121961e+01 4.0970201302e+01 4.0292510986e+01 7.8118647804e-01 1.9094142186e-02 8.5835257161e+01 4.7608617206e+01 1.8346584593e-01 1.0823469055e+01 5.3627741371e-03 5.5421972138e-03
6.7627730669e+01 6.0165993176e+01 5.5511586261e+01 8.8966452933e-01 1.6355134109e-01 8.1032858129e+02 2.6153047334e+00 -9.2079431316e-01 9.0682824623e+00 1.1994831117e-02 1.0000000000e+00
4.6065636261e+01 3.7281810879e+01 3.6036780410e+01 8.0931935180e-01 3.3545859862e-02 1.5241878065e+02 5.7511859906e+00 -9.8794864008e-01 2.5191392618e+01 1.2591845283e-02 1.9667484011e-02
7.7743775190e+01 5.9280063970e+01 5.8990944190e+01 7.6250560029e-01 6.2151243145e-02 2.8822849332e+02 4.0049356599e+00 8.3131155599e-01 2.5999744543e+01 1.0419337265e-02 1.2847214171e-01
3.8524291794e+01 2.4608339910e+01 2.6671006775e+01 6.3877462152e-01 1.9771762081e-02 8.8926343669e+01 1.2906070186e+02 -9.1926421861e-01 1.1091802623e+01 4.7729181822e-03 4.8296029159e-03
7.8412914521e+01 5.7710841512e+01 5.8425201281e+01 7.3598643622e-01 7.3280467232e-02 3.4247930639e+02 2.9569685085e+01 -7.7471864195e-01 1.0417389924e+01 4.9207616452e-03 5.1964029894e-03
3.4573798199e+01 2.8697220289e+01 2.7397516016e+01 8.3002799184e-01 2.1766000629e-02 9.8041153075e+01 3.3014070511e+01 3.8457153507e-01 8.4058609320e+00 7.8161780158e-03 8.2040509088e-03
6.7484532841e+01 6.0361140762e+01 5.5544339107e+01 8.9444407809e-01 2.1173261744e-01 1.0791425556e+03 3.5622276009e+00 -9.3190453049e-01 8.2129086776e+00 1.0411085008e-02 1.0000000000e+00
2.6545385704e+01 2.2965279817e+01 2.1483088425e+01 8.6513264766e-01 3.2560606688e-02 1.4783567402e+02 2.5702169937e+01 9.8623009387e-01 8.9098173897e+00 9.9294319513e-03 1.0579725273e-02
4.6296611338e+01 3.7588820925e+01 3.6276671725e+01 8.1191300699e-01 3.5702497035e-02 1.6247302003e+02 6.2020128567e+01 -8.8769313442e-01 1.0857804582e+01 5.1337174024e-03 5.2636826672e-03
8.3572435069e+01 8.2781488742e+01 7.2408768889e+01 9.9053579896e-01 6.7093617126e-02 3.1222428910e+02 5.2278672667e+01 -9.6303072373e-01 1.2889286538e+01 3.4878113148e-03 3.5934900268e-03
4.2890010319e+01 2.0838881630e+01 2.5696327670e+01 4.8586795561e-01 2.4144362964e-02 1.0894616235e+02 5.0929762242e+01 8.0792104512e-01 1.0423400990e+01 6.9049609112e-03 7.1200404336e-03
3.6774855244e+01 2.7609258365e+01 2.7682651377e+01 7.5076456948e-01 3.3613439387e-02 1.5273337393e+02 9.0492313115e+01 -9.5492224805e-01 8.0440248121e+00 5.2824782194e-03 5.3727982338e-03
2.7995661248e+01 2.6674321809e+01 2.3788150740e+01 9.5280199215e-01 2.4113226013e-02 1.0880315426e+02 3.1443157527e+01 -9.5214152451e-01 1.2550595183e+01 8.6827145934e-03 9.1372404370e-03
4.1180252075e+01 3.8058742149e+01 3.4458650715e+01 9.2419886308e-01 1.5988048446e-02 7.1705429327e+01 8.2497698743e+01 4.6560980303e-01 1.2490746490e+01 4.8210125635e-03 4.9117087236e-03
3.7449769568e+01 2.8943067135e+01 2.8613565372e+01 7.7285033978e-01 2.3270347784e-02 1.0493436209e+02 1.1000579402e+02 -7.1109451965e-01 8.5773900458e+00 4.8393655610e-03 4.9070520348e-03
3.6033648498e+01 2.5282309879e+01 2.6193907441e+01 7.0163058510e-01 3.7580494794e-02 1.7125302155e+02 2.9445036179e+01 -8.3538262420e-01 8.2359227640e+00 8.3109831862e-03 8.7787116870e-03
8.1513397311e+01 6.2594056775e+01 6.2075462923e+01 7.6789900605e-01 1.9695846657e-01 9.9537046820e+02 6.5361026293e+00 9.3172658045e-01 8.7308066195e+00 7.7947423501e-03 1.1116902044e-02
8.3065817129e+01 4.0884521993e+01 5.0111709200e+01 4.9219430333e-01 1.6329744966e-01 8.0894601101e+02 6.3619613767e+00 -9.5192500156e-01 8.0932522992e+00 9.1633729460e-03 1.3286931660e-02
3.2041204836e+01 3.1066071683e+01 2.7465102201e+01 9.6956627701e-01 2.4740605549e-02 1.1168586806e+02 8.3062104754e+01 -7.0727123338e-01 8.4792010969e+00 5.5115362160e-03 5.6144940443e-03
4.0339787766e+01 3.5320364703e+01 3.2845950233e+01 8.7557140626e-01 5.3430319052e-02 2.4626604906e+02 1.2886406222e+01 8.6136033744e-01 9.9482325090e+00 9.7429737783e-03 1.1200016295e-02
6.0952916674e+01 5.2013678241e+01 4.8986592112e+01 8.5334190846e-01 1.3082010390e-01 6.3512214308e+02 1.2187853848e+01 -9.8476821328e-01 8.1250023759e+00 7.4135942143e-03 8.6062259601e-03
3.6852219498e+01 2.6857290661e+01 2.7319620105e+01 7.2878353129e-01 1.9608815337e-02 8.8182753194e+01 1.4299344283e+02 8.4416858266e-01 1.0160823437e+01 4.5249058630e-03 4.5733056457e-03
6.4546469390e+01 4.6889516355e+01 4.7770947496e+01 7.2644587377e-01 1.2553713681e-01 6.0742462693e+02 3.4557541774e+00 -8.4106086999e-01 9.4395987365e+00 1.2116853993e-02 1.0000000000e+00
3.7542323350e+01 3.1622000768e+01 2.9972976075e+01 8.4230271190e-01 2.1814818745e-02 9.8264611247e+01 2.1523827301e+02 9.8470975497e-01 9.4557912833e+00 3.6581553207e-03 3.6839796717e-03
3.8404450904e+01 3.3963623357e+01 3.1428810361e+01 8.8436685223e-01 4.4311723810e-02 2.0291156299e+02 4.6601877015e+01 9.5171220323e-01 8.7333439794e+00 6.2182854501e-03 6.4311132523e-03
8.5949701649e+01 7.8638018741e+01 7.1556102238e+01 9.1493067726e-01 1.5239792001e-01 7.4993616487e+02 2.5364631129e+00 -5.6458155191e-01 9.2044871770e+00 1.0415480805e-02 1.0000000000e+00
4.1596386244e+01 3.8377658509e+01 3.4776881340e+01 9.2262001522e-01 4.6038395243e-02 2.1107988324e+02 2.0359430650e+01 -7.8917966824e-01 1.0118861670e+01 7.9544420114e-03 8.6344317608e-03
4.1161102001e+01 4.0837093105e+01 3.5691453100e+01 9.9212827450e-01 5.0635122152e-02 2.3291934285e+02 3.6477651136e+01 -8.9438888547e-01 9.0415519982e+00 6.2719209803e-03 6.5511330974e-03
3.2561126312e+01 2.5651857831e+01 2.5123895215e+01 7.8780621976e-01 2.6947799737e-02 1.2184828887e+02 2.2835382667e+01 -7.2453660946e-01 1.0202665381e+01 9.4443167428e-03 1.0151570527e-02
3.0835141978e+01 2.9021231377e+01 2.6039641028e+01 9.4117391764e-01 2.0232867217e-02 9.1031506585e+01 1.1040995649e+02 7.2338979212e-01 9.0249436484e+00 5.1355115925e-03 5.2070704528e-03
5.0274111090e+01 4.7961596688e+01 4.2745356572e+01 9.5400188384e-01 7.5629846422e-02 3.5403119189e+02 2.7201257882e+01 -9.8193680380e-01 9.0787503653e+00 6.1638917726e-03 6.5427307876e-03
8.4645780196e+01 7.7506796264e+01 7.0498891461e+01 9.1566048638e-01 9.7330482867e-02 4.6235152677e+02 1.7162754608e+01 -7.9337091268e-01 1.2165005764e+01 5.2920725362e-03 5.8457584528e-03
4.3427871882e+01 3.2841273983e+01 3.2812804410e+01 7.5622572693e-01 2.1765744423e-02 9.8039980369e+01 1.7158947070e+02 9.0481620259e-01 1.0584312659e+01 3.7637006570e-03 3.7971393837e-03
2.9951602865e+01 2.9009658742e+01 2.5660449495e+01 9.6855112808e-01 3.1096532212e-02 1.4103700155e+02 2.0718574088e+01 6.8714396391e-01 8.9311476368e+00 9.6423646924e-03 1.0450060121e-02
2.8965487061e+01 2.6486705788e+01 2.4108018990e+01 9.1442293831e-01 2.5626136339e-02 1.1575918213e+02 8.8432244423e+01 -9.7386610993e-01 9.2346868128e+00 5.8374425894e-03 5.9396518525e-03
3.5967954001e+01 2.8085433753e+01 2.7626743845e+01 7.8084602067e-01 1.9213070387e-02 8.6377548534e+01 1.9107642112e+02 -7.3082307644e-01 8.1214446690e+00 4.0315439885e-03 4.0636558428e-03
6.1426151760e+01 5.4962243548e+01 5.0567178305e+01 8.9476944222e-01 9.7994770108e-02 4.6571299643e+02 1.8888055785e+01 8.7190606622e-01 8.6419318474e+00 6.2814137643e-03 6.8677326093e-03
6.0752781203e+01 5.0544676208e+01 4.8200095781e+01 8.3197304234e-01 2.7036035845e-02 1.2225521719e+02 6.0129219372e+01 -7.1867183722e-01 1.6118657182e+01 4.3713709951e-03 4.4856860836e-03
3.3241928648e+01 3.2507434991e+01 2.8616929833e+01 9.7790460159e-01 4.6882894447e-02 2.1508195403e+02 9.9748807696e+00 -8.3323193618e-01 9.7597653539e+00 1.1735582114e-02 1.4222356575e-02
3.1995969342e+01 2.9842458517e+01 2.6897148116e+01 9.3269430903e-01 1.2900177893e-02 5.7722430409e+01 1.6280553656e+02 8.4461379232e-01 1.4393629360e+01 4.3701792745e-03 4.4111373127e-03
3.2133718843e+01 3.0890326767e+01 2.7426402141e+01 9.6130569008e-01 1.5507511470e-02 6.9525189934e+01 3.7486940146e+02 9.4818211481e-01 8.5955204734e+00 3.1527044400e-03 3.1654129838e-03
5.5224076514e+01 2.0065565124e+01 2.8274886395e+01 3.6334813347e-01 3.0429848294e-02 1.3794581199e+02 4.5495791289e+01 7.7828627605e-01 9.3065451283e+00 6.7595762679e-03 6.9969240883e-03
2.3052971167e+01 1.6350225733e+01 1.6851714947e+01 7.0924591954e-01 2.3828332745e-02 1.0749497374e+02 6.6278884276e+00 9.6202603319e-01 1.0972668023e+01 1.9313479241e-02 2.7322700217e-02
7.9176664778e+01 7.4060156960e+01 6.6655573886e+01 9.3537858874e-01 7.2032580522e-02 3.3635751073e+02 2.7869468438e+01 -7.4903760442e-01 1.2106559612e+01 4.6368142748e-03 4.9141898149e-03
3.6129289103e+01 3.5408839336e+01 3.1136884072e+01 9.8005912143e-01 4.6287970792e-02 2.1226213886e+02 2.2721413844e+01 -7.6179654588e-01 8.2424904685e+00 8.1785911323e-03 8.7945730964e-03
6.9120211437e+01 6.0575010136e+01 5.6305956048e+01 8.7637188713e-01 1.0678683547e-01 5.1045544572e+02 1.0878070573e+01 -9.3431993012e-01 1.1521915231e+01 7.1874914297e-03 8.5356049481e-03
6.3374235389e+01 5.5418929033e+01 5.1568467650e+01 8.7447096904e-01 1.0040481627e-01 4.7793100686e+02 1.1332960448e+01 -8.7399060239e-01 1.0143073829e+01 7.5046688757e-03 8.8354881008e-03
2.5591487071e+01 2.2536227328e+01 2.0898109239e+01 8.8061421617e-01 3.5234095424e-02 1.6028674411e+02 1.1627436325e+01 -8.9295102685e-01 8.6642507263e+00 1.3579953349e-02 1.5906066550e-02
3.2728845120e+01 2.5213993998e+01 2.4965682402e+01 7.7039058071e-01 2.5855863261e-02 1.1681674035e+02 8.7976904567e+01 8.5354377447e-01 8.4182194542e+00 5.7215523046e-03 5.8222678116e-03
4.4569723854e+01 3.9174314953e+01 3.6360850404e+01 8.7894452928e-01 2.5643019205e-02 1.1583689128e+02 1.7923905270e+02 8.1941429717e-01 8.6272190566e+00 3.4642927927e-03 3.4937372793e-03
5.0156728918e+01 3.4360281364e+01 3.6011625482e+01 6.8505825848e-01 2.4760499638e-02 1.1177732101e+02 4.8679961541e+01 8.5778093056e-01 1.6257291801e+01 5.6852389081e-03 5.8710091604e-03
8.2666091609e+01 9.3997604898e+00 2.1950620441e+01 1.1370757111e-01 3.2085502758e-02 1.4562790723e+02 3.6069611532e+00 -6.5463827078e-01 8.2103560860e+00 2.0465207147e-02 1.0000000000e+00
8.0569808217e+01 5.1660437917e+01 5.5889739661e+01 6.4118854271e-01 9.9619060082e-02 4.7394364535e+02 7.3016483056e+00 7.4350093458e-01 1.1266183058e+01 8.4193572028e-03 1.1338033170e-02
3.6909929657e+01 3.1457958068e+01 2.9645161156e+01 8.5228984070e-01 2.3118903056e-02 1.0423973335e+02 1.5871846154e+02 -8.0394282620e-01 8.5223313337e+00 4.1258221049e-03 4.1655033535e-03
2.6312818838e+01 1.9738495816e+01 1.9798872149e+01 7.5014752081e-01 2.2495978105e-02 1.0138417491e+02 6.4895597753e+00 -5.3920825551e-01 9.2149276352e+00 1.7615754202e-02 2.5231089049e-02
6.8909175522e+01 5.5037270074e+01 5.3544337238e+01 7.9869291218e-01 9.3149598607e-02 4.4125693630e+02 1.5802031336e+01 -7.9751150313e-01 9.4803215507e+00 6.4980445071e-03 7.2496366412e-03
3.7959076823e+01 3.5243307371e+01 3.1836867819e+01 9.2845533454e-01 4.5604332784e-02 2.0902466025e+02 2.3279506489e+00 7.1385228467e-01 9.3989141890e+00 1.8961361217e-02 1.0000000000e+00
3.9371619877e+01 3.4151331717e+01 3.1905824313e+01 8.6740987096e-01 2.9679655020e-02 1.3447091398e+02 1.0971031180e+01 -5.1987810611e-01 1.1897041960e+01 1.0689819847e-02 1.2671464034e-02
1.8656392394e+01 1.8531523535e+01 1.6186871078e+01 9.9330691293e-01 1.6516704177e-02 7.4105771118e+01 1.0578698622e+02 9.8468069677e-01 8.5106123561e+00 7.0402042512e-03 7.1427056782e-03
3.7789625359e+01 3.5928010960e+01 3.2075185467e+01 9.5073742116e-01 3.8781718415e-02 1.7688104584e+02 4.3433854155e+01 7.4721725976e-01 8.3496892090e+00 6.3248711632e-03 6.5582257488e-03
4.3144794061e+01 3.7558680747e+01 3.5027149088e+01 8.7052636510e-01 7.7198934503e-02 3.6176560504e+02 1.0232667405e+01 8.8944773529e-01 8.3110197944e+00 1.0063220292e-02 1.2119370701e-02
3.3712295168e+01 3.1484774748e+01 2.8358792255e+01 9.3392557794e-01 4.8192217388e-02 2.2129592247e+02 1.2989267192e+01 8.0670295666e-01 8.5333649494e+00 1.0681225535e-02 1.2262209188e-02
3.9294015030e+01 1.8912269559e+01 2.3423298774e+01 4.8130153013e-01 1.8532975945e-02 8.3277710765e+01 2.1958950749e+02 9.3801962148e-01 8.5226552990e+00 4.2442594917e-03 4.2736201185e-03
3.7131717462e+01 3.3827117824e+01 3.0846416928e+01 9.1100331833e-01 1.4058592500e-02 6.2960667437e+01 3.0214031965e+02 9.1670459202e-01 1.1329361888e+01 3.1790702714e-03 3.1949981953e-03
4.5553226339e+01 3.8304806444e+01 3.6337455610e+01 8.4088020810e-01 3.8852148404e-02 1.7721131941e+02 1.7891153165e+01 -5.8915727892e-01 1.0342470757e+01 8.1585636774e-03 8.9706976671e-03
3.2727891154e+01 3.2096855725e+01 2.8215005639e+01 9.8071872621e-01 1.9485001322e-02 8.7617859053e+01 5.7274559682e+00 8.3738495415e-01 2.5987249013e+01 1.4821664193e-02 2.3232984852e-02
4.2244180003e+01 4.0025075901e+01 3.5794138594e+01 9.4746958986e-01 3.0066693601e-02 1.3626321559e+02 1.4183701899e+01 -9.1513266722e-01 2.0140913188e+01 9.0328824231e-03 1.0227814110e-02
4.4706419615e+01 3.6183584203e+01 3.4974371060e+01 8.0935992000e-01 6.4292259375e-02 2.9860439383e+02 8.1277980040e+00 -7.3008734874e-01 8.8354956001e+00 1.1064305132e-02 1.4264927498e-02
6.6625163654e+01 5.0220225627e+01 5.0255992363e+01 7.5377264193e-01 1.3819303232e-02 6.1877887773e+01 2.2955516809e+02 4.2846812029e-01 9.4747811794e+00 2.5978874645e-03 2.6150692498e-03
7.3199703979e+01 7.1902934599e+01 6.3156565154e+01 9.8228449967e-01 1.1654121649e-01 5.6063987080e+02 4.5222650383e+00 -5.5183053271e-01 1.0915912980e+01 9.2465335549e-03 2.0774393166e-02
2.7492501194e+01 2.5429404772e+01 2.3014586323e+01 9.2495784916e-01 1.6769255891e-02 7.5253131993e+01 2.0989094465e+02 -9.3430813009e-01 9.4085524015e+00 4.3692522425e-03 4.4008927894e-03
3.2815764971e+01 3.2360688049e+01 2.8368869097e+01 9.8613236895e-01 4.5188893326e-02 2.0705875565e+02 3.4056817160e+01 -9.4173706750e-01 8.1823159275e+00 7.4528300075e-03 7.8103251825e-03
7.8196090278e+01 6.6827233854e+01 6.2892019944e+01 8.5461093536e-01 5.6978632329e-02 2.6328090774e+02 1.9573138573e+01 8.6764520556e-01 1.8593655760e+01 5.5384019551e-03 6.0341498757e-03
4.2297638459e+01 3.8031053755e+01 3.4905876556e+01 8.9912948194e-01 4.2515151811e-02 1.9443306409e+02 3.8321354484e+01 8.6530953548e-01 9.9828948922e+00 6.2736075307e-03 6.5383928099e-03
6.5747415802e+01 3.0603540890e+01 3.8496302044e+01 4.6547138800e-01 1.1153963984e-01 5.3483651063e+02 4.6535966034e+00 -9.2331109751e-01 8.6802229122e+00 1.2499999269e-02 2.6096940346e-02
5.4353465699e+01 5.3094890528e+01 4.6765763298e+01 9.7684461966e-01 6.8315026077e-02 3.1817815817e+02 2.1637069013e+01 6.2232456119e-01 8.0340129798e+00 6.3764539720e-03 6.8844418362e-03
2.2895077194e+01 1.9524684741e+01 1.8394248105e+01 8.5278964451e-01 1.8686209185e-02 8.3975871489e+01 1.1158608988e+01 7.8357985525e-01 1.2128967254e+01 1.5087435584e-02 1.7820031227e-02
2.9548151515e+01 1.7325370604e+01 1.9558799413e+01 5.8634363627e-01 1.1736686784e-02 5.2470298866e+01 1.7603494786e+02 6.6383167011e-01 8.9909346504e+00 5.1828077570e-03 5.2276732062e-03
6.9902565155e+01 4.6020715629e+01 4.9162476936e+01 6.5835517662e-01 4.9864476729e-02 2.2924843838e+02 1.0306835628e+02 -9.9614848727e-01 9.1262620487e+00 3.4795202131e-03 3.5315532655e-03
1.4518401535e+01 1.1430565761e+01 1.1198707522e+01 7.8731572020e-01 1.2256103486e-02 5.4813882285e+01 2.6572128799e+01 8.5186881972e-01 8.4514591374e+00 1.4918474652e-02 1.5859686803e-02
8.5502040962e+01 7.2186966347e+01 6.8344076539e+01 8.4427185052e-01 1.0490037587e-01 5.0081592265e+02 4.2410750118e+01 -8.8329467527e-01 8.1725874548e+00 3.8269453433e-03 3.9717869695e-03
2.5318738386e+01 1.9374149522e+01 1.9246472408e+01 7.6520991000e-01 1.2750577402e-02 5.7046607758e+01 4.8734550224e+01 -7.8351902854e-01 1.3484382998e+01 8.4688288593e-03 8.7452265433e-03
3.6430595988e+01 1.9025810443e+01 2.2682729841e+01 5.2224812489e-01 1.7346156214e-02 7.7875630165e+01 6.3749581503e+01 9.1088908309e-01 1.3037219187e+01 6.8907135779e-03 7.0602100918e-03
5.1245550144e+01 3.9225396481e+01 3.8961195478e+01 7.6544005032e-01 1.9181367087e-02 8.6232977933e+01 2.0958015084e+02 -6.1480051675e-01 8.5807694284e+00 3.1413193818e-03 3.1641018669e-03
3.0821372174e+01 2.9902133099e+01 2.6427806439e+01 9.7017527092e-01 2.0862457902e-02 9.3908170087e+01 1.8340667348e+02 9.9778342559e-01 9.7576466089e+00 4.2048194150e-03 4.2397334292e-03
6.7235113470e+01 4.3763237793e+01 4.7006730676e+01 6.5089854890e-01 5.5633481434e-02 2.5682116779e+02 5.7869859943e+01 7.9564454041e-01 8.5320258620e+00 4.4279767233e-03 4.5485219890e-03
2.6433239107e+01 2.2595801274e+01 2.1262591718e+01 8.5482528958e-01 1.0175219649e-02 4.5435949661e+01 6.8167940968e+01 -2.7934269328e-01 9.4500233856e+00 7.0278115548e-03 7.1889983655e-03
3.2221463143e+01 2.9126256665e+01 2.6662340641e+01 9.0393960497e-01 3.8471413442e-02 1.7542629034e+02 1.9348992997e+01 -9.5779049777e-01 1.0424720478e+01 9.6159200439e-03 1.0488364535e-02
8.1874659835e+01 7.9893212938e+01 7.0407217673e+01 9.7579902132e-01 1.4131610000e-01 6.9063438294e+02 4.4227345584e+00 4.9539698982e-01 9.9435301391e+00 8.5930474738e-03 2.0725541294e-02
3.9787047147e+01 3.6690432014e+01 3.3255999694e+01 9.2217027009e-01 3.7763631346e-02 1.7211045269e+02 4.2497863715e+01 -7.4650460301e-01 8.9999361771e+00 6.2381066704e-03 6.4736873724e-03
6.1847659001e+01 5.8960568940e+01 5.2566814022e+01 9.5331933160e-01 4.1223592269e-02 1.8835079243e+02 4.1717027654e+01 3.8737966847e-01 8.9355679658e+00 4.7086178978e-03 4.8900062081e-03
3.9415762333e+01 3.3448952508e+01 3.1588428277e+01 8.4861868775e-01 1.8181973790e-02 8.1679066005e+01 1.7464000986e+02 -6.4357400437e-01 9.0730271445e+00 3.8372575511e-03 3.8707447130e-03
3.0892803272e+01 2.1137668943e+01 2.2166498348e+01 6.8422631501e-01 1.5509153322e-02 6.9532636535e+01 1.6785125962e+01 -4.3853670460e-01 1.1333415166e+01 1.1543458124e-02 1.2784044667e-02
2.9719946098e+01 2.0653515945e+01 2.1497346027e+01 6.9493786687e-01 1.3122455050e-02 5.8726848319e+01 3.0528170702e+01 6.4011188058e-01 1.4341128295e+01 9.4162657591e-03 9.9254741250e-03
3.9980943243e+01 3.8648593416e+01 3.4219597260e+01 9.6667537785e-01 5.8371832074e-02 2.6998356730e+02 2.1571685825e+01 8.3061098973e-01 8.1063755845e+00 7.8053697570e-03 8.4293672909e-03
5.3685669508e+01 3.6053986012e+01 3.8149611183e+01 6.7157560560e-01 6.5106984583e-02 3.0256038253e+02 3.8551203464e+01 9.9699775076e-01 8.3599211476e+00 5.8425767017e-03 6.0875838744e-03
3.2708745428e+01 3.2084558091e+01 2.8201352992e+01 9.8091680592e-01 2.4832038077e-02 1.1210620426e+02 8.9255719758e-01 -9.9269793856e-01 1.0317125633e+01 2.9672597998e-02 1.0000000000e+00
3.0840659011e+01 2.9808849825e+01 2.6394647330e+01 9.6654386714e-01 1.5562877376e-02 6.9776311307e+01 7.7208220422e+01 -7.8760487286e-01 1.4397015615e+01 5.8399313104e-03 5.9576038795e-03
3.1445840782e+01 1.8212142479e+01 2.0680295244e+01 5.7915902472e-01 1.9297259192e-02 8.6761491412e+01 6.3925328981e+01 8.5266840445e-01 9.8359728225e+00 7.2842087648e-03 7.4628693467e-03
4.0979305531e+01 3.0170582845e+01 3.0538952183e+01 7.3623948610e-01 3.3524170382e-02 1.5231781907e+02 4.3524979485e+01 7.4883333076e-01 9.0967624261e+00 6.5374675522e-03 6.7781260666e-03
2.7807557186e+01 2.1782187172e+01 2.1393420170e+01 7.8331897428e-01 1.7731912538e-02 7.9630457265e+01 3.7483459035e+01 -8.4458035962e-01 1.2697547765e+01 8.7203689819e-03 9.0973177872e-03
7.9625109016e+01 4.7582010007e+01 5.3234528393e+01 5.9757544566e-01 6.0077862880e-02 2.7820810002e+02 6.2751780805e+01 7.4086329622e-01 8.0372239144e+00 3.9637293011e-03 4.0628507590e-03
4.5002827687e+01 3.8789065883e+01 3.6352063924e+01 8.6192508063e-01 5.0724641916e-02 2.3334601033e+02 6.7065755588e+01 -9.9205365944e-01 8.3307133246e+00 4.9342561426e-03 5.0493665348e-03
8.2084639417e+01 8.1960646585e+01 7.1404833592e+01 9.9848945146e-01 9.3323425467e-02 4.4213184856e+02 4.4696377790e+01 8.4836044814e-01 8.9035594294e+00 3.6751151753e-03 3.8066212612e-03
3.4847302505e+01 3.1963952481e+01 2.9048777436e+01 9.1725758330e-01 3.4029800223e-02 1.5467225918e+02 3.4148917989e+01 -7.6811189509e-01 9.2240871230e+00 7.3852689599e-03 7.7384819279e-03
4.3600322791e+01 3.6194841799e+01 3.4553060247e+01 8.3015077600e-01 5.1892865084e-02 2.3891869617e+02 3.6232783887e+01 9.3389704193e-01 8.8666443216e+00 6.4116725943e-03 6.6991977110e-03
2.1734989023e+01 2.1389460858e+01 1.8770284025e+01 9.8410267587e-01 2.8896522399e-02 1.3084739392e+02 6.9462775053e+00 8.4947057197e-01 9.4777960287e+00 1.7685286702e-02 2.4394478288e-02
4.1165399112e+01 3.0304051144e+01 3.0675787746e+01 7.3615346379e-01 1.8834321496e-02 8.4650849003e+01 1.0793700214e+02 7.3863844643e-01 1.1830943954e+01 4.6791805637e-03 4.7459140247e-03
7.6891525241e+01 5.9109542973e+01 5.8588608358e+01 7.6873937391e-01 1.1351602391e-01 5.4501490376e+02 9.3698368906e+00 7.3914362272e-01 9.6915912270e+00 7.3867380459e-03 9.1015801781e-03
5.2722698310e+01 4.8150098763e+01 4.3853279211e+01 9.1327076016e-01 2.5518810299e-02 1.1526522150e+02 1.5569743302e+01 8.4595245868e-01 2.7750645680e+01 7.7041394080e-03 8.6115887400e-03
4.6932278108e+01 3.3913926678e+01 3.4640001326e+01 7.2261411645e-01 4.5479420907e-02 2.0843344632e+02 4.0187332985e+00 3.4018058849e-01 8.7516181513e+00 1.4658142203e-02 1.0974431453e-01
2.9823855326e+01 2.7026158742e+01 2.4709431246e+01 9.0619265843e-01 2.1939660045e-02 9.8836127023e+01 1.4120894920e+00 -9.3750796155e-01 1.1568526659e+01 2.7182688491e-02 1.0000000000e+00
4.6351461599e+01 2.1897777357e+01 2.7356373141e+01 4.7242905836e-01 3.4848078874e-02 1.5848608149e+02 1.6417831825e+01 -9.3209093169e-01 1.2052707047e+01 1.0085974576e-02 1.1199383847e-02
3.7755544844e+01 3.7306585295e+01 3.2671988524e+01 9.8810877846e-01 5.4743682881e-02 2.5255449634e+02 2.5174608864e+01 9.4240043824e-01 8.7885482493e+00 7.5985925169e-03 8.1079937673e-03
4.9937027976e+01 3.6389066961e+01 3.7017556499e+01 7.2869909236e-01 5.8803792545e-02 2.7206423503e+02 1.6324883623e+01 -8.1223253507e-01 9.4006336770e+00 8.2477869706e-03 9.1645819746e-03
1.8847867200e+01 1.1962201712e+01 1.3004853577e+01 6.3467137078e-01 1.0252720619e-02 4.5784701869e+01 1.4347571763e+02 -9.2561012614e-01 9.0658636831e+00 7.2284329383e-03 7.3054854748e-03
6.3025724441e+01 6.1450875355e+01 5.4176383250e+01 9.7501259843e-01 1.5029343595e-02 6.7357232494e+01 1.6616881810e+02 8.2134501914e-01 1.8984676576e+01 2.7959814777e-03 2.8216465229e-03
4.4362871221e+01 3.4669803152e+01 3.4089550737e+01 7.8150494317e-01 2.9960966945e-02 1.3577351779e+02 2.8882434209e+01 -6.1056441119e-01 1.1092936019e+01 7.1331571691e-03 7.5432697985e-03
2.8257674649e+01 2.1410927936e+01 2.1372078361e+01 7.5770310904e-01 2.5151879190e-02 1.1357702221e+02 8.5145354906e+00 4.9744013240e-01 8.3637137774e+00 1.5143055942e-02 1.9210735164e-02
3.4647457443e+01 2.6611544740e+01 2.6388268195e+01 7.6806630858e-01 3.3106967360e-02 1.5037639600e+02 2.7993655641e+01 -8.1691270949e-01 9.3487809152e+00 8.4537767497e-03 8.9569875908e-03
6.6798253363e+01 5.0114822612e+01 5.0265055350e+01 7.5024151215e-01 5.6898004975e-02 2.6289339006e+02 3.9858016697e+01 -6.6972570529e-01 8.9843871350e+00 4.8799495725e-03 5.0773706305e-03
6.1041259704e+01 5.4826024305e+01 5.0347044297e+01 8.9817976513e-01 1.3124667319e-01 6.3736570308e+02 1.2231087011e+01 -9.7784199855e-01 8.3149107492e+00 7.2763618453e-03 8.4414535791e-03
6.1547539977e+01 5.7283700824e+01 5.1684335123e+01 9.3072283385e-01 7.4567290424e-02 3.4880233197e+02 3.6895158880e+00 4.9915265060e-01 1.1798064475e+01 1.1586089518e-02 1.0000000000e+00
6.8860186697e+01 6.7878493543e+01 5.9517126867e+01 9.8574367569e-01 8.9141523019e-02 4.2113471748e+02 3.3229812269e+01 -7.9879581943e-01 8.6062629095e+00 4.6133761292e-03 4.8406876722e-03
6.4074170704e+01 5.4667821253e+01 5.1490604416e+01 8.5319592361e-01 9.6235575497e-02 4.5681687355e+02 2.5547163309e+01 8.5560724221e-01 8.0016460153e+00 5.5513333946e-03 5.9173809365e-03
4.2482670020e+01 3.2637000002e+01 3.2359551008e+01 7.6824267372e-01 1.5863696183e-02 7.1141083862e+01 3.2235088847e+01 8.5189146846e-01 2.4986454394e+01 7.1330244319e-03 7.4963715521e-03
5.7688369600e+01 4.4518391059e+01 4.4043387083e+01 7.7170478846e-01 3.1594761465e-02 1.4334903115e+02 1.4920639480e+02 -8.6991610255e-01 9.3658682409e+00 3.2800601296e-03 3.3136561479e-03
3.2208168213e+01 2.7153575145e+01 2.5726132209e+01 8.4306486991e-01 1.4880551689e-02 6.6682939435e+01 1.2240372607e+02 7.7368196142e-01 1.2341524242e+01 4.9946419624e-03 5.0572606467e-03
2.6868621879e+01 2.4170104690e+01 2.2178613253e+01 8.9956622259e-01 1.7027383546e-02 7.6426265013e+01 7.6539689276e+01 6.3146658848e-01 8.9595447837e+00 6.5263646555e-03 6.6590605277e-03
4.0607885258e+01 3.2401561086e+01 3.1537696814e+01 7.9791303783e-01 1.1178868209e-02 4.9955466074e+01 1.6419668364e+02 5.8263914760e-01 1.4107112891e+01 3.9479611992e-03 3.9846432841e-03
3.3807802930e+01 2.3058157052e+01 2.4217786690e+01 6.8203654344e-01 1.9215209202e-02 8.6387302011e+01 1.7482379404e+02 -7.9794966802e-01 8.0531270571e+00 4.5257996468e-03 4.5652534236e-03
4.2703096238e+01 4.2084981283e+01 3.6904977467e+01 9.8552528951e-01 1.2890559367e-02 5.7678974048e+01 5.0375831958e+01 -2.8738106989e-01 1.5880127474e+01 5.5677886169e-03 5.7432362695e-03
3.6407670541e+01 3.5067095515e+01 3.1104631800e+01 9.6317877508e-01 1.0486423932e-02 4.6836604922e+01 1.8949141318e+02 -1.0208894025e-01 8.0240266131e+00 3.7755258674e-03 3.8058537633e-03
8.3777375273e+01 5.0379477889e+01 5.6196035062e+01 6.0134944219e-01 8.0531327254e-02 3.7824267499e+02 8.7558702379e+00 7.3164618754e-01 1.2923429750e+01 7.9244494762e-03 9.9625404075e-03
3.6575127460e+01 1.7711934835e+01 2.1874183157e+01 4.8426173919e-01 2.2144465772e-02 9.9773939191e+01 2.6443324687e+00 -4.8858021860e-01 8.0103629417e+00 2.3181932813e-02 1.0000000000e+00
8.4265247066e+01 5.6880548599e+01 6.0039045010e+01 6.7501788198e-01 8.3008430732e-02 3.9053547376e+02 3.9248379362e+01 9.2278518725e-01 9.9081839625e+00 4.3258512997e-03 4.5037839830e-03
3.6160064391e+01 2.5756375014e+01 2.6491537616e+01 7.1228786364e-01 2.3781107715e-02 1.0727817655e+02 6.4047135626e+00 9.1970064876e-01 2.0785908631e+01 1.4745582314e-02 2.1291220729e-02
1.4993080901e+01 1.1995449327e+01 1.1660269712e+01 8.0006567069e-01 1.5213879712e-02 6.8193716482e+01 2.4658965612e+01 9.6350566449e-01 8.2209443327e+00 1.4932716950e-02 1.5957457225e-02
8.4148836654e+01 7.2089862129e+01 6.7763474218e+01 8.5669469710e-01 8.9876802113e-02 4.2481873914e+02 1.4665469939e+01 -5.1849554948e-01 9.5591874046e+00 5.7786524941e-03 6.5117103454e-03
3.3276270108e+01 2.8195674649e+01 2.6647402895e+01 8.4732076515e-01 1.3767259816e-02 6.1642443044e+01 3.3462053232e+01 8.4138595773e-01 2.2106332289e+01 7.9518431465e-03 8.3406787804e-03
5.5744779078e+01 4.8526995125e+01 4.5256316865e+01 8.7052089769e-01 8.4206759300e-02 3.9649591275e+02 5.9398486092e+00 -6.6087144826e-01 9.7510410930e+00 1.0471536331e-02 1.5931740750e-02
7.9337041952e+01 7.2336378439e+01 6.5935266109e+01 9.1176046723e-01 4.7535196873e-02 2.1817635957e+02 2.4630787731e+01 8.0281312041e-01 2.0080987780e+01 4.9609218757e-03 5.3017997693e-03
3.2943338211e+01 3.0158622831e+01 2.7434616601e+01 9.1546954464e-01 3.5614735301e-02 1.6206328075e+02 2.6348128600e+01 8.4359667609e-01 9.5601511573e+00 8.4275993266e-03 8.9643666147e-03
6.3984889349e+01 5.2170337280e+01 5.0245004483e+01 8.1535402829e-01 2.7255329279e-02 1.2326677988e+02 1.5954972695e+02 9.0756572315e-01 1.1516061687e+01 2.9536066749e-03 2.9818632007e-03
4.7517734757e+01 4.6160089819e+01 4.0770502589e+01 9.7142866879e-01 3.6407572756e-02 1.6576668336e+02 2.0041675317e+01 -6.7824559796e-01 1.3739706613e+01 7.2865606310e-03 7.9209850851e-03
2.9085116727e+01 2.5349739936e+01 2.3627141099e+01 8.7157085095e-01 1.6229051985e-02 7.2799465319e+01 7.4501829192e+01 6.1099507163e-01 9.9658053884e+00 6.3402503076e-03 6.4728249223e-03
3.7010532954e+01 2.9414515840e+01 2.8685726250e+01 7.9476066655e-01 4.0181078122e-02 1.8344924338e+02 4.8439692852e+00 7.3265152330e-01 1.2017061045e+01 1.5425383707e-02 2.9703936180e-02
2.9200940047e+01 1.9313539861e+01 2.0586425823e+01 6.6140130524e-01 2.0470339023e-02 9.2116229586e+01 3.7406125489e+01 -9.7150562300e-01 1.1985889356e+01 8.9243970597e-03 9.3110276495e-03
3.1463941119e+01 2.5124339960e+01 2.4445525000e+01 7.9851217193e-01 2.4394914711e-02 1.1009714864e+02 2.3216284281e+01 5.8661907933e-01 9.1769080141e+00 9.5627265355e-03 1.0265449556e-02
3.7137011577e+01 3.3193906260e+01 3.0555537849e+01 8.9382276198e-01 2.2659483130e-02 1.0213345123e+02 2.0374531465e+02 9.7397602013e-01 9.4172526126e+00 3.6876506164e-03 3.7151718163e-03
8.6141685583e+01 8.2836380133e+01 7.3535088580e+01 9.6162943147e-01 9.3710146917e-02 4.4407897377e+02 1.3545970840e+01 -8.6935685328e-01 1.5668149054e+01 5.6444145617e-03 6.4359871151e-03
3.2720379979e+01 2.6481339773e+01 2.5596943552e+01 8.0932250146e-01 4.4990873133e-02 2.0612209556e+02 8.3576340548e+00 7.3787518033e-01 8.1904854800e+00 1.3460977744e-02 1.7184576325e-02
7.9265195482e+01 5.1555078336e+01 5.5395869168e+01 6.5041255526e-01 7.8997379179e-02 3.7064945760e+02 5.3245491810e+01 9.7568554096e-01 8.8537012495e+00 4.0668070734e-03 4.1876676464e-03
3.0306011714e+01 2.4950168230e+01 2.3915815125e+01 8.2327455243e-01 3.1855665215e-02 1.4456040399e+02 1.6042282394e+01 6.5509104773e-01 8.1515843601e+00 1.1085514295e-02 1.2344254089e-02
2.6342302012e+01 2.3660091816e+01 2.1727208444e+01 8.9817859523e-01 4.0644978526e-02 1.8562947344e+02 5.6781380250e+00 9.2738592668e-01 9.4532291455e+00 1.7284305592e-02 2.7300385920e-02
3.4760698484e+01 1.3666835301e+01 1.8579559051e+01 3.9316917948e-01 1.3637984715e-02 6.1057680246e+01 2.1306764202e+02 -9.7822548956e-01 9.6672848166e+00 4.9762564783e-03 5.0117484006e-03
3.8596663197e+01 3.0530036501e+01 2.9842629397e+01 7.9100196682e-01 1.6993479687e-02 7.6272154098e+01 1.1453060993e+02 -8.4297730296e-01 1.3984265648e+01 4.6609894410e-03 4.7235416238e-03
4.0515634863e+01 3.6545487108e+01 3.3489354483e+01 9.0200948923e-01 4.5370753409e-02 2.0791919991e+02 2.2425797794e+01 -7.1869919394e-01 8.8007157542e+00 7.8574129536e-03 8.4581460284e-03
4.1592341208e+01 2.8602551137e+01 2.9921942244e+01 6.8768793260e-01 3.4258187609e-02 1.5573628290e+02 3.2646521730e+01 9.8614562930e-01 1.2141790775e+01 7.3721672898e-03 7.7425151538e-03
6.6632740116e+01 6.3795760755e+01 5.6756185006e+01 9.5742364255e-01 7.4891299893e-02 3.5039604109e+02 6.4802038688e+01 -9.8249064249e-01 8.6814412125e+00 3.7300435501e-03 3.8202373853e-03
6.6456618259e+01 3.5852595839e+01 4.2097117174e+01 5.3948871878e-01 7.5357529264e-02 3.5269044089e+02 1.6184800452e+01 -7.9858793069e-01 8.5860963402e+00 7.5618353046e-03 8.4112504059e-03
3.6956949364e+01 3.5319804836e+01 3.1450598747e+01 9.5570130770e-01 2.4779643970e-02 1.1186532982e+02 1.3386486627e+02 -8.5952465777e-01 9.6413936596e+00 4.2340758607e-03 4.2825183824e-03
3.0117270076e+01 1.4930468302e+01 1.8238907533e+01 4.9574441058e-01 2.3235213463e-02 1.0477319860e+02 5.2720565463e+01 -9.6893156142e-01 8.3026665155e+00 8.4492718543e-03 8.7030140778e-03
8.4212815528e+01 3.2137458132e+01 4.4287416350e+01 3.8162194116e-01 7.1389316318e-02 3.3320564566e+02 1.8726393532e+01 7.5417750936e-01 8.7855782669e+00 6.9519742221e-03 7.6075060609e-03
3.2170851578e+01 2.0398730189e+01 2.2186689731e+01 6.3407492151e-01 1.1669559191e-02 5.2167554573e+01 3.9007476677e+02 -9.8592806844e-01 1.0154373743e+01 3.5545391435e-03 3.5683049799e-03
8.4433372675e+01 7.1804746449e+01 6.7739653971e+01 8.5043086844e-01 1.0386852882e-01 4.9555242905e+02 2.0928297845e+00 7.0834886618e-01 1.3366640175e+01 1.1899955139e-02 1.0000000000e+00
7.6177783899e+01 2.3825380368e+01 3.5918497204e+01 3.1276021891e-01 2.2080303008e-02 9.9480105821e+01 2.1515809301e+02 -9.6337591659e-01 1.0329187266e+01 3.2668908545e-03 3.2899618224e-03
2.7234418997e+01 2.6566111841e+01 2.3415873039e+01 9.7546093581e-01 1.8321593802e-02 8.2314869120e+01 6.7976481649e+00 -2.7101673349e-01 1.0261131132e+01 1.5628387457e-02 2.1802247450e-02
3.4202526395e+01 2.2768024408e+01 2.4193574447e+01 6.6568253305e-01 1.5165968160e-02 6.7976516246e+01 2.8725970002e+02 7.9573688869e-01 8.0714302708e+00 3.7685089388e-03 3.7883776575e-03
3.9933730219e+01 2.8604119083e+01 2.9341004620e+01 7.1628968608e-01 3.8975580237e-02 1.7779021717e+02 5.7913351271e+01 -9.4008479349e-01 8.4509656318e+00 6.0024497316e-03 6.1657288213e-03
3.1219722702e+01 2.5174674212e+01 2.4377465408e+01 8.0637084616e-01 5.4699129726e-02 2.5234099276e+02 4.8940845909e+00 9.6513375226e-01 8.9374658316e+00 1.6864393645e-02 3.1902928745e-02
3.0905705127e+01 2.9914398593e+01 2.6469267828e+01 9.6792480452e-01 1.3560608825e-02 6.0707731849e+01 3.1286325947e+02 -6.8547509912e-01 8.1013240844e+00 3.4537667039e-03 3.4704725734e-03
4.9400907263e+01 3.9997820581e+01 3.8654181717e+01 8.0965761151e-01 4.7415775796e-02 2.1760964205e+02 3.2654941614e+00 2.8595110258e-01 8.5453612309e+00 1.4778067790e-02 1.0000000000e+00
5.1250838564e+01 2.7294586191e+01 3.2243510217e+01 5.3256857753e-01 2.6440417224e-02 1.1950933432e+02 6.1481477753e+01 -6.3809549716e-01 9.6853129276e+00 5.5754714190e-03 5.7179155094e-03
5.0594266488e+01 1.6575281357e+01 2.4473880933e+01 3.2761185225e-01 1.6271088397e-02 7.2990329450e+01 6.5670841316e+01 8.5953983980e-01 1.4304446930e+01 6.5025809447e-03 6.6576434400e-03
3.7762917281e+01 3.0281143631e+01 2.9402525909e+01 8.0187511482e-01 2.1780222491e-02 9.8106250046e+01 1.5895736247e+02 -9.9096679486e-01 1.0926841923e+01 4.1481233907e-03 4.1879581065e-03
3.1020258939e+01 2.3994080482e+01 2.3711254801e+01 7.7349710487e-01 2.0681625183e-02 9.3081657238e+01 3.6693952670e+01 -4.9679684617e-01 8.2753306780e+00 8.2280095221e-03 8.5919637432e-03
8.0489826514e+01 3.6188205485e+01 4.6258016249e+01 4.4959974512e-01 3.9159811221e-02 1.7865444882e+02 7.7483545640e+00 5.8187456791e-01 1.7587800175e+01 9.6006103578e-03 1.2605560234e-02
3.9016652366e+01 3.1071174598e+01 3.0271649501e+01 7.9635675317e-01 3.7689768920e-02 1.7176460820e+02 2.8468873835e+01 8.8097068322e-01 1.0439645555e+01 7.6885089080e-03 8.1376824112e-03
3.6627884277e+01 3.2143100093e+01 2.9857862127e+01 8.7755819719e-01 5.2937426450e-02 2.4390890872e+02 2.0588727323e+01 9.2799919845e-01 8.4251723268e+00 8.6775352256e-03 9.4097383578e-03
2.9823450171e+01 2.8310627831e+01 2.5294044192e+01 9.4927406683e-01 2.0686097653e-02 9.3102096459e+01 3.4552570958e+01 4.1512942644e-01 8.2144777542e+00 8.0825157560e-03 8.4641584963e-03
4.0062764222e+01 2.0896840711e+01 2.4927831322e+01 5.2160256830e-01 1.5722207832e-02 7.0499095766e+01 2.9269503981e+02 9.3297174668e-01 9.1401738215e+00 3.6715785899e-03 3.6905733717e-03
3.7183676861e+01 2.4031066027e+01 2.5900253537e+01 6.4627998241e-01 2.8366407943e-02 1.2839687137e+02 2.6711089965e+01 8.4791357894e-01 1.1128376547e+01 8.7297931528e-03 9.2773526577e-03
3.4704850960e+01 3.1864415485e+01 2.8944291923e+01 9.1815451164e-01 4.9025025656e-02 2.2525413350e+02 2.7571192469e+01 -9.7898445688e-01 8.5170121203e+00 7.9484404555e-03 8.4296525340e-03
3.7611570494e+01 3.0935418565e+01 2.9666670095e+01 8.2249739000e-01 1.9842005912e-02 8.9246948590e+01 1.1667095215e+02 -6.9038888797e-01 9.9544604853e+00 4.6377640883e-03 4.6988350001e-03
3.6788166929e+01 2.2416341925e+01 2.4848076647e+01 6.0933565862e-01 3.7024865538e-02 1.6865294801e+02 3.5268935959e+01 9.2720464932e-01 8.2262697958e+00 8.0301265857e-03 8.4009250848e-03
3.8249925155e+01 3.3979664492e+01 3.1373774893e+01 8.8835897991e-01 3.6636769530e-02 1.6683804402e+02 1.9903501245e+01 6.6825509767e-01 9.7229366145e+00 8.6040182327e-03 9.3592295019e-03
3.4250917088e+01 2.3327977564e+01 2.4517541064e+01 6.8109059692e-01 2.4032618409e-02 1.0843296356e+02 1.2970493252e+01 -7.5183982115e-01 1.3093052432e+01 1.1876620238e-02 1.3637835038e-02
4.2367116264e+01 3.7362202311e+01 3.4622084575e+01 8.8186795812e-01 7.2954606129e-02 3.4087977788e+02 8.3854657394e+00 9.6494399761e-01 9.8686426336e+00 1.0949365326e-02 1.3962260808e-02
4.5107325950e+01 2.5761336640e+01 2.9446822435e+01 5.7111203330e-01 2.5134353507e-02 1.1349641126e+02 9.3691147765e+01 8.8826602101e-01 1.0579720625e+01 5.0425099936e-03 5.1256935119e-03
2.9231267600e+01 2.6550255485e+01 2.4246649711e+01 9.0828272821e-01 1.6598001268e-02 7.4475063232e+01 8.9596795124e+01 -5.4063363218e-01 8.7117747716e+00 5.8201669997e-03 5.9207068734e-03
5.0839372899e+01 3.1152583245e+01 3.4439933207e+01 6.1276489990e-01 8.0599255326e-02 3.7857926490e+02 7.5216473816e+00 9.8708040162e-01 9.3875382506e+00 1.1391975089e-02 1.5142120208e-02
3.4113159183e+01 2.6476893721e+01 2.6121199581e+01 7.7614898048e-01 1.7277464445e-02 7.7563251641e+01 2.7340911953e+02 8.4481100126e-01 8.1488007872e+00 3.6546478081e-03 3.6749022789e-03
8.2099862744e+01 5.9630884201e+01 6.0756870082e+01 7.2632136289e-01 1.4057731967e-01 6.8670611533e+02 9.8368758869e-01 -9.6274362526e-01 8.2313536058e+00 1.6563389639e-02 1.0000000000e+00
3.9542075526e+01 1.7605929503e+01 2.2606370291e+01 4.4524545737e-01 2.2613108807e-02 1.0192091875e+02 1.1052048376e+02 -9.6414592118e-01 8.9580749173e+00 5.5997138033e-03 5.6776608765e-03
3.0456107134e+01 2.6889009121e+01 2.4902917308e+01 8.8287741445e-01 1.2983139018e-02 5.8097273355e+01 1.8308198908e+02 -5.5139571562e-01 8.9646539135e+00 4.3880428284e-03 4.4245438133e-03
3.6855567969e+01 2.8374186359e+01 2.8103911328e+01 7.6987516194e-01 1.6007561455e-02 7.1793994220e+01 2.0950970667e+02 -9.4889343871e-01 1.1975899753e+01 3.8608183662e-03 3.8888285734e-03
3.4072030410e+01 2.6142620174e+01 2.5936289347e+01 7.6727508926e-01 4.3184604240e-02 1.9758994118e+02 2.3973740007e+01 -9.3720952055e-01 8.3338424828e+00 9.0022628445e-03 9.6400733553e-03
5.6623236792e+01 5.6268200812e+01 4.9138560691e+01 9.9372985368e-01 6.7474055066e-02 3.1407775962e+02 2.2439992669e+00 9.0437446793e-01 1.5775638173e+01 1.4468545575e-02 1.0000000000e+00
3.8278180270e+01 3.1255906497e+01 3.0080875931e+01 8.1654630071e-01 3.2048072449e-02 1.4545403481e+02 5.8632676239e+01 8.7438003908e-01 9.8124826750e+00 5.9071003056e-03 6.0657158428e-03
1.5883356902e+01 1.4957550661e+01 1.3417025227e+01 9.4171218044e-01 1.4162742222e-02 6.3432062893e+01 5.3415740610e+01 9.4478554529e-01 8.8923153228e+00 1.0243357795e-02 1.0546754144e-02
2.4906638454e+01 2.0721561207e+01 1.9760407077e+01 8.3196940627e-01 1.9358031578e-02 8.7038673101e+01 1.4098725040e+01 9.2880310436e-01 1.4412338007e+01 1.3209964639e-02 1.4970770060e-02
3.9109033225e+01 2.0573601324e+01 2.4444594813e+01 5.2605752757e-01 2.0530124710e-02 9.2389377579e+01 1.1760667022e+02 -7.4953844440e-01 8.3662703570e+00 5.2164895325e-03 5.2846214888e-03
3.0937086476e+01 2.3511237244e+01 2.3434518480e+01 7.5996934170e-01 1.2298741826e-02 5.5006344893e+01 1.8495327409e+02 5.0634943897e-01 8.3875300565e+00 4.5424957223e-03 4.5798933918e-03
4.7566779860e+01 4.0788492415e+01 3.8322898543e+01 8.5749955189e-01 2.7614897191e-02 1.2492609152e+02 1.0509122798e+02 -8.2220843667e-01 1.1128364144e+01 4.0905137313e-03 4.1504742891e-03
6.0097606574e+01 4.1511585458e+01 4.3334051851e+01 6.9073608459e-01 9.9911308024e-02 4.7542623506e+02 1.1540338259e+01 -9.3854812257e-01 8.7034893600e+00 8.3123139436e-03 9.7506221829e-03
3.1920983818e+01 2.1864128001e+01 2.2916729702e+01 6.8494530512e-01 2.1112689851e-02 9.5052237205e+01 1.1728963105e+02 9.9931762208e-01 9.8967626844e+00 5.4347796190e-03 5.5059591473e-03
3.6145660033e+01 3.3282036202e+01 3.0189302422e+01 9.2077544501e-01 5.9379719787e-02 2.7484021097e+02 6.9199072398e+00 8.4590101796e-01 9.2839260055e+00 1.2921641350e-02 1.7858372991e-02
8.0154430875e+01 5.8535847127e+01 5.9484040664e+01 7.3028835072e-01 3.7452551954e-02 1.7065413295e+02 6.0731112114e+01 -3.0999586298e-01 8.4398662061e+00 3.7945570746e-03 3.8927571926e-03
6.2459811916e+01 3.7405423391e+01 4.1805967853e+01 5.9887185445e-01 2.0586685848e-02 9.2647815189e+01 8.8666596532e+01 -5.4507656729e-01 1.2603835138e+01 4.1467286345e-03 4.2191366517e-03
5.5197876151e+01 5.4745556812e+01 4.7855172747e+01 9.9180549379e-01 3.0857832273e-02 1.3992989415e+02 1.7803445919e+01 4.3587306545e-01 1.5099961136e+01 6.9147570750e-03 7.6071264289e-03
3.1373480104e+01 2.6865981873e+01 2.5258978130e+01 8.5632775786e-01 1.2287765133e-02 5.4956796699e+01 2.4361270807e+02 9.9821327824e-01 1.3902389271e+01 3.9091596981e-03 3.9335049156e-03
3.4796486034e+01 3.4750550920e+01 3.0272098174e+01 9.9867989216e-01 2.0499739205e-02 9.2250549746e+01 1.8424852167e+02 -8.7661756343e-01 9.8465819878e+00 3.8568664433e-03 3.8887427364e-03
6.6964621131e+01 6.2071004088e+01 5.6117534988e+01 9.2692235154e-01 6.6433077335e-02 3.0900834916e+02 3.7896526844e+01 -6.9863047043e-01 9.1368747880e+00 4.6163724849e-03 4.8135714421e-03
2.1984301589e+01 2.0026521070e+01 1.8262434608e+01 9.1094643097e-01 1.6088302199e-02 7.2160484253e+01 5.5282498046e+01 9.6473822588e-01 1.1776377210e+01 8.3299816057e-03 8.5679312904e-03
2.6686439943e+01 1.6576044932e+01 1.8207094314e+01 6.2114111013e-01 1.3120617435e-02 5.8718543213e+01 3.2145861786e+02 -9.5304821134e-01 8.1526428687e+00 4.3207607432e-03 4.3410966039e-03
2.7194903945e+01 2.1333972734e+01 2.0938015222e+01 7.8448420986e-01 2.1290773873e-02 9.5866695607e+01 2.8714760383e+00 -6.5663277129e-01 9.9365624424e+00 2.3111504582e-02 1.0000000000e+00
4.4410180768e+01 3.7968343133e+01 3.5725614766e+01 8.5494682698e-01 6.1293501257e-02 2.8407981930e+02 1.1638555973e+01 -8.1584926741e-01 9.4992783745e+00 9.5598058179e-03 1.1195203920e-02
4.1176672740e+01 2.2619532121e+01 2.6334310513e+01 5.4932879748e-01 2.7446892200e-02 1.2415068632e+02 4.7085858967e+01 -7.8175308423e-01 9.3935087463e+00 6.9889345290e-03 7.2255244562e-03
3.8694899944e+01 3.4905226157e+01 3.1985327280e+01 9.0206270611e-01 1.1584097540e-02 5.1782167785e+01 2.2026765623e+02 -5.6707213326e-01 1.1522862025e+01 3.5042390408e-03 3.5284048281e-03
2.5719156057e+01 2.3722435252e+01 2.1499635749e+01 9.2236445083e-01 3.9478749438e-02 1.8015111778e+02 8.3725661515e+00 8.3148252985e-01 8.0893253049e+00 1.5051146200e-02 1.9202837153e-02
3.2125529377e+01 2.8582411577e+01 2.6370623380e+01 8.8971021276e-01 4.0172186899e-02 1.8340747025e+02 1.2938550619e+01 -7.6386906960e-01 8.8342617494e+00 1.1247930163e-02 1.2921250861e-02
2.8982167251e+01 2.4198743897e+01 2.3035787003e+01 8.3495287593e-01 1.7603041410e-02 7.9044104831e+01 1.4360781524e+02 9.4797932326e-01 1.0557106800e+01 5.0319991400e-03 5.0855881605e-03
3.7806449540e+01 3.1369508509e+01 2.9953882958e+01 8.2973960504e-01 1.7331186777e-02 7.7807553376e+01 2.2096386448e+02 8.8833270682e-01 1.0613939911e+01 3.6337336655e-03 3.6587125147e-03
2.4451501106e+01 1.9025537207e+01 1.8747073510e+01 7.7809281013e-01 1.3248560813e-02 5.9296837760e+01 2.9892335228e+01 8.8441579610e-01 1.5766640709e+01 1.0337841704e-02 1.0910021624e-02
3.4125177968e+01 1.9882755087e+01 2.2513311554e+01 5.8264179914e-01 2.1159535405e-02 9.5266462582e+01 4.6317306674e+01 7.7200428803e-01 9.9400976183e+00 7.7859013164e-03 8.0541251633e-03
3.4623681728e+01 3.3743004742e+01 2.9755365799e+01 9.7456431717e-01 3.6135940373e-02 1.6449740557e+02 1.3054754166e+01 -5.0124282822e-01 8.3550347574e+00 1.0420623650e-02 1.1953035906e-02
3.7375198536e+01 2.8918037272e+01 2.8573112382e+01 7.7372263973e-01 2.3547920970e-02 1.0620789673e+02 2.4405628330e+01 -4.3116684506e-01 9.4182037577e+00 8.5176720442e-03 9.1090570554e-03
5.4018945078e+01 2.8006105552e+01 3.3503485486e+01 5.1844969412e-01 6.5870929227e-02 3.0627361454e+02 7.2925716892e+00 -7.1472126189e-01 8.2459230885e+00 1.1826162654e-02 1.5934865356e-02
2.6264983809e+01 2.2723156955e+01 2.1256379347e+01 8.6515023655e-01 1.5416420841e-02 6.9112077687e+01 4.3909789358e+01 4.6443257562e-01 8.8413361970e+00 8.2627918769e-03 8.5641158433e-03
4.0844162981e+01 2.8280649678e+01 2.9487967287e+01 6.9240370261e-01 2.0533828034e-02 9.2406298057e+01 7.5428242457e+01 -7.2602156701e-01 1.1662429467e+01 5.4802496961e-03 5.5933803937e-03
5.7719730617e+01 4.1850888075e+01 4.2676730767e+01 7.2507074491e-01 2.0198571996e-02 9.0874883982e+01 2.3023135994e+02 6.3567604390e-01 8.0874441970e+00 2.8629360978e-03 2.8818145630e-03
4.0438288669e+01 3.8962145080e+01 3.4553878467e+01 9.6349638825e-01 3.8549876216e-02 1.7579407611e+02 7.6339438518e+01 -9.2093364706e-01 9.1693914005e+00 4.8872244256e-03 4.9868633529e-03
7.8290642793e+01 6.6609781762e+01 6.2825331687e+01 8.5080131401e-01 5.6450579952e-02 2.6074369427e+02 3.7428967037e+01 9.5421481900e-01 1.5969041552e+01 4.3473821452e-03 4.5355989818e-03
7.0061116309e+01 5.6795732715e+01 5.4854577165e+01 8.1065983112e-01 6.3670070030e-02 2.9558611412e+02 3.0309635310e+01 6.9355577121e-01 1.0073473715e+01 5.0999461996e-03 5.3779319269e-03
3.1100104387e+01 2.5742179541e+01 2.4609908168e+01 8.2772003658e-01 1.2557028898e-02 5.6172472039e+01 1.9446772837e+01 -7.1750016074e-01 2.1830185071e+01 1.0251135791e-02 1.1175723657e-02
4.6185634161e+01 4.2847488592e+01 3.8721221452e+01 9.2772329254e-01 5.5957638620e-02 2.5837679162e+02 6.5726845962e+00 -9.6677134062e-01 1.5897567099e+01 1.1298478940e-02 1.6061221546e-02
2.8218880114e+01 1.9515179968e+01 2.0360185289e+01 6.9156465066e-01 1.5370155011e-02 6.8902275153e+01 1.3626333693e+02 -9.1304101929e-01 1.0346255513e+01 5.5513650324e-03 5.6137376768e-03
3.1823912248e+01 2.1787476895e+01 2.2841514305e+01 6.8462597325e-01 1.5137592911e-02 6.7847888321e+01 4.3593161001e+00 9.7381830275e-01 2.8068263510e+01 1.8787012754e-02 4.7900038421e-02
3.3330335389e+01 3.1385941591e+01 2.8154135898e+01 9.4166293932e-01 4.2157889865e-02 1.9274954591e+02 8.0381607983e+00 8.5039665393e-01 1.1380551045e+01 1.2891832590e-02 1.6688971105e-02
6.6937233941e+01 3.3666267357e+01 4.0850278230e+01 5.0295277196e-01 6.4506982165e-02 2.9964659653e+02 3.0320263241e+01 9.4827423985e-01 9.3807080741e+00 6.1278224295e-03 6.4617060715e-03
3.5185688735e+01 3.2407060556e+01 2.9391611331e+01 9.2102959247e-01 3.1808037035e-02 1.4433923358e+02 1.7122628501e+01 -7.3861945416e-01 1.1596737266e+01 9.5102709706e-03 1.0508095018e-02
7.8628947938e+01 7.3393834232e+01 6.6124665728e+01 9.3342002096e-01 1.2331921998e-01 5.9584549817e+02 5.4934528653e+00 -6.5485790193e-01 1.1453519468e+01 8.3212207325e-03 1.3561485010e-02
7.2919790648e+01 5.7251975593e+01 5.6166605151e+01 7.8513631327e-01 2.4400096121e-02 1.1012095542e+02 1.5858441237e+02 9.1294987686e-01 1.3487088498e+01 2.7660223863e-03 2.7926482667e-03
5.9800086947e+01 5.9795975579e+01 5.2057209763e+01 9.9993124814e-01 1.1533828533e-01 5.5442025328e+02 4.1857059939e+00 -9.7833766787e-01 1.4101330325e+01 1.0748003214e-02 3.4568563846e-02
8.0410733205e+01 7.8047476366e+01 6.8963736421e+01 9.7061018168e-01 4.9148840185e-02 2.2584298673e+02 9.5598074835e+01 7.2856343510e-01 8.7741797710e+00 2.8979516341e-03 2.9447754454e-03
3.3784055990e+01 3.2108514405e+01 2.8670278412e+01 9.5040436869e-01 3.3874720166e-02 1.5394995850e+02 2.8714321894e+00 -9.1104494755e-01 1.4518979201e+01 1.8845010755e-02 1.0000000000e+00
4.7347584029e+01 4.4560809011e+01 3.9983379560e+01 9.4114219181e-01 3.9562528344e-02 1.8054437366e+02 5.2132388829e+01 6.5496980114e-01 8.9315402863e+00 5.1439775034e-03 5.3002992370e-03
5.2622347471e+01 3.5707963575e+01 3.7595791176e+01 6.7857032783e-01 6.0041244366e-02 2.7803137278e+02 2.2648558691e+01 -8.4477578924e-01 8.8854811405e+00 7.2192450616e-03 7.7649742730e-03
4.4755488602e+01 4.3017890757e+01 3.8196598106e+01 9.6117575967e-01 3.9673060045e-02 1.8106327635e+02 7.3534399917e+01 -8.6167164551e-01 9.4274473396e+00 4.6522266343e-03 4.7508347990e-03
7.7291707502e+01 7.4090514496e+01 6.5875258474e+01 9.5858296951e-01 7.2775871147e-02 3.4000271831e+02 4.6873842327e+01 8.6300548921e-01 1.0577476694e+01 3.8419543853e-03 3.9726381592e-03
3.2216277662e+01 3.0756689672e+01 2.7401739836e+01 9.5469408337e-01 2.7787081944e-02 1.2572098114e+02 3.7503718493e+01 -6.6296779370e-01 9.0412697142e+00 7.4232153675e-03 7.7439056946e-03
3.0565101960e+01 1.4753047134e+01 1.8247783284e+01 4.8267619565e-01 1.1386994346e-02 5.0893523845e+01 1.4264714069e+02 9.7421058744e-01 1.2907082547e+01 5.8579062505e-03 5.9207193366e-03
8.1156812309e+01 6.9074878796e+01 6.5138050416e+01 8.5112853537e-01 1.0477522433e-01 5.0017717683e+02 1.6573514138e+01 -9.7987236934e-01 1.2771090263e+01 5.6097995138e-03 6.2220223059e-03
4.8767268729e+01 4.3391358738e+01 4.0032416827e+01 8.8976397221e-01 1.3093675658e-02 5.8596782377e+01 9.1764449858e+01 9.6574892216e-01 3.0189664512e+01 4.2255129264e-03 4.2967280894e-03
3.1536452287e+01 1.9371393496e+01 2.1390812218e+01 6.1425404862e-01 1.0307727992e-02 4.6032258040e+01 1.5875524303e+02 -9.6009225407e-01 1.6220512635e+01 5.0988486413e-03 5.1478766817e-03
5.9599118135e+01 5.4948464355e+01 4.9810402423e+01 9.2196774172e-01 8.2669485330e-02 3.8885118620e+02 2.2163152322e+01 7.3210318426e-01 8.1390307302e+00 6.0245408280e-03 6.4914103965e-03
3.3926518215e+01 3.3082662356e+01 2.9164664510e+01 9.7512695369e-01 2.6164012786e-02 1.1823586853e+02 8.1465056242e+01 9.0682853890e-01 1.0771158853e+01 5.3426949637e-03 5.4445244152e-03
4.9375622567e+01 3.7714520033e+01 3.7498932229e+01 7.6382874934e-01 6.7926164489e-02 3.1628159630e+02 9.3371648087e+00 7.6924350210e-01 9.2438933420e+00 1.0034368098e-02 1.2375968136e-02
3.4387858606e+01 2.4818937640e+01 2.5365222709e+01 7.2173548008e-01 3.5322089606e-02 1.6069734961e+02 5.4466628425e+01 -9.6985351166e-01 8.2113167188e+00 6.7421817903e-03 6.9378160979e-03
7.6676392442e+01 6.9472143136e+01 6.3522053207e+01 9.0604344992e-01 4.8268076038e-02 2.2165628203e+02 1.0578535066e+01 -7.4892679830e-01 2.3771183162e+01 6.9684809114e-03 8.3272047015e-03
3.9166262970e+01 3.0354858499e+01 2.9968213573e+01 7.7502565211e-01 6.0993089686e-02 2.8262791166e+02 9.4472415340e+00 8.6648348818e-01 8.4538585814e+00 1.1539791959e-02 1.4186364826e-02
8.1941133690e+01 5.1577914711e+01 5.6295126985e+01 6.2945083120e-01 3.1909589886e-02 1.4481083131e+02 3.7998779633e+00 -2.3145089844e-01 2.2085234119e+01 1.1141324981e-02 1.0000000000e+00
4.2416916386e+01 3.9041865991e+01 3.5420461297e+01 9.2043150039e-01 3.2109788258e-02 1.4574072391e+02 1.2358889016e+02 -8.5008790431e-01 8.5213258760e+00 4.0324211815e-03 4.0824804261e-03
7.6430090667e+01 7.3859153156e+01 6.5405706219e+01 9.6636223392e-01 1.4014929004e-01 6.8443162688e+02 1.3159471755e+01 -9.7445938110e-01 1.0477551351e+01 5.9819870924e-03 6.8526489199e-03
4.3987266098e+01 4.0431994901e+01 3.6706499906e+01 9.1917499058e-01 6.9598667421e-02 3.2444551598e+02 2.2019712593e+01 -9.3079829368e-01 8.2527504537e+00 7.3644273650e-03 7.9394040216e-03
3.8211184074e+01 3.6828240341e+01 3.2656149816e+01 9.6380788068e-01 6.3376824261e-02 2.9416441065e+02 5.3378242146e+00 8.5336398972e-01 1.0490118050e+01 1.3528558876e-02 2.2730735670e-02
5.1742309031e+01 5.0163419778e+01 4.4350655692e+01 9.6948552775e-01 1.2598445922e-02 5.6359505303e+01 1.6611095830e+02 -8.9287688520e-01 2.2568847695e+01 3.1736612792e-03 3.2028034650e-03
2.7715867108e+01 2.6592721574e+01 2.3633119486e+01 9.5947644252e-01 1.5683344082e-02 7.0322779137e+01 2.3259486655e+01 -4.2965790379e-01 1.1151748584e+01 9.8123059828e-03 1.0531842711e-02
2.6802377257e+01 2.6664989921e+01 2.3272931109e+01 9.9487406155e-01 1.7520111354e-02 7.8666838887e+01 2.3165719252e+01 -4.6400521098e-01 1.0244703683e+01 9.9107670570e-03 1.0640879339e-02
3.2250907464e+01 2.9657676248e+01 2.6918897063e+01 9.1959199231e-01 1.2609302819e-02 5.6408535379e+01 4.8331551145e+02 -9.3344971409e-01 8.5623117372e+00 2.9050073381e-03 2.9140748481e-03
8.4134343831e+01 7.0592197095e+01 6.7038616539e+01 8.3904139357e-01 2.6169823371e-01 1.3709158494e+03 5.6405316692e+00 -9.4091907031e-01 8.0015922181e+00 7.5967072540e-03 1.2071220264e-02
8.3050819045e+01 6.4765190832e+01 6.3748070848e+01 7.7982603395e-01 9.5883288352e-02 4.5503764995e+02 4.1289806369e+01 -9.8098320440e-01 9.4286512449e+00 4.0582152766e-03 4.2162839444e-03
3.2267203695e+01 2.8588871284e+01 2.6431037833e+01 8.8600399199e-01 2.6993190850e-02 1.2205761772e+02 4.5267171660e+00 -2.2406578855e-01 8.4223280963e+00 1.6786141130e-02 3.7607812940e-02
2.9594353995e+01 2.8401556982e+01 2.5237778998e+01 9.5969511571e-01 1.5069845056e-02 6.7540802095e+01 1.1105177038e+02 -8.3118034910e-01 1.3165306901e+01 5.2421177689e-03 5.3147291365e-03
8.1231741235e+01 7.9395150204e+01 6.9911430959e+01 9.7739072186e-01 2.2662216013e-01 1.1647407207e+03 9.0920235619e+00 9.9980624332e-01 8.4977149369e+00 6.2970357971e-03 7.8261824385e-03
5.1594763560e+01 4.8951521042e+01 4.3747162070e+01 9.4876917084e-01 5.1120678354e-02 2.3523421018e+02 1.4477757200e+01 4.8323021780e-01 9.2852285900e+00 7.8078456436e-03 8.8144167129e-03
6.7483705008e+01 6.1991852116e+01 5.6296651039e+01 9.1861957058e-01 1.1913884165e-01 5.7409997721e+02 7.8835049486e+00 -8.6538910556e-01 1.0712361666e+01 8.0546543442e-03 1.0504072571e-02
3.6386497478e+01 3.5832800195e+01 3.1434166440e+01 9.8478289143e-01 1.6856612550e-02 7.5650098844e+01 1.4186382624e+02 7.2144364108e-01 1.1814518489e+01 4.1644276958e-03 4.2093334368e-03
3.9291811618e+01 3.7577155208e+01 3.3449171273e+01 9.5636097344e-01 3.0312413504e-02 1.3740160911e+02 1.2918323918e+02 9.6739697866e-01 9.4964099204e+00 4.1150204243e-03 4.1638443773e-03
3.4252288996e+01 2.2198229381e+01 2.3893026995e+01 6.4808017307e-01 1.8677256758e-02 8.3935078172e+01 1.2626049034e+02 9.7428550170e-01 1.1133668764e+01 5.1582581879e-03 5.2209084536e-03
2.4095854429e+01 2.3383661117e+01 2.0663869373e+01 9.7044332612e-01 1.2132705188e-02 5.4256950985e+01 3.6657493517e+01 -8.6027258245e-01 1.8105573648e+01 9.0173518153e-03 9.4166511777e-03
2.6351338820e+01 1.4796917933e+01 1.7049595581e+01 5.6152433217e-01 1.5799812720e-02 7.0851202983e+01 8.0213823224e+01 -8.2999855752e-01 8.6767126093e+00 7.5639892913e-03 7.7104851650e-03
5.5152242561e+01 2.6393131014e+01 3.2775746237e+01 4.7855045939e-01 4.5185960058e-02 2.0704487908e+02 8.0234032393e+00 -5.0343996672e-01 8.6878071024e+00 1.1710351021e-02 1.5169868294e-02
3.8401418169e+01 3.8147532865e+01 3.3319646307e+01 9.9338864770e-01 1.3796745032e-02 6.1775832114e+01 3.2446484005e+02 7.3349230429e-01 9.2948043666e+00 2.9500259084e-03 2.9637805979e-03
2.5896325964e+01 2.2857011771e+01 2.1171600589e+01 8.8263531295e-01 2.5283991708e-02 1.1418475101e+02 2.3698073610e+01 9.4255346322e-01 1.0937353190e+01 1.0375993319e-02 1.1120854700e-02
4.7766442729e+01 3.9841176273e+01 3.7945882325e+01 8.3408296698e-01 1.4854513008e-02 6.6564952944e+01 1.1166043561e+02 -9.4453020730e-01 2.2652199733e+01 4.0548820145e-03 4.1107343911e-03
3.7256995225e+01 3.6755033241e+01 3.2214717420e+01 9.8652704059e-01 5.7363960376e-02 2.6513347541e+02 4.7010079040e+00 9.4793644692e-01 1.2863972271e+01 1.4360675088e-02 2.9315707602e-02
3.2448429192e+01 3.1222839149e+01 2.7708367648e+01 9.6222960327e-01 2.4694587243e-02 1.1147433234e+02 1.0629913566e+02 9.4550117407e-01 1.0227097153e+01 4.9971079147e-03 5.0695030847e-03
3.0910827718e+01 2.0855301270e+01 2.2018469273e+01 6.7469242362e-01 1.7962495994e-02 8.0679868461e+01 4.5891438853e+01 -8.9104706346e-01 1.2978683925e+01 7.9377433293e-03 8.2139007444e-03
7.6786284825e+01 3.5492746962e+01 4.4791357948e+01 4.6222768874e-01 6.6920510926e-02 3.1138122853e+02 1.5070058753e+01 6.0767129006e-01 8.5023361533e+00 7.5084225443e-03 8.4291850336e-03
3.3625824716e+01 2.8256569588e+01 2.6814024813e+01 8.4032346646e-01 2.1950186183e-02 9.8884319762e+01 1.4281666556e+01 -9.6569070135e-01 1.9833421130e+01 1.0845730928e-02 1.2268093889e-02
2.8429709928e+01 2.6280744446e+01 2.3792056949e+01 9.2441127655e-01 3.0922530196e-02 1.4022993074e+02 2.1796131212e+01 -9.4873414235e-01 1.0721829368e+01 9.9195552183e-03 1.0703168923e-02
6.6434765523e+01 6.5741029518e+01 5.7531905471e+01 9.8955763597e-01 7.6356826693e-02 3.5761274181e+02 7.8722331374e+00 -4.0877464438e-01 9.7465128481e+00 8.1464495131e-03 1.0629664056e-02
4.8546500153e+01 2.2327000904e+01 2.8242049648e+01 4.5990958840e-01 2.2980550807e-02 1.0360528860e+02 6.2530752110e+01 7.3522574186e-01 1.0642696393e+01 6.0312645756e-03 6.1826471358e-03
5.1938947230e+01 4.5708392063e+01 4.2399561882e+01 8.8004078830e-01 8.4148551194e-02 3.9620618254e+02 1.1494427655e+01 -7.4568259993e-01 8.0973331120e+00 8.5154310064e-03 9.9968336272e-03
6.9059110670e+01 4.1719646678e+01 4.6435022892e+01 6.0411502948e-01 2.0273225404e-02 9.1215828128e+01 1.1381726521e+02 5.9539338227e-01 1.3039092407e+01 3.5368475613e-03 3.5846182604e-03
2.9637935550e+01 2.7121965704e+01 2.4677044304e+01 9.1510981451e-01 3.1865068429e-02 1.4460407134e+02 9.0071676223e+00 -9.7169684298e-01 1.3797105484e+01 1.3497477712e-02 1.6821943192e-02
4.3535028498e+01 2.2516217456e+01 2.6966486019e+01 5.1719771947e-01 1.7535259371e-02 7.8735746917e+01 1.5589140485e+02 8.6753300477e-01 1.1093500182e+01 4.4221023327e-03 4.4654183519e-03
3.4855077321e+01 2.8306883977e+01 2.7315159937e+01 8.1213086163e-01 2.2130141509e-02 9.9708338862e+01 1.3156653746e+01 1.6209906177e-01 8.1037495127e+00 1.1054713372e-02 1.2664140836e-02
3.1117261721e+01 2.4132289589e+01 2.3817391170e+01 7.7552741645e-01 1.9398736770e-02 8.7224342459e+01 2.6535464565e+01 -9.3897031145e-01 1.6045705522e+01 9.2728195171e-03 9.8587504667e-03
8.4361658888e+01 7.9358430669e+01 7.1223369290e+01 9.4069310294e-01 5.5574482798e-02 2.5653810678e+02 4.0486244717e+01 4.3632846561e-01 9.5824394291e+00 3.9049080197e-03 4.0602491298e-03
7.5925428813e+01 3.3608634776e+01 4.3270611714e+01 4.4265320989e-01 2.4520177053e-02 1.1067273552e+02 3.2109797332e+01 -1.3297199404e-03 9.5088191636e+00 5.9256457832e-03 6.2287819935e-03
8.2545755831e+01 6.1533390257e+01 6.1910331601e+01 7.4544583956e-01 4.6212929751e-02 2.1190662224e+02 4.3307682551e+01 4.7488515888e-01 1.0319707498e+01 4.1792117905e-03 4.3338831205e-03
4.5970413189e+01 4.5459959710e+01 3.9796637029e+01 9.8889604328e-01 6.1712482987e-02 2.8610574114e+02 3.5610068611e+00 7.3882126433e-01 1.2588593048e+01 1.3929086266e-02 1.0000000000e+00
8.3472751256e+01 8.2656129851e+01 7.2310747146e+01 9.9021691039e-01 1.4910547710e-01 7.3224383492e+02 4.1757770926e+00 9.1991412191e-01 1.6574106739e+01 8.5983978857e-03 2.8205459186e-02
3.6855289658e+01 3.1440981460e+01 2.9615437689e+01 8.5309277860e-01 3.3634979780e-02 1.5283365412e+02 2.1936152058e+01 -8.0218576749e-01 1.1170335999e+01 8.6160305275e-03 9.2916730159e-03
2.9471723571e+01 2.9323460452e+01 2.5591992642e+01 9.9496930955e-01 3.0703695188e-02 1.3921519440e+02 8.3327095384e+01 9.9273739870e-01 8.5928568239e+00 5.7326072972e-03 5.8393425295e-03
7.7367903200e+01 6.0341259180e+01 5.9389893979e+01 7.7992625732e-01 3.0983255511e-02 1.4051156940e+02 2.2435739978e+02 -9.8503091277e-01 8.0072968918e+00 2.3359604882e-03 2.3517723348e-03
2.8981543350e+01 2.3991152487e+01 2.2934704936e+01 8.2780796721e-01 1.5766853529e-02 7.0701656337e+01 2.7482246854e+01 7.1127906028e-01 1.4500648338e+01 9.3912122945e-03 9.9618243149e-03
4.3044064257e+01 3.3585560920e+01 3.3049141759e+01 7.8025998472e-01 6.1751441750e-02 2.8629417691e+02 3.1351065890e+00 -9.3385662767e-01 1.0997287442e+01 1.6409174110e-02 1.0000000000e+00
3.3837969833e+01 2.2742126171e+01 2.4055172862e+01 6.7208896642e-01 2.3830205370e-02 1.0750357076e+02 5.6195079386e+00 -7.8840834251e-01 1.6019186524e+01 1.6448872034e-02 2.6227344748e-02
3.2471699835e+01 2.4175702283e+01 2.4338537278e+01 7.4451606801e-01 1.7273343080e-02 7.7544510576e+01 2.0503488302e+02 8.7586074144e-01 9.1518075426e+00 4.2550311965e-03 4.2865843445e-03
6.9577116155e+01 4.8648617301e+01 5.0487021693e+01 6.9920427850e-01 9.8643465799e-02 4.6899816127e+02 1.6938513328e+01 -9.4257652287e-01 9.5488223816e+00 6.5474121300e-03 7.2433800213e-03
3.3104160156e+01 2.7130668025e+01 2.6063714026e+01 8.1955463897e-01 1.1387496184e-02 5.0895786061e+01 1.2195850048e+02 -2.2597049499e-01 8.4121965311e+00 4.9715869376e-03 5.0341494059e-03
5.1986171517e+01 3.6381901299e+01 3.7740257519e+01 6.9983805764e-01 4.8138052490e-02 2.2103863980e+02 4.6048957694e+01 7.6123053520e-01 8.1488200739e+00 5.5583862716e-03 5.7510605181e-03
3.6739644253e+01 3.1206559242e+01 2.9457471162e+01 8.4939742550e-01 4.5173602447e-02 2.0698641885e+02 8.6164358050e+00 8.7356766762e-01 1.1402015394e+01 1.2188013827e-02 1.5401597136e-02
3.2683711857e+01 3.1928868085e+01 2.8121955771e+01 9.7690458858e-01 5.3844371767e-02 2.4824736017e+02 8.7406593547e+00 -9.4144030887e-01 9.6589522444e+00 1.2415177099e-02 1.5616814836e-02
6.0512231762e+01 5.6587598631e+01 5.0936301531e+01 9.3514314352e-01 3.1212623535e-02 1.4157557680e+02 3.2394656400e+01 -4.1691227920e-01 1.2967605888e+01 5.3120047958e-03 5.5811313488e-03
3.5007478984e+01 2.7602740908e+01 2.7023324829e+01 7.8848125342e-01 1.3599964959e-02 6.0885723056e+01 3.8458575066e+02 8.1840121277e-01 8.3288755802e+00 3.1553311274e-03 3.1677265979e-03
2.0743136322e+01 1.7942615948e+01 1.6785949045e+01 8.6499050430e-01 1.4414643626e-02 6.4572502440e+01 1.0176104188e+02 -9.6569294588e-01 1.0097081741e+01 6.9920058380e-03 7.0979457967e-03
4.4663057345e+01 3.9577298167e+01 3.6587498424e+01 8.8613051857e-01 6.3214081025e-02 2.9337563995e+02 3.0475537278e+01 9.1620357681e-01 8.0970023195e+00 6.5571947297e-03 6.9124666962e-03
7.3564151706e+01 6.4917792213e+01 6.0136666896e+01 8.8246504184e-01 1.0795437584e-01 5.1643214506e+02 6.9378566076e+00 9.5560325741e-01 1.4682034991e+01 8.1596772161e-03 1.1262142052e-02
3.4962920393e+01 2.4508786710e+01 2.5403621142e+01 7.0099369372e-01 1.1653451536e-02 5.2094913824e+01 3.4963814102e+02 9.4187448907e-01 1.1378770987e+01 3.4029774427e-03 3.4176926032e-03
7.4619248765e+01 6.8450679776e+01 6.2205317439e+01 9.1733273798e-01 1.3070777296e-01 6.3453151077e+02 1.0253127871e+01 -9.5629506239e-01 1.1230246905e+01 6.8133927278e-03 8.2015903143e-03
3.3306623694e+01 2.1868814736e+01 2.3391838393e+01 6.5659056101e-01 1.9765582936e-02 8.8898142562e+01 5.8141920330e+01 5.9689894137e-01 8.5366746331e+00 6.9864939575e-03 7.1757563067e-03
3.2407273078e+01 3.1570772553e+01 2.7845205349e+01 9.7418787679e-01 1.6506342650e-02 7.4058707042e+01 3.5803099299e+01 8.0008396473e-01 1.8309816055e+01 7.5298735952e-03 7.8719418515e-03
4.7329958985e+01 3.4616658515e+01 3.5151718105e+01 7.3138999605e-01 1.6741896612e-02 7.5128816210e+01 3.3606385790e+01 -5.2527808188e-01 1.7652487800e+01 6.6648329244e-03 6.9892073087e-03
3.1262617775e+01 2.7728054675e+01 2.5621831820e+01 8.8693963102e-01 2.2260984264e-02 1.0030760550e+02 5.0124653815e+01 -9.0211044406e-01 1.2513376355e+01 6.9669709064e-03 7.1876735970e-03
3.2813960071e+01 2.2214572848e+01 2.3415335261e+01 6.7698542938e-01 2.0782855865e-02 9.3544314742e+01 7.5541634731e+01 9.5030284741e-01 1.1240754874e+01 6.3252800505e-03 6.4556515112e-03
4.4047823890e+01 3.5243909746e+01 3.4257805568e+01 8.0012828407e-01 1.8441669843e-02 8.2861776659e+01 3.2263691292e+02 8.6498602988e-01 8.1500366047e+00 2.8971311795e-03 2.9107164346e-03
2.6286413201e+01 1.6956207279e+01 1.8291681366e+01 6.4505595149e-01 1.4489210945e-02 6.4910174452e+01 2.6586964216e+01 -8.3899054361e-01 1.3670164559e+01 1.0961167105e-02 1.1652279179e-02
3.3792014738e+01 3.2293690573e+01 2.8756601126e+01 9.5566040746e-01 3.3561874078e-02 1.5249332663e+02 7.4680759942e+00 -5.0735430485e-01 9.9495085686e+00 1.3146077806e-02 1.7527349415e-02
4.1686689850e+01 2.7777415159e+01 2.9502679112e+01 6.6633775093e-01 2.5710000461e-02 1.1614521394e+02 1.4550030195e+01 6.8804886603e-01 1.4126204298e+01 1.0122621637e-02 1.1419493091e-02
5.3062357428e+01 4.0686250672e+01 4.0378256361e+01 7.6676296803e-01 1.1034205780e-01 5.2868033725e+02 7.6811059275e+00 9.5977748302e-01 8.3262864083e+00 1.0060837060e-02 1.3256416947e-02
4.8007837120e+01 4.4424221769e+01 4.0197093859e+01 9.2535353465e-01 2.4079059835e-02 1.0864624071e+02 5.6055916518e+01 7.1751762356e-01 1.5401465227e+01 5.0362537962e-03 5.1780276828e-03
3.8505387194e+01 3.7063508944e+01 3.2886086984e+01 9.6255385661e-01 5.8044927017e-02 2.6840972119e+02 1.6892837705e+01 8.0311736253e-01 8.0311667689e+00 8.7717161657e-03 9.7071637452e-03
3.3214300315e+01 2.7758872689e+01 2.6412432533e+01 8.3575063829e-01 1.1074486023e-02 4.9485108489e+01 2.1667335203e+02 -3.6106274555e-01 8.0649172743e+00 3.9753370808e-03 4.0032122724e-03
2.7449077970e+01 2.4513465645e+01 2.2574669719e+01 8.9305242502e-01 1.6335635409e-02 7.3283424770e+01 3.5288985073e+01 9.5212770616e-01 1.6769189997e+01 8.6326564132e-03 9.0310311543e-03
3.9433306157e+01 2.0383310058e+01 2.4418465717e+01 5.1690593674e-01 4.4252011004e-02 2.0262942637e+02 3.5668757660e+00 8.2293821758e-01 8.7026843484e+00 1.9086901897e-02 1.0000000000e+00
4.0329682850e+01 3.5042896514e+01 3.2710878369e+01 8.6891078822e-01 4.4634938812e-02 2.0443912010e+02 1.7444165897e+01 -7.9573760805e-01 1.0132197052e+01 8.7652931236e-03 9.6646264707e-03
7.8859479019e+01 7.4828734923e+01 6.6869068162e+01 9.4888700577e-01 1.5048715195e-01 7.3966088019e+02 1.2249093950e+01 -7.6646803753e-01 8.2552868580e+00 6.0264957301e-03 6.9895867048e-03
3.0162652753e+01 1.8451235415e+01 2.0414790104e+01 6.1172455773e-01 1.4936995481e-02 6.6938713169e+01 2.7409550631e+02 -9.8191901847e-01 8.8105924638e+00 4.2654762016e-03 4.2890561521e-03
8.2730700247e+01 7.7620204451e+01 6.9754239260e+01 9.3822733543e-01 7.9287407428e-02 3.7208400845e+02 2.0463497476e+01 5.2988935995e-01 1.0039659538e+01 5.0391927645e-03 5.4674224545e-03
7.3116506771e+01 6.7138277888e+01 6.0982867522e+01 9.1823694612e-01 1.6599408892e-01 8.2364913136e+02 1.1014710181e+01 9.1852639340e-01 8.2362049852e+00 6.5878047796e-03 7.8023777769e-03
5.3694810225e+01 3.3237711096e+01 3.6568032737e+01 6.1901161317e-01 2.2231012741e-02 1.0017032433e+02 1.8697829695e+01 -9.8280104985e-02 1.0262039903e+01 8.0740677084e-03 8.8367818299e-03
2.4067042955e+01 2.3751067940e+01 2.0813496392e+01 9.8687104952e-01 1.3145924249e-02 5.8832919420e+01 1.8920805549e+02 9.3077098523e-01 1.1254460574e+01 4.8479455375e-03 4.8869471082e-03
3.9758084923e+01 3.1689710548e+01 3.0860891738e+01 7.9706330447e-01 1.1542606147e-02 5.1595081270e+01 3.9108942631e+02 8.2505808660e-01 1.0346823444e+01 2.8894940750e-03 2.9006551204e-03
4.7234077944e+01 4.3130030760e+01 3.9284563504e+01 9.1311257966e-01 4.8511870808e-02 2.2281465793e+02 5.5088592612e+00 3.2734697960e-01 9.2333914683e+00 1.2016432789e-02 1.9529018455e-02
2.9799695906e+01 2.8521906564e+01 2.5378639775e+01 9.5712072545e-01 2.4166854520e-02 1.0904946722e+02 9.8236706060e+01 -8.8458319652e-01 9.1477955450e+00 5.4393081063e-03 5.5247648164e-03
7.5641604713e+01 7.3634981903e+01 6.4969363449e+01 9.7347196934e-01 1.7620350074e-02 7.9122851306e+01 1.1489774512e+02 -4.7016777757e-01 1.5256782279e+01 2.8616725095e-03 2.8999514539e-03
4.3300728394e+01 3.5361478798e+01 3.4030015490e+01 8.1664859021e-01 7.6805071082e-02 3.5982271273e+02 8.7546842997e+00 -8.6568203492e-01 8.1795918174e+00 1.0866283587e-02 1.3661569203e-02
5.5224081380e+01 5.4909597029e+01 4.7938233361e+01 9.9430530408e-01 1.3046369068e-01 6.3324838908e+02 9.3165786358e+00 9.7856497071e-01 8.5468484509e+00 8.3126198681e-03 1.0258810330e-02
3.9066432616e+01 3.7603765758e+01 3.3365354145e+01 9.6255949776e-01 2.7427611211e-02 1.2406170934e+02 2.7012186291e+01 6.2668971893e-01 1.2244455865e+01 7.4247440091e-03 7.8846456523e-03
5.6027739314e+01 3.4013486590e+01 3.7769763979e+01 6.0708297366e-01 1.6407382646e-02 7.3609247573e+01 2.4331270469e+02 -8.5744004582e-01 1.1737756055e+01 3.0337263026e-03 3.0526431139e-03
4.5059785439e+01 4.4621940588e+01 3.9035680273e+01 9.9028302406e-01 1.7370993207e-02 7.7988585123e+01 2.4397515764e+02 7.9594994867e-01 1.0486239458e+01 2.9670710814e-03 2.9855214538e-03
3.1180175723e+01 2.1722401609e+01 2.2582731563e+01 6.9667348259e-01 1.5478755056e-02 6.9394768473e+01 2.1382818598e+02 -8.5654570578e-01 9.1451760365e+00 4.3940684180e-03 4.4252951008e-03
5.4319583855e+01 5.1826864078e+01 4.6187635121e+01 9.5411010909e-01 1.8232030982e-02 8.1907002036e+01 5.4737070577e+01 -8.5351922716e-01 2.7629462406e+01 4.6755462864e-03 4.8105077833e-03
4.0609254323e+01 3.3157943319e+01 3.1912064626e+01 8.1651199639e-01 3.2116455018e-02 1.4577169458e+02 1.0481731209e+02 8.5271496846e-01 8.3230706325e+00 4.5783196179e-03 4.6456107934e-03
4.0610468830e+01 3.9943390772e+01 3.5061661186e+01 9.8357374153e-01 3.7471759677e-02 1.7074403571e+02 5.6133709793e+01 -9.0129097444e-01 1.0464130981e+01 5.4382147785e-03 5.5910808683e-03
3.4358801368e+01 1.2547709285e+01 1.7640660676e+01 3.6519636267e-01 1.3831950217e-02 6.1935105551e+01 4.9455312738e+01 7.6891026253e-01 1.0912124007e+01 8.8877201909e-03 9.1733082392e-03
4.0854297756e+01 3.3660175736e+01 3.2252571738e+01 8.2390782818e-01 2.7361424685e-02 1.2375629361e+02 3.0915436101e+01 7.9390759403e-01 1.3770676856e+01 7.2098333032e-03 7.5943473535e-03
3.3799801265e+01 3.3560620059e+01 2.9320104562e+01 9.9292359135e-01 1.0965455840e-02 4.8993884718e+01 2.3280103955e+02 -4.8147290806e-01 9.9454322615e+00 3.6254569740e-03 3.6490965230e-03
2.8261105045e+01 1.8300985454e+01 1.9705691296e+01 6.4756793567e-01 1.8743769290e-02 8.4238167068e+01 1.2051743540e+02 -9.8596270913e-01 9.1640548681e+00 5.9206124920e-03 5.9960293328e-03
3.8082794351e+01 3.3686428671e+01 3.1168981999e+01 8.8455769187e-01 2.6620134109e-02 1.2033760672e+02 3.6846219218e+01 4.1184835228e-01 8.1202876158e+00 6.8994686625e-03 7.2032912617e-03
3.3229195793e+01 2.6928066946e+01 2.6012218420e+01 8.1037371814e-01 3.3522109842e-02 1.5230822769e+02 4.4501300594e+01 -9.1660871326e-01 8.9269328557e+00 7.1671295004e-03 7.4247896107e-03
5.4122375320e+01 4.4881903809e+01 4.2868479357e+01 8.2926707380e-01 2.3300799375e-02 1.0507405221e+02 9.2538965337e+01 -4.9620831968e-01 1.0497057819e+01 4.0106118564e-03 4.0776219387e-03
3.1725230701e+01 2.1503177073e+01 2.2652480073e+01 6.7779419089e-01 1.3623082465e-02 6.0990278632e+01 1.0189874402e+02 5.3377797109e-01 9.3330149259e+00 5.7974535250e-03 5.8851720998e-03
5.5277793161e+01 5.2124622757e+01 4.6725436021e+01 9.4295773720e-01 4.7471007722e-02 2.1787173593e+02 4.6911774832e+01 -7.6155071006e-01 1.0388194439e+01 4.8320390486e-03 4.9962591345e-03
3.6222203252e+01 3.1520547934e+01 2.9401440367e+01 8.7019963184e-01 1.8308005252e-02 8.2252983724e+01 5.9124732962e+01 2.7230547070e-01 8.0413486711e+00 6.0235489355e-03 6.1838785709e-03
3.2496983966e+01 1.9490823983e+01 2.1768256801e+01 5.9977332060e-01 2.9233845521e-02 1.3240767782e+02 4.0035239225e+01 -9.6799659309e-01 8.8652644550e+00 8.3568722439e-03 8.6933445924e-03
3.6352497621e+01 2.5739335372e+01 2.6550460243e+01 7.0804860893e-01 1.9281754690e-02 8.6690779616e+01 6.9687048563e+00 8.1485867751e-01 2.2498305195e+01 1.4305721832e-02 1.9700587122e-02
2.1974834560e+01 1.8907910863e+01 1.7735093634e+01 8.6043473099e-01 1.5822557875e-02 7.0954409433e+01 1.5355440459e+01 6.8273807908e-01 1.1355256678e+01 1.3717984318e-02 1.5361625111e-02
5.5248319049e+01 5.5212814690e+01 4.8080998119e+01 9.9935736761e-01 8.2700096203e-02 3.8900326851e+02 1.8098462479e+01 -7.0853092784e-01 8.0811876462e+00 6.6451391732e-03 7.2976041927e-03
2.5094025311e+01 1.8932774852e+01 1.8937704548e+01 7.5447341020e-01 2.9564057533e-02 1.3393579539e+02 2.4623268929e+01 9.8280492206e-01 8.3651528143e+00 1.0937754188e-02 1.1689575362e-02
5.5494396606e+01 3.6522324670e+01 3.9022148474e+01 6.5812634976e-01 1.0337001668e-01 4.9301180416e+02 6.9631603920e+00 8.7801870835e-01 8.0028389512e+00 1.0705282231e-02 1.4748312664e-02
6.7164489876e+01 5.8861541015e+01 5.4713028833e+01 8.7637888895e-01 7.4666269740e-02 3.4928911302e+02 3.4652172013e+01 7.4177069016e-01 8.6435084630e+00 4.8269087113e-03 5.0541140529e-03
4.0079296751e+01 3.5016681124e+01 3.2598206682e+01 8.7368501852e-01 5.7132885382e-02 2.6402240680e+02 1.1615915740e+01 7.3959689680e-01 8.2878528706e+00 1.0155437566e-02 1.1897285582e-02
2.9115141992e+01 1.0692488770e+01 1.4994271250e+01 3.6724838138e-01 1.2506030951e-02 5.5942188531e+01 1.5497307343e+02 9.9380936114e-01 9.2823967275e+00 6.4157552363e-03 6.4789789397e-03
8.0563447020e+01 5.3108593563e+01 5.6698763605e+01 6.5921451387e-01 7.1200562082e-02 3.3228128089e+02 6.4863615968e+01 8.8272610148e-01 8.2232150273e+00 3.7391042319e-03 3.8294274732e-03
4.6947570172e+01 4.3196561633e+01 3.9196734504e+01 9.2010217940e-01 4.9716215346e-02 2.2854264609e+02 2.0247214868e+01 -6.4393959215e-01 9.2285905968e+00 7.3804465238e-03 8.0154429197e-03
3.3309440138e+01 3.2474977438e+01 2.8631566366e+01 9.7494816194e-01 2.4816135728e-02 1.1203309356e+02 1.6511873390e+02 9.4290747185e-01 8.7639644493e+00 4.1501634150e-03 4.1885052454e-03
3.7448344265e+01 2.9721758113e+01 2.9004746064e+01 7.9367349068e-01 1.8931494996e-02 8.5093767559e+01 2.9976204422e+02 9.4566774628e-01 8.4073876671e+00 3.3036628417e-03 3.3203475471e-03
7.6785295968e+01 7.5240622838e+01 6.6169025609e+01 9.7988321709e-01 6.8650564698e-02 3.1981541828e+02 2.1725468678e+01 6.5319950267e-01 1.2402069514e+01 5.1241964748e-03 5.5305084278e-03
2.8894813193e+01 2.3227028715e+01 2.2526005085e+01 8.0384768572e-01 3.0334888968e-02 1.3750575531e+02 3.8107851542e+01 8.9423223651e-01 8.3741248604e+00 8.3272423423e-03 8.6808298046e-03
3.5071904263e+01 2.4170558383e+01 2.5259281774e+01 6.8917154318e-01 2.8325514994e-02 1.2820791540e+02 8.6141746562e+00 -9.6540824820e-01 1.6055686333e+01 1.3555666004e-02 1.7131316003e-02
5.8431738364e+01 5.1584162941e+01 4.7775806216e+01 8.8281068450e-01 4.7822147076e-02 2.1953846951e+02 2.4716073032e+01 8.0606570281e-01 1.3859591353e+01 6.0585499530e-03 6.4732250587e-03
5.3644526694e+01 4.7312144737e+01 4.3840129416e+01 8.8195660681e-01 1.5376256365e-02 6.8929942261e+01 5.7228647643e+01 -6.3360328704e-01 2.3702800351e+01 4.7588708343e-03 4.8899502020e-03
2.9631855055e+01 2.9480974022e+01 2.5730252747e+01 9.9490814757e-01 2.6080276803e-02 1.1785017514e+02 1.0209894978e+01 -3.2662022499e-01 8.0765519483e+00 1.2589888820e-02 1.5170443495e-02
4.6374143940e+01 4.0591308809e+01 3.7753396031e+01 8.7530044460e-01 3.4826206901e-02 1.5838408385e+02 1.0842017826e+02 8.0825675025e-01 8.4567501014e+00 4.0631681692e-03 4.1208511739e-03
7.5059698975e+01 6.1743108236e+01 5.9207698869e+01 8.2258667539e-01 6.2605252957e-02 2.9042631054e+02 4.9929656020e+01 6.3444561791e-01 8.3613499315e+00 4.0347575196e-03 4.1631010986e-03
6.7279656123e+01 6.4526717274e+01 5.7357038381e+01 9.5908215043e-01 5.4587597980e-02 2.5180657618e+02 4.7088448752e+01 6.4325385993e-01 9.6639525213e+00 4.2270218014e-03 4.3701068877e-03
8.0310427838e+01 4.1625923223e+01 4.9802925210e+01 5.1831280623e-01 7.3938061140e-02 3.4570921110e+02 4.5900756103e+00 -9.6916055809e-01 1.9350113748e+01 1.0929291242e-02 2.3587616864e-02
3.6129435318e+01 3.2365890088e+01 2.9760282582e+01 8.9583160666e-01 2.8497912925e-02 1.2900459735e+02 4.6751066761e+01 7.0040687181e-01 9.5869611523e+00 6.4878175811e-03 6.7091166604e-03
7.3947168960e+01 7.2801674791e+01 6.3873809055e+01 9.8450928974e-01 1.4331496358e-01 7.0127862032e+02 5.8271010399e+00 6.9978812700e-01 9.8057502076e+00 8.2261305537e-03 1.2708062489e-02
3.5808980396e+01 2.0910715146e+01 2.3652101093e+01 5.8395170471e-01 2.2835450880e-02 1.0294003730e+02 8.9664341863e+01 -7.9396466930e-01 8.3281489243e+00 5.8869608071e-03 5.9885754471e-03
6.4929387424e+01 4.8441322015e+01 4.8718533022e+01 7.4606158994e-01 4.6495882739e-02 2.1324733861e+02 9.2004005615e+01 -8.0410868530e-01 8.4799677530e+00 3.6588818678e-03 3.7203816942e-03
4.2006587950e+01 4.0900113761e+01 3.6083381169e+01 9.7365950813e-01 3.2273723408e-02 1.4650237504e+02 6.0151785530e+01 -8.7842915800e-01 1.1938296179e+01 5.2211207236e-03 5.3576037811e-03
3.2915600531e+01 2.9802906463e+01 2.7259450648e+01 9.0543407937e-01 1.1692441930e-02 5.2270751933e+01 1.7494203494e+02 -7.2403360676e-01 1.3613934455e+01 4.2216470824e-03 4.2584241279e-03
4.2363656809e+01 3.8681310692e+01 3.5233157325e+01 9.1307770873e-01 1.6257094958e-02 7.2926791659e+01 8.1829150728e+01 -3.2486682728e-01 1.0555715530e+01 4.7682416345e-03 4.8587036722e-03
3.8479475353e+01 3.2063928038e+01 3.0553167333e+01 8.3327352425e-01 1.2472592361e-02 5.5791204562e+01 2.9523689147e+02 8.7834040643e-01 1.2395922035e+01 3.2291042227e-03 3.2456646950e-03
7.1113748021e+01 6.7908620124e+01 6.0493699998e+01 9.5492956023e-01 1.8476735753e-01 9.2713197498e+02 4.2081995712e+00 -7.8790884374e-01 9.2366078918e+00 9.4036206800e-03 2.9033626713e-02
2.9157915290e+01 2.7522683691e+01 2.4659340821e+01 9.4391808939e-01 3.4760998298e-02 1.5808000901e+02 5.2138064217e+01 -9.7423229419e-01 8.1946562758e+00 6.9778914331e-03 7.1899200864e-03
3.4093306104e+01 1.6923795109e+01 2.0661267964e+01 4.9639642037e-01 2.6856908415e-02 1.2142916897e+02 5.5299504572e+00 -6.1043389613e-01 9.1830616705e+00 1.8164918999e-02 2.9410331377e-02
6.6927781625e+01 5.7429484943e+01 5.3939954704e+01 8.5808140578e-01 5.3827249907e-02 2.4816540744e+02 2.9501401338e+01 -4.7580601029e-01 9.0044086672e+00 5.2366644888e-03 5.5307525029e-03
3.7500915710e+01 3.5510782299e+01 3.1766018005e+01 9.4693107157e-01 3.1133513722e-02 1.4120855795e+02 5.7864112967e+01 -7.9796943279e-01 9.9397026642e+00 5.7407509375e-03 5.8970508919e-03
3.5356717249e+01 3.3395626947e+01 2.9911584524e+01 9.4453415206e-01 4.6018517573e-02 2.1098573873e+02 3.8475418958e+01 -9.9972189494e-01 8.7987346536e+00 6.8843864083e-03 7.1736951206e-03
3.3599320781e+01 3.0793716374e+01 2.7996760376e+01 9.1649818086e-01 2.2721665875e-02 1.0241845576e+02 9.7470885188e+00 3.8370903579e-01 1.1265068481e+01 1.2177324489e-02 1.4845232809e-02
3.6569752629e+01 3.3096141543e+01 3.0278585978e+01 9.0501409399e-01 1.0076946101e-02 4.4993779533e+01 3.4378752022e+02 -7.4109127702e-01 1.1814832483e+01 3.0717132595e-03 3.0852238409e-03
4.6773493770e+01 3.5248218030e+01 3.5277387903e+01 7.5359386673e-01 3.7249966981e-02 1.6970606997e+02 9.4249378182e+01 -9.1728538344e-01 8.8811726438e+00 4.4612226813e-03 4.5343679070e-03
3.1363244106e+01 3.1193996695e+01 2.7229501022e+01 9.9460363824e-01 1.5973058969e-02 7.1637397391e+01 2.2564393422e+02 7.8725337316e-01 9.4691617593e+00 3.8298846823e-03 3.8556590898e-03
3.4166851486e+01 3.0332009044e+01 2.8015170736e+01 8.8776131616e-01 1.7202962911e-02 7.7224488589e+01 1.5200004076e+02 -9.0578217920e-01 1.2349348198e+01 4.3599227813e-03 4.4037433317e-03
5.0491709603e+01 3.3956584153e+01 3.5906102579e+01 6.7251801177e-01 9.2645227577e-02 4.3871936321e+02 3.8985955366e+00 8.1774588224e-01 8.3160393761e+00 1.4102643409e-02 1.0000000000e+00
3.5399038152e+01 2.8863160641e+01 2.7797778669e+01 8.1536567510e-01 1.6214827838e-02 7.2734883997e+01 1.8688479016e+01 -9.3259398797e-01 2.5364060314e+01 9.6207348693e-03 1.0530092112e-02
4.2797814041e+01 2.7800343982e+01 2.9889894365e+01 6.4957392346e-01 4.5374981243e-02 2.0793920583e+02 7.6477663428e+00 -9.0399691401e-01 1.2326140513e+01 1.2628374791e-02 1.6669125340e-02
3.5189438462e+01 3.0582256180e+01 2.8544425643e+01 8.6907485646e-01 5.2686565316e-02 2.4270982393e+02 6.8195530451e+00 -7.2454985650e-01 8.4488827255e+00 1.3509041406e-02 1.8813318100e-02
8.1721766715e+01 6.5035088592e+01 6.3382827693e+01 7.9581109423e-01 2.2221262232e-01 1.1392694971e+03 3.7153373589e+00 -7.7149714117e-01 8.1137326975e+00 9.3858241506e-03 1.0000000000e+00
3.9310455433e+01 3.4334431883e+01 3.1967910029e+01 8.7341730092e-01 3.1891065874e-02 1.4472480326e+02 3.2655959326e+01 -8.2888334316e-01 1.1987266376e+01 7.0830003818e-03 7.4387091032e-03
3.1216792037e+01 2.4622363657e+01 2.4101442638e+01 7.8875381003e-01 1.1209484112e-02 5.0093438584e+01 1.5945565104e+02 -6.9953461322e-01 1.2712089361e+01 4.7220237456e-03 4.7672254632e-03
4.6132738947e+01 4.1144132141e+01 3.7914947062e+01 8.9186406618e-01 6.6377760921e-02 3.0873915767e+02 2.3766378388e+01 9.0374511706e-01 8.5560119162e+00 7.0264127356e-03 7.5291702988e-03
7.1238864856e+01 7.0117259081e+01 6.1526502389e+01 9.8425570399e-01 1.0427194202e-01 4.9760949018e+02 4.9801361529e+00 -8.8810380979e-01 1.6530079971e+01 9.1278579192e-03 1.6791980615e-02
4.1392554847e+01 2.2815455891e+01 2.6519967495e+01 5.5119709268e-01 1.5719350580e-02 7.0486132673e+01 2.3287634932e+02 -8.2169409680e-01 9.6248481753e+00 3.8484161438e-03 3.8735012708e-03
6.9203199281e+01 5.4241509623e+01 5.3257437743e+01 7.8380060729e-01 1.2522175863e-01 6.0577635526e+02 2.5263638104e+00 -6.6305014731e-01 8.0297907936e+00 1.2734247602e-02 1.0000000000e+00
2.7641555744e+01 2.5572192921e+01 2.3141606369e+01 9.2513580487e-01 3.2412676171e-02 1.4714809487e+02 2.4669891068e+01 8.7566374318e-01 8.8759172443e+00 9.6261752078e-03 1.0286429492e-02
2.7392719445e+01 8.4198606458e+00 1.2792543717e+01 3.0737585813e-01 1.2492992335e-02 5.5883314883e+01 3.6887484540e+01 7.8339381629e-01 8.6329860020e+00 1.2137326027e-02 1.2671153782e-02
2.7363682182e+01 2.3005743571e+01 2.1825946558e+01 8.4074005167e-01 2.1493641514e-02 9.6794757464e+01 7.6611259692e+00 7.5617674247e-01 1.4040817759e+01 1.5584057603e-02 2.0555818248e-02
3.3231369912e+01 3.2938884711e+01 2.8801938571e+01 9.9119852111e-01 3.3678337117e-02 1.5303551121e+02 2.9343071107e+01 -6.8046896272e-01 8.6798259590e+00 7.8609800951e-03 8.3050847397e-03
3.3887880003e+01 3.1689205442e+01 2.8524827598e+01 9.3511914698e-01 3.6556249890e-02 1.6646162276e+02 1.3823417306e+01 6.5417574287e-01 9.3049348001e+00 1.0469598367e-02 1.1900421150e-02
6.3682033459e+01 5.4750144975e+01 5.1374472314e+01 8.5974241086e-01 1.0993924080e-02 4.9122137606e+01 3.0440618467e+02 9.9819854790e-01 1.6969599490e+01 2.3090893662e-03 2.3205715692e-03
6.3596616620e+01 4.9826910406e+01 4.8932584265e+01 7.8348366711e-01 9.8665783212e-02 4.6911122805e+02 3.7015311073e+00 -5.4816302929e-01 8.9060901901e+00 1.1809672982e-02 1.0000000000e+00
4.1706025442e+01 3.2912807741e+01 3.2208355513e+01 7.8916193504e-01 1.4134276992e-02 6.3303218271e+01 1.0796475474e+02 9.9589153310e-01 2.1793986508e+01 4.5514521771e-03 4.6163468782e-03
3.4329090308e+01 2.9928081434e+01 2.7890762143e+01 8.7179943207e-01 3.6497069944e-02 1.6618498944e+02 2.6617896718e+01 8.8113343587e-01 9.8958008668e+00 8.3049649559e-03 8.8279196948e-03
3.3527560841e+01 1.8389511490e+01 2.1425020802e+01 5.4848939286e-01 1.6677828733e-02 7.4837722532e+01 7.4598962676e+01 5.7339982421e-01 8.2293700222e+00 6.7348909665e-03 6.8755270477e-03
8.1674742041e+01 5.6389566249e+01 5.8878350016e+01 6.9041621485e-01 2.1975167961e-01 1.1250983687e+03 2.8610659645e+00 -9.4164419573e-01 8.0643993029e+00 1.0853776678e-02 1.0000000000e+00
3.1900503214e+01 2.1425337830e+01 2.2669794572e+01 6.7163008955e-01 1.3380119546e-02 5.9891587907e+01 1.5031171558e+02 9.5819089083e-01 1.3553167767e+01 5.0094027882e-03 5.0603272276e-03
4.7252669253e+01 3.8406813677e+01 3.7046372159e+01 8.1279670089e-01 4.5666450823e-02 2.0931870549e+02 1.4638760267e+01 -5.9772368059e-01 9.6588778255e+00 8.6550552349e-03 9.7555064924e-03
3.8684392945e+01 3.3265560398e+01 3.1211329943e+01 8.5992199608e-01 3.2659141373e-02 1.4829374166e+02 1.2311020633e+01 -4.3669489377e-01 9.1852458688e+00 1.0360773461e-02 1.2005550114e-02
8.1714445214e+01 6.0198880760e+01 6.0915486387e+01 7.3669815174e-01 1.8513705054e-02 8.3189919881e+01 5.7959713732e+01 -5.9341234305e-01 2.5459114772e+01 3.8487019968e-03 3.9533066976e-03
7.2284116084e+01 6.3946154178e+01 5.9164290313e+01 8.8465015058e-01 9.9542057999e-02 4.7355309597e+02 9.8818099654e+00 -9.9141947329e-01 1.4320911368e+01 7.2537463565e-03 8.8116944894e-03
5.9645353148e+01 5.5531636229e+01 5.0095314350e+01 9.3103038709e-01 1.3360524255e-01 6.4978991010e+02 7.7255273081e+00 9.9380505292e-01 9.5253609233e+00 8.6603580681e-03 1.1384487679e-02
6.4377189788e+01 6.0514946261e+01 5.4331260559e+01 9.4000602481e-01 5.9048807942e-02 2.7324495389e+02 4.1111744685e+00 3.9651651724e-01 1.4353355327e+01 1.0881904983e-02 4.2139584252e-02
2.8656305002e+01 1.6838590200e+01 1.8989914849e+01 5.8760507326e-01 1.1232371579e-02 5.0196586520e+01 4.9353298455e+01 7.7279668302e-01 1.4810833205e+01 8.5078228022e-03 8.7818026987e-03
3.8205619618e+01 3.5147131302e+01 3.1895322492e+01 9.1994663754e-01 2.5570078799e-02 1.1550117170e+02 4.0042944826e+01 -4.0399862779e-01 8.4015397723e+00 6.5961538646e-03 6.8616795298e-03
3.6351331946e+01 3.3594922260e+01 3.0417498055e+01 9.2417307595e-01 7.0510331259e-02 3.2890299715e+02 3.5345583198e+00 -8.2624621651e-01 8.0042811533e+00 1.6437985428e-02 1.0000000000e+00
3.7286262645e+01 2.3682601808e+01 2.5737439524e+01 6.3515622453e-01 1.2078726890e-02 5.4013363846e+01 3.6009147610e+02 -9.6083552262e-01 1.1080424418e+01 3.3373646027e-03 3.3513738685e-03
4.1034917142e+01 3.1238711279e+01 3.1110860988e+01 7.6127145989e-01 2.0082111012e-02 9.0343077555e+01 5.6637567577e+01 -9.0900862590e-01 1.6995427802e+01 5.9025482294e-03 6.0669139808e-03
3.0480230714e+01 2.6096795319e+01 2.4537778092e+01 8.5618759137e-01 2.5719430431e-02 1.1618862359e+02 6.8080375332e+00 8.7194366483e-01 1.6187684420e+01 1.5100719110e-02 2.1048917535e-02
3.4712056751e+01 2.3066010118e+01 2.4531216976e+01 6.6449563284e-01 3.4401763332e-02 1.5640535630e+02 1.5100268886e+01 9.0585966456e-01 1.0506668073e+01 1.1144132613e-02 1.2507354651e-02
3.2224757699e+01 3.1604143610e+01 2.7781567020e+01 9.8074107818e-01 2.6037776094e-02 1.1765443184e+02 1.5394988918e+02 9.2468994657e-01 8.2241799662e+00 4.3383882934e-03 4.3814300381e-03
6.1487504176e+01 5.1737524431e+01 4.9064459381e+01 8.4143152539e-01 1.9081385741e-02 8.5777095644e+01 2.3282506462e+02 -9.5158603042e-01 1.2409454947e+01 2.6147168411e-03 2.6317641465e-03
3.4641041033e+01 3.3497299382e+01 2.9653921087e+01 9.6698304621e-01 4.5230611655e-02 2.0725612088e+02 3.1991169501e+00 9.3461783724e-01 1.2553722124e+01 1.7598495612e-02 1.0000000000e+00
5.5818784159e+01 5.2085885820e+01 4.6934501345e+01 9.3312469278e-01 7.8734357430e-02 3.6934894022e+02 1.6634966131e+01 8.2246115475e-01 9.5963536170e+00 6.9788413101e-03 7.7370653080e-03
3.6045906615e+01 2.5951119479e+01 2.6554190021e+01 7.1994636606e-01 1.1755341320e-02 5.2554435877e+01 7.6554147166e+01 -2.7260908806e-01 1.0244497845e+01 5.8502862883e-03 5.9692126346e-03
7.5563417811e+01 2.8009865219e+01 3.9113260357e+01 3.7068023165e-01 2.8470132659e-02 1.2887620649e+02 1.2605089029e+02 -9.0643345706e-01 1.0978843157e+01 3.7704545463e-03 3.8163269285e-03
3.9558266141e+01 2.0199537638e+01 2.4337069393e+01 5.1062747708e-01 2.5128883592e-02 1.1347125231e+02 1.4222971000e+01 -7.5035945713e-01 1.2118203439e+01 1.1518479459e-02 1.3036923003e-02
3.0460834628e+01 2.5735410765e+01 2.4356915078e+01 8.4486886451e-01 5.2019109060e-02 2.3952143305e+02 6.4655954186e+00 8.7619957168e-01 8.1794513767e+00 1.5224353238e-02 2.1854776455e-02
5.4322398891e+01 2.4576358783e+01 3.1324478849e+01 4.5241666945e-01 4.1725696816e-02 1.9071403904e+02 2.7248441441e+01 9.9172266542e-01 1.1187447565e+01 7.6321052059e-03 8.1002753507e-03
3.5101523048e+01 3.0036873289e+01 2.8250165571e+01 8.5571424488e-01 1.7308388506e-02 7.7703876130e+01 1.0348048073e+02 5.9469884861e-01 1.0105827909e+01 5.0095972797e-03 5.0842046712e-03
4.5393730089e+01 3.2122519826e+01 3.3143985879e+01 7.0764221761e-01 1.3617259346e-02 6.0963941565e+01 4.2449773917e+01 -3.9281586481e-01 1.5930140231e+01 6.3466312722e-03 6.5866011246e-03
3.8526839034e+01 3.3530262845e+01 3.1274101664e+01 8.7030921003e-01 1.6041307946e-02 7.1947167500e+01 2.8629936237e+01 5.1916596781e-01 1.6549796474e+01 7.6173334952e-03 8.0595701529e-03
2.1574290378e+01 1.5857436855e+01 1.6064001381e+01 7.3501545484e-01 1.6046022615e-02 7.1968567704e+01 3.8362350310e+01 -7.9659772109e-01 9.1451906492e+00 1.0350869778e-02 1.0787237102e-02
4.5483021326e+01 3.4826749305e+01 3.4586265451e+01 7.6570879176e-01 6.0840201753e-02 2.8188921505e+02 2.1118505629e+01 -8.8373970225e-01 8.4047720837e+00 7.8041574757e-03 8.4435489284e-03
4.7493996652e+01 3.7981442398e+01 3.6928174089e+01 7.9971038606e-01 5.4193530801e-02 2.4991899789e+02 1.3372650519e+00 9.7060982405e-01 1.0137760982e+01 2.1167292888e-02 1.0000000000e+00
4.1642822142e+01 3.8181541039e+01 3.4706360350e+01 9.1688168753e-01 1.7701668481e-02 7.9492839483e+01 2.6892921880e+01 -2.7397895133e-01 1.2787370834e+01 7.2994144468e-03 7.7537949038e-03
6.1486534543e+01 5.3500507494e+01 4.9906023915e+01 8.7011746379e-01 1.4019737114e-01 6.8468707011e+02 7.0258418369e+00 8.5992307721e-01 8.1352688016e+00 8.9629448895e-03 1.2292643326e-02
3.9626006311e+01 3.8846372561e+01 3.4155063851e+01 9.8032519998e-01 4.7049838570e-02 2.1587364541e+02 1.1874916066e+01 -5.5600543288e-01 8.4883166291e+00 9.8411364267e-03 1.1479936427e-02
2.9040975927e+01 2.1416514347e+01 2.1660619237e+01 7.3745849319e-01 3.0363510916e-02 1.3763838774e+02 3.6761709122e+01 -9.6901219460e-01 8.6804005901e+00 8.6493609479e-03 9.0311893982e-03
8.5545251591e+01 7.4009167955e+01 6.9232033834e+01 8.6514641758e-01 4.3308189545e-02 1.9817303923e+02 1.0594875430e+01 1.9917807035e-02 1.3597936678e+01 6.6192682402e-03 7.9071222378e-03
7.7611469593e+01 5.2837491626e+01 5.5543434980e+01 6.8079488641e-01 7.3274256089e-02 3.4244881202e+02 7.6973056614e+00 -8.1313554426e-01 1.5931218134e+01 8.4130615066e-03 1.1075773871e-02
2.5506472475e+01 2.2106824768e+01 2.0661431600e+01 8.6671431299e-01 1.0687859704e-02 4.7743565931e+01 1.8151222561e+02 -5.8651963732e-01 9.4327409444e+00 4.9541611065e-03 4.9957331277e-03
3.4349734669e+01 3.1109670528e+01 2.8450956268e+01 9.0567426003e-01 1.3759036299e-02 6.1605241462e+01 3.9358865898e+02 -7.8741604279e-01 8.0200409184e+00 3.0287262593e-03 3.0403502973e-03
3.6772525337e+01 3.6196833124e+01 3.1760571848e+01 9.8434450157e-01 5.2027500745e-02 2.3956150178e+02 2.2170652349e+01 9.2386528573e-01 9.0491178334e+00 8.1246879033e-03 8.7540630353e-03
3.5315201293e+01 1.7910703122e+01 2.1648109843e+01 5.0716695549e-01 2.1183347752e-02 9.5375362369e+01 4.5515248666e+01 9.4637474484e-01 1.1455106129e+01 8.0312765579e-03 8.3131489063e-03
6.8074960138e+01 6.4160210532e+01 5.7528428370e+01 9.4249354538e-01 5.2933328397e-02 2.4388931730e+02 9.2651105824e+01 -9.2855078876e-01 9.4903884921e+00 3.2766092386e-03 3.3312871542e-03
2.2501293351e+01 1.4413327144e+01 1.5600673717e+01 6.4055549693e-01 1.4326241896e-02 6.4172230667e+01 6.2760183518e+00 -9.3714576085e-01 1.5636859477e+01 2.0807194731e-02 3.0437165004e-02
5.6764200327e+01 5.2472048163e+01 4.7503780006e+01 9.2438628327e-01 6.7750861708e-02 3.1542691854e+02 5.2900443393e+01 9.6137356189e-01 8.7955984217e+00 4.5172558469e-03 4.6524276901e-03
7.3322808823e+01 6.5115764855e+01 6.0131733014e+01 8.8806970028e-01 3.5117967989e-02 1.5974493854e+02 1.9438692504e+01 9.8722767089e-01 3.2217424683e+01 5.7857827114e-03 6.3078784939e-03
3.4954734821e+01 3.2358663516e+01 2.9273702124e+01 9.2573048207e-01 4.1669427894e-02 1.9044911760e+02 6.7520762056e+00 -8.8661777379e-01 1.3180983448e+01 1.3435443675e-02 1.8811279771e-02
4.0098054822e+01 3.8108005517e+01 3.4027938019e+01 9.5037042784e-01 5.8046769047e-02 2.6841858752e+02 2.7658970202e+01 -9.5525408295e-01 8.6193105010e+00 7.1370613356e-03 7.5676230705e-03
3.5651317625e+01 2.4889935642e+01 2.5849332567e+01 6.9814910921e-01 5.4484982547e-02 2.5131495342e+02 3.9851305997e+00 9.9441530699e-01 9.9119400523e+00 1.7561988981e-02 1.0000000000e+00
3.5307024050e+01 2.5438245503e+01 2.6019950615e+01 7.2048682062e-01 2.1007327834e-02 9.4570468525e+01 4.9291166925e+01 -4.8073011401e-01 8.2842229257e+00 6.9490070325e-03 7.1730869825e-03
3.6904422943e+01 2.9213274356e+01 2.8545105324e+01 7.9159276927e-01 5.8007145382e-02 2.6822786985e+02 7.2229480052e+00 -9.2543548122e-01 9.4597325310e+00 1.3179233519e-02 1.7836642145e-02
4.5988498044e+01 4.5529227805e+01 3.9834801961e+01 9.9001336729e-01 1.0438011722e-01 4.9816125812e+02 5.3984459147e+00 -8.1220488353e-01 8.2153530362e+00 1.1620014875e-02 1.9283698782e-02
3.6962071256e+01 2.9322801206e+01 2.8621617178e+01 7.9332137538e-01 1.0960462728e-02 4.8971390705e+01 1.3710208226e+02 -1.3485383122e-01 8.4666816030e+00 4.4888646599e-03 4.5389846281e-03
3.0235644678e+01 2.0221029186e+01 2.1439258946e+01 6.6878114890e-01 1.9505753203e-02 8.7712531162e+01 8.1301188921e+00 9.3206917812e-01 1.8017902994e+01 1.5430668812e-02 1.9892305881e-02
5.3913406641e+01 4.0190393529e+01 4.0436167567e+01 7.4546195524e-01 3.6988225226e-02 1.6848156009e+02 2.8164701365e+01 -8.8806952420e-01 1.5340975950e+01 6.4445326538e-03 6.8255526803e-03
2.9902930235e+01 2.4182511835e+01 2.3383688509e+01 8.0870040645e-01 3.1149457337e-02 1.4128252280e+02 1.3287846538e+01 -7.4078574259e-01 9.3467043689e+00 1.2070593371e-02 1.3805621411e-02
3.1538652261e+01 2.0609826301e+01 2.2095414284e+01 6.5347834556e-01 3.3093217472e-02 1.5031243135e+02 5.3664551465e+00 6.0873568702e-01 8.3158126778e+00 1.7549384612e-02 2.9312066566e-02
4.2143299324e+01 3.6556479158e+01 3.4152384742e+01 8.6743277683e-01 2.4763404224e-02 1.1179067359e+02 8.6707797548e+01 -6.9549992994e-01 1.0429622551e+01 4.7328313995e-03 4.8174023560e-03
7.9168682886e+01 7.1826834766e+01 6.5631340988e+01 9.0726322768e-01 1.1435889524e-01 5.4936280263e+02 1.6619151202e+00 -9.1785631878e-01 1.3413087951e+01 1.3155495249e-02 1.0000000000e+00
8.3160711080e+01 8.1714878221e+01 7.1762957245e+01 9.8261399114e-01 1.9568427305e-01 9.8820050746e+02 8.8015872625e+00 -9.6082585256e-01 9.7485503122e+00 6.3718030115e-03 7.9974844761e-03
8.1648120937e+01 7.0390544208e+01 6.5960737178e+01 8.6212081062e-01 1.5474515523e-01 7.6258708872e+02 2.0747638219e+01 9.6513786201e-01 8.1072971370e+00 4.9768002726e-03 5.3930056222e-03
2.5185809543e+01 2.5062023256e+01 2.1871559931e+01 9.9508507811e-01 1.4837386471e-02 6.6487351640e+01 8.7167007370e+01 6.1501050151e-01 9.5373437120e+00 6.2786468485e-03 6.3902294786e-03
6.7103665476e+01 5.0057669447e+01 5.0346960826e+01 7.4597518768e-01 2.4379575495e-02 1.1002667130e+02 4.2333464009e+01 -2.5374143276e-01 1.2150489365e+01 4.8600748618e-03 5.0443778695e-03
6.5491526344e+01 6.1556341270e+01 5.5268957201e+01 9.3991306518e-01 2.1134814153e-01 1.0769477379e+03 4.3496456741e+00 8.9973396188e-01 8.0536855291e+00 9.6918488611e-03 2.4944010365e-02
2.3746105771e+01 1.7774525244e+01 1.7847667047e+01 7.4852379649e-01 2.2163601232e-02 9.9861575322e+01 1.8637057198e+01 -8.2504651275e-01 9.2604570729e+00 1.2657285439e-02 1.3857564611e-02
7.8632682166e+01 5.3449977740e+01 5.6229110037e+01 6.7974252266e-01 6.9307321068e-02 3.2302211210e+02 7.7466618256e+00 9.0303262762e-01 1.8771233123e+01 8.3481054280e-03 1.0961985252e-02
3.2569881262e+01 3.0564007328e+01 2.7463973688e+01 9.3841322546e-01 5.5278635274e-02 2.5511903847e+02 1.3370845453e+01 9.7996921935e-01 8.5355191857e+00 1.0734444924e-02 1.2265129195e-02
4.4481692137e+01 3.3698620069e+01 3.3640045167e+01 7.5758404077e-01 2.4241298904e-02 1.0939141800e+02 5.5791436959e+01 3.8628279485e-01 8.3354145387e+00 5.6385979534e-03 5.7981203320e-03
1.6460274382e+01 1.4050748953e+01 1.3230936099e+01 8.5361571906e-01 2.0720125576e-02 9.3257608662e+01 9.7825696072e+00 9.4607252585e-01 8.2207981866e+00 1.9450918173e-02 2.3689976827e-02
7.9803894098e+01 6.9871664185e+01 6.4977788356e+01 8.7554203933e-01 2.3006369054e-01 1.1846907565e+03 4.0054171732e+00 -9.1798143800e-01 9.8004803622e+00 8.9483921269e-03 1.0655483110e-01
3.7557286981e+01 3.2868059722e+01 3.0572796765e+01 8.7514467534e-01 4.3460006674e-02 1.9888947572e+02 5.5903113960e+01 9.4866195432e-01 8.1259667664e+00 5.9122172199e-03 6.0791288928e-03
4.6279707942e+01 4.0095992045e+01 3.7481471066e+01 8.6638386083e-01 2.6635126233e-02 1.2040671150e+02 8.3709209763e+01 -5.9153543641e-01 9.5442382084e+00 4.5197072977e-03 4.6034622610e-03
2.6662907567e+01 1.3287676240e+01 1.6192328312e+01 4.9835811068e-01 2.4534395053e-02 1.1073807453e+02 4.1785698285e+00 8.5619864426e-01 8.3161725242e+00 2.3530869030e-02 7.6752991267e-02
3.6061537350e+01 3.5747844175e+01 3.1256490881e+01 9.9130117022e-01 2.2057179187e-02 9.9374216983e+01 2.2706417098e+02 -9.0768260145e-01 8.6381848820e+00 3.4922504444e-03 3.5156038266e-03
3.1559598143e+01 2.1875402626e+01 2.2797506481e+01 6.9314579123e-01 1.1782583064e-02 5.2677307726e+01 1.2212485002e+02 -4.6267656763e-01 9.3635706233e+00 5.4014471965e-03 5.4693242937e-03
4.2568411452e+01 3.4547463929e+01 3.3348277819e+01 8.1157512696e-01 1.4419959009e-02 6.4596571483e+01 3.5031312202e+01 2.1077119309e-01 1.2930840743e+01 6.7911385873e-03 7.1070388994e-03
4.2634483902e+01 3.6542654389e+01 3.4341297525e+01 8.5711496996e-01 7.0988353927e-02 3.3124232510e+02 4.8651094544e+00 7.0757910118e-01 8.7916115515e+00 1.3513259194e-02 2.5823683535e-02
3.4476437438e+01 2.4613785959e+01 2.5288167233e+01 7.1393066652e-01 1.5644054503e-02 7.0144540880e+01 2.7440492961e+02 7.8547703739e-01 8.2073761347e+00 3.7280950268e-03 3.7486808087e-03
3.3625873159e+01 3.3424676468e+01 2.9185289201e+01 9.9401661068e-01 1.9250419095e-02 8.6547871416e+01 1.7957502926e+02 8.4744873225e-01 9.9790130183e+00 3.9872682167e-03 4.0210932958e-03
3.9282225016e+01 2.5161680002e+01 2.7234854444e+01 6.4053601831e-01 3.0184497892e-02 1.3680894045e+02 1.5356110824e+01 4.8733212730e-01 8.3737047752e+00 1.0400165150e-02 1.1646209323e-02
3.1410393085e+01 2.8638839600e+01 2.6104524126e+01 9.1176317095e-01 3.0777634528e-02 1.3955801535e+02 3.6284736670e+00 3.6586876909e-01 8.0076700995e+00 1.8337865055e-02 1.0000000000e+00
4.5507591639e+01 3.5603516140e+01 3.4988875013e+01 7.8236432334e-01 4.7760614002e-02 2.1924633642e+02 6.2314964926e+00 8.3211239808e-01 1.4229584754e+01 1.2340381327e-02 1.8137487862e-02
2.9166969182e+01 2.3183445345e+01 2.2607760484e+01 7.9485273908e-01 2.0546618924e-02 9.2464740295e+01 2.3238935328e+01 -8.7381208921e-01 1.3671144660e+01 1.0061394158e-02 1.0799940434e-02
4.1721857562e+01 2.3216080921e+01 2.6865308218e+01 5.5644888021e-01 1.4280183040e-02 6.3963702774e+01 3.5892570619e+01 -3.0173905413e-01 1.0993861658e+01 7.7037188876e-03 8.0527379369e-03
4.1180716419e+01 3.0910312806e+01 3.0995748867e+01 7.5060162848e-01 3.5951667364e-02 1.6363661330e+02 2.3352866623e+01 -8.2416462961e-01 1.1171379223e+01 8.1684969528e-03 8.7647642092e-03
5.2475790746e+01 4.4118719409e+01 4.1856088920e+01 8.4074425143e-01 3.6331534605e-02 1.6541132537e+02 8.3857117847e+01 -9.3845191581e-01 1.1531118362e+01 4.1909011716e-03 4.2684213352e-03
8.4857574202e+01 7.4186457283e+01 6.9040777208e+01 8.7424673613e-01 1.7215630906e-01 8.5740091466e+02 4.9869039091e+00 -7.2402440543e-01 1.0064644294e+01 8.1785651438e-03 1.5014492811e-02
4.2733111324e+01 3.5640428246e+01 3.3946153018e+01 8.3402371466e-01 4.6518659715e-02 2.1335528527e+02 4.7513397370e+01 -9.7328276140e-01 9.2653885163e+00 5.8752824258e-03 6.0722711702e-03
3.5913362250e+01 3.2909027600e+01 2.9922420361e+01 9.1634493508e-01 2.8668602430e-02 1.2979357742e+02 7.5356785840e+01 -8.5801759770e-01 9.8695749622e+00 5.4054235333e-03 5.5171194338e-03
5.6995015674e+01 2.6027951185e+01 3.3031360876e+01 4.5667065579e-01 3.4253196560e-02 1.5571302668e+02 2.2901896604e+01 -5.1073052991e-01 8.7995053212e+00 7.9158601474e-03 8.5066857121e-03
4.4472644210e+01 4.0501664035e+01 3.6938730341e+01 9.1070960035e-01 2.0098506895e-02 9.0417942114e+01 1.1527156349e+02 5.2652715937e-01 9.9751656078e+00 4.0616021173e-03 4.1157513025e-03
5.1961270377e+01 3.0924550891e+01 3.4665210997e+01 5.9514616688e-01 5.0143927383e-02 2.3057913646e+02 1.9251679193e+01 -8.0738660220e-01 9.6056323035e+00 8.1195290724e-03 8.8605860797e-03
8.0882965431e+01 8.0787197165e+01 7.0371010742e+01 9.9881596495e-01 1.1308043382e-01 5.4276960366e+02 2.1529210003e+01 8.5586571836e-01 1.0321361452e+01 4.8231969566e-03 5.2096632675e-03
4.2761409764e+01 3.2686330122e+01 3.2487901478e+01 7.6438850595e-01 4.7895013070e-02 2.1988443812e+02 3.1242860009e+01 9.4886621670e-01 9.4289881473e+00 7.0609730482e-03 7.4332088509e-03
4.2593351722e+01 3.5192509011e+01 3.3674030110e+01 8.2624418103e-01 3.1284196271e-02 1.4190766388e+02 5.8494005414e+01 9.3254488827e-01 1.2174742461e+01 5.5123028640e-03 5.6606859012e-03
3.0157716769e+01 1.5351708291e+01 1.8523064149e+01 5.0904743248e-01 1.2243510224e-02 5.4757040660e+01 1.5224083235e+01 1.9701966334e-01 8.6328909434e+00 1.3422948284e-02 1.5048406652e-02
3.4884548488e+01 3.0309562412e+01 2.8293455422e+01 8.6885351041e-01 5.3520653278e-02 2.4669821966e+02 4.8444518278e+00 -8.4572044629e-01 1.0122029997e+01 1.5434705584e-02 2.9716626815e-02
3.2267770773e+01 3.0887524225e+01 2.7482060013e+01 9.5722522770e-01 3.7752023004e-02 1.7205609683e+02 4.8639116114e+00 -9.3967986850e-01 1.4984091097e+01 1.5842978030e-02 3.0288687615e-02
4.3264949208e+01 4.2354969243e+01 3.7265708231e+01 9.7896727071e-01 5.8480103697e-02 2.7050497852e+02 3.3558622018e+00 -5.6261824523e-01 9.4540280898e+00 1.4867883492e-02 1.0000000000e+00
5.7391290786e+01 2.6313981593e+01 3.3332583267e+01 4.5850130276e-01 5.4719774225e-02 2.5243992187e+02 1.4855484592e+01 7.9090911570e-01 8.8331777877e+00 9.1455408963e-03 1.0287231168e-02
3.3621658750e+01 2.8659172700e+01 2.7005908439e+01 8.5240210525e-01 2.5220304977e-02 1.1389177222e+02 6.7980664686e+01 7.9584060509e-01 9.6141301453e+00 6.0027978986e-03 6.1408709240e-03
4.3968331150e+01 3.3472597576e+01 3.3335235562e+01 7.6128878901e-01 2.2219706807e-02 1.0011854032e+02 8.9606562308e+01 -8.3147598108e-01 1.3043974392e+01 4.7534994818e-03 4.8356040810e-03
3.5725770207e+01 2.7688344139e+01 2.7335685203e+01 7.7502441456e-01 2.6107429119e-02 1.1797523540e+02 1.6478719439e+02 -9.9554511945e-01 8.4288867411e+00 4.2719159351e-03 4.3114633508e-03
3.3171604350e+01 1.4618188075e+01 1.8859448310e+01 4.4068378247e-01 2.1368013787e-02 9.6220014038e+01 4.7885529172e+01 -8.7421038917e-01 8.7340876885e+00 8.5881497903e-03 8.8737199286e-03
3.9185967742e+01 2.9140586590e+01 2.9353467794e+01 7.4364851168e-01 2.1894658385e-02 9.8630100262e+01 9.3222985904e+01 -5.6410945116e-01 8.3360006797e+00 5.0720514355e-03 5.1561553657e-03
3.0112719243e+01 2.0925736490e+01 2.1781055978e+01 6.9491354539e-01 3.6147861086e-02 1.6455309830e+02 2.6947558317e+01 9.8261381652e-01 8.0626267662e+00 9.6502384394e-03 1.0249593603e-02
4.0998754595e+01 3.6039767465e+01 3.3449528339e+01 8.7904542032e-01 2.3125944887e-02 1.0427202861e+02 8.2921685282e+01 -6.8884747680e-01 1.1023619642e+01 4.8805724369e-03 4.9719033358e-03
3.6793088999e+01 3.0793891113e+01 2.9279650207e+01 8.3694769727e-01 2.8452770684e-02 1.2879596797e+02 2.1772566623e+01 7.0518689220e-01 1.1647648260e+01 8.7294269406e-03 9.4198836481e-03
5.4023742978e+01 3.7828463807e+01 3.9230523769e+01 7.0021923180e-01 1.7732611195e-02 7.9633636399e+01 8.2573249890e+01 7.7320084859e-01 1.8647397273e+01 4.4393547708e-03 4.5227918510e-03
5.6602738137e+01 5.6271732181e+01 4.9131213351e+01 9.9415212113e-01 4.8406225950e-02 2.2231264582e+02 6.3767867722e+01 -7.6841684610e-01 9.4900225092e+00 4.1712441124e-03 4.2738168457e-03
5.7768555453e+01 5.0391014430e+01 4.6947641022e+01 8.7229140550e-01 1.1263930327e-01 5.4049690111e+02 5.1598335955e+00 8.1058562958e-01 9.7018915385e+00 1.0615788304e-02 1.8579852150e-02
1.4973533281e+01 1.1350662170e+01 1.1327557432e+01 7.5804834816e-01 1.2801300479e-02 5.7275733257e+01 2.8343487550e+01 8.8489784443e-01 8.4176770152e+00 1.4453164089e-02 1.5301688867e-02
3.7378595171e+01 3.5249090350e+01 3.1596726607e+01 9.4302876257e-01 2.3796222543e-02 1.0734756298e+02 2.1152403538e+02 -8.6940925660e-01 8.0739382559e+00 3.5583698620e-03 3.5839367128e-03
8.6099015186e+01 6.7831169748e+01 6.6434204048e+01 7.8782747516e-01 1.2213305123e-01 5.8966476318e+02 1.4610946631e+01 -8.1019875331e-01 9.8587517899e+00 5.7529924444e-03 6.4862007745e-03
3.0363139922e+01 2.4520616648e+01 2.3726740221e+01 8.0757842275e-01 1.3675334831e-02 6.1226618199e+01 2.7356611330e+02 -9.6696529393e-01 1.0838355996e+01 3.8887657572e-03 3.9103052418e-03
3.2837524980e+01 2.4019058602e+01 2.4389319710e+01 7.3145155175e-01 2.2317207324e-02 1.0056514496e+02 1.4347187631e+02 9.5436930047e-01 8.9221799639e+00 4.8433109536e-03 4.8949403435e-03
3.4082900400e+01 2.9631926074e+01 2.7652204196e+01 8.6940740742e-01 1.9515495726e-02 8.7756978497e+01 2.3991717969e+02 9.6878700804e-01 9.2166924021e+00 3.6988821650e-03 3.7222767845e-03
2.7089276455e+01 1.1420915291e+01 1.5037784374e+01 4.2160281800e-01 1.7939796657e-02 8.0576545492e+01 2.3620053557e+01 -9.6438635370e-01 9.9804972978e+00 1.2923322940e-02 1.3854535045e-02
4.1677565279e+01 4.0640302836e+01 3.5827519632e+01 9.7511221118e-01 7.0575465023e-02 3.2922166163e+02 1.0561113247e+01 9.6781913773e-01 1.0033877423e+01 9.8431326443e-03 1.1766787210e-02
6.4271379796e+01 6.3688340010e+01 5.5697009269e+01 9.9092846944e-01 9.7789973917e-02 4.6467638685e+02 1.2075272212e+01 -5.9414914721e-01 8.1417972221e+00 6.9942303994e-03 8.1333103429e-03
3.5413124601e+01 2.8668690903e+01 2.7707433807e+01 8.0954988373e-01 6.2108892833e-02 2.8802354628e+02 4.1601198065e+00 8.5813771741e-01 8.5579711118e+00 1.6473190105e-02 5.5882458382e-02
4.5834445989e+01 3.4463706066e+01 3.4529577803e+01 7.5191715145e-01 2.1089056061e-02 9.4944165086e+01 1.2047137035e+02 -7.3326523084e-01 1.1250314077e+01 4.1644245018e-03 4.2174917574e-03
4.3562298245e+01 3.5177097078e+01 3.4039569095e+01 8.0751242462e-01 6.3799004542e-02 2.9621138216e+02 1.4172959752e+01 9.2339304045e-01 9.1327259613e+00 9.1378866057e-03 1.0347864300e-02
2.3743621455e+01 2.1805225226e+01 1.9804735425e+01 9.1836139097e-01 1.6317544692e-02 7.3201275562e+01 2.3335697757e+01 -9.6137373781e-01 1.5811424965e+01 1.0940543668e-02 1.1739828627e-02
6.0165617723e+01 3.6923072401e+01 4.0790027560e+01 6.1369057277e-01 5.3047895513e-02 2.4443706501e+02 2.0449416124e+01 9.7030297766e-01 1.3022539203e+01 7.1579568129e-03 7.7667259853e-03
3.0900462457e+01 2.8973604108e+01 2.6045503013e+01 9.3764305788e-01 4.1774421642e-02 1.9094345850e+02 5.6281286346e+00 -9.5060727357e-01 1.2384971798e+01 1.5473647985e-02 2.4637461033e-02
3.9090771856e+01 1.9938405601e+01 2.4035073636e+01 5.1005402692e-01 3.7007814140e-02 1.6857318767e+02 7.8779734398e+00 -6.3296022220e-01 8.1292342027e+00 1.4383782990e-02 1.8762977291e-02
6.5479283415e+01 6.5367341462e+01 5.6954276485e+01 9.9829042183e-01 6.2727370836e-02 2.9101769445e+02 3.8365912849e+01 8.2500841702e-01 1.1266844521e+01 4.5627170629e-03 4.7550507673e-03
4.9560014451e+01 4.2342189435e+01 3.9854526690e+01 8.5436192672e-01 7.8733633509e-02 3.6934536137e+02 7.4821168052e+00 8.6069138385e-01 1.0244152138e+01 1.0430176061e-02 1.3895032603e-02
3.9134404122e+01 1.4783121384e+01 2.0466752159e+01 3.7775256111e-01 1.6806079549e-02 7.5420460148e+01 3.5590940680e+01 -6.4209780863e-01 1.0169250272e+01 9.1461649069e-03 9.5643479708e-03
3.9034517457e+01 3.5237699958e+01 3.2278143125e+01 9.0273179364e-01 1.7675273099e-02 7.9372739088e+01 1.6524226468e+02 -9.4542744394e-01 1.3677500007e+01 3.8663548687e-03 3.9020475391e-03
3.2149336115e+01 3.1375746476e+01 2.7648437825e+01 9.7593761698e-01 2.0494400028e-02 9.2226156305e+01 2.0723177977e+01 9.9133423328e-01 2.0659013810e+01 9.2618734821e-03 1.0037496887e-02
7.8874498128e+01 6.1789047802e+01 6.0683770140e+01 7.8338435449e-01 5.9795708220e-02 2.7684659357e+02 1.2599668919e+01 -4.0486802626e-01 1.1298835698e+01 6.6696320212e-03 7.6967237508e-03
6.0219419287e+01 3.7552380290e+01 4.1170078810e+01 6.2359253435e-01 4.6244773793e-02 2.1205748305e+02 8.5962417625e+01 9.1662503589e-01 8.6380258843e+00 4.1703320438e-03 4.2455194314e-03
3.5620119665e+01 2.7368618093e+01 2.7134158967e+01 7.6834716868e-01 1.5353243610e-02 6.8825590281e+01 3.9167529570e+02 -9.1095024156e-01 8.0576361303e+00 3.1224103082e-03 3.1344528545e-03
4.5070717793e+01 3.0510954864e+01 3.2160801586e+01 6.7695737627e-01 2.4106417179e-02 1.0877188301e+02 1.6464609613e+01 2.8319602867e-01 9.8648718780e+00 9.1657706034e-03 1.0174106220e-02
4.3648039798e+01 3.0812666644e+01 3.1829585830e+01 7.0593471750e-01 1.5835573219e-02 7.1013468294e+01 1.4913570315e+02 -8.5590182374e-01 1.4435681936e+01 4.0578279594e-03 4.0994103384e-03
4.9137101494e+01 3.8359265827e+01 3.7737218654e+01 7.8065788703e-01 3.6870921717e-02 1.6793292272e+02 1.2356451326e+02 -9.1893609609e-01 8.4327721960e+00 3.8650175239e-03 3.9130082703e-03
2.6152412498e+01 2.3396291333e+01 2.1527262540e+01 8.9461311971e-01 2.8077485600e-02 1.2706207061e+02 5.1091078873e+01 -9.5999000610e-01 8.4734227581e+00 7.6852355057e-03 7.9238198463e-03
2.7376257196e+01 2.0564748552e+01 2.0613752505e+01 7.5118919305e-01 1.0825029067e-02 4.8361324733e+01 4.8515253691e+02 -9.6983054010e-01 9.0025686885e+00 3.4311975665e-03 3.4418667095e-03
4.0740893063e+01 3.9269763834e+01 3.4819596439e+01 9.6389059939e-01 1.7016303674e-02 7.6375900308e+01 3.9463826438e+02 9.5331903732e-01 8.1850291288e+00 2.6614987441e-03 2.6716860302e-03
3.7065735933e+01 2.5412339051e+01 2.6623480665e+01 6.8560190189e-01 2.6152799963e-02 1.1818421885e+02 1.0113523034e+01 7.2229604999e-01 1.3804028054e+01 1.2367567100e-02 1.4936999569e-02
6.3963405137e+01 4.3039818480e+01 4.5498997913e+01 6.7288191409e-01 3.3683878551e-02 1.5306131114e+02 4.1433306019e+01 -6.8626548086e-01 1.3591199865e+01 5.1900454786e-03 5.3914482324e-03
3.7714471239e+01 2.9970174111e+01 2.9229429710e+01 7.9465979839e-01 4.1088965694e-02 1.8771742643e+02 2.2059661599e+01 8.0051517710e-01 8.9961853341e+00 8.6298562146e-03 9.3022289422e-03
6.2347031202e+01 4.9108088990e+01 4.8101794945e+01 7.8765721547e-01 9.0393442802e-02 4.2740928881e+02 1.9265234654e+01 -8.5070191396e-01 8.5410208569e+00 6.4608559501e-03 7.0500405538e-03
6.3072631804e+01 6.1958029391e+01 5.4420161217e+01 9.8232827169e-01 8.8326503200e-02 4.1705505133e+02 1.3654779945e+01 -6.7068516043e-01 9.2066797907e+00 6.8134109640e-03 7.7592180619e-03
4.6113551497e+01 4.2047530959e+01 3.8325343799e+01 9.1182590787e-01 5.2537266287e-02 2.4199638491e+02 1.3439120687e+01 -5.4834378126e-01 8.4730137665e+00 8.7137372381e-03 9.9481930147e-03
3.8308414601e+01 3.0855111505e+01 2.9894917156e+01 8.0543953140e-01 1.7412547050e-02 7.8177575038e+01 1.0047074558e+00 7.7510723125e-01 1.4054836754e+01 2.7492982551e-02 1.0000000000e+00
7.9486884913e+01 6.4775970434e+01 6.2401458208e+01 8.1492651907e-01 1.2141178558e-01 5.8591055437e+02 1.4939839957e+01 -8.1912043359e-01 9.2283502105e+00 5.9352785330e-03 6.6710119820e-03
4.1969339299e+01 3.7261937728e+01 3.4414321351e+01 8.8783712945e-01 2.4589579895e-02 1.1099168987e+02 2.9734814314e+01 -8.6152399952e-01 1.8044435697e+01 7.0370488551e-03 7.4288166222e-03
4.3044214200e+01 3.7580400231e+01 3.4997109859e+01 8.7306507806e-01 3.2537522522e-02 1.4772836965e+02 8.1330832505e+01 8.7288146845e-01 1.0199662560e+01 4.7518614726e-03 4.8425846500e-03
4.1577499719e+01 1.6609838607e+01 2.2416539528e+01 3.9949104010e-01 3.5907224003e-02 1.6342903880e+02 2.3333464995e+01 -9.3798444813e-01 8.3350411934e+00 1.0005703616e-02 1.0736771525e-02
4.0277492560e+01 3.9889584723e+01 3.4894256937e+01 9.9036911653e-01 2.3238920770e-02 1.0479020388e+02 3.5031771806e+01 4.3434672227e-01 1.1125174582e+01 6.5658442394e-03 6.8712602790e-03
3.7582797876e+01 2.8316392164e+01 2.8342633482e+01 7.5344023766e-01 2.5771393410e-02 1.1642783903e+02 2.8112235241e+01 -4.3374732965e-01 8.2453728459e+00 8.1078039013e-03 8.5881565218e-03
2.9666232245e+01 2.7865317171e+01 2.5027335511e+01 9.3929410855e-01 1.5190797894e-02 6.8089076413e+01 9.0414442414e+01 -6.2239330833e-01 1.0885066018e+01 5.6915444864e-03 5.7889451994e-03
4.0561160519e+01 2.9291150631e+01 2.9927602490e+01 7.2214774569e-01 3.7874902284e-02 1.7263152147e+02 4.5144658466e+01 -9.3137388618e-01 9.4988636801e+00 6.5134002737e-03 6.7440007414e-03
3.1815481131e+01 2.5193543007e+01 2.4613191129e+01 7.9186427838e-01 4.2696703978e-02 1.9528890611e+02 5.5237938133e+00 -9.7844167178e-01 1.1507727007e+01 1.6134406429e-02 2.6151386102e-02
5.6439900892e+01 5.0164792331e+01 4.6305853321e+01 8.8881786711e-01 8.0516093942e-02 3.7816719645e+02 1.5156472158e+00 9.6830208505e-01 1.0877931193e+01 1.7264519209e-02 1.0000000000e+00
7.0124330469e+01 1.9929293082e+01 3.1355673569e+01 2.8419940624e-01 3.2736778210e-02 1.4865470436e+02 3.7820057037e+01 6.9964862530e-01 9.4582498041e+00 6.7816256752e-03 7.0719512104e-03
2.6827498126e+01 2.0520793649e+01 2.0389366520e+01 7.6491641348e-01 1.4584601488e-02 6.5342197014e+01 3.4093858797e+01 6.7772306272e-01 1.2281811317e+01 9.3295282480e-03 9.7765142745e-03
5.0559199885e+01 2.4014862809e+01 2.9926134312e+01 4.7498502476e-01 2.4909401860e-02 1.1246190645e+02 8.4290755099e+00 3.5827305722e-01 1.1305386472e+01 1.2318085173e-02 1.5679899514e-02
5.3115943292e+01 4.2076850607e+01 4.1099833268e+01 7.9216988345e-01 1.7124949318e-02 7.6869795711e+01 1.8205154020e+02 5.7025784569e-01 1.0317527965e+01 3.2069255615e-03 3.2337549969e-03
3.2338000943e+01 3.1563772390e+01 2.7812412457e+01 9.7605824324e-01 1.4703578695e-02 6.5881128665e+01 2.5759490566e+02 -7.0545662136e-01 8.8680263032e+00 3.5992176379e-03 3.6204027638e-03
4.8773055656e+01 4.7864240619e+01 4.2061594174e+01 9.8136645275e-01 6.1133932496e-02 2.8330854225e+02 1.1490907463e+01 -7.3577095384e-01 1.0782864506e+01 8.6746690170e-03 1.0184398257e-02
3.3560678810e+01 1.1081051977e+01 1.6304175153e+01 3.3017961405e-01 1.5754613624e-02 7.0646121726e+01 8.4093573060e+00 5.4231314698e-01 9.4843253719e+00 1.8121949611e-02 2.3086082103e-02
3.0707323246e+01 2.8003797236e+01 2.5522972781e+01 9.1195826519e-01 1.2488265048e-02 5.5861969904e+01 2.7919606510e+02 -8.6483695062e-01 1.1189644450e+01 3.6898097428e-03 3.7098309985e-03
4.1443184834e+01 3.3539482353e+01 3.2420037288e+01 8.0928824575e-01 1.1460230927e-02 5.1223682053e+01 2.6103092887e+02 -6.8766861265e-01 1.2232631618e+01 3.2606921930e-03 3.2796294103e-03
2.6041385407e+01 1.7341321657e+01 1.8424021752e+01 6.6591394373e-01 1.5545404336e-02 6.9697057182e+01 4.5460795697e+01 8.4364110594e-01 1.1389199393e+01 8.9177335358e-03 9.2311172337e-03
4.5516637744e+01 4.0979196675e+01 3.7587299986e+01 9.0031247267e-01 3.7682176959e-02 1.7172906254e+02 2.7195937982e+01 7.5919947259e-01 1.2092724757e+01 6.8318889353e-03 7.2518754444e-03
3.3773721635e+01 2.4971294644e+01 2.5224222085e+01 7.3937053528e-01 1.1936990618e-02 5.3373845618e+01 1.4976988160e+02 -3.7026731236e-01 8.5133408823e+00 4.6965562421e-03 4.7444763321e-03
2.1582931527e+01 1.9954812739e+01 1.8063681705e+01 9.2456452052e-01 1.2410331926e-02 5.5510102420e+01 4.8754818801e+01 8.0775117015e-01 1.3127014207e+01 8.8117544712e-03 9.0992174002e-03
3.6460020849e+01 2.6709524859e+01 2.7101185839e+01 7.3257020256e-01 4.0799840311e-02 1.8635760147e+02 1.7493061474e+01 -7.3582790226e-01 8.1067607840e+00 9.8712889607e-03 1.0880706894e-02
5.7619962895e+01 3.7064215716e+01 4.0036968861e+01 6.4325302992e-01 5.6834981805e-02 2.6259051194e+02 1.0586670081e+01 7.8035959396e-01 1.1692287561e+01 9.2489673064e-03 1.1050407536e-02
3.3418864477e+01 1.9609363645e+01 2.2129504537e+01 5.8677528253e-01 2.6153806743e-02 1.1818885635e+02 5.6787446987e+01 -9.4149491469e-01 8.9730949701e+00 7.2687715461e-03 7.4706200950e-03
3.5676468396e+01 3.0392237127e+01 2.8647554620e+01 8.5188468741e-01 3.3092265949e-02 1.5030800491e+02 9.0221090621e+01 9.4968552541e-01 8.4474496610e+00 5.1780179215e-03 5.2668264689e-03
3.0476343019e+01 2.2633006849e+01 2.2813339719e+01 7.4264182009e-01 3.2371252640e-02 1.4695558457e+02 2.0045483970e+01 -7.6243529472e-01 8.1009772866e+00 1.0499027099e-02 1.1412951025e-02
3.2958576442e+01 2.7338374414e+01 2.6108721713e+01 8.2947679682e-01 1.6321118467e-02 7.3217503757e+01 6.5379193915e+01 4.9772295972e-01 1.0071136731e+01 6.2552627651e-03 6.4051226559e-03
8.4788181556e+01 7.7675775347e+01 7.0635194531e+01 9.1611559444e-01 6.1581546241e-02 2.8547249684e+02 4.4684562566e+01 -5.3971897682e-01 9.3044158745e+00 3.7692297491e-03 3.9041415719e-03
3.2800644907e+01 8.6129039478e+00 1.4034298270e+01 2.6258337213e-01 1.2045726065e-02 5.3864451107e+01 2.3826742668e+01 -5.9426780522e-01 8.8884309954e+00 1.3498242207e-02 1.4461295678e-02
3.1506230239e+01 2.1811708017e+01 2.2744531797e+01 6.9229824869e-01 3.2655940308e-02 1.4827885957e+02 3.4259769839e+01 9.0783809896e-01 8.2163935854e+00 8.6021333783e-03 9.0120943506e-03
2.2703054676e+01 1.9787356622e+01 1.8442723646e+01 8.7157243393e-01 1.7694715051e-02 7.9461200554e+01 9.3710100884e+01 8.8725399527e-01 8.7111670994e+00 6.7857714754e-03 6.8976892898e-03
3.4943858933e+01 3.4587313860e+01 3.0264723328e+01 9.8979663142e-01 5.0891204066e-02 2.3414001296e+02 2.0764388861e+01 -9.2254296229e-01 8.8372731339e+00 8.5875053332e-03 9.3049984488e-03
3.8692834772e+01 3.8079458590e+01 3.3415801733e+01 9.8414755119e-01 5.3389262649e-02 2.4606964722e+02 2.9963720156e+01 9.5502791651e-01 8.9387935260e+00 7.0244020415e-03 7.4121664813e-03
6.4559087932e+01 4.5769211619e+01 4.7182517084e+01 7.0895071609e-01 8.7102598520e-02 4.1093635312e+02 2.7507456198e+00 6.3926801734e-01 9.4150847777e+00 1.3593915216e-02 1.0000000000e+00
2.9779740166e+01 2.1998868071e+01 2.2231187883e+01 7.3871927521e-01 1.0374191827e-02 4.6331400234e+01 1.1657902379e+02 2.5363392208e-01 8.1019982015e+00 5.5883682519e-03 5.6620163310e-03
5.4558551378e+01 5.1916749725e+01 4.6328946025e+01 9.5157859609e-01 5.5450175401e-02 2.5594178318e+02 1.9974427490e+01 -4.8192953656e-01 8.3685337530e+00 6.6594217083e-03 7.2415228724e-03
6.6269034144e+01 6.4607067926e+01 5.6961620138e+01 9.7492092289e-01 6.3795101355e-02 2.9619245211e+02 7.0494118006e+01 -8.5014557302e-01 8.4940974040e+00 3.6294282304e-03 3.7098114065e-03
3.2686272131e+01 3.2426846116e+01 2.8341860939e+01 9.9206315073e-01 1.8337120225e-02 8.2385581547e+01 6.2402789350e+01 -6.6682272019e-01 1.2348855268e+01 6.0397544287e-03 6.1916754785e-03
2.6662836621e+01 2.2999583618e+01 2.1546176790e+01 8.6260827926e-01 2.5113480435e-02 1.1340040634e+02 4.4099677539e+01 -9.2608878887e-01 9.5008955202e+00 8.1314615085e-03 8.4266326290e-03
2.3948558042e+01 2.1747944592e+01 1.9862868152e+01 9.0811081626e-01 2.7069496765e-02 1.2240954610e+02 4.9558277621e+00 6.7025997563e-01 9.2005967866e+00 1.9396619529e-02 3.5954417611e-02
3.0968303028e+01 2.4905801596e+01 2.4148415730e+01 8.0423527157e-01 1.0495264171e-02 4.6876402217e+01 3.1976539926e+02 9.5938559924e-01 1.3082668039e+01 3.6347087240e-03 3.6519070213e-03
2.7008011721e+01 1.6824590248e+01 1.8454522618e+01 6.2294812449e-01 1.0346492166e-02 4.6206725249e+01 1.1550683356e+02 7.5540891082e-01 1.2119295520e+01 6.2999143161e-03 6.3837293484e-03
3.0318072545e+01 2.4437351709e+01 2.3668351296e+01 8.0603249672e-01 2.8519254597e-02 1.2910323471e+02 3.6665438869e+01 8.0726936176e-01 8.7094601033e+00 8.2004302589e-03 8.5634701024e-03
3.2569091049e+01 2.2803059584e+01 2.3649446340e+01 7.0014418116e-01 1.5178868846e-02 6.8034998167e+01 3.3163582450e+02 9.5701319272e-01 8.7054960694e+00 3.6219753192e-03 3.6384947919e-03
3.2267591178e+01 2.9954056249e+01 2.7061072887e+01 9.2830159164e-01 1.3353944166e-02 5.9773245114e+01 9.8900122132e+01 -9.2932638413e-01 1.8525979376e+01 5.2469336730e-03 5.3287990778e-03
4.2272888934e+01 3.6456508639e+01 3.4156614359e+01 8.6240873426e-01 5.3711740391e-02 2.4761257738e+02 9.5368295980e+00 -8.7671197599e-01 1.1474971037e+01 1.0641953019e-02 1.3048930310e-02
5.1689008359e+01 3.9549675838e+01 3.9290619324e+01 7.6514673223e-01 4.4780434386e-02 2.0512697231e+02 8.7799810968e+01 -9.9099886910e-01 9.1265493165e+00 4.2637276829e-03 4.3389376805e-03
5.0238884629e+01 4.5410314942e+01 4.1570039169e+01 9.0388780080e-01 4.2016322159e-02 1.9208266852e+02 6.5573834480e+01 -7.3052330622e-01 8.7855630616e+00 4.5997838942e-03 4.7096411869e-03
8.4014206657e+01 7.6391411991e+01 6.9725950874e+01 9.0926778972e-01 9.6807684410e-02 4.5970791831e+02 4.0035070695e+01 8.5539819312e-01 9.0004613905e+00 3.8797383417e-03 4.0359487687e-03
3.8285071260e+01 3.5295904569e+01 3.1996255578e+01 9.2192343926e-01 3.4226722882e-02 1.5558967300e+02 5.4199193721e+01 8.9812869028e-01 1.0385414567e+01 5.8459031103e-03 6.0164130510e-03
4.7868099774e+01 3.3625576532e+01 3.4818076421e+01 7.0246315795e-01 1.5400975527e-02 6.9042035941e+01 1.4960042117e+02 -7.3042817783e-01 1.3912104687e+01 3.8330498540e-03 3.8722045171e-03
4.6940006375e+01 4.2230140816e+01 3.8748554646e+01 8.9966201705e-01 5.0414204981e-02 2.3186663193e+02 5.1308680677e+01 9.8069716127e-01 9.7790558336e+00 5.2431117780e-03 5.4051514921e-03
4.5893258272e+01 4.2103820854e+01 3.8260319246e+01 9.1742932273e-01 7.5596795598e-02 3.5386844176e+02 3.7618394157e+00 8.9451361712e-01 1.1870669550e+01 1.3872247945e-02 1.0000000000e+00
4.1086119558e+01 3.7879940435e+01 3.4337965022e+01 9.2196442112e-01 3.9104383952e-02 1.7839441501e+02 4.4849100550e+01 -7.1357203424e-01 8.5546071466e+00 5.9874515131e-03 6.2009213683e-03
2.9390500733e+01 1.9044083385e+01 2.0499776248e+01 6.4796729932e-01 2.7016379825e-02 1.2216456287e+02 4.7362208103e+01 9.7258526965e-01 8.5508328461e+00 8.1574553995e-03 8.4318896677e-03
3.0604667818e+01 1.8167977809e+01 2.0390190987e+01 5.9363421022e-01 1.5761451113e-02 7.0677144499e+01 8.0406748013e+01 -5.7209226629e-01 8.0139823445e+00 6.7577624049e-03 6.8883183723e-03
3.2657372691e+01 2.9259413910e+01 2.6902115769e+01 8.9595125080e-01 3.4139782614e-02 1.5518460854e+02 1.8085137379e+01 7.8124908305e-01 9.9842396580e+00 9.8332371162e-03 1.0799577952e-02
4.1548996341e+01 3.3554358059e+01 3.2467871335e+01 8.0758528518e-01 7.2437130011e-02 3.3834105175e+02 6.7566059686e+00 -9.1290619326e-01 9.1601821796e+00 1.2363216786e-02 1.7303708773e-02
4.8200732309e+01 4.7581135182e+01 4.1690432572e+01 9.8714548311e-01 2.9849319029e-02 1.3525647415e+02 4.9911811180e+01 -3.2185319948e-01 8.2688899614e+00 5.1237530484e-03 5.2867987510e-03
4.5951137731e+01 4.5222932125e+01 3.9684299937e+01 9.8415260988e-01 2.8214335498e-02 1.2769423883e+02 1.7508506460e+01 -3.5288904537e-01 1.1816151943e+01 7.8345371453e-03 8.6348342646e-03
4.3613644157e+01 3.1976655838e+01 3.2432470918e+01 7.3318009665e-01 1.7368460770e-02 7.7977067787e+01 2.7199546379e+01 -6.5929986366e-01 1.9282115992e+01 7.5844427586e-03 8.0506230233e-03
5.1176413796e+01 3.8429572452e+01 3.8527766783e+01 7.5092351342e-01 5.8232181123e-02 2.6931115080e+02 2.0875817693e+01 6.8640272743e-01 8.0740838069e+00 7.3380840476e-03 7.9473928831e-03
6.3881892567e+01 4.9900698825e+01 4.9076714079e+01 7.8113995719e-01 9.4784278281e-02 4.4949197617e+02 4.9712042505e+00 7.1900333822e-01 1.1079840392e+01 1.0577185529e-02 1.9511998749e-02
5.6988637298e+01 4.3997647485e+01 4.3518924891e+01 7.7204245567e-01 6.3455361362e-02 2.9454511794e+02 1.9944475280e+01 8.3064712867e-01 1.0302773348e+01 6.8962639121e-03 7.5001252640e-03
3.0206015822e+01 2.7168481115e+01 2.4931677748e+01 8.9943941219e-01 4.0250134212e-02 1.8377370315e+02 1.1819811541e+01 -7.6743480737e-01 8.3956066665e+00 1.2050664143e-02 1.4069910414e-02
4.4613699577e+01 4.2560270268e+01 3.7932040414e+01 9.5397312197e-01 1.8714838484e-02 8.4106329553e+01 3.9685957475e+01 8.2867622625e-02 1.0167690604e+01 5.9637598458e-03 6.2061527776e-03
3.0125881806e+01 1.9812179285e+01 2.1175656092e+01 6.5764645207e-01 1.9405497079e-02 8.7255179453e+01 1.0118738401e+02 -8.0771952517e-01 8.4155342256e+00 6.0413424058e-03 6.1334118713e-03
4.4055149163e+01 2.5123128465e+01 2.8737453932e+01 5.7026542736e-01 3.7723331753e-02 1.7192175434e+02 4.0361492570e+01 9.0886159971e-01 9.1540640711e+00 6.9678993353e-03 7.2460101226e-03
3.4067582199e+01 2.7932688302e+01 2.6828334448e+01 8.1991989156e-01 3.7798153783e-02 1.7227210858e+02 3.7902293939e+01 8.5881243189e-01 8.0975271032e+00 7.4469691347e-03 7.7650312473e-03
4.2388541069e+01 4.0324564531e+01 3.5989517788e+01 9.5130814871e-01 2.2678533725e-02 1.0222076382e+02 3.8501450950e+01 8.2783557470e-01 1.8456111954e+01 6.2182739599e-03 6.4793994287e-03
2.6266272906e+01 2.3081552669e+01 2.1426166682e+01 8.7875248810e-01 2.5814014346e-02 1.1662406099e+02 1.6701799125e+01 6.4083046759e-01 8.4386577585e+00 1.1738870998e-02 1.3008076610e-02
3.6565368000e+01 3.6543742484e+01 3.1822586986e+01 9.9940857929e-01 1.8896893355e-02 8.4936045447e+01 3.7961528984e+01 -7.5147297890e-01 1.7582580562e+01 6.7666822238e-03 7.0552020351e-03
2.8564641614e+01 1.5574610235e+01 1.8196278967e+01 5.4524087666e-01 1.0470388690e-02 4.6764418254e+01 3.3263823628e+01 -3.8846688987e-01 1.0334867568e+01 1.0135958378e-02 1.0634822126e-02
4.4624209284e+01 4.0043630377e+01 3.6789059966e+01 8.9735215525e-01 2.3000429857e-02 1.0369644056e+02 1.6745052057e+02 7.4760754757e-01 9.3163643595e+00 3.5335947242e-03 3.5657780771e-03
3.2025169967e+01 1.7770248514e+01 2.0590793801e+01 5.5488381584e-01 1.3752666103e-02 6.1576424258e+01 2.8397031416e+02 8.3602775262e-01 8.1467476223e+00 4.1897701948e-03 4.2121183176e-03
3.4371986347e+01 3.1575824145e+01 2.8674477889e+01 9.1864996762e-01 4.6684367287e-02 2.1414072214e+02 5.0812119169e+00 -9.5333204991e-01 1.3094772288e+01 1.5096054917e-02 2.6970229909e-02
4.2115870475e+01 4.1813857551e+01 3.6532252179e+01 9.9282899959e-01 2.7413721949e-02 1.2399761536e+02 1.6476476269e+02 9.9292540561e-01 1.0205159714e+01 3.5610902979e-03 3.5940617845e-03
2.7728208583e+01 1.9691727247e+01 2.0282952892e+01 7.1016947193e-01 1.4755672336e-02 6.6117127324e+01 5.9081952505e+01 -8.1496446696e-01 1.2279963343e+01 7.6153919361e-03 7.8182459234e-03
3.9258343162e+01 3.4463731722e+01 3.2007890361e+01 8.7787025499e-01 2.3513118939e-02 1.0604819338e+02 9.0978213137e+01 8.8650440166e-01 1.2466230848e+01 4.8442347050e-03 4.9266053286e-03
4.0695112939e+01 3.8663671618e+01 3.4529334611e+01 9.5008144284e-01 1.3030896286e-02 5.8313075779e+01 2.0492425951e+01 5.1059029897e-01 2.4939503544e+01 8.1318884918e-03 8.8218003860e-03
3.2235870268e+01 3.1548978861e+01 2.7762036273e+01 9.7869170583e-01 1.1405791803e-02 5.0978261319e+01 4.3058510257e+02 -8.0452317898e-01 9.1301774550e+00 2.9779208262e-03 2.9883615524e-03
2.8750751537e+01 2.8472236111e+01 2.4907398031e+01 9.9031276015e-01 2.0288162453e-02 9.1284050486e+01 4.5583066776e+00 -3.3956284255e-01 1.1597145311e+01 1.7446664500e-02 3.8343029973e-02
6.5029986814e+01 4.8290401892e+01 4.8676918835e+01 7.4258667821e-01 6.5222324824e-02 3.0312076921e+02 8.1890096132e+00 -8.2953816313e-01 1.5008542325e+01 8.9687493634e-03 1.1531927319e-02
2.9430699845e+01 2.5531442546e+01 2.3851342850e+01 8.6751054786e-01 1.9926783853e-02 8.9633933435e+01 1.0161429882e+02 6.8929975325e-01 8.2094260910e+00 5.5977247388e-03 5.6826650495e-03
4.0253851382e+01 2.0590082881e+01 2.4787678947e+01 5.1150590999e-01 2.2348684669e-02 1.0070934156e+02 1.3876970741e+01 -7.9099457581e-01 1.4679587005e+01 1.1512335169e-02 1.3077960299e-02
4.8057726404e+01 3.0439800383e+01 3.3124689627e+01 6.3340075906e-01 5.5654063998e-02 2.5691992313e+02 1.0351223584e+01 9.2364214046e-01 1.0942696905e+01 1.0507586127e-02 1.2619824529e-02
3.8339613703e+01 2.8653638355e+01 2.8793223791e+01 7.4736377307e-01 1.4888218057e-02 6.6717678154e+01 3.2041255723e+02 -8.7437618320e-01 9.4655301891e+00 3.2449787360e-03 3.2603016727e-03
3.0806080932e+01 2.6735532355e+01 2.4971162803e+01 8.6786541962e-01 3.8883925227e-02 1.7736034385e+02 4.2452785692e+00 8.0962593869e-01 1.0796610671e+01 1.7688960012e-02 5.1528176191e-02
6.4533356656e+01 5.9307362663e+01 5.3847187812e+01 9.1901871740e-01 2.5218748163e-02 1.1388461073e+02 2.1387471149e+02 7.3250209425e-01 8.0418108799e+00 2.5373111336e-03 2.5553386973e-03
4.5553163888e+01 3.8675348559e+01 3.6515717912e+01 8.4901563927e-01 6.7046248671e-02 3.1199357680e+02 9.1398352964e+00 -6.8654625044e-01 8.2671675311e+00 1.0289740567e-02 1.2768808181e-02
6.6666644728e+01 4.6913466177e+01 4.8535914198e+01 7.0370222422e-01 4.6620932815e-02 2.1384002831e+02 2.7497710671e+01 -8.7879438740e-01 1.5137953745e+01 5.7680185317e-03 6.1182647629e-03
4.6849061129e+01 2.2826339338e+01 2.8110359641e+01 4.8723152156e-01 2.7587335973e-02 1.2479887352e+02 3.5951761464e+01 8.3912583428e-01 1.1618470899e+01 7.4233076899e-03 7.7590218553e-03
3.1888611649e+01 3.0949628797e+01 2.7348268214e+01 9.7055428873e-01 3.8619208419e-02 1.7611909672e+02 4.3592420677e+01 8.9506171283e-01 8.1211845599e+00 6.9787117462e-03 7.2351886483e-03
7.5704483770e+01 6.6874235404e+01 6.1918056676e+01 8.8335897788e-01 1.5013979184e-01 7.3779516913e+02 8.1147655879e+00 -9.2805073178e-01 1.0301692629e+01 7.3805254876e-03 9.5210832872e-03
4.4675542745e+01 2.3053728507e+01 2.7639572812e+01 5.1602570647e-01 2.9955298285e-02 1.3574726414e+02 1.8957526333e+01 -7.1917127518e-01 1.0827127233e+01 9.5232251797e-03 1.0408299076e-02
4.9156473877e+01 4.2255333394e+01 3.9653077047e+01 8.5960871604e-01 3.9429138975e-02 1.7991826918e+02 5.1674516023e+00 -2.8257264255e-01 1.1056825414e+01 1.2303317256e-02 2.1492468433e-02
3.3001277913e+01 2.9535735431e+01 2.7170629516e+01 8.9498762771e-01 1.8401587672e-02 8.2679204642e+01 1.2924523839e+02 8.2398797316e-01 1.0962895817e+01 4.7193105406e-03 4.7752768355e-03
3.8978394982e+01 3.6849138789e+01 3.2990233577e+01 9.4537342559e-01 3.4213045647e-02 1.5552594595e+02 5.4545934677e+01 -8.5729662536e-01 1.0285725445e+01 5.7215371365e-03 5.8873015313e-03
5.1028768853e+01 4.9880950289e+01 4.3920096534e+01 9.7750644216e-01 7.8594089520e-02 3.6865555825e+02 1.0718130296e+01 8.3978004408e-01 1.0248737151e+01 8.5787750407e-03 1.0221196985e-02
8.3987124684e+01 6.0627840585e+01 6.1956694667e+01 7.2187065354e-01 2.1026862322e-01 1.0707894002e+03 3.4404613701e+00 9.0814956412e-01 9.3080299700e+00 9.8590081730e-03 1.0000000000e+00
5.8605940059e+01 5.3504987645e+01 4.8738476943e+01 9.1296185320e-01 5.0720550359e-02 2.3332650811e+02 2.5868027285e+01 4.9357144389e-01 9.0871794429e+00 5.8719860362e-03 6.2537807721e-03
3.6857560409e+01 2.3416339269e+01 2.5444943712e+01 6.3531983694e-01 2.0585193950e-02 9.2640998173e+01 5.0803710978e+01 -6.4635022126e-01 1.0017659342e+01 6.9691246192e-03 7.1867727249e-03
7.7334360608e+01 7.5164082530e+01 6.6370736045e+01 9.7193643213e-01 5.5028450321e-02 2.5391943307e+02 7.9745671825e+01 -6.5340892065e-01 8.0586966118e+00 3.1659574184e-03 3.2276471909e-03
3.2202704000e+01 2.9840268769e+01 2.6982272413e+01 9.2663860680e-01 1.4998947115e-02 6.7219470108e+01 1.5829845475e+02 7.0553104062e-01 1.0752188188e+01 4.4020190558e-03 4.4444710353e-03
4.6233069489e+01 3.2304080573e+01 3.3535982946e+01 6.9872238487e-01 3.3398991042e-02 1.5173518652e+02 5.5677442093e+01 7.5509680750e-01 9.5235117552e+00 5.6224952097e-03 5.7819048951e-03
2.4482361683e+01 1.8462503881e+01 1.8471582161e+01 7.5411449763e-01 1.0916558960e-02 4.8773611036e+01 6.9548317231e+01 -6.2524541646e-01 1.1346965853e+01 7.6129175991e-03 7.7839140877e-03
4.3850279636e+01 4.1827499020e+01 3.7280945600e+01 9.5387074763e-01 2.4766056241e-02 1.1180286514e+02 2.5581290267e+02 -9.6767725870e-01 8.3359457339e+00 2.9862766881e-03 3.0039778007e-03
3.8238154848e+01 1.4510311162e+01 2.0047592457e+01 3.7947205403e-01 3.9392174348e-02 1.7974478472e+02 7.0000263628e+00 9.6085170465e-01 8.6769446959e+00 1.6816372634e-02 2.3105895189e-02
3.9396746149e+01 3.2041436021e+01 3.0897071411e+01 8.1330158332e-01 1.2656688461e-02 5.6622539624e+01 6.6704979014e+01 6.5218769885e-01 1.8989017218e+01 5.6007885715e-03 5.7321858516e-03
6.8306114660e+01 3.7488521698e+01 4.3663848220e+01 5.4883112419e-01 1.0980755921e-01 5.2593552252e+02 6.6789009191e+00 8.8316216169e-01 8.9402723367e+00 1.0099510224e-02 1.4225939069e-02
3.5362761935e+01 3.4973655185e+01 3.0615141592e+01 9.8899670927e-01 4.2252123558e-02 1.9319352097e+02 3.2366682500e+01 -8.0487648815e-01 8.4152442789e+00 7.2558911585e-03 7.6238505533e-03
2.7437374034e+01 1.9076664667e+01 1.9851356270e+01 6.9528026420e-01 2.5436984473e-02 1.1488867502e+02 9.2864615774e+00 6.4021635664e-01 8.7414187728e+00 1.5347580419e-02 1.8958189608e-02
4.3096003186e+01 4.3008097272e+01 3.7478963140e+01 9.9796023047e-01 6.5881765199e-02 3.0632631044e+02 2.2272302724e+01 -9.2332577928e-01 8.8336484155e+00 7.2539314580e-03 7.8129111835e-03
3.2354166179e+01 2.9268849832e+01 2.6782612074e+01 9.0463928726e-01 1.9505319022e-02 8.7710550360e+01 3.6275183497e+00 -9.9938002310e-01 2.7340794972e+01 1.8172539414e-02 1.0000000000e+00
3.5655608697e+01 3.4228571587e+01 3.0411245231e+01 9.5997720521e-01 3.1240390245e-02 1.4170440630e+02 1.1680505247e+02 -9.7568355449e-01 8.8704447837e+00 4.5329017775e-03 4.5925216506e-03
4.0424523454e+01 3.4379007422e+01 3.2432358055e+01 8.5044929374e-01 2.0165471978e-02 9.0723727167e+01 1.3409322748e+02 6.6876467585e-01 9.8086169229e+00 4.1625787225e-03 4.2101204239e-03
3.2012830733e+01 2.9834834341e+01 2.6900723696e+01 9.3196489212e-01 1.1416765350e-02 5.1027730311e+01 1.5751182264e+02 4.9446934813e-01 1.0894724308e+01 4.4283760074e-03 4.4712992566e-03
3.9602889644e+01 2.9684781150e+01 2.9786895637e+01 7.4956098955e-01 1.4224088352e-02 6.3709757619e+01 2.6591199056e+02 -6.3311757052e-01 8.6592186499e+00 3.4083528168e-03 3.4277804460e-03
3.5498951686e+01 3.4374708398e+01 3.0409552693e+01 9.6833023977e-01 1.6104219611e-02 7.2232740069e+01 1.0036525696e+02 -3.0733961970e-01 8.2726102924e+00 4.8429422290e-03 4.9173699430e-03
5.2651351750e+01 4.2248773936e+01 4.1009155308e+01 8.0242524706e-01 1.9060563297e-02 8.5682160481e+01 2.6491543514e+02 -8.8802557233e-01 1.0034245639e+01 2.7866344864e-03 2.8025786982e-03
2.7079083499e+01 2.2328635822e+01 2.1386451427e+01 8.2457132727e-01 2.1246635419e-02 9.5664810938e+01 3.7501031257e+01 -7.0787321835e-01 9.0993984747e+00 8.7018418035e-03 9.0777991947e-03
6.6175337069e+01 6.2579148955e+01 5.6017408694e+01 9.4565667100e-01 2.2009256814e-02 9.9154781676e+01 2.3084731488e+02 9.5051033097e-01 1.0759755479e+01 2.4102538208e-03 2.4261043366e-03
5.8733060330e+01 5.5870679811e+01 4.9865501782e+01 9.5126457733e-01 7.8026375074e-02 3.6585044483e+02 1.1137805202e+01 8.4762482162e-01 1.2095179307e+01 7.8136220225e-03 9.2324187895e-03
3.4208786197e+01 3.4008513915e+01 2.9693150965e+01 9.9414558937e-01 3.1765322148e-02 1.4414089165e+02 6.1094134448e+01 8.9000780701e-01 9.7873792905e+00 5.8650627913e-03 6.0159009155e-03
5.5107185141e+01 4.6251107529e+01 4.3916362534e+01 8.3929359504e-01 2.4292858501e-02 1.0962827194e+02 4.0511323798e+01 5.3864608501e-02 9.1237447542e+00 5.3817437289e-03 5.5956924164e-03
5.8736421116e+01 4.6033665469e+01 4.5200408769e+01 7.8373289681e-01 4.8392946071e-02 2.2224954647e+02 7.9451207032e+00 -2.0456805332e-01 8.6900401269e+00 9.5960283609e-03 1.2476897274e-02
5.6551226943e+01 5.0217879121e+01 4.6375768345e+01 8.8800688925e-01 3.3037819421e-02 1.5005473151e+02 4.4105880444e+01 8.8544747253e-01 1.7281058430e+01 5.0116411899e-03 5.1935358687e-03
4.1583312082e+01 2.9807137364e+01 3.0564379594e+01 7.1680527287e-01 3.3993068700e-02 1.5450116424e+02 5.0632735179e+01 8.4932373026e-01 9.6038186489e+00 6.1719971182e-03 6.3654396046e-03
6.2413849994e+01 4.4849485979e+01 4.5933845544e+01 7.1858226954e-01 1.9654790233e-02 8.8392536937e+01 2.4670489005e+02 -7.8078353866e-01 9.4277457818e+00 2.6652493910e-03 2.6816374652e-03
1.8062335610e+01 1.6808916345e+01 1.5166824659e+01 9.3060591429e-01 1.0609967636e-02 4.7392825911e+01 1.4753820111e+02 9.0176974541e-01 1.0225832825e+01 6.4961741563e-03 6.5634779219e-03
2.3171460327e+01 1.1917575565e+01 1.4310358194e+01 5.1432129857e-01 1.0080669586e-02 4.5010531729e+01 1.0226057978e+02 -6.9222704765e-01 8.7615977477e+00 7.7317187248e-03 7.8482782942e-03
3.0994940655e+01 1.8690218856e+01 2.0820817617e+01 6.0300869951e-01 1.0911376189e-02 4.8750264312e+01 1.3060253223e+01 5.4255726801e-01 1.7833975643e+01 1.3226109200e-02 1.5170026072e-02
8.3959710135e+01 6.2190721175e+01 6.2765052128e+01 7.4072100862e-01 1.0783759366e-01 5.1583396169e+02 8.4856618419e+00 -7.4551746282e-01 1.1545984776e+01 7.3670285416e-03 9.3565242775e-03
4.0635960100e+01 2.4501567653e+01 2.7295834997e+01 6.0295284257e-01 4.8595751621e-02 2.2321330107e+02 8.9013424721e+00 -8.8671944312e-01 9.6331017245e+00 1.2601859340e-02 1.5762035482e-02
