# FullPop+Madau LISA events with joint-polarization SNR above threshold
# summary = {'model': 'fullpop_madau_joint_polarization_snr', 'Tobs_yr': 4.0, 'rho_thr': 8.0, 'z_max': 0.3, 't_merger_min_yr': 0.1, 't_merger_max_yr': 2000.0, 'n_samples': 300000000, 'n_workers': 32, 'n_freq': 2000, 'n_snr_above_threshold': 2279, 'detected_fraction': 7.596666666666667e-06, 'max_snr': 66.52581663131295}
# columns: m1_msun m2_msun chirp_mass_msun q redshift dl_mpc t_merger_yr cos_iota snr f_start_hz f_end_hz
6.6783899672e+01 6.3119359254e+01 5.6516675153e+01 9.4512838520e-01 9.1570104542e-02 4.3331544612e+02 1.3357118662e+01 9.4447643817e-01 1.2697783208e+01 6.6970848370e-03 7.6533186043e-03
2.4884626262e+01 1.8277005549e+01 1.8521754719e+01 7.3446976285e-01 1.4098022531e-02 6.3139124441e+01 3.1046349676e+01 7.5699327591e-01 1.2575242549e+01 1.0263972942e-02 1.0808830482e-02
5.9298672988e+01 5.9297826541e+01 5.1622124733e+01 9.9998572570e-01 1.5605239630e-01 7.6964633845e+02 4.6922100328e+00 -9.0037581109e-01 9.3280525914e+00 1.0122104818e-02 2.0746658727e-02
2.9934620491e+01 2.2896890168e+01 2.2750531581e+01 7.6489662447e-01 3.9689243354e-02 1.8113925727e+02 1.6489247917e+01 -9.1578397267e-01 8.1798105667e+00 1.1266421316e-02 1.2503603643e-02
7.8233965645e+01 5.2736933238e+01 5.5702048617e+01 6.7409254795e-01 4.6340961007e-02 2.1251320876e+02 3.8571277434e+01 -3.8151275850e-01 8.6559884986e+00 4.6623673389e-03 4.8577729353e-03
3.5517493325e+01 3.2642942196e+01 2.9636880618e+01 9.1906661027e-01 2.9572748408e-02 1.3397602373e+02 4.7140301577e+00 -6.4312798512e-01 1.5372048422e+01 1.5367126040e-02 3.1186818940e-02
4.8264699037e+01 4.1133731518e+01 3.8764184146e+01 8.5225293721e-01 3.7384240980e-02 1.7033441935e+02 6.9979224303e+00 1.9344882534e-01 9.3716553380e+00 1.1151309959e-02 1.5324335878e-02
3.5753169203e+01 2.0061433396e+01 2.3123647234e+01 5.6110923431e-01 1.7577282664e-02 7.8926918065e+01 2.0215658291e+02 -8.8498741731e-01 8.7022110933e+00 4.4159378110e-03 4.4491568592e-03
3.7052042408e+01 3.5799037366e+01 3.1704645535e+01 9.6618256485e-01 3.0413773603e-02 1.3787131513e+02 1.1317261301e+02 -9.3575509748e-01 9.2334788057e+00 4.4712982629e-03 4.5320428273e-03
4.0080503851e+01 2.1633806202e+01 2.5395834534e+01 5.3975883842e-01 1.5926927690e-02 7.1428033263e+01 2.3460614938e+02 9.4682873740e-01 1.0424252442e+01 3.9425560015e-03 3.9680630224e-03
3.1744518385e+01 2.9048412973e+01 2.6430420618e+01 9.1506863079e-01 1.6730208687e-02 7.5075709848e+01 2.6985491370e+02 -8.0670902601e-01 8.2025831604e+00 3.6469368474e-03 3.6674175373e-03
4.5873944675e+01 3.4226402932e+01 3.4421479010e+01 7.4609679143e-01 6.9499003385e-02 3.2395853652e+02 1.2407895761e+01 -9.3720611827e-01 8.9677021997e+00 9.5066553039e-03 1.1000357613e-02
3.2458102251e+01 1.7283745552e+01 2.0418893784e+01 5.3249402623e-01 1.0106640059e-02 4.5127377110e+01 1.4707105830e+01 -7.8795753063e-01 2.4441777816e+01 1.2811453036e-02 1.4430921350e-02
3.5017546261e+01 3.3791437473e+01 2.9945143460e+01 9.6498587368e-01 5.5525017926e-02 2.5630080359e+02 4.9976312997e+00 8.9358981300e-01 1.1133012701e+01 1.4706601759e-02 2.6911328480e-02
3.8206420353e+01 2.7529671619e+01 2.8157990109e+01 7.2055092744e-01 2.9446285066e-02 1.3339069898e+02 2.1085499959e+00 -9.7960401497e-01 1.4695788553e+01 2.1455984172e-02 1.0000000000e+00
4.8019994459e+01 2.0726075867e+01 2.6996902488e+01 4.3161345810e-01 2.4525499093e-02 1.1069719287e+02 6.0494736833e+00 -6.2129138791e-01 1.4981771312e+01 1.4880883013e-02 2.2330935627e-02
2.6259663697e+01 2.2026130064e+01 2.0920523150e+01 8.3878187925e-01 1.2040009421e-02 5.3838656100e+01 4.7963381499e+01 5.8278313125e-01 1.2570529160e+01 8.0904593691e-03 8.3590167487e-03
2.4089101465e+01 2.3056761707e+01 2.0515524704e+01 9.5714494545e-01 2.4190058307e-02 1.0915604691e+02 3.9710840565e+01 7.7387678596e-01 8.0710070057e+00 8.7255004956e-03 9.0799033386e-03
3.3558659527e+01 3.2137935811e+01 2.8588079275e+01 9.5766446765e-01 2.9082122137e-02 1.3170579043e+02 9.4032516009e+01 -9.6339633865e-01 9.5728109965e+00 5.1173437354e-03 5.2014459618e-03
4.7452452171e+01 2.4114017626e+01 2.9118903788e+01 5.0817221287e-01 3.0326888228e-02 1.3746868132e+02 6.4687327130e+01 8.6528929848e-01 9.5828921531e+00 5.8162726405e-03 5.9571728939e-03
5.5524729955e+01 5.0675543830e+01 4.6168503391e+01 9.1266619164e-01 1.4026670448e-01 6.8505544493e+02 6.1677912444e+00 -9.0777693431e-01 8.0682862827e+00 9.8804555414e-03 1.4624096576e-02
3.5925029716e+01 2.8128033472e+01 2.7632101977e+01 7.8296479348e-01 2.3838355245e-02 1.0754098620e+02 2.9597925953e+01 -7.8700162460e-01 1.3062294923e+01 8.0894582772e-03 8.5421191958e-03
3.0768567629e+01 2.2350465153e+01 2.2771218747e+01 7.2640577300e-01 1.9149655005e-02 8.6088373984e+01 2.9047367774e+00 9.1426177953e-01 1.7200786960e+01 2.1864550382e-02 1.0000000000e+00
3.5641971793e+01 2.0492292962e+01 2.3349939475e+01 5.7494835248e-01 3.1148119073e-02 1.4127631433e+02 1.0571122171e+01 5.8528135576e-01 8.1712107811e+00 1.3163490832e-02 1.5732641869e-02
3.1378470137e+01 3.0306341252e+01 2.6845006697e+01 9.6583234044e-01 5.5264064436e-02 2.5504916215e+02 1.4152682204e+01 9.8697071618e-01 8.2267944661e+00 1.0658983597e-02 1.2072925754e-02
5.2887686544e+01 4.5761530982e+01 4.2804984145e+01 8.6525870147e-01 7.7812906619e-02 3.6479620301e+02 8.0074403926e+00 -7.2532335923e-01 9.5937755596e+00 9.7294216439e-03 1.2613105142e-02
6.4853717507e+01 4.7849657713e+01 4.8383896681e+01 7.3780901932e-01 1.5162532434e-01 7.4577896801e+02 3.8253008431e+00 -9.1075712361e-01 9.0751519728e+00 1.1406794409e-02 1.0000000000e+00
3.5795369773e+01 2.0829958604e+01 2.3599728639e+01 5.8191768197e-01 1.3973183224e-02 6.2574147958e+01 1.0189872110e+02 7.3377029892e-01 1.2141541761e+01 5.6496825237e-03 5.7351652639e-03
6.7568852330e+01 6.1024110388e+01 5.5886300183e+01 9.0313966102e-01 3.8734165437e-02 1.7665806974e+02 5.3285889960e+01 8.2301506304e-01 1.5397082415e+01 4.1405692206e-03 4.2635234609e-03
3.4168385164e+01 2.5544290904e+01 2.5664787711e+01 7.4760018017e-01 3.1401430524e-02 1.4245168649e+02 2.7556486168e+01 8.4413649049e-01 9.8326152895e+00 8.6618054526e-03 9.1865178576e-03
4.3031453581e+01 4.2994009987e+01 3.7444753627e+01 9.9912985525e-01 1.5997566437e-02 7.1748628897e+01 3.2555229162e+01 1.7460543674e-01 1.3246168264e+01 6.4865038620e-03 6.8133601503e-03
3.5955989284e+01 2.7907811323e+01 2.7532602216e+01 7.7616585939e-01 4.8372675906e-02 2.2215323496e+02 3.8865612612e+00 6.8831823632e-01 8.7216550040e+00 1.7104359973e-02 1.0000000000e+00
4.6839532967e+01 3.4599566766e+01 3.4965789391e+01 7.3868300076e-01 4.4956602531e-02 2.0596001712e+02 2.2325457410e+01 7.4869240710e-01 9.7140864824e+00 7.6631461965e-03 8.2520469324e-03
8.5246120962e+01 7.4694216462e+01 6.9436106332e+01 8.7621836184e-01 2.8407175824e-01 1.5056478795e+03 3.6901620868e+00 -9.8200157563e-01 9.3364336466e+00 8.6182590368e-03 1.0000000000e+00
4.2684690213e+01 2.2657648798e+01 2.6807310798e+01 5.3081441344e-01 3.9518469888e-02 1.8033755879e+02 1.4735081259e+01 8.8176851083e-01 1.0111004255e+01 1.0607428914e-02 1.1945114847e-02
4.2593758550e+01 3.3326114212e+01 3.2749697396e+01 7.8241778483e-01 3.0417739408e-02 1.3788969418e+02 7.3597343847e+01 8.9698097153e-01 1.0811767358e+01 5.1488418663e-03 5.2578792380e-03
7.9504608759e+01 6.9298691102e+01 6.4587412994e+01 8.7163111905e-01 6.2039635109e-02 2.8768840999e+02 3.5256217053e+01 -9.7247245670e-01 1.5632218914e+01 4.3553891745e-03 4.5565821419e-03
3.0494720921e+01 2.5222292575e+01 2.4121703088e+01 8.2710357117e-01 1.5933478921e-02 7.1457764778e+01 1.9669052875e+02 -9.9259768852e-01 1.1300769438e+01 4.3496686582e-03 4.3833114509e-03
2.9951171630e+01 2.8839668633e+01 2.5584711000e+01 9.6288949859e-01 4.6818856487e-02 2.1477831753e+02 9.7873042166e+00 -8.0187879870e-01 8.1546429538e+00 1.2676943427e-02 1.5437770950e-02
6.3878116247e+01 6.1656864721e+01 5.4632008862e+01 9.6522672151e-01 3.6936101264e-02 1.6823776129e+02 1.5889431130e+01 -3.4976471683e-01 1.3806804213e+01 6.6184399684e-03 7.3788020804e-03
3.2396280450e+01 2.0430282474e+01 2.2278771631e+01 6.3063667154e-01 4.3767956118e-02 2.0034317131e+02 4.3080657918e+00 -9.8087826396e-01 9.5840538335e+00 1.8836723779e-02 5.0654722263e-02
8.4322087340e+01 8.0290157560e+01 7.1625846521e+01 9.5218417965e-01 7.1250567704e-02 3.3252614598e+02 4.2471523818e+01 -6.4764110238e-01 9.5489777078e+00 3.7868973348e-03 3.9300036319e-03
6.4044141275e+01 5.8684414650e+01 5.3359553336e+01 9.1631199172e-01 9.8365107454e-02 4.6758816807e+02 8.6987658594e+00 8.3277741608e-01 1.1214721386e+01 8.1217535441e-03 1.0231810671e-02
3.0310442385e+01 2.1569287720e+01 2.2195110196e+01 7.1161243525e-01 2.6851739077e-02 1.2140533365e+02 1.7759246611e+00 8.9972399244e-01 8.6346353918e+00 2.6593982944e-02 1.0000000000e+00
3.8559175126e+01 3.1906009054e+01 3.0507401169e+01 8.2745569504e-01 5.8502551690e-02 2.7061309224e+02 1.0487610347e+01 9.6311904258e-01 9.7056851826e+00 1.0989586147e-02 1.3158405244e-02
7.7613618808e+01 3.9022134323e+01 4.7356874541e+01 5.0277431877e-01 3.2171186051e-02 1.4602596054e+02 1.6244498761e+01 8.8818875663e-01 2.5120648812e+01 7.1977481686e-03 8.0026465611e-03
6.0541787000e+01 5.5936619024e+01 5.0652604987e+01 9.2393405937e-01 1.2288295934e-01 5.9357132045e+02 8.4729942780e+00 -9.2333675102e-01 9.4409742602e+00 8.3574103724e-03 1.0619674162e-02
7.4827564164e+01 7.0109775341e+01 6.3047526530e+01 9.3695119071e-01 2.5054366564e-02 1.1312852994e+02 1.6108396566e+02 7.3286892507e-01 1.0785664961e+01 2.5572122726e-03 2.5814394995e-03
3.4752090790e+01 2.3713909028e+01 2.4900597966e+01 6.8237359218e-01 2.5784369827e-02 1.1648757971e+02 6.0917049715e+01 7.1363590591e-01 8.0335675970e+00 6.5781308981e-03 6.7478231481e-03
3.7151290351e+01 2.9146891149e+01 2.8604829379e+01 7.8454586296e-01 3.7171325263e-02 1.6933811238e+02 4.4345785049e+01 -9.1545034391e-01 9.0562687009e+00 6.7479203598e-03 6.9914179427e-03
7.2225090214e+01 5.9940945822e+01 5.7229906681e+01 8.2991860093e-01 1.6357308884e-01 8.1044702588e+02 6.8257478853e+00 9.2146553446e-01 9.0769209224e+00 8.2125676591e-03 1.1431685619e-02
3.0062221349e+01 2.7073678800e+01 2.4828997768e+01 9.0058809977e-01 2.7715264298e-02 1.2538941173e+02 3.0480073449e+01 -9.4758099423e-01 1.1588651865e+01 8.5338448282e-03 8.9961367954e-03
3.9121484090e+01 3.8506719410e+01 3.3788366635e+01 9.8428575261e-01 2.9591476242e-02 1.3406271286e+02 1.4209351062e+01 -3.1654207294e-01 9.2916528751e+00 9.3607428765e-03 1.0596229500e-02
4.9310283917e+01 3.6772273441e+01 3.6990632579e+01 7.4573234059e-01 5.9342588946e-02 2.7466117619e+02 7.1879962680e+00 5.3820353556e-01 8.4510227013e+00 1.1219866321e-02 1.5219361999e-02
3.2747381333e+01 2.9935295055e+01 2.7251258652e+01 9.1412790387e-01 2.0876113891e-02 9.3970594891e+01 4.8278008847e+00 4.6882938396e-02 1.0002050037e+01 1.6135780656e-02 3.1258906433e-02
3.4167373211e+01 3.0987175629e+01 2.8319605728e+01 9.0692297115e-01 1.9720979488e-02 8.8694583639e+01 1.1590449970e+01 2.5522678199e-01 1.0788343900e+01 1.1350834290e-02 1.3303474269e-02
3.9666401531e+01 3.9393170970e+01 3.4412431072e+01 9.9311178856e-01 3.7407519317e-02 1.7044336477e+02 3.1466367658e+01 7.7560296592e-01 1.0682426637e+01 6.8361691006e-03 7.1937413011e-03
4.7790603615e+01 2.2550182276e+01 2.8187340406e+01 4.7185389115e-01 3.0069477536e-02 1.3627611104e+02 6.7469114449e+01 9.0900730150e-01 9.6195198351e+00 5.8436066881e-03 5.9790810644e-03
3.4319178784e+01 2.7443885523e+01 2.6683557177e+01 7.9966614864e-01 3.1328454378e-02 1.4211303190e+02 3.1779534518e+01 -7.7608214712e-01 9.2562462080e+00 8.0138270512e-03 8.4284638478e-03
2.3750120103e+01 2.1961527206e+01 1.9878867284e+01 9.2469120622e-01 3.9109004731e-02 1.7841609236e+02 7.8007266585e+00 9.8518077667e-01 8.6866425120e+00 1.6235367784e-02 2.1259976981e-02
4.0289025742e+01 2.9110460464e+01 2.9735158194e+01 7.2254069012e-01 2.6568472489e-02 1.2009948874e+02 2.9045109812e+01 -9.2346001072e-01 1.4981954740e+01 7.7688547133e-03 8.2127439064e-03
4.4527579297e+01 2.0665995914e+01 2.6030966621e+01 4.6411676180e-01 2.2833007934e-02 1.0292883813e+02 1.8810793596e+01 9.3534922677e-01 1.6619556311e+01 9.9588382792e-03 1.0892924052e-02
4.9403617829e+01 2.9608322762e+01 3.3079961103e+01 5.9931486930e-01 3.7306978620e-02 1.6997284759e+02 2.6069109135e+01 -5.3648136469e-01 8.0835396800e+00 7.5197471971e-03 8.0044456652e-03
4.0352957255e+01 3.6313173779e+01 3.3315246871e+01 8.9988878756e-01 5.3165900454e-02 2.4500133703e+02 3.4882096454e+01 -9.1621126531e-01 8.2261322612e+00 6.6486333773e-03 6.9593441227e-03
3.6414665026e+01 3.6305331361e+01 3.1653173978e+01 9.9699753753e-01 5.5347047698e-02 2.5544713715e+02 4.6679545674e+00 -5.3723500441e-01 8.1201738259e+00 1.4575229693e-02 3.0217448724e-02
3.7217172887e+01 2.0674577011e+01 2.3943336671e+01 5.5551175459e-01 1.8685314770e-02 8.3971795907e+01 1.9986099524e+02 -9.4366711911e-01 9.0464216200e+00 4.3364293710e-03 4.3694302453e-03
3.5917445453e+01 3.1778120233e+01 2.9400054976e+01 8.8475446492e-01 3.8385168858e-02 1.7502207448e+02 7.6251784518e+00 4.8461904126e-01 8.6935337554e+00 1.2827302944e-02 1.6952376333e-02
5.1626349024e+01 5.0461089050e+01 4.4432664600e+01 9.7742896804e-01 8.5267036922e-02 4.0177709991e+02 2.1919317108e+01 -8.9296709047e-01 8.2546840978e+00 6.4876326973e-03 6.9968222442e-03
2.8324860225e+01 2.0739697428e+01 2.1048857957e+01 7.3220828853e-01 2.5418909204e-02 1.1480550214e+02 1.0993348162e+01 -5.9512666904e-01 8.6838428885e+00 1.3888835611e-02 1.6456317194e-02
5.5756653649e+01 3.4157709234e+01 3.7766387823e+01 6.1262122094e-01 1.0522417242e-01 5.0246894767e+02 8.3928012388e+00 9.9491776659e-01 8.0502169604e+00 1.0176729981e-02 1.2973144962e-02
7.3955930812e+01 4.4458709033e+01 4.9599446889e+01 6.0115136872e-01 5.3487559794e-02 2.4653989008e+02 7.5939426058e+00 -4.3447688741e-01 1.1871422090e+01 9.1818268460e-03 1.2155285486e-02
3.0140644604e+01 2.9808332444e+01 2.6093826776e+01 9.8897461669e-01 4.8050189861e-02 2.2062133350e+02 1.1945801390e+01 -9.6516832366e-01 9.2566880841e+00 1.1611547398e-02 1.3529887749e-02
3.4369194690e+01 3.3613474784e+01 2.9588981537e+01 9.7801170750e-01 1.6239107837e-02 7.2845122313e+01 3.6951995915e+01 -1.0935004102e-01 8.9873820917e+00 7.1651919552e-03 7.4797381720e-03
6.5753380046e+01 5.7483366145e+01 5.3496838840e+01 8.7422678659e-01 7.3013879711e-02 3.4117067989e+02 2.3416050495e+00 4.3418082060e-01 9.7435047629e+00 1.3459214465e-02 1.0000000000e+00
3.6628522971e+01 2.4646614260e+01 2.6054884128e+01 6.7288037467e-01 2.4007700109e-02 1.0831853489e+02 6.4047364054e+01 8.6521279957e-01 1.0624929950e+01 6.2822113051e-03 6.4359888400e-03
4.3214376746e+01 4.3194982285e+01 3.7611856952e+01 9.9955120350e-01 6.3778768402e-02 2.9611324002e+02 5.7102024219e+00 -4.8179286494e-01 8.0302878588e+00 1.2073032518e-02 1.8974391861e-02
2.6307069256e+01 2.6194737516e+01 2.2852675960e+01 9.9572997892e-01 1.3783351750e-02 6.1715241111e+01 2.0880081572e+02 -9.0884922396e-01 1.1089673037e+01 4.4052421504e-03 4.4373121080e-03
3.3614729805e+01 3.1566444969e+01 2.8354940652e+01 9.3906585454e-01 6.3059044205e-02 2.9262437622e+02 3.9597373485e+00 -9.9497499831e-01 9.9964614979e+00 1.6531205312e-02 1.0000000000e+00
3.3894399619e+01 3.3525738226e+01 2.9345793007e+01 9.8912323578e-01 2.9620928939e-02 1.3419905090e+02 3.1530988849e+01 8.4891005376e-01 1.1965004880e+01 7.5814912674e-03 7.9771554785e-03
6.9025193958e+01 5.8284749797e+01 5.5177888600e+01 8.4439820383e-01 5.4607520874e-02 2.5190203307e+02 1.0984005084e+01 3.3667771586e-01 1.0507074015e+01 7.4748160107e-03 8.8582222839e-03
3.6894713993e+01 3.6357250492e+01 3.1883739564e+01 9.8543250663e-01 2.2580988766e-02 1.0177372169e+02 4.9085030902e+00 5.6487361289e-01 2.0172148328e+01 1.4521884813e-02 2.7337354533e-02
6.0782948101e+01 4.9535760592e+01 4.7718910972e+01 8.1496146764e-01 1.2975123155e-01 6.2950504294e+02 4.0586314103e+00 -6.7600652235e-01 8.0183483173e+00 1.1388920109e-02 5.5792525848e-02
2.9127460284e+01 2.6304069718e+01 2.4090397508e+01 9.0306773957e-01 1.4221118463e-02 6.3696313278e+01 4.2055749266e+02 -9.6692056684e-01 8.2340563353e+00 3.2771841273e-03 3.2889498531e-03
2.4116242251e+01 1.9353865296e+01 1.8784873211e+01 8.0252408706e-01 2.9719470777e-02 1.3465524762e+02 4.0808399542e+00 -9.0525081074e-01 9.4822370067e+00 2.1568014232e-02 9.3860199998e-02
3.0682056909e+01 2.8994710694e+01 2.5963359824e+01 9.4500544017e-01 1.1717693659e-02 5.2384637128e+01 6.5046963991e+01 4.4922845883e-01 1.3093921872e+01 6.3070018427e-03 6.4589075481e-03
3.7967258961e+01 3.3420388163e+01 3.0997582666e+01 8.8024232135e-01 2.0317833026e-02 9.1419570047e+01 3.8628606523e+01 -3.0074496139e-01 9.0516868750e+00 6.8279492931e-03 7.1136590658e-03
4.3151072089e+01 3.8918937431e+01 3.5666019456e+01 9.0192283868e-01 7.1590986340e-02 3.3419350865e+02 2.4924755793e+00 8.7515091176e-01 9.1331833393e+00 1.6953401302e-02 1.0000000000e+00
3.4746379107e+01 2.6939497068e+01 2.6591465636e+01 7.7531811256e-01 1.2566252208e-02 5.6214122172e+01 4.4625384550e+01 -7.8887191431e-01 2.1096271431e+01 7.1527644996e-03 7.4091452509e-03
8.0588132987e+01 4.8888515968e+01 5.4306083005e+01 6.0664658873e-01 8.9328779948e-02 4.2207262882e+02 2.6715911115e+01 -8.8528400811e-01 9.2841324546e+00 5.3012384132e-03 5.6336812623e-03
2.9068412852e+01 2.5390259213e+01 2.3639574936e+01 8.7346561859e-01 2.0027449528e-02 9.0093502951e+01 2.2922908879e+02 -9.8488990109e-01 8.1844841788e+00 4.1487034603e-03 4.1761814663e-03
4.0626585941e+01 2.0406124107e+01 2.4775930838e+01 5.0228498492e-01 1.4205308693e-02 6.3624745305e+01 8.1151905263e+01 5.5121109582e-01 1.0895066648e+01 5.9681030118e-03 6.0823069718e-03
3.5294202865e+01 3.5125239167e+01 3.0651736585e+01 9.9521270677e-01 3.4172655751e-02 1.5533776235e+02 3.1117785335e+01 8.4354475866e-01 1.0947694990e+01 7.3941354729e-03 7.7856580712e-03
8.1515611899e+01 7.1362616424e+01 6.6367858780e+01 8.7544722737e-01 1.3053071477e-01 6.3360069478e+02 2.2374761823e+01 -8.6013067179e-01 8.3540098115e+00 4.8835566222e-03 5.2579020457e-03
3.8412892344e+01 3.7697530637e+01 3.3127229777e+01 9.8137704130e-01 7.7149449562e-02 3.6152144719e+02 7.5441446091e+00 -9.1623898645e-01 8.6316032792e+00 1.1682312352e-02 1.5508356573e-02
3.7593815788e+01 3.6623190100e+01 3.2301512784e+01 9.7418124051e-01 2.8294897696e-02 1.2806644783e+02 5.1692588685e+01 5.2659619606e-01 8.3573678032e+00 5.9367300020e-03 6.1187656166e-03
6.3141306910e+01 3.8307977263e+01 4.2551206170e+01 6.0670231799e-01 4.4048161851e-02 2.0166643491e+02 5.5108456081e+00 6.8136814480e-01 1.7599166309e+01 1.1460238247e-02 1.8618425674e-02
2.8781274714e+01 2.5884831844e+01 2.3754702457e+01 8.9936363492e-01 1.7317651790e-02 7.7746001351e+01 1.8422368257e+02 9.2729381542e-01 9.8538545158e+00 4.4968907454e-03 4.5340618094e-03
3.5441312703e+01 3.1829206941e+01 2.9230511411e+01 8.9808205489e-01 2.5032805566e-02 1.1302937239e+02 1.8865946309e+02 -9.2405397668e-01 8.1375931617e+00 3.8965693358e-03 3.9280096235e-03
2.4377759602e+01 2.2673571503e+01 2.0464156671e+01 9.3009250538e-01 2.1861853779e-02 9.8479922580e+01 3.2330171042e+01 7.1220125470e-01 8.7157234513e+00 9.4531482243e-03 9.9331277225e-03
3.5521540834e+01 1.9608313154e+01 2.2776230522e+01 5.5201189739e-01 2.4287126617e-02 1.0960194000e+02 2.7859031886e+01 9.7160582540e-01 1.2392484457e+01 9.3350953385e-03 9.8937563007e-03
6.3521097637e+01 3.0014941508e+01 3.7493631109e+01 4.7251925147e-01 3.7573715959e-02 1.7122128776e+02 2.0364391392e+01 -6.4287623810e-01 1.1452862694e+01 7.6270863788e-03 8.2789070448e-03
3.2591848497e+01 1.1703767148e+01 1.6580157469e+01 3.5910105403e-01 1.0945000690e-02 4.8901735143e+01 2.6308610766e+02 8.4080044723e-01 8.5499360256e+00 4.9452290552e-03 4.9737228692e-03
7.3534236822e+01 7.0493390507e+01 6.2674897439e+01 9.5864720372e-01 1.6380129572e-01 8.1169006813e+02 1.0369312118e+01 -9.8897462250e-01 9.4556477126e+00 6.6321863457e-03 7.9621114262e-03
8.4436361894e+01 7.2065783812e+01 6.7865822521e+01 8.5349228928e-01 7.9384274404e-02 3.7256325287e+02 4.4528417294e+01 -9.9007887292e-01 1.1658359678e+01 3.8297001224e-03 3.9672893299e-03
2.9429526938e+01 2.9006215472e+01 2.5434833367e+01 9.8561609681e-01 3.7857547700e-02 1.7255024667e+02 4.2382245471e+01 9.8278212363e-01 8.3549619561e+00 7.3832505099e-03 7.6628918823e-03
2.3434747716e+01 9.1725028022e+00 1.2495281522e+01 3.9140608268e-01 1.0044093735e-02 4.4845978721e+01 1.2850087540e+02 -9.2350860889e-01 9.0429093212e+00 7.7250620039e-03 7.8172158577e-03
3.2859344058e+01 2.6145488218e+01 2.5483311993e+01 7.9567894515e-01 4.8129271837e-02 2.2099693357e+02 1.0168655309e+01 -9.1624044954e-01 8.8486717485e+00 1.2517791682e-02 1.5098371369e-02
3.4015829274e+01 3.0401657317e+01 2.7986348531e+01 8.9375029114e-01 1.0475583421e-02 4.6787803448e+01 5.0313359524e+01 4.3093460273e-01 1.6857045290e+01 6.6316173666e-03 6.8408622757e-03
3.2381736022e+01 2.7274035100e+01 2.5852302031e+01 8.4226599467e-01 4.7458964307e-02 2.1781458424e+02 2.0391676179e+01 9.5758065075e-01 8.0497085970e+00 9.5604480606e-03 1.0376223828e-02
4.6442833581e+01 4.3810165833e+01 3.9264840261e+01 9.4331380011e-01 3.6439844229e-02 1.6591751282e+02 3.7881967543e+01 -9.3936046110e-01 1.4483291112e+01 5.8754493339e-03 6.1265368509e-03
1.9167039961e+01 1.2559216975e+01 1.3447043186e+01 6.5525073255e-01 2.2060002948e-02 9.9387147387e+01 6.8734318583e+00 -9.4509747213e-01 8.0735238309e+00 2.1961709154e-02 3.0458317473e-02
3.9109003925e+01 2.7921018293e+01 2.8686061965e+01 7.1392813650e-01 2.0626263136e-02 9.2828663303e+01 6.8542606035e+01 7.5246201435e-01 1.1959284453e+01 5.7789570724e-03 5.9107455209e-03
3.3940692568e+01 3.3747457756e+01 2.9462834626e+01 9.9430669214e-01 3.1837399361e-02 1.4447558130e+02 2.1716998030e+01 7.6235105688e-01 1.1231259342e+01 8.6859475057e-03 9.3749901692e-03
3.6605197229e+01 2.8571612468e+01 2.8110455409e+01 7.8053431291e-01 2.3699555280e-02 1.0690382645e+02 2.5184852777e+01 -7.2330676092e-01 1.3025718282e+01 8.5034118547e-03 9.0732097658e-03
2.9940069828e+01 2.9819621723e+01 2.6011853169e+01 9.9597702657e-01 1.7635772371e-02 7.9193017359e+01 2.1837651871e+02 -7.7426782361e-01 8.2693651323e+00 3.9855772325e-03 4.0133034728e-03
3.0111158848e+01 2.6609206229e+01 2.4632462491e+01 8.8369917489e-01 1.0919450426e-02 4.8786636246e+01 3.1496306415e+02 7.1332627348e-01 9.8435989132e+00 3.6093844562e-03 3.6267256273e-03
3.2686945688e+01 3.1029070745e+01 2.7722739462e+01 9.4928021239e-01 3.1756703231e-02 1.4410087210e+02 6.1504654525e+01 -8.4392994126e-01 8.5799924809e+00 6.1069146112e-03 6.2628746123e-03
4.0204687516e+01 1.4314087173e+01 2.0357056966e+01 3.5603030536e-01 2.4872367639e-02 1.1229162605e+02 1.9887964422e+00 -9.2055797070e-01 8.6701059785e+00 2.6936048334e-02 1.0000000000e+00
5.8789833058e+01 4.1219165680e+01 4.2720176516e+01 7.0112744902e-01 6.4424609071e-02 2.9924674671e+02 2.9175482049e+00 -8.9142660460e-01 1.4652319939e+01 1.4336611349e-02 1.0000000000e+00
3.4629873278e+01 2.9689115940e+01 2.7897228436e+01 8.5732672777e-01 1.5904573665e-02 7.1326585937e+01 1.1097022427e+02 8.4442685344e-01 1.4114570330e+01 4.9227704527e-03 4.9910097613e-03
4.3994331634e+01 3.3175476696e+01 3.3192415123e+01 7.5408525288e-01 3.4378493141e-02 1.5629690633e+02 8.4577408725e+01 -7.7982117305e-01 8.1313018568e+00 4.8347763903e-03 4.9234189964e-03
5.4033362351e+01 1.6000390963e+01 2.4718042371e+01 2.9612058675e-01 2.6204876311e-02 1.1842410541e+02 4.7975576155e+01 -8.7209026124e-01 9.9898399492e+00 7.2257524180e-03 7.4655416843e-03
3.2218604710e+01 2.9418784096e+01 2.6796003268e+01 9.1309925928e-01 3.8998123021e-02 1.7789595399e+02 7.9313555154e+00 -6.8277794761e-01 9.5236431022e+00 1.3388671035e-02 1.7419648309e-02
2.5465185003e+01 2.2054942763e+01 2.0620355221e+01 8.6608217299e-01 1.1674004542e-02 5.2187602091e+01 1.8392127036e+02 7.5040078313e-01 1.0420706244e+01 4.9328544415e-03 4.9736972247e-03
3.5007884998e+01 2.2097365422e+01 2.4086218107e+01 6.3121109496e-01 2.6481993841e-02 1.1970093209e+02 5.0163080674e+01 9.5059161899e-01 1.0270651971e+01 7.2206567294e-03 7.4492102172e-03
5.5604504398e+01 5.2993546172e+01 4.7253650845e+01 9.5304412376e-01 9.6641920829e-02 4.5887005787e+02 2.5690000263e+01 -9.7322372808e-01 8.1422562968e+00 5.8438164969e-03 6.2267406440e-03
7.1125857626e+01 3.5341326869e+01 4.3126386056e+01 4.9688436875e-01 4.2870957085e-02 1.9611054130e+02 8.6331614986e+01 7.5190425547e-01 8.1000762166e+00 4.0527379113e-03 4.1254823229e-03
5.2328955015e+01 3.9545666574e+01 3.9524416288e+01 7.5571290431e-01 7.6218269452e-02 3.5692986942e+02 4.5064968204e+00 9.3460266949e-01 1.3159596666e+01 1.2698500824e-02 2.8822113967e-02
3.2788535512e+01 2.9342889677e+01 2.6994337725e+01 8.9491309139e-01 1.6765855423e-02 7.5237680587e+01 1.6284234919e+02 8.9072167317e-01 1.1683262495e+01 4.3496014454e-03 4.3903572502e-03
7.9654747489e+01 3.6157899671e+01 4.6014819063e+01 4.5393276372e-01 5.4418419837e-02 2.5099609257e+02 3.5087997627e+01 8.5584788023e-01 1.1006561409e+01 5.4174147321e-03 5.6689714851e-03
6.9488716358e+01 5.5905670022e+01 5.4195904482e+01 8.0452874873e-01 4.2525105844e-02 1.9447998214e+02 2.0012415415e+01 -4.1422009154e-01 1.2015125233e+01 6.0799541978e-03 6.6102259596e-03
5.1368979786e+01 4.6057508254e+01 4.2331671563e+01 8.9660157639e-01 5.2190405337e-02 2.4033943039e+02 6.0612872516e+01 9.9027393070e-01 9.8588033598e+00 4.6556901731e-03 4.7764221015e-03
3.8990953141e+01 2.5948242061e+01 2.7576661929e+01 6.6549391514e-01 4.4898572749e-02 2.0568559000e+02 1.9055217750e+01 -9.1222204141e-01 8.9652162533e+00 9.4331258855e-03 1.0304530479e-02
8.5783580470e+01 8.3224278261e+01 7.3554821191e+01 9.7016559352e-01 8.6097777249e-02 4.0591982772e+02 9.5013481918e-01 7.3294784513e-01 1.3399386835e+01 1.5353282367e-02 1.0000000000e+00
3.5630503925e+01 2.5158741596e+01 2.5986104278e+01 7.0610120050e-01 1.2747865041e-02 5.7034356009e+01 2.2324976822e+02 5.8020881765e-01 8.9864359361e+00 3.9670944552e-03 3.9940821545e-03
2.7144480013e+01 2.0706250545e+01 2.0601179217e+01 7.6281625344e-01 2.9743932013e-02 1.3476850015e+02 7.2830507428e+00 -7.6266344619e-01 9.5401056138e+00 1.6383810495e-02 2.2089115128e-02
4.4137469151e+01 1.6743180147e+01 2.3136164906e+01 3.7934164485e-01 1.3904358739e-02 6.2262718475e+01 1.3822454196e+02 -7.8763694102e-01 1.1451439861e+01 5.1023598260e-03 5.1588576364e-03
3.4441830095e+01 1.0779778590e+01 1.6246074294e+01 3.1298506963e-01 1.6018129281e-02 7.1841960124e+01 8.0082660310e+01 -8.8059835512e-01 8.5148438951e+00 7.7994257127e-03 7.9507377114e-03
4.2765265986e+01 2.6018754094e+01 2.8862177521e+01 6.0840856462e-01 3.2797811857e-02 1.4893850038e+02 2.1563641857e+01 6.3343304001e-01 9.1538737489e+00 8.8167738238e-03 9.5219309225e-03
7.6900602638e+01 6.7907302181e+01 6.2885320437e+01 8.8305292613e-01 6.3244826094e-02 2.9352463980e+02 8.6951314872e+00 -6.8510662657e-01 1.7861890014e+01 7.4808868786e-03 9.4257026618e-03
7.6314391331e+01 7.0026496668e+01 6.3627984919e+01 9.1760538801e-01 9.3977252330e-02 4.4542437186e+02 8.1117357038e+00 -8.0725057462e-01 1.4569759466e+01 7.4876025381e-03 9.6605312164e-03
3.9547627091e+01 3.4287361294e+01 3.2040571529e+01 8.6698909179e-01 2.4197543544e-02 1.0919042889e+02 2.9923583229e+01 7.4070186057e-01 1.4654280194e+01 7.3428245945e-03 7.7487672537e-03
3.7820728132e+01 1.9998026777e+01 2.3703717998e+01 5.2875837577e-01 3.0379907648e-02 1.3771437167e+02 6.2638435825e+00 -9.1385162006e-01 1.3889771647e+01 1.5875292861e-02 2.3252501369e-02
6.8368863730e+01 3.5074864254e+01 4.2166910670e+01 5.1302394599e-01 7.1173781735e-02 3.3215015065e+02 9.6166686673e+00 -5.8144639702e-01 8.1772076575e+00 9.2048491203e-03 1.1261503268e-02
3.2831658182e+01 3.1501335534e+01 2.7995376863e+01 9.5948049165e-01 3.3863001236e-02 1.5389538283e+02 7.7809979751e+01 -9.6656409878e-01 8.6065039367e+00 5.5502709504e-03 5.6612100094e-03
3.6341565687e+01 2.6962228815e+01 2.7190031189e+01 7.4191159092e-01 3.3076018940e-02 1.5023242532e+02 2.1507079130e+01 9.9507328080e-01 1.2538489129e+01 9.1593354399e-03 9.8941130025e-03
8.2102544946e+01 6.5444529485e+01 6.3731165497e+01 7.9710719721e-01 8.3266504571e-02 3.9181837161e+02 7.5841589690e+00 -6.0722160079e-01 1.3286671211e+01 7.7183767404e-03 1.0223416034e-02
2.9049814883e+01 1.9687279917e+01 2.0740800959e+01 6.7770758595e-01 1.1536148571e-02 5.1565964815e+01 2.2113514728e+02 8.7967421151e-01 1.1397197139e+01 4.5871690498e-03 4.6186772289e-03
3.4879287405e+01 3.4033530420e+01 2.9993335251e+01 9.7575188463e-01 2.4799311041e-02 1.1195574425e+02 1.1878171331e+02 -8.6004498539e-01 9.6873720936e+00 4.5614183662e-03 4.6203910903e-03
3.1671402440e+01 1.9667222561e+01 2.1605153178e+01 6.2097731852e-01 1.7711479350e-02 7.9537480642e+01 9.4372705028e+01 6.5569116077e-01 8.0884581678e+00 6.1304107955e-03 6.2307883326e-03
4.4970668614e+01 2.9646099444e+01 3.1649791735e+01 6.5923190287e-01 6.3095377436e-02 2.9280042291e+02 1.1627852637e+01 8.5298876472e-01 8.2136906078e+00 1.0304311865e-02 1.2069254736e-02
3.0698966645e+01 2.7805509837e+01 2.5428160985e+01 9.0574742006e-01 2.1503152081e-02 9.6838272314e+01 7.5094028035e+01 -6.0428166410e-01 8.1368018062e+00 6.0182753417e-03 6.1430868873e-03
3.4275510880e+01 2.2531707213e+01 2.4087188823e+01 6.5737042672e-01 2.9702913603e-02 1.3457859217e+02 1.2083719108e+01 7.8815400737e-01 1.0993247885e+01 1.2289500265e-02 1.4289112349e-02
6.2910524144e+01 5.8034259485e+01 5.2592912521e+01 9.2248888838e-01 1.2634682385e-01 6.1165900499e+02 4.6407255716e+00 -5.8812296963e-01 8.1701526838e+00 1.0211191824e-02 2.1455770791e-02
4.0419203803e+01 4.0384133939e+01 3.5171691619e+01 9.9913234650e-01 8.0572482447e-02 3.7844659938e+02 9.7948251332e+00 -8.7912692443e-01 8.0286247235e+00 1.0183393133e-02 1.2398699720e-02
7.5403933581e+01 3.4265193145e+01 4.3584436438e+01 4.5442182546e-01 3.7219844024e-02 1.6956512256e+02 3.0649652537e+00 1.7275671688e-01 1.1236330165e+01 1.4125692642e-02 1.0000000000e+00
3.5136180041e+01 1.8882476952e+01 2.2211574627e+01 5.3740836170e-01 3.8667611119e-02 1.7634602104e+02 6.6856618031e+00 -7.8691530239e-01 8.5982247005e+00 1.6053939833e-02 2.2600421378e-02
3.4362637335e+01 3.4116957064e+01 2.9807244544e+01 9.9285036625e-01 5.6239382605e-02 2.5972942090e+02 6.1398519114e+00 9.0487091321e-01 1.0548005345e+01 1.3647682639e-02 2.0263955892e-02
2.3154928015e+01 2.2635760865e+01 1.9930017682e+01 9.7757854614e-01 3.5772441340e-02 1.6279960992e+02 4.2288008974e+00 -8.9058653922e-01 8.6954857969e+00 2.0434158443e-02 6.1008672396e-02
2.9260852183e+01 2.7210104107e+01 2.4560956489e+01 9.2991495726e-01 4.1921844248e-02 1.9163768756e+02 1.6478021931e+01 8.8405563489e-01 8.2972736984e+00 1.0728304151e-02 1.1907369401e-02
8.3603899190e+01 6.1767198347e+01 6.2415872763e+01 7.3880762674e-01 4.0966422475e-02 1.8714101037e+02 3.2471790757e+01 -1.2461591613e-01 8.9556891998e+00 4.6467418685e-03 4.8815511443e-03
3.3675206877e+01 3.2905480665e+01 2.8978603442e+01 9.7714264340e-01 1.4699757791e-02 6.5863819624e+01 6.5239510471e+01 -1.9441168047e-01 8.7780438849e+00 5.8711050692e-03 6.0120761288e-03
3.6213366153e+01 3.4336122811e+01 3.0695401277e+01 9.4816158943e-01 4.0523016418e-02 1.8505614267e+02 5.9726456874e+01 -8.9126058414e-01 8.0688062597e+00 5.7630857545e-03 5.9148614649e-03
3.4172314595e+01 2.0840804817e+01 2.3091921634e+01 6.0987395977e-01 1.5462072324e-02 6.9319108367e+01 1.7659052596e+02 7.2353714806e-01 8.7255912815e+00 4.6556530068e-03 4.6958262813e-03
2.5890291655e+01 2.3949345595e+01 2.1674215232e+01 9.2503189668e-01 2.2532966277e-02 1.0155366097e+02 3.1036475724e+01 -8.6975779374e-01 1.0965606115e+01 9.2566886267e-03 9.7482470174e-03
3.0682559204e+01 2.7441996538e+01 2.5252968811e+01 8.9438421208e-01 2.5880568799e-02 1.1693049419e+02 7.4555367135e+01 9.5181853120e-01 9.9469486032e+00 6.0444998569e-03 6.1707960528e-03
3.8752655481e+01 2.7309915680e+01 2.8234623536e+01 7.0472372386e-01 3.4896878468e-02 1.5871366452e+02 7.4536936699e+01 9.0536104891e-01 8.0305301823e+00 5.6070185300e-03 5.7242039075e-03
3.8699013519e+01 3.4147509698e+01 3.1633962333e+01 8.8238708416e-01 4.0874539477e-02 1.8670887722e+02 2.5072702186e+01 7.1536240662e-01 8.7707530964e+00 7.8297938556e-03 8.3571013733e-03
4.0404753785e+01 2.8933895791e+01 2.9683051852e+01 7.1610127722e-01 1.4317859695e-02 6.4134279846e+01 1.8752953807e+02 -9.5766342843e-01 1.4952564927e+01 3.8935250400e-03 3.9251328838e-03
6.1213725327e+01 4.2879357512e+01 4.4460452020e+01 7.0048599857e-01 3.9383955707e-02 1.7970621373e+02 3.4153683362e+01 -4.9639606251e-01 9.6003962253e+00 5.6417389388e-03 5.9115236002e-03
3.2577589907e+01 2.9317051157e+01 2.6896324286e+01 8.9991467265e-01 2.8870643623e-02 1.3072772293e+02 2.0139821255e+01 -8.9352678884e-01 1.2945632272e+01 9.4758094954e-03 1.0296156973e-02
5.4966220323e+01 5.0984049500e+01 4.6078433631e+01 9.2755239855e-01 2.7363246973e-02 1.2376470211e+02 1.1170319536e+02 -7.6799957130e-01 1.1901118730e+01 3.5635475764e-03 3.6126129928e-03
3.3738197682e+01 2.7938590686e+01 2.6703702069e+01 8.2809967947e-01 1.6470796705e-02 7.3897255890e+01 1.0246800226e+02 7.8414146317e-01 1.2518256509e+01 5.2108509954e-03 5.2892437678e-03
3.0910787785e+01 2.4844145482e+01 2.4095937180e+01 8.0373705307e-01 1.8363286323e-02 8.2504754177e+01 1.8080991901e+01 4.8477278145e-01 1.1155978421e+01 1.0636734057e-02 1.1682322124e-02
2.9864402796e+01 2.8786678276e+01 2.5524193528e+01 9.6391273829e-01 1.7279207801e-02 7.7571179232e+01 3.9728724632e+01 8.9342795864e-01 1.6892595942e+01 7.6429564702e-03 7.9532393431e-03
4.2357269193e+01 3.9963951984e+01 3.5814217608e+01 9.4349689547e-01 5.9430717858e-02 2.7508612405e+02 2.2422155129e+00 8.9221559071e-01 1.0614644252e+01 1.7719918394e-02 1.0000000000e+00
5.0341957229e+01 3.5956367504e+01 3.6933721595e+01 7.1424254208e-01 7.9285148734e-02 3.7207283437e+02 1.8158766731e+01 9.7233685423e-01 8.0763202205e+00 7.8417648803e-03 8.6086819466e-03
5.0677961791e+01 4.3070516864e+01 4.0644958850e+01 8.4988652546e-01 8.6807311279e-02 4.0946149849e+02 9.6414072917e+00 7.6607071243e-01 8.0126219563e+00 9.3248865594e-03 1.1400553119e-02
2.9763433245e+01 2.2003695478e+01 2.2227794638e+01 7.3928620052e-01 1.4175379727e-02 6.3489266858e+01 1.5995695595e+02 -8.1194065215e-01 1.0488752710e+01 4.9520916026e-03 4.9993444748e-03
4.7084894971e+01 3.9414886646e+01 3.7473316448e+01 8.3710257123e-01 4.9293127970e-02 2.2652933393e+02 2.7634260419e+01 -9.3353690113e-01 1.1130728136e+01 6.7567982454e-03 7.1648258257e-03
4.4065909628e+01 4.0013775599e+01 3.6546782413e+01 9.0804379023e-01 3.6453548877e-02 1.6598156727e+02 2.2626141376e+01 -8.5067103232e-01 1.4067295302e+01 7.4549105665e-03 8.0190937042e-03
3.7125187327e+01 3.3238923978e+01 3.0571667292e+01 8.9532003393e-01 3.9916558941e-02 1.8220668812e+02 1.4857390941e+00 9.5893993181e-01 1.0176015685e+01 2.3093713569e-02 1.0000000000e+00
3.5009714128e+01 2.8163927521e+01 2.7303724113e+01 8.0446036828e-01 1.8678819580e-02 8.3942199407e+01 1.1766860755e+02 8.1845461156e-01 1.1182748330e+01 4.8726030818e-03 4.9362092717e-03
4.3303141702e+01 3.9394690232e+01 3.5948057927e+01 9.0974208070e-01 2.4175702496e-02 1.0909010734e+02 2.0168288636e+02 8.8884344121e-01 9.1044086930e+00 3.3410937478e-03 3.3662870945e-03
7.7866699393e+01 7.5928070166e+01 6.6936679339e+01 9.7510323100e-01 3.2482300967e-02 1.4747169214e+02 1.6751374038e+02 -9.3558851629e-01 9.8602303907e+00 2.4164905018e-03 2.4384910224e-03
2.9220227251e+01 1.8846483224e+01 2.0331970297e+01 6.4498072045e-01 1.9986996696e-02 8.9908815325e+01 4.6209252306e+01 -6.5823170613e-01 8.1136076340e+00 8.3111969975e-03 8.5982299811e-03
7.6958615107e+01 6.6322164458e+01 6.2160138560e+01 8.6178999408e-01 1.2065271910e-01 5.8196291811e+02 1.3423369357e+01 -8.5331978955e-01 9.9393802965e+00 6.1959552999e-03 7.0750420161e-03
4.1922768100e+01 3.7132826193e+01 3.4335094875e+01 8.8574366332e-01 1.7864881744e-02 8.0235571754e+01 1.4305614221e+02 -6.4440435469e-01 1.0961333419e+01 3.9261154215e-03 3.9680915890e-03
8.1883672022e+01 6.9394108596e+01 6.5577811343e+01 8.4747186932e-01 1.6350692188e-01 8.1008666947e+02 1.4614501343e+01 9.2617298513e-01 8.3482615854e+00 5.6695431058e-03 6.3918961974e-03
3.1965905829e+01 2.8398264443e+01 2.6219924797e+01 8.8839229506e-01 1.1993041474e-02 5.3626732609e+01 1.3905806252e+02 6.3656011614e-01 1.2681969719e+01 4.7134789587e-03 4.7653515478e-03
7.3525211418e+01 6.0774572333e+01 5.8140646062e+01 8.2658140196e-01 1.2442788091e-01 6.0162988133e+02 5.5593880100e+00 8.5749321185e-01 1.2028369325e+01 8.9722932853e-03 1.4452093399e-02
6.8331047537e+01 6.7550794833e+01 5.9144837097e+01 9.8858128579e-01 1.3528218037e-01 6.5864324749e+02 1.6638173066e+01 9.8092045218e-01 8.9408652580e+00 5.8494928680e-03 6.4848691582e-03
3.9983762493e+01 2.7125863069e+01 2.8562970501e+01 6.7842197376e-01 3.4903641889e-02 1.5874520781e+02 5.2032364675e+01 -8.2589384359e-01 8.3464755746e+00 6.3698411571e-03 6.5638092399e-03
3.5411136833e+01 2.9981460183e+01 2.8345875342e+01 8.4666754205e-01 2.1972353211e-02 9.8985811420e+01 9.3223327793e+00 8.2499329370e-01 2.0427184708e+01 1.2292589520e-02 1.5167948517e-02
3.6869895200e+01 3.5605955018e+01 3.1541189047e+01 9.6571891037e-01 3.6770458749e-02 1.6746312128e+02 5.7391528126e+01 -9.2571433491e-01 9.6205916735e+00 5.7643773105e-03 5.9226789174e-03
3.9852120885e+01 2.0054360298e+01 2.4327718913e+01 5.0321939843e-01 2.1885613249e-02 9.8588691414e+01 5.9612524463e+01 7.9571977913e-01 1.0145930139e+01 6.7449600081e-03 6.9229503662e-03
3.7202828426e+01 3.5824093268e+01 3.1780015223e+01 9.6294004470e-01 2.0140243114e-02 9.0608520198e+01 1.4277616890e+02 6.2580296888e-01 8.8954586110e+00 4.1178081435e-03 4.1619218356e-03
2.3800539896e+01 1.8450291070e+01 1.8213229811e+01 7.7520472860e-01 1.2252606771e-02 5.4798099219e+01 1.9150217964e+01 -4.2414055860e-01 1.0498377787e+01 1.2446813376e-02 1.3589899437e-02
4.0855384051e+01 2.8599168068e+01 2.9663437379e+01 7.0000977183e-01 5.0328217542e-02 2.3145697085e+02 1.6398812283e+00 9.8299397979e-01 8.3817033337e+00 2.2537177607e-02 1.0000000000e+00
3.6127680717e+01 2.8254637183e+01 2.7771834505e+01 7.8207724999e-01 1.0648171314e-02 4.7564848069e+01 2.4587504434e+02 -4.0459797678e-01 8.6477420868e+00 3.6751491748e-03 3.6978240510e-03
3.1650914760e+01 2.4279099071e+01 2.4090305904e+01 7.6708996422e-01 1.1245695347e-02 5.0256634939e+01 2.0608818151e+02 -6.5100247239e-01 1.0759768387e+01 4.2900658646e-03 4.3217140107e-03
3.6734807992e+01 3.5262909566e+01 3.1330967404e+01 9.5993177842e-01 2.2413079654e-02 1.0100435317e+02 1.1162062697e+02 -9.0879605658e-01 1.2086818792e+01 4.5500528953e-03 4.6127487291e-03
5.0996800829e+01 4.2811134539e+01 4.0645445334e+01 8.3948667060e-01 2.7223453483e-02 1.2311972263e+02 3.9029464011e+01 8.2627543433e-01 1.7663003223e+01 5.7177546366e-03 5.9543611909e-03
2.8705589145e+01 2.5042693267e+01 2.3330045252e+01 8.7239781564e-01 1.1138310285e-02 4.9772698919e+01 5.0921516426e+02 9.3075388252e-01 8.7512860206e+00 3.1180200483e-03 3.1272547425e-03
5.1094060814e+01 5.0544104466e+01 4.4239803846e+01 9.8923639384e-01 2.3215735594e-02 1.0468385583e+02 9.9973953117e+01 7.0399352878e-01 1.3420431192e+01 3.8203259343e-03 3.8792741483e-03
2.3055680246e+01 1.9389964094e+01 1.8392736159e+01 8.4100594246e-01 2.0489924460e-02 9.2205708632e+01 3.2028638836e+01 8.0835106791e-01 9.0459744059e+00 1.0149260468e-02 1.0669905581e-02
5.6045329423e+01 4.1633261291e+01 4.1959281032e+01 7.4284979177e-01 1.6924586318e-02 7.5959021060e+01 5.6615190549e+01 4.2232178079e-01 1.5849629522e+01 4.9062298121e-03 5.0429083083e-03
3.2438899703e+01 3.1472074500e+01 2.7815047365e+01 9.7019549950e-01 2.9253566171e-02 1.3249891863e+02 2.6310687700e+01 -6.3846611340e-01 9.3397374625e+00 8.3920836275e-03 8.9274416218e-03
3.4164919243e+01 3.0010875828e+01 2.7863854233e+01 8.7841202300e-01 3.2029283266e-02 1.4536675818e+02 6.6298315448e+01 -9.7610445203e-01 9.6070882164e+00 5.9176469550e-03 6.0573668025e-03
2.9990866390e+01 2.1625010494e+01 2.2111109809e+01 7.2105321043e-01 2.4424826572e-02 1.1023458573e+02 1.1600226941e+01 -8.4842342861e-01 1.2798660456e+01 1.3207303661e-02 1.5476727470e-02
3.1719432131e+01 3.0537129842e+01 2.7092878216e+01 9.6272624667e-01 2.1808184512e-02 9.8234243034e+01 1.3254028834e+02 8.7463394246e-01 9.6555846620e+00 4.6735828958e-03 4.7275996378e-03
3.6097837077e+01 3.5809955519e+01 3.1299383673e+01 9.9202496378e-01 3.7809203242e-02 1.7232385077e+02 1.7288757080e+01 -8.4918359150e-01 1.1972609541e+01 9.0777039231e-03 1.0019148010e-02
4.2321480227e+01 3.2768784099e+01 3.2366517899e+01 7.7428256110e-01 1.4982747058e-02 6.7146051030e+01 2.8192446715e+02 -7.9611816894e-01 1.0041236996e+01 3.1642756226e-03 3.1812774748e-03
2.7417665878e+01 2.0710140775e+01 2.0703744734e+01 7.5535754456e-01 1.1587742359e-02 5.1798602986e+01 9.8166533334e+01 7.0669161421e-01 1.2307725788e+01 6.2269683508e-03 6.3248719201e-03
5.0254160845e+01 4.9776301548e+01 4.3540191501e+01 9.9049114961e-01 3.7969795533e-02 1.7307595926e+02 4.9088816855e+01 -5.7530669583e-01 9.4657747712e+00 4.9932162414e-03 5.1549329581e-03
7.3340664935e+01 7.1398231167e+01 6.2994455476e+01 9.7351491468e-01 1.0190333094e-01 4.8554568594e+02 1.9994803931e+01 -9.4566288538e-01 1.1410709026e+01 5.3477755705e-03 5.8146691516e-03
5.6210805359e+01 4.3083389463e+01 4.2765448461e+01 7.6646098890e-01 5.2220916839e-02 2.4048515284e+02 1.2129128372e+01 5.4910490510e-01 1.0100940725e+01 8.4573571285e-03 9.8266225328e-03
3.0427268602e+01 2.5903787090e+01 2.4424526888e+01 8.5133461791e-01 3.8077236506e-02 1.7357923592e+02 2.5881010627e+01 9.6214924611e-01 8.7838551601e+00 9.1099897642e-03 9.7019846745e-03
1.9938323899e+01 1.4078597141e+01 1.4541520396e+01 7.0610735449e-01 1.6817512094e-02 7.5472411925e+01 3.7441634338e+01 -9.6040379124e-01 9.1732236321e+00 1.1111039017e-02 1.1591907623e-02
7.6407553751e+01 3.3636239360e+01 4.3416331803e+01 4.4022138792e-01 2.7903524651e-02 1.2625864891e+02 1.2693198311e+02 7.6384815698e-01 1.0335638721e+01 3.5243429842e-03 3.5669168330e-03
3.9100467309e+01 3.1552308780e+01 3.0542318985e+01 8.0695477448e-01 1.9578934159e-02 8.8046412736e+01 3.6337687216e+01 -8.7397038013e-01 1.8706129979e+01 7.0543982398e-03 7.3697557645e-03
5.4470520593e+01 5.2856426278e+01 4.6710427105e+01 9.7036756217e-01 4.3084732499e-02 1.9711880043e+02 1.3238719336e+01 9.0445462913e-01 2.0017187229e+01 7.7874471158e-03 8.9121592017e-03
8.5799877180e+01 6.8226325107e+01 6.6518778542e+01 7.9517975257e-01 9.0028823970e-02 4.2558083976e+02 3.3043310572e+01 -9.7947550784e-01 1.1559525536e+01 4.3104787240e-03 4.5241765392e-03
4.0885854274e+01 4.0531598162e+01 3.5438601977e+01 9.9133548467e-01 4.5235576562e-02 2.0727961011e+02 4.0553756746e+01 7.2819708449e-01 8.0720225055e+00 6.0740359198e-03 6.3152348949e-03
6.0615294303e+01 4.8389223925e+01 4.7087932807e+01 7.9830056888e-01 4.1505867037e-02 1.8967916851e+02 1.1233189564e+02 9.0359876620e-01 9.1983210809e+00 3.4783637303e-03 3.5259814516e-03
6.4264958642e+01 3.6814503296e+01 4.2020703824e+01 5.7285500643e-01 8.0783800341e-02 3.7949384731e+02 1.8809397321e+01 -9.7246712657e-01 9.2263362544e+00 7.1331083327e-03 7.8022144060e-03
2.7153177390e+01 2.1007605717e+01 2.0757718626e+01 7.7367025654e-01 1.8070946914e-02 8.1173563412e+01 5.3523395602e+01 -9.6119741627e-01 1.2384563959e+01 7.7735309286e-03 8.0032852668e-03
6.8048955097e+01 1.4783275755e+01 2.6176731099e+01 2.1724471351e-01 1.3139390957e-02 5.8803391263e+01 5.5505453809e+01 3.9009703612e-01 1.1455121791e+01 6.6535662928e-03 6.8428245247e-03
2.7436218500e+01 2.2998968529e+01 2.1851076626e+01 8.3827035159e-01 1.1193141932e-02 5.0019790728e+01 2.4662172370e+02 8.6941418827e-01 1.1673123877e+01 4.2630178147e-03 4.2892391800e-03
4.3203797834e+01 3.6944666023e+01 3.4758830963e+01 8.5512542589e-01 1.6363032427e-02 7.3407837669e+01 9.0879873572e+01 -5.9362632362e-01 1.3929481513e+01 4.6230020556e-03 4.7016986143e-03
2.9409409481e+01 2.8328893671e+01 2.5126774829e+01 9.6325952036e-01 5.4022040025e-02 2.4909786913e+02 5.1828775917e+00 8.6294193685e-01 8.4654722138e+00 1.6202801480e-02 2.8196927728e-02
3.7944997892e+01 3.2682327353e+01 3.0639801922e+01 8.6130792380e-01 2.0804092902e-02 9.3641383632e+01 1.4788554510e+02 -6.4137105947e-01 8.3529411517e+00 4.1560510457e-03 4.1990068494e-03
4.6701506960e+01 4.3130854161e+01 3.9064728399e+01 9.2354309247e-01 3.1062254387e-02 1.4087799551e+02 1.0221676285e+02 9.1082945950e-01 1.1217914381e+01 4.0755045841e-03 4.1369719484e-03
4.4265017551e+01 2.9577724448e+01 3.1372828589e+01 6.6819637909e-01 1.0294289413e-02 4.5971776940e+01 7.4043139681e+01 4.9882476596e-01 1.8966533785e+01 5.3424190333e-03 5.4548480426e-03
3.5377650894e+01 3.3326151356e+01 2.9889065592e+01 9.4201142567e-01 1.5728222071e-02 7.0526382004e+01 1.9996942644e+02 7.4212490157e-01 1.0491740494e+01 3.7811876577e-03 3.8099472381e-03
7.1464882126e+01 5.1626711465e+01 5.2739329905e+01 7.2240672522e-01 3.7088702148e-02 1.6895156969e+02 3.6092499028e+01 -2.2904706444e-01 8.7112806273e+00 4.9735938384e-03 5.1975700066e-03
3.6095379485e+01 3.2918571526e+01 3.0001859828e+01 9.1198851475e-01 1.4911328511e-02 6.6822401246e+01 2.4916003097e+01 -7.3059474012e-01 2.2638187926e+01 8.2414983932e-03 8.8004738706e-03
4.6514497100e+01 1.8738236143e+01 2.5192454393e+01 4.0284722636e-01 4.4473622749e-02 2.0367663436e+02 9.0238178159e+00 -9.0434215808e-01 9.5557144482e+00 1.3214307232e-02 1.6459933026e-02
8.3318588427e+01 4.6765146383e+01 5.3895675751e+01 5.6128106904e-01 5.9740844652e-02 2.7658191425e+02 4.6070995538e+01 -7.3261710370e-01 9.3377832196e+00 4.4173763062e-03 4.5704209351e-03
7.1550218065e+01 3.9391023049e+01 4.5812746545e+01 5.5053672951e-01 9.2295914304e-02 4.3696282439e+02 7.6445208944e+00 -8.9172881353e-01 1.0857226499e+01 9.4099050667e-03 1.2422998345e-02
4.8460898314e+01 4.7306060879e+01 4.1681353047e+01 9.7616970640e-01 4.2908383108e-02 1.9628703752e+02 3.5130908628e+01 -6.2626749557e-01 9.5358058002e+00 5.7998898448e-03 6.0688491124e-03
3.3475011788e+01 3.0994863660e+01 2.8037217785e+01 9.2591046288e-01 3.6055827493e-02 1.6412314798e+02 2.8972312310e+00 7.8035368547e-01 1.1478758498e+01 1.9020777403e-02 1.0000000000e+00
7.7456426698e+01 7.3326776624e+01 6.5602658337e+01 9.4668421653e-01 4.0875828230e-02 1.8671493795e+02 2.8720950737e+01 5.5551774261e-01 1.6305161171e+01 4.7167837173e-03 4.9896614397e-03
5.4569102450e+01 2.3736049489e+01 3.0807402473e+01 4.3497232725e-01 2.2011761247e-02 9.9166249029e+01 1.0674960168e+02 -7.1441254486e-01 9.9387547863e+00 4.6769640785e-03 4.7444276461e-03
2.8456194305e+01 1.9440368691e+01 2.0401773366e+01 6.8316825793e-01 3.8006405453e-02 1.7324743956e+02 1.3676575412e+01 9.5986863143e-01 8.0553214004e+00 1.2949761235e-02 1.4743739220e-02
6.7450368257e+01 3.8040988056e+01 4.3741965425e+01 5.6398488309e-01 3.5056611127e-02 1.5945870684e+02 1.6631123664e+02 -9.5210055915e-01 8.5132311057e+00 3.1561755257e-03 3.1851216577e-03
8.3826552531e+01 5.9963431734e+01 6.1548167071e+01 7.1532742220e-01 6.2792682231e-02 2.9133401871e+02 9.0867181226e+00 2.9074574672e-01 1.0569008047e+01 7.4598191226e-03 9.2729264753e-03
4.1496513977e+01 4.1366173040e+01 3.6068025885e+01 9.9685899068e-01 1.8672756244e-02 8.3914570982e+01 8.3643625307e+01 7.4902826914e-01 1.5759451009e+01 4.6535593808e-03 4.7398647044e-03
4.6605632469e+01 3.5641418877e+01 3.5417015958e+01 7.6474488146e-01 1.2144062234e-02 5.4308204261e+01 2.3608235890e+02 -3.3968794517e-01 8.4078856489e+00 3.2024914599e-03 3.2230794228e-03
4.3687169365e+01 3.7217593324e+01 3.5080558401e+01 8.5191130176e-01 6.6202618253e-02 3.0788697181e+02 1.0520323003e+01 -7.9746562253e-01 8.6721904854e+00 1.0013673772e-02 1.1981285724e-02
6.2270445690e+01 5.1252699545e+01 4.9134025690e+01 8.2306620704e-01 1.0558201984e-01 5.0429654310e+02 7.3546458306e+00 -9.2916765236e-01 1.1021453427e+01 9.0698845563e-03 1.2174325727e-02
4.2639749390e+01 2.4299196557e+01 2.7804056391e+01 5.6987193649e-01 5.6878799634e-02 2.6280108993e+02 1.2288816460e+01 9.6978556850e-01 8.5300381215e+00 1.0984268226e-02 1.2732178100e-02
4.9417505144e+01 4.3101996931e+01 4.0158757492e+01 8.7220099042e-01 4.5184991407e-02 2.0704029664e+02 8.8808483628e+01 -9.6941394750e-01 8.9862595638e+00 4.1868936288e-03 4.2598824118e-03
1.6123260208e+01 8.4092008693e+00 1.0031741439e+01 5.2155710202e-01 1.0230840606e-02 4.5686238328e+01 3.0544147074e+01 9.9753126009e-01 9.8481655096e+00 1.5186218588e-02 1.6006978329e-02
7.2305052695e+01 5.5154164211e+01 5.4874922978e+01 7.6279820227e-01 9.9003895196e-02 4.7082457651e+02 6.9629458688e+00 -7.9858203987e-01 1.1965820795e+01 8.6724167346e-03 1.1947887561e-02
3.7116070387e+01 3.5836500544e+01 3.1748589081e+01 9.6552518006e-01 2.1520458873e-02 9.6917459730e+01 1.0755030013e+01 3.0543723359e-01 1.2444742517e+01 1.0856983960e-02 1.2925677772e-02
2.6709548667e+01 1.4496154336e+01 1.6973060004e+01 5.4273303219e-01 1.6406269809e-02 7.3604193629e+01 2.4747973824e+01 7.0483918365e-01 9.5657876393e+00 1.1784908062e-02 1.2590346499e-02
8.3153513755e+01 6.1420343184e+01 6.2072287893e+01 7.3863797705e-01 7.3967059722e-02 3.4585170581e+02 1.6751124259e+01 -3.8157923409e-01 8.3565576281e+00 5.8610282077e-03 6.4924650046e-03
3.6290588889e+01 3.4987196865e+01 3.1019233257e+01 9.6408457225e-01 4.8242179650e-02 2.2153325944e+02 4.2351596733e+00 7.1897921413e-01 1.1219371064e+01 1.5373991663e-02 4.5457101893e-02
6.0825684441e+01 4.7704106427e+01 4.6824793268e+01 7.8427570302e-01 8.2840478695e-02 3.8970079748e+02 1.2935503257e+01 7.8020157472e-01 9.3665645283e+00 7.6621698537e-03 8.8023957891e-03
3.5187219534e+01 1.7135038241e+01 2.1106913092e+01 4.8696766803e-01 2.3225262282e-02 1.0472755335e+02 5.3474938571e+01 9.0835044133e-01 9.3410007529e+00 7.6712634504e-03 7.8982119562e-03
8.5501505217e+01 7.9860158033e+01 7.1927570108e+01 9.3402049273e-01 1.6390151430e-01 8.1223605104e+02 1.3154307896e+01 8.2310703298e-01 8.6282842089e+00 5.5656126570e-03 6.3760822515e-03
5.9137214857e+01 4.8277086124e+01 4.6467438040e+01 8.1635711525e-01 4.7027628489e-02 2.1576830919e+02 5.5556036005e+01 6.9064340074e-01 8.9836190098e+00 4.5520259588e-03 4.6813825255e-03
7.8588371431e+01 7.1271275161e+01 6.5136849659e+01 9.0689339737e-01 4.8740024279e-02 2.2389906220e+02 1.0942659585e+01 -4.4973652596e-01 1.6674255452e+01 6.7715881928e-03 8.0313660548e-03
2.6105486406e+01 2.5566099603e+01 2.2489893624e+01 9.7933818223e-01 3.1628016172e-02 1.4350340747e+02 2.3474728708e+01 8.6046724060e-01 8.7256560285e+00 9.9885269122e-03 1.0713339831e-02
4.5344642411e+01 4.1678081950e+01 3.7838480538e+01 9.1914016154e-01 2.8765980898e-02 1.3024377706e+02 8.2257027596e+01 -8.9263755562e-01 1.2686207778e+01 4.5167331874e-03 4.6019623426e-03
4.0507297065e+01 2.5989665429e+01 2.8108651478e+01 6.4160453330e-01 1.2383403168e-02 5.5388528748e+01 2.9256744496e+02 -7.7809073815e-01 1.0696964796e+01 3.4136606912e-03 3.4313289193e-03
2.7933635777e+01 2.5835823604e+01 2.3383134736e+01 9.2490013870e-01 2.3924049337e-02 1.0793442776e+02 1.8969078697e+01 -8.1734767785e-01 1.2141497858e+01 1.0608936656e-02 1.1594206838e-02
8.5458741555e+01 6.8534503200e+01 6.6542501537e+01 8.0196012664e-01 2.4666921567e-01 1.2818091505e+03 3.1346306987e+00 8.6198851791e-01 8.2710670712e+00 9.5844980935e-03 1.0000000000e+00
2.6253717322e+01 1.4463133981e+01 1.6815782882e+01 5.5089851862e-01 1.8006702149e-02 8.0881096153e+01 7.8501083943e+01 8.9522169298e-01 8.0799044979e+00 7.6811287117e-03 7.8332581792e-03
3.0561776618e+01 2.8674993261e+01 2.5768603267e+01 9.3826329601e-01 1.9328539258e-02 8.6904156122e+01 4.8606759680e+01 -5.9309476114e-01 1.0275408562e+01 7.0352790365e-03 7.2655304122e-03
4.3885358918e+01 3.5850146149e+01 3.4494988234e+01 8.1690447642e-01 2.6102544682e-02 1.1795273792e+02 9.4622221147e+01 5.5552666216e-01 8.1516091184e+00 4.5481165720e-03 4.6223837841e-03
5.9527043669e+01 5.6761021921e+01 5.0600135862e+01 9.5353335932e-01 5.7153234453e-02 2.6412023674e+02 3.6514417663e+01 8.4427004724e-01 1.1349332485e+01 5.0212932421e-03 5.2445862777e-03
3.9653222749e+01 3.8994775949e+01 3.4232090074e+01 9.8339487300e-01 3.7881632018e-02 1.7266303862e+02 3.6933235006e+01 -7.4015917803e-01 9.6138862691e+00 6.4569282502e-03 6.7405381199e-03
4.1614784445e+01 3.9438423239e+01 3.5265193758e+01 9.4770221123e-01 2.9924958467e-02 1.3560675287e+02 9.2019407048e+00 6.8089186724e-02 8.7166499987e+00 1.0724351649e-02 1.3282010166e-02
3.7003944557e+01 3.4751616434e+01 3.1214954498e+01 9.3913275597e-01 1.5371263131e-02 6.8907299999e+01 4.7102986478e+01 2.7923343022e-01 1.1083349370e+01 6.3300966761e-03 6.5443007318e-03
2.6619290846e+01 1.8819124758e+01 1.9426425895e+01 7.0697318222e-01 1.1031205309e-02 4.9290102319e+01 5.4200293940e+01 -2.6847305660e-01 8.1762838723e+00 8.0992855550e-03 8.3355158033e-03
3.2598789388e+01 2.9597527785e+01 2.7034678639e+01 9.0793334171e-01 4.5306133321e-02 2.0761343495e+02 2.7726868026e+00 8.2354475822e-01 8.8829667014e+00 1.9672293420e-02 1.0000000000e+00
3.1675738187e+01 2.9798423040e+01 2.6743207455e+01 9.4073334185e-01 4.9831005873e-02 2.2908908936e+02 7.4590876317e+00 -8.5144679504e-01 9.1838466983e+00 1.3628734987e-02 1.8180344191e-02
4.0914558716e+01 3.8843102792e+01 3.4702486101e+01 9.4937117767e-01 5.3162181567e-02 2.4498355282e+02 1.4595710162e+01 9.4279668065e-01 1.1311587819e+01 8.9856889051e-03 1.0132393882e-02
3.5111982615e+01 3.4096522273e+01 3.0120860106e+01 9.7107937898e-01 2.5834721547e-02 1.1671939895e+02 1.7888662556e+01 3.9893809385e-01 9.5615910172e+00 9.2467382432e-03 1.0167346065e-02
7.5209013686e+01 6.7246065722e+01 6.1890854172e+01 8.9412242531e-01 6.9923037303e-02 3.2603088819e+02 3.4925220454e+01 6.5364414895e-01 9.4107854894e+00 4.4681904387e-03 4.6767220226e-03
3.3250881150e+01 2.9204861065e+01 2.7116929195e+01 8.7831841007e-01 1.2190736766e-02 5.4518851120e+01 2.9006290286e+02 -6.2274978704e-01 8.8916031409e+00 3.5028527496e-03 3.5211406574e-03
3.2548318854e+01 2.6549355360e+01 2.5564390774e+01 8.1569052703e-01 4.1711524750e-02 1.9064731316e+02 1.5727265791e+01 9.5492507790e-01 9.5702927412e+00 1.0649064569e-02 1.1887968130e-02
4.7422798362e+01 3.4005962546e+01 3.4863403681e+01 7.1708047017e-01 1.9984519675e-02 8.9897506824e+01 1.0867578454e+02 5.7709882029e-01 1.0408541807e+01 4.3054529316e-03 4.3664280232e-03
4.0739483184e+01 3.1334533598e+01 3.1050421841e+01 7.6914411154e-01 1.5906053025e-02 7.1333299488e+01 5.3706808913e+01 7.8565698098e-02 8.5853655872e+00 6.0441339316e-03 6.2221306911e-03
3.2114702137e+01 1.5000060924e+01 1.8838518696e+01 4.6707769108e-01 2.3346617595e-02 1.0528424502e+02 1.7362068415e+01 -8.1891263408e-01 9.5435318133e+00 1.2557458489e-02 1.3853186014e-02
6.1451797835e+01 3.4567975967e+01 3.9797243378e+01 5.6252180059e-01 3.6352949220e-02 1.6551140097e+02 1.0527791598e+02 8.0308797259e-01 8.5587408911e+00 3.9714018987e-03 4.0295104397e-03
2.8299205896e+01 2.3217553521e+01 2.2292804902e+01 8.2043127313e-01 1.2263622426e-02 5.4847820682e+01 1.4646531206e+02 5.8756460884e-01 9.6518381815e+00 5.1151542459e-03 5.1685455983e-03
3.5762375247e+01 1.7885430058e+01 2.1759306711e+01 5.0011862842e-01 3.4292927358e-02 1.5589816029e+02 7.7018225719e+00 7.7551282837e-01 9.0219622086e+00 1.5462075745e-02 2.0350941824e-02
8.2354973518e+01 8.1956219933e+01 7.1520348277e+01 9.9515811167e-01 6.6819931691e-02 3.1089147513e+02 2.6772294352e+01 6.0720492017e-01 1.2047071858e+01 4.5181763989e-03 4.8008455418e-03
3.4938955145e+01 3.4446801014e+01 3.0200992855e+01 9.8591388526e-01 3.1921089664e-02 1.4486423900e+02 1.9811641979e+01 5.8310078774e-01 9.5763181522e+00 8.8518337413e-03 9.6330110924e-03
6.2588763175e+01 6.2292089942e+01 5.4357364446e+01 9.9525996013e-01 7.0095191401e-02 3.2687256783e+02 5.9688347974e+00 -8.0395268244e-01 1.7445295388e+01 9.3980262973e-03 1.4245141312e-02
5.4568810351e+01 4.8885473557e+01 4.4949502743e+01 8.9585008805e-01 8.1369975154e-02 3.8240026048e+02 4.9284948378e+00 -9.4108831593e-01 1.4517158367e+01 1.1297071543e-02 2.1125959056e-02
4.1784993752e+01 4.0651932216e+01 3.5878688769e+01 9.7288352986e-01 4.4896436840e-02 2.0567548954e+02 5.4662633632e+01 -9.6508502816e-01 9.6865443833e+00 5.3900544704e-03 5.5458638081e-03
3.3887780401e+01 1.7058829461e+01 2.0690565134e+01 5.0339176126e-01 1.0495668133e-02 4.6878220799e+01 7.8744008762e+01 8.1143130798e-01 1.6277183895e+01 6.7709158627e-03 6.9045891632e-03
3.0496917246e+01 1.6324542244e+01 1.9238410293e+01 5.3528499658e-01 1.4732983705e-02 6.6014339292e+01 1.1519221347e+02 9.9030003548e-01 1.1522120892e+01 6.1278972098e-03 6.2096518569e-03
6.3731402251e+01 6.2952630751e+01 5.5141177838e+01 9.8778041166e-01 4.5679288010e-02 2.0937947539e+02 1.8550110501e+01 -6.0320623080e-01 1.4864942751e+01 6.1765251592e-03 6.7654905744e-03
2.8352825917e+01 2.4904002330e+01 2.3123003248e+01 8.7836049936e-01 3.9484679196e-02 1.8017895040e+02 1.2925111702e+01 8.4493458410e-01 8.2484018557e+00 1.2220639152e-02 1.4041117134e-02
4.0774132710e+01 3.2818876635e+01 3.1808101872e+01 8.0489453616e-01 3.8680594108e-02 1.7640689123e+02 1.8034025312e+01 -8.4142914561e-01 1.1722410812e+01 8.8409438605e-03 9.7127014625e-03
3.9827469801e+01 3.2927527890e+01 3.1497242905e+01 8.2675419893e-01 5.8179060501e-02 2.6905540872e+02 9.7981848582e+00 -7.6882344741e-01 8.4135677569e+00 1.1052774708e-02 1.3456013279e-02
3.6050631548e+01 3.1200924823e+01 2.9181508519e+01 8.6547512436e-01 2.7472917817e-02 1.2427079198e+02 1.9836543529e+01 7.0466707854e-01 1.2290007079e+01 9.0640473740e-03 9.8627782106e-03
4.0957227919e+01 3.4231004880e+01 3.2570179084e+01 8.3577445593e-01 2.9770169758e-02 1.3488998206e+02 3.2186782241e+01 -6.5434576908e-01 1.0794191587e+01 7.0480077641e-03 7.4076149053e-03
6.9983154920e+01 4.1562248304e+01 4.6636418866e+01 5.9388932025e-01 8.8483662431e-02 4.1784140998e+02 8.5642553153e+00 8.4107189248e-01 1.0580308754e+01 8.9370707817e-03 1.1315925408e-02
3.3910572896e+01 3.3118206201e+01 2.9173524350e+01 9.7663363877e-01 3.0897988117e-02 1.4011611363e+02 5.0323701053e+01 7.0647031426e-01 8.5186011538e+00 6.3808444714e-03 6.5821330295e-03
4.8050808567e+01 3.0731718644e+01 3.3287911449e+01 6.3956714903e-01 4.5218441625e-02 2.0719854453e+02 1.9124944787e+01 6.4910710293e-01 8.4265942158e+00 8.3731170953e-03 9.1432808868e-03
3.3381655136e+01 2.0849363880e+01 2.2840775865e+01 6.2457549797e-01 1.3745786510e-02 6.1545302967e+01 2.0502659144e+01 -7.6562978623e-01 1.8883699687e+01 1.0521846815e-02 1.1414005382e-02
3.3944215854e+01 3.2285618757e+01 2.8817360710e+01 9.5113756335e-01 2.4851491499e-02 1.1219564322e+02 5.3919806297e+00 6.1885453111e-01 1.6600586614e+01 1.4913107867e-02 2.4780572380e-02
6.7854118014e+01 4.3594233302e+01 4.7118170859e+01 6.4246997203e-01 5.8707814637e-02 2.7160182579e+02 4.0419073545e+01 -9.7864870424e-01 1.1343386055e+01 5.0492052091e-03 5.2504263337e-03
3.6117443969e+01 2.0351181211e+01 2.3411138518e+01 5.6347235503e-01 2.4977828029e-02 1.1277654841e+02 2.8259589846e+00 5.9488017062e-01 9.5406053795e+00 2.1634552634e-02 1.0000000000e+00
5.7515951406e+01 5.0279500468e+01 4.6793709000e+01 8.7418358279e-01 1.2136521323e-02 5.4274172744e+01 2.7985033711e+02 8.8356319084e-01 1.5202658855e+01 2.5245382279e-03 2.5382042658e-03
8.5215567570e+01 4.6104836023e+01 5.4062087592e+01 5.4103771574e-01 4.9784984731e-02 2.2887000236e+02 7.1726340908e+01 8.3599659648e-01 1.0189965627e+01 3.7566048006e-03 3.8383176056e-03
4.4640329629e+01 4.0838467253e+01 3.7162627807e+01 9.1483346098e-01 6.3968713948e-02 2.9703454862e+02 6.8255467828e+00 5.9298899152e-01 8.5938217987e+00 1.1375543465e-02 1.5834715274e-02
3.3994907879e+01 2.9002713048e+01 2.7317859487e+01 8.5314874662e-01 2.9572380556e-02 1.3397432101e+02 1.2128482388e+02 -9.6610261544e-01 8.1923739597e+00 4.7841369230e-03 4.8446827338e-03
4.9277002095e+01 4.2340256350e+01 3.9741403323e+01 8.5922955029e-01 8.0661456277e-02 3.7888750153e+02 4.4000524868e+00 -6.2133936995e-01 8.8903267681e+00 1.2736233389e-02 3.1299964130e-02
4.6228665277e+01 3.5272643376e+01 3.5089461291e+01 7.6300371566e-01 3.4452707091e-02 1.5664279040e+02 3.2432450350e+01 7.7504971658e-01 1.1751521383e+01 6.6891932677e-03 7.0276608759e-03
2.6543724849e+01 1.3351085480e+01 1.6199581124e+01 5.0298462464e-01 1.7260416976e-02 7.7485732482e+01 4.9684795933e+01 -9.1639597100e-01 9.2075314201e+00 9.3379591517e-03 9.6365460858e-03
7.5268030682e+01 5.8814230080e+01 5.7833771779e+01 7.8139722200e-01 1.3629297400e-01 6.6398761246e+02 2.7882547786e+00 6.2784548767e-01 8.3681577596e+00 1.1584470113e-02 1.0000000000e+00
7.7392714087e+01 7.3194532009e+01 6.5516334430e+01 9.4575481520e-01 2.0062664181e-01 1.0160604386e+03 2.0105318636e+00 -9.1760055588e-01 8.7116722302e+00 1.1703901372e-02 1.0000000000e+00
2.1556948596e+01 1.9369031899e+01 1.7783502558e+01 8.9850526908e-01 1.0425214660e-02 4.6561065313e+01 1.6177381732e+02 8.3888450103e-01 1.1412167350e+01 5.6820392882e-03 5.7356378213e-03
3.4257158188e+01 2.4170568041e+01 2.4974633111e+01 7.0556255449e-01 5.0844295964e-02 2.3391638376e+02 1.0198114998e+01 -9.4839082248e-01 8.4334479228e+00 1.2642336582e-02 1.5237894126e-02
3.8636292995e+01 3.1627522673e+01 3.0401151237e+01 8.1859620117e-01 1.8302833932e-02 8.2229432666e+01 1.9551047443e+02 9.1117592215e-01 1.1128374702e+01 3.7670606981e-03 3.7963756531e-03
6.1508323756e+01 5.9638956287e+01 5.2724882684e+01 9.6960789444e-01 9.9790411442e-02 4.7481285720e+02 1.3325218092e+01 9.3787065788e-01 1.0672158264e+01 6.9676993251e-03 7.9656303624e-03
4.8857331940e+01 4.7804704576e+01 4.2071601396e+01 9.7845507885e-01 1.7165946165e-02 7.7056184953e+01 5.5656027481e+01 -7.7752120325e-01 2.4309012778e+01 4.9287935991e-03 5.0685919782e-03
3.3135706230e+01 3.0041699250e+01 2.7459971228e+01 9.0662619476e-01 1.0383872031e-02 4.6374971629e+01 3.1011245903e+02 -6.4353999867e-01 1.0370344734e+01 3.3932002123e-03 3.4097600158e-03
7.2728135906e+01 6.9010699670e+01 6.1669944844e+01 9.4888585841e-01 6.6107068766e-02 3.0742214153e+02 2.6057615782e+00 -7.1584735359e-01 1.9560603379e+01 1.1878832270e-02 1.0000000000e+00
3.0335614778e+01 2.4409331995e+01 2.3661180548e+01 8.0464273342e-01 1.5701052119e-02 7.0403115511e+01 4.3286528960e+01 6.9723238521e-01 1.3281215952e+01 7.7676028480e-03 8.0552296370e-03
6.9469375987e+01 2.7504962212e+01 3.7272738757e+01 3.9592931161e-01 5.5800611632e-02 2.5762313837e+02 1.2135602145e+01 6.7817406669e-01 9.2873925705e+00 9.1947406752e-03 1.0682338742e-02
7.5948227209e+01 5.8894244828e+01 5.8128478813e+01 7.7545252855e-01 5.1222131232e-02 2.3571807361e+02 2.3044260872e+01 1.9707302905e-01 8.0278116086e+00 5.4910770921e-03 5.8980308381e-03
3.1081926247e+01 2.5429016243e+01 2.4449837711e+01 8.1812871060e-01 3.0396485124e-02 1.3779119497e+02 3.3970338675e+00 -5.9053831385e-01 9.3291173176e+00 1.9586555654e-02 1.0000000000e+00
4.3011040218e+01 3.6863738426e+01 3.4643810917e+01 8.5707618880e-01 2.2112757195e-02 9.9628726349e+01 8.3608207323e+01 -5.6942940512e-01 1.0317210011e+01 4.7629344917e-03 4.8513070017e-03
2.7079723925e+01 2.5854218780e+01 2.3033426143e+01 9.5474454803e-01 2.3928392143e-02 1.0795436788e+02 1.3775386254e+01 -7.7729053122e-01 1.2273451184e+01 1.2074363425e-02 1.3731814892e-02
4.0112016811e+01 3.3229409292e+01 3.1754728339e+01 8.2841532123e-01 4.3332165702e-02 1.9828617459e+02 4.0703026745e+00 -9.4703331691e-01 1.6405109863e+01 1.5422911072e-02 7.0658095321e-02
7.1292412742e+01 2.4811422987e+01 3.5650764464e+01 3.4802333142e-01 1.1911572979e-02 5.3259174750e+01 1.7333244151e+02 -1.8013245987e-01 8.7322668120e+00 3.5816543074e-03 3.6131504688e-03
7.1209586549e+01 6.3133883337e+01 5.8349517388e+01 8.8659247155e-01 3.6813577803e-02 1.6766475361e+02 4.6124184540e+01 7.7882692035e-01 1.7153073782e+01 4.2595259159e-03 4.4069204678e-03
2.8420469318e+01 1.7959325583e+01 1.9565321862e+01 6.3191516588e-01 1.8035825165e-02 8.1013672081e+01 1.0534837745e+01 -3.9995163194e-01 8.6768959311e+00 1.4838978739e-02 1.7749102745e-02
8.2802449419e+01 8.2145621211e+01 7.1797134819e+01 9.9206752683e-01 6.8559810121e-02 3.1937251150e+02 7.2783652997e+01 8.7968199625e-01 9.2539688371e+00 3.0945095793e-03 3.1608039614e-03
3.3681174546e+01 3.3443741400e+01 2.9217597355e+01 9.9295056812e-01 3.7886890937e-02 1.7268766775e+02 2.2670523676e+01 -7.3455204701e-01 8.9733274926e+00 8.5605384430e-03 9.2069434723e-03
3.6929484769e+01 1.9685100214e+01 2.3244534939e+01 5.3304562295e-01 2.6148967529e-02 1.1816656568e+02 5.4091366681e+01 9.4224247482e-01 9.6690674962e+00 7.1786158543e-03 7.3884377113e-03
3.9470701015e+01 2.7382933630e+01 2.8525146488e+01 6.9375341521e-01 6.5867073482e-02 3.0625486403e+02 8.0364600535e+00 -9.1441669473e-01 8.0496459653e+00 1.2609260457e-02 1.6324454016e-02
4.0173773751e+01 3.3550232944e+01 3.1934573151e+01 8.3512774159e-01 1.7596236329e-02 7.9013145383e+01 1.3962077804e+02 4.5280604643e-01 8.3187207431e+00 4.1463560556e-03 4.1917997402e-03
3.8752462653e+01 3.6953384256e+01 3.2941716873e+01 9.5357512083e-01 4.5391117617e-02 2.0801556348e+02 4.6776559157e+01 9.0453976033e-01 8.5771085759e+00 6.0258663275e-03 6.2312891254e-03
3.4116509421e+01 1.5694394761e+01 1.9850004641e+01 4.6002346159e-01 1.6449976555e-02 7.3802693826e+01 7.8396246067e+01 7.5288194392e-01 9.2832803507e+00 6.9347511056e-03 7.0722885304e-03
4.4628590299e+01 3.3885918345e+01 3.3790099752e+01 7.5928722189e-01 1.9129246314e-02 8.5995315917e+01 4.0034968723e+01 -3.7770760466e-01 1.1611472661e+01 6.3880634508e-03 6.6452676139e-03
3.5912395478e+01 2.6395617504e+01 2.6739725245e+01 7.3500019012e-01 1.1758723826e-02 5.2569692147e+01 3.6332668175e+02 -7.3155283890e-01 9.0306020881e+00 3.2483519064e-03 3.2618651782e-03
7.0337464435e+01 3.9323434015e+01 4.5403833999e+01 5.5906812012e-01 9.5501051108e-02 4.5310802033e+02 3.8505970663e+00 7.6057032672e-01 1.0755584506e+01 1.2215377310e-02 1.0000000000e+00
3.2577558252e+01 2.5267022058e+01 2.4936242851e+01 7.7559594438e-01 2.7071375539e-02 1.2241821162e+02 8.3963505542e+01 8.4350776161e-01 8.0636969365e+00 5.8226006472e-03 5.9301616350e-03
4.4573612203e+01 2.5149025854e+01 2.8912432804e+01 5.6421332290e-01 5.0173800889e-02 2.3072141892e+02 2.3788509269e+00 9.5976351286e-01 9.6304280783e+00 1.9921264315e-02 1.0000000000e+00
3.8702947670e+01 2.7594408390e+01 2.8368726237e+01 7.1297950288e-01 2.5798455038e-02 1.1655242631e+02 4.0500376362e+01 -9.2769757181e-01 1.3350495361e+01 7.0661836861e-03 7.3471780817e-03
3.3921685230e+01 1.9638157999e+01 2.2303809260e+01 5.7892636719e-01 3.8648117501e-02 1.7625462810e+02 5.9531635934e+00 9.3824399724e-01 1.0379211511e+01 1.6724788565e-02 2.5401776169e-02
2.4091547114e+01 2.3570598423e+01 2.0744666717e+01 9.7837628740e-01 1.2342695238e-02 5.5204756300e+01 3.4149753627e+01 -7.1247020748e-01 1.5430888156e+01 9.2364299928e-03 9.6781660827e-03
6.8527836617e+01 5.9697449850e+01 5.5654328228e+01 8.7114160898e-01 1.2357824091e-01 5.9719627717e+02 2.9338283866e+00 5.6477966873e-01 8.1618504718e+00 1.1723811105e-02 1.0000000000e+00
3.7541786696e+01 3.1673737486e+01 2.9997692434e+01 8.4369286263e-01 1.8437862501e-02 8.2844433970e+01 3.6077436340e+01 -6.0824690728e-01 1.4355566206e+01 7.1584397937e-03 7.4809522575e-03
1.3400137222e+01 1.0862003665e+01 1.0491212659e+01 8.1058898761e-01 1.0465833071e-02 4.6743910308e+01 4.9514663697e+01 -8.7301718056e-01 8.1922751245e+00 1.2318376623e-02 1.2713698670e-02
4.1594287051e+01 3.6805391078e+01 3.4048988665e+01 8.8486649699e-01 2.3135031721e-02 1.0431370316e+02 1.3037280561e+02 5.9269375906e-01 8.2593726213e+00 4.0733561253e-03 4.1212351979e-03
6.5530223762e+01 6.3446942721e+01 5.6131783844e+01 9.6820885202e-01 1.5508735572e-01 7.6443407128e+02 1.8804369376e+00 -9.5295108598e-01 8.7593580028e+00 1.3542034214e-02 1.0000000000e+00
4.9486101345e+01 4.8719463542e+01 4.2744891894e+01 9.8450801776e-01 3.8161587094e-02 1.7397440500e+02 3.0085850997e+01 -9.0315467215e-01 1.5830412014e+01 6.0682944220e-03 6.4017782688e-03
3.6606449399e+01 3.2302917155e+01 2.9924297162e+01 8.8243786780e-01 1.6750610924e-02 7.5168411981e+01 1.9168618869e+02 6.1817570985e-01 8.7084817375e+00 3.8364114992e-03 3.8668704668e-03
7.6711397418e+01 5.1510361699e+01 5.4508012898e+01 6.7148251020e-01 2.8919787831e-02 1.3095498382e+02 3.9409044072e+01 4.5840716752e-01 1.4760928085e+01 4.7374660625e-03 4.9314740102e-03
4.7570394611e+01 2.1637211590e+01 2.7510093224e+01 4.5484616570e-01 4.3901340435e-02 2.0097301150e+02 2.9065227888e+00 8.3254788409e-01 9.7575279497e+00 1.9134225814e-02 1.0000000000e+00
6.9972046685e+01 6.7678672728e+01 5.9905976119e+01 9.6722442654e-01 8.4777530889e-02 3.9933803235e+02 4.6974388596e+01 -8.8773837275e-01 8.5895718220e+00 4.0454426439e-03 4.1827348439e-03
6.3357443906e+01 3.0234378459e+01 3.7595133812e+01 4.7720325498e-01 4.4146519447e-02 2.0213104647e+02 4.3573418190e+01 -7.2923508272e-01 8.6708941016e+00 5.7020294575e-03 5.9116842696e-03
7.3488107050e+01 2.6575547076e+01 3.7528766730e+01 3.6163058409e-01 4.6982695694e-02 2.1555521523e+02 2.0932009183e+01 6.1589709505e-01 8.8474109948e+00 7.5019951035e-03 8.1229762664e-03
2.5842072751e+01 2.4411031215e+01 2.1863289433e+01 9.4462357759e-01 1.0238071257e-02 4.5718777051e+01 8.1132888614e+01 6.2356904020e-01 1.4225453571e+01 6.4697108169e-03 6.5935434514e-03
4.2006697574e+01 4.0466454195e+01 3.5891011394e+01 9.6333338567e-01 2.1982501241e-02 9.9032275230e+01 1.3077351062e+02 8.9991598870e-01 1.2902417796e+01 3.9396496471e-03 3.9858121466e-03
4.0449551483e+01 1.8222575817e+01 2.3271679051e+01 4.5050130716e-01 3.4890072526e-02 1.5868192322e+02 2.3331256429e+01 -9.2770920993e-01 8.9051445691e+00 9.7806503412e-03 1.0495351789e-02
7.5378395951e+01 5.4740595504e+01 5.5778355737e+01 7.2621067102e-01 9.0338432434e-02 4.2713337676e+02 2.8891249968e+01 -7.8535995729e-01 8.2483276635e+00 5.0596034022e-03 5.3504010364e-03
6.4141178230e+01 6.0162792993e+01 5.4073185266e+01 9.3797455321e-01 9.7803398232e-02 4.6474432840e+02 5.4924361897e+00 -9.6596260382e-01 1.5429031943e+01 9.5734237597e-03 1.5605160911e-02
4.5372839021e+01 3.7919436718e+01 3.6080600199e+01 8.3572986695e-01 2.1318119787e-02 9.5991779449e+01 1.2275999593e+02 5.1681971745e-01 8.8306464559e+00 4.0225613315e-03 4.0728431358e-03
5.9166561673e+01 5.8229758196e+01 5.1097763820e+01 9.8416667370e-01 9.8185748374e-02 4.6667989439e+02 3.3304556238e+00 5.5959056779e-01 9.2879041610e+00 1.1962124344e-02 1.0000000000e+00
3.3563854887e+01 2.2726955464e+01 2.3953024420e+01 6.7712590048e-01 3.3703483636e-02 1.5315259054e+02 9.6168102841e+00 8.9800235603e-01 1.1443384761e+01 1.3402517689e-02 1.6396999148e-02
5.7194053083e+01 5.0586440699e+01 4.6808310351e+01 8.8447028969e-01 3.0839840230e-02 1.3984646095e+02 7.3519603809e+01 -5.2983698752e-01 9.9973771815e+00 4.1192979812e-03 4.2066285025e-03
2.1294605488e+01 1.4654941030e+01 1.5325460073e+01 6.8819969633e-01 1.3221516891e-02 5.9174592096e+01 1.0715314777e+02 -9.8095927339e-01 9.8546347940e+00 7.2647419072e-03 7.3691281319e-03
3.5448005893e+01 2.3867173850e+01 2.5223335311e+01 6.7330088812e-01 2.6262769526e-02 1.1869080806e+02 3.7556494414e+01 9.3360121844e-01 1.1641269622e+01 7.8207908278e-03 8.1581435758e-03
3.5260343134e+01 2.1542188446e+01 2.3849115377e+01 6.1094664803e-01 1.2595936633e-02 5.6348173391e+01 1.2052848374e+02 5.4701725606e-01 1.0296474663e+01 5.2746582160e-03 5.3418405789e-03
2.5511718076e+01 2.2786928757e+01 2.0983035153e+01 8.9319459743e-01 2.2355157270e-02 1.0073899313e+02 3.6864498962e+01 -7.1870905774e-01 8.5890426284e+00 8.8567381398e-03 9.2465409943e-03
5.0099305774e+01 3.5021934117e+01 3.6349254866e+01 6.9905028775e-01 3.0211740840e-02 1.3693515559e+02 2.5925708834e+01 -7.8007430319e-01 1.4971905212e+01 7.1348196303e-03 7.5975640902e-03
3.7681781398e+01 3.2642785075e+01 3.0516151766e+01 8.6627499721e-01 3.3540481115e-02 1.5239374302e+02 8.6527842051e+01 9.5628093885e-01 9.1247088562e+00 5.0547712268e-03 5.1452890041e-03
2.7655125151e+01 2.6958355896e+01 2.3769576637e+01 9.7480505867e-01 1.7963973772e-02 8.0686595139e+01 1.6129638697e+01 -5.5070130934e-01 1.2507037639e+01 1.1199930918e-02 1.2463259406e-02
6.3648375231e+01 6.3313334234e+01 5.5263062938e+01 9.9473606363e-01 3.4310585034e-02 1.5598044310e+02 9.7530725828e+00 8.4272708524e-01 3.1760549924e+01 7.9034006109e-03 9.6334000842e-03
3.6853563182e+01 3.5631453018e+01 3.1545554229e+01 9.6683875159e-01 3.3995863452e-02 1.5451418185e+02 5.2753352826e+00 -3.6832232230e-01 1.0203777144e+01 1.4130787508e-02 2.4065838635e-02
3.4646122722e+01 2.5686433401e+01 2.5912225959e+01 7.4139417005e-01 1.6337338984e-02 7.3291160744e+01 6.0749205377e+01 -6.6795296423e-01 1.2565095297e+01 6.4603179138e-03 6.6274536110e-03
2.6773605863e+01 2.3200224467e+01 2.1685573096e+01 8.6653342794e-01 1.4813664293e-02 6.6379868358e+01 1.8354807159e+01 8.1657815811e-01 1.7790014293e+01 1.1321821456e-02 1.2415050076e-02
6.7818445922e+01 3.6830101365e+01 4.3110574248e+01 5.4306908489e-01 1.1246560884e-01 5.3960234766e+02 6.4246105635e+00 8.6179640879e-01 8.5056217533e+00 1.0314167716e-02 1.4864010195e-02
2.4794582008e+01 1.8706558488e+01 1.8711572377e+01 7.5446153851e-01 1.0239738600e-02 4.5726280328e+01 3.2983771880e+02 -8.5164797370e-01 9.5199396261e+00 4.2142851364e-03 4.2336117418e-03
3.9587330633e+01 3.8768908045e+01 3.4104301283e+01 9.7932614868e-01 6.7446498261e-02 3.1394347386e+02 1.5004923959e+01 -9.9707539012e-01 9.2116456154e+00 8.9147880594e-03 1.0013907029e-02
5.8145807074e+01 4.1463063959e+01 4.2623418005e+01 7.1308777099e-01 6.7718413428e-02 3.1526874023e+02 2.0916724582e+01 -9.4539188672e-01 1.0499979789e+01 6.8457334514e-03 7.4128721510e-03
2.5459411080e+01 2.3221806538e+01 2.1162858453e+01 9.1211090726e-01 2.1841321715e-02 9.8385931551e+01 4.2382446455e+01 -9.9814526672e-01 1.1591695593e+01 8.3632940600e-03 8.6800530740e-03
4.8268734622e+01 2.9667591641e+01 3.2750726462e+01 6.1463371422e-01 4.5317310390e-02 2.0766631992e+02 5.1014040108e+01 9.9838739586e-01 9.1447202746e+00 5.8545554437e-03 6.0365976161e-03
2.8063146945e+01 2.2540895990e+01 2.1868927466e+01 8.0322053811e-01 2.1957384517e-02 9.8917276954e+01 1.3903610822e+01 -6.1173157842e-01 1.0241436910e+01 1.2444006320e-02 1.4132223167e-02
3.6056264611e+01 2.4067919663e+01 2.5541225525e+01 6.6751006857e-01 1.1929626931e-02 5.3340624135e+01 2.6502058131e+01 -9.0375827301e-01 2.7413896385e+01 8.9216640422e-03 9.4862021509e-03
3.8567818471e+01 3.2235146749e+01 3.0670619373e+01 8.3580425408e-01 4.6322378787e-02 2.1242516334e+02 4.1009955613e+01 -9.0250112341e-01 8.0108617713e+00 6.6159881395e-03 6.8755705642e-03
3.7547115277e+01 2.8368743319e+01 2.8356460570e+01 7.5555054255e-01 1.3980474581e-02 6.2607143069e+01 2.9352103271e+02 -9.9718362324e-01 1.1994371904e+01 3.3875056194e-03 3.4049809748e-03
3.6414185615e+01 3.3248300474e+01 3.0284767058e+01 9.1305901564e-01 3.5337560516e-02 1.6076954645e+02 8.4087386361e+01 -8.9257202045e-01 8.1260455550e+00 5.1280859215e-03 5.2226727989e-03
3.2515856199e+01 2.4355167537e+01 2.4447450764e+01 7.4902433410e-01 1.7449849420e-02 7.8347238764e+01 1.1765706193e+02 -9.9180861771e-01 1.2741870183e+01 5.2251332874e-03 5.2933482053e-03
7.8716124749e+01 5.6808201531e+01 5.8060583484e+01 7.2168442885e-01 3.1896545826e-02 1.4475025267e+02 1.6589016908e+02 7.2886296792e-01 8.1097996066e+00 2.6517924370e-03 2.6761755129e-03
7.5163422545e+01 5.3561699814e+01 5.5078724758e+01 7.1260325834e-01 7.1000285014e-02 3.3130073134e+02 1.2133908580e+00 5.7458886733e-01 9.3669853350e+00 1.6931173467e-02 1.0000000000e+00
3.2157782971e+01 2.0912032041e+01 2.2471904811e+01 6.5029458217e-01 2.9518868592e-02 1.3372663274e+02 4.3965592973e+01 -8.8384097021e-01 8.1760114409e+00 7.9082796659e-03 8.1962844466e-03
6.1409629937e+01 5.2408615013e+01 4.9356132445e+01 8.5342665420e-01 5.7186340398e-02 2.6427940211e+02 9.1089102488e+01 -9.5433554255e-01 8.2164736126e+00 3.6198278691e-03 3.6813015813e-03
4.0768744116e+01 1.7055426502e+01 2.2536790522e+01 4.1834564375e-01 1.7636679665e-02 7.9197145282e+01 2.3686807970e+02 9.1752076234e-01 8.1761829555e+00 4.2284166878e-03 4.2555088167e-03
2.4956727307e+01 1.3156951467e+01 1.5616710876e+01 5.2719057691e-01 1.7199285468e-02 7.7207767994e+01 3.3539562468e+01 -9.7698821071e-01 1.0271259104e+01 1.1071703846e-02 1.1611730855e-02
3.1068147210e+01 2.8092378288e+01 2.5712003157e+01 9.0421801141e-01 1.8247077286e-02 8.1975518831e+01 1.9764942310e+02 -7.9325445753e-01 8.4698252391e+00 4.1659757084e-03 4.1980391761e-03
1.3769675014e+01 1.3450420440e+01 1.1847256776e+01 9.7681466164e-01 1.5005901392e-02 6.7250987616e+01 1.9726486842e+01 9.8687754578e-01 9.0759914590e+00 1.6077669889e-02 1.7503700316e-02
3.5397032742e+01 1.7859067062e+01 2.1638218594e+01 5.0453571044e-01 1.7831067833e-02 8.0081680674e+01 8.7001600653e+01 9.6153483656e-01 1.1560905245e+01 6.3137484180e-03 6.4261752241e-03
3.3656153910e+01 3.3403496024e+01 2.9189159401e+01 9.9249296617e-01 3.4327657774e-02 1.5606000210e+02 9.5600600568e+01 9.8813540616e-01 8.4689405622e+00 5.0040677564e-03 5.0849190537e-03
3.7093936819e+01 3.6549059855e+01 3.2053923223e+01 9.8531088878e-01 5.9454982979e-02 2.7520313646e+02 9.3402023496e+00 9.7572542866e-01 1.0652905003e+01 1.1122049495e-02 1.3716215118e-02
8.2393118376e+01 8.0705699804e+01 7.0988324497e+01 9.7951990889e-01 2.3623848121e-01 1.2206389153e+03 6.3499181607e+00 -8.5964606407e-01 8.2412769362e+00 7.1011216893e-03 1.0309087516e-02
3.8424094798e+01 3.8024235155e+01 3.3275522135e+01 9.8959351820e-01 4.3289338178e-02 1.9808408863e+02 2.0257638424e+01 8.9139130176e-01 1.1373455372e+01 8.2057618257e-03 8.9113431074e-03
7.5241209859e+01 6.9986064357e+01 6.3164166261e+01 9.3015602073e-01 3.8843792586e-02 1.7717213404e+02 1.5235867706e+01 -4.4625040346e-01 1.7938665085e+01 6.1334864467e-03 6.8755132906e-03
3.8734408839e+01 3.8384389679e+01 3.3567491848e+01 9.9096361166e-01 4.1023991126e-02 1.8741178835e+02 5.2126382330e+00 -3.4085525659e-01 8.9995953080e+00 1.3596022656e-02 2.3491419083e-02
7.7172577763e+01 4.4967436925e+01 5.0914922981e+01 5.8268672926e-01 5.9781746778e-02 2.7677923731e+02 3.8051904681e+01 -8.0963016119e-01 1.0365058229e+01 4.9174634316e-03 5.1265979636e-03
3.7263347108e+01 3.2948507223e+01 3.0492179971e+01 8.8420686222e-01 1.8141182202e-02 8.1493333370e+01 6.7983784903e+01 4.7899436362e-01 1.0484227625e+01 5.5881871382e-03 5.7167173657e-03
8.3711481365e+01 8.1889274698e+01 7.2076679024e+01 9.7823229696e-01 6.0254538466e-02 2.7906088658e+02 5.6630498013e+00 -1.5632619585e-01 1.3848695642e+01 8.0820918651e-03 1.2796117074e-02
4.0502828029e+01 3.8028974958e+01 3.4162596135e+01 9.3892147310e-01 6.1113416818e-02 2.8320939127e+02 1.9071420262e+01 -8.6082951158e-01 8.2664881553e+00 8.1697108136e-03 8.9236495235e-03
7.4920356106e+01 5.3561496274e+01 5.4992461873e+01 7.1491246247e-01 1.8397069666e-01 9.2270099267e+02 5.2996221239e+00 9.3356249948e-01 8.6131007794e+00 9.1580145941e-03 1.5513570352e-02
2.4559855772e+01 2.4052586361e+01 2.1158411975e+01 9.7934558675e-01 1.2539021254e-02 5.6091155727e+01 7.4955379495e+01 4.1209580108e-01 8.7612814135e+00 6.7929812596e-03 6.9341298729e-03
3.7586660969e+01 2.0989429559e+01 2.4248035147e+01 5.5842761817e-01 3.8877958785e-02 1.7733236240e+02 3.4601053852e+01 9.8772264953e-01 8.1286158688e+00 8.2032617154e-03 8.5900149790e-03
6.4913496611e+01 3.6824238795e+01 4.2226477617e+01 5.6728170130e-01 8.7283958947e-02 4.1184245039e+02 1.4695663715e+01 8.7273870484e-01 8.3409984546e+00 7.7717691725e-03 8.7551369305e-03
4.4309031270e+01 3.8305277169e+01 3.5845897964e+01 8.6450270005e-01 4.5064847172e-02 2.0647197226e+02 3.7795756021e+01 -8.8343696739e-01 9.9628638819e+00 6.1928479093e-03 6.4581516781e-03
6.2274560054e+01 5.5529023176e+01 5.1176045165e+01 8.9168069799e-01 1.0440764498e-01 4.9830167993e+02 1.9586902301e+01 -9.1755802092e-01 8.5590201474e+00 6.1278906350e-03 6.6759524502e-03
4.1004824681e+01 3.9120780736e+01 3.4865124382e+01 9.5405311546e-01 6.7190237885e-02 3.1269493306e+02 2.1093147505e+01 -9.8699093166e-01 8.5822466461e+00 7.7396631169e-03 8.3746528523e-03
3.0565208126e+01 2.8613454190e+01 2.5742193989e+01 9.3614458870e-01 5.3465825391e-02 2.4643590973e+02 7.3138251225e+00 8.8357848674e-01 8.4567389181e+00 1.4030568618e-02 1.8880169623e-02
3.3613384660e+01 2.3994540148e+01 2.4653487283e+01 7.1383885885e-01 3.0273434096e-02 1.3722099525e+02 6.3408779723e+01 8.9227399971e-01 8.1622551685e+00 6.5027256483e-03 6.6635777243e-03
6.9566889562e+01 5.2851419196e+01 5.2687339462e+01 7.5972088918e-01 8.9504124453e-02 4.2295107005e+02 1.6945626575e+01 -7.8690937158e-01 9.3397709191e+00 6.4075154789e-03 7.0882678898e-03
7.2985873233e+01 6.6961650398e+01 6.0847947164e+01 9.1746042668e-01 7.5575479859e-02 3.5376348160e+02 2.3543016893e+01 5.7007489228e-01 9.0261068113e+00 5.2184699289e-03 5.5958958809e-03
2.8819208781e+01 2.3074453740e+01 2.2421528954e+01 8.0066229145e-01 1.7286719586e-02 7.7605337925e+01 1.0578511794e+02 -6.5225786335e-01 8.3210987527e+00 5.7404197896e-03 5.8239985993e-03
8.3197980670e+01 6.9785483890e+01 6.6282339586e+01 8.3878819328e-01 9.6685520409e-02 4.5909041792e+02 2.9941793439e+01 9.2961986034e-01 1.0658446557e+01 4.4657211625e-03 4.7124394424e-03
4.1831447113e+01 1.6003410840e+01 2.2028824925e+01 3.8256890316e-01 2.9504340757e-02 1.3365939170e+02 5.2298874118e+01 -9.6942474334e-01 8.3324630708e+00 7.5028095019e-03 7.7300476210e-03
3.6634347823e+01 3.5508185967e+01 3.1397270298e+01 9.6925939939e-01 1.2455620215e-02 5.5714573759e+01 1.6374064605e+02 7.1285575731e-01 1.4765894203e+01 3.9599948950e-03 3.9968930247e-03
6.9173443232e+01 6.4272983017e+01 5.8038919798e+01 9.2915691360e-01 1.3737811883e-01 6.6973170943e+02 1.2062757588e+01 -8.2245923984e-01 8.1004744496e+00 6.6698051883e-03 7.7575444615e-03
4.4544424901e+01 4.2579553091e+01 3.7911339880e+01 9.5588961325e-01 1.3082897137e-02 5.8548071224e+01 5.9488991697e+00 -9.6962332141e-01 6.6525816631e+01 1.2196864291e-02 1.8534928100e-02
3.3590544700e+01 1.7312448606e+01 2.0768095005e+01 5.1539648315e-01 1.3849549453e-02 6.2014730203e+01 3.9313332673e+00 5.1395255404e-01 1.4959928202e+01 2.0742539988e-02 1.0000000000e+00
2.3772342775e+01 2.1360718208e+01 1.9611632342e+01 8.9855334875e-01 1.6755106697e-02 7.5188839903e+01 1.9661859234e+02 9.8666127580e-01 8.6643883444e+00 4.9485755923e-03 4.9868648723e-03
8.0761357926e+01 5.5250618432e+01 5.7944073544e+01 6.8412195945e-01 1.5806688058e-01 7.8054378164e+02 7.7855818498e+00 9.0455051364e-01 8.9373339148e+00 7.7798715106e-03 1.0195460284e-02
4.3012144730e+01 3.9327883974e+01 3.5797508777e+01 9.1434370969e-01 5.1465998657e-02 2.3688143120e+02 4.9690012970e+00 -9.4943897972e-01 1.6469180301e+01 1.3214167367e-02 2.4393217327e-02
3.4907703855e+01 1.4531393803e+01 1.9245226470e+01 4.1628042519e-01 1.4172720239e-02 6.3477228537e+01 9.4161715221e+01 7.8678222140e-01 1.0235950127e+01 6.6099171133e-03 6.7183958188e-03
2.9760065941e+01 2.6333559784e+01 2.4361463446e+01 8.8486227942e-01 1.2200856857e-02 5.4564526037e+01 4.1656900812e+02 8.2077630475e-01 8.3332146951e+00 3.2700684080e-03 3.2819217431e-03
3.9225136828e+01 3.8423734337e+01 3.3796474082e+01 9.7956916009e-01 5.5376957160e-02 2.5559058914e+02 3.3910109654e+00 5.5330293792e-01 8.4828116646e+00 1.5771497063e-02 1.0000000000e+00
4.0739994481e+01 4.0032382150e+01 3.5156599976e+01 9.8263101556e-01 3.6558826886e-02 1.6647366930e+02 1.3790505547e+02 9.8779796022e-01 8.1362484987e+00 3.8777308269e-03 3.9207699801e-03
3.3023503576e+01 3.0570115313e+01 2.7656003817e+01 9.2570781420e-01 1.0665753330e-02 4.7644019040e+01 1.5037755609e+02 4.9215393552e-01 1.2179007585e+01 4.4307678871e-03 4.4757899664e-03
3.1788442434e+01 2.9250073732e+01 2.6540978792e+01 9.2014806300e-01 1.6515759605e-02 7.4101480656e+01 6.0701711666e+01 4.6138496103e-01 9.9049096066e+00 6.3654041730e-03 6.5302193971e-03
3.4421213048e+01 2.4094828553e+01 2.4991655120e+01 6.9999940209e-01 1.6480541218e-02 7.3941515031e+01 8.3799743858e+01 5.4428224078e-01 9.3205350855e+00 5.8566049285e-03 5.9650127502e-03
7.4136721946e+01 5.6624246093e+01 5.6302264380e+01 7.6378135702e-01 1.0169517414e-01 4.8448712598e+02 8.4526930146e+00 -8.0867537687e-01 1.1435456225e+01 7.9237454205e-03 1.0076742067e-02
2.7466486959e+01 2.6407967441e+01 2.3444786264e+01 9.6146141589e-01 3.6168151899e-02 1.6464789768e+02 2.0698149318e+01 9.1123666226e-01 8.7843231481e+00 1.0174746583e-02 1.1028013576e-02
6.6709466711e+01 4.9945760877e+01 5.0145367722e+01 7.4870574358e-01 1.8489877771e-02 8.3081375225e+01 3.4126798933e+01 -1.5577531616e-01 1.5635196769e+01 5.3014259478e-03 5.5551547447e-03
4.6238136431e+01 3.2524340495e+01 3.3655916349e+01 7.0340941495e-01 5.1519688982e-02 2.3713760958e+02 2.3979998052e+01 9.6759701852e-01 1.0061907724e+01 7.6107603394e-03 8.1498231475e-03
3.4756987432e+01 3.0632801239e+01 2.8394571369e+01 8.8134224230e-01 4.4661427798e-02 2.0456434056e+02 4.4774920561e+01 -9.8351044800e-01 8.0152524977e+00 6.7243589165e-03 6.9645253539e-03
3.4186661829e+01 2.2840410871e+01 2.4228144156e+01 6.6810883686e-01 3.5667254260e-02 1.6230847360e+02 2.3713644901e+01 9.6457197963e-01 9.4966813956e+00 9.4750962360e-03 1.0154777177e-02
3.1483769813e+01 2.9889469977e+01 2.6703436538e+01 9.4936121545e-01 1.7057791185e-02 7.6564490294e+01 1.5467328538e+01 -1.6053041578e-01 9.7657501513e+00 1.0585088904e-02 1.1842050416e-02
7.7999731425e+01 3.6896125340e+01 4.6066312284e+01 4.7302887671e-01 4.1823309662e-02 1.9117366186e+02 7.4339851895e+01 9.2275357755e-01 1.1385740460e+01 4.1160122656e-03 4.2022728855e-03
2.0698464190e+01 1.9266283539e+01 1.7382259399e+01 9.3080739530e-01 1.0720824035e-02 4.7892013229e+01 3.4646172377e+01 4.6608088408e-01 1.0402126589e+01 1.0270441652e-02 1.0753968321e-02
3.3382107801e+01 2.8944708126e+01 2.7046730258e+01 8.6707251377e-01 2.3587586572e-02 1.0638992835e+02 3.3932995024e+00 2.8950751024e-01 9.6993101747e+00 1.8473005429e-02 1.0000000000e+00
6.3174114510e+01 4.7579909066e+01 4.7632761463e+01 7.5315514012e-01 4.6913900500e-02 2.1522897899e+02 1.4104957823e+01 -2.2724126387e-01 8.2768299382e+00 7.4949867106e-03 8.4934639863e-03
3.2566979839e+01 3.2492848740e+01 2.8318913149e+01 9.9772373430e-01 1.5523211398e-02 6.9596397515e+01 1.5838405346e+02 -5.0181117208e-01 8.4817876060e+00 4.2687421806e-03 4.3098862272e-03
3.0609121498e+01 2.6381445168e+01 2.4724588575e+01 8.6188181418e-01 1.8652950878e-02 8.3824326817e+01 1.4231832475e+01 -6.7573766022e-01 1.5230822612e+01 1.1447900832e-02 1.2955856661e-02
2.9767496684e+01 2.9135207295e+01 2.5637118419e+01 9.7875906745e-01 2.5338102394e-02 1.1443369810e+02 5.9050261135e+01 -7.0016542518e-01 8.4086341130e+00 6.5369831937e-03 6.7112092979e-03
2.0113546696e+01 1.8063122185e+01 1.6588582630e+01 8.9805753596e-01 1.3092060667e-02 5.8589483731e+01 3.2235653013e+01 -9.1814469223e-01 1.3843417030e+01 1.0848837288e-02 1.1401452551e-02
4.6565777470e+01 3.4046904140e+01 3.4578489515e+01 7.3115721438e-01 6.4913132709e-02 3.0161873247e+02 5.4735046061e+00 -7.2061315585e-01 9.5192992652e+00 1.2919510505e-02 2.1133129080e-02
3.1455573453e+01 2.7649639243e+01 2.5662980199e+01 8.7900604591e-01 1.9598148710e-02 8.8134083320e+01 8.8223231709e+01 7.4211035406e-01 1.0095353865e+01 5.6395188506e-03 5.7385041553e-03
4.2974922378e+01 3.8470151578e+01 3.5385915382e+01 8.9517675540e-01 3.1353604650e-02 1.4222974081e+02 1.6373394669e+02 -9.8060700368e-01 8.6388684382e+00 3.6326198622e-03 3.6664690113e-03
8.3182949236e+01 7.8622445252e+01 7.0396313585e+01 9.4517501452e-01 2.3397536223e-01 1.2074407132e+03 2.9841339570e+00 8.7279905059e-01 9.3197018161e+00 9.4859017336e-03 1.0000000000e+00
4.0270459805e+01 3.1493282088e+01 3.0955775748e+01 7.8204426372e-01 1.6648273163e-02 7.4703445457e+01 4.7267139499e+01 -3.5044873756e-01 1.1040786566e+01 6.3498831835e-03 6.5639635705e-03
4.0498192338e+01 3.8166059819e+01 3.4222544392e+01 9.4241391075e-01 1.1320688610e-02 5.0594641697e+01 1.6879794843e+02 -6.2015646396e-01 1.5370346292e+01 3.7124218022e-03 3.7459594831e-03
7.6961522212e+01 5.8153674056e+01 5.8125893906e+01 7.5562011229e-01 2.3197072293e-02 1.0459825176e+02 2.6642503577e+02 -9.5649433761e-01 8.5697242320e+00 2.2303577118e-03 2.2430460255e-03
3.8900410733e+01 3.6012251527e+01 3.2578540986e+01 9.2575504597e-01 4.9641112830e-02 2.2818517761e+02 1.4126380596e+01 -8.4277041801e-01 1.0115721363e+01 9.4825767081e-03 1.0743421400e-02
3.4528080328e+01 2.2187940302e+01 2.3979079243e+01 6.4260567316e-01 4.0393280585e-02 1.8444637465e+02 3.9567763591e+00 -8.2281287591e-01 9.7116754630e+00 1.8611179722e-02 1.0000000000e+00
3.3160308036e+01 2.8722150142e+01 2.6852689567e+01 8.6616053478e-01 1.8661030595e-02 8.3861142147e+01 7.8814795451e+01 -6.5616725088e-01 1.0466716819e+01 5.7221193052e-03 5.8349818030e-03
6.2191307675e+01 4.7427577686e+01 4.7193186637e+01 7.6260782189e-01 9.7989396997e-02 4.6568579628e+02 2.2471271158e+00 -6.7293320457e-01 8.0676931435e+00 1.4571758731e-02 1.0000000000e+00
6.0010314862e+01 5.5377281757e+01 5.0176769649e+01 9.2279605404e-01 3.8152594077e-02 1.7393227194e+02 5.1627104453e+01 5.0862070520e-01 9.8449692987e+00 4.4834687564e-03 4.6211279515e-03
3.1608934639e+01 2.4931920257e+01 2.4404329407e+01 7.8876180239e-01 1.2982625599e-02 5.8094953432e+01 1.0621519036e+02 -3.4334849422e-01 8.2616301812e+00 5.4504543834e-03 5.5294814506e-03
4.0689759503e+01 3.4654345554e+01 3.2668999858e+01 8.5167241039e-01 4.2449300254e-02 1.9412269086e+02 7.1112050315e+00 -7.4800999752e-01 1.2759844027e+01 1.2297669143e-02 1.6766919050e-02
4.2971414510e+01 2.9137558368e+01 3.0688935320e+01 6.7806840198e-01 6.2288084980e-02 2.8889079361e+02 4.4800597076e+00 -8.1897415853e-01 9.6952548099e+00 1.5028797565e-02 3.4727213678e-02
5.8735189513e+01 4.9541965887e+01 4.6926222842e+01 8.4348014023e-01 9.0654696685e-02 4.2871989724e+02 1.0755932221e+01 8.3868555367e-01 9.7056854569e+00 8.1632561907e-03 9.7185050846e-03
7.8260351012e+01 4.9378771632e+01 5.3833483330e+01 6.3095515153e-01 5.7647950162e-02 2.6649943878e+02 5.7722542960e+01 -9.7008185251e-01 1.1276806742e+01 4.0671968110e-03 4.1782173056e-03
4.0598215558e+01 3.4818556729e+01 3.2711242293e+01 8.5763761414e-01 4.6026762583e-02 2.1102478839e+02 3.9103091352e+01 9.0337804319e-01 8.8426177162e+00 6.4705572942e-03 6.7377723784e-03
7.8474697474e+01 2.9468661538e+01 4.0908622020e+01 3.7551800117e-01 1.1721653789e-01 5.6413532074e+02 5.2361586063e+00 8.9333380444e-01 8.4272372499e+00 1.1476800077e-02 1.9720721050e-02
3.3427475254e+01 2.1526672789e+01 2.3240645989e+01 6.4398141425e-01 2.9369230106e-02 1.3303410833e+02 2.4488659296e+01 8.3953289468e-01 9.4764100915e+00 9.6448783351e-03 1.0311956071e-02
3.2963530399e+01 2.2633728469e+01 2.3695354803e+01 6.8662938087e-01 1.2587170003e-02 5.6308583754e+01 1.7756213112e+02 -4.9480508857e-01 8.3024621232e+00 4.5798851725e-03 4.6191849867e-03
4.7535331079e+01 3.5087887446e+01 3.5471848823e+01 7.3814332729e-01 6.3502569982e-02 2.9477397975e+02 1.9834025714e+01 -8.5596806812e-01 8.2197063085e+00 7.8524049048e-03 8.5444676122e-03
3.0456781634e+01 1.7478041968e+01 1.9933145907e+01 5.7386371870e-01 1.3769781658e-02 6.1653851453e+01 3.0177111562e+02 -8.7992984156e-01 8.0551358034e+00 4.1792141453e-03 4.2001788901e-03
5.2419576848e+01 5.0585281109e+01 4.4826937089e+01 9.6500742949e-01 7.8852583607e-02 3.6993345912e+02 3.8139063758e+00 5.3894887349e-01 9.6542553698e+00 1.2476528137e-02 1.0000000000e+00
2.9777836064e+01 2.6848162494e+01 2.4608290596e+01 9.0161563238e-01 3.7362614476e-02 1.7023320789e+02 2.0948111205e+01 -9.9479779851e-01 9.8424983029e+00 9.8199413072e-03 1.0632067600e-02
3.8726563996e+01 3.1312657443e+01 3.0280920555e+01 8.0855759489e-01 3.5409748445e-02 1.6110644067e+02 2.9607372911e+01 9.3989276908e-01 1.1686118924e+01 7.5852511194e-03 8.0095484197e-03
3.6263674649e+01 3.0497214405e+01 2.8929089646e+01 8.4098522006e-01 3.0443879873e-02 1.3801084160e+02 8.2067951142e+01 -9.4997537339e-01 9.5837185722e+00 5.3411060557e-03 5.4421311698e-03
5.9423848411e+01 4.5321129851e+01 4.5095193964e+01 7.6267577854e-01 9.0360767554e-02 4.2724539938e+02 1.8334894974e+01 -9.3874358318e-01 8.7973280495e+00 6.8529653441e-03 7.5155367409e-03
3.0144457550e+01 2.8738957977e+01 2.5621732674e+01 9.5337452762e-01 2.9687711598e-02 1.3450821240e+02 6.2441058287e+01 9.5707717023e-01 9.3635237930e+00 6.3870178720e-03 6.5475707535e-03
5.9890275336e+01 4.4482627074e+01 4.4834310020e+01 7.4273539108e-01 5.5982331476e-02 2.5849531967e+02 2.3763089796e+01 -7.1913875750e-01 1.0102859114e+01 6.3667117549e-03 6.8223376968e-03
2.4535603029e+01 2.2211803970e+01 2.0317807241e+01 9.0528869188e-01 1.1768813891e-02 5.2615202278e+01 2.5767869401e+02 8.5464577357e-01 1.0006692735e+01 4.3869983756e-03 4.4128119204e-03
6.9190385451e+01 6.4273985556e+01 5.8046430668e+01 9.2894388632e-01 9.2718370687e-02 4.3908726156e+02 2.2019114146e+01 8.3184010321e-01 9.7571576057e+00 5.4568680110e-03 5.8829255422e-03
8.0914840604e+01 4.7245722895e+01 5.3442101454e+01 5.8389440729e-01 1.6385940351e-01 8.1200662788e+02 2.6719992077e+00 8.6312582169e-01 8.1189311878e+00 1.2182659099e-02 1.0000000000e+00
3.2754262860e+01 3.1643184248e+01 2.8025610107e+01 9.6607835086e-01 3.8164527279e-02 1.7398818014e+02 4.2447981365e+01 -9.7113222318e-01 9.2275213009e+00 6.9436218951e-03 7.2061761852e-03
3.5140193969e+01 2.7199571550e+01 2.6869940057e+01 7.7403020523e-01 2.3811264070e-02 1.0741661442e+02 6.3307942436e+01 6.6201218639e-01 8.8599072149e+00 6.1900590621e-03 6.3434321048e-03
3.6698092208e+01 3.0276876200e+01 2.8991469429e+01 8.2502589042e-01 4.0800245122e-02 1.8635950501e+02 9.6368447935e+00 -9.7477355945e-01 1.3311179512e+01 1.1835092596e-02 1.4471338606e-02
3.8489687570e+01 3.6145375941e+01 3.2467563442e+01 9.3909247445e-01 1.1049171610e-02 4.9371049999e+01 3.2032868438e+02 -7.0689508672e-01 1.1255235809e+01 3.0177521780e-03 3.0320059041e-03
3.7858902585e+01 3.5924002883e+01 3.2102621288e+01 9.4889181753e-01 3.2165614769e-02 1.4600007693e+02 7.5713890083e+01 9.1893088517e-01 1.0140081465e+01 5.1528646063e-03 5.2588203637e-03
5.1551009310e+01 5.0495236750e+01 4.4415355715e+01 9.7951984696e-01 1.3185347289e-01 6.4055902759e+02 3.4219817766e+00 8.8124127106e-01 8.4224660044e+00 1.2683511678e-02 1.0000000000e+00
3.2278902525e+01 2.5934553622e+01 2.5157868681e+01 8.0345214967e-01 2.5242516907e-02 1.1399395097e+02 2.1070016046e+01 7.1264111110e-01 1.0969058183e+01 9.7355083676e-03 1.0535259459e-02
2.5711738839e+01 2.5242521629e+01 2.2178001607e+01 9.8175085656e-01 2.4869708904e-02 1.1227940175e+02 8.8986968413e+01 -9.7734510347e-01 8.6409040303e+00 6.1383821348e-03 6.2451690524e-03
3.3931197489e+01 3.1912442175e+01 2.8643941017e+01 9.4050444832e-01 4.5097227528e-02 2.0662513351e+02 1.0868627172e+01 -8.4874163062e-01 1.0101349666e+01 1.1369380918e-02 1.3504425013e-02
3.6244899592e+01 2.7957892532e+01 2.7665595077e+01 7.7136073894e-01 2.8832684859e-02 1.3055219855e+02 3.0820853866e+01 9.3152449436e-01 1.2531797344e+01 7.9373587985e-03 8.3621034764e-03
3.0271849488e+01 2.7985055487e+01 2.5334340019e+01 9.2445806782e-01 1.2777550934e-02 5.7168450032e+01 1.5954694589e+02 -6.6141522038e-01 1.1217928477e+01 4.5716478426e-03 4.6153845992e-03
2.8788577529e+01 2.1938982174e+01 2.1838017764e+01 7.6207246267e-01 2.2758508358e-02 1.0258732941e+02 6.2015445104e+00 3.7176479281e-01 8.5883547591e+00 1.6850657294e-02 2.4847431048e-02
3.4845618666e+01 2.4591057203e+01 2.5406469845e+01 7.0571446697e-01 1.1076707647e-02 4.9495118609e+01 2.4804305821e+02 -7.4379256269e-01 1.1697442215e+01 3.8716208474e-03 3.8952967785e-03
3.3159685309e+01 2.5435233393e+01 2.5238043540e+01 7.6705291849e-01 1.0581858759e-02 4.7266264531e+01 2.9992377786e+01 -5.3427035608e-01 1.9227219179e+01 8.5881509036e-03 9.0617379629e-03
6.2328891971e+01 5.2041860078e+01 4.9540722374e+01 8.3495564309e-01 5.7380326897e-02 2.6521218282e+02 1.0065002243e+02 -9.9616621776e-01 8.0837491364e+00 3.4783202409e-03 3.5316205302e-03
2.9483767298e+01 2.3609408548e+01 2.2939983890e+01 8.0075956066e-01 3.3914757633e-02 1.5413642187e+02 3.7530105697e+01 9.3035199147e-01 8.0048813696e+00 8.2623705996e-03 8.6190419658e-03
2.8071779145e+01 2.6113885659e+01 2.3567199638e+01 9.3025402928e-01 1.2119757923e-02 5.4198522250e+01 4.7468847475e+01 -6.8967554302e-01 1.6533395544e+01 7.5388492305e-03 7.7918667791e-03
5.4666227011e+01 5.4556849305e+01 4.7542076700e+01 9.9799917222e-01 3.8028619022e-02 1.7335149183e+02 3.7803391667e+00 -8.9738240704e-01 3.2034558495e+01 1.2360670611e-02 1.0000000000e+00
2.9304438664e+01 2.7708407744e+01 2.4804612177e+01 9.4553620569e-01 1.2776241083e-02 5.7162533185e+01 4.8160989147e+02 9.7961703157e-01 8.5914627205e+00 3.0611263280e-03 3.0707151711e-03
3.3817949075e+01 1.0006080679e+01 1.5463375345e+01 2.9588076607e-01 1.0545255415e-02 4.7101464422e+01 3.4889410481e+02 9.9126157938e-01 8.6774118025e+00 4.6478070523e-03 4.6679483085e-03
8.2935153755e+01 8.2688380135e+01 7.2091734335e+01 9.9702449915e-01 2.2220236001e-02 1.0012096415e+02 1.8355351666e+02 -6.8489166743e-01 9.7197220878e+00 2.2431897387e-03 2.2618005608e-03
3.1888283464e+01 3.1470354698e+01 2.7577729095e+01 9.8689397105e-01 3.7407712313e-02 1.7044426803e+02 1.4251758942e+01 6.2342150259e-01 8.3225201661e+00 1.0565804829e-02 1.1955117943e-02
3.0273965734e+01 2.0227755775e+01 2.1456010515e+01 6.6815679031e-01 3.0560349985e-02 1.3855067443e+02 1.1766154468e+01 9.5470362249e-01 1.0983976918e+01 1.3336558882e-02 1.5584916587e-02
3.3354507647e+01 3.2799642792e+01 2.8794051010e+01 9.8336462164e-01 2.2349240570e-02 1.0071188818e+02 2.5988855054e+01 3.5965008144e-01 8.9966479017e+00 8.2853676180e-03 8.8212672875e-03
3.3459453299e+01 2.8238262063e+01 2.6739930028e+01 8.4395467585e-01 1.0253919733e-02 4.5790098168e+01 2.5043181479e+02 4.3757630751e-01 9.0063758074e+00 3.7382463986e-03 3.7608862280e-03
4.5209292355e+01 4.4451072045e+01 3.9025265764e+01 9.8322866228e-01 6.8111753942e-02 3.1718663722e+02 6.5433569761e+00 5.8366525695e-01 8.6492338798e+00 1.1181985132e-02 1.5937360471e-02
3.3895838230e+01 2.3913944832e+01 2.4710315635e+01 7.0551271426e-01 1.7251926073e-02 7.7447122924e+01 1.5691575519e+02 -7.1187093787e-01 8.6638368376e+00 4.6596578424e-03 4.7049974972e-03
5.7965164931e+01 4.9368836004e+01 4.6539800207e+01 8.5169836164e-01 1.8344518324e-02 8.2419275483e+01 1.2455597757e+02 -4.2565088093e-01 1.1041940805e+01 3.4184914632e-03 3.4605922775e-03
5.6436468300e+01 4.4467395851e+01 4.3549117174e+01 7.8791953485e-01 4.0448382313e-02 1.8470534347e+02 4.4055112270e+01 -8.7020915207e-01 1.3001601673e+01 5.1915518002e-03 5.3802081285e-03
3.1156495309e+01 3.0996504661e+01 2.7053557009e+01 9.9486493440e-01 1.5408858452e-02 6.9077783400e+01 1.7506979808e+02 8.3673512700e-01 1.1642760891e+01 4.2308312649e-03 4.2676609897e-03
6.3935990544e+01 5.7301128233e+01 5.2676634637e+01 8.9622648755e-01 1.4021278833e-01 6.8476898071e+02 4.6481887677e+00 -8.5995686983e-01 1.0170883804e+01 1.0117235951e-02 2.1178988988e-02
2.9045807412e+01 2.3351507312e+01 2.2645255097e+01 8.0395449093e-01 1.9116941253e-02 8.5939209538e+01 6.7791299511e+01 6.5609076456e-01 8.7318248893e+00 6.7333274351e-03 6.8886548514e-03
5.3173331276e+01 4.5319216988e+01 4.2707592035e+01 8.5229222808e-01 6.9659180952e-02 3.2474122833e+02 3.1530777939e+00 9.8342491748e-01 1.5450991958e+01 1.3885168932e-02 1.0000000000e+00
3.2601538241e+01 1.7904948636e+01 2.0847657841e+01 5.4920563882e-01 1.6829148911e-02 7.5525292853e+01 1.0410238845e+02 -7.7471985767e-01 9.0957327369e+00 6.0454995969e-03 6.1349819845e-03
3.7155002654e+01 1.8817562356e+01 2.2759009359e+01 5.0646106882e-01 2.3446008957e-02 1.0574025447e+02 4.3058307253e+01 8.2207842062e-01 9.8090042612e+00 7.9366632522e-03 8.2322164240e-03
4.7162001594e+01 3.3361041693e+01 3.4428259114e+01 7.0737120066e-01 9.0787690692e-02 4.2938723709e+02 6.2471658521e+00 -9.2794185417e-01 8.3100005422e+00 1.2144511417e-02 1.7819602557e-02
7.8309402578e+01 5.2393488716e+01 5.5538954252e+01 6.6905744382e-01 5.0788412892e-02 2.3364998583e+02 1.7154554955e+01 -2.0238341105e-01 8.4981686373e+00 6.3125937193e-03 6.9734320727e-03
8.0461709742e+01 6.3657928891e+01 6.2218627119e+01 7.9115804393e-01 6.4089119659e-02 2.9761868073e+02 2.6666669589e+01 8.6628897968e-01 1.4618752468e+01 4.9444835228e-03 5.2551949761e-03
3.0789631480e+01 2.6769285419e+01 2.4980563965e+01 8.6942532704e-01 2.7652906014e-02 1.2510154214e+02 2.0305536957e+01 -8.0238400538e-01 1.1099705467e+01 9.9005627376e-03 1.0749534184e-02
4.4478160382e+01 3.1465766292e+01 3.2470761054e+01 7.0744306919e-01 3.8706468768e-02 1.7652820674e+02 3.7027802160e+01 8.9686206537e-01 1.0481978249e+01 6.6639534154e-03 6.9558474689e-03
3.1299683508e+01 3.0647790008e+01 2.6962412326e+01 9.7917252105e-01 1.1721511088e-02 5.2401854092e+01 1.7289834220e+02 6.5453425911e-01 1.2452886966e+01 4.2693508973e-03 4.3069902809e-03
3.1375390999e+01 3.0313481734e+01 2.6846867161e+01 9.6615470815e-01 1.7085367746e-02 7.6689851562e+01 1.2455021566e+02 5.9489573689e-01 9.0582468219e+00 4.8251372787e-03 4.8845646086e-03
4.5018068865e+01 4.4152588800e+01 3.8811589236e+01 9.8077482917e-01 1.1587880415e-01 5.5721387674e+02 5.2549856485e+00 9.3131721110e-01 8.2334241716e+00 1.1853453039e-02 2.0280080475e-02
2.7026146464e+01 1.3860024711e+01 1.6665317416e+01 5.1283762298e-01 1.0106275241e-02 4.5125735704e+01 2.0076356734e+02 6.9747646516e-01 8.6952914712e+00 5.4582194430e-03 5.4995679609e-03
3.5681377894e+01 3.5008064849e+01 3.0767692146e+01 9.8112984743e-01 2.9573694607e-02 1.3398040353e+02 8.7226843340e+01 -9.7518304575e-01 1.0599522211e+01 5.0258174496e-03 5.1150718065e-03
3.4251829474e+01 2.7814863070e+01 2.6841371259e+01 8.1206941343e-01 1.6056886080e-02 7.2017878277e+01 1.0420274056e+02 -9.0239146004e-01 1.4593104010e+01 5.1628482891e-03 5.2391905187e-03
8.4671525091e+01 6.8592305909e+01 6.6270421950e+01 8.1009885950e-01 2.1011507143e-01 1.0699139350e+03 4.6276112698e+00 -7.0578329618e-01 8.0881772840e+00 8.4590270389e-03 1.7893496570e-02
4.5537199296e+01 4.3763516532e+01 3.8861192991e+01 9.6104980564e-01 2.4840125795e-02 1.1214338801e+02 1.6885357673e+02 7.1474954178e-01 8.5777305798e+00 3.4001395166e-03 3.4308457798e-03
3.8962605463e+01 3.4589769824e+01 3.1947586688e+01 8.8776839775e-01 3.8857440959e-02 1.7723613956e+02 2.2333817081e+01 6.5393937916e-01 8.9543753892e+00 8.1365140253e-03 8.7615239044e-03
4.2748691199e+01 3.6715078095e+01 3.4468829451e+01 8.5885853030e-01 1.2169359613e-02 5.4422372061e+01 2.4529913043e+02 -8.4031821140e-01 1.4770596030e+01 3.2107753039e-03 3.2306321324e-03
1.8878674580e+01 1.6109586275e+01 1.5172217551e+01 8.5332189008e-01 1.0850803385e-02 4.8477416609e+01 1.6988686870e+02 -8.3089923549e-01 8.9021920273e+00 6.1592202920e-03 6.2144995838e-03
4.8535931108e+01 2.5563101672e+01 3.0355936794e+01 5.2668406867e-01 4.0725005265e-02 1.8600572312e+02 1.5240738940e+01 -9.9086188952e-01 1.2815413065e+01 9.6840319961e-03 1.0855139315e-02
2.0473299679e+01 2.0042369589e+01 1.7634272293e+01 9.7895160539e-01 1.7219807941e-02 7.7301080737e+01 3.4872459070e+01 9.8260743647e-01 1.1985568154e+01 1.0113047771e-02 1.0585803177e-02
3.5041951987e+01 2.3856190008e+01 2.5078023574e+01 6.8078941540e-01 4.3419338138e-02 1.9869754318e+02 9.3496422060e+00 7.4446009643e-01 8.0917275308e+00 1.3085113795e-02 1.6132580819e-02
3.9533621735e+01 3.0915695812e+01 3.0388692791e+01 7.8201020942e-01 2.5564081389e-02 1.1547356925e+02 1.2158004549e+02 9.1046626808e-01 9.9501536637e+00 4.4828129404e-03 4.5394043664e-03
7.1452511198e+01 4.1522443168e+01 4.7074292626e+01 5.8111943823e-01 1.3060713231e-01 6.3400240838e+02 3.3830821262e+00 -9.3756398353e-01 9.7844193743e+00 1.2291894895e-02 1.0000000000e+00
7.9058756663e+01 7.1377175130e+01 6.5378550184e+01 9.0283705616e-01 2.0029456967e-01 1.0141844347e+03 5.8324710658e+00 -8.6423578991e-01 8.9406287260e+00 7.8618375617e-03 1.2136120124e-02
3.7415025966e+01 3.4888366728e+01 3.1448814482e+01 9.3246939772e-01 1.9140620864e-02 8.6047180421e+01 1.8217754658e+02 -9.4592554714e-01 1.1764087542e+01 3.7851768950e-03 3.8168217941e-03
3.4228595545e+01 3.2213882660e+01 2.8904810517e+01 9.4113948138e-01 3.2316802443e-02 1.4670255173e+02 6.8682763799e+00 -8.4231014379e-01 1.5765420433e+01 1.3532043341e-02 1.8774717781e-02
5.5040657175e+01 5.0182413734e+01 4.5742395009e+01 9.1173354953e-01 3.6220637107e-02 1.6489312286e+02 1.4634601334e+01 -3.3025257831e-01 1.1300416940e+01 7.6303761239e-03 8.6008886863e-03
6.0638864093e+01 5.7801073210e+01 5.1536217691e+01 9.5320178032e-01 1.0990583274e-01 5.2644005866e+02 3.8252775687e+00 6.6543695678e-01 1.0156717235e+01 1.1221423758e-02 1.0000000000e+00
8.0947359991e+01 7.8695855417e+01 6.9480452243e+01 9.7218557128e-01 4.3214737119e-02 1.9773210448e+02 6.8148322254e+01 3.5172419438e-01 8.0406171057e+00 3.2864523210e-03 3.3618515774e-03
8.0406750141e+01 6.1961175717e+01 6.1342979160e+01 7.7059669255e-01 4.2045560843e-02 1.9222039137e+02 1.0097463504e+02 7.6939077197e-01 9.8331920576e+00 3.0676718498e-03 3.1145241516e-03
4.5678579432e+01 2.6128800433e+01 2.9844576501e+01 5.7201429548e-01 3.9699093524e-02 1.8118550483e+02 1.0844423368e+01 6.5146122364e-01 9.6563492741e+00 1.1126540171e-02 1.3222428882e-02
2.3555627791e+01 2.2327991054e+01 1.9963425664e+01 9.4788350589e-01 1.0484793110e-02 4.6829263286e+01 5.0747708832e+01 -2.1547708096e-01 8.5425735078e+00 8.1641607546e-03 8.4194280201e-03
2.0233948500e+01 1.8628856799e+01 1.6898699273e+01 9.2067333272e-01 1.4039323879e-02 6.2873463070e+01 4.2575823675e+01 -8.3615484744e-01 1.1365322446e+01 9.6558842169e-03 1.0019821702e-02
3.1808069227e+01 2.8910095903e+01 2.6392976822e+01 9.0889188204e-01 1.4549776161e-02 6.5184466491e+01 1.8706043677e+02 -9.0605239592e-01 1.2594949043e+01 4.1934978929e-03 4.2276275834e-03
4.5672507367e+01 3.7652127468e+01 3.6067159553e+01 8.2439370287e-01 6.3950370804e-02 2.9694556738e+02 2.1166323236e+00 -9.1846689760e-01 1.0012336114e+01 1.7979718562e-02 1.0000000000e+00
4.2025114082e+01 3.8574149869e+01 3.5044264017e+01 9.1788328745e-01 5.0598433988e-02 2.3274449527e+02 1.1689642829e+01 7.5290402659e-01 1.0388847455e+01 9.7210173761e-03 1.1374239589e-02
4.1134623115e+01 1.7869908461e+01 2.3207098033e+01 4.3442499548e-01 2.3666700230e-02 1.0675302439e+02 4.2767887234e+00 6.2680303695e-01 1.2563208174e+01 1.8637576384e-02 5.2029896594e-02
8.3877973913e+01 6.7181055506e+01 6.5269083531e+01 8.0093798612e-01 1.1069210184e-01 5.3047885002e+02 1.2464723246e+01 8.5580906985e-01 1.1757677263e+01 6.2137174906e-03 7.1841883166e-03
3.0127119463e+01 2.9454621759e+01 2.5932476776e+01 9.7767799522e-01 4.5027923029e-02 2.0629732687e+02 9.3110589426e+00 7.9599464327e-01 8.6732693044e+00 1.2821494686e-02 1.5825971878e-02
3.3271075468e+01 2.7062136422e+01 2.6094324683e+01 8.1338327786e-01 1.3824666422e-02 6.1902151912e+01 4.1327336115e+02 -8.6124044722e-01 8.0192388179e+00 3.1387999810e-03 3.1502688336e-03
2.9630946728e+01 1.6058888277e+01 1.8815366605e+01 5.4196338795e-01 1.1903951817e-02 5.3224792964e+01 5.4430658536e+01 -5.6759841023e-01 1.0570612864e+01 8.2451186908e-03 8.4845295748e-03
3.4368141722e+01 3.1540912348e+01 2.8656897184e+01 9.1773691472e-01 1.1526822545e-02 5.1523915349e+01 3.0909404695e+02 -7.8731774253e-01 1.1356299623e+01 3.3056559239e-03 3.3218421182e-03
6.8621799481e+01 6.3327331208e+01 5.7378694977e+01 9.2284568005e-01 1.2076789937e-01 5.8256171023e+02 1.5855027195e+01 8.9464553778e-01 8.9262360863e+00 6.1191577954e-03 6.8240282541e-03
2.9721851245e+01 1.1647354405e+01 1.5857928362e+01 3.9187849737e-01 1.6648766171e-02 7.4705685246e+01 2.9079297619e+01 -8.7132497393e-01 1.0011774086e+01 1.1572865544e-02 1.2233243238e-02
3.4384244844e+01 2.8152084417e+01 2.7057991186e+01 8.1874953325e-01 3.9209814184e-02 1.7888905198e+02 5.1248490104e+00 4.9561328739e-01 8.3812680220e+00 1.5673503888e-02 2.7678092887e-02
3.1049581096e+01 1.7698384982e+01 2.0248941692e+01 5.7000398580e-01 2.5625709380e-02 1.1575721694e+02 6.7466927460e+01 9.6499240536e-01 8.0251717556e+00 7.2051350514e-03 7.3721798634e-03
3.4949240942e+01 3.1511220398e+01 2.8882122943e+01 9.0162817701e-01 2.5391290024e-02 1.1467841736e+02 8.3645894608e+01 -7.6947852175e-01 9.3688936544e+00 5.3248183430e-03 5.4235701236e-03
8.0572706235e+01 6.9548723474e+01 6.5132497277e+01 8.6317968855e-01 7.4883433075e-02 3.5035733870e+02 6.3786241646e+00 1.1657145024e-01 9.1403424431e+00 8.1643887535e-03 1.1818820070e-02
3.8342517805e+01 3.5080755187e+01 3.1921477823e+01 9.1493092251e-01 3.3845377919e-02 1.5381331182e+02 7.4860032098e+01 -8.0235638395e-01 8.4878906278e+00 5.1878854411e-03 5.2958250131e-03
3.9405320601e+01 3.5339311881e+01 3.2476690778e+01 8.9681574320e-01 4.7421649454e-02 2.1763751358e+02 1.6185404476e+01 6.8569610338e-01 8.5096623450e+00 9.0404716025e-03 1.0055934575e-02
4.3735370044e+01 3.2888613852e+01 3.2949898373e+01 7.5199121030e-01 4.7982654118e-02 2.2030060424e+02 9.9428561213e+00 6.9050571524e-01 9.8030166155e+00 1.0751621108e-02 1.3040445498e-02
3.9732786431e+01 2.4750803775e+01 2.7148957402e+01 6.2293148802e-01 1.0349824424e-02 4.6221723329e+01 1.1164237313e+02 -5.0311919222e-01 1.4020890335e+01 5.0129603164e-03 5.0820208212e-03
4.2821667937e+01 2.9056817586e+01 3.0593361059e+01 6.7855408221e-01 3.0762594393e-02 1.3948827861e+02 7.7149693564e+01 9.5233638354e-01 1.0334684593e+01 5.2775124270e-03 5.3839361397e-03
2.7252130367e+01 1.5569912060e+01 1.7794201124e+01 5.7132825398e-01 1.0665618020e-02 4.7643409739e+01 5.3872139407e+00 -9.2193918984e-01 2.5517841170e+01 2.0340209314e-02 3.3830873376e-02
2.7631460926e+01 2.6667017650e+01 2.3630311428e+01 9.6509618950e-01 3.2080907767e-02 1.4560656194e+02 1.2491242174e+01 8.2787210144e-01 1.0298481530e+01 1.2266033287e-02 1.4176435272e-02
4.3626489127e+01 4.0607984697e+01 3.6636927672e+01 9.3081028315e-01 1.2984160572e-02 5.8101889324e+01 1.2932211599e+02 -4.8355840752e-01 1.3718450877e+01 3.9272846369e-03 3.9738300061e-03
3.4430758755e+01 3.1493894622e+01 2.8661189267e+01 9.1470231155e-01 3.0452520667e-02 1.3805088816e+02 8.5049080330e+01 9.9488204166e-01 9.8044206304e+00 5.3008225275e-03 5.3974526134e-03
6.3457874736e+01 5.3798515829e+01 5.0830711222e+01 8.4778313256e-01 9.2112618145e-02 4.3604140985e+02 1.2735018991e+01 8.4551368717e-01 1.0123917720e+01 7.2828252134e-03 8.3888183597e-03
3.7807655939e+01 3.2519979522e+01 3.0507934559e+01 8.6014270692e-01 4.5578277587e-02 2.0890133142e+02 2.4994369140e+00 -7.7705534705e-01 9.7550112762e+00 1.8961560533e-02 1.0000000000e+00
5.2625512472e+01 3.4169351747e+01 3.6745235993e+01 6.4929252263e-01 4.2238103582e-02 1.9312746325e+02 7.0673390385e+00 9.3469398055e-01 1.8450150537e+01 1.1454332307e-02 1.5664086853e-02
4.9170608924e+01 3.3402542822e+01 3.5149835534e+01 6.7931928346e-01 1.1143574747e-02 4.9796421668e+01 1.4513822180e+02 -3.9097623290e-01 1.2941437888e+01 3.8640478108e-03 3.9047562172e-03
3.1822695185e+01 2.3710710908e+01 2.3861517427e+01 7.4508808165e-01 1.3435661099e-02 6.0142714755e+01 2.0304130942e+00 -1.3967401041e-01 8.7765745384e+00 2.4372085360e-02 1.0000000000e+00
3.2127486098e+01 2.2054324236e+01 2.3091470874e+01 6.8646280538e-01 1.1177309450e-02 4.9948441598e+01 2.6540922887e+02 -5.4047293821e-01 8.0973009508e+00 4.0066177882e-03 4.0294992466e-03
6.5973611702e+01 5.5407104619e+01 5.2593429416e+01 8.3983737117e-01 7.4673316049e-02 3.4932376916e+02 2.8740843366e+01 6.5902764924e-01 8.0504328603e+00 5.3070533696e-03 5.6138439095e-03
4.5836364057e+01 3.9021495758e+01 3.6793409055e+01 8.5132179573e-01 7.4939169396e-02 3.5063155304e+02 4.4457026441e+00 -6.8091024012e-01 9.1263423259e+00 1.3357398743e-02 3.1645181498e-02
3.3059739830e+01 3.1552942585e+01 2.8115125403e+01 9.5442198718e-01 2.4390929126e-02 1.1007883638e+02 6.5394554671e+01 8.1756751624e-01 1.0798407315e+01 5.9424297296e-03 6.0847600226e-03
6.4598810668e+01 4.1255007964e+01 4.4717695320e+01 6.3863417201e-01 5.6278749309e-02 2.5991845753e+02 2.7142705452e+01 7.7848870615e-01 1.0289599766e+01 6.0658210774e-03 6.4395307750e-03
3.1000433893e+01 2.9430774052e+01 2.6293561694e+01 9.4936652027e-01 3.1452329739e-02 1.4268791114e+02 9.1712462027e+01 -9.9467471321e-01 8.4050618041e+00 5.4349868576e-03 5.5266395712e-03
1.7427820305e+01 1.6177887429e+01 1.4615588947e+01 9.2827944896e-01 1.2836289862e-02 5.7433796820e+01 9.4347046324e+01 -9.5180334102e-01 9.6011791963e+00 7.8510075243e-03 7.9795936244e-03
4.0099354753e+01 2.8680116951e+01 2.9440095486e+01 7.1522639524e-01 2.8429335416e-02 1.2868766484e+02 2.5357507852e+00 6.7831129695e-01 1.3037462939e+01 1.9484296768e-02 1.0000000000e+00
4.8226920680e+01 4.6593727179e+01 4.1265737146e+01 9.6613523157e-01 6.1756247521e-02 2.8631742213e+02 1.7847771784e+01 -8.3944325912e-01 1.0326438689e+01 7.4399106705e-03 8.1826553831e-03
3.7999139266e+01 2.8104158468e+01 2.8384547931e+01 7.3959987017e-01 2.1494627327e-02 9.6799267945e+01 3.2864172483e+01 9.3232705317e-01 1.7019264814e+01 7.6595091128e-03 8.0415040224e-03
4.3559660342e+01 4.2429384772e+01 3.7425025616e+01 9.7405224097e-01 6.7335186790e-02 3.1340109600e+02 2.5912244019e+01 9.1624387520e-01 8.2071671209e+00 6.8539672571e-03 7.2987558914e-03
2.1463331452e+01 1.5658089507e+01 1.5919763942e+01 7.2952745205e-01 1.5305970880e-02 6.8611241876e+01 5.1653138484e+00 4.8467894391e-01 8.8384425388e+00 2.2088997065e-02 3.8607455112e-02
2.4489821843e+01 1.9251849577e+01 1.8875383167e+01 7.8611635889e-01 2.7221996345e-02 1.2311300036e+02 2.6880478331e+00 -9.3979596512e-01 8.5065250231e+00 2.5185861823e-02 1.0000000000e+00
3.0330161984e+01 1.5741935172e+01 1.8822274957e+01 5.1901915923e-01 2.9057443765e-02 1.3159164018e+02 1.2416597185e+01 -9.0584209566e-01 9.0594990318e+00 1.4197926990e-02 1.6426676604e-02
8.5650116782e+01 6.5689826199e+01 6.5184588789e+01 7.6695547733e-01 5.8284891054e-02 2.6956493344e+02 5.4570461289e+01 -5.3952243421e-01 8.2671099400e+00 3.6842104487e-03 3.7908988454e-03
3.7227085814e+01 3.5076037102e+01 3.1455046067e+01 9.4221818160e-01 3.3697539465e-02 1.5312491478e+02 3.4070107678e+01 5.9881386358e-01 8.4223957061e+00 7.0344200522e-03 7.3717015522e-03
3.1860625603e+01 2.0448568385e+01 2.2112340781e+01 6.4181314704e-01 1.4519097958e-02 6.5045525803e+01 4.3947717556e+01 -9.8326573077e-01 1.7924805435e+01 8.0632528762e-03 8.3570290718e-03
4.6084045897e+01 2.4999687356e+01 2.9277707057e+01 5.4248030677e-01 4.9020668695e-02 2.2523341390e+02 2.8504924625e+00 9.1835862371e-01 1.0572143486e+01 1.8482047849e-02 1.0000000000e+00
2.9749097894e+01 2.6762681253e+01 2.4556940467e+01 8.9961320334e-01 2.0632167132e-02 9.2855642463e+01 4.8147531858e+01 -5.1172448465e-01 8.2220998967e+00 7.2703160197e-03 7.5106692810e-03
3.3974064214e+01 2.7635583008e+01 2.6646485481e+01 8.1343176472e-01 1.1697678646e-02 5.2294369147e+01 2.5804029415e+02 7.6504552817e-01 1.1546954611e+01 3.7013166328e-03 3.7230647070e-03
6.7745691812e+01 5.7820326972e+01 5.4450630166e+01 8.5349083352e-01 1.0539114464e-01 5.0332161069e+02 9.9913554502e+00 -8.3393030463e-01 1.0328766005e+01 7.5833706308e-03 9.1864883518e-03
7.7082110687e+01 3.9741692670e+01 4.7666548594e+01 5.1557608264e-01 3.0918024216e-02 1.4020903337e+02 2.4700476696e+01 2.2302092200e-01 1.0498907697e+01 6.1306651008e-03 6.5505756001e-03
6.1504607019e+01 5.4626271873e+01 5.0442428062e+01 8.8816552972e-01 5.2977104918e-02 2.4409860380e+02 9.8564643753e+01 -9.5516600639e-01 8.6140689595e+00 3.4754895699e-03 3.5299058880e-03
7.1262850656e+01 5.1254871282e+01 5.2470985404e+01 7.1923689286e-01 1.0689302909e-01 5.1099871695e+02 1.0080578265e+01 9.4139958494e-01 1.0868538957e+01 7.7285523922e-03 9.3416989308e-03
7.8639954970e+01 6.4381294191e+01 6.1881618190e+01 8.1868427080e-01 5.0490386918e-02 2.3222961741e+02 1.8515582767e+01 -9.3137956848e-01 2.2386514636e+01 5.7345340143e-03 6.2825611456e-03
3.8713134678e+01 3.5600462819e+01 3.2312810396e+01 9.1959649135e-01 2.5787093158e-02 1.1650011750e+02 1.7605306754e+02 9.0662120211e-01 8.7239264793e+00 3.7543470634e-03 3.7868435137e-03
3.3003367579e+01 3.2832655031e+01 2.8656677678e+01 9.9482742035e-01 1.9420238812e-02 8.7322424579e+01 1.4407354551e+02 -8.8625822586e-01 1.1211596064e+01 4.3799052953e-03 4.4263960120e-03
2.6622445449e+01 2.4515656997e+01 2.2236476281e+01 9.2086420251e-01 2.3239404828e-02 1.0479242424e+02 1.7475075959e+00 -7.2020016221e-01 8.0940158169e+00 2.6783145210e-02 1.0000000000e+00
4.5908697890e+01 3.4556717398e+01 3.4604662860e+01 7.5272702094e-01 6.5431234604e-02 3.0413598264e+02 6.6166225629e+00 -8.1245561241e-01 9.9494344359e+00 1.2023186340e-02 1.7025712984e-02
3.6557461123e+01 3.2096396169e+01 2.9807557517e+01 8.7797114960e-01 3.0792793662e-02 1.3962830537e+02 8.0565658728e+01 8.4301409580e-01 8.8072651880e+00 5.2775019735e-03 5.3792518951e-03
4.4103129872e+01 4.2141417280e+01 3.7528464900e+01 9.5551987812e-01 3.2668310422e-02 1.4833636994e+02 1.1402450298e+02 -8.3103635391e-01 8.9730477146e+00 4.0072403461e-03 4.0612636216e-03
2.3627506348e+01 2.1323478963e+01 1.9535193942e+01 9.0248537652e-01 1.2619769491e-02 5.6455803934e+01 1.5036017234e+02 -6.5269384667e-01 8.6914564030e+00 5.4995968780e-03 5.5554861629e-03
4.3219338949e+01 3.0761226650e+01 3.1650861265e+01 7.1174681052e-01 1.2141784155e-02 5.4297923436e+01 2.0377072263e+02 -8.1936270923e-01 1.5333135946e+01 3.6305779809e-03 3.6576698188e-03
2.8395217351e+01 2.4309377615e+01 2.2858184105e+01 8.5610817183e-01 2.3130655485e-02 1.0429363255e+02 3.0615911730e+01 -7.8297332397e-01 1.0438363122e+01 8.9966852994e-03 9.4816675286e-03
3.2911052963e+01 3.2404413157e+01 2.8429181543e+01 9.8460578560e-01 1.4734171654e-02 6.6019721064e+01 2.5342691171e+02 8.8928290445e-01 1.1132680110e+01 3.5719310517e-03 3.5933051542e-03
3.0018309247e+01 2.9951865952e+01 2.6103515675e+01 9.9778657439e-01 2.2908351026e-02 1.0327425100e+02 3.5975287374e+00 -1.6083453575e-01 8.4751525003e+00 1.8485632361e-02 1.0000000000e+00
3.4859865168e+01 1.5076241965e+01 1.9619518492e+01 4.3248136193e-01 2.2067661636e-02 9.9422217883e+01 5.9334343691e+01 -9.8568909443e-01 9.4512559252e+00 7.7281571442e-03 7.9330960367e-03
4.7327868006e+01 4.5873159521e+01 4.0562173330e+01 9.6926317314e-01 5.4413308994e-02 2.5097161085e+02 4.3460509251e+01 -9.1385393935e-01 9.4391935849e+00 5.4097554012e-03 5.6092161547e-03
3.2313801034e+01 1.7716109598e+01 2.0644667734e+01 5.4825210997e-01 1.6915983723e-02 7.5919922907e+01 1.5229576331e+02 -9.8860707083e-01 9.9488954722e+00 5.2735698514e-03 5.3264684285e-03
4.5678503884e+01 3.5274146759e+01 3.4886292548e+01 7.7222640324e-01 4.8951415318e-02 2.2490409469e+02 6.0601565794e+00 8.7958896255e-01 1.4676964530e+01 1.2484119904e-02 1.8710129229e-02
5.6042708541e+01 5.4996643811e+01 4.8330111638e+01 9.8133450796e-01 7.2281016557e-02 3.3757549238e+02 2.1406154511e+01 8.0153781910e-01 9.7764901997e+00 6.2573397652e-03 6.7620467707e-03
5.3228033310e+01 3.8966870241e+01 3.9551247322e+01 7.3207420634e-01 1.8510621497e-02 8.3175872591e+01 1.2008708510e+02 -3.5915079641e-01 9.0947090688e+00 3.8362423694e-03 3.8852877287e-03
4.4574097213e+01 2.6265964762e+01 2.9582151808e+01 5.8926521017e-01 1.2712286633e-02 5.6873652717e+01 1.8669113033e+02 5.5076214752e-01 1.0597171266e+01 3.9122532569e-03 3.9441579094e-03
3.3455386669e+01 2.3782392514e+01 2.4484791087e+01 7.1086885797e-01 2.0145414967e-02 9.0632136990e+01 4.2100785107e+01 5.0173567152e-01 8.5851917206e+00 7.6619244789e-03 7.9541992951e-03
3.3674465325e+01 2.8321708416e+01 2.6864521920e+01 8.4104404161e-01 2.5522607321e-02 1.1528269573e+02 3.2209723650e+01 -6.0512253401e-01 9.3155800825e+00 7.9679737859e-03 8.3742025137e-03
4.1009938366e+01 3.5118977534e+01 3.3017840011e+01 8.5635284844e-01 5.1889779778e-02 2.3890396702e+02 2.6156561578e+00 8.6738122072e-01 1.1093554337e+01 1.7675784137e-02 1.0000000000e+00
3.2710609122e+01 3.2187602231e+01 2.8247486439e+01 9.8401109289e-01 3.6630541235e-02 1.6680892585e+02 6.4275556603e+01 9.4144257846e-01 8.3332656163e+00 5.9193793110e-03 6.0637376276e-03
2.6379804998e+01 2.6135822653e+01 2.2858458580e+01 9.9075116951e-01 1.1074784355e-02 4.9486452703e+01 8.6183759711e+01 7.7489038560e-01 1.6266799191e+01 6.1481197320e-03 6.2586707197e-03
7.6014785353e+01 6.5874117041e+01 6.1571260198e+01 8.6659610673e-01 2.2175739355e-01 1.1366457070e+03 3.3131065779e+00 -9.5123113310e-01 9.0885210570e+00 9.9794263876e-03 1.0000000000e+00
6.9895633736e+01 5.8415495874e+01 5.5581978652e+01 8.3575314726e-01 1.0288945609e-01 4.9056409089e+02 1.7633499370e+01 -9.2450910018e-01 9.9783400647e+00 6.0586736599e-03 6.6723181653e-03
2.5898011959e+01 2.4003041680e+01 2.1701896137e+01 9.2682950792e-01 2.8034546369e-02 1.2686374140e+02 1.6560868770e+01 -9.8926191035e-01 1.1640536322e+01 1.1666718147e-02 1.2941138794e-02
3.2097115923e+01 1.5936967831e+01 1.9454188600e+01 4.9652335960e-01 1.2191540963e-02 5.4522480668e+01 1.0377482181e+02 -8.0003567181e-01 1.1888190109e+01 6.3381695623e-03 6.4322881553e-03
3.2633466103e+01 2.6250667459e+01 2.5449688724e+01 8.0440941752e-01 2.7310858047e-02 1.2352297486e+02 9.2221632121e+01 -9.8583396512e-01 9.2157720065e+00 5.5493641057e-03 5.6424129062e-03
7.5019581030e+01 6.0389183322e+01 5.8526279832e+01 8.0497894674e-01 8.9347849769e-02 4.2216815568e+02 2.1093879731e+01 -9.4560962427e-01 1.1687476716e+01 5.5276257457e-03 5.9811137778e-03
6.4920667847e+01 4.8161127229e+01 4.8570126482e+01 7.4184583779e-01 9.0432894396e-02 4.2760717514e+02 2.2452553593e+01 8.2645917363e-01 8.0200642185e+00 6.0633966335e-03 6.5263363613e-03
4.7005487319e+01 4.4731711469e+01 3.9916214679e+01 9.5162743800e-01 1.0344222558e-01 4.9337971760e+02 8.5698568579e+00 9.3895545517e-01 8.2610976971e+00 9.7637985871e-03 1.2360055651e-02
2.9023842814e+01 2.5736701069e+01 2.3784341087e+01 8.8674340039e-01 2.9012855544e-02 1.3138540674e+02 1.3450812050e+01 -7.8588659883e-01 1.0759507281e+01 1.1904059827e-02 1.3588604782e-02
3.9683057454e+01 3.4220949628e+01 3.2063041147e+01 8.6235667875e-01 6.6760954132e-02 3.1060432368e+02 5.9710701324e+00 7.1156281053e-01 8.0585814795e+00 1.3095023699e-02 1.9843239509e-02
4.8648968758e+01 3.4776022785e+01 3.5706961559e+01 7.1483576472e-01 5.2900037642e-02 2.4373016931e+02 2.1684302128e+01 6.9630129399e-01 8.0720035672e+00 7.6103332770e-03 8.2150979788e-03
2.9290125117e+01 2.8731941733e+01 2.5254169051e+01 9.8094294982e-01 1.9846078966e-02 8.9265539716e+01 3.5442314402e+01 -6.5310195857e-01 1.1424907932e+01 8.0178447773e-03 8.3861085981e-03
3.3147977044e+01 3.0473529499e+01 2.7663497210e+01 9.1931792574e-01 6.1244934813e-02 2.8384505582e+02 3.0606134641e+00 -9.2890521525e-01 8.1518884694e+00 1.8510402641e-02 1.0000000000e+00
3.8621191357e+01 3.3439008110e+01 3.1268593015e+01 8.6582021255e-01 3.7587018940e-02 1.7128356333e+02 1.2180213641e+01 9.2939339089e-01 1.4338199525e+01 1.0359579077e-02 1.2027516384e-02
2.3356347931e+01 1.9894599279e+01 1.8753613215e+01 8.5178553334e-01 1.8818268719e-02 8.4577686215e+01 3.2034848990e+01 8.0124895874e-01 1.0012936119e+01 1.0036301248e-02 1.0551042224e-02
2.8460153861e+01 2.7367596231e+01 2.4294855109e+01 9.6161097246e-01 1.4711114887e-02 6.5915268585e+01 1.3849875654e+02 6.8643235095e-01 1.0152841555e+01 4.9427436103e-03 4.9973634398e-03
3.5808840285e+01 3.0153191761e+01 2.8584810812e+01 8.4205999191e-01 1.7470996468e-02 7.8443426774e+01 2.4584223460e+02 7.9728646621e-01 8.6789237533e+00 3.5945018143e-03 3.6166821071e-03
2.6825824945e+01 2.2830074325e+01 2.1529903174e+01 8.5104835999e-01 1.8133014848e-02 8.1456147031e+01 4.3391476130e+01 8.0732157780e-01 1.1583597938e+01 8.2198702171e-03 8.5234569885e-03
3.4378580410e+01 3.4175625321e+01 2.9839794286e+01 9.9409646687e-01 4.1011354403e-02 1.8735234884e+02 3.0151289376e+00 -7.9188946416e-01 1.1618733072e+01 1.7969002854e-02 1.0000000000e+00
2.7034766959e+01 1.7296704667e+01 1.8732216587e+01 6.3979484985e-01 1.7457581157e-02 7.8382406464e+01 1.7690943916e+01 6.5811191462e-01 1.0456006577e+01 1.2558801298e-02 1.3825864445e-02
5.7392658056e+01 5.7176050625e+01 4.9868819986e+01 9.9622586863e-01 2.9132160200e-02 1.3193725470e+02 8.1989422307e+01 4.5046479893e-01 9.5728961526e+00 3.8047305614e-03 3.8767670270e-03
3.7616436834e+01 3.7606398409e+01 3.2742640447e+01 9.9973313726e-01 1.7905689661e-02 8.0421303536e+01 5.3044983579e+00 -2.0259739721e-01 1.6667340532e+01 1.3912841825e-02 2.3543235190e-02
7.8848537408e+01 6.0241536879e+01 5.9890037237e+01 7.6401590771e-01 1.2704533310e-01 6.1531506346e+02 1.7206609057e+01 9.2621742234e-01 9.0025118763e+00 5.7573817742e-03 6.3579047480e-03
3.5642152229e+01 2.1255579517e+01 2.3803626757e+01 5.9636071865e-01 2.2962069039e-02 1.0352054599e+02 7.4446302595e+01 9.3915014675e-01 1.0310496101e+01 6.2865938597e-03 6.4181483690e-03
3.5215788357e+01 2.6568458213e+01 2.6575822210e+01 7.5444735027e-01 1.0226883489e-02 4.5668431014e+01 1.6758451638e+02 -7.1562092776e-01 1.5331312449e+01 4.3628171794e-03 4.4025206388e-03
8.2311467012e+01 7.0995423885e+01 6.6512318056e+01 8.6252166876e-01 4.8299896619e-02 2.2180745382e+02 1.6980901389e+01 2.5853364631e-01 1.1774053864e+01 5.6698059938e-03 6.2706730457e-03
3.9494058578e+01 3.6009031424e+01 3.2822599862e+01 9.1175819149e-01 3.6333832904e-02 1.6542206572e+02 2.2862156322e+01 -6.2366822151e-01 9.4819561931e+00 7.9424847090e-03 8.5364751653e-03
3.9677014589e+01 2.7498599110e+01 2.8659420562e+01 6.9306119411e-01 2.7493598540e-02 1.2436623466e+02 8.2204349297e+01 7.8052717865e-01 8.7427630758e+00 5.3787469525e-03 5.4803093175e-03
4.7892148551e+01 3.2681808061e+01 3.4316524696e+01 6.8240429902e-01 2.7776509224e-02 1.2567216662e+02 1.0290326409e+02 -7.7870339887e-01 9.5963104268e+00 4.4170627571e-03 4.4832248098e-03
3.7604794430e+01 3.3454183593e+01 3.0866856398e+01 8.8962548791e-01 1.0038114869e-02 4.4819080941e+01 1.9763560105e+02 -6.6002530835e-01 1.5414458259e+01 3.7353168620e-03 3.7640677993e-03
7.1992999553e+01 6.2679783502e+01 5.8451368931e+01 8.7063719933e-01 2.0020609013e-01 1.0136846797e+03 4.6497599145e+00 -8.2828923412e-01 8.1862783315e+00 9.1802122842e-03 1.9202458238e-02
3.6274607227e+01 3.1707293064e+01 2.9510629334e+01 8.7409059638e-01 2.4609422839e-02 1.1108288787e+02 3.4400729201e+01 9.2211173631e-01 1.5270658717e+01 7.3345312672e-03 7.6825205778e-03
4.3520148127e+01 3.4697792453e+01 3.3785787833e+01 7.9728112027e-01 2.6177427053e-02 1.1829765982e+02 2.8729902566e+01 -2.4965750750e-01 8.0200451770e+00 7.2039819880e-03 7.6206062701e-03
3.5374599208e+01 2.1463376705e+01 2.3839987583e+01 6.0674543841e-01 2.6716326353e-02 1.2078102158e+02 5.6543313453e+01 9.0395880172e-01 9.2703431193e+00 6.9471226199e-03 7.1409154136e-03
2.9213930605e+01 2.6557133635e+01 2.4242696750e+01 9.0905718898e-01 4.4610243426e-02 2.0432238255e+02 3.9325037964e+00 8.0142108651e-01 8.7521248775e+00 1.8480354839e-02 1.0000000000e+00
2.9472777982e+01 1.0318749157e+01 1.4786682753e+01 3.5011118272e-01 1.0073494046e-02 4.4978248603e+01 1.4223924641e+02 7.9181360005e-01 9.3673015946e+00 6.6934283802e-03 6.7654104935e-03
7.2099447611e+01 4.1903135777e+01 4.7503339129e+01 5.8118525406e-01 3.3118888898e-02 1.5043185615e+02 1.1826789532e+02 -7.9406263506e-01 9.9907058947e+00 3.4103514905e-03 3.4546386870e-03
2.9031835242e+01 1.8798608602e+01 2.0242271034e+01 6.4751705998e-01 2.3165909810e-02 1.0445532208e+02 1.2281069936e+01 8.6781501121e-01 1.2050073860e+01 1.3671899443e-02 1.5849297322e-02
6.4021715594e+01 6.3735793945e+01 5.5609518829e+01 9.9553398958e-01 5.7102946302e-02 2.6387847687e+02 1.1626368042e+01 -3.9295528092e-01 1.0713650402e+01 7.2708921895e-03 8.5164788086e-03
2.8947248612e+01 2.2417387751e+01 2.2140250657e+01 7.7442205481e-01 1.1587303533e-02 5.1796624231e+01 9.5279398724e+01 5.0668911371e-01 1.0531294800e+01 6.0385118870e-03 6.1364155883e-03
3.9846646492e+01 3.3761233116e+01 3.1908117678e+01 8.4727915870e-01 2.3812559885e-02 1.0742256322e+02 4.4088626232e+01 8.1951697158e-01 1.4495070821e+01 6.3675484277e-03 6.5987515788e-03
3.4490749155e+01 2.7094871904e+01 2.6574063763e+01 7.8556924879e-01 1.4958803903e-02 6.7037543242e+01 9.0855661419e+01 5.1582253961e-01 1.0352923952e+01 5.4729597317e-03 5.5661505819e-03
8.2154058597e+01 5.1712495184e+01 5.6441726961e+01 6.2945758331e-01 2.5067548835e-02 1.1318915581e+02 2.5059424788e+02 -9.0003453086e-01 8.1231465518e+00 2.3218603470e-03 2.3359129439e-03
3.8457797859e+01 2.7114318806e+01 2.8026316729e+01 7.0504085818e-01 4.6301692142e-02 2.1232714946e+02 2.0299834511e+01 9.0546427090e-01 8.6791446303e+00 9.1116433170e-03 9.8932207328e-03
2.7252906634e+01 2.5979793397e+01 2.3162925690e+01 9.5328523106e-01 2.9622352510e-02 1.3420564083e+02 4.3879010711e+01 9.6397569859e-01 9.2027295840e+00 7.7652389197e-03 8.0486305327e-03
4.2352015851e+01 3.2028919070e+01 3.2000553824e+01 7.5625488956e-01 5.5402855587e-02 2.5571480800e+02 2.7446322483e+00 -9.7908648521e-01 1.1381483847e+01 1.7665638240e-02 1.0000000000e+00
2.7167331153e+01 2.0945797703e+01 2.0731637607e+01 7.7099210021e-01 2.0609022853e-02 9.2749882682e+01 5.5920167418e+00 -3.8160870501e-01 8.9637640468e+00 1.8119634656e-02 2.9023998903e-02
2.9111003594e+01 1.9794992757e+01 2.0820688794e+01 6.7998317863e-01 2.1827014860e-02 9.8320439747e+01 3.0748601313e+01 7.8377467012e-01 9.8035938847e+00 9.5294083000e-03 1.0040666522e-02
4.1594076728e+01 3.7252475122e+01 3.4257481520e+01 8.9561971445e-01 4.5971016478e-02 2.1076077466e+02 1.0938408667e+01 -6.2956650669e-01 9.7531065576e+00 1.0136569724e-02 1.2023374176e-02
3.0971935176e+01 2.7852018997e+01 2.5561372643e+01 8.9926634674e-01 2.5421894794e-02 1.1481924010e+02 2.2945923758e+01 -9.4848485884e-01 1.4084144630e+01 9.3347338395e-03 1.0029934567e-02
3.6437453156e+01 2.7595741258e+01 2.7551992607e+01 7.5734550215e-01 2.2008887936e-02 9.9153092652e+01 3.9478326491e+00 9.8906813393e-01 2.6231840310e+01 1.7269565619e-02 1.0000000000e+00
6.7216507359e+01 4.3720958486e+01 4.6976831577e+01 6.5044972142e-01 6.7484597943e-02 3.1412913688e+02 8.1266352265e+00 -9.3039117369e-01 1.5474998379e+01 9.1844016621e-03 1.1841831455e-02
4.3385632828e+01 4.0602676108e+01 3.6533946607e+01 9.3585533876e-01 4.0094123803e-02 1.8304073298e+02 2.2668968613e+01 5.5492760027e-01 9.0657806201e+00 7.4349501716e-03 7.9964062625e-03
5.0626785099e+01 1.4965125545e+01 2.3136964072e+01 2.9559699505e-01 1.0778086263e-02 4.8149897904e+01 5.4534641551e+02 8.6667525456e-01 8.0173589568e+00 3.0553938536e-03 3.0638404789e-03
3.1139841681e+01 3.0614556934e+01 2.6878996324e+01 9.8313142528e-01 4.3993586472e-02 2.0140866434e+02 2.4757217303e+01 9.4700519842e-01 8.5820631082e+00 8.6938723275e-03 9.2878035186e-03
3.5767891180e+01 2.9218553942e+01 2.8114261253e+01 8.1689339176e-01 1.9077256641e-02 8.5758269729e+01 2.4468536759e+02 -9.0027332882e-01 8.7991367595e+00 3.6348301978e-03 3.6573665956e-03
4.0020871425e+01 3.7631497701e+01 3.3780951989e+01 9.4029680916e-01 3.8356973634e-02 1.7488993807e+02 2.2107750129e+01 9.1215436923e-01 1.3028065220e+01 7.8900532182e-03 8.5032501011e-03
3.2704153791e+01 3.0263925406e+01 2.7383743326e+01 9.2538475691e-01 3.6093393756e-02 1.6429863837e+02 3.3367416353e+01 9.5485940345e-01 9.9473947101e+00 7.7200026662e-03 8.0986711633e-03
7.3234385310e+01 5.2386161752e+01 5.3770841865e+01 7.1532192877e-01 7.6217346480e-02 3.5692532100e+02 5.1800822645e+01 9.3566885292e-01 8.6792678935e+00 4.1929070203e-03 4.3211885242e-03
3.4978030005e+01 3.2064520960e+01 2.9148885550e+01 9.1670459872e-01 3.8006763672e-02 1.7324911749e+02 5.2740270522e+01 -9.9859236843e-01 9.3833071006e+00 6.2460222084e-03 6.4335240790e-03
3.4663606281e+01 2.6034760635e+01 2.6098827569e+01 7.5106901526e-01 3.0828666886e-02 1.3979464869e+02 3.7195091106e+01 8.2951373347e-01 9.3095215420e+00 7.6622965175e-03 7.9962868497e-03
5.3747982090e+01 3.8696536253e+01 3.9595362302e+01 7.1996258739e-01 3.3118628028e-02 1.5043064254e+02 1.2050751344e+02 9.4783229177e-01 1.0190245633e+01 3.7946251001e-03 3.8429651585e-03
3.0853124411e+01 2.0302237274e+01 2.1693398681e+01 6.5802856800e-01 1.0786385117e-02 4.8187274232e+01 8.5669626256e+01 6.3769426061e-01 1.3398447594e+01 6.3678643387e-03 6.4830768037e-03
4.9032695404e+01 1.8161392989e+01 2.5369665498e+01 3.7039352699e-01 2.7302886051e-02 1.2348619294e+02 5.6293514541e+01 8.8005864953e-01 9.5550077522e+00 6.6909930056e-03 6.8785124179e-03
3.1516928027e+01 2.4575062397e+01 2.4190393625e+01 7.7974167963e-01 1.9111849135e-02 8.5915991718e+01 1.2288408277e+02 -6.9735551474e-01 8.2346054069e+00 5.1694505994e-03 5.2340017046e-03
6.2818630370e+01 5.0261144407e+01 4.8855730886e+01 8.0009933535e-01 1.6003125765e-02 7.1773861457e+01 6.9950006540e+01 -9.6089444491e-01 3.3461895239e+01 4.1232886062e-03 4.2153493958e-03
3.1151328074e+01 2.6299225472e+01 2.4899628731e+01 8.4424090716e-01 3.0909212518e-02 1.4016816777e+02 3.9735498608e+01 8.8889621242e-01 9.1713543043e+00 7.6974244545e-03 8.0098612496e-03
4.2572819549e+01 3.3952504357e+01 3.3055330309e+01 7.9751599065e-01 2.4047885084e-02 1.0850307251e+02 8.7235544120e+01 -7.7049315366e-01 1.1286472061e+01 4.8215268129e-03 4.9071443162e-03
4.6562344017e+01 3.8803709023e+01 3.6973265066e+01 8.3337103924e-01 2.1606072306e-02 9.7309214185e+01 1.3051189502e+02 -8.9462071497e-01 1.3398001400e+01 3.8709709613e-03 3.9164216156e-03
3.1409119347e+01 2.6296634157e+01 2.4999408392e+01 8.3722927304e-01 2.4779148321e-02 1.1186305123e+02 3.3480497244e+01 8.9837881493e-01 1.2108882983e+01 8.2181445086e-03 8.6197602054e-03
3.8609267467e+01 3.4757128077e+01 3.1881726443e+01 9.0022759708e-01 3.5374036799e-02 1.6093977354e+02 1.4628963603e+01 4.4246299343e-01 8.4107679989e+00 9.5678910172e-03 1.0785423671e-02
7.0042861509e+01 6.7839139050e+01 6.0007427563e+01 9.6853751529e-01 2.7503256055e-02 1.2441080560e+02 2.1929946626e+02 -8.4762594130e-01 8.0315537956e+00 2.3457893881e-03 2.3620386536e-03
4.4181289682e+01 2.9359239841e+01 3.1223714482e+01 6.6451749265e-01 2.0277631569e-02 9.1235952361e+01 9.2171032921e+01 8.0638318637e-01 1.2836540746e+01 4.9056435637e-03 4.9879453564e-03
6.4650237010e+01 3.6980148123e+01 4.2239478376e+01 5.7200328774e-01 7.2876937169e-02 3.4049862864e+02 2.6225767794e+00 7.9792690065e-01 1.1055280220e+01 1.4953053206e-02 1.0000000000e+00
6.3689659603e+01 6.1882173282e+01 5.4651519901e+01 9.7162041165e-01 3.8440447993e-02 1.7528115419e+02 8.9292186275e+01 -8.9677951386e-01 1.2538558713e+01 3.4603959619e-03 3.5203826768e-03
8.1258388192e+01 4.8239757564e+01 5.4139131194e+01 5.9365880419e-01 9.5300599052e-02 4.5209644454e+02 4.2158961757e+01 9.9777502241e-01 8.1836674263e+00 4.4610197741e-03 4.6309400333e-03
3.8495858848e+01 3.6620772541e+01 3.2684187126e+01 9.5129122032e-01 1.8670033252e-02 8.3902163374e+01 1.6437444214e+00 7.2560581452e-01 1.9732184667e+01 2.1602343712e-02 1.0000000000e+00
4.6898386784e+01 4.4573766925e+01 3.9800136743e+01 9.5043283963e-01 9.2510349996e-02 4.3804103611e+02 3.1655921965e+00 7.4504078600e-01 8.2346559437e+00 1.4299020964e-02 1.0000000000e+00
3.7634210721e+01 3.1087929592e+01 2.9749894625e+01 8.2605504397e-01 1.1362860792e-02 5.0784735140e+01 2.3173055334e+02 6.7631926695e-01 1.2369167331e+01 3.5979633504e-03 3.6215333109e-03
5.8807612155e+01 5.4198639346e+01 4.9139718435e+01 9.2162625483e-01 8.5475122166e-02 4.0281437726e+02 5.0246689044e+00 -7.1537465919e-01 1.2142607709e+01 1.0582727493e-02 1.9210739054e-02
4.0260851355e+01 3.9842932762e+01 3.4866627753e+01 9.8961972785e-01 3.2381002440e-02 1.4700089444e+02 2.2965022837e+01 -7.4572150820e-01 1.3209993194e+01 7.6535767927e-03 8.2230325797e-03
2.3201940674e+01 2.1678848178e+01 1.9521995719e+01 9.3435495260e-01 3.6578122666e-02 1.6656387160e+02 3.7173195367e+00 -9.3315643475e-01 8.1718687152e+00 2.1714789577e-02 1.0000000000e+00
2.8848403794e+01 2.2160343334e+01 2.1973034241e+01 7.6816532007e-01 1.2866933614e-02 5.7572235861e+01 3.4917130385e+02 -8.3011471682e-01 8.2573086841e+00 3.7250299824e-03 3.7411594702e-03
3.1984097132e+01 2.7695270619e+01 2.5896375430e+01 8.6590753225e-01 1.8852559132e-02 8.4733971683e+01 2.8376404437e+02 -9.3922536913e-01 8.0308112390e+00 3.6200767566e-03 3.6394003236e-03
4.3839800130e+01 4.2585061139e+01 3.7613848080e+01 9.7137899836e-01 4.1029091914e-02 1.8743578128e+02 6.8733384556e+01 7.9306060278e-01 8.5481656123e+00 4.8136687263e-03 4.9231263268e-03
2.6191047056e+01 1.8989109041e+01 1.9364439195e+01 7.2502290573e-01 3.0610691351e-02 1.3878403164e+02 1.9608059165e+01 9.2280961774e-01 8.2472189745e+00 1.1740741741e-02 1.2789473748e-02
6.4450170780e+01 4.5539913617e+01 4.7021779209e+01 7.0659104649e-01 1.2304092502e-01 5.9439464788e+02 7.7745044348e+00 8.6365418545e-01 8.2647879298e+00 9.0413717062e-03 1.1855342768e-02
3.7840060660e+01 3.1452731433e+01 3.0007409301e+01 8.3120192949e-01 2.2013904617e-02 9.9176063176e+01 1.3708154601e+01 -4.2506123929e-01 1.2333997722e+01 1.0265386457e-02 1.1683317257e-02
3.3685726811e+01 3.3441086326e+01 2.9218409644e+01 9.9273756253e-01 2.1650685752e-02 9.7513378043e+01 8.0205145594e+00 -9.0790780354e-01 2.4499406669e+01 1.2764256663e-02 1.6537343623e-02
3.0212772718e+01 2.6749381633e+01 2.4739180942e+01 8.8536665875e-01 1.5183170967e-02 6.8054500970e+01 1.8650665428e+02 7.2478514342e-01 9.3153545868e+00 4.3697268428e-03 4.4053979962e-03
2.9879792243e+01 1.8114887737e+01 2.0128402682e+01 6.0625882502e-01 1.7209437887e-02 7.7253929233e+01 8.5477466270e+00 8.5777350540e-01 1.7062341840e+01 1.5774807550e-02 1.9986412063e-02
4.5821987863e+01 3.7007756089e+01 3.5808220871e+01 8.0764187272e-01 3.7793592498e-02 1.7225074931e+02 1.8823661201e+01 -9.0996732889e-01 1.4827671136e+01 8.0834754938e-03 8.8410502183e-03
2.0962585566e+01 1.5925732326e+01 1.5876281321e+01 7.5972175646e-01 1.6025166516e-02 7.1873901574e+01 8.1273479481e+00 -5.0347044428e-01 8.5667612941e+00 1.8659785241e-02 2.4058071151e-02
3.5354134461e+01 2.8170110534e+01 2.7437804279e+01 7.9679819526e-01 2.4568600265e-02 1.1089527051e+02 1.0646317332e+02 8.7381465271e-01 9.4303125774e+00 5.0253286346e-03 5.0980174753e-03
4.5598651115e+01 4.3805184597e+01 3.8905882957e+01 9.6066843043e-01 3.1416990676e-02 1.4252389978e+02 1.0476103889e+02 -9.9876978486e-01 1.1951660234e+01 4.0475278528e-03 4.1070503869e-03
3.3833869927e+01 3.3629666172e+01 2.9365048250e+01 9.9396451676e-01 3.1171818732e-02 1.4138626352e+02 4.9010174567e+01 9.2299014671e-01 1.0887398386e+01 6.4170777759e-03 6.6252631852e-03
3.4028673632e+01 3.3425878738e+01 2.9359892424e+01 9.8228567764e-01 4.1323580236e-02 1.8882127340e+02 7.1115585811e+00 -8.4318898239e-01 1.2573514892e+01 1.3155166352e-02 1.7935620167e-02
7.3042008695e+01 6.6498994101e+01 6.0658588812e+01 9.1042121225e-01 3.3020016467e-02 1.4997192027e+02 1.3318901660e+02 8.2366902840e-01 1.0686214428e+01 2.7997511961e-03 2.8319494458e-03
3.4272244142e+01 3.2885594251e+01 2.9224668957e+01 9.5954014900e-01 3.8385636510e-02 1.7502426616e+02 3.6118707049e+00 8.1586537650e-01 1.3408833575e+01 1.7039368664e-02 1.0000000000e+00
3.3541618721e+01 2.6849276231e+01 2.6092498515e+01 8.0047646044e-01 1.0813324147e-02 4.8308605272e+01 2.7940674893e+02 -7.8567783755e-01 1.2045082156e+01 3.6420027350e-03 3.6617495356e-03
7.3001554488e+01 6.8055833516e+01 6.1353495620e+01 9.3225184029e-01 1.2606775588e-01 6.1019914173e+02 3.1399472702e+00 -5.0815138166e-01 8.8271793878e+00 1.0738594993e-02 1.0000000000e+00
4.9841646521e+01 4.0267478309e+01 3.8955997941e+01 8.0790826788e-01 1.9477907173e-02 8.7585495508e+01 1.7436694307e+01 -2.8406031683e-01 1.5328809454e+01 7.9804354612e-03 8.7996618506e-03
3.2803291208e+01 3.2220498839e+01 2.8301884328e+01 9.8223372268e-01 2.9519917423e-02 1.3373148723e+02 1.2862819999e+01 5.4110640117e-01 1.0070438367e+01 1.0855213148e-02 1.2482453423e-02
7.9967085580e+01 7.3650759553e+01 6.6798200845e+01 9.2101342720e-01 1.1885013754e-01 5.7260201875e+02 1.0583672749e+01 -6.1385097371e-01 9.0444593273e+00 6.4821886175e-03 7.7452372708e-03
3.9960495982e+01 3.2695946762e+01 3.1435476393e+01 8.1820673039e-01 5.5648893465e-02 2.5689511461e+02 5.2349341505e+00 -7.6512117315e-01 1.0259638665e+01 1.4019800053e-02 2.4097228914e-02
4.1775378068e+01 4.1606253431e+01 3.6293873545e+01 9.9595157136e-01 2.9340441222e-02 1.3290089077e+02 4.5652029761e+01 5.1552828253e-01 9.4700276383e+00 5.7793365431e-03 5.9815254615e-03
3.5984988027e+01 3.5143196037e+01 3.0957738424e+01 9.7660713436e-01 6.2272454695e-02 2.8881513864e+02 2.4351866640e+00 9.1738954039e-01 8.5307030787e+00 1.8786372535e-02 1.0000000000e+00
2.6691161957e+01 2.4285473527e+01 2.2159206274e+01 9.0986947538e-01 2.8774449202e-02 1.3028293063e+02 3.3943014883e+01 9.8629411293e-01 9.7812436091e+00 8.7946357416e-03 9.2180368429e-03
2.5440277853e+01 2.5249845293e+01 2.2063970787e+01 9.9251452514e-01 2.4332624914e-02 1.0981096251e+02 7.1376656976e+01 -9.1896854683e-01 8.8090126265e+00 6.6912805986e-03 6.8375697811e-03
3.1687911367e+01 2.9411849624e+01 2.6573066149e+01 9.2817255400e-01 1.6839908825e-02 7.5574189698e+01 1.3652513806e+02 8.3037741169e-01 1.1537431423e+01 4.6925304729e-03 4.7451504443e-03
7.1975556963e+01 5.1567739614e+01 5.2890057668e+01 7.1646183497e-01 5.5841677930e-02 2.5782022143e+02 2.2004107656e+01 7.5901781936e-01 1.3221874702e+01 5.9104943499e-03 6.3723315880e-03
4.2850107002e+01 3.9753300273e+01 3.5924891700e+01 9.2772931166e-01 8.4447921658e-02 3.9769651905e+02 4.3386606627e+00 8.7936313319e-01 9.8618392748e+00 1.3607700943e-02 3.5410442598e-02
4.2331906820e+01 3.1894866091e+01 3.1924275709e+01 7.5344742269e-01 4.0254089622e-02 1.8379228856e+02 3.5350315365e+00 -4.7803160838e-01 9.7577681308e+00 1.6236239739e-02 1.0000000000e+00
6.4304006187e+01 5.6541163786e+01 5.2470572770e+01 8.7927902379e-01 8.7686154576e-02 4.1385258874e+02 2.1673987873e+01 7.7399645109e-01 8.6368691752e+00 5.8638324824e-03 6.3300648229e-03
2.9151423267e+01 2.8238602311e+01 2.4976667515e+01 9.6868691631e-01 1.2048124121e-02 5.3875271836e+01 3.9612400464e+02 9.7448126026e-01 1.0405332824e+01 3.2811363042e-03 3.2936479109e-03
3.2727227436e+01 2.6945203119e+01 2.5827338839e+01 8.2332679026e-01 1.2426467624e-02 5.5582951632e+01 2.4773085654e+01 6.2536749996e-01 1.9825858132e+01 9.0839813688e-03 9.7041141041e-03
3.1606422852e+01 2.5871949594e+01 2.4869199662e+01 8.1856620456e-01 1.4629453630e-02 6.5545352859e+01 4.0423006173e+01 -3.1061745855e-01 9.5460909111e+00 7.7304400858e-03 8.0384816784e-03
4.2529454094e+01 4.0655105011e+01 3.6197151324e+01 9.5592821202e-01 6.3184866115e-02 2.9323406127e+02 2.1112000177e+01 -8.3454257106e-01 8.1360544886e+00 7.5756558660e-03 8.1965475914e-03
3.3973231403e+01 2.1243016571e+01 2.3259396848e+01 6.2528690070e-01 2.9384755591e-02 1.3310595316e+02 6.5729204679e+01 -9.3182531461e-01 8.0834564632e+00 6.6569644601e-03 6.8155612380e-03
3.8023159834e+01 2.4519424329e+01 2.6454522103e+01 6.4485498933e-01 2.2244975156e-02 1.0023427685e+02 1.4620579292e+02 -7.8157199147e-01 8.0275057880e+00 4.5711419698e-03 4.6189413137e-03
3.9489736598e+01 3.4024134089e+01 3.1892527077e+01 8.6159435387e-01 3.2530448177e-02 1.4769548599e+02 2.9789496959e+01 9.9637980610e-01 1.4325787174e+01 7.3392584111e-03 7.7470220340e-03
3.7361516057e+01 3.2282916691e+01 3.0217676855e+01 8.6406870218e-01 1.8233801468e-02 8.1915064271e+01 1.5471178985e+02 -7.4670664944e-01 1.0424759192e+01 4.1283983903e-03 4.1691514203e-03
3.0464591935e+01 2.5264343540e+01 2.4130475536e+01 8.2930188572e-01 4.5621465381e-02 2.0910575753e+02 1.5684555540e+01 9.7611296007e-01 8.3093735962e+00 1.1025693871e-02 1.2312703949e-02
2.9890963816e+01 2.1967113292e+01 2.2254839338e+01 7.3490816245e-01 2.7463047253e-02 1.2422523977e+02 8.3769421595e+00 9.5970460518e-01 1.3871535636e+01 1.4834383508e-02 1.8922892337e-02
2.8550911448e+01 2.4011198941e+01 2.2776434286e+01 8.4099588150e-01 1.6833964644e-02 7.5547177149e+01 1.0209042787e+02 -7.4821461229e-01 9.8412006824e+00 5.7622420440e-03 5.8492595809e-03
3.8064421239e+01 3.4911606510e+01 3.1729073803e+01 9.1717160996e-01 2.3910094509e-02 1.0787035457e+02 2.0707183358e+01 -8.6899626351e-01 1.8638680779e+01 8.4830269140e-03 9.1940638655e-03
3.5723453537e+01 3.5630562675e+01 3.1058607921e+01 9.9739972338e-01 2.4885111327e-02 1.1235021949e+02 1.0196495758e+02 7.9846926210e-01 9.9362504471e+00 4.7256973874e-03 4.7971519884e-03
6.1865769196e+01 4.8199198134e+01 4.7463997920e+01 7.7909316832e-01 5.1586623302e-02 2.3745700639e+02 8.0802186326e+01 -8.4448241269e-01 8.3827248484e+00 3.8927473720e-03 3.9675717876e-03
3.8896114172e+01 3.5442915840e+01 3.2316031133e+01 9.1121996615e-01 1.3511372159e-02 6.0485069779e+01 4.8111451883e+02 -9.9280697668e-01 8.8493984330e+00 2.5944685878e-03 2.6026040623e-03
2.7824240985e+01 2.7588353421e+01 2.4119470385e+01 9.9152222824e-01 1.5596884936e-02 6.9930568475e+01 8.2699469270e+01 -9.3830426597e-01 1.4883552977e+01 6.0211093898e-03 6.1340966141e-03
4.1956474266e+01 3.2617922716e+01 3.2154015822e+01 7.7742287184e-01 9.9140132086e-02 4.7151513973e+02 4.3753426429e+00 9.9520546313e-01 8.0909289448e+00 1.4416539892e-02 3.6210131221e-02
3.2557781426e+01 3.0707286789e+01 2.7523581953e+01 9.4316275386e-01 4.1192748544e-02 1.8820567423e+02 2.4597702863e+01 9.8545872366e-01 9.8258360354e+00 8.6012729887e-03 9.1931880192e-03
4.0123642605e+01 2.2236379028e+01 2.5780860058e+01 5.5419641846e-01 1.9388585647e-02 8.7178038917e+01 1.0216862255e+02 -8.9644056567e-01 1.1578244471e+01 5.3229628638e-03 5.4032834614e-03
3.7113551526e+01 2.9229754834e+01 2.8632231090e+01 7.8757633350e-01 3.2846753619e-02 1.4916608886e+02 8.1642525693e+01 9.3958470797e-01 8.7100165179e+00 5.3783016490e-03 5.4805790717e-03
4.3621496839e+01 3.2008910379e+01 3.2452158237e+01 7.3378752905e-01 4.4203381794e-02 2.0239967561e+02 1.4290126128e+01 -5.9442150693e-01 8.4297171360e+00 9.4954225230e-03 1.0739771862e-02
5.8375457694e+01 4.3686797077e+01 4.3870771381e+01 7.4837609507e-01 5.6636311017e-02 2.6163590152e+02 3.6774314294e+01 7.1185770413e-01 8.3997249154e+00 5.4768206986e-03 5.7185067311e-03
3.4626299368e+01 3.0579455915e+01 2.8316809173e+01 8.8312804062e-01 4.9250924351e-02 2.2632856616e+02 4.9074254846e+00 -6.2478934491e-01 8.5046252323e+00 1.5391229133e-02 2.8984401155e-02
2.9607327803e+01 2.9308904435e+01 2.5644384807e+01 9.8992062471e-01 4.6343573914e-02 2.1252558929e+02 1.3916576310e+01 9.1725103509e-01 8.5929849145e+00 1.1096332662e-02 1.2599939530e-02
5.4795768786e+01 4.4562047389e+01 4.2972130791e+01 8.1323883899e-01 3.9618270571e-02 1.8080605146e+02 8.7624063453e+01 8.5715637401e-01 9.7431604987e+00 4.0471469801e-03 4.1186844755e-03
4.3280303734e+01 4.2100712857e+01 3.7159989733e+01 9.7274531887e-01 4.2397766756e-02 1.9387982151e+02 7.5358373850e+01 -8.3246117937e-01 8.2351263671e+00 4.6819660762e-03 4.7787105720e-03
3.3158555060e+01 2.7306593259e+01 2.6170790847e+01 8.2351577775e-01 1.8916265253e-02 8.5024345959e+01 3.7171254194e+00 -1.5702079087e-01 1.0406602402e+01 1.8275570746e-02 1.0000000000e+00
4.4433834602e+01 4.1547238497e+01 3.7400120550e+01 9.3503607937e-01 4.1083132672e-02 1.8768998698e+02 5.1864226550e+01 -8.8664282778e-01 1.0393041582e+01 5.3687263829e-03 5.5327697011e-03
4.2785442522e+01 3.8000201597e+01 3.5089915216e+01 8.8815726465e-01 3.7639931898e-02 1.7153127747e+02 2.2227942867e+00 5.4450837329e-01 1.0590794534e+01 1.8241703563e-02 1.0000000000e+00
3.5964647301e+01 1.7395331232e+01 2.1495224027e+01 4.8367862714e-01 2.8423527101e-02 1.2866082300e+02 5.0134903182e+01 -9.3723611831e-01 8.2036540571e+00 7.7454550573e-03 7.9907657772e-03
7.7716406784e+01 3.8798705081e+01 4.7241264638e+01 4.9923441763e-01 4.7365616516e-02 2.1737163661e+02 3.6125094220e+01 9.9056353360e-01 1.4797329764e+01 5.2933423125e-03 5.5314844642e-03
5.4390155889e+01 4.9926280875e+01 4.5356461202e+01 9.1792862254e-01 5.7341781108e-02 2.6502681695e+02 4.6153660535e+01 -7.6265253191e-01 8.4192236221e+00 4.9239012944e-03 5.0941697194e-03
7.7923499395e+01 4.6818608778e+01 5.2245580063e+01 6.0082785221e-01 1.4164158070e-01 6.9236604146e+02 8.8191454462e+00 -8.9382711245e-01 8.2334089170e+00 7.9918756919e-03 1.0024665654e-02
3.4894541349e+01 2.2073068563e+01 2.4035132698e+01 6.3256508639e-01 1.1317209065e-02 5.0578957988e+01 2.9893542167e+02 -9.7601972277e-01 1.2754714457e+01 3.7367627488e-03 3.7556874384e-03
3.9253682167e+01 3.0893744145e+01 3.0272495271e+01 7.8702792806e-01 3.2225158790e-02 1.4627672293e+02 2.0177483963e+00 -5.7256572936e-01 9.4381067188e+00 2.0812845071e-02 1.0000000000e+00
3.4066634249e+01 3.2397010028e+01 2.8919026204e+01 9.5098945761e-01 1.7579437638e-02 7.8936721727e+01 8.8510354260e+01 4.9101545787e-01 9.4745004130e+00 5.2339307390e-03 5.3254894673e-03
7.1079987498e+01 6.7775130688e+01 6.0419655595e+01 9.5350510141e-01 6.3694762059e-02 2.9570584999e+02 5.7496189046e+00 1.6513877650e-01 1.0449196370e+01 8.9548652335e-03 1.3990070507e-02
8.1571666609e+01 7.1763237643e+01 6.6578899213e+01 8.7975691348e-01 9.9614197292e-02 4.7391898055e+02 5.0389511952e+00 6.8638786362e-01 1.5212920072e+01 8.6732645418e-03 1.5679671866e-02
7.5101938544e+01 7.2475048829e+01 6.4224402152e+01 9.6502234476e-01 5.4639817053e-02 2.5205677968e+02 1.6060830828e+00 6.9190577246e-01 1.9970932355e+01 1.3979933126e-02 1.0000000000e+00
3.7566587091e+01 3.5484962029e+01 3.1782039695e+01 9.4458839031e-01 3.3083527745e-02 1.5026735537e+02 5.5296910355e+01 -7.8096522150e-01 9.3231604620e+00 5.8305519128e-03 5.9970585417e-03
4.1921142542e+01 2.9964218463e+01 3.0767594816e+01 7.1477580634e-01 4.3003558663e-02 1.9673591391e+02 1.0494372701e+01 -8.4442204060e-01 1.1685645440e+01 1.1029986361e-02 1.3204811430e-02
4.3927470442e+01 2.9534832683e+01 3.1234137518e+01 6.7235450587e-01 4.0950809206e-02 1.8706757604e+02 4.3085437861e+00 -9.2441886067e-01 1.6682998772e+01 1.5275993790e-02 4.1057226928e-02
7.2149715785e+01 4.2608803458e+01 4.7938384091e+01 5.9056093285e-01 5.3291768272e-02 2.4560330590e+02 5.7060427202e+00 9.9007760257e-01 2.3783678653e+01 1.0441792543e-02 1.6421184449e-02
6.7077812506e+01 6.1899606026e+01 5.6086369603e+01 9.2280299123e-01 1.1177613961e-01 5.3605325469e+02 6.2558807678e+00 6.0545782110e-01 9.0913248641e+00 8.8412952778e-03 1.2960761400e-02
7.5909972898e+01 6.1215878279e+01 5.9275317027e+01 8.0642734995e-01 6.7079752549e-02 3.1215675897e+02 2.7193719345e+01 -4.9977051381e-01 8.5542306301e+00 5.0504001106e-03 5.3608988853e-03
3.3814672999e+01 1.8938666220e+01 2.1848556956e+01 5.6007243426e-01 1.1125433727e-02 4.9714675287e+01 4.2360964679e+02 7.9714441405e-01 8.2244682282e+00 3.4806967026e-03 3.4931024507e-03
4.1078948051e+01 3.4875460373e+01 3.2928576805e+01 8.4898620895e-01 3.6498185554e-02 1.6619020408e+02 1.7653549741e+01 -9.1462383860e-01 1.4101866648e+01 8.7326345159e-03 9.6159060153e-03
2.9167843747e+01 2.2908767216e+01 2.2470621462e+01 7.8541175053e-01 2.1369496974e-02 9.6226798967e+01 1.5191802342e+02 -9.9542799885e-01 8.7166994461e+00 4.9925051952e-03 5.0427112740e-03
4.0132253983e+01 1.8434691075e+01 2.3331740395e+01 4.5934851013e-01 1.0991565173e-02 4.9111510238e+01 2.2335932971e+02 7.1160517122e-01 1.1073989849e+01 4.2472716523e-03 4.2761510156e-03
4.7039388481e+01 3.2653662891e+01 3.4005726070e+01 6.9417702791e-01 3.6730782492e-02 1.6727759880e+02 6.6836524882e+01 -9.1114041740e-01 9.8176988903e+00 5.1943267616e-03 5.3159379720e-03
3.9570513711e+01 2.8061291470e+01 2.8923937205e+01 7.0914650427e-01 4.4569488383e-02 2.0412973804e+02 1.7319198074e+01 7.4627893549e-01 8.2081642594e+00 9.4918553135e-03 1.0474173118e-02
6.3189760230e+01 5.9010593134e+01 5.3153457562e+01 9.3386322276e-01 2.9923651554e-02 1.3560070037e+02 1.5006119800e+01 -6.7052886756e-01 2.4961687678e+01 6.9081179596e-03 7.7597469669e-03
4.6178587540e+01 2.8427907663e+01 3.1358551736e+01 6.1560799449e-01 2.4839796026e-02 1.1214187187e+02 7.0641457609e+01 5.5405417582e-01 8.6007573158e+00 5.3906469202e-03 5.5097776584e-03
6.7134528318e+01 5.8122248916e+01 5.4351653959e+01 8.6575790986e-01 3.2077920081e-02 1.4559268320e+02 8.0003385166e+01 9.6970694894e-01 1.7208155696e+01 3.6322591332e-03 3.7027987614e-03
6.4147422922e+01 3.2521091952e+01 3.9314213377e+01 5.0697425509e-01 1.0179132465e-01 4.8497605687e+02 4.5404101514e+00 9.3617034798e-01 9.9388800313e+00 1.2520004902e-02 2.7812744375e-02
4.8562732728e+01 4.8543460591e+01 4.2267924648e+01 9.9960314966e-01 2.5183227333e-02 1.1372121588e+02 1.2782361476e+02 6.4177211262e-01 9.7035978543e+00 3.5804187430e-03 3.6233616068e-03
2.0494924550e+01 1.7688882724e+01 1.6566554364e+01 8.6308601334e-01 1.1846014635e-02 5.2963430389e+01 4.0870790277e+01 4.7961396913e-01 8.6628340890e+00 9.9408660096e-03 1.0332328157e-02
2.2660678308e+01 1.4236849960e+01 1.5552944899e+01 6.2826230384e-01 1.7950382310e-02 8.0624728897e+01 1.3785185875e+01 7.8825320209e-01 9.6288007142e+00 1.5485633662e-02 1.7609430510e-02
6.7398765875e+01 6.6553089020e+01 5.8304536994e+01 9.8745263590e-01 1.1366165755e-01 5.4576584239e+02 1.7649113129e+01 -8.1246956765e-01 8.5139079668e+00 5.8427176422e-03 6.4338631481e-03
5.7918571272e+01 3.6707046888e+01 3.9933614958e+01 6.3376989594e-01 9.6110903301e-02 4.5618713098e+02 2.4929981694e+00 -9.2578602706e-01 8.7660526169e+00 1.5574148295e-02 1.0000000000e+00
3.2931276128e+01 2.4772967455e+01 2.4814778619e+01 7.5226260161e-01 1.2329183656e-02 5.5143761886e+01 2.0384344927e+02 7.9658487043e-01 1.1997251261e+01 4.2258527203e-03 4.2573751695e-03
3.6718581123e+01 3.4723697903e+01 3.1082508136e+01 9.4567101563e-01 5.1350925892e-02 2.3633243460e+02 4.0220085740e+00 -9.9960348548e-01 1.4219261107e+01 1.5625710454e-02 1.1016253730e-01
4.7102175344e+01 3.2450666160e+01 3.3917794889e+01 6.8894198459e-01 7.6721636335e-02 3.5941126098e+02 4.3970751313e+00 6.9048671220e-01 8.0088196047e+00 1.4097833581e-02 3.4734542171e-02
5.5590223606e+01 2.3260471373e+01 3.0733290025e+01 4.1842737561e-01 2.0977081129e-02 9.4432178855e+01 5.3374709981e+01 8.9518142341e-01 1.6103789999e+01 6.0782598874e-03 6.2584369190e-03
1.7272094039e+01 1.1990230340e+01 1.2486529514e+01 6.9419668008e-01 1.1203187761e-02 5.0065063162e+01 6.5639609289e+01 9.1850448170e-01 9.4903311047e+00 9.9353549310e-03 1.0172394110e-02
3.7901065738e+01 3.3300333724e+01 3.0914505127e+01 8.7861206738e-01 3.5795291992e-02 1.6290631306e+02 1.5089547193e+01 -7.6374432643e-01 1.1719056799e+01 9.6387234629e-03 1.0818833030e-02
2.8889408222e+01 2.6060155638e+01 2.3880121964e+01 9.0206609419e-01 1.3545485711e-02 6.0639339140e+01 5.7225019355e+01 7.9507976301e-01 1.6137138616e+01 6.9646796826e-03 7.1565291132e-03
5.5893810830e+01 4.8296687262e+01 4.5206721838e+01 8.6407934161e-01 7.2352742942e-02 3.3792720994e+02 2.1104225526e+01 7.5851163029e-01 8.6239631112e+00 6.5587229238e-03 7.0964972072e-03
3.9133619014e+01 3.6070331016e+01 3.2701822267e+01 9.2172234322e-01 1.8367560056e-02 8.2524219185e+01 7.2622906246e+00 9.3099083456e-01 3.5321642798e+01 1.2372866152e-02 1.6703286528e-02
8.2049828235e+01 8.1764256513e+01 7.1304091861e+01 9.9651953297e-01 3.5875517643e-02 1.6328096086e+02 1.5284928915e+02 7.6405965415e-01 8.1031763881e+00 2.3991543848e-03 2.4231312719e-03
4.2374674539e+01 2.3720938343e+01 2.7372118870e+01 5.5979045505e-01 5.3739797856e-02 2.4774685291e+02 6.8046739439e+00 7.5267777088e-01 8.0766245322e+00 1.3870492210e-02 1.9339209826e-02
3.7252983827e+01 3.7087673258e+01 3.2358554446e+01 9.9556248782e-01 2.8611313541e-02 1.2952874891e+02 3.2291072733e+01 -5.9099396756e-01 1.0302547325e+01 7.0731775550e-03 7.4327916081e-03
4.7205013390e+01 4.1257379210e+01 3.8400963479e+01 8.7400418402e-01 2.0461910542e-02 9.2077723576e+01 1.2931355453e+02 8.8583404557e-01 1.4526455922e+01 3.7961415628e-03 3.8411356951e-03
5.7154386259e+01 4.5587871055e+01 4.4380225582e+01 7.9762681465e-01 3.3365461874e-02 1.5157914639e+02 1.1896054705e+02 7.2060980560e-01 8.6758340313e+00 3.5501154871e-03 3.5959428441e-03
3.6970521943e+01 3.1232285437e+01 2.9560730215e+01 8.4478886948e-01 2.8087760484e-02 1.2710953041e+02 8.3317235672e+00 -4.2036061058e-01 1.0719244696e+01 1.2443121210e-02 1.5902196882e-02
2.7961297239e+01 2.3636500468e+01 2.2364441792e+01 8.4532918005e-01 1.7701845942e-02 7.9493646957e+01 9.7728912457e+01 -9.7600920712e-01 1.1866846558e+01 5.9214143608e-03 6.0149429234e-03
7.1248909956e+01 6.4334002174e+01 5.8923737316e+01 9.0294717791e-01 7.0630757474e-02 3.2949219877e+02 2.3491208074e+01 9.8960016540e-01 1.4902206237e+01 5.3441050406e-03 5.7315879178e-03
1.6885765237e+01 1.4229786153e+01 1.3484534912e+01 8.4270898913e-01 1.2266325442e-02 5.4860021437e+01 5.8755844893e+01 -7.9157740375e-01 8.5717110546e+00 9.8643815808e-03 1.0128673814e-02
6.2492093350e+01 5.7595382708e+01 5.2218945958e+01 9.2164271703e-01 5.2055629784e-02 2.3969581599e+02 8.4839538120e+01 8.3222787407e-01 8.6140053510e+00 3.5998104091e-03 3.6655998614e-03
3.3680236715e+01 3.2937038703e+01 2.8994687870e+01 9.7793370580e-01 3.9846235773e-02 1.8187642794e+02 4.5018499450e+00 -7.5670043029e-01 1.2736356949e+01 1.5752314939e-02 3.5863346438e-02
7.5161052746e+01 4.8611543148e+01 5.2373844857e+01 6.4676506478e-01 1.3553389018e-01 6.5997355558e+02 4.1897199172e+00 -6.4827029909e-01 8.5153851340e+00 1.0584120427e-02 3.3781723039e-02
4.3573269392e+01 3.3629935315e+01 3.3269068545e+01 7.7180197363e-01 3.8565960084e-02 1.7586947246e+02 7.8667121389e+01 9.1680084498e-01 8.6683467469e+00 4.9482492477e-03 5.0460379349e-03
2.4962377174e+01 2.3788759924e+01 2.1212785314e+01 9.5298455584e-01 1.1730581482e-02 5.2442762810e+01 1.1539049011e+02 8.5306636555e-01 1.4036280445e+01 5.7718877618e-03 5.8487571759e-03
4.0192377219e+01 2.8687046491e+01 2.9476764900e+01 7.1374346272e-01 2.9968474023e-02 1.3580828615e+02 1.1753440563e+02 -8.8864163871e-01 8.1661609534e+00 4.6149714523e-03 4.6752850059e-03
3.1354390620e+01 2.2585653234e+01 2.3104488233e+01 7.2033462579e-01 2.1271161155e-02 9.5776987490e+01 1.2184597804e+01 9.0037733171e-01 1.6277884411e+01 1.2639158354e-02 1.4673149786e-02
3.2117183215e+01 2.1718511641e+01 2.2904796675e+01 6.7622716151e-01 2.1066425926e-02 9.4840685945e+01 6.1681841947e+01 -8.8764574245e-01 1.0715767884e+01 6.9182932929e-03 7.0944429342e-03
4.5859345593e+01 4.2951396233e+01 3.8632248325e+01 9.3658981997e-01 2.3031850339e-02 1.0384051910e+02 5.2944476403e+01 5.1282742406e-01 1.2260560700e+01 5.2779288887e-03 5.4357240169e-03
3.6803204129e+01 2.4848551492e+01 2.6225449158e+01 6.7517359099e-01 1.5345142496e-02 6.8788856393e+01 1.4613932667e+02 -7.3221882335e-01 1.0890866224e+01 4.6163389154e-03 4.6646332513e-03
3.8447764385e+01 3.5981875581e+01 3.2376041650e+01 9.3586392230e-01 6.1513441653e-02 2.8514316831e+02 1.5924910420e+01 -9.6712166085e-01 8.9951884141e+00 9.0375057944e-03 1.0072952617e-02
3.5816569053e+01 2.0953970284e+01 2.3680211614e+01 5.8503566474e-01 2.6139890415e-02 1.1812475456e+02 2.9773248572e+01 8.9420166916e-01 1.0998735492e+01 8.8764807503e-03 9.3699487062e-03
7.0498793328e+01 4.7082360496e+01 4.9952405121e+01 6.6784633146e-01 1.0048751991e-01 4.7835090894e+02 2.7011096066e+01 9.7018235674e-01 8.2003974626e+00 5.5271845005e-03 5.8695634279e-03
8.1874756241e+01 8.1352455099e+01 7.1048333907e+01 9.9362073041e-01 1.9830985546e-01 1.0029843983e+03 8.5098415018e+00 9.8931896151e-01 9.9105603131e+00 6.4844522708e-03 8.2277932501e-03
2.7693203009e+01 2.6038373644e+01 2.3374714204e+01 9.4024420490e-01 2.8671557521e-02 1.2980723846e+02 4.6229486912e+01 8.3264957679e-01 8.2556323578e+00 7.5759428451e-03 7.8374614068e-03
3.8391032370e+01 3.4540733226e+01 3.1692278267e+01 8.9970837180e-01 3.5055381289e-02 1.5945296986e+02 3.8848944152e+01 7.7597815592e-01 9.7015881386e+00 6.6597109572e-03 6.9366771009e-03
5.9666079416e+01 5.8775412899e+01 5.1552904698e+01 9.8507248127e-01 1.3768990358e-01 6.7138337392e+02 6.0853437251e+00 -8.8277456996e-01 9.2887754011e+00 9.2819809478e-03 1.3869345653e-02
3.5727113807e+01 3.1013814644e+01 2.8963658848e+01 8.6807500913e-01 3.6905376804e-02 1.6809406244e+02 7.9160642123e+00 -8.4390726709e-01 1.3429463767e+01 1.2778633329e-02 1.6638214643e-02
5.9614580131e+01 5.0876908191e+01 4.7913528600e+01 8.5343062182e-01 1.5145210183e-02 6.7882417668e+01 1.4888704424e+02 -4.9438473745e-02 8.3819672629e+00 3.1458133342e-03 3.1781047490e-03
2.7644389147e+01 1.4053945677e+01 1.6967560976e+01 5.0838329625e-01 1.7314971406e-02 7.7733812119e+01 4.6975616834e+01 7.2660563076e-01 8.0167607405e+00 9.2639622070e-03 9.5783491608e-03
7.9528040357e+01 3.7179120184e+01 4.6673689543e+01 4.6749699875e-01 9.4507913125e-02 4.4809858124e+02 1.0179217431e+01 -7.9446317005e-01 8.9702287121e+00 8.3434553663e-03 1.0060945344e-02
8.5552043916e+01 3.9557029553e+01 4.9913115110e+01 4.6237386908e-01 1.0312882869e-01 4.9178314955e+02 1.2098303286e+01 -8.6618696594e-01 9.2274156725e+00 7.4623136525e-03 8.6745591042e-03
3.5501062506e+01 3.3657657474e+01 3.0090247036e+01 9.4807465179e-01 4.5179295429e-02 2.0701335055e+02 3.2633950199e+00 -5.4538766313e-01 8.3226844608e+00 1.7309490355e-02 1.0000000000e+00
3.5763846482e+01 2.4865897440e+01 2.5875685814e+01 6.9528028681e-01 5.2262806329e-02 2.4068522612e+02 1.0376280888e+01 8.9334037483e-01 8.1013992744e+00 1.2274958779e-02 1.4734075711e-02
4.0742721244e+01 3.6101702683e+01 3.3375221668e+01 8.8608962733e-01 1.5102183927e-02 6.7687383299e+01 2.1824051817e+02 7.2931671817e-01 1.1106905172e+01 3.4167348180e-03 3.4405188263e-03
6.5464241067e+01 4.6584574690e+01 4.7936498628e+01 7.1160337202e-01 5.4868572033e-02 2.5315304651e+02 1.5833570767e+01 8.6653021962e-01 1.4880121889e+01 7.1148091275e-03 7.9357302920e-03
3.6228836837e+01 3.3260072653e+01 3.0213667908e+01 9.1805521670e-01 3.7208974426e-02 1.6951426442e+02 2.1006943406e+01 -8.7137199380e-01 1.1314997450e+01 8.6296085341e-03 9.3409773672e-03
3.6689356688e+01 2.2834758974e+01 2.5057822405e+01 6.2238101279e-01 1.0714578286e-02 4.7863886371e+01 4.4173411920e+02 -8.7566258702e-01 9.8334141596e+00 3.1459584186e-03 3.1567081597e-03
3.1618322373e+01 2.4727760606e+01 2.4305324310e+01 7.8207060813e-01 3.3033817506e-02 1.5003611624e+02 4.4876808607e+01 9.4040497628e-01 8.5163918408e+00 7.4563713960e-03 7.7220373949e-03
3.4424766819e+01 3.0012389544e+01 2.7968918654e+01 8.7182549997e-01 2.2225589748e-02 1.0014548556e+02 1.5137416466e+02 -9.2062205468e-01 9.7193886174e+00 4.3577500636e-03 4.4017332377e-03
3.4003435662e+01 2.9474530462e+01 2.7545915853e+01 8.6681036456e-01 3.1827650831e-02 1.4443031213e+02 6.8761073275e+01 9.7382619101e-01 9.4098502138e+00 5.8799957742e-03 6.0136443817e-03
7.7388821604e+01 6.3156512416e+01 6.0798734212e+01 8.1609347587e-01 5.1582387254e-02 2.3743679198e+02 7.5340910880e+00 -9.0626957483e-01 2.7980055083e+01 8.1179807521e-03 1.0782772445e-02
6.3956610969e+01 4.9489002468e+01 4.8896631780e+01 7.7379025746e-01 4.5759901227e-02 2.0976111427e+02 4.6749067263e+01 -7.1329407270e-01 1.0702297856e+01 4.7077300966e-03 4.8683178015e-03
2.6147462807e+01 1.9851832724e+01 1.9796474757e+01 7.5922596658e-01 2.4127407817e-02 1.0886828870e+02 1.1710015158e+01 8.5255072697e-01 1.1155490926e+01 1.4104998381e-02 1.6498192824e-02
3.0419221220e+01 1.9773993791e+01 2.1252816278e+01 6.5004931085e-01 2.1770095928e-02 9.8059898131e+01 6.0964976476e+01 9.7657682762e-01 1.0407233409e+01 7.2783769067e-03 7.4659783222e-03
4.1440578068e+01 2.0803989621e+01 2.5265224930e+01 5.0201977364e-01 3.5095404302e-02 1.5963967536e+02 5.2308776242e+00 7.8640830733e-01 1.1902879355e+01 1.6274796418e-02 2.7999510948e-02
2.9960054575e+01 2.3728781028e+01 2.3180031416e+01 7.9201394537e-01 1.4942297614e-02 6.6962740757e+01 1.0334402319e+01 8.4099855979e-01 2.2586560477e+01 1.3469194477e-02 1.6182999438e-02
5.2374639094e+01 3.8405734173e+01 3.8950395886e+01 7.3328876032e-01 5.6379620004e-02 2.6040287797e+02 2.5466940982e+01 9.2158532107e-01 1.0350901034e+01 6.7720790417e-03 7.2202045392e-03
6.1719077264e+01 4.3959290024e+01 4.5215239697e+01 7.1224801103e-01 4.8052394972e-02 2.2063180614e+02 6.3197554869e+01 8.7009887385e-01 9.9165479981e+00 4.4092603650e-03 4.5187096289e-03
2.1258735273e+01 2.0117786041e+01 1.8001959085e+01 9.4633033352e-01 1.2195889670e-02 5.4542107589e+01 6.8672246774e+01 -5.9148080772e-01 9.4753618725e+00 7.7671655076e-03 7.9439463017e-03
4.0944640810e+01 3.2543562411e+01 3.1736115536e+01 7.9481860794e-01 1.3149215087e-02 5.8847792944e+01 2.5210384358e+02 7.8306439660e-01 1.2006468763e+01 3.3443479439e-03 3.3644663990e-03
3.7735794071e+01 2.6547767829e+01 2.7469383713e+01 7.0351687258e-01 1.7520731417e-02 7.8669659509e+01 3.2532227120e+01 2.7196951363e-01 9.1448451775e+00 7.8669783613e-03 8.2637039838e-03
3.3254396861e+01 2.1013874761e+01 2.2893064453e+01 6.3191267153e-01 3.8255029086e-02 1.7441222004e+02 5.0281156826e+00 7.2435665293e-01 8.7968435939e+00 1.7534314266e-02 3.1798015380e-02
3.4490844171e+01 2.7505818867e+01 2.6779556402e+01 7.9748175285e-01 3.5079541722e-02 1.5956567591e+02 2.5338287825e+00 8.3657530012e-01 1.0813147027e+01 2.0595321642e-02 1.0000000000e+00
6.3900070210e+01 5.7399165052e+01 5.2707514106e+01 8.9826450680e-01 4.2583683096e-02 1.9475609736e+02 7.1453404399e+01 8.1616818948e-01 1.1437069349e+01 3.8385966948e-03 3.9224248308e-03
3.6546506138e+01 3.4829292022e+01 3.1057329603e+01 9.5301290610e-01 3.6924605186e-02 1.6818399321e+02 4.1054729529e+01 -8.2715575405e-01 9.3696688317e+00 6.5988003356e-03 6.8574052913e-03
4.4953162892e+01 4.3470143538e+01 3.8481983303e+01 9.6700967723e-01 2.3426878118e-02 1.0565247673e+02 3.8966800294e+01 -5.3851020280e-01 1.3708723945e+01 5.9338805200e-03 6.1798561663e-03
3.7089783729e+01 3.4307520656e+01 3.1049157304e+01 9.2498572940e-01 2.7857065727e-02 1.2604411667e+02 1.1642047562e+02 -7.7795212694e-01 8.2297749437e+00 4.4892174252e-03 4.5484625321e-03
3.2205926820e+01 3.1032260214e+01 2.7520330419e+01 9.6355743425e-01 2.0055306205e-02 9.0220689092e+01 4.3909170568e+01 -7.8117062990e-01 1.3778339449e+01 7.0111487037e-03 7.2668321303e-03
3.7027891546e+01 3.4027063302e+01 3.0895355560e+01 9.1895762577e-01 2.6313217735e-02 1.1892323109e+02 1.4607773356e+02 9.9154943738e-01 9.8487828072e+00 4.1396968113e-03 4.1830233166e-03
3.8079876958e+01 2.3150314656e+01 2.5689658856e+01 6.0794089964e-01 2.3681306593e-02 1.0682006555e+02 3.1712941471e+01 -9.4975366268e-01 1.4020725637e+01 8.2509717866e-03 8.6788626455e-03
5.3443779467e+01 4.5226030354e+01 4.2769534321e+01 8.4623562939e-01 9.1428824540e-02 4.3260585386e+02 2.1639013498e+00 -9.2606112841e-01 9.6064514072e+00 1.5776130251e-02 1.0000000000e+00
8.0674462339e+01 5.6103815148e+01 5.8375909340e+01 6.9543463348e-01 8.6418820703e-02 4.0752194564e+02 1.6444386026e+00 -9.6802101470e-01 1.5246439185e+01 1.4438423703e-02 1.0000000000e+00
4.9378257712e+01 4.3346336881e+01 4.0258158902e+01 8.7784257465e-01 1.0255941776e-01 4.8888386549e+02 9.5071298741e+00 -9.3014050387e-01 8.0975638880e+00 9.3458167743e-03 1.1469349922e-02
8.3539034473e+01 5.3413316464e+01 5.7864139510e+01 6.3938153944e-01 7.4655496430e-02 3.4923612682e+02 2.4620859497e+01 9.5961681134e-01 1.3198263171e+01 5.2982544575e-03 5.6624773739e-03
3.0513164798e+01 2.3834983191e+01 2.3441441412e+01 7.8113769413e-01 3.0353671327e-02 1.3759279106e+02 2.9492447637e+01 8.5659493015e-01 9.0231355661e+00 8.9417503267e-03 9.4440824435e-03
8.4268360385e+01 5.9115017990e+01 6.1251631379e+01 7.0150905655e-01 1.6272731940e-01 8.0584267937e+02 2.8823850638e+00 -8.9838355236e-01 1.0662766159e+01 1.0880316602e-02 1.0000000000e+00
3.7539837529e+01 3.2713898183e+01 3.0493054311e+01 8.7144485261e-01 2.8707803032e-02 1.2997480192e+02 7.0904582252e+01 -9.8433292814e-01 1.1718965668e+01 5.4652468002e-03 5.5855596402e-03
4.8369036101e+01 4.6576220003e+01 4.1318481215e+01 9.6293463252e-01 4.4304350682e-02 2.0287672450e+02 1.4536333421e+00 5.0514782081e-01 9.1404361566e+00 1.9237251226e-02 1.0000000000e+00
2.8770741133e+01 2.0155041307e+01 2.0897449733e+01 7.0053952429e-01 2.0187394284e-02 9.0823838259e+01 2.3263097677e+01 9.8826994856e-01 1.4131925144e+01 1.0566645500e-02 1.1341360860e-02
3.2877822872e+01 1.8941901019e+01 2.1562392619e+01 5.7613002822e-01 1.0349335528e-02 4.6219522862e+01 2.2551697708e+01 8.8409455248e-01 2.5841365764e+01 1.0546860671e-02 1.1348058142e-02
1.9607088182e+01 1.5727806886e+01 1.5268908792e+01 8.0214903607e-01 1.3729856719e-02 6.1473242416e+01 7.6953221624e+01 -8.4461559482e-01 8.9216004077e+00 8.2414625901e-03 8.4080960793e-03
8.5982636334e+01 8.5014485894e+01 7.4429388961e+01 9.8874016336e-01 1.3046001640e-01 6.3322907633e+02 1.5782728896e+01 8.4716915602e-01 1.0686202847e+01 5.1817644764e-03 5.7820088039e-03
3.5197659756e+01 3.4441209595e+01 3.0309932447e+01 9.7850850978e-01 3.6171618257e-02 1.6466409289e+02 6.6189579667e+01 8.9658967108e-01 8.6548542272e+00 5.6038850900e-03 5.7364237069e-03
4.2296615750e+01 2.3530601602e+01 2.7232160059e+01 5.5632350685e-01 2.2908026981e-02 1.0327276533e+02 1.3500556215e+02 8.8062449050e-01 9.2343056472e+00 4.6234343617e-03 4.6758752817e-03
4.0333155844e+01 3.5349413077e+01 3.2856967191e+01 8.7643558598e-01 2.9365720848e-02 1.3301786932e+02 5.9467731839e+01 -6.0943559472e-01 8.7092089532e+00 5.5695100608e-03 5.7168573480e-03
5.5196835766e+01 4.7597595295e+01 4.4596995260e+01 8.6232470818e-01 2.5973817735e-02 1.1735988468e+02 2.3929205979e+02 -9.0267538249e-01 8.2986975079e+00 2.7355613678e-03 2.7529089204e-03
8.4471409065e+01 6.3579045891e+01 6.3669625847e+01 7.5266941317e-01 1.0908190408e-01 5.2221180533e+02 5.8187164918e+00 -9.2062379678e-01 1.6097230912e+01 8.4052492351e-03 1.3000166601e-02
4.2171606118e+01 3.6639752677e+01 3.4203129282e+01 8.6882516579e-01 2.2534477107e-02 1.0156058404e+02 1.1514097404e+02 -9.8455117500e-01 1.3963780948e+01 4.2571568792e-03 4.3139791542e-03
6.9373196188e+01 6.3785879011e+01 5.7899604233e+01 9.1946000063e-01 9.1131036739e-02 4.3111058737e+02 2.1423325781e+00 7.9420296628e-01 1.3295600844e+01 1.3106684435e-02 1.0000000000e+00
3.3245124933e+01 3.3057598369e+01 2.8859798040e+01 9.9435927629e-01 1.6893334864e-02 7.5816987900e+01 9.4794645275e+01 3.4846430880e-01 8.0105359343e+00 5.1097115649e-03 5.1929928444e-03
2.9723389808e+01 2.3817326285e+01 2.3134385647e+01 8.0129912632e-01 4.0777152041e-02 1.8625091617e+02 6.9253632399e+00 -8.0398895036e-01 8.7699033445e+00 1.5425702759e-02 2.1310492796e-02
8.1627065929e+01 6.7998275281e+01 6.4803463714e+01 8.3303588715e-01 1.8358100803e-01 9.2053483566e+02 7.3761544347e+00 -9.7225449086e-01 9.8069575637e+00 7.3027572272e-03 9.7895955468e-03
3.3580410851e+01 3.3203728710e+01 2.9068930282e+01 9.8878268218e-01 3.5173191790e-02 1.6000258037e+02 1.4398228052e+01 -9.8559235713e-01 1.4113032287e+01 1.0198318198e-02 1.1522181168e-02
4.0657393649e+01 3.5562914184e+01 3.3087807177e+01 8.7469734266e-01 3.1949538110e-02 1.4499636404e+02 2.4478033911e+01 4.5200437004e-01 8.6071574591e+00 7.7232574848e-03 8.2576907934e-03
3.6150275052e+01 2.9911833347e+01 2.8601071063e+01 8.2743031149e-01 6.4104362223e-02 2.9769263453e+02 3.7393841582e+00 -8.5076631204e-01 8.3631228546e+00 1.6788683280e-02 1.0000000000e+00
6.1810934732e+01 5.5773848080e+01 5.1100756335e+01 9.0232979524e-01 8.4399455685e-02 3.9745520644e+02 3.1654082620e+01 8.1768544248e-01 8.0215528935e+00 5.1820214552e-03 5.4513069287e-03
6.5745162989e+01 5.7369223112e+01 5.3439686818e+01 8.7259990703e-01 6.0412473506e-02 2.7982338340e+02 4.9152871937e+00 -1.7246595810e-01 9.9834284930e+00 1.0274322620e-02 1.9297454064e-02
6.0939187305e+01 4.2860020890e+01 4.4353777526e+01 7.0332445812e-01 8.0133628068e-02 3.7627261395e+02 1.5983840927e+00 -7.9090674521e-01 8.6501654049e+00 1.7389426090e-02 1.0000000000e+00
6.8515174561e+01 4.4551851460e+01 4.7876712492e+01 6.5024794500e-01 8.6936414729e-02 4.1010625810e+02 2.3409583179e+01 -9.5156568843e-01 9.2266291829e+00 6.0352160962e-03 6.4745468378e-03
8.0405481886e+01 5.6522553890e+01 5.8506751571e+01 7.0296890913e-01 6.2046657125e-02 2.8772238796e+02 4.7457282277e+01 7.3112152775e-01 9.5818449985e+00 4.1444192307e-03 4.2835495314e-03
4.5959838724e+01 3.6525077288e+01 3.5621063081e+01 7.9471726407e-01 4.0988220125e-02 1.8724353453e+02 4.9936068977e+01 -8.7060755407e-01 9.8125731042e+00 5.6142911274e-03 5.7928545690e-03
7.9415670783e+01 6.5788324773e+01 6.2869109420e+01 8.2840482394e-01 5.9703750335e-02 2.7640297030e+02 1.7244153032e+01 -1.5951372049e-01 8.0727499111e+00 5.7998455720e-03 6.4032146321e-03
3.0436936055e+01 2.3053585593e+01 2.3015916948e+01 7.5742136303e-01 2.3227257824e-02 1.0473670668e+02 4.3510956970e+00 9.7095502561e-01 1.8599446568e+01 1.8618556872e-02 4.7850440354e-02
2.9388170936e+01 2.2440931723e+01 2.2315844526e+01 7.6360423287e-01 1.5760106416e-02 7.0671043368e+01 2.8444979289e+01 6.2030723591e-01 1.2463318848e+01 9.4306328056e-03 9.9820976934e-03
2.3927671861e+01 1.6273986765e+01 1.7115431290e+01 6.8013247842e-01 1.3927389602e-02 6.2366929157e+01 8.7198749565e+01 -7.3678125902e-01 8.7092083805e+00 7.3216288143e-03 7.4516981501e-03
7.3374125117e+01 4.4830935179e+01 4.9630108750e+01 6.1099106950e-01 3.6097032328e-02 1.6431563641e+02 2.6415936913e+01 -1.5796778322e-01 8.6993401461e+00 5.8110545273e-03 6.1801052552e-03
3.4174383505e+01 3.0737166869e+01 2.8206832382e+01 8.9942125405e-01 1.2112276240e-02 5.4164759244e+01 3.9734501171e+01 -4.8460710765e-01 1.6850717891e+01 7.2026688742e-03 7.4950315446e-03
3.3157599648e+01 2.0554377997e+01 2.2598427750e+01 6.1989945639e-01 2.0128462901e-02 9.0554727604e+01 1.8662279922e+02 -9.6734028595e-01 8.3658764508e+00 4.6089372949e-03 4.6465374149e-03
8.1279952056e+01 7.4942850887e+01 6.7932766958e+01 9.2203365026e-01 1.1153747785e-01 5.3482538917e+02 1.2583062833e+01 -9.0110119314e-01 1.2811453280e+01 6.0359929233e-03 6.9671113159e-03
7.4939983376e+01 6.9985782150e+01 6.3038363065e+01 9.3389108186e-01 9.5930986278e-02 4.5527850364e+02 1.3637152992e+01 -7.4737587604e-01 1.1126063080e+01 6.1912988449e-03 7.0521635712e-03
5.3082500615e+01 4.2473086654e+01 4.1284582885e+01 8.0013349336e-01 4.2644441823e-02 1.9504251892e+02 1.4948103841e+01 -5.4580857627e-01 1.1049842425e+01 8.0398578417e-03 9.0357887538e-03
2.3847608587e+01 1.9610132341e+01 1.8807964068e+01 8.2231022325e-01 1.6684683030e-02 7.4868863861e+01 1.4029347918e+02 -9.2577598198e-01 8.7433418444e+00 5.7653628319e-03 5.8282416053e-03
3.1832199592e+01 2.5695641380e+01 2.4869099043e+01 8.0722167204e-01 2.1301076195e-02 9.5913819210e+01 4.3950448442e+00 4.8316724828e-01 1.3165291501e+01 1.7692974458e-02 4.3668642629e-02
7.0180359595e+01 4.5708263830e+01 4.9081522720e+01 6.5129708788e-01 1.4956219096e-01 7.3469433684e+02 2.9513865416e+00 -9.5572874730e-01 8.8929874287e+00 1.2473961410e-02 1.0000000000e+00
3.5698751532e+01 3.4633420769e+01 3.0609641568e+01 9.7015775852e-01 3.4535404313e-02 1.5702825438e+02 1.1177978555e+02 9.9551704222e-01 8.3945948296e+00 4.5804406971e-03 4.6434630985e-03
5.8107143816e+01 4.7088590692e+01 4.5487022206e+01 8.1037524131e-01 1.0953770458e-01 5.2455038748e+02 6.4545143844e+00 -9.0711698318e-01 9.8090172645e+00 9.9730597431e-03 1.4331451142e-02
6.1308140354e+01 5.4037287999e+01 5.0087220892e+01 8.8140478062e-01 6.6167259491e-02 3.0771495136e+02 2.8113319398e+01 6.7271573275e-01 8.7758541185e+00 5.5444506499e-03 5.8729214909e-03
5.6826045098e+01 5.5696135342e+01 4.8975160498e+01 9.8011634006e-01 5.9599257053e-02 2.7589893910e+02 5.2681453030e+01 9.1232159056e-01 9.7959647307e+00 4.4601621003e-03 4.5942113742e-03
3.0706236251e+01 2.0510634052e+01 2.1759093408e+01 6.6796314223e-01 1.5588354712e-02 6.9891874935e+01 1.2255332966e+02 -7.4388090436e-01 9.4636798248e+00 5.5408291214e-03 5.6102086887e-03
4.4992918084e+01 2.5984729273e+01 2.9545619083e+01 5.7752931749e-01 7.5862230602e-02 3.5517569968e+02 7.3538523353e+00 -9.9023605194e-01 8.1534281616e+00 1.2678607470e-02 1.7019063909e-02
3.7174849265e+01 1.3321561534e+01 1.8889936969e+01 3.5834877069e-01 1.4788158277e-02 6.6264306850e+01 2.5579022866e+01 6.7320117612e-01 1.1679899156e+01 1.0897718226e-02 1.1615292213e-02
4.3700492789e+01 2.4579277249e+01 2.8299245429e+01 5.6244851441e-01 3.6026903938e-02 1.6398803818e+02 1.4198731833e+01 6.3835739298e-01 9.1039686473e+00 1.0419838277e-02 1.1796406984e-02
3.6625781814e+01 3.0305461486e+01 2.8977365914e+01 8.2743521052e-01 5.1156260501e-02 2.3540390606e+02 9.7812712915e+00 -7.3210163571e-01 8.1818501162e+00 1.1700209481e-02 1.4250599033e-02
4.2437514272e+01 3.7332244343e+01 3.4636401624e+01 8.7969912901e-01 5.5372839858e-02 2.5557084137e+02 1.9934060966e+01 -9.5108784303e-01 1.0055750748e+01 7.9934755254e-03 8.6938399338e-03
2.9000398877e+01 1.8741529068e+01 2.0199722568e+01 6.4625073425e-01 1.5410381109e-02 6.9084688388e+01 4.5297187945e+00 2.4238621644e-01 9.5623044598e+00 1.9994113353e-02 4.4710738918e-02
7.3394519496e+01 4.8032957310e+01 5.1458649063e+01 6.5444882860e-01 9.9070093140e-02 4.7116010931e+02 1.3762136600e+01 8.4110225355e-01 9.3200592380e+00 6.9921572542e-03 7.9531478479e-03
5.0297669858e+01 2.5250715574e+01 3.0665347897e+01 5.0202555398e-01 2.9373433067e-02 1.3305355755e+02 1.0489582548e+02 9.5727994699e-01 9.7430952194e+00 4.7002762542e-03 4.7693068107e-03
3.4961203459e+01 2.8602740660e+01 2.7501364733e+01 8.1812803420e-01 2.1525425564e-02 9.6940185247e+01 3.0252890645e+01 -7.6957133827e-01 1.4004574582e+01 8.0585336246e-03 8.4986937133e-03
2.2599617899e+01 2.2554727362e+01 1.9654558696e+01 9.9801365948e-01 2.3952612539e-02 1.0806557889e+02 4.6722430212e+01 9.6517972781e-01 9.0940877293e+00 8.4335269451e-03 8.7213816141e-03
5.3932977212e+01 4.8112890090e+01 4.4331295189e+01 8.9208667084e-01 1.2589545396e-01 6.0929802313e+02 3.5908387768e+00 -8.1781161541e-01 8.3377267887e+00 1.2512439041e-02 1.0000000000e+00
3.3822717131e+01 2.8319249444e+01 2.6921369004e+01 8.3728487376e-01 4.2287803618e-02 1.9336163998e+02 1.0352147268e+01 -9.9809705297e-01 1.1702322825e+01 1.2056779807e-02 1.4480132495e-02
3.3434507963e+01 3.1133596337e+01 2.8083480377e+01 9.3118153171e-01 4.3367139842e-02 1.9845121239e+02 1.3593744246e+01 -7.0533882426e-01 8.2277335198e+00 1.0595306641e-02 1.2074527349e-02
8.1249889401e+01 4.3693234718e+01 5.1380664136e+01 5.3776362085e-01 5.1056323494e-02 2.3492731416e+02 5.0669440149e+01 7.0421984238e-01 9.6659147512e+00 4.4144325860e-03 4.5526834741e-03
4.8558141499e+01 4.7281260889e+01 4.1712079756e+01 9.7370408810e-01 4.5878835074e-02 2.1032424732e+02 6.8792168116e+01 -7.9565212691e-01 8.5298653540e+00 4.4978410869e-03 4.6000260277e-03
6.3948019246e+01 5.2404631796e+01 5.0345748960e+01 8.1948795933e-01 8.3578443478e-02 3.9336958600e+02 2.8151481694e+01 -9.6539408859e-01 9.6998825919e+00 5.4681862012e-03 5.7916505353e-03
2.9025800501e+01 1.9433531261e+01 2.0593306025e+01 6.6952610868e-01 3.6686763930e-02 1.6707178415e+02 9.7255428457e+00 -8.9876990144e-01 8.5261910794e+00 1.4641802075e-02 1.7859980290e-02
5.1409038159e+01 5.0802639823e+01 4.4489277341e+01 9.8820444113e-01 1.2145073857e-01 5.8611322711e+02 8.9356386713e+00 -9.7186743861e-01 8.3529302115e+00 8.8915284611e-03 1.1108227438e-02
6.4895448076e+01 6.2925034320e+01 5.5629163241e+01 9.6963710376e-01 9.7335043745e-02 4.6237459686e+02 2.2904520890e+01 -8.7007925825e-01 9.1171171819e+00 5.5071154174e-03 5.9181027985e-03
4.9491474769e+01 4.8032814557e+01 4.2444214403e+01 9.7052704090e-01 6.3199476569e-02 2.9330486447e+02 5.4272458431e+01 -9.4537426883e-01 8.1686822784e+00 4.8131860451e-03 4.9533744878e-03
1.4528187938e+01 1.1884999590e+01 1.1427788900e+01 8.1806482961e-01 1.1344368538e-02 5.0701378810e+01 2.6849883864e+01 8.7406166634e-01 9.5926727587e+00 1.4681791256e-02 1.5597354768e-02
2.5489830969e+01 2.0685608475e+01 1.9968201297e+01 8.1152395636e-01 1.3583644941e-02 6.0811913232e+01 3.1626954658e+02 9.5644562572e-01 8.6683467921e+00 4.1022784853e-03 4.1219056165e-03
4.6020417931e+01 4.3262701127e+01 3.8840484891e+01 9.4007623295e-01 9.4112917768e-02 4.4610787975e+02 1.1086312678e+01 -9.3184249428e-01 8.0426918688e+00 9.0658562569e-03 1.0722508108e-02
3.2784219066e+01 2.8891791294e+01 2.6781835161e+01 8.8127129811e-01 2.0487604868e-02 9.2195111089e+01 3.4976728386e+01 9.9885517428e-01 1.7467021970e+01 7.7642320578e-03 8.1260103456e-03
2.0679144880e+01 1.8984029181e+01 1.7245472110e+01 9.1802776622e-01 1.4260989044e-02 6.3876807638e+01 1.6281429153e+02 9.6194247170e-01 9.1616962070e+00 5.7646180922e-03 5.8186420847e-03
4.0429446547e+01 3.7327798630e+01 3.3813484836e+01 9.2328245422e-01 1.8754784278e-02 8.4288363770e+01 5.6198478926e+01 -2.5955456556e-01 9.2480467960e+00 5.6240514751e-03 5.7819496369e-03
2.6872370263e+01 2.6205086749e+01 2.3101114064e+01 9.7516841621e-01 1.1022390903e-02 4.9250389556e+01 3.2208697041e+01 -5.4867848734e-02 9.7792752128e+00 8.8345564044e-03 9.2849815806e-03
3.9354295447e+01 3.8192936173e+01 3.3749850514e+01 9.7048964388e-01 6.8003624124e-02 3.1665930764e+02 1.6084759436e+01 9.8556196825e-01 8.7490335948e+00 8.7395167037e-03 9.7286734652e-03
2.8371774059e+01 2.8299381897e+01 2.4667529219e+01 9.9744844431e-01 1.2474547347e-02 5.5800031625e+01 4.5446173415e+02 -9.1832004013e-01 8.5885228259e+00 3.1398987507e-03 3.1503254768e-03
3.1373054585e+01 2.7422122812e+01 2.5522686440e+01 8.7406607914e-01 2.8462422440e-02 1.2884057340e+02 4.2489773417e+01 -8.5920222609e-01 9.7629808138e+00 7.4023110257e-03 7.6819146357e-03
3.6414004486e+01 1.5249668183e+01 2.0140963667e+01 4.1878580504e-01 1.1249262238e-02 5.0272710637e+01 1.3338890508e+02 5.6004688558e-01 9.3644191056e+00 5.6482552251e-03 5.7131129984e-03
3.3824591415e+01 3.1343109323e+01 2.8341204405e+01 9.2663674599e-01 2.0545057519e-02 9.2457606095e+01 2.3388170373e+01 -7.6057329926e-01 1.6124391006e+01 8.7149639681e-03 9.3500272995e-03
4.6126784504e+01 3.9554442468e+01 3.7163099970e+01 8.5751571225e-01 2.2904184455e-02 1.0325514824e+02 1.1363514751e+02 9.6880037154e-01 1.4675899159e+01 4.0610345324e-03 4.1159753058e-03
4.1204707035e+01 4.0388402429e+01 3.5513330781e+01 9.8018904479e-01 4.6154495464e-02 2.1162980746e+02 4.3673029328e+01 8.7243072712e-01 9.0993479608e+00 5.8965600938e-03 6.1128390589e-03
4.1723315703e+01 3.9479969317e+01 3.5329594480e+01 9.4623278740e-01 1.8395141228e-02 8.2649842454e+01 8.4494181497e+01 -8.8714634206e-01 1.8155131376e+01 4.6970624542e-03 4.7832678711e-03
4.2114008739e+01 4.0755700790e+01 3.6065321295e+01 9.6774688543e-01 2.7308689021e-02 1.2351296717e+02 1.0451529974e+02 6.0089771865e-01 8.2504504118e+00 4.2582785047e-03 4.3210515665e-03
6.2146177644e+01 5.0720351725e+01 4.8825305916e+01 8.1614595857e-01 4.2339901937e-02 1.9360713416e+02 4.8602752955e+01 9.8319959985e-01 1.5217332620e+01 4.6533311176e-03 4.8056391654e-03
6.1615501200e+01 5.7755802714e+01 5.1926778283e+01 9.3735832039e-01 7.0119383775e-02 3.2699086185e+02 3.7003111069e+00 9.8923767554e-01 2.2063300825e+01 1.1569554803e-02 1.0000000000e+00
4.9882025768e+01 4.9543002761e+01 4.3276955385e+01 9.9320350364e-01 4.3010918664e-02 1.9677062832e+02 4.4307484878e+01 -6.1091714066e-01 9.0138485080e+00 5.1927911944e-03 5.3803451176e-03
8.0374353051e+01 6.6620999523e+01 6.3646783363e+01 8.2888380427e-01 2.4287096057e-01 1.2594702011e+03 4.2889901132e+00 -8.3583347383e-01 8.1265300405e+00 8.7783125171e-03 2.4138654608e-02
3.5065656060e+01 3.1883321816e+01 2.9101711345e+01 9.0924640799e-01 2.8358417228e-02 1.2835994743e+02 3.2458825453e+01 5.2252166060e-01 8.3565620292e+00 7.5445188053e-03 7.9259254128e-03
3.3953772719e+01 2.4903285802e+01 2.5253821315e+01 7.3344679569e-01 3.9851465798e-02 1.8190098870e+02 2.2306252683e+01 9.5237242059e-01 9.0106698405e+00 9.4232183432e-03 1.0148093057e-02
2.6545894043e+01 1.3854463095e+01 1.6522478415e+01 5.2190606475e-01 2.4054494096e-02 1.0853342347e+02 9.3888263212e+00 -9.1571122916e-01 9.6404251464e+00 1.7157048951e-02 2.1128151865e-02
3.7766959817e+01 2.2502711995e+01 2.5210901029e+01 5.9583064415e-01 1.8270212647e-02 8.2080873945e+01 5.4574202135e+01 -5.3452837705e-01 9.5247453478e+00 6.8335022289e-03 7.0313744020e-03
4.0615650074e+01 2.7293287845e+01 2.8871155834e+01 6.7198943745e-01 2.4840242410e-02 1.1214392416e+02 9.8532780492e+01 8.5472582094e-01 9.9276733949e+00 5.0104617698e-03 5.0889375064e-03
3.2510961844e+01 1.5238202463e+01 1.9106668987e+01 4.6870967816e-01 2.2197633718e-02 1.0001744251e+02 8.6983845152e+01 -9.9876763233e-01 8.3171540729e+00 6.8066177261e-03 6.9278464475e-03
4.0984702560e+01 2.2916851499e+01 2.6458411027e+01 5.5915622336e-01 1.4692278847e-02 6.5829939615e+01 2.5532404872e+02 7.7008656221e-01 9.2482035250e+00 3.7256326032e-03 3.7477589816e-03
7.7692358145e+01 7.3123142467e+01 6.5610099179e+01 9.4118835124e-01 1.6209342041e-01 8.0239439229e+02 4.5374677331e+00 -8.0163133498e-01 1.1357473462e+01 8.7949490223e-03 1.9572948751e-02
7.9470680932e+01 6.3207689755e+01 6.1618976813e+01 7.9535860287e-01 1.5871676848e-01 7.8406428812e+02 9.6391917026e+00 -9.1468439918e-01 9.0522671849e+00 6.9079335674e-03 8.4461163929e-03
2.0787217677e+01 1.9402537995e+01 1.7481144820e+01 9.3338792605e-01 1.0409418705e-02 4.6489962346e+01 4.2220253556e+02 -9.0560921920e-01 8.3203781147e+00 4.0080524274e-03 4.0223856767e-03
6.4815808349e+01 6.0284285389e+01 5.4410098019e+01 9.3008614604e-01 6.3899944997e-02 2.9670096649e+02 2.3950676453e+01 5.4009104538e-01 8.9640837988e+00 5.5983995447e-03 5.9954798706e-03
3.2359350940e+01 2.4081794690e+01 2.4249010793e+01 7.4419894064e-01 1.3418932113e-02 6.0067073759e+01 1.5166999309e+02 -5.3984075074e-01 8.9791659439e+00 4.7866477384e-03 4.8348638349e-03
3.7930228085e+01 3.7403369573e+01 3.2789890620e+01 9.8610979847e-01 3.0741889318e-02 1.3939227761e+02 2.8795231893e+01 -6.7368145630e-01 1.1129834942e+01 7.3134002383e-03 7.7352881044e-03
3.0554899231e+01 2.3499617853e+01 2.3287270884e+01 7.6909492240e-01 2.7117193702e-02 1.2262954734e+02 6.6162946632e+01 8.8619466791e-01 8.3387710550e+00 6.6447486415e-03 6.8019709738e-03
3.2794298937e+01 1.7772489382e+01 2.0823555972e+01 5.4193838437e-01 3.2370045468e-02 1.4694997457e+02 1.8145325513e+01 8.8121943623e-01 8.3766845588e+00 1.1538252156e-02 1.2667676304e-02
7.8977783188e+01 6.4305250793e+01 6.1974334471e+01 8.1421949563e-01 7.6864932599e-02 3.6011794176e+02 3.1037821699e+01 6.4344737108e-01 8.9106162979e+00 4.6475956742e-03 4.8943853999e-03
3.9887635383e+01 3.5308118740e+01 3.2657960392e+01 8.8518956816e-01 4.6975591579e-02 2.1552152513e+02 4.1978759777e+01 -8.8304716745e-01 8.2912257324e+00 6.3034909304e-03 6.5446954467e-03
8.4457930350e+01 2.2975524721e+01 3.6856629380e+01 2.7203513780e-01 5.6726665132e-02 2.6207002056e+02 7.4944612795e+00 -8.3940201676e-01 1.2363770472e+01 1.1087768741e-02 1.4760607415e-02
5.4372326865e+01 5.3454635482e+01 4.6932371605e+01 9.8312208737e-01 6.8866285334e-02 3.2086840129e+02 6.9388781413e+00 8.6359240008e-01 1.4840207022e+01 9.7429359099e-03 1.3446375232e-02
4.3424071058e+01 3.1719483931e+01 3.2229653927e+01 7.3045854889e-01 2.2606211738e-02 1.0188931086e+02 5.8221044400e+00 -3.9378611919e-01 1.5835297742e+01 1.3529701129e-02 2.0915980351e-02
2.2695856115e+01 1.2335057693e+01 1.4433191021e+01 5.4349382680e-01 1.2178969436e-02 5.4465742596e+01 5.0891402474e+01 -6.3647214366e-01 8.1411302384e+00 9.9779607816e-03 1.0289007684e-02
2.8446841431e+01 2.3599265483e+01 2.2536261472e+01 8.2959176822e-01 2.4895974574e-02 1.1240016781e+02 6.2563688436e+01 9.9809952376e-01 9.9384801531e+00 6.9354369219e-03 7.1094179655e-03
3.6762383891e+01 3.1310837311e+01 2.9516424532e+01 8.5170856721e-01 1.8718272366e-02 8.4121977440e+01 4.6029159299e+01 8.2682130301e-01 1.6676649303e+01 6.5987199818e-03 6.8275608084e-03
3.6461869106e+01 3.5729209521e+01 3.1421050100e+01 9.7990614295e-01 4.4554626863e-02 2.0405949198e+02 9.7802262426e+00 6.1760445295e-01 9.1071041185e+00 1.1167218079e-02 1.3601804277e-02
3.5778786931e+01 3.0895451459e+01 2.8928138084e+01 8.6351310676e-01 4.3756455511e-02 2.0028887089e+02 2.0104523686e+01 8.4461847200e-01 8.9745687221e+00 8.9791615878e-03 9.7581053176e-03
7.3769340240e+01 7.1605198621e+01 6.3269529056e+01 9.7066340010e-01 6.6853579361e-02 3.1105530961e+02 4.6050194553e+01 -6.4477723948e-01 8.7521413149e+00 3.9801258472e-03 4.1180877987e-03
6.0648318751e+01 4.5606181745e+01 4.5691563692e+01 7.5197767530e-01 4.0038229090e-02 1.8277816623e+02 4.4806474816e+01 -8.1903444538e-01 1.3014869317e+01 5.0074269695e-03 5.1861373073e-03
4.4463466398e+01 4.0736206888e+01 3.7042710477e+01 9.1617253869e-01 8.9523907891e-02 4.2305019302e+02 9.8270224853e+00 9.3136364534e-01 8.2004491296e+00 9.7960346066e-03 1.1916975092e-02
3.6150671359e+01 3.2117912319e+01 2.9653367952e+01 8.8844580505e-01 3.3076223830e-02 1.5023337844e+02 7.0330858486e+01 -8.7294083877e-01 8.8164773422e+00 5.5636785232e-03 5.6871985513e-03
7.5473981428e+01 4.9458925251e+01 5.2952905232e+01 6.5531093385e-01 1.0900106362e-01 5.2179716630e+02 1.8999428377e+00 7.0159390992e-01 8.4108449124e+00 1.4350910155e-02 1.0000000000e+00
3.4747212222e+01 3.0607110509e+01 2.8378570511e+01 8.8085082375e-01 1.0243576758e-02 4.5743552647e+01 2.5552403415e+02 8.5133399601e-01 1.5287307269e+01 3.5747728554e-03 3.5959864867e-03
3.5688239494e+01 3.4447497159e+01 3.0522619732e+01 9.6523385987e-01 2.5571231402e-02 1.1550647646e+02 6.4058717445e+01 9.7216460451e-01 1.3431614101e+01 5.6847534107e-03 5.8238804379e-03
3.8934961563e+01 3.6412404042e+01 3.2774784707e+01 9.3521099238e-01 5.5794910414e-02 2.5759577826e+02 2.1993206279e+01 -9.5268381320e-01 9.0805225325e+00 7.9728373687e-03 8.5961780267e-03
4.2352126271e+01 4.0400373252e+01 3.6008094002e+01 9.5391605591e-01 6.3410384190e-02 2.9432708707e+02 1.3939104235e+01 -7.6262177215e-01 8.3322235382e+00 8.8796229351e-03 1.0080391093e-02
8.3706262108e+01 7.9964826536e+01 7.1219640130e+01 9.5530279960e-01 6.9544943779e-02 3.2418300319e+02 6.6091181278e+00 -7.7898646896e-01 2.3374898248e+01 7.6426270393e-03 1.0829572947e-02
2.8769476759e+01 2.3818301119e+01 2.2768199224e+01 8.2790178350e-01 2.1512455828e-02 9.6880841461e+01 1.3112601557e+01 5.2486745938e-01 1.0039080283e+01 1.2407369051e-02 1.4221556518e-02
7.3216460398e+01 4.3388185646e+01 4.8735447752e+01 5.9260151898e-01 1.2779445792e-01 6.1923923749e+02 6.5300701620e+00 8.8366108258e-01 9.0352187249e+00 9.4141199446e-03 1.3433810208e-02
7.9985722309e+01 5.8473886201e+01 5.9390917933e+01 7.3105404956e-01 8.6530928753e-02 4.0808155344e+02 6.1136439239e+00 -2.5371229656e-01 8.1312314635e+00 8.7288465421e-03 1.2999674454e-02
3.8185140635e+01 3.6299208912e+01 3.2408723603e+01 9.5061084779e-01 1.2670971544e-02 5.6687048204e+01 9.4326072155e+01 3.0823347619e-01 1.1508003486e+01 4.7736701471e-03 4.8518726264e-03
2.4660457304e+01 2.2224914563e+01 2.0374983355e+01 9.0123691903e-01 1.1008541833e-02 4.9187994480e+01 3.9199900913e+01 -3.5945921875e-01 1.0539315995e+01 8.8773087515e-03 9.2429403001e-03
4.8048808049e+01 3.8824007384e+01 3.7557182833e+01 8.0801187294e-01 2.3803699594e-02 1.0738188785e+02 1.8351560175e+01 -2.4410094277e-01 1.1309006438e+01 7.9886759812e-03 8.7602199413e-03
2.8397478636e+01 2.4581096823e+01 2.2988390621e+01 8.6560842739e-01 1.2885675401e-02 5.7656908594e+01 3.6976308683e+01 -8.4436055970e-01 1.9158244693e+01 8.4048755454e-03 8.7735802889e-03
3.7809802330e+01 3.7797772074e+01 3.2910107744e+01 9.9968182175e-01 4.1209539787e-02 1.8828467543e+02 4.6646326744e+01 9.2428292053e-01 9.6251563535e+00 6.0509288674e-03 6.2578187482e-03
2.3860420649e+01 2.3221365102e+01 2.0491272098e+01 9.7321692035e-01 3.7557428413e-02 1.7114504206e+02 8.5321238355e+00 -9.9937447848e-01 9.4175021994e+00 1.5418287746e-02 1.9546518496e-02
3.8977434205e+01 2.7830098845e+01 2.8591155696e+01 7.1400540884e-01 1.0504953119e-02 4.6920020861e+01 5.2478855754e+02 8.8191153717e-01 9.2425125163e+00 2.7160969063e-03 2.7239012387e-03
2.4445330490e+01 2.1756268467e+01 2.0069511061e+01 8.8999690457e-01 1.9747265475e-02 8.8814544673e+01 2.7196496462e+01 7.5834099429e-01 1.0329022618e+01 1.0223157327e-02 1.0851605732e-02
2.5165039619e+01 2.3521352791e+01 2.1177487279e+01 9.3468371786e-01 1.9331559611e-02 8.6917931946e+01 9.8675281338e+01 -7.6018744792e-01 8.0714096345e+00 6.0985124588e-03 6.1938877250e-03
5.8573641530e+01 4.2843383325e+01 4.3504022769e+01 7.3144476263e-01 1.5375081687e-02 6.8924615566e+01 7.8312206390e+01 -4.1735660043e-01 1.5740302713e+01 4.2512069422e-03 4.3356152508e-03
2.6840891154e+01 2.2098819240e+01 2.1182017440e+01 8.2332658457e-01 2.1966820575e-02 9.8960479963e+01 3.6372589185e+01 8.1968447727e-01 9.9449266221e+00 8.8512139405e-03 9.2464841838e-03
4.3106133835e+01 2.1497224952e+01 2.6187971814e+01 4.9870454710e-01 1.4474435187e-02 6.4843260684e+01 4.2679769634e+02 9.4739269897e-01 8.2093767690e+00 3.0929515035e-03 3.1038923878e-03
3.5264853923e+01 3.3807864030e+01 3.0057619628e+01 9.5868436329e-01 2.7873837017e-02 1.2612155940e+02 8.9822818329e+01 -8.8506910842e-01 9.8779448418e+00 5.0491321937e-03 5.1361264315e-03
3.5313021508e+01 3.4928417490e+01 3.0573812157e+01 9.8910871963e-01 3.1387849504e-02 1.4238865948e+02 3.0134204314e+01 -5.7536450129e-01 8.7636102769e+00 7.5082909334e-03 7.9201792353e-03
7.4629930900e+01 7.4393599226e+01 6.4866161165e+01 9.9683328564e-01 3.4744591974e-02 1.5800350892e+02 6.7551559896e+01 8.1483987822e-01 1.6911725513e+01 3.4595958973e-03 3.5396988204e-03
5.1929575637e+01 2.4953038195e+01 3.0928388712e+01 4.8051689021e-01 3.1972658939e-02 1.4510374958e+02 1.1955604105e+02 9.7596115833e-01 8.7322954429e+00 4.4444240809e-03 4.5015032565e-03
2.8578759768e+01 2.5407787363e+01 2.3450333532e+01 8.8904443615e-01 1.3208566965e-02 5.9116056749e+01 2.6246744654e+02 -8.2692245039e-01 9.7833486494e+00 3.9798117272e-03 4.0027975481e-03
3.8516728289e+01 2.3497228153e+01 2.6031651786e+01 6.1005254591e-01 3.7562891435e-02 1.7117061551e+02 1.8118616365e+01 9.2597513593e-01 1.0177406865e+01 1.0009819789e-02 1.0991351413e-02
3.0611410063e+01 2.9334110083e+01 2.6085694570e+01 9.5827372938e-01 1.4584805584e-02 6.5343121430e+01 1.7107160228e+01 -2.1977649070e-01 1.1412501717e+01 1.0358510187e-02 1.1446515230e-02
3.5039709188e+01 2.4000596921e+01 2.5155896642e+01 6.8495422700e-01 1.3086989391e-02 5.8566565172e+01 2.3882347174e+02 9.3093846224e-01 1.2268266306e+01 3.9465060961e-03 3.9715825286e-03
4.5776839269e+01 4.4802648060e+01 3.9424275432e+01 9.7871868778e-01 8.0683087652e-02 3.7899470138e+02 1.1456296290e+01 9.9840688125e-01 1.0070651622e+01 8.9405730721e-03 1.0502937038e-02
8.5873377562e+01 8.1007348317e+01 7.2601992658e+01 9.4333483341e-01 1.1738627766e-01 5.6501431728e+02 1.5640659078e+01 -5.9922634086e-01 8.6599736931e+00 5.3193084931e-03 5.9423637504e-03
5.1531102781e+01 4.7652364271e+01 4.3132484675e+01 9.2473014740e-01 2.1562221993e-02 9.7108555532e+01 1.1270946155e+01 -1.7448378191e-01 1.5884385458e+01 8.8083038868e-03 1.0381995394e-02
4.2270150943e+01 3.5165276536e+01 3.3535189235e+01 8.3191745834e-01 6.2149687968e-02 2.8822096711e+02 2.3804531416e+00 8.3720701119e-01 8.8619902290e+00 1.8024753104e-02 1.0000000000e+00
2.8757303946e+01 2.8749257477e+01 2.5031184426e+01 9.9972019393e-01 2.0153687273e-02 9.0669912083e+01 4.4506054093e+01 9.3075531093e-01 1.4279650421e+01 7.4011073993e-03 7.6671487457e-03
5.6591160588e+01 5.3141351117e+01 4.7735519321e+01 9.3903978228e-01 3.8413684269e-02 1.7515571671e+02 3.4693498831e+00 3.4107627122e-01 1.5853111415e+01 1.2729758697e-02 1.0000000000e+00
4.3471676326e+01 4.1588067903e+01 3.7013509432e+01 9.5667044425e-01 1.8594057552e-02 8.3555991796e+01 1.2844956327e+01 3.9838345161e-01 1.8825457952e+01 9.2452812904e-03 1.0633689659e-02
4.9236600408e+01 4.6446449155e+01 4.1627213867e+01 9.4333176477e-01 6.3357768953e-02 2.9407204626e+02 4.7395347799e+00 6.1136927398e-01 1.1584101516e+01 1.2154423922e-02 2.4393594281e-02
4.4726440742e+01 3.8257895458e+01 3.5989186025e+01 8.5537536238e-01 4.2532842487e-02 1.9451644903e+02 5.6641983370e+01 9.7306693399e-01 1.0210648078e+01 5.3159417994e-03 5.4639604322e-03
7.7024000499e+01 3.6714572837e+01 4.5676958249e+01 4.7666406054e-01 2.2517361945e-02 1.0148215818e+02 6.2578573330e+01 -4.0933741580e-01 1.2306926952e+01 4.4658713177e-03 4.5778734213e-03
2.7262796305e+01 2.0884663026e+01 2.0735955283e+01 7.6604992359e-01 1.1048327679e-02 4.9367247596e+01 2.1581972616e+02 7.4677670014e-01 1.0375731750e+01 4.6312858785e-03 4.6638907148e-03
7.4368917373e+01 5.4642064417e+01 5.5363788244e+01 7.3474330873e-01 2.8742549918e-02 1.3013544536e+02 1.2429210737e+02 9.6388592199e-01 1.4557478868e+01 3.0499772325e-03 3.0876211296e-03
3.4918868761e+01 2.4919472887e+01 2.5607282970e+01 7.1363918053e-01 3.0893541613e-02 1.4009549280e+02 2.1834541780e+01 -7.9306891310e-01 9.9892465275e+00 9.4679485116e-03 1.0214372341e-02
3.7181391255e+01 3.1311442433e+01 2.9681660942e+01 8.4212670307e-01 4.8556714919e-02 2.2302777370e+02 1.8069040717e+01 8.3650828806e-01 8.5378858673e+00 9.1705419807e-03 1.0072713515e-02
1.9760437438e+01 1.8850207903e+01 1.6800654749e+01 9.5393677204e-01 2.8647142864e-02 1.2969437406e+02 1.6420712802e+01 -9.8999428052e-01 8.0897283195e+00 1.3729456531e-02 1.5244753395e-02
4.6449973504e+01 4.0469996289e+01 3.7726565280e+01 8.7125983582e-01 3.2645163814e-02 1.4822875897e+02 1.5153567838e+02 9.2916932917e-01 8.6215070002e+00 3.5900762022e-03 3.6262718343e-03
3.0641150906e+01 2.9559375363e+01 2.6198723908e+01 9.6469533582e-01 3.7319566770e-02 1.7003175485e+02 2.0079122116e+01 -8.8770360517e-01 9.6707199106e+00 9.5944709013e-03 1.0428021678e-02
2.8230904874e+01 2.3872602064e+01 2.2584024869e+01 8.4561944330e-01 2.0712249617e-02 9.3221613783e+01 5.7530746377e+01 9.3024244399e-01 1.1414727449e+01 7.1658517818e-03 7.3621402590e-03
6.9020093298e+01 6.2506939281e+01 5.7166191663e+01 9.0563394360e-01 7.8311568648e-02 3.6725935359e+02 2.6617707633e+01 -6.7393641607e-01 8.8252358688e+00 5.1737393516e-03 5.4995267623e-03
3.9948397993e+01 1.9999290522e+01 2.4319457675e+01 5.0062809840e-01 4.5010683585e-02 2.0621579004e+02 7.2002287044e+00 -8.0064908788e-01 8.4575663289e+00 1.4697526385e-02 1.9920774835e-02
3.5353655833e+01 2.0306248402e+01 2.3148876801e+01 5.7437478313e-01 2.4402091971e-02 1.1013012571e+02 7.6532544152e+01 9.7589901148e-01 9.6712706613e+00 6.3256214547e-03 6.4542482202e-03
4.0656244879e+01 2.8030450222e+01 2.9287336564e+01 6.8945005386e-01 1.8756199206e-02 8.4294811838e+01 2.0238251241e+02 7.3985084421e-01 8.5799198063e+00 3.8052836517e-03 3.8338766344e-03
7.5409084714e+01 6.2208289111e+01 5.9570123834e+01 8.2494422718e-01 6.9123080678e-02 3.2212226165e+02 7.5490970040e+00 -2.3957870337e-01 9.2655804215e+00 8.1315808715e-03 1.0791738463e-02
4.5351650042e+01 2.9832145635e+01 3.1881716857e+01 6.5779625675e-01 2.5258774842e-02 1.1406874237e+02 5.9194509764e+01 7.2221136629e-01 1.1184043772e+01 5.6994206330e-03 5.8509352335e-03
5.7752525564e+01 5.4802255446e+01 4.8972114787e+01 9.4891530562e-01 6.4344513522e-02 2.9885799357e+02 1.2014838854e+01 -5.0477360564e-01 9.2880726433e+00 7.7425155057e-03 9.0118876142e-03
3.7294500191e+01 2.5565415585e+01 2.6785751161e+01 6.8550095736e-01 3.4233432348e-02 1.5562093522e+02 2.0005334897e+01 9.2338894566e-01 1.1255115726e+01 9.4932421031e-03 1.0321550797e-02
5.3091268755e+01 3.7639648384e+01 3.8801644908e+01 7.0896117699e-01 5.1031042079e-02 2.3480675921e+02 8.4258604884e+00 5.4974354568e-01 1.0107196539e+01 1.0310372214e-02 1.3125944029e-02
1.8913663327e+01 1.8640172358e+01 1.6345736227e+01 9.8554003186e-01 1.2392099949e-02 5.5427791058e+01 4.1542726789e+01 -4.8620432526e-01 8.1779702056e+00 9.9601148661e-03 1.0345531132e-02
4.1537960712e+01 3.9424881105e+01 3.5226718538e+01 9.4912895166e-01 8.4635558231e-02 3.9863090059e+02 7.4416139167e+00 -9.3125687536e-01 8.7504827197e+00 1.1251179423e-02 1.5024063826e-02
3.1454096749e+01 1.2132588047e+01 1.6638249574e+01 3.8572361953e-01 1.1825241549e-02 5.2869725641e+01 3.3418211705e+01 7.6251772333e-01 1.2878089406e+01 1.0691627661e-02 1.1215184622e-02
2.8173857610e+01 2.5383341652e+01 2.3274132092e+01 9.0095371401e-01 2.4245893111e-02 1.0941252210e+02 7.4594197231e+01 -7.9719840806e-01 8.1655591363e+00 6.3658701032e-03 6.4988092167e-03
3.6172176223e+01 3.4513499766e+01 3.0757561409e+01 9.5414496361e-01 4.5185451265e-02 2.0704247211e+02 4.0172719916e+01 -9.6915167310e-01 8.8761843028e+00 6.6600999135e-03 6.9272684995e-03
2.9438921983e+01 2.8321679696e+01 2.5136117855e+01 9.6204880438e-01 2.4840087190e-02 1.1214321052e+02 1.0284034005e+02 -8.4036175291e-01 8.2711136746e+00 5.3766650993e-03 5.4572514319e-03
2.1370741514e+01 2.0482597217e+01 1.8212801240e+01 9.5844110995e-01 2.3804079229e-02 1.0738363064e+02 8.0663534930e+00 -7.9596615379e-01 1.0114078745e+01 1.7092113648e-02 2.2097737846e-02
7.3658785602e+01 5.2722648160e+01 5.4099893060e+01 7.1576863138e-01 6.4538674230e-02 2.9980044542e+02 6.0828670466e+01 -8.2923874061e-01 8.5098909701e+00 3.9596469484e-03 4.0619472166e-03
1.4901099269e+01 1.1731859707e+01 1.1493894785e+01 7.8731504939e-01 1.3798056169e-02 6.1781763739e+01 2.2916416451e+01 -8.5256752720e-01 8.0071531785e+00 1.5500798066e-02 1.6656912270e-02
3.8491684119e+01 2.3786493746e+01 2.6190948467e+01 6.1796448481e-01 2.2027526904e-02 9.9238438145e+01 8.3043944687e+01 -7.2548632169e-01 9.2047722000e+00 5.6875027166e-03 5.7937717114e-03
3.7433694728e+01 3.0726920665e+01 2.9495946679e+01 8.2083590434e-01 5.9499788086e-02 2.7541920761e+02 3.9279186776e+00 -7.5050052335e-01 8.6336395236e+00 1.6211391782e-02 1.0000000000e+00
2.9286678532e+01 2.3145497966e+01 2.2634057364e+01 7.9030805560e-01 2.3492832435e-02 1.0595510417e+02 1.5514364386e+01 -4.7034542380e-01 8.1958956760e+00 1.1677933196e-02 1.3059490789e-02
2.5319850722e+01 2.1115664680e+01 2.0112658726e+01 8.3395691831e-01 2.4835809596e-02 1.1212354398e+02 2.2367646919e+01 -8.2011120018e-01 9.2626877955e+00 1.0951806720e-02 1.1791615567e-02
3.4013900788e+01 2.9638357625e+01 2.7627626834e+01 8.7136014802e-01 2.6731309221e-02 1.2085009322e+02 1.8495872717e+01 6.1870594361e-01 1.0811993651e+01 9.6331304310e-03 1.0554893693e-02
4.6664258811e+01 3.8297523932e+01 3.6766163798e+01 8.2070357287e-01 4.8732578050e-02 2.2386366528e+02 2.6341086655e+01 9.0764432318e-01 1.0852744815e+01 6.9640589269e-03 7.4077439082e-03
3.6524422039e+01 3.0348855047e+01 2.8959087761e+01 8.3091951502e-01 2.1117986481e-02 9.5076458037e+01 3.7729431821e+01 -3.0746783556e-01 8.1327674863e+00 7.1841872213e-03 7.4925449392e-03
4.0428165141e+01 2.7073619247e+01 2.8686341093e+01 6.6967222361e-01 1.1194339112e-02 5.0025185895e+01 5.9286150733e+02 -9.6420480820e-01 8.4307177874e+00 2.5881810642e-03 2.5947599638e-03
6.0763898174e+01 4.4504471680e+01 4.5161669348e+01 7.3241633630e-01 7.4876186823e-02 3.5032168966e+02 1.5101138476e+01 8.9698546229e-01 1.0704633472e+01 7.4295385692e-03 8.3383026682e-03
3.3745416185e+01 3.3723025272e+01 2.9367342917e+01 9.9933647541e-01 1.1506788294e-02 5.1433586295e+01 9.0155806589e+01 3.7083025881e-01 1.2525631035e+01 5.1674608409e-03 5.2561545392e-03
4.4855326352e+01 4.1595793477e+01 3.7597930072e+01 9.2733231168e-01 6.8993670578e-02 3.2149033616e+02 1.0700446352e+01 8.0863438654e-01 9.1922065412e+00 9.5127944837e-03 1.1338221165e-02
2.6072685617e+01 1.5185676138e+01 1.7197667380e+01 5.8243620780e-01 1.7732177037e-02 7.9631660826e+01 1.1873393786e+02 -9.7496492260e-01 8.1864935119e+00 6.4865797142e-03 6.5704766168e-03
3.9495420313e+01 3.0882537263e+01 3.0357674259e+01 7.8192704414e-01 1.1614723726e-02 5.1920270023e+01 1.6453015755e+02 -7.1351022807e-01 1.5352903418e+01 4.0390236993e-03 4.0764745194e-03
4.3436154547e+01 4.1550520514e+01 3.6981671394e+01 9.5658837544e-01 5.2231076404e-02 2.4053367609e+02 1.5580584942e+01 9.3077196353e-01 1.2112845186e+01 8.4312272769e-03 9.4234682095e-03
2.8355564328e+01 2.3171474306e+01 2.2291954120e+01 8.1717556521e-01 1.1656348700e-02 5.2107979047e+01 1.9252495567e+02 -8.7749363081e-01 1.2790501284e+01 4.6184887073e-03 4.6549948553e-03
3.7836230835e+01 3.7354307766e+01 3.2727776169e+01 9.8726292079e-01 4.0199994599e-02 1.8353811929e+02 8.0590870634e+01 9.9358505135e-01 8.7653387001e+00 4.9492878209e-03 5.0446788755e-03
2.6925085945e+01 1.5363690439e+01 1.7568980627e+01 5.7060877987e-01 1.3371039118e-02 5.9850533418e+01 1.3565836768e+02 7.8516752855e-01 8.7373447462e+00 6.1049395085e-03 6.1738441242e-03
7.4660065413e+01 6.3286758359e+01 5.9799615178e+01 8.4766545554e-01 1.6211656857e-01 8.0252027393e+02 1.6101570615e+00 8.9057470675e-01 8.1498265719e+00 1.3744457451e-02 1.0000000000e+00
3.7289799842e+01 2.5775465136e+01 2.6897994043e+01 6.9122025982e-01 1.9794643206e-02 8.9030773453e+01 1.3254700989e+02 -8.9010989054e-01 1.0728559788e+01 4.7004196183e-03 4.7547437223e-03
3.6628709993e+01 3.0817537924e+01 2.9226726721e+01 8.4134925663e-01 4.0428862954e-02 1.8461360352e+02 8.4136541165e+00 -6.9741992429e-01 1.0385033082e+01 1.2393133875e-02 1.5785234046e-02
2.7162629645e+01 2.3496417308e+01 2.1981264513e+01 8.6502734142e-01 2.5039002500e-02 1.1305787135e+02 5.5879476833e+01 8.8207109801e-01 8.7681398045e+00 7.3486143143e-03 7.5561702268e-03
5.3345366309e+01 4.8806700307e+01 4.4411583457e+01 9.1491920824e-01 4.9016593802e-02 2.2521403578e+02 1.7523767407e+01 3.8097953291e-01 8.1892049882e+00 7.2091872005e-03 7.9448366667e-03
4.0586219241e+01 2.9078574781e+01 2.9824169356e+01 7.1646424143e-01 2.3317145668e-02 1.0514903984e+02 6.7071848267e+01 5.8328609643e-01 9.1233580760e+00 5.6768381243e-03 5.8092595294e-03
5.5648368153e+01 3.9572233915e+01 4.0734239827e+01 7.1111220739e-01 5.0865027586e-02 2.3401521773e+02 4.9670835142e+00 -8.5588638463e-01 1.8127593305e+01 1.2195260954e-02 2.2525796355e-02
3.5539258608e+01 2.9672504787e+01 2.8247001598e+01 8.3492188495e-01 2.9059430102e-02 1.3160082786e+02 5.7139104778e+01 -8.8160508652e-01 1.0193557914e+01 6.2149508579e-03 6.3864188526e-03
4.0252674040e+01 3.2540175673e+01 3.1471035545e+01 8.0839786299e-01 5.0727293990e-02 2.3335865139e+02 3.8427354110e+01 -9.4253515633e-01 8.0324352515e+00 6.6535727156e-03 6.9335590885e-03
5.2307305486e+01 4.3440301982e+01 4.1461740055e+01 8.3048250293e-01 1.7275186175e-02 7.7552891658e+01 2.6786610396e+02 8.3261310834e-01 1.0368883823e+01 2.7591343489e-03 2.7747455048e-03
3.5795697778e+01 3.0547294722e+01 2.8768892353e+01 8.5337894267e-01 2.4501394849e-02 1.1058642371e+02 6.7791769846e+01 7.2281728473e-01 9.8126512116e+00 5.7787255495e-03 5.9120308170e-03
6.9169897913e+01 4.5800201831e+01 4.8792574545e+01 6.6214065964e-01 4.6634590072e-02 2.1390476462e+02 3.7535518278e+00 8.7310775525e-01 2.6547223930e+01 1.2131425220e-02 1.0000000000e+00
8.2718857093e+01 7.2344196077e+01 6.7313669473e+01 8.7457925097e-01 1.0805935913e-01 5.1696996197e+02 2.2198944105e+01 9.8742835608e-01 1.1648931169e+01 4.9162016839e-03 5.2964757558e-03
3.3576940319e+01 2.1091083790e+01 2.3042910554e+01 6.2814192091e-01 1.3228905763e-02 5.9207991261e+01 1.9696323770e+02 9.6349082923e-01 1.2627817748e+01 4.4809823870e-03 4.5155921648e-03
3.2863939779e+01 2.6308665194e+01 2.5566243820e+01 8.0053290538e-01 4.6203765967e-02 2.1186321012e+02 1.0787472795e+01 8.2367583790e-01 8.2590049329e+00 1.2232742871e-02 1.4553860285e-02
7.0620695818e+01 6.8090766436e+01 6.0365619092e+01 9.6417580777e-01 7.1841076773e-02 3.3541890941e+02 3.8717411700e+01 -8.9577379792e-01 1.1228031938e+01 4.3614494115e-03 4.5434991989e-03
2.8679761730e+01 2.5479008819e+01 2.3524536830e+01 8.8839680955e-01 4.8671623514e-02 2.2357392090e+02 5.2657833452e+00 -8.3178980016e-01 8.1703027916e+00 1.6837272836e-02 2.8736614565e-02
4.0322711646e+01 2.6023494294e+01 2.8066353189e+01 6.4538056175e-01 1.9988285337e-02 8.9914698452e+01 1.1441016286e+02 8.1148550148e-01 1.0792428257e+01 4.8362449065e-03 4.9012191062e-03
4.6228713531e+01 4.4831898535e+01 3.9630837497e+01 9.6978468814e-01 1.7378336083e-02 7.8021980221e+01 8.6302465411e+01 9.6785868510e-01 2.3218294129e+01 4.3397499543e-03 4.4176732589e-03
6.4309606716e+01 4.7838692378e+01 4.8180860712e+01 7.4388096617e-01 6.4376710734e-02 2.9901426163e+02 2.4517401095e+01 -6.8241846400e-01 9.1142278443e+00 5.9859988992e-03 6.3994649375e-03
3.1890008236e+01 2.8003581889e+01 2.6004281605e+01 8.7813028084e-01 3.7576654445e-02 1.7123504367e+02 3.3264369719e+01 -9.7042791507e-01 9.1124398457e+00 7.9755905184e-03 8.3681199134e-03
3.4595592286e+01 3.4462474290e+01 3.0059202363e+01 9.9615216888e-01 2.2166174296e-02 9.9873359564e+01 2.5463648580e+02 -9.8450383894e-01 8.4579065120e+00 3.4277856608e-03 3.4481987093e-03
3.3754034320e+01 3.3482831783e+01 2.9266260139e+01 9.9196532968e-01 4.9227268469e-02 2.2621603725e+02 1.0941772209e+01 9.8665537088e-01 1.1002236468e+01 1.1161944752e-02 1.3238731072e-02
6.9736935600e+01 6.4949504729e+01 5.8581224723e+01 9.3135013993e-01 1.6229774609e-01 8.0350563683e+02 6.3541773122e+00 7.8078152537e-01 8.3026787525e+00 8.3195740722e-03 1.2072817973e-02
8.3692829573e+01 5.5521364067e+01 5.9095215940e+01 6.6339451480e-01 7.7026914143e-02 3.6091692527e+02 1.6946798834e+01 8.8640047798e-01 1.3804068105e+01 6.0069091706e-03 6.6450467842e-03
3.5156490297e+01 2.9207843402e+01 2.7872373102e+01 8.3079520041e-01 2.9990663926e-02 1.3591105889e+02 9.6523541201e+01 9.2796152453e-01 8.6291218569e+00 5.1455138746e-03 5.2278320712e-03
4.0353391091e+01 3.0773317933e+01 3.0621472664e+01 7.6259558616e-01 7.0297064256e-02 3.2785978303e+02 7.4806309264e+00 -9.9467863107e-01 9.2102900036e+00 1.2359115838e-02 1.6466166324e-02
6.5762374345e+01 6.0446891425e+01 5.4877286126e+01 9.1917136549e-01 1.2283608358e-01 5.9332702935e+02 1.3406834595e+01 -8.0956963816e-01 8.0105932098e+00 6.6927604700e-03 7.6438351271e-03
6.8759873225e+01 3.9334663120e+01 4.4926806887e+01 5.7205840085e-01 8.1908597776e-02 3.8507277731e+02 1.4939939211e+01 8.8912764948e-01 9.7042368903e+00 7.4534072856e-03 8.3773194030e-03
5.2781650562e+01 3.9843014310e+01 3.9843342325e+01 7.5486487984e-01 7.3244840394e-02 3.4230439536e+02 5.6587879910e+00 7.8117861663e-01 1.0946422353e+01 1.1620915726e-02 1.8411537400e-02
7.1296839322e+01 5.1992120976e+01 5.2871282976e+01 7.2923458418e-01 6.2365717893e-02 2.8926658168e+02 3.3721872591e+00 -5.0974714705e-01 1.4163030437e+01 1.1899266089e-02 1.0000000000e+00
2.9031768006e+01 2.8852002180e+01 2.5195228565e+01 9.9380796149e-01 1.4474507457e-02 6.4843587963e+01 1.1041135065e+02 -4.4629188992e-01 8.6407225716e+00 5.2609714691e-03 5.3342775535e-03
3.7348516578e+01 3.2223087232e+01 3.0184076952e+01 8.6276752558e-01 4.4942690086e-02 2.0589422215e+02 3.8070435314e+01 9.1555530832e-01 8.3799668566e+00 6.8771155223e-03 7.1694382707e-03
8.2220336682e+01 7.7679164260e+01 6.9566612387e+01 9.4476825801e-01 7.5389534145e-02 3.5284799259e+02 1.3584676891e+01 3.0720115060e-01 9.1879539334e+00 5.8992674708e-03 6.7235714747e-03
3.3489522174e+01 3.2550479979e+01 2.8742093184e+01 9.7196011964e-01 4.5553398338e-02 2.0878357288e+02 1.2784006427e+01 -7.7693257112e-01 8.9119066964e+00 1.0672231652e-02 1.2284871534e-02
4.7446649675e+01 3.1874405434e+01 3.3721810980e+01 6.7179465047e-01 8.6662529614e-02 4.0873856210e+02 4.4713519347e+00 -9.2725544339e-01 9.1773399431e+00 1.3979855557e-02 3.2502200811e-02
3.4727195675e+01 2.5971245736e+01 2.6089273732e+01 7.4786475648e-01 2.2221136374e-02 1.0012508805e+02 9.1609579482e+00 -8.4776120863e-01 1.8575583500e+01 1.3029826433e-02 1.6158185665e-02
3.4703257171e+01 1.7269420624e+01 2.1058807999e+01 4.9763111685e-01 2.3190285433e-02 1.0456712263e+02 7.4411721528e+01 -8.8988180493e-01 8.3694141969e+00 6.7871330872e-03 6.9292305472e-03
2.9965391826e+01 2.9586955153e+01 2.5921036536e+01 9.8737087522e-01 1.1263773245e-02 5.0338111492e+01 4.8614079111e+02 7.9638551898e-01 8.1259903951e+00 2.9703796476e-03 2.9795970166e-03
6.1334224733e+01 3.9305002641e+01 4.2534072517e+01 6.4083312069e-01 3.8788022657e-02 1.7691060756e+02 3.7785595406e+01 6.9105692902e-01 1.1374899624e+01 5.5864183273e-03 5.8258119727e-03
3.8763256299e+01 3.6154856751e+01 3.2586279082e+01 9.3270948324e-01 4.0432537524e-02 1.8463087361e+02 2.7049131589e+01 -8.6627678500e-01 1.0663229573e+01 7.4723603820e-03 7.9345051054e-03
3.3303598735e+01 2.8733681225e+01 2.6915280560e+01 8.6278006931e-01 3.4461560166e-02 1.5668405375e+02 3.1331558444e+01 -8.6603971946e-01 9.4386326546e+00 7.9980055509e-03 8.4183272015e-03
2.4411255412e+01 1.4974796968e+01 1.6546347604e+01 6.1343821590e-01 1.0218787227e-02 4.5631997574e+01 1.3980894877e+01 -2.9005580347e-01 9.9550650077e+00 1.4890066549e-02 1.6895992072e-02
4.5919196537e+01 2.8679168494e+01 3.1418875676e+01 6.2455728012e-01 3.1946902983e-02 1.4498412532e+02 5.0368929575e+00 9.1149887452e-01 2.0785514544e+01 1.4432106585e-02 2.6106011582e-02
3.2588231891e+01 3.0087575683e+01 2.7255164559e+01 9.2326505419e-01 1.4409768054e-02 6.4550425107e+01 5.4871163013e+01 8.5008764185e-02 8.0817825256e+00 6.5107015324e-03 6.6981516138e-03
8.0514411398e+01 7.0305285006e+01 6.5467437888e+01 8.7320125410e-01 1.9016313363e-01 9.5723444146e+02 8.0752557889e+00 -9.3560299174e-01 8.9733232206e+00 6.9898400230e-03 9.0332237285e-03
4.2611606203e+01 4.1185227079e+01 3.6468348843e+01 9.6652604182e-01 5.3764919680e-02 2.4786708354e+02 1.8066015654e+00 -8.3760628907e-01 1.0192647508e+01 1.9062723628e-02 1.0000000000e+00
6.7928700786e+01 5.3191970159e+01 5.2251164902e+01 7.8305590337e-01 4.7239027283e-02 2.1677104380e+02 3.4581485389e+01 4.4878970750e-01 9.0166153039e+00 5.0526097318e-03 5.2909682406e-03
2.9394983853e+01 2.2932087701e+01 2.2567570398e+01 7.8013608768e-01 2.1373393414e-02 9.6244623536e+01 2.2658029005e+01 6.4728973470e-01 1.0210507307e+01 1.0163519001e-02 1.0931449181e-02
5.6348781470e+01 5.4240198289e+01 4.8126148655e+01 9.6257979097e-01 6.0595115957e-02 2.8070536325e+02 1.8303482750e+01 9.4614013982e-01 1.4131234198e+01 6.6990602803e-03 7.3480713113e-03
3.1361906346e+01 2.3413875435e+01 2.3540069315e+01 7.4657054252e-01 1.1963611169e-02 5.3493948042e+01 2.0549741057e+02 -9.4670379229e-01 1.3761315430e+01 4.3552236756e-03 4.3874461189e-03
3.9370377966e+01 1.1063489425e+01 1.7494138928e+01 2.8101049563e-01 1.1383511586e-02 5.0877824090e+01 6.7907587179e+01 5.2516200431e-01 9.0402732412e+00 7.9445829776e-03 8.1275249229e-03
3.3394566187e+01 3.2241635080e+01 2.8564526606e+01 9.6547548782e-01 4.9280395222e-02 2.2646876148e+02 1.0601033402e+01 -9.2483970743e-01 1.0069451173e+01 1.1467428697e-02 1.3696738072e-02
3.7566468920e+01 3.4702522956e+01 3.1427255473e+01 9.2376323763e-01 3.6227618271e-02 1.6492574211e+02 5.0398548281e+01 9.9624441560e-01 1.0876708331e+01 6.0678937966e-03 6.2590091120e-03
7.4560309075e+01 7.0842685645e+01 6.3265502179e+01 9.5013937742e-01 2.7165065157e-01 1.4305446618e+03 3.3990952815e+00 9.9893906748e-01 8.4132206416e+00 9.4776410150e-03 1.0000000000e+00
3.7503984057e+01 3.4830593242e+01 3.1459642026e+01 9.2871715146e-01 1.3142762112e-02 5.8818627649e+01 8.9286883936e+01 8.6375608131e-01 2.1456749910e+01 4.9628951931e-03 5.0489333313e-03
5.4270409214e+01 5.1905100107e+01 4.6201811828e+01 9.5641622864e-01 1.2034936049e-01 5.8038621222e+02 6.0124665870e+00 8.0274882310e-01 8.3875679886e+00 1.0081338356e-02 1.5197238881e-02
3.7133273771e+01 3.1738988215e+01 2.9867915995e+01 8.5473175379e-01 2.5213380933e-02 1.1385992108e+02 4.5016623184e+01 -9.4135253042e-01 1.4314483105e+01 6.5787579556e-03 6.8123787800e-03
5.8724770678e+01 2.3132462311e+01 3.1420602147e+01 3.9391319955e-01 1.9056350220e-02 8.5662952269e+01 5.6406879048e+00 6.3199285234e-02 1.3188175150e+01 1.3940818620e-02 2.2151496035e-02
4.1744384605e+01 4.0907841976e+01 3.5974259914e+01 9.7996035548e-01 5.8797386698e-02 2.7203337066e+02 1.1960622141e+01 9.1235726212e-01 1.0985604241e+01 9.4353958159e-03 1.0991644120e-02
3.5891135687e+01 3.0182940308e+01 2.8631429221e+01 8.4095807308e-01 1.6642821420e-02 7.4678677697e+01 1.5242362961e+02 5.6191078355e-01 8.7692215032e+00 4.2980255171e-03 4.3411016851e-03
3.8982640985e+01 3.6136720499e+01 3.2669434679e+01 9.2699518519e-01 4.2810096604e-02 1.9582355064e+02 4.4477552689e+00 -8.0995937176e-01 1.5150135147e+01 1.4660579343e-02 3.4678771117e-02
2.3166756691e+01 2.2827151360e+01 2.0019356390e+01 9.8534083403e-01 1.4761128881e-02 6.6141848040e+01 1.6550796942e+02 -7.4320494569e-01 8.2267975494e+00 5.2177100656e-03 5.2657992752e-03
2.8464969304e+01 2.8127318845e+01 2.4632698030e+01 9.8813803534e-01 1.7649565980e-02 7.9255774802e+01 2.0966387343e+02 8.2492340191e-01 8.4871840477e+00 4.1870244267e-03 4.2173786220e-03
4.4300512419e+01 3.0206680832e+01 3.1729805738e+01 6.8185849740e-01 3.1987531200e-02 1.4517282620e+02 7.7499253777e+01 9.3932636044e-01 1.0197385396e+01 5.1460086061e-03 5.2492949983e-03
4.1382478049e+01 3.9133883031e+01 3.5030378819e+01 9.4566311338e-01 3.5877647321e-02 1.6329090687e+02 7.9930937840e+01 -8.4632943460e-01 9.0674937238e+00 4.7704224761e-03 4.8631525928e-03
2.5818675718e+01 1.9206811916e+01 1.9343803098e+01 7.4391158267e-01 1.1953079532e-02 5.3446432484e+01 1.4832353885e+02 8.4645362339e-01 1.1363523901e+01 5.5642042545e-03 5.6215412916e-03
2.6758151994e+01 2.5507122393e+01 2.2741960585e+01 9.5324678621e-01 1.2866218697e-02 5.7569006017e+01 1.3023783543e+02 6.4068956911e-01 1.0450623658e+01 5.2772395814e-03 5.3393350293e-03
5.4883585801e+01 3.5724041770e+01 3.8371509840e+01 6.5090575349e-01 2.8912092561e-02 1.3091939701e+02 1.3760604076e+01 3.5686248297e-01 1.1872020229e+01 8.7536606408e-03 9.9569197543e-03
7.7412157088e+01 7.6644391222e+01 6.7056008158e+01 9.9008210216e-01 3.1482502929e-02 1.4282795378e+02 1.1664091115e+02 -7.1162600698e-01 1.1367722644e+01 2.7663965103e-03 2.8028345277e-03
2.7523893257e+01 2.6873948529e+01 2.3676007760e+01 9.7638616304e-01 1.4068913318e-02 6.3007377585e+01 6.2403103152e+01 6.8744296475e-01 1.3273274549e+01 6.7761569808e-03 6.9466002455e-03
8.4814959018e+01 6.5107212474e+01 6.4578471593e+01 7.6763831791e-01 1.1324311976e-01 5.4360805465e+02 1.4585957040e+00 8.3435857444e-01 1.1447359459e+01 1.3964375890e-02 1.0000000000e+00
4.1456519298e+01 3.4802959749e+01 3.3042023990e+01 8.3950510892e-01 3.3898765391e-02 1.5406194119e+02 1.4382266574e+01 -5.2764128605e-01 1.0281296932e+01 9.4247552499e-03 1.0649905774e-02
3.1900166883e+01 3.1755625905e+01 2.7707707419e+01 9.9546895857e-01 2.6804667044e-02 1.2118829719e+02 1.6961466622e+01 9.5586148015e-01 1.6124806898e+01 9.9326858611e-03 1.0986773503e-02
4.5715236422e+01 3.8731712635e+01 3.6606635080e+01 8.4723859409e-01 8.0043009871e-02 3.7582386098e+02 7.7848515135e+00 9.9273929110e-01 1.0212534022e+01 1.0828700203e-02 1.4191453810e-02
2.4867152783e+01 2.4674204555e+01 2.1563932009e+01 9.9224083957e-01 1.0796463603e-02 4.8232666286e+01 4.4124950826e+02 -9.3578311760e-01 9.5113911875e+00 3.4567610740e-03 3.4685858819e-03
3.5674069201e+01 2.7396021515e+01 2.7168108206e+01 7.6795336581e-01 1.5634535597e-02 7.0101359653e+01 4.1078624588e+02 9.8275823920e-01 8.2378309478e+00 3.0641974458e-03 3.0754619543e-03
3.6650914214e+01 2.1987929570e+01 2.4554122029e+01 5.9992854316e-01 1.7835379874e-02 8.0101304855e+01 1.1384866530e+02 -8.5187797696e-01 1.0952902047e+01 5.2743815520e-03 5.3456002472e-03
3.0489864492e+01 1.9461842399e+01 2.1100541503e+01 6.3830530975e-01 1.5480485715e-02 6.9402617522e+01 1.1079647073e+02 -6.4207375627e-01 8.4278404161e+00 5.8663812137e-03 5.9478316272e-03
3.0676544296e+01 2.9370253219e+01 2.6129464265e+01 9.5741726759e-01 2.0509534755e-02 9.2295303804e+01 1.2731648291e+02 8.1527622697e-01 9.4132349680e+00 4.8570410398e-03 4.9155326681e-03
3.7631493199e+01 2.1093681178e+01 2.4325256828e+01 5.6053266519e-01 1.9801234806e-02 8.9060858255e+01 3.3118781511e+01 4.2490591638e-01 8.3582326517e+00 8.4194700593e-03 8.8358368658e-03
3.1832403697e+01 1.9181198441e+01 2.1375186133e+01 6.0256833329e-01 1.3214177217e-02 5.9141415681e+01 5.2955198412e+01 -3.2120689092e-01 8.2496989372e+00 7.6859586061e-03 7.9156978859e-03
3.8291255595e+01 3.7698125145e+01 3.3075089988e+01 9.8451002872e-01 4.5436046556e-02 2.0822817704e+02 5.1617682429e+01 -8.8121895796e-01 8.1459810644e+00 5.7925826539e-03 5.9704708468e-03
6.0040330687e+01 4.2293026384e+01 4.3734448969e+01 7.0441028389e-01 1.8008576363e-02 8.0889627917e+01 6.6595102605e+01 5.0482992781e-02 1.0137095718e+01 4.4954218121e-03 4.6010682428e-03
3.7646648768e+01 3.3198996284e+01 3.0764377640e+01 8.8185794410e-01 2.4001964480e-02 1.0829219658e+02 6.5974218077e+01 4.9392508995e-01 8.2564404480e+00 5.5999909012e-03 5.7328888243e-03
7.5693840894e+01 7.2515573933e+01 6.4494093136e+01 9.5801155123e-01 2.6082227622e-02 1.1785916022e+02 1.6568631052e+02 8.7795988520e-01 1.1805437694e+01 2.4931559305e-03 2.5161090376e-03
7.0357091636e+01 6.3974822667e+01 5.8392133140e+01 9.0928748161e-01 1.0080773038e-01 4.7997706978e+02 3.6868538141e+01 9.0131674090e-01 8.0089759729e+00 4.4605010047e-03 4.6567933375e-03
2.8649601028e+01 2.5053887945e+01 2.3312869099e+01 8.7449343259e-01 3.6383040471e-02 1.6565202963e+02 1.0531645321e+01 -9.1162247630e-01 1.0166402722e+01 1.3153373262e-02 1.5734022111e-02
4.6256312617e+01 4.1072630444e+01 3.7931714704e+01 8.8793568099e-01 1.5052577821e-02 6.7462538406e+01 1.4683768885e+02 3.6174827976e-01 9.7497800873e+00 3.6595255334e-03 3.6976244839e-03
4.0402489050e+01 3.1798414605e+01 3.1158721300e+01 7.8704098069e-01 2.6733761295e-02 1.2086139752e+02 1.4999825883e+02 9.4659587068e-01 9.2180183381e+00 4.0760545999e-03 4.1175790530e-03
3.8123608543e+01 1.4346976159e+01 1.9897084583e+01 3.7632786370e-01 1.0423265473e-02 4.6552291271e+01 1.1727980713e+01 -3.4433802128e-01 1.3953447892e+01 1.4171115479e-02 1.6570590774e-02
4.2690788013e+01 3.4199539991e+01 3.3222959656e+01 8.0109882209e-01 4.3569937939e-02 1.9940834293e+02 4.7078090381e+01 8.6635118836e-01 8.6436364227e+00 5.9860281444e-03 6.1887031642e-03
3.6367881373e+01 2.2246599597e+01 2.4614328894e+01 6.1171007925e-01 3.8797107443e-02 1.7695320821e+02 2.3257001387e+01 -9.2365683878e-01 8.5983857748e+00 9.4327623217e-03 1.0124551365e-02
3.0218657166e+01 1.3413896754e+01 1.7247888885e+01 4.4389453442e-01 1.9611828011e-02 8.8196499616e+01 2.5292921096e+01 8.7990144452e-01 9.9049378627e+00 1.1549531441e-02 1.2319718077e-02
5.0387418819e+01 3.8044541278e+01 3.8040553534e+01 7.5504048767e-01 3.2719393893e-02 1.4857387473e+02 1.3364337106e+02 9.1476819941e-01 9.1390226432e+00 3.7436671996e-03 3.7865713912e-03
2.8495996676e+01 1.9139132383e+01 2.0250613715e+01 6.7164284866e-01 1.6885258265e-02 7.5780282033e+01 9.5479506014e+00 -9.8506092999e-01 1.9601395479e+01 1.5079453196e-02 1.8484264966e-02
3.8188827725e+01 2.7077241099e+01 2.7911742672e+01 7.0903567121e-01 1.4446087491e-02 6.4714888874e+01 1.5566688251e+02 -6.9634864573e-01 1.1491330963e+01 4.3384760563e-03 4.3810353299e-03
3.9156838358e+01 3.2612030597e+01 3.1083080648e+01 8.3285658303e-01 4.6744729453e-02 2.1442687669e+02 5.0261138170e+01 -9.6840592238e-01 8.1320747676e+00 6.0775788154e-03 6.2695533400e-03
2.8013295284e+01 2.7742956908e+01 2.4268976051e+01 9.9034964027e-01 4.1280871238e-02 1.8862030356e+02 1.2033099056e+01 8.5822096328e-01 8.6939609361e+00 1.2165839816e-02 1.4156388821e-02
4.9766463431e+01 4.7914029531e+01 4.2508728705e+01 9.6277746553e-01 3.2331905420e-02 1.4677273408e+02 5.9212346121e+01 6.9291343845e-01 1.1614831193e+01 4.7405663054e-03 4.8665506812e-03
5.9075749642e+01 5.2904167102e+01 4.8653204012e+01 8.9553103299e-01 5.7950916679e-02 2.6795724557e+02 1.8078598389e+01 -9.9244735856e-01 1.5734992070e+01 6.6949656956e-03 7.3531827108e-03
3.3274177541e+01 3.1544520292e+01 2.8201921130e+01 9.4801803149e-01 1.9116458662e-02 8.5937009127e+01 8.2753853006e+01 -5.1317257199e-01 8.9186414612e+00 5.4473601687e-03 5.5495113729e-03
3.1822534804e+01 2.7296612762e+01 2.5642507113e+01 8.5777619320e-01 1.3823738741e-02 6.1897954882e+01 1.3860072467e+02 -9.9942170145e-01 1.6057123144e+01 4.7800434267e-03 4.8328256840e-03
2.5026573125e+01 1.4381944362e+01 1.6391299083e+01 5.7466694663e-01 1.9323104666e-02 8.6879369120e+01 2.4192107484e+01 8.1751607017e-01 8.8668877570e+00 1.2125923592e-02 1.2976254289e-02
3.1884284075e+01 2.9514434641e+01 2.6701448487e+01 9.2567343121e-01 1.8398553076e-02 8.2665382664e+01 4.1578729236e+01 -2.8848840109e-01 8.0288560034e+00 7.2998034485e-03 7.5820140943e-03
4.7331667780e+01 3.2902026918e+01 3.4241542329e+01 6.9513770507e-01 4.5966153081e-02 2.1073774255e+02 3.2598189214e+01 -7.8787677707e-01 8.7054470977e+00 6.7325385063e-03 7.0713030334e-03
8.3344302862e+01 5.0399187904e+01 5.6069301174e+01 6.0471065416e-01 8.3981951708e-02 3.9537705130e+02 1.7448273522e+01 7.0051189650e-01 9.6055180198e+00 6.1153535991e-03 6.7426217375e-03
4.5229258954e+01 4.4814692568e+01 3.9193407876e+01 9.9083411058e-01 3.2974054789e-02 1.4975813705e+02 6.4631509138e+01 -7.4617076056e-01 1.0759440188e+01 4.8243644253e-03 4.9413410047e-03
4.4920903181e+01 2.7784714169e+01 3.0580110792e+01 6.1852527891e-01 1.8059643440e-02 8.1122103586e+01 6.1973571558e+01 5.2971424274e-01 1.1606154932e+01 5.7754472702e-03 5.9217735915e-03
3.7117156142e+01 3.5094427155e+01 3.1417117591e+01 9.4550420352e-01 2.5924941049e-02 1.1713481131e+02 3.0544218211e+01 -4.9487825701e-01 9.8584212758e+00 7.3687896517e-03 7.7670448412e-03
3.1849357416e+01 2.0205743209e+01 2.1971142673e+01 6.3441604000e-01 1.1483882478e-02 5.1330313429e+01 1.7786898151e+02 -6.5385558129e-01 1.0244018559e+01 4.8014886233e-03 4.8426178079e-03
2.4945788966e+01 2.3464806600e+01 2.1060100956e+01 9.4063196926e-01 3.9277424872e-02 1.7920629271e+02 8.1621308450e+00 -8.7098406937e-01 8.2799334507e+00 1.5394814024e-02 1.9817888499e-02
3.8113914540e+01 3.7849581532e+01 3.3064791925e+01 9.9306465865e-01 4.6600510011e-02 2.1374322510e+02 8.9692357708e+00 -5.6782220954e-01 8.9781521351e+00 1.1160168270e-02 1.3926610580e-02
3.7923946424e+01 3.6178414506e+01 3.2244186452e+01 9.5397283029e-01 4.3264605501e-02 1.9796739044e+02 1.7441594645e+01 6.7838487723e-01 8.9645761460e+00 8.8521188531e-03 9.7605212057e-03
3.2322000638e+01 2.5605742067e+01 2.5010595908e+01 7.9220783248e-01 1.9157705771e-02 8.6125084043e+01 5.3618568828e+00 4.4356081998e-01 1.3962815119e+01 1.6385101702e-02 2.7393217561e-02
3.5203803802e+01 3.3561908380e+01 2.9921775118e+01 9.5336028369e-01 1.6797105214e-02 7.5379679579e+01 3.0900716205e+01 -9.5974810409e-01 2.4270034317e+01 7.6062221185e-03 8.0120890410e-03
4.0568051923e+01 3.7442651665e+01 3.3923418618e+01 9.2295907471e-01 6.4447941782e-02 2.9936000239e+02 8.9563278430e+00 -8.7772708010e-01 9.7064358329e+00 1.0873189968e-02 1.3574402095e-02
3.1990340166e+01 1.8792376400e+01 2.1196158116e+01 5.8743909262e-01 1.3353415457e-02 5.9770854790e+01 3.9071314130e+01 -6.6818398287e-01 1.3468710321e+01 8.6588991647e-03 9.0167997436e-03
4.1395056280e+01 4.0001322334e+01 3.5423598651e+01 9.6633090831e-01 5.4417019137e-02 2.5098938299e+02 1.2450483071e+01 -8.1658987400e-01 1.0362272884e+01 9.4088216991e-03 1.0880515910e-02
6.1885621332e+01 5.8259987893e+01 5.2267834418e+01 9.4141396076e-01 3.3040536406e-02 1.5006736987e+02 2.2739498541e+01 7.7469382016e-01 2.1986963966e+01 5.9622199440e-03 6.4108643446e-03
6.5702173313e+01 3.1859420622e+01 3.9321926593e+01 4.8490664792e-01 4.1078297437e-02 1.8766724144e+02 9.5207702083e+01 -8.5129947907e-01 8.2925093701e+00 4.1432853892e-03 4.2105134783e-03
4.4398744866e+01 3.3412847753e+01 3.3462751631e+01 7.5256289009e-01 6.2788093271e-02 2.9131179201e+02 6.6464924532e+00 7.0812056081e-01 8.7749866806e+00 1.2276324034e-02 1.7339598581e-02
4.0484320249e+01 3.9524034436e+01 3.4822648933e+01 9.7628005592e-01 3.9077533165e-02 1.7826845330e+02 3.4498378282e+01 7.2631220459e-01 9.5578818447e+00 6.5490399325e-03 6.8588035423e-03
4.3668902611e+01 3.0864857170e+01 3.1864809327e+01 7.0679259895e-01 6.3750905176e-02 2.9597811192e+02 5.3653301561e+00 -7.0932431376e-01 8.5601490059e+00 1.3708108461e-02 2.2901402005e-02
3.5054761690e+01 2.7033070671e+01 2.6753717672e+01 7.7116686486e-01 2.4289304163e-02 1.0961194350e+02 4.5523732187e+01 5.8668748772e-01 8.6692774244e+00 7.0218623171e-03 7.2682584871e-03
3.7805041351e+01 3.0608499033e+01 2.9580576744e+01 8.0964067064e-01 1.9373862906e-02 8.7110883526e+01 1.7396044568e+02 9.8692472655e-01 1.1783810456e+01 4.0009600882e-03 4.0360144548e-03
3.4021647830e+01 2.8966655400e+01 2.7311165665e+01 8.5141835414e-01 4.6178629505e-02 2.1174413251e+02 1.1302795823e+01 8.0082647937e-01 8.7044960910e+00 1.1534791175e-02 1.3587701826e-02
3.8286719045e+01 3.7525268815e+01 3.2997086949e+01 9.8011189654e-01 1.6480979477e-02 7.3943505596e+01 2.8116847372e+02 7.2683900011e-01 8.5369430195e+00 3.1266118763e-03 3.1434569761e-03
7.7052554140e+01 7.4427971621e+01 6.5923851563e+01 9.6593776094e-01 1.0917780082e-01 5.2270372042e+02 1.6046702499e+01 8.4168140228e-01 1.0894408559e+01 5.6217784835e-03 6.2599063325e-03
2.7935172671e+01 2.6189221200e+01 2.3544298608e+01 9.3749988617e-01 1.0607537379e-02 4.7381883367e+01 1.2935053628e+02 -6.1556195326e-01 1.2795506831e+01 5.1845966394e-03 5.2460296156e-03
2.8806017976e+01 2.3950461007e+01 2.2846680181e+01 8.3143949387e-01 2.5044229943e-02 1.1308191193e+02 6.6687755818e+01 -8.3425811529e-01 8.3173959605e+00 6.7131273698e-03 6.8706631183e-03
3.7711275769e+01 1.5328980116e+01 2.0524357431e+01 4.0648267137e-01 1.2634467555e-02 5.6522183126e+01 2.9710524196e+02 8.2080971523e-01 8.5166213519e+00 4.1305031084e-03 4.1515519484e-03
4.3744235783e+01 3.9528017066e+01 3.6190572597e+01 9.0361658762e-01 2.0560381016e-02 9.2527621221e+01 2.0728164836e+02 -8.6977811340e-01 1.0356268901e+01 3.3003809635e-03 3.3245860516e-03
2.5710443100e+01 2.1329587807e+01 2.0368624169e+01 8.2960794276e-01 2.6323677482e-02 1.1897142294e+02 7.8600928081e+00 -9.9966302556e-01 1.3430818020e+01 1.6068731289e-02 2.0979387810e-02
3.5999835656e+01 3.4939355108e+01 3.0873935730e+01 9.7054207254e-01 3.4444471191e-02 1.5660440410e+02 4.7753311151e+01 9.4368742576e-01 1.0785036865e+01 6.2676891257e-03 6.4767131011e-03
7.5400988782e+01 6.8016886964e+01 6.2326913138e+01 9.0206889939e-01 1.3610180685e-01 6.6297639924e+02 7.2525948971e+00 -7.8189597453e-01 1.0106529137e+01 7.7255190460e-03 1.0435817100e-02
3.9556986278e+01 3.4113032457e+01 3.1961559259e+01 8.6237693177e-01 5.1269511750e-02 2.3594407013e+02 3.1166635075e+01 9.0176169137e-01 8.2391422683e+00 7.1256298251e-03 7.5022845493e-03
7.8501987410e+01 6.7323324706e+01 6.3250089037e+01 8.5760025863e-01 1.4301779311e-01 6.9969468476e+02 1.0856690299e+01 -8.7735051510e-01 9.5199358744e+00 6.5552289849e-03 7.7880989402e-03
3.8084244286e+01 2.8179993636e+01 2.8454823638e+01 7.3993836989e-01 2.6080382914e-02 1.1785066387e+02 3.5282480308e+01 8.7171122341e-01 1.2979542065e+01 7.4259201634e-03 7.7686758141e-03
2.6190075270e+01 2.1529428354e+01 2.0652011759e+01 8.2204530275e-01 1.6306203883e-02 7.3149778531e+01 3.3712772788e+01 -8.8518187280e-01 1.4141487254e+01 9.2844456381e-03 9.7347591739e-03
3.3143234159e+01 3.0956870586e+01 2.7881710545e+01 9.3403288398e-01 3.6105653183e-02 1.6435591015e+02 7.3143589690e+00 -4.5459125748e-01 8.3405126989e+00 1.3486600114e-02 1.8147581400e-02
4.8084838496e+01 4.2277044262e+01 3.9234724983e+01 8.7921776559e-01 2.1276334897e-02 9.5800651817e+01 6.1962438255e+01 -3.3743557793e-01 1.0207412318e+01 4.9330314018e-03 5.0580378493e-03
3.3411805848e+01 2.7283543136e+01 2.6257256584e+01 8.1658391230e-01 2.1370526639e-02 9.6231509242e+01 5.0162944003e+01 6.4409956353e-01 1.0039158503e+01 6.8628845529e-03 7.0801142019e-03
8.5751155988e+01 7.4594471919e+01 6.9591556759e+01 8.6989465109e-01 2.7451608346e-01 1.4478032791e+03 2.8584881037e+00 9.3189591383e-01 8.3910963295e+00 9.5154849573e-03 1.0000000000e+00
1.5197197434e+01 1.4588044645e+01 1.2961525744e+01 9.5991676815e-01 1.2890507805e-02 5.7678741091e+01 5.5613212514e+01 9.0032715215e-01 8.8310138695e+00 1.0317924767e-02 1.0610815577e-02
6.3240291328e+01 5.6283725937e+01 5.1920035965e+01 8.8999789146e-01 6.5813847051e-02 3.0599603319e+02 3.8426303803e+01 9.5438265724e-01 1.1190365557e+01 4.8228060736e-03 5.0257586616e-03
5.5634693802e+01 4.1339196730e+01 4.1657545514e+01 7.4304707917e-01 5.0334771955e-02 2.3148819568e+02 5.5262152047e+01 7.5691657121e-01 8.1164426645e+00 4.8738474579e-03 5.0131250971e-03
3.6680895666e+01 3.5732486996e+01 3.1516511372e+01 9.7414434263e-01 2.5662277329e-02 1.1592553567e+02 1.6790714830e+02 -8.7179688294e-01 8.4853155768e+00 3.8820017106e-03 3.9172605301e-03
3.7862657024e+01 3.6371156158e+01 3.2304316936e+01 9.6060760172e-01 1.8259472666e-02 8.2031965170e+01 1.1854470090e+02 5.2994195202e-01 9.6124889165e+00 4.3753777118e-03 4.4320609957e-03
3.0198867449e+01 2.4762165611e+01 2.3782449892e+01 8.1997000890e-01 1.1229081858e-02 5.0181760375e+01 4.0739731497e+02 8.2620215191e-01 9.1076240635e+00 3.3494430177e-03 3.3618592612e-03
3.1835777009e+01 2.1245725065e+01 2.2548806820e+01 6.6735374668e-01 1.0384496067e-02 4.6377780490e+01 4.1940331712e+02 7.9595058850e-01 9.0424537013e+00 3.4271048805e-03 3.4394429346e-03
7.0952018728e+01 6.7321802062e+01 6.0162281969e+01 9.4883561129e-01 2.2142734500e-01 1.1347440940e+03 4.9894261882e+00 -9.6689920514e-01 8.7180141380e+00 8.6852396237e-03 1.5932429500e-02
3.0366070279e+01 1.7162245920e+01 1.9714562438e+01 5.6517836396e-01 2.0773810757e-02 9.3502972850e+01 3.9195123165e+01 7.1827536942e-01 8.3960594401e+00 9.0081543083e-03 9.3792237402e-03
5.2110945423e+01 4.4097660022e+01 4.1702675093e+01 8.4622644368e-01 1.1217799630e-01 5.3812149522e+02 3.7849461649e+00 8.4381926446e-01 8.8860708645e+00 1.2843605866e-02 1.0000000000e+00
3.4250666442e+01 2.3737710897e+01 2.4739819475e+01 6.9305836536e-01 2.4764214453e-02 1.1179439828e+02 1.2186999820e+01 9.3190693729e-01 1.5875901838e+01 1.2083608413e-02 1.4027689743e-02
3.7286465668e+01 3.6441025268e+01 3.2089222386e+01 9.7732581019e-01 1.7002157347e-02 7.6311597906e+01 1.0682954243e+02 7.4797061347e-01 1.3916770926e+01 4.5720483336e-03 4.6379478631e-03
2.6593019010e+01 2.5116875977e+01 2.2497032097e+01 9.4449133314e-01 1.5826867471e-02 7.0973964677e+01 1.9725672942e+00 8.8772422977e-01 1.5673499748e+01 2.5523676439e-02 1.0000000000e+00
6.9329276273e+01 6.1963028563e+01 5.7040290340e+01 8.9374982538e-01 5.0173967637e-02 2.3072221313e+02 8.2107564845e+00 -3.6220639199e-01 1.3462835012e+01 8.1870075997e-03 1.0516805346e-02
3.7779421485e+01 3.0177212324e+01 2.9357176336e+01 7.9877380695e-01 6.7434958958e-02 3.1388724366e+02 9.4037377810e+00 -9.5506259842e-01 8.1999777796e+00 1.1665362443e-02 1.4359045722e-02
3.7068057126e+01 3.1994285536e+01 2.9963675343e+01 8.6312280754e-01 2.7412340155e-02 1.2399123894e+02 5.1217297257e+01 5.7176820265e-01 8.3732021075e+00 6.2470802339e-03 6.4405122202e-03
3.6658592194e+01 3.0914737380e+01 2.9285304414e+01 8.4331491010e-01 3.5819922523e-02 1.6302133133e+02 2.1011442517e+01 6.1346895898e-01 8.4035510969e+00 8.8062506061e-03 9.5320006466e-03
3.7956555084e+01 2.9301943862e+01 2.8984145327e+01 7.7198638805e-01 1.8773836742e-02 8.4375190185e+01 2.1862670730e+02 -8.5427611961e-01 9.2677777386e+00 3.7207724565e-03 3.7466265447e-03
6.2447788213e+01 3.7047170386e+01 4.1591352867e+01 5.9325032072e-01 8.3929258235e-02 3.9511484252e+02 7.3365101202e+00 7.5133794345e-01 9.0884663039e+00 1.0200223343e-02 1.3706721355e-02
5.8907290543e+01 3.1374192061e+01 3.7061690299e+01 5.3260287092e-01 5.1641372792e-02 2.3771828109e+02 4.9454817115e+01 -8.9918198785e-01 8.4591958449e+00 5.4619404918e-03 5.6374502358e-03
4.5183732727e+01 4.4705513437e+01 3.9125902488e+01 9.8941611812e-01 1.1025351478e-01 5.2822552311e+02 2.9550560932e+00 9.5523482037e-01 8.3093601856e+00 1.4681807194e-02 1.0000000000e+00
2.6211308028e+01 1.1961499568e+01 1.5184964229e+01 4.5634882300e-01 1.2090523759e-02 5.4066597748e+01 2.2715798229e+02 9.4251790313e-01 8.2332479412e+00 5.5163528116e-03 5.5532263523e-03
2.7972660336e+01 2.7321083120e+01 2.4065994439e+01 9.7670664112e-01 3.4808922749e-02 1.5830348325e+02 3.6131095593e+01 9.3592026422e-01 8.4187395597e+00 8.1292472629e-03 8.4949080459e-03
5.6211390469e+01 4.2145839744e+01 4.2284983534e+01 7.4977401185e-01 5.9305015417e-02 2.7448001582e+02 2.9330314040e+01 -9.6711671774e-01 1.0924912714e+01 6.0907739159e-03 6.4350367468e-03
4.8604134571e+01 4.4698922543e+01 4.0569811219e+01 9.1965267849e-01 2.8949873356e-02 1.3109411820e+02 3.6667456539e+01 -6.0119192441e-01 1.3030645196e+01 5.8538581605e-03 6.1129978663e-03
3.4151948829e+01 3.1774283834e+01 2.8673658287e+01 9.3037981503e-01 1.7183901982e-02 7.7137823330e+01 2.3504839596e+01 -8.3148846900e-01 2.1109220117e+01 8.6533674125e-03 9.2803794670e-03
4.3517538769e+01 2.1564336654e+01 2.6348035811e+01 4.9553208347e-01 3.4781614302e-02 1.5817614068e+02 4.9451735824e+01 9.6904528061e-01 8.9644477449e+00 6.8289600543e-03 7.0484110337e-03
2.7421629569e+01 2.6887298264e+01 2.3637960848e+01 9.8051423954e-01 3.9223851205e-02 1.7895491360e+02 7.0499885346e+00 6.8517614069e-01 8.1726505485e+00 1.5132150163e-02 2.0718555296e-02
3.5559940799e+01 2.7260153736e+01 2.7056641102e+01 7.6659727558e-01 1.3189277500e-02 5.9028867949e+01 4.7874167864e+02 -9.3859488975e-01 8.3045957648e+00 2.9050592032e-03 2.9142140078e-03
4.8534973981e+01 4.8294179177e+01 4.2147180524e+01 9.9503873631e-01 3.8934682483e-02 1.7759839489e+02 3.9786464381e+01 -7.2588848822e-01 1.1480517748e+01 5.5102589083e-03 5.7336108479e-03
2.3738698135e+01 1.6204284722e+01 1.7012336299e+01 6.8261050500e-01 1.7480652593e-02 7.8487348953e+01 2.5044432091e+01 -9.6993888624e-01 1.1994026212e+01 1.1707730666e-02 1.2497207037e-02
6.9619208743e+01 5.7783222837e+01 5.5167456710e+01 8.2998965201e-01 5.6059474996e-02 2.5886564099e+02 1.0636570756e+01 -5.4991464931e-01 1.3549268555e+01 7.5598476381e-03 9.0226634227e-03
3.5443728676e+01 3.0655212767e+01 2.8680541187e+01 8.6489807680e-01 2.1765062673e-02 9.8036859863e+01 2.2989339423e+02 9.8450609614e-01 8.8379580875e+00 3.6686967430e-03 3.6929244647e-03
5.3512061346e+01 3.8259298718e+01 3.9280027037e+01 7.1496589285e-01 7.0116642225e-02 3.2697745624e+02 1.6309059063e+01 7.8414789972e-01 8.2850406973e+00 7.8978356729e-03 8.7767678668e-03
7.0016003958e+01 6.3185907840e+01 5.7887985782e+01 9.0244950108e-01 9.4577149867e-02 4.4844761951e+02 3.9112740245e+00 8.6506376120e-01 1.7471117580e+01 1.0438897698e-02 1.0000000000e+00
4.9737660571e+01 4.7306442384e+01 4.2224990040e+01 9.5111916886e-01 4.4769181210e-02 2.0507376634e+02 6.9374327099e+01 7.2372339933e-01 8.1242924018e+00 4.4524854197e-03 4.5527556078e-03
3.0597991836e+01 2.2665160304e+01 2.2874186554e+01 7.4074012521e-01 2.2964354026e-02 1.0353102299e+02 3.0067308284e+01 -9.5117360733e-01 1.2656898492e+01 9.0548536825e-03 9.5528030241e-03
3.4882866258e+01 3.1438206822e+01 2.8821172771e+01 9.0125067675e-01 4.3521025123e-02 1.9917746849e+02 8.5061271923e+00 -7.5210935105e-01 1.0072989826e+01 1.2427628373e-02 1.5771079385e-02
3.0320373430e+01 2.8409183849e+01 2.5547278150e+01 9.3696681917e-01 2.9067568596e-02 1.3163847228e+02 3.4207097175e+01 -8.0689700944e-01 9.5778000088e+00 8.0215691190e-03 8.4045030818e-03
4.2231056767e+01 4.1278636664e+01 3.6346868411e+01 9.7744740067e-01 1.4630827199e-02 6.5551574592e+01 1.0040195399e+02 3.7756882745e-01 1.1882081918e+01 4.3354384375e-03 4.4020416444e-03
3.5382722728e+01 2.7307537474e+01 2.7014955593e+01 7.7177603554e-01 4.5135374001e-02 2.0680557758e+02 2.4644194139e+01 9.8780750135e-01 8.7908326313e+00 8.6754549057e-03 9.2712013749e-03
3.9447790135e+01 3.2522593149e+01 3.1152574555e+01 8.2444651622e-01 2.2879451728e-02 1.0314175677e+02 5.4469799097e+01 7.3020526819e-01 1.2439740554e+01 5.9743179111e-03 6.1476608841e-03
4.0881372757e+01 4.0817865354e+01 3.5561645986e+01 9.9844654427e-01 1.8279452214e-02 8.2122950607e+01 1.1570858626e+02 -7.2981862464e-01 1.3523619132e+01 4.1579391200e-03 4.2131581641e-03
5.4005411759e+01 3.8648630102e+01 3.9661575150e+01 7.1564365205e-01 2.9982359324e-02 1.3587259567e+02 1.0849658716e+02 6.0865326753e-01 8.1226396373e+00 3.9503890937e-03 4.0064304925e-03
2.3716667474e+01 1.2264126582e+01 1.4689263608e+01 5.1711002801e-01 1.1020100072e-02 4.9240068445e+01 2.6098679202e+02 9.9082094131e-01 8.7290957546e+00 5.3498168035e-03 5.3808924013e-03
2.7496565598e+01 2.5887339373e+01 2.3224023062e+01 9.4147537374e-01 2.0787255490e-02 9.3564424020e+01 2.7794138188e+01 7.5315755518e-01 1.1726315767e+01 9.2500239030e-03 9.8050331733e-03
3.7588813201e+01 3.0106578248e+01 2.9249617206e+01 8.0094516651e-01 2.3533682313e-02 1.0614255586e+02 4.2333718141e+01 -7.5831427034e-01 1.2474767927e+01 6.8276992713e-03 7.0866165631e-03
3.0275079497e+01 2.6602736904e+01 2.4695531865e+01 8.7870081091e-01 1.9386961901e-02 8.7170632393e+01 2.1494521845e+02 -9.2146775431e-01 8.4903636034e+00 4.1371323138e-03 4.1663782878e-03
3.2626060874e+01 3.1935422603e+01 2.8100088368e+01 9.7883169921e-01 3.8113663957e-02 1.7374988704e+02 2.9383558980e+01 -7.6123766080e-01 8.1783357852e+00 7.9576754644e-03 8.4065573430e-03
4.4041194843e+01 4.2782086929e+01 3.7787259472e+01 9.7141067769e-01 2.8414162673e-02 1.2861754785e+02 4.5930886391e+01 -5.3479949240e-01 1.0471925313e+01 5.6258160809e-03 5.8213615616e-03
4.3256491228e+01 3.2447791041e+01 3.2547509749e+01 7.5012535968e-01 3.2610640235e-02 1.4806826181e+02 3.5010010168e+00 7.4245680100e-01 1.6954822950e+01 1.6173897191e-02 1.0000000000e+00
3.2554630996e+01 2.3117716640e+01 2.3812594737e+01 7.1012067817e-01 1.9838022267e-02 8.9228765672e+01 3.3425215989e+00 -5.7454004180e-01 1.3154347026e+01 2.0163072392e-02 1.0000000000e+00
3.9732880958e+01 3.9247537245e+01 3.4377444849e+01 9.8778483461e-01 2.0299631664e-02 9.1336435112e+01 1.1396105926e+02 6.3798897050e-01 1.0667616693e+01 4.2659055590e-03 4.3234488226e-03
3.6951317167e+01 2.7819518348e+01 2.7855555164e+01 7.5286946394e-01 2.8420548102e-02 1.2864705631e+02 1.0282657767e+02 9.0114010863e-01 8.6472615391e+00 5.0315827845e-03 5.1070073404e-03
3.5130904913e+01 1.9828871129e+01 2.2792050855e+01 5.6442813467e-01 2.2519051471e-02 1.0148989991e+02 6.1346590208e+01 8.4730295972e-01 9.5637176033e+00 6.9476842621e-03 7.1255949967e-03
4.2858315868e+01 3.6099674029e+01 3.4217148316e+01 8.4230267330e-01 2.3492332341e-02 1.0595280942e+02 3.7370743628e+00 -3.2299236389e-02 1.2166518668e+01 1.5382116172e-02 1.0000000000e+00
6.8877634967e+01 5.6222589131e+01 5.4118010591e+01 8.1626770660e-01 6.5004156101e-02 3.0206085584e+02 8.1441703874e+01 9.8210324450e-01 8.4819122615e+00 3.5474801182e-03 3.6151136246e-03
3.0848163339e+01 2.1573950366e+01 2.2386824085e+01 6.9935931447e-01 2.8193667792e-02 1.2759875793e+02 1.3911002585e+01 -8.6002203864e-01 1.0982086530e+01 1.2214317336e-02 1.3870257213e-02
3.4753672235e+01 3.3200627205e+01 2.9569556143e+01 9.5531277905e-01 2.5360720125e-02 1.1453776126e+02 3.8993470786e+01 -4.8876765889e-01 8.6714420105e+00 6.9859079183e-03 7.2752795314e-03
7.1425933230e+01 7.0271061738e+01 6.1674741134e+01 9.8383120193e-01 8.6248692731e-02 4.0667286896e+02 2.0220701953e+00 -7.3419554659e-01 1.4055438111e+01 1.2911428103e-02 1.0000000000e+00
7.8601645611e+01 6.5835135135e+01 6.2574597088e+01 8.3757960311e-01 1.8731352026e-01 9.4131691372e+02 8.3509003052e+00 9.8025242147e-01 8.8951904047e+00 7.1108019671e-03 9.0803250739e-03
4.1891838610e+01 3.9106747640e+01 3.5231666359e+01 9.3351709873e-01 6.6689307880e-02 3.1025552012e+02 1.6005298213e+01 -8.5246140028e-01 8.2091336409e+00 8.5303111964e-03 9.5016478768e-03
3.3343040400e+01 2.8347726489e+01 2.6746688861e+01 8.5018421085e-01 1.1708962571e-02 5.2345259472e+01 9.4570418897e+01 -6.2027892809e-01 1.4948656445e+01 5.3803308994e-03 5.4682371045e-03
4.1382503709e+01 2.9996621936e+01 3.0592799648e+01 7.2486242367e-01 2.4855277651e-02 1.1221305070e+02 1.4921358580e+01 -6.1232706161e-01 1.3894686077e+01 9.8076848569e-03 1.1025312053e-02
4.2017076290e+01 3.3456116247e+01 3.2597347932e+01 7.9625045818e-01 5.4577137084e-02 2.5175645574e+02 5.2401348166e+00 9.3998755949e-01 1.3298258885e+01 1.3708957592e-02 2.3534610658e-02
2.9380679173e+01 2.1904700173e+01 2.2037421175e+01 7.4554778138e-01 1.8941351064e-02 8.5138695209e+01 4.9837072156e+01 -9.4646906396e-01 1.2782536227e+01 7.6872290820e-03 7.9322371994e-03
3.2197901104e+01 3.1658257295e+01 2.7793816274e+01 9.8323978301e-01 2.4249281872e-02 1.0942808892e+02 3.2621555732e+00 -7.3745474138e-01 1.6830146520e+01 1.8424059845e-02 1.0000000000e+00
3.0687717866e+01 2.5045635315e+01 2.4109874659e+01 8.1614525472e-01 4.2389465758e-02 1.9384070181e+02 1.5803699140e+01 8.7818719312e-01 8.0406881812e+00 1.1021624391e-02 1.2296268554e-02
2.9303406629e+01 2.7454040582e+01 2.4689372890e+01 9.3688904263e-01 1.2096304353e-02 5.4092683281e+01 1.4313312681e+02 8.6980902442e-01 1.5231589076e+01 4.8410074077e-03 4.8927367806e-03
4.4183874767e+01 2.7532205048e+01 3.0195315266e+01 6.2312789887e-01 3.9803101855e-02 1.8167387313e+02 5.2368225778e+00 -5.4748549092e-01 1.0326404796e+01 1.4511543974e-02 2.4931522078e-02
5.3242649769e+01 1.5078346927e+01 2.3760588715e+01 2.8320053553e-01 1.3384523332e-02 5.9911498532e+01 2.6621815961e+01 5.1092844029e-01 1.4099877858e+01 9.3097270682e-03 9.8958539830e-03
7.5821571716e+01 6.9484420275e+01 6.3175898604e+01 9.1642020474e-01 1.7942906438e-01 8.9750735352e+02 2.5980790519e+00 -9.6513274338e-01 1.0540386142e+01 1.0997312697e-02 1.0000000000e+00
5.7537231031e+01 5.6908088507e+01 4.9814315424e+01 9.8906547096e-01 6.1692134401e-02 2.8600732292e+02 8.2585280358e+00 -7.4310300347e-01 1.4777380308e+01 8.8305300202e-03 1.1320169965e-02
4.5627603860e+01 3.7143589866e+01 3.5800663769e+01 8.1405962013e-01 1.5445479869e-02 6.9243859534e+01 7.6211623291e+01 -6.0552662486e-01 1.6526528222e+01 4.8508794550e-03 4.9499495380e-03
3.4878913174e+01 2.9654597681e+01 2.7979241031e+01 8.5021564557e-01 3.4909504314e-02 1.5877254928e+02 7.1766279490e+01 9.8580442456e-01 8.7346867976e+00 5.7195800195e-03 5.8439189821e-03
3.1052091041e+01 2.0949798323e+01 2.2118648843e+01 6.7466626630e-01 1.0251370592e-02 4.5778626440e+01 1.3284825743e+02 9.2415110842e-01 1.7338951098e+01 5.3385064083e-03 5.4000621804e-03
4.6362623863e+01 3.5798789858e+01 3.5406926618e+01 7.7214762401e-01 1.7863650411e-02 8.0229967680e+01 2.9281998345e+02 -8.5630056803e-01 9.1072138846e+00 2.9441459028e-03 2.9593707764e-03
5.8987778083e+01 5.4002886390e+01 4.9124584929e+01 9.1549280453e-01 7.9187777604e-02 3.7159115588e+02 1.0346822142e+01 8.9127821561e-01 1.2534733555e+01 8.1025305858e-03 9.7322817875e-03
8.3431432491e+01 8.3116286628e+01 7.2493949608e+01 9.9622269624e-01 6.4299610095e-02 2.9864006729e+02 1.1571713983e+01 6.1557162883e-01 1.7524678496e+01 6.1452997108e-03 7.2047576608e-03
6.9988105708e+01 6.2171014367e+01 5.7404757643e+01 8.8830828808e-01 1.2770929942e-01 6.1879298170e+02 5.2687544362e+00 -5.9766463605e-01 8.7400114749e+00 9.2111658703e-03 1.5710445371e-02
4.1422273124e+01 3.0478636249e+01 3.0859635965e+01 7.3580308252e-01 2.5832817934e-02 1.1671063441e+02 1.4720009608e+02 -9.6760116864e-01 9.7466195338e+00 4.1320264311e-03 4.1749366019e-03
3.4949814554e+01 1.9392905636e+01 2.2471102524e+01 5.5487864194e-01 2.9801696663e-02 1.3503595903e+02 2.5394494387e+01 8.4847979207e-01 8.9503161548e+00 9.7142027587e-03 1.0359081326e-02
3.1907885983e+01 3.0642544539e+01 2.7219970731e+01 9.6034392738e-01 1.0119578017e-02 4.5185588783e+01 3.1819444460e+02 -6.7854758068e-01 1.0858243450e+01 3.3796618086e-03 3.3957329458e-03
8.0764602188e+01 6.3655842950e+01 6.2331827951e+01 7.8816512711e-01 1.7203850468e-01 8.5675368682e+02 4.4266330984e+00 9.4324405597e-01 1.1828794858e+01 9.1171863382e-03 2.1921382965e-02
3.3161273465e+01 3.2588340164e+01 2.8617877713e+01 9.8272281968e-01 1.7172728876e-02 7.7087023145e+01 4.7863301225e+01 4.3575963937e-01 1.0814483884e+01 6.6358974712e-03 6.8566608407e-03
6.6221382112e+01 6.2689715631e+01 5.6086541801e+01 9.4666878932e-01 4.1698346251e-02 1.9058526644e+02 9.3387109260e+01 7.2054753327e-01 9.4095366062e+00 3.3414713733e-03 3.3967787484e-03
4.2067760569e+01 2.5680918815e+01 2.8441716556e+01 6.1046555528e-01 2.1328928094e-02 9.6041219451e+01 1.0967959435e+02 7.2734423350e-01 9.4808144186e+00 4.8688080886e-03 4.9371141463e-03
4.4035396583e+01 4.1829459496e+01 3.7360046630e+01 9.4990536574e-01 5.7659093730e-02 2.6655304876e+02 2.6775294242e+00 7.0019637126e-01 1.0272056725e+01 1.6164031945e-02 1.0000000000e+00
3.5626997241e+01 2.4289754783e+01 2.5515950897e+01 6.8177945558e-01 4.1940997548e-02 1.9172789289e+02 5.0093941463e+00 7.3234276422e-01 9.6085589846e+00 1.6371632555e-02 2.9853045787e-02
1.9699665467e+01 1.9021300158e+01 1.6851175209e+01 9.6556462796e-01 1.3772031247e-02 6.1664028270e+01 4.2016433506e+01 9.1472630559e-01 1.2590234417e+01 9.7225903198e-03 1.0094269989e-02
7.4398658209e+01 6.6370951009e+01 6.1153892455e+01 8.9209876370e-01 1.3204119776e-01 6.4154737863e+02 1.1350123128e+01 8.0476282776e-01 8.9669691751e+00 6.6239427057e-03 7.7961700210e-03
3.4071498636e+01 3.0811940607e+01 2.8199369659e+01 9.0433182692e-01 3.0838276310e-02 1.3983920880e+02 8.5934644854e+01 9.5058163153e-01 9.0598717612e+00 5.3329059561e-03 5.4290856313e-03
4.2502006402e+01 3.7270029017e+01 3.4633099712e+01 8.7690046124e-01 2.4458559798e-02 1.1038958809e+02 1.5468112702e+01 -4.8507990128e-01 1.4003038635e+01 8.9565477556e-03 1.0020056298e-02
4.2532559904e+01 4.1788977632e+01 3.6701368457e+01 9.8251734028e-01 4.8072574301e-02 2.2072764437e+02 2.5869450525e+01 8.2924361621e-01 1.0143577663e+01 7.0218982552e-03 7.4784317101e-03
3.6331430122e+01 2.9371396100e+01 2.8405827143e+01 8.0842939576e-01 2.3048454874e-02 1.0391666181e+02 2.0029595363e+02 -9.6762627445e-01 8.7551964563e+00 3.8835499891e-03 3.9130393068e-03
3.1079032529e+01 1.3766407936e+01 1.7718592357e+01 4.4294840656e-01 2.0344263876e-02 9.1540297191e+01 3.8605884804e+01 -8.1752610119e-01 8.3891657772e+00 9.6870314915e-03 1.0092634455e-02
3.5626694661e+01 2.8257190828e+01 2.7584457376e+01 7.9314657440e-01 4.5639895506e-02 2.0919299878e+02 2.1339995736e+01 9.5952236971e-01 9.0047731807e+00 9.0353244230e-03 9.7667091385e-03
3.1296045562e+01 3.0269231409e+01 2.6793370393e+01 9.6719029083e-01 1.0428647760e-02 4.6576519085e+01 9.0149728084e+00 8.7587267791e-01 4.2170054558e+01 1.2986016815e-02 1.6180312321e-02
4.8221101028e+01 1.5169070932e+01 2.2809369296e+01 3.1457330108e-01 2.9157338244e-02 1.3205372863e+02 5.5588995837e+01 -9.4887372309e-01 8.4787314154e+00 7.1767534172e-03 7.3805704941e-03
4.5696380091e+01 4.0275039799e+01 3.7331878690e+01 8.8136171221e-01 3.1695277932e-02 1.4381567489e+02 3.4650232876e+01 3.5780618371e-01 8.0828629471e+00 6.2879832826e-03 6.5839802674e-03
3.4451940004e+01 1.4333539326e+01 1.8988128385e+01 4.1604447600e-01 1.7168854702e-02 7.7069408837e+01 1.4538803933e+01 9.7351791815e-01 1.5986344395e+01 1.3406039041e-02 1.5125230017e-02
4.5913942438e+01 4.4141370719e+01 3.9189739096e+01 9.6139360671e-01 5.0589563119e-02 2.3270222000e+02 1.0872480198e+00 8.9644389394e-01 9.9173602996e+00 2.2088646227e-02 1.0000000000e+00
8.0579782222e+01 5.0134095205e+01 5.5023881469e+01 6.2216717175e-01 1.5547508007e-01 7.6652756769e+02 3.8551305009e+00 9.9010839451e-01 1.1633425001e+01 1.0473364236e-02 1.0000000000e+00
3.5903006214e+01 3.4133040483e+01 3.0473276293e+01 9.5070146159e-01 1.3207805495e-02 5.9112614840e+01 9.1495951954e+01 1.2326099979e-01 8.6983149946e+00 5.0163056458e-03 5.1011043790e-03
3.3850024358e+01 2.8172986455e+01 2.6861147044e+01 8.3228851351e-01 1.6676923819e-02 7.4833611237e+01 1.3388259815e+01 -2.0146262448e-01 1.0825447505e+01 1.1135430028e-02 1.2720644925e-02
7.8343481485e+01 7.6450637520e+01 6.7372008649e+01 9.7583916455e-01 6.8286789336e-02 3.1804040940e+02 4.6981056471e+01 7.1970006539e-01 9.7736568599e+00 3.7950727454e-03 3.9238485794e-03
5.4197600217e+01 5.1179212778e+01 4.5845338445e+01 9.4430772899e-01 2.8866737647e-02 1.3070966094e+02 1.3754579071e+02 -8.8167137219e-01 1.1214388358e+01 3.3034600567e-03 3.3402230807e-03
3.5003892706e+01 3.0862238630e+01 2.8601830605e+01 8.8168018595e-01 2.2001821220e-02 9.9120735647e+01 5.4315826277e+01 -9.7146116993e-01 1.5182913829e+01 6.3120424228e-03 6.4957316805e-03
3.4827055724e+01 2.0310269069e+01 2.2987424957e+01 5.8317502432e-01 1.9237947427e-02 8.6490995311e+01 1.1854853974e+02 7.9003389765e-01 8.7006684121e+00 5.4088628769e-03 5.4789327005e-03
4.2144030567e+01 3.1955061574e+01 3.1886206827e+01 7.5823458610e-01 2.4693492476e-02 1.1146930012e+02 3.5979151413e+01 6.2613459766e-01 1.1850019261e+01 6.8711372942e-03 7.1816232667e-03
5.7686017888e+01 3.6567100495e+01 3.9777501959e+01 6.3389885165e-01 3.1096327820e-02 1.4103605341e+02 7.5876712612e+01 -7.3002469498e-01 1.0664269724e+01 4.5060352704e-03 4.5984842104e-03
3.1383147014e+01 3.0635741167e+01 2.6992936590e+01 9.7618448375e-01 1.5110436877e-02 6.7724792263e+01 2.3454963131e+02 -8.3680374779e-01 1.0288269361e+01 3.7973494766e-03 3.8219230501e-03
7.8935504472e+01 6.6671074233e+01 6.3108768499e+01 8.4462720139e-01 1.8103457570e-01 9.0640056990e+02 5.6641480591e+00 -9.8372280939e-01 1.0723639979e+01 8.2087129778e-03 1.2994320027e-02
3.0187012725e+01 2.8738739231e+01 2.5639625831e+01 9.5202329205e-01 4.4275583430e-02 2.0274080080e+02 6.4114685318e+00 -8.9497026160e-01 1.0519026653e+01 1.4858754957e-02 2.1440548385e-02
3.8923887075e+01 3.8865495747e+01 3.3859784070e+01 9.9849985875e-01 2.2286569015e-02 1.0042479828e+02 2.0565661501e+02 -7.8070241826e-01 8.3458234837e+00 3.4471224612e-03 3.4726062389e-03
7.0444237288e+01 6.8821567094e+01 6.0614024317e+01 9.7696518187e-01 1.4118412321e-01 6.8993239987e+02 1.5221341340e+01 -9.8366973701e-01 9.1338465002e+00 5.9367036635e-03 6.6557718746e-03
6.8669017523e+01 4.1885130820e+01 4.6406350658e+01 6.0995675096e-01 1.4469331236e-01 7.0863195605e+02 3.5208631788e+00 8.7136734212e-01 8.2711029813e+00 1.2123714773e-02 1.0000000000e+00
7.4246953837e+01 7.3891789141e+01 6.4480910687e+01 9.9521644085e-01 2.7928327129e-01 1.4766054461e+03 4.1468269572e+00 -9.6929380261e-01 8.5914343206e+00 8.6602134940e-03 3.0312369863e-02
8.3336091469e+01 6.4573050955e+01 6.3757555378e+01 7.7485096573e-01 1.3797363579e-01 6.7288692211e+02 2.5457040321e+00 5.6073258763e-01 8.4925146874e+00 1.1267507757e-02 1.0000000000e+00
3.3704514622e+01 3.3151193352e+01 2.9099441101e+01 9.8358317050e-01 1.7309796505e-02 7.7710279035e+01 1.5768120085e+02 -6.5024014203e-01 9.3939454679e+00 4.1992052423e-03 4.2398626895e-03
3.7348621451e+01 3.0561395096e+01 2.9382035824e+01 8.1827371157e-01 4.2599036217e-02 1.9482847096e+02 4.1815176935e+01 -9.3049251734e-01 8.4528377590e+00 6.7615461104e-03 7.0213632173e-03
4.0422986761e+01 3.2590094207e+01 3.1560819696e+01 8.0622677388e-01 1.7592695791e-02 7.8997037970e+01 9.1728152675e+01 6.5846461917e-01 1.2637667563e+01 4.8896845340e-03 4.9721270158e-03
3.9252185635e+01 2.9310910417e+01 2.9465770859e+01 7.4673320588e-01 1.3904185239e-02 6.2261933428e+01 3.6692562066e+02 -8.5557929577e-01 9.1473187043e+00 3.0418113570e-03 3.0543403571e-03
3.0831482363e+01 1.3152356761e+01 1.7224243844e+01 4.2658853072e-01 2.5342902609e-02 1.1445578339e+02 1.6965808969e+01 9.6405433667e-01 9.1355461348e+00 1.3379795297e-02 1.4799262612e-02
4.9074333063e+01 4.4157153466e+01 4.0513593248e+01 8.9980139737e-01 4.8956679116e-02 2.2492912444e+02 1.2765695513e+01 -6.0839100423e-01 1.0646725369e+01 8.5986468939e-03 9.9003808762e-03
3.2358076196e+01 3.2091597793e+01 2.8053062245e+01 9.9176470190e-01 2.1711937257e-02 9.7793703943e+01 1.1158503439e+02 7.9090226534e-01 9.8029053250e+00 4.8780982910e-03 4.9453362956e-03
3.4183695218e+01 2.5587952337e+01 2.5692932685e+01 7.4854260703e-01 3.2016807766e-02 1.4530881019e+02 3.8621304890e+00 7.3406728643e-01 1.2199968904e+01 1.8078935628e-02 1.0000000000e+00
4.2956201877e+01 3.5316033346e+01 3.3874830323e+01 8.2214050131e-01 1.6042000819e-02 7.1950312491e+01 8.9627533318e+01 -5.4713346567e-01 1.3133284082e+01 4.7234813827e-03 4.8050477961e-03
3.9842072962e+01 3.5276686212e+01 3.2624821483e+01 8.8541292131e-01 1.5198398653e-02 6.8123533614e+01 2.6100751747e+02 -9.9993677414e-01 1.2984214263e+01 3.2405143166e-03 3.2593360523e-03
6.8747274078e+01 6.5823484474e+01 5.8558732866e+01 9.5747046493e-01 1.2118744185e-02 5.4193947478e+01 1.6145912817e+02 8.8232835415e-01 2.6275843860e+01 2.6970115433e-03 2.7225028338e-03
7.5790569611e+01 5.5185416163e+01 5.6159775196e+01 7.2813037884e-01 9.9229816630e-02 4.7196979807e+02 5.4568229493e+00 -9.3255679036e-01 1.5500295096e+01 9.3647703421e-03 1.5366396660e-02
3.0106960842e+01 1.6250798381e+01 1.9076578537e+01 5.3976880849e-01 2.0425488043e-02 9.1911330676e+01 1.6891547913e+01 6.8680910595e-01 9.5881075831e+00 1.2610827505e-02 1.3955815801e-02
4.2561597201e+01 2.7261515167e+01 2.9508076693e+01 6.4051908199e-01 1.6428128121e-02 7.3703464563e+01 1.7507967240e+02 7.0005404422e-01 1.0122224134e+01 4.0047126482e-03 4.0395719947e-03
4.2284090738e+01 3.7006016209e+01 3.4421183438e+01 8.7517587733e-01 6.0127302563e-02 2.7844671795e+02 3.2821176375e+01 9.8419782498e-01 8.2840664859e+00 6.6374009568e-03 6.9688957614e-03
3.9699057231e+01 3.6907133394e+01 3.3318200039e+01 9.2967279247e-01 3.5116253623e-02 1.5973694063e+02 1.0960133426e+01 8.0015391077e-01 1.4908785197e+01 1.0373985592e-02 1.2299713459e-02
3.7789967608e+01 2.1693938624e+01 2.4737115680e+01 5.7406608147e-01 4.3915150256e-02 2.0103822801e+02 9.6036293356e+00 -9.5100477334e-01 9.7609049931e+00 1.3061665545e-02 1.5985852634e-02
3.1014137424e+01 2.8583069033e+01 2.5915283158e+01 9.2161418654e-01 1.1561994582e-02 5.1682503134e+01 1.8026774189e+02 5.0743686302e-01 9.9585874165e+00 4.3088234232e-03 4.3452336947e-03
3.4342301208e+01 3.0471407229e+01 2.8151385134e+01 8.8728495637e-01 2.1469514813e-02 9.6684370328e+01 7.5157580598e+00 -8.6857891202e-01 2.2872619043e+01 1.3388370121e-02 1.7801655355e-02
8.3101701517e+01 4.0918888930e+01 5.0144290458e+01 4.9239532023e-01 4.2393011239e-02 1.9385741036e+02 7.9324685254e+00 -7.7899872163e-01 2.2646006138e+01 9.0309719951e-03 1.1749331542e-02
3.9865832820e+01 2.8515080803e+01 2.9269701193e+01 7.1527618480e-01 2.4174522776e-02 1.0908468868e+02 1.2082665766e+02 -8.3452377743e-01 9.3662832149e+00 4.6037798374e-03 4.6622692454e-03
4.0823567758e+01 3.2394557875e+01 3.1615939151e+01 7.9352588845e-01 2.2804102619e-02 1.0279633076e+02 1.7475319149e+02 -7.5078515966e-01 8.2064007493e+00 3.8233999642e-03 3.8567442358e-03
3.8554806733e+01 2.8352484228e+01 2.8714886209e+01 7.3538130859e-01 1.1186984822e-02 4.9992043494e+01 1.2025462279e+02 -8.1098094756e-01 1.9315925517e+01 4.7048520243e-03 4.7649165555e-03
4.1474893321e+01 2.5338558242e+01 2.8052238655e+01 6.1093727344e-01 2.6310627138e-02 1.1891129538e+02 4.2861831947e+01 -6.4717112601e-01 9.2919820517e+00 6.9641040337e-03 7.2247121370e-03
8.5664366056e+01 6.1562492086e+01 6.3048161876e+01 7.1864761184e-01 1.6308648290e-01 8.0779746383e+02 1.2058563230e+01 9.0838410411e-01 8.3710355048e+00 6.2464336661e-03 7.2655979583e-03
3.0245184851e+01 2.6043775502e+01 2.4419201933e+01 8.6108832299e-01 4.6690833072e-02 2.1417137290e+02 7.7787290049e+00 8.4854994920e-01 8.5071482581e+00 1.4226934204e-02 1.8650797574e-02
2.9761099715e+01 2.9392615330e+01 2.5747550497e+01 9.8761858977e-01 1.8775786556e-02 8.4384076068e+01 2.3855925622e+02 9.2714594528e-01 8.6944825624e+00 3.8776004565e-03 3.9022666645e-03
6.5725940863e+01 4.9426691212e+01 4.9518130061e+01 7.5201192350e-01 1.9384637179e-01 9.7787401245e+02 4.2473123915e+00 9.6030528963e-01 8.0197992240e+00 1.0569574182e-02 3.0699628076e-02
4.1721259226e+01 3.2759745686e+01 3.2137319627e+01 7.8520510393e-01 4.5358600170e-02 2.0786169197e+02 5.5755543599e+01 -9.7729932538e-01 8.5082482730e+00 5.7298186896e-03 5.8920316650e-03
5.2840765036e+01 5.0364376964e+01 4.4907126907e+01 9.5313489367e-01 4.9592742342e-02 2.2795496586e+02 8.7020237437e+01 -8.6098208353e-01 8.1574972489e+00 3.9239917726e-03 3.9938495238e-03
3.1416757422e+01 2.9408227642e+01 2.6458287054e+01 9.3606820230e-01 1.2640517189e-02 5.6549504818e+01 9.4684143302e+01 5.6559008674e-01 1.2789392117e+01 5.4113563318e-03 5.4996600459e-03
4.5163619838e+01 4.4965912418e+01 3.9231044273e+01 9.9562241864e-01 1.1674608305e-02 5.2190324937e+01 1.6334052143e+02 -3.9353551431e-02 9.0638076483e+00 3.4501765363e-03 3.4824044266e-03
3.5324298935e+01 3.0430336445e+01 2.8526133377e+01 8.6145620330e-01 1.1146804001e-02 4.9810973441e+01 5.1961297136e+02 -9.0288034002e-01 8.9772068587e+00 2.7290095016e-03 2.7369294572e-03
3.5002663298e+01 2.9041819941e+01 2.7731834912e+01 8.2970314842e-01 2.9862159734e-02 1.3531593552e+02 4.8976054222e+01 -7.9835309962e-01 9.2740884988e+00 6.6577618081e-03 6.8739151814e-03
3.8328812348e+01 3.5656440065e+01 3.2178735513e+01 9.3027771750e-01 4.8879421850e-02 2.2456177834e+02 3.4624566701e+00 9.7749871502e-01 1.4419855702e+01 1.6198228678e-02 1.0000000000e+00
5.9739124293e+01 5.2518211380e+01 4.8741436136e+01 8.7912589951e-01 3.3595200723e-02 1.5264846714e+02 2.1178564713e+01 -1.7748365823e-02 9.1441182986e+00 6.3944624739e-03 6.9166398327e-03
3.4087727835e+01 2.9400729102e+01 2.7544490162e+01 8.6250187295e-01 5.9725436612e-02 2.7650758440e+02 3.6464926687e+00 8.2888266253e-01 8.1188579384e+00 1.7396021194e-02 1.0000000000e+00
3.6292746660e+01 3.3088076908e+01 3.0161082742e+01 9.1169944282e-01 5.3123916421e-02 2.4480056898e+02 3.8398810673e+00 7.2478131208e-01 9.5794117773e+00 1.6184436229e-02 1.0000000000e+00
3.5528906915e+01 3.4502487292e+01 3.0479005756e+01 9.7111029548e-01 2.4408603774e-02 1.1016004553e+02 4.9646735369e+01 8.0860891334e-01 1.2774198937e+01 6.2649191941e-03 6.4654065485e-03
4.1804001164e+01 2.3494533546e+01 2.7060145023e+01 5.6201638341e-01 1.0217129120e-02 4.5624536097e+01 1.6693506739e+02 8.6294818264e-01 1.8433875022e+01 4.3201604008e-03 4.3596311939e-03
3.3849094569e+01 1.9064574333e+01 2.1935671133e+01 5.6322257879e-01 1.8552615969e-02 8.3367185826e+01 7.0455430670e+01 8.6029323357e-01 1.0792882558e+01 6.7724189843e-03 6.9224976560e-03
3.6631039676e+01 2.8039717989e+01 2.7850445212e+01 7.6546334030e-01 1.6703432691e-02 7.4954051337e+01 6.0972734771e+01 -3.0775236746e-01 8.5362367772e+00 6.1656425773e-03 6.3245418838e-03
3.8070941780e+01 3.5385357433e+01 3.1948061766e+01 9.2945842100e-01 7.2040613175e-02 3.3639688553e+02 9.5161387752e+00 -9.8273240904e-01 8.8330668412e+00 1.0985962425e-02 1.3478690558e-02
3.1614186966e+01 1.8533467111e+01 2.0924403641e+01 5.8623892909e-01 1.8709015326e-02 8.4079794127e+01 8.4325474949e+01 9.3839511162e-01 1.0433826967e+01 6.5199861067e-03 6.6398952872e-03
2.9137748534e+01 2.6287780942e+01 2.4087070330e+01 9.0218984872e-01 3.4751947456e-02 1.5803780615e+02 2.0026065984e+01 -8.8939009806e-01 9.3223507522e+00 1.0137590196e-02 1.1021050689e-02
4.1047448068e+01 3.2779588738e+01 3.1892657580e+01 7.9857799401e-01 5.0177833648e-02 2.3074062670e+02 1.5867990201e+01 -7.1038056252e-01 8.1406348486e+00 9.1966370743e-03 1.0254944812e-02
4.3884015528e+01 2.6232412065e+01 2.9344235222e+01 5.9776690326e-01 5.3316952768e-02 2.4572376415e+02 4.8338483029e+00 -6.8517841134e-01 8.9534677711e+00 1.5101138587e-02 2.9188510356e-02
5.0816663333e+01 3.8830103553e+01 3.8600940857e+01 7.6412147131e-01 6.9272827996e-02 3.2285362786e+02 8.6605456354e+00 -7.8631120370e-01 9.8109067322e+00 1.0128316389e-02 1.2777707521e-02
3.3485018045e+01 2.0362292126e+01 2.2592979998e+01 6.0810157241e-01 2.8320542139e-02 1.2818493784e+02 1.1111157041e+01 -8.3828344778e-01 1.1378271279e+01 1.3211351347e-02 1.5618142231e-02
2.8236265988e+01 2.7243733388e+01 2.4144434724e+01 9.6484901368e-01 2.0475642925e-02 9.2140461015e+01 1.2815098108e+01 -3.5408329215e-01 9.2302473036e+00 1.2071541004e-02 1.3889872473e-02
6.2750276783e+01 5.9116002993e+01 5.3017068967e+01 9.4208354168e-01 1.5315460891e-01 7.5401107160e+02 7.3440015821e+00 -8.7379146140e-01 8.1070708628e+00 8.4286190232e-03 1.1320908540e-02
5.0830527839e+01 3.0140777684e+01 3.3845521923e+01 5.9296605732e-01 8.1377266122e-02 3.8243642450e+02 4.8156229881e+00 -9.6704832822e-01 1.0053594874e+01 1.3606675627e-02 2.6481230688e-02
3.8862915379e+01 3.5082685511e+01 3.2136195141e+01 9.0272912285e-01 2.1822338077e-02 9.8299031356e+01 1.1771721450e+02 5.2952090323e-01 8.0281467169e+00 4.3916184031e-03 4.4489216534e-03
4.9021414157e+01 4.5398807705e+01 4.1062479147e+01 9.2610155144e-01 3.3358130916e-02 1.5154503010e+02 3.1806532683e+01 -6.6618748090e-01 1.2994334967e+01 6.1117714141e-03 6.4277009298e-03
4.6409869846e+01 4.3084183027e+01 3.8922263847e+01 9.2834095785e-01 5.3112710530e-02 2.4474698421e+02 2.9498245694e+01 8.8306669516e-01 1.0080751720e+01 6.4243113489e-03 6.7851396112e-03
4.3582683176e+01 4.3530155218e+01 3.7918056995e+01 9.9879475163e-01 1.3937547835e-02 6.2412894538e+01 2.0368773646e+02 -8.0140275819e-01 1.4758951243e+01 3.2398366323e-03 3.2640226933e-03
2.7492100401e+01 2.4886967450e+01 2.2765457770e+01 9.0524067232e-01 1.5246473362e-02 6.8341483954e+01 1.1202651755e+02 7.7259718587e-01 1.0832336541e+01 5.5721205859e-03 5.6486143995e-03
8.0351549074e+01 5.5155202281e+01 5.7750567274e+01 6.8642363360e-01 1.8951578774e-02 8.5185317629e+01 6.9837387635e+01 -5.1723108984e-01 1.9618771312e+01 3.7095320072e-03 3.7924939442e-03
3.9760813418e+01 1.8277678625e+01 2.3125043291e+01 4.5969076218e-01 1.6901442682e-02 7.5853836090e+01 4.4392574465e+00 5.0720044694e-02 9.4476270637e+00 1.8496028348e-02 4.4035221182e-02
7.2136767452e+01 7.1449379726e+01 6.2498641228e+01 9.9047104894e-01 2.2421359957e-01 1.1508153400e+03 5.3341636610e+00 9.0398290548e-01 8.2505112385e+00 8.2592575179e-03 1.3887928380e-02
2.6708651957e+01 1.4894277053e+01 1.7217815769e+01 5.5765738673e-01 1.8952196803e-02 8.5188134900e+01 6.1258526557e+01 9.0047195699e-01 8.4741181309e+00 8.3013910310e-03 8.5142865707e-03
4.2933303318e+01 3.2491718388e+01 3.2451673835e+01 7.5679521204e-01 4.4838514934e-02 2.0540159511e+02 2.1355306621e+01 -9.9735798301e-01 1.1705371722e+01 8.1644539060e-03 8.8247967512e-03
4.0145644416e+01 3.5288595867e+01 3.2752916865e+01 8.7901430851e-01 1.7986980426e-02 8.0791320692e+01 9.7815152367e+01 7.4420119887e-01 1.3855943723e+01 4.6628163757e-03 4.7363985922e-03
4.0083503352e+01 2.4268935240e+01 2.6983410190e+01 6.0545943370e-01 3.4799245676e-02 1.5825835734e+02 1.1922144651e+01 9.9761710121e-01 1.3715615823e+01 1.1470101504e-02 1.3370083460e-02
7.3990360996e+01 7.3729187372e+01 6.4298547424e+01 9.9647016692e-01 1.1093713305e-01 5.3173824819e+02 3.5811644970e+01 9.3829948726e-01 8.4317730423e+00 4.2216282603e-03 4.4133593667e-03
6.4188699474e+01 4.2479445336e+01 4.5266352391e+01 6.6179009210e-01 9.2200501191e-02 4.3648316491e+02 7.8223225589e+00 9.3639289415e-01 1.1130861925e+01 9.3998555157e-03 1.2295588589e-02
3.7301452598e+01 3.2985373533e+01 3.0524847578e+01 8.8429193065e-01 3.2625003843e-02 1.4813503604e+02 1.2228761303e+02 9.7353136094e-01 8.3492711866e+00 4.4415006449e-03 4.4972385987e-03
8.3861287325e+01 6.6459632294e+01 6.4903451170e+01 7.9249477815e-01 1.2324392973e-01 5.9545293824e+02 9.1152494353e+00 -6.6053278061e-01 9.3821562661e+00 6.9629594294e-03 8.6473296983e-03
3.3157289226e+01 1.6725474090e+01 2.0266762209e+01 5.0442827146e-01 2.1557592354e-02 9.7087371089e+01 4.2802068859e+01 7.6616436179e-01 8.6646740089e+00 8.5623295700e-03 8.8832246425e-03
4.0250834943e+01 2.2390432639e+01 2.5913753295e+01 5.5627250145e-01 3.2950927674e-02 1.4965057030e+02 2.9060097619e+01 9.6998743060e-01 1.0686382133e+01 8.4319512313e-03 8.9134524581e-03
3.8939277979e+01 3.6932852596e+01 3.3011403754e+01 9.4847296901e-01 3.4002582382e-02 1.5454547800e+02 1.6182446120e+01 -6.7756918794e-01 1.1922401975e+01 9.0216955997e-03 1.0035275412e-02
3.3585728084e+01 2.1531131967e+01 2.3295717148e+01 6.4107980370e-01 2.5069961283e-02 1.1320025090e+02 6.7001239485e+00 3.3093351434e-01 8.0552420682e+00 1.5698970897e-02 2.2074118031e-02
4.1669605409e+01 3.2920179258e+01 3.2198309965e+01 7.9002858162e-01 4.2792471410e-02 1.9574044264e+02 5.3532344508e+01 9.2206595673e-01 8.6425477556e+00 5.8199639084e-03 5.9919483164e-03
8.5198335133e+01 6.2867320775e+01 6.3565690561e+01 7.3789377077e-01 8.4071500621e-02 3.9582269640e+02 3.2989042559e+00 1.4126975373e-01 9.0334010129e+00 1.0558607984e-02 1.0000000000e+00
3.0809361426e+01 2.1605663235e+01 2.2390254023e+01 7.0126942706e-01 1.7656015938e-02 7.9285120915e+01 2.0707945718e+01 -7.1683094185e-01 1.3541509291e+01 1.0588436723e-02 1.1475908621e-02
3.6877195640e+01 3.1780446897e+01 2.9786052794e+01 8.6179131426e-01 4.4802384941e-02 2.0523075876e+02 3.7212512524e+01 -9.8324760812e-01 8.9218938994e+00 6.9945201628e-03 7.2992485107e-03
6.5141255068e+01 6.2312099270e+01 5.5460891811e+01 9.5656890868e-01 1.5427554494e-02 6.9162567814e+01 1.3139730869e+02 -9.2115617168e-01 2.5025442514e+01 3.0081774140e-03 3.0432545314e-03
3.4960973922e+01 2.7357511784e+01 2.6882688027e+01 7.8251572296e-01 4.7481004276e-02 2.1791917502e+02 3.8908198747e+00 -7.7056699713e-01 9.3934739194e+00 1.7363750662e-02 1.0000000000e+00
3.3414764443e+01 2.6453268502e+01 2.5847089616e+01 7.9166407255e-01 2.0805543452e-02 9.3648013823e+01 6.6413333878e+01 7.3194692506e-01 1.0347936459e+01 6.2406287071e-03 6.3877080305e-03
2.5823568004e+01 2.4181428108e+01 2.1751851852e+01 9.3640925621e-01 1.0980033152e-02 4.9059556603e+01 3.9730324551e+01 8.1388274401e-01 1.9891122744e+01 8.4791182367e-03 8.8233320454e-03
7.3119166817e+01 6.0545006929e+01 5.7871233163e+01 8.2803195885e-01 7.1361691678e-02 3.3307034866e+02 6.1192839724e+00 -4.3899280655e-01 1.1873768841e+01 8.9466146928e-03 1.3315286917e-02
3.0968981900e+01 2.5999515568e+01 2.4683591904e+01 8.3953407482e-01 4.9522714914e-02 2.2762170800e+02 5.6956184715e+00 -9.8837688410e-01 1.0061424289e+01 1.5856881631e-02 2.4977419379e-02
1.9437816762e+01 1.8549236549e+01 1.6529396321e+01 9.5428600736e-01 1.5513441075e-02 6.9552083672e+01 9.3718330927e+01 9.5826405355e-01 9.3457158643e+00 7.2760784089e-03 7.3960720018e-03
6.2604038439e+01 5.3149985259e+01 5.0182937491e+01 8.4898652843e-01 1.1653559418e-01 5.6061078126e+02 3.6110773586e+00 -7.9941313045e-01 1.0561355137e+01 1.1615530203e-02 1.0000000000e+00
3.0653285325e+01 2.4108455162e+01 2.3631560303e+01 7.8648845976e-01 2.5285683944e-02 1.1419253619e+02 4.2444766499e+01 8.6131533272e-01 9.9952241477e+00 7.7853094666e-03 8.0797137723e-03
5.0337470321e+01 4.7114294448e+01 4.2390496703e+01 9.3596865610e-01 8.8262247683e-02 4.1673358756e+02 7.9867071606e+00 -8.2562525395e-01 9.4066016975e+00 9.7393851264e-03 1.2638312039e-02
6.5124533155e+01 4.9571521789e+01 4.9371512113e+01 7.6118045516e-01 9.2534954480e-02 4.3816476881e+02 2.4341971211e+00 7.7391541079e-01 1.0601725227e+01 1.3790895988e-02 1.0000000000e+00
3.3826244625e+01 3.2422910284e+01 2.8828855371e+01 9.5851344550e-01 4.9667284234e-02 2.2830974257e+02 1.6890628047e+01 -9.0802314494e-01 8.8336265428e+00 9.5720323042e-03 1.0592989725e-02
4.3593688096e+01 3.7912362399e+01 3.5374043533e+01 8.6967549788e-01 8.8222387312e-02 4.1653418299e+02 3.9778118137e+00 -8.2394370440e-01 8.6381463493e+00 1.4163731302e-02 1.0000000000e+00
8.2603355106e+01 4.1038269650e+01 5.0081703906e+01 4.9681117187e-01 5.4918876800e-02 2.5339416791e+02 1.9482845765e+01 -8.5811844842e-01 1.4599509031e+01 6.4045665955e-03 6.9809631852e-03
8.2059917342e+01 5.0747905487e+01 5.5857923522e+01 6.1842501347e-01 1.2887330572e-01 6.2489640814e+02 8.2134314077e+00 8.2875414295e-01 9.3423632145e+00 7.9276188370e-03 1.0182420449e-02
3.2793891271e+01 1.4725915579e+01 1.8834332014e+01 4.4904447166e-01 1.1399031194e-02 5.0947784744e+01 4.6247791060e+02 -9.5552346644e-01 8.1184299831e+00 3.6948018135e-03 3.7068572762e-03
4.4054621441e+01 4.0627134841e+01 3.6823632719e+01 9.2219915896e-01 4.5195503171e-02 2.0709002541e+02 9.4837625380e+00 -4.2618873126e-01 8.7819740114e+00 1.0226461544e-02 1.2558525481e-02
3.4633990085e+01 2.4308010121e+01 2.5180606606e+01 7.0185416298e-01 2.3387063494e-02 1.0546980366e+02 8.1348125507e+00 2.8159510433e-01 8.7162072587e+00 1.3918713401e-02 1.7939423768e-02
3.4305094130e+01 2.9281423987e+01 2.7573854282e+01 8.5355906259e-01 3.2269856716e-02 1.4648440816e+02 2.2517919395e+01 -5.7568650023e-01 8.0847514574e+00 8.9287557796e-03 9.6081985896e-03
4.1570009644e+01 3.1828667467e+01 3.1609782153e+01 7.6566418290e-01 2.7979565097e-02 1.2660980975e+02 7.1070016072e+01 6.0886398000e-01 8.2359775310e+00 5.3414552917e-03 5.4587580941e-03
8.3240272970e+01 6.8985070123e+01 6.5910676798e+01 8.2874632268e-01 2.5481919278e-01 1.3299891213e+03 4.9127492490e+00 -9.0350372965e-01 8.1916088962e+00 8.1135971628e-03 1.5252054868e-02
4.0931006830e+01 2.9476532716e+01 3.0157369771e+01 7.2015166494e-01 2.5238110989e-02 1.1397368272e+02 1.1092970827e+02 7.3960319325e-01 8.6072382985e+00 4.6627423117e-03 4.7274013294e-03
6.2311504842e+01 5.1183473322e+01 4.9116053871e+01 8.2141289079e-01 3.5764995040e-02 1.6276483950e+02 8.8838243519e+01 -8.8535470231e-01 1.2347048024e+01 3.7122979156e-03 3.7769908445e-03
3.6792886569e+01 3.1005652280e+01 2.9381825384e+01 8.4270779411e-01 6.5479132988e-02 3.0436878747e+02 5.2579829145e+00 8.5747227404e-01 8.8032114201e+00 1.4516059102e-02 2.4818634780e-02
4.1413888667e+01 3.5891155944e+01 3.3545827351e+01 8.6664539601e-01 4.4432391850e-02 2.0348177708e+02 1.1566936573e+01 6.9555230176e-01 1.0454408746e+01 1.0066756997e-02 1.1803245300e-02
6.3760362215e+01 5.8872846967e+01 5.3328315954e+01 9.2334555391e-01 1.3772878842e-01 6.7158940410e+02 1.0006268331e+01 -9.6486970066e-01 8.9712603124e+00 7.5412928013e-03 9.1321089383e-03
3.4541003234e+01 3.0794580762e+01 2.8382823109e+01 8.9153695259e-01 1.0452081549e-02 4.6682006177e+01 4.5810573483e+02 -8.4507394257e-01 1.0005356134e+01 2.8712864661e-03 2.8807449030e-03
4.5805097027e+01 3.5758802426e+01 3.5178593186e+01 7.8067299813e-01 3.2660000233e-02 1.4829773461e+02 1.0221993412e+02 9.7284464298e-01 1.0322553169e+01 4.3470787219e-03 4.4126399167e-03
2.7741851122e+01 2.1376546535e+01 2.1163863442e+01 7.7055227644e-01 1.9391168744e-02 8.7189821443e+01 1.6287067080e+02 -9.7370377156e-01 8.5885567537e+00 5.0555658921e-03 5.1029282106e-03
2.5693795547e+01 2.0605022815e+01 2.0006302761e+01 8.0194546490e-01 1.2690081509e-02 5.6773359209e+01 1.5591526617e+02 7.9212154022e-01 1.0305219481e+01 5.3448482838e-03 5.3971947611e-03
5.1929713680e+01 5.1893392619e+01 4.5191628518e+01 9.9930057267e-01 2.7631309411e-02 1.2500184997e+02 6.6266075684e+01 -4.4015427509e-01 1.0086101421e+01 4.3865890357e-03 4.4902121184e-03
8.2283768171e+01 3.6544927192e+01 4.6978646258e+01 4.4413288312e-01 9.4600214384e-02 4.4856389952e+02 1.3914067960e+01 -8.4382828122e-01 8.6946336141e+00 7.3901445151e-03 8.3917737601e-03
5.9166066476e+01 5.3489740023e+01 4.8961554092e+01 9.0406111491e-01 7.1604076593e-02 3.3425763893e+02 2.8236262789e+00 7.6123977453e-01 1.3964302598e+01 1.3272021229e-02 1.0000000000e+00
4.2981541501e+01 2.4625239137e+01 2.8106024149e+01 5.7292591836e-01 1.1833224616e-02 5.2905735896e+01 3.2550405969e+02 8.7050654252e-01 1.1581097197e+01 3.2810992694e-03 3.2963483508e-03
3.1626120463e+01 3.0528496568e+01 2.7049305805e+01 9.6529375469e-01 3.8597813205e-02 1.7601879532e+02 5.7420706640e+01 -9.7386440829e-01 8.0412988293e+00 6.3371332404e-03 6.5110709457e-03
3.2234576361e+01 2.8178700748e+01 2.6225228459e+01 8.7417623959e-01 1.7144861272e-02 7.6960322590e+01 3.3514545975e+02 -9.6194556905e-01 8.2663540610e+00 3.3778816902e-03 3.3931252046e-03
3.5956326500e+01 3.3538642261e+01 3.0227470271e+01 9.3276053274e-01 2.8812304772e-02 1.3045796330e+02 5.6827419045e+01 8.9899527470e-01 1.1361420468e+01 5.9703569648e-03 6.1360268343e-03
4.2741643136e+01 2.9603061349e+01 3.0862517847e+01 6.9260466321e-01 1.8690448720e-02 8.3995189871e+01 1.6631243347e+01 7.6906911572e-01 2.1775606504e+01 9.4005438807e-03 1.0422153422e-02
3.2898690756e+01 3.1913986735e+01 2.8207449059e+01 9.7006859549e-01 2.2891116221e-02 1.0319523415e+02 9.0723578795e+01 -7.1913952847e-01 9.2876066400e+00 5.2499469608e-03 5.3394747135e-03
6.8858296584e+01 3.7111705433e+01 4.3595706877e+01 5.3895764598e-01 2.0105908208e-02 9.0451737527e+01 2.5629947527e+02 7.0819224070e-01 8.1224786553e+00 2.7138430808e-03 2.7298984758e-03
3.9557475966e+01 2.8688289394e+01 2.9251274537e+01 7.2523053337e-01 2.1157179066e-02 9.5255686659e+01 5.1144633605e+00 -8.3922597453e-01 2.5885530067e+01 1.5104186799e-02 2.6745314049e-02
8.0806723669e+01 4.7238215633e+01 5.3403793261e+01 5.8458273629e-01 4.8680589637e-02 2.2361653943e+02 4.0485692298e+01 -4.8571786749e-01 8.8422579721e+00 4.6940538717e-03 4.8807907237e-03
1.7097377131e+01 1.6110552823e+01 1.4446931044e+01 9.4228212315e-01 1.0899836438e-02 4.8698282077e+01 8.4458086430e+01 6.5265134580e-01 8.2158535590e+00 8.2533060531e-03 8.4048463196e-03
3.1881542155e+01 2.5157457167e+01 2.4620068561e+01 7.8909160180e-01 1.6496999038e-02 7.4016267152e+01 2.4478432127e+02 -7.8528997052e-01 8.0729043084e+00 3.9548479836e-03 3.9793585060e-03
5.7191100276e+01 3.0440891538e+01 3.5969877197e+01 5.3226623358e-01 3.8374481936e-02 1.7497198980e+02 6.9201871818e+01 8.4404355383e-01 9.1883485784e+00 4.9453092069e-03 5.0569669807e-03
2.8607155225e+01 2.6910551670e+01 2.4151942170e+01 9.4069303498e-01 2.0872061804e-02 9.3952071700e+01 7.0899294766e+00 8.7607285980e-01 1.9361697356e+01 1.5065304464e-02 2.0570171782e-02
8.1885585742e+01 4.3665231424e+01 5.1551585519e+01 5.3324685936e-01 1.0047171894e-01 4.7827068120e+02 1.8157322412e+00 7.2901152188e-01 8.8048565946e+00 1.4915514731e-02 1.0000000000e+00
6.9420530918e+01 6.3932238795e+01 5.7986153138e+01 9.2094136921e-01 1.2631057089e-01 6.1146933226e+02 1.7558592605e+01 -8.9471184734e-01 8.3753276229e+00 5.8327460486e-03 6.4265253822e-03
7.5423463586e+01 6.9107748778e+01 6.2838759298e+01 9.1626326202e-01 6.5020830950e-02 3.0214185543e+02 5.1315931135e+00 -6.3138387489e-01 1.9698388546e+01 9.1113996826e-03 1.6061859295e-02
5.8139435384e+01 5.7468012910e+01 5.0320046203e+01 9.8845151368e-01 1.0420933647e-01 4.9729019112e+02 2.9242614252e+00 9.9371115289e-01 1.3295735469e+01 1.2637739262e-02 1.0000000000e+00
8.1420314250e+01 5.6951059715e+01 5.9092382410e+01 6.9946990796e-01 4.3706576794e-02 2.0005337713e+02 8.9026482526e+01 8.0240855462e-01 1.0486851427e+01 3.2887611816e-03 3.3459482004e-03
3.9243472274e+01 3.4444307570e+01 3.1992769494e+01 8.7770794923e-01 3.7398213550e-02 1.7039981223e+02 3.6997926271e+00 -5.4109636306e-01 1.1626674049e+01 1.5967278179e-02 1.0000000000e+00
4.2763271136e+01 3.8817800416e+01 3.5460366818e+01 9.0773692901e-01 2.4262591769e-02 1.0948923081e+02 6.3758488091e+01 -4.8094580526e-01 9.5331373719e+00 5.1894628172e-03 5.3170936289e-03
7.8425279771e+01 6.3373841077e+01 6.1303455706e+01 8.0807924769e-01 2.5740072765e-01 1.3453201282e+03 3.9663366294e+00 -9.1318001445e-01 8.1388324522e+00 9.1870374984e-03 1.0000000000e+00
2.8708153991e+01 2.4453036700e+01 2.3050688410e+01 8.5178018441e-01 1.1355230887e-02 5.0750342034e+01 1.2419492145e+02 -3.4657653957e-01 8.4391531115e+00 5.3319926040e-03 5.3978546133e-03
4.5947762051e+01 4.4521648713e+01 3.9373226831e+01 9.6896228946e-01 5.5390305165e-02 2.5565461079e+02 1.1162020111e+01 6.9958479813e-01 1.0537719925e+01 9.1702964299e-03 1.0830502293e-02
2.7013849759e+01 2.5948986323e+01 2.3047821395e+01 9.6058083372e-01 1.3106015104e-02 5.8652548742e+01 1.3775280745e+02 9.3009901100e-01 1.4115731579e+01 5.1236574596e-03 5.1805893627e-03
2.9177093959e+01 1.3809505449e+01 1.7237150668e+01 4.7329955028e-01 1.1179926791e-02 4.9960236537e+01 9.4918146515e+00 2.3710281151e-01 9.7404824484e+00 1.6772819608e-02 2.0592951317e-02
8.1156799315e+01 7.6553754937e+01 6.8612413055e+01 9.4328208583e-01 1.9170882609e-02 8.6185169013e+01 5.6207538560e+01 -7.7168685112e-01 3.3903229206e+01 3.6127816737e-03 3.7141951895e-03
6.7324721129e+01 3.5719180440e+01 4.2270868451e+01 5.3055073739e-01 7.2071009750e-02 3.3654588841e+02 1.3892624539e+01 9.3786451044e-01 1.0925154561e+01 8.0022327562e-03 9.0889448646e-03
2.5229457577e+01 2.2820826457e+01 2.0883552443e+01 9.0453099863e-01 1.4598613953e-02 6.5405664425e+01 1.6119053439e+01 2.4937224219e-01 8.8931606808e+00 1.2171854889e-02 1.3545914470e-02
4.3948223793e+01 3.5965952220e+01 3.4576017476e+01 8.1837100834e-01 3.9719358733e-02 1.8128065404e+02 4.0902280340e+01 -8.8610231354e-01 1.0579715604e+01 6.1689107289e-03 6.4116359381e-03
3.6750810195e+01 3.6338510310e+01 3.1813367146e+01 9.8878120283e-01 5.7716295321e-02 2.6682824919e+02 7.0797269913e+00 7.8569214467e-01 9.5401816341e+00 1.2410885845e-02 1.6957697753e-02
4.4988257943e+01 3.2340279896e+01 3.3115995187e+01 7.1886046214e-01 1.4962501246e-02 6.7054298949e+01 3.9839348225e+02 8.9883515651e-01 8.6586014814e+00 2.7399887443e-03 2.7503769179e-03
4.0038835926e+01 3.2443391864e+01 3.1341394077e+01 8.1029807968e-01 3.2559487692e-02 1.4783047240e+02 3.4851956279e+01 -6.3979681714e-01 9.0588061006e+00 6.9954343943e-03 7.3226598007e-03
4.0938652687e+01 2.8513771221e+01 2.9646637450e+01 6.9649999081e-01 1.5856485556e-02 7.1108363185e+01 2.4095113227e+01 1.8948567145e-01 1.1020703008e+01 8.4031575021e-03 8.9951196881e-03
3.6240423615e+01 2.6723561378e+01 2.7029257701e+01 7.3739649573e-01 1.2866547991e-02 5.7570493696e+01 1.3052245809e+02 -3.3174303850e-01 8.5274022426e+00 4.7333902262e-03 4.7889623028e-03
3.7223940394e+01 2.1999007148e+01 2.4742139503e+01 5.9099082243e-01 2.7647213042e-02 1.2507526249e+02 7.9569927615e+01 9.8957628831e-01 9.2674042709e+00 5.9681409227e-03 6.0846983538e-03
3.2101660640e+01 2.7126994955e+01 2.5671493563e+01 8.4503400802e-01 1.5658198471e-02 7.0208704189e+01 1.6698404511e+02 6.4498294104e-01 8.9316385693e+00 4.4493178251e-03 4.4899565306e-03
3.1323414731e+01 2.2245374994e+01 2.2913051550e+01 7.1018358585e-01 3.9883158591e-02 1.8204982533e+02 1.4169728605e+01 -9.5031292599e-01 8.8256520920e+00 1.1871155543e-02 1.3443506415e-02
3.5117552812e+01 2.5760999651e+01 2.6121572047e+01 7.3356477282e-01 3.0037681980e-02 1.3612883414e+02 4.5731212973e+00 3.2716443215e-01 8.3905108986e+00 1.6814470995e-02 3.6637052217e-02
7.3123439485e+01 7.1934011879e+01 6.3137375832e+01 9.8373397622e-01 1.6359925376e-01 8.1058953129e+02 1.0702885208e+01 -8.8666275522e-01 8.5044497594e+00 6.5245669483e-03 7.7761807873e-03
5.6542263755e+01 5.3331842499e+01 4.7800979609e+01 9.4322085741e-01 1.1241709160e-01 5.3935250860e+02 4.0901120284e+00 8.3952101878e-01 1.1055333252e+01 1.1453936222e-02 4.7897398390e-02
3.3491678685e+01 2.8224461348e+01 2.6745935679e+01 8.4273056641e-01 4.4008953786e-02 2.0148124532e+02 6.6731348472e+00 7.7880269052e-01 9.8161421236e+00 1.4258399149e-02 2.0093780588e-02
3.7883916267e+01 2.6497475292e+01 2.7494355670e+01 6.9943865110e-01 4.7408050050e-02 2.1757298238e+02 2.3854582525e+01 -9.1574583911e-01 8.0258990039e+00 8.6742443453e-03 9.2923016465e-03
3.6615715069e+01 3.0117313399e+01 2.8881655405e+01 8.2252424519e-01 2.5699358400e-02 1.1609622529e+02 1.6415476124e+02 8.8268466035e-01 8.0319877367e+00 4.1345127251e-03 4.1729381134e-03
3.2291088090e+01 3.1610843790e+01 2.7813040182e+01 9.7893399261e-01 3.6926088117e-02 1.6819092895e+02 6.1264153571e+01 -9.3161441166e-01 8.1551941505e+00 6.0844407132e-03 6.2404658463e-03
7.3839267625e+01 4.0368419913e+01 4.7104067549e+01 5.4670666723e-01 3.3064899497e-02 1.5018069970e+02 3.8380039349e+01 4.1403658281e-01 1.0538292068e+01 5.2286545746e-03 5.4489722217e-03
3.7934411537e+01 2.4407656780e+01 2.6362064730e+01 6.4341730348e-01 2.2496306240e-02 1.0138567844e+02 1.5934564996e+02 8.7092446684e-01 8.4197609557e+00 4.4349878290e-03 4.4774717111e-03
3.4433270846e+01 3.2705269675e+01 2.9212130269e+01 9.4981594462e-01 2.5538643317e-02 1.1535649585e+02 1.3739716815e+02 -9.1351089331e-01 9.1319170960e+00 4.3889136706e-03 4.4378102380e-03
7.2783501412e+01 6.6636172028e+01 6.0615121338e+01 9.1553952112e-01 9.3096025477e-02 4.4098732718e+02 3.8671883493e+00 -4.1587131769e-01 1.1029150156e+01 1.0194664488e-02 1.0000000000e+00
2.9307219581e+01 1.9702287889e+01 2.0837168312e+01 6.7226738565e-01 1.3505064066e-02 6.0456543982e+01 1.4198283445e+02 7.1154237732e-01 9.5423454588e+00 5.3940741605e-03 5.4521896690e-03
1.9805637798e+01 1.6926721643e+01 1.5929687122e+01 8.5464158317e-01 1.9809331507e-02 8.9097812901e+01 1.1261253655e+01 9.4904777429e-01 1.1125124915e+01 1.6438864777e-02 1.9379273762e-02
4.7239471495e+01 3.7941205156e+01 3.6811327039e+01 8.0316743510e-01 1.3286695983e-02 5.9469227127e+01 2.0554501380e+02 -8.4753452015e-01 1.5911825407e+01 3.2904818847e-03 3.3148210425e-03
2.1782832651e+01 1.7690094925e+01 1.7070523644e+01 8.1211177666e-01 1.0340454059e-02 4.6179548679e+01 8.6028285788e+01 -9.3739863121e-01 1.4573268258e+01 7.3872645288e-03 7.5203449792e-03
3.4165670506e+01 3.0622740130e+01 2.8150164239e+01 8.9630145336e-01 3.2752644099e-02 1.4872847568e+02 1.6384373501e+00 -9.2493148458e-01 1.0841111760e+01 2.3541616073e-02 1.0000000000e+00
3.6053704836e+01 3.0454880269e+01 2.8826275665e+01 8.4470875898e-01 3.9629932528e-02 1.8086080022e+02 2.0202638683e+01 8.2378372420e-01 9.6106683742e+00 9.0048324756e-03 9.7815801682e-03
3.7217423697e+01 2.8652139070e+01 2.8379520812e+01 7.6985820682e-01 2.1206225739e-02 9.5479992646e+01 1.7183768577e+02 -9.8602581891e-01 1.0431091031e+01 4.1202850962e-03 4.1568381677e-03
7.8440166136e+01 6.9872262970e+01 6.4427381193e+01 8.9077148115e-01 1.5117435388e-01 7.4335395335e+02 1.6698823438e+01 -8.9082839892e-01 8.0945225414e+00 5.4894811787e-03 6.0831313751e-03
7.8829985675e+01 7.8449407777e+01 6.8459591773e+01 9.9517216838e-01 1.8567265884e-01 9.3217143486e+02 1.4199973492e+00 8.9119553078e-01 8.4399574438e+00 1.3074902948e-02 1.0000000000e+00
6.3640566817e+01 5.8254386945e+01 5.2995678866e+01 9.1536562069e-01 1.8600632885e-01 9.3402997867e+02 3.6141251373e+00 9.3430688578e-01 8.6636643994e+00 1.0807242135e-02 1.0000000000e+00
3.7684859591e+01 3.7068834321e+01 3.2537109349e+01 9.8365324227e-01 2.7968594905e-02 1.2655914617e+02 1.4617150065e+02 8.7283104495e-01 8.5795259220e+00 4.0028836772e-03 4.0447508886e-03
4.6187339601e+01 4.0691556253e+01 3.7725368431e+01 8.8101104339e-01 2.4330766896e-02 1.0980242637e+02 3.1645742750e+00 -9.0537417126e-01 3.2579709131e+01 1.5395061953e-02 1.0000000000e+00
7.8108951717e+01 6.8281882981e+01 6.3547870453e+01 8.7418767605e-01 1.3929816933e-01 6.7991204525e+02 2.3052979537e+00 -9.0963573682e-01 1.2042081876e+01 1.1710126673e-02 1.0000000000e+00
3.6728578645e+01 3.6430688175e+01 3.1844103688e+01 9.9188940927e-01 3.7927945193e-02 1.7287994364e+02 4.3636964136e+01 -9.5559874583e-01 1.0582643125e+01 6.3456724095e-03 6.5786298698e-03
5.3292989028e+01 5.3067278178e+01 4.6295870169e+01 9.9576471776e-01 6.3069424887e-02 2.9267467326e+02 6.5869801554e+00 8.3677041707e-01 1.5670397498e+01 1.0054221194e-02 1.4274417903e-02
4.7705075118e+01 3.7548028895e+01 3.6791627234e+01 7.8708667372e-01 5.3530166615e-02 2.4674373573e+02 2.5539514987e+01 9.8985473083e-01 1.0878275962e+01 7.0221243921e-03 7.4853099895e-03
4.9892975957e+01 4.5175210566e+01 4.1319657673e+01 9.0544229323e-01 1.3987721826e-02 6.2639938918e+01 2.9305814142e+02 -7.8362033324e-01 1.1208775635e+01 2.6788271352e-03 2.6926686182e-03
7.3182443401e+01 6.9976617949e+01 6.2294849953e+01 9.5619406372e-01 9.4449321599e-02 4.4780323084e+02 1.9236513727e+01 6.5555433453e-01 8.9052694703e+00 5.4871076447e-03 5.9883719161e-03
3.8767465632e+01 2.7598167427e+01 2.8393566344e+01 7.1188990503e-01 1.1901030931e-02 5.3211615908e+01 1.6320014717e+02 5.2854757064e-01 1.1312581480e+01 4.2235418183e-03 4.2630281854e-03
3.1050409379e+01 2.7396465266e+01 2.5380773856e+01 8.8232219201e-01 2.2516108147e-02 1.0147641304e+02 1.0695658947e+02 -7.3247462795e-01 8.0617365982e+00 5.2736162877e-03 5.3495352230e-03
2.3534391951e+01 2.0614823084e+01 1.9166594697e+01 8.7594458049e-01 2.0580694216e-02 9.2620437378e+01 3.5600039456e+01 -9.8995605480e-01 1.1217217578e+01 9.5061928564e-03 9.9407165661e-03
5.3112393319e+01 2.5472275693e+01 3.1600256321e+01 4.7959193894e-01 1.4001309063e-02 6.2701425983e+01 3.2234207958e+02 7.7071474383e-01 9.3888432311e+00 3.0564772394e-03 3.0708229240e-03
3.3384409398e+01 2.0890416237e+01 2.2865188557e+01 6.2575365607e-01 3.5731541564e-02 1.6260863333e+02 7.3367127336e+00 9.5358124831e-01 1.1371522705e+01 1.5252601778e-02 2.0495685232e-02
3.7667533540e+01 3.2348243712e+01 3.0370472675e+01 8.5878316608e-01 3.2393790189e-02 1.4706032341e+02 2.0617483547e+01 -6.9605891056e-01 1.0778516697e+01 8.6875394055e-03 9.4193988585e-03
5.1529091020e+01 2.7894742052e+01 3.2700525376e+01 5.4133968793e-01 4.4941669491e-02 2.0588939559e+02 1.1033987147e+01 8.0835355978e-01 1.1510585180e+01 1.0407989105e-02 1.2322275591e-02
3.5902292421e+01 3.4837416123e+01 3.0787059878e+01 9.7033960156e-01 7.1645713129e-02 3.3446162709e+02 4.2732759341e+00 8.8900114634e-01 9.1903343130e+00 1.5183546961e-02 4.2577785338e-02
6.2427937896e+01 5.4429761789e+01 5.0722165571e+01 8.7188146243e-01 1.1103220565e-01 5.3222699415e+02 6.7641814718e+00 -8.7252929532e-01 1.0607890540e+01 9.1466540216e-03 1.2793975479e-02
2.5966855399e+01 2.2597225329e+01 2.1077623904e+01 8.7023341799e-01 1.9466996260e-02 8.7535720518e+01 1.2715610960e+01 9.9482185407e-01 1.7118775082e+01 1.3187805018e-02 1.5194530696e-02
2.9273917505e+01 2.7448809613e+01 2.4674661028e+01 9.3765412876e-01 1.2623171300e-02 5.6471167009e+01 1.6635657381e+02 -5.7105580264e-01 9.7413846945e+00 4.5758190837e-03 4.6177735172e-03
6.8254808201e+01 5.8526913971e+01 5.4989781755e+01 8.5747679195e-01 1.4515705429e-01 7.1110842772e+02 3.3336538736e+00 -6.8621625056e-01 8.4201584061e+00 1.1126501935e-02 1.0000000000e+00
2.9990917123e+01 2.7393151751e+01 2.4947141033e+01 9.1338159613e-01 2.8331669548e-02 1.2823635333e+02 2.3918557015e+01 -5.9159856980e-01 8.1176029410e+00 9.3148074406e-03 9.9764905342e-03
3.7187902204e+01 1.5223968814e+01 2.0317571969e+01 4.0937960765e-01 2.4485613681e-02 1.1051390467e+02 4.0752621585e+01 9.9607071890e-01 9.9084444907e+00 8.6921330757e-03 9.0354872523e-03
3.8007771120e+01 3.5139996218e+01 3.1810042735e+01 9.2454766964e-01 1.5653329334e-02 7.0186615477e+01 8.3215737160e+01 2.5676893313e-01 9.0165036457e+00 5.0527184691e-03 5.1469251127e-03
6.2846425592e+01 5.0169091692e+01 4.8820528529e+01 7.9828074898e-01 2.9661622114e-02 1.3438743108e+02 7.2817692483e+01 -6.0754597038e-01 1.1939173459e+01 4.0296866280e-03 4.1159735619e-03
4.2711092836e+01 3.2795926718e+01 3.2525118614e+01 7.6785501238e-01 4.2890555156e-02 1.9620296210e+02 2.2991836476e+01 8.0490254318e-01 9.8154825886e+00 7.9395265465e-03 8.5294714047e-03
3.4744222838e+01 3.1964370700e+01 2.9006337739e+01 9.1999095359e-01 5.7948253969e-02 2.6794443066e+02 2.5885637772e+00 9.2215758959e-01 8.4861723773e+00 1.9172349549e-02 1.0000000000e+00
3.2990845019e+01 2.5582668473e+01 2.5250112320e+01 7.7544750545e-01 1.1250208513e-02 5.0276975439e+01 2.9730433571e+02 6.6475693936e-01 9.4925287773e+00 3.6309399415e-03 3.6494305254e-03
4.1796514249e+01 1.5061051229e+01 2.1302940667e+01 3.6034227974e-01 1.0985509306e-02 4.9084227459e+01 2.9991883252e+02 6.3523944906e-01 8.1377568804e+00 4.0253536011e-03 4.0456723825e-03
3.4343549425e+01 2.5989167559e+01 2.5958043233e+01 7.5674087257e-01 3.7044104882e-02 1.6874294506e+02 4.7591476830e+01 9.6546683886e-01 8.3319083993e+00 6.9831932915e-03 7.2169203622e-03
3.2632997236e+01 2.8783043175e+01 2.6669805062e+01 8.8202266455e-01 1.1119877608e-02 4.9689638957e+01 3.0515070959e+02 -8.7721758025e-01 1.2498297293e+01 3.4750718862e-03 3.4923095209e-03
4.8921841352e+01 2.0472670560e+01 2.7048385697e+01 4.1847710540e-01 2.6275069523e-02 1.1874747458e+02 1.2962180960e+01 -7.9844443797e-01 1.4403290580e+01 1.1156764266e-02 1.2812603781e-02
3.1975971310e+01 2.2445141071e+01 2.3249529475e+01 7.0193774109e-01 2.4441554812e-02 1.1031145015e+02 2.4252046561e+01 -6.3537666440e-01 9.0132774729e+00 9.7068149163e-03 1.0385599058e-02
8.0393407384e+01 6.3704782737e+01 6.2216242658e+01 7.9241302004e-01 7.0559863068e-02 3.2914532722e+02 4.1928767832e+01 -6.6985093968e-01 8.8091819982e+00 4.1570188617e-03 4.3162914021e-03
7.8104561577e+01 5.5925393172e+01 5.7376082555e+01 7.1603235513e-01 9.9913890615e-02 4.7543933900e+02 5.7340358296e+00 6.9670133174e-01 1.1989450785e+01 9.0665509190e-03 1.4197699527e-02
3.0239451665e+01 2.4911301313e+01 2.3871071119e+01 8.2380135689e-01 2.4000030597e-02 1.0828331614e+02 1.5285871663e+02 9.9310379957e-01 8.2413534872e+00 4.7885551320e-03 4.8364084236e-03
4.3461291007e+01 3.4964546878e+01 3.3895846389e+01 8.0449857949e-01 3.2194385200e-02 1.4613374361e+02 7.6461766579e+01 -8.6330950434e-01 1.0096052519e+01 4.9623413540e-03 5.0633437708e-03
3.7869709965e+01 2.3597578796e+01 2.5880153201e+01 6.2312541654e-01 4.2209566181e-02 1.9299300790e+02 1.6639009488e+01 -9.0705303470e-01 9.0224871574e+00 1.0343600911e-02 1.1467062162e-02
2.8224857051e+01 2.7021882302e+01 2.4040698351e+01 9.5737888959e-01 2.0544141957e-02 9.2453422818e+01 3.5397250679e+01 -5.8603291466e-01 9.5671322839e+00 8.2688549334e-03 8.6491731109e-03
3.3089436942e+01 3.3040815427e+01 2.8784854889e+01 9.9853060313e-01 3.5471071933e-02 1.6139265836e+02 2.4602376611e+01 8.4558083868e-01 1.0407202036e+01 8.3920021280e-03 8.9693916510e-03
7.3195851627e+01 5.3224470278e+01 5.4199503876e+01 7.2715145865e-01 5.3484472922e-02 2.4652512188e+02 7.1993381481e+01 -8.7712434860e-01 9.9166049239e+00 3.7372002732e-03 3.8181773458e-03
4.4008506271e+01 3.0885494587e+01 3.1995235179e+01 7.0180738235e-01 4.3024897718e-02 1.9683656334e+02 5.7677522801e+00 -6.4792975694e-01 1.1498026469e+01 1.3471959832e-02 2.0990618081e-02
2.8863622738e+01 2.1096646603e+01 2.1429577378e+01 7.3090778641e-01 1.8625873761e-02 8.3700952772e+01 2.9484892416e+01 8.8292819508e-01 1.3398489060e+01 9.5263869760e-03 1.0061714678e-02
4.5970604458e+01 3.1669682827e+01 3.3102205476e+01 6.8891160341e-01 1.5345333535e-02 6.8789722640e+01 5.7247542965e+01 9.8405799615e-01 2.5680798180e+01 5.6717585125e-03 5.8279284490e-03
4.3768033804e+01 3.6335059806e+01 3.4686453041e+01 8.3017345419e-01 2.0225808004e-02 9.0999267273e+01 4.5721742511e+01 6.1172060488e-01 1.4624774296e+01 5.9750229737e-03 6.1837184152e-03
6.2679056739e+01 6.0587682830e+01 5.3645697388e+01 9.6663360908e-01 5.3159774693e-02 2.4497204288e+02 1.3817341358e+01 -7.6588379053e-01 1.6451302235e+01 6.9862373525e-03 7.9415414958e-03
8.3368703078e+01 5.8091912700e+01 6.0387093088e+01 6.9680720169e-01 9.2908371931e-02 4.4004309109e+02 1.1528807006e+01 -8.4712565279e-01 1.2846571623e+01 6.7849504687e-03 7.9605579515e-03
5.4281497677e+01 5.3873845615e+01 4.7076946233e+01 9.9249003657e-01 5.1870322857e-02 2.3881108175e+02 5.7174130617e+01 -7.4371345107e-01 8.6804171934e+00 4.4538886057e-03 4.5766904584e-03
5.8365719923e+01 4.9722897636e+01 4.6867584742e+01 8.5191954631e-01 3.7262861524e-02 1.6976640624e+02 1.0477764833e+02 -7.0354963308e-01 8.5223019876e+00 3.5899973193e-03 3.6427828595e-03
3.0443843208e+01 2.1726495520e+01 2.2325889086e+01 7.1365810719e-01 1.3267716953e-02 5.9383431538e+01 8.7044782094e+01 -4.4517313791e-01 8.8296354140e+00 6.2077484335e-03 6.3182310896e-03
2.9913685232e+01 1.7504826805e+01 1.9780035111e+01 5.8517787659e-01 1.2896393408e-02 5.7705332086e+01 1.0840976327e+02 9.5937212615e-01 1.3411651721e+01 6.1680806358e-03 6.2556547866e-03
5.4614164157e+01 4.2115917306e+01 4.1681047295e+01 7.7115374657e-01 3.6032963230e-02 1.6401634233e+02 2.1094742742e+01 -4.7284555477e-01 1.0907491591e+01 7.0515612552e-03 7.6300460103e-03
3.3827022824e+01 2.6102041416e+01 2.5824709878e+01 7.7163283190e-01 1.3280842286e-02 5.9442764960e+01 1.6278341019e+00 9.2647571130e-01 2.2282682549e+01 2.5203661479e-02 1.0000000000e+00
7.3643163245e+01 6.8834743064e+01 6.1974720006e+01 9.3470649590e-01 1.4227871769e-02 6.3726884787e+01 1.3833998610e+02 -9.0102363298e-01 2.6467505134e+01 2.7548409089e-03 2.7853189526e-03
5.8366915226e+01 4.5260863156e+01 4.4672319854e+01 7.7545409039e-01 1.1202089153e-02 5.0060112153e+01 9.3162506784e+01 5.4806786356e-01 2.4045599814e+01 3.9278737080e-03 3.9930486497e-03
2.9601648200e+01 2.1638132013e+01 2.1978595883e+01 7.3097727082e-01 1.2514713606e-02 5.5981394215e+01 1.1285461980e+02 5.0575573908e-01 9.1680530942e+00 5.6898417221e-03 5.7673640274e-03
3.7947419123e+01 3.3198625428e+01 3.0885259583e+01 8.7485858578e-01 2.9055664481e-02 1.3158341022e+02 1.1909235412e+00 7.8256890674e-01 1.0207727567e+01 2.5095477341e-02 1.0000000000e+00
3.4540602590e+01 2.0001629084e+01 2.2713841286e+01 5.7907585809e-01 1.3310829325e-02 5.9578326514e+01 1.5641811202e+02 6.2638437623e-01 9.2946498639e+00 4.9293801157e-03 4.9774995801e-03
4.0203003214e+01 3.9790124871e+01 3.4818474801e+01 9.8973016169e-01 1.5054609589e-02 6.7471747284e+01 9.3743946274e+01 -1.4439040913e-01 8.8271776099e+00 4.5683046856e-03 4.6436217599e-03
4.6197515326e+01 4.5042332990e+01 3.9710630828e+01 9.7499470852e-01 6.2858875944e-02 2.9165464393e+02 1.1234241469e+01 8.8171409669e-01 1.1526483101e+01 9.0594710487e-03 1.0685242283e-02
8.1338505827e+01 6.1979915189e+01 6.1697547039e+01 7.6199967726e-01 7.0143335204e-02 3.2710798134e+02 4.8627438533e+01 -8.2485091442e-01 9.7702725307e+00 3.9538625248e-03 4.0832065775e-03
3.1408849719e+01 2.4605169917e+01 2.4165049673e+01 7.8338335015e-01 2.9502725018e-02 1.3365191345e+02 1.1806909300e+01 9.6593321834e-01 1.3506284344e+01 1.2373289161e-02 1.4449624869e-02
3.2992394547e+01 2.7755246277e+01 2.6323853806e+01 8.4126195320e-01 1.5989941756e-02 7.1714022496e+01 4.0284506503e+01 -9.7596056297e-01 2.0569720294e+01 7.4639664034e-03 7.7624887908e-03
4.2381673797e+01 3.9230796404e+01 3.5492111144e+01 9.2565472028e-01 3.1171936715e-02 1.4138681089e+02 1.2152764215e+01 -1.3638674904e-01 8.1486939905e+00 9.6161951273e-03 1.1169071942e-02
3.4904898184e+01 3.4060519340e+01 3.0016241488e+01 9.7580915895e-01 2.9924945823e-02 1.3560669432e+02 1.0154130002e+02 -9.5180195687e-01 9.4196064157e+00 4.8203496695e-03 4.8935480907e-03
2.7205583012e+01 2.2956648759e+01 2.1740250602e+01 8.4382123879e-01 1.1665414080e-02 5.2148861184e+01 4.3601777389e+01 -4.9714633378e-01 1.2531330686e+01 8.1878195916e-03 8.4886637954e-03
3.5341901956e+01 3.5034998914e+01 3.0632975814e+01 9.9131617074e-01 4.5396006137e-02 2.0803869640e+02 7.5984952532e+00 7.5837154775e-01 1.0886461972e+01 1.2466057592e-02 1.6498962192e-02
2.7465349524e+01 1.9789293858e+01 2.0241391210e+01 7.2051855159e-01 3.9269583786e-02 1.7916949949e+02 5.6070492441e+00 -9.3580287386e-01 8.8495197101e+00 1.8167283539e-02 2.9027152787e-02
4.6289646868e+01 4.4957045673e+01 3.9712346831e+01 9.7121167940e-01 4.2570969554e-02 1.9469616773e+02 2.5568358494e+01 8.3054773353e-01 1.2644857941e+01 6.7357767969e-03 7.1795106668e-03
3.5961953261e+01 3.3488087446e+01 3.0206866031e+01 9.3120880288e-01 1.0938014091e-02 4.8870261459e+01 3.1156440737e+01 -7.6511595831e-01 3.0446249620e+01 7.5652177065e-03 7.9652525757e-03
5.3065942076e+01 5.0002993676e+01 4.4839583778e+01 9.4228033500e-01 1.0823925820e-01 5.1789171773e+02 5.5462891825e+00 9.8133041303e-01 1.1049249575e+01 1.0659463881e-02 1.7208867250e-02
5.0841511331e+01 3.3916516187e+01 3.6003244912e+01 6.6710283189e-01 3.1860933968e-02 1.4458487135e+02 6.5997047702e+01 9.2170119276e-01 1.2215526957e+01 5.0509409686e-03 5.1707656508e-03
3.1751759709e+01 2.6652609019e+01 2.5305530710e+01 8.3940572943e-01 2.2723909473e-02 1.0242873941e+02 1.0155999537e+02 -7.9715045834e-01 8.7173269613e+00 5.3863067029e-03 5.4680838682e-03
8.2786270216e+01 8.1903399179e+01 7.1684106152e+01 9.8933553796e-01 9.0728410199e-02 4.2908976489e+02 2.1136667734e+01 7.9150082078e-01 1.2231922914e+01 4.8620549247e-03 5.2600050930e-03
6.1088694383e+01 5.1886022579e+01 4.8979064039e+01 8.4935556576e-01 8.3423857425e-02 3.9260078289e+02 2.4850709488e+01 -8.0250614507e-01 8.2539166240e+00 5.8299274208e-03 6.2265127426e-03
6.8138094149e+01 6.3922523777e+01 5.7447571219e+01 9.3813195944e-01 1.0421568951e-01 4.9732259168e+02 1.8770812696e+01 7.6149888322e-01 8.4126795772e+00 5.7931009735e-03 6.3378302817e-03
6.5585086581e+01 4.7763574193e+01 4.8602417290e+01 7.2826882882e-01 7.4472910814e-02 3.4833822941e+02 2.0428978286e+01 9.4007912328e-01 1.1250412074e+01 6.3375283132e-03 6.8771492048e-03
2.6788370923e+01 1.8444233381e+01 1.9283853740e+01 6.8851642505e-01 2.6838607780e-02 1.2134478731e+02 4.8169638331e+00 -5.9755995446e-01 8.0641102728e+00 1.9973110840e-02 3.8851668112e-02
4.6426833512e+01 3.7879311543e+01 3.6469586436e+01 8.1589263530e-01 3.9199327575e-02 1.7883984971e+02 5.0722086497e+01 7.9474985864e-01 9.6468076148e+00 5.5058993358e-03 5.6781432834e-03
5.1291960154e+01 4.7944789563e+01 4.3165812655e+01 9.3474278267e-01 3.2735083861e-02 1.4864682627e+02 3.4631011150e+01 7.2682249748e-01 1.4670651901e+01 5.7400512577e-03 6.0104184661e-03
6.3909491427e+01 4.2081226395e+01 4.4950930186e+01 6.5845034055e-01 5.5221617703e-02 2.5484561115e+02 8.2963773386e+00 6.7741383581e-01 1.3322375092e+01 9.4359597556e-03 1.2076910830e-02
7.3952123274e+01 5.3565149189e+01 5.4649472837e+01 7.2432199127e-01 2.8770849087e-02 1.3026628529e+02 4.3236081357e+01 -5.4442815200e-01 1.5981710686e+01 4.5686509557e-03 4.7380347476e-03
4.1297914075e+01 2.8101194612e+01 2.9547514934e+01 6.8045070172e-01 1.3070581637e-02 5.8492414987e+01 1.7610842591e+02 -6.9485567647e-01 1.2619609494e+01 4.0008546758e-03 4.0354737595e-03
4.7694766564e+01 2.3958135829e+01 2.9087573443e+01 5.0232211111e-01 3.1834714830e-02 1.4446311510e+02 8.6413057593e+01 -8.4313357322e-01 8.0977459830e+00 5.2165089993e-03 5.3100512826e-03
3.1770906741e+01 2.2015250633e+01 2.2946573448e+01 6.9293743525e-01 2.3439560747e-02 1.0571066797e+02 1.2934004860e+01 7.5335966476e-01 1.2307584060e+01 1.2396050408e-02 1.4241013459e-02
3.4213114615e+01 2.3570896232e+01 2.4636538501e+01 6.8894330425e-01 1.9432814166e-02 8.7379788811e+01 5.3817715503e+00 8.5397018690e-01 2.1946321303e+01 1.6514382349e-02 2.7497658549e-02
4.3839500084e+01 3.5462924810e+01 3.4286787290e+01 8.0892630485e-01 2.2171186201e-02 9.9896313458e+01 7.4959607789e+01 9.5192491707e-01 1.6355104128e+01 4.9940626487e-03 5.0978261800e-03
6.8195416420e+01 4.7861193966e+01 4.9580311621e+01 7.0182420576e-01 9.9816771363e-02 4.7494658867e+02 2.3352584321e+00 -8.6940575638e-01 1.0852917135e+01 1.3912386790e-02 1.0000000000e+00
4.2243017398e+01 3.8258321547e+01 3.4988706412e+01 9.0567208271e-01 2.7332543551e-02 1.2362303154e+02 4.5961738791e+01 7.7562313033e-01 1.3265247263e+01 5.9053785420e-03 6.1104944924e-03
5.4951590551e+01 2.6757113454e+01 3.2960823381e+01 4.8692154651e-01 2.5679821271e-02 1.1600629189e+02 2.7719679462e+01 -4.5188233376e-01 1.0268860242e+01 7.4172685223e-03 7.8636427011e-03
4.8562308131e+01 4.7202216848e+01 4.1678885546e+01 9.7199286165e-01 1.5926673307e-02 7.1426878802e+01 1.7152743465e+02 -5.6639904031e-01 1.1582771544e+01 3.2531875972e-03 3.2821012777e-03
2.8354667993e+01 2.1500562422e+01 2.1453713996e+01 7.5827240958e-01 1.9591253957e-02 8.8102624224e+01 5.3990146380e+01 -8.7740016926e-01 1.0890917178e+01 7.5831114005e-03 7.8051943638e-03
3.2262439455e+01 2.7560360460e+01 2.5942744019e+01 8.5425531750e-01 3.4968947043e-02 1.5904979388e+02 1.1532570200e+01 -6.4415294076e-01 8.8544885446e+00 1.1901698223e-02 1.3962961125e-02
2.9987030946e+01 2.5386061977e+01 2.4002557893e+01 8.4656803879e-01 2.0693520800e-02 9.3136020586e+01 1.9033757193e+02 9.7266825955e-01 8.6154482373e+00 4.4043162301e-03 4.4395354537e-03
3.3112606021e+01 2.8165502225e+01 2.6568402804e+01 8.5059757022e-01 3.3372232812e-02 1.5161065680e+02 9.6148219253e+00 -6.2926728986e-01 9.8225365440e+00 1.2565474102e-02 1.5373786697e-02
4.4047136020e+01 2.5175221330e+01 2.8766386199e+01 5.7155183298e-01 2.3593060126e-02 1.0641504816e+02 6.3820572304e+01 -8.7809750360e-01 1.2330738680e+01 5.9146300161e-03 6.0599477830e-03
3.3335411753e+01 1.7457303377e+01 2.0785932092e+01 5.2368644811e-01 2.0415497106e-02 9.1865689525e+01 1.5250345305e+02 -9.7203291901e-01 8.1738080744e+00 5.2372013412e-03 5.2896622446e-03
5.3489301144e+01 3.1974996635e+01 3.5767576359e+01 5.9778303233e-01 3.7376869632e-02 1.7029992129e+02 4.1688992638e+01 5.7104635724e-01 8.0865378542e+00 6.0051162870e-03 6.2366159139e-03
7.9674418564e+01 7.2963827160e+01 6.6362575437e+01 9.1577483054e-01 1.1227408056e-01 5.3861615646e+02 2.8518196402e+00 8.3164539810e-01 1.5579697196e+01 1.0682319581e-02 1.0000000000e+00
3.1785519598e+01 1.4935179557e+01 1.8705184293e+01 4.6987369550e-01 1.0530673577e-02 4.7035814776e+01 6.3810990881e+01 8.0342138437e-01 1.5021560268e+01 7.8030654963e-03 7.9948107260e-03
8.5102393052e+01 7.7331094332e+01 7.0606135757e+01 9.0868295894e-01 7.1318134087e-02 3.3285702669e+02 1.4195758816e+00 -9.8848472957e-01 2.3476762266e+01 1.3665820160e-02 1.0000000000e+00
6.0971830702e+01 5.0483684972e+01 4.8255615201e+01 8.2798374906e-01 1.0862422199e-01 5.1986482534e+02 9.2805632078e+00 -9.9804410971e-01 1.0455438630e+01 8.3921402022e-03 1.0368310954e-02
3.3676365832e+01 3.1952014434e+01 2.8554577608e+01 9.4879639309e-01 1.4134918726e-02 6.3306122947e+01 1.1667617059e+02 -9.2882178029e-01 1.7456901323e+01 4.7664523680e-03 4.8292149947e-03
3.5692262923e+01 3.5071196486e+01 3.0800161122e+01 9.8259940989e-01 4.0490751072e-02 1.8490448293e+02 1.7549579591e+00 9.3998201184e-01 1.0969900984e+01 2.1587443616e-02 1.0000000000e+00
5.6217742891e+01 3.6633975070e+01 3.9327512846e+01 6.5164435970e-01 7.3442356231e-02 3.4327420544e+02 1.6905612603e+01 -8.4473747427e-01 8.3969025401e+00 7.7711831565e-03 8.5991743203e-03
6.7876439071e+01 6.0650500679e+01 5.5838434142e+01 8.9354275959e-01 1.7203081624e-01 8.5671144854e+02 6.3302385675e+00 9.0055690186e-01 8.4374656451e+00 8.5402001752e-03 1.2422969949e-02
3.9029099767e+01 1.2406029071e+01 1.8567816299e+01 3.1786613437e-01 1.3898190614e-02 6.2234809374e+01 8.4176910454e+01 -8.5562853563e-01 1.1114700303e+01 7.0510109332e-03 7.1809228757e-03
3.3933290146e+01 3.2675152849e+01 2.8986801909e+01 9.6292321517e-01 1.0948512955e-02 4.8917557548e+01 4.1206019137e+02 7.2116776745e-01 9.1075764832e+00 2.9476754052e-03 2.9584778317e-03
6.8775820366e+01 6.6010937480e+01 5.8654530471e+01 9.5979862005e-01 1.5024296803e-01 7.3834926821e+02 1.0172442163e+01 9.5276520742e-01 9.1561286430e+00 7.0138151140e-03 8.4589681280e-03
4.9665663503e+01 4.8590754263e+01 4.2765518715e+01 9.7835709495e-01 9.4053176901e-02 4.4580688020e+02 1.2541472792e+01 9.6064812981e-01 9.0528259619e+00 8.1509350141e-03 9.4137648898e-03
3.0112009245e+01 2.2544518758e+01 2.2634868648e+01 7.4868862370e-01 1.9853017922e-02 8.9297212278e+01 1.6461962095e+01 -4.1657631133e-01 8.9127530191e+00 1.1446373592e-02 1.2705846543e-02
7.0347653189e+01 5.4840476287e+01 5.3988078293e+01 7.7956369261e-01 7.8746727385e-02 3.6941009411e+02 4.6621162992e+01 9.3897412189e-01 8.8755767459e+00 4.3445142817e-03 4.4931447181e-03
3.2022822071e+01 2.4497221206e+01 2.4339147270e+01 7.6499257784e-01 1.4815870140e-02 6.6389862713e+01 8.5455345660e+01 5.1832210885e-01 9.6653571488e+00 5.9167831038e-03 6.0241116980e-03
7.7464755177e+01 6.8101458643e+01 6.3203950282e+01 8.7912830147e-01 8.9475030452e-02 4.2280530179e+02 6.2761831102e+01 -9.8848189896e-01 8.0720054143e+00 3.4999267159e-03 3.5874351397e-03
3.1756076452e+01 2.4965629386e+01 2.4476637621e+01 7.8616857545e-01 1.8019738484e-02 8.0940440412e+01 2.1822697938e+01 -5.5337231000e-01 1.2084419146e+01 9.8177643665e-03 1.0592250122e-02
2.7899334629e+01 2.7457586854e+01 2.4094578933e+01 9.8416636882e-01 2.6031188695e-02 1.1762409368e+02 9.1078812592e+01 9.3981851820e-01 8.6953984435e+00 5.7738339957e-03 5.8718995344e-03
6.7836161242e+01 3.2767822228e+01 4.0515599565e+01 4.8304358071e-01 1.6717115503e-02 7.5016219500e+01 1.1478739789e+02 5.9942519979e-01 1.4238889499e+01 3.8476575412e-03 3.8991761400e-03
5.6806954846e+01 3.9744477852e+01 4.1233978353e+01 6.9964105557e-01 1.2458793046e-01 6.0246553117e+02 3.8911417092e+00 8.8553482083e-01 8.3898952737e+00 1.2712660228e-02 1.0000000000e+00
2.6884449581e+01 1.3047131966e+01 1.6097054721e+01 4.8530403892e-01 1.0081666495e-02 4.5015016898e+01 2.3582571215e+01 3.6406796158e-01 9.5636533799e+00 1.2452591511e-02 1.3351506821e-02
7.1152796348e+01 3.9618370782e+01 4.5831893983e+01 5.5680693965e-01 1.3775296690e-01 6.7171751746e+02 4.1952449822e+00 7.7433978684e-01 8.0213721988e+00 1.1484891116e-02 3.6282184224e-02
3.6546002035e+01 2.6017987351e+01 2.6767219274e+01 7.1192431188e-01 3.1711721166e-02 1.4389201828e+02 2.4740115705e+01 7.9607880836e-01 1.0018410456e+01 8.7835298665e-03 9.3840548846e-03
4.0478165931e+01 2.9484432609e+01 2.9999566170e+01 7.2840337331e-01 2.9267073198e-02 1.3256141258e+02 1.0393761318e+02 -8.6781790293e-01 8.7357995820e+00 4.7819392766e-03 4.8528343760e-03
4.7464170039e+01 4.7211512811e+01 4.1209808425e+01 9.9467688516e-01 1.9106201300e-02 8.5890240277e+01 1.3982420436e+02 7.9187737111e-01 1.4193886802e+01 3.5303261878e-03 3.5689608129e-03
3.5072271160e+01 2.6371675379e+01 2.6421967030e+01 7.5192379925e-01 2.2346725782e-02 1.0070036777e+02 3.3458095003e+01 -7.3989709652e-01 1.2083576008e+01 7.9525368701e-03 8.3414566688e-03
2.9379019907e+01 2.9140462616e+01 2.5471830256e+01 9.9188001193e-01 1.6949798106e-02 7.6073609597e+01 4.4109153493e+01 -6.6972520028e-01 1.2997434969e+01 7.3599129941e-03 7.6270157010e-03
4.8070164967e+01 2.0405517387e+01 2.6783458769e+01 4.2449443228e-01 2.6187112942e-02 1.1834227751e+02 7.3754117985e+01 -7.2287021172e-01 8.2360888335e+00 5.8488115685e-03 5.9723986441e-03
4.4372280143e+01 4.2591075102e+01 3.7843470037e+01 9.5985770766e-01 4.2632443455e-02 1.9498595574e+02 3.0193864455e+01 -8.2254618118e-01 1.1243035255e+01 6.5219109315e-03 6.8789085427e-03
8.4479968297e+01 8.3074064333e+01 7.2929047843e+01 9.8335813812e-01 6.4169840731e-02 2.9801033956e+02 4.4352823615e+01 -7.9231245687e-01 1.2416847386e+01 3.6993939690e-03 3.8328633706e-03
8.1356429812e+01 7.0257678277e+01 6.5781456108e+01 8.6357868012e-01 5.6674137495e-02 2.6181763780e+02 9.6676157139e+00 -3.1469047233e-01 1.2797720188e+01 7.0169458569e-03 8.5727023345e-03
7.5116990550e+01 7.2282475448e+01 6.4145107387e+01 9.6226532665e-01 7.3946469939e-02 3.4575053014e+02 4.3967084970e+01 7.4617526901e-01 9.2363296244e+00 3.9985866219e-03 4.1442024031e-03
5.8925997588e+01 4.8693827135e+01 4.6589715228e+01 8.2635558375e-01 4.1377639888e-02 1.8907567145e+02 1.7560035216e+01 2.2750102519e-01 8.5398954223e+00 7.0232363591e-03 7.7381384583e-03
3.1792686235e+01 1.6122246247e+01 1.9487561034e+01 5.0710550620e-01 2.2288435467e-02 1.0043334787e+02 5.1627469433e+01 8.2639204114e-01 8.1366415479e+00 8.1753921462e-03 8.4264052684e-03
2.8287821250e+01 2.1643988912e+01 2.1502384274e+01 7.6513453336e-01 2.9771420084e-02 1.3489577124e+02 3.7247679542e+01 -9.4801635930e-01 8.5540492828e+00 8.6495074347e-03 9.0259533001e-03
7.9346047804e+01 6.4652723376e+01 6.2286727882e+01 8.1481970640e-01 8.0901456858e-02 3.8007704897e+02 3.8715947804e+01 -7.4683528603e-01 8.7433042746e+00 4.2544999253e-03 4.4320928109e-03
4.9913026874e+01 4.6267604531e+01 4.1828956330e+01 9.2696451063e-01 2.2910671336e-02 1.0328488914e+02 2.8887415383e+01 1.5302683763e-01 1.0782598514e+01 6.3035220211e-03 6.6658664457e-03
3.0665637457e+01 2.8462592074e+01 2.5715613646e+01 9.2815915252e-01 2.1215729295e-02 9.5523457272e+01 8.0333957346e+01 7.0849358420e-01 9.2679778848e+00 5.8278996515e-03 5.9405968963e-03
3.3831905547e+01 2.3357946260e+01 2.4388937149e+01 6.9041178385e-01 1.6806651671e-02 7.5423059964e+01 1.8778397046e+02 -9.3717208206e-01 1.0440331020e+01 4.3931827107e-03 4.4287977586e-03
3.4895199712e+01 3.0296460328e+01 2.8291510770e+01 8.6821283666e-01 3.9061770082e-02 1.7819450812e+02 2.8943592641e+01 8.5968570036e-01 9.0117586703e+00 7.9643921934e-03 8.4212231359e-03
3.8442145349e+01 3.7799023965e+01 3.3184479616e+01 9.8327040861e-01 5.0263228123e-02 2.3114738002e+02 1.7386042082e+01 7.9390161735e-01 9.1798302285e+00 8.6686154623e-03 9.5615971248e-03
3.4350971344e+01 2.7823344112e+01 2.6883561751e+01 8.0997255750e-01 5.4888813947e-02 2.5325006834e+02 4.4289187933e+00 9.2532491218e-01 9.9737617569e+00 1.6467423902e-02 3.9522704555e-02
2.6207014909e+01 1.6885547544e+01 1.8225487690e+01 6.4431403585e-01 1.4704923362e-02 6.5887220153e+01 3.9334600812e+01 -5.2485005100e-01 8.4486827060e+00 9.4840401567e-03 9.8732206605e-03
3.1745055400e+01 2.6881678423e+01 2.5413257825e+01 8.4679891354e-01 1.6452107974e-02 7.3812374282e+01 2.1245334730e+02 -7.4594408034e-01 8.5206497536e+00 4.0888846747e-03 4.1181330693e-03
2.5974022086e+01 2.4169966042e+01 2.1809483121e+01 9.3054383189e-01 4.8204938561e-02 2.2135635065e+02 5.9353874550e+00 9.8547833492e-01 8.5049306972e+00 1.6882824502e-02 2.5701030575e-02
3.0356110772e+01 2.9180004829e+01 2.5908531264e+01 9.6125636937e-01 1.3448911364e-02 6.0202627858e+01 3.3586532175e+02 -8.7265260323e-01 9.5173766281e+00 3.4086381246e-03 3.4239871930e-03
3.5589063119e+01 3.5385872365e+01 3.0893483111e+01 9.9429064056e-01 2.4193352916e-02 1.0917118001e+02 1.3302457399e+02 8.6515874290e-01 9.7959388269e+00 4.2932954005e-03 4.3427323341e-03
6.0897563331e+01 4.7569718907e+01 4.6784129040e+01 7.8114322323e-01 6.8818119951e-02 3.2063326935e+02 2.4301240857e+01 9.8089293866e-01 1.1460562262e+01 6.1014576521e-03 6.5271456089e-03
1.8347334978e+01 1.3631050893e+01 1.3736942803e+01 7.4294446082e-01 1.4310029725e-02 6.4098829701e+01 1.5645048111e+01 -7.4635614455e-01 9.4301429849e+00 1.5995263475e-02 1.7868156769e-02
1.7543692497e+01 1.5333670613e+01 1.4271870165e+01 8.7402755240e-01 1.1863349719e-02 5.3041628967e+01 1.9748936934e+02 -9.9526482148e-01 8.6079149224e+00 6.0442180982e-03 6.0907757104e-03
3.9444757782e+01 2.0518392237e+01 2.4507707301e+01 5.2018045974e-01 2.0502793500e-02 9.2264504189e+01 1.6390643797e+02 -9.8339292605e-01 9.5422396036e+00 4.5985846645e-03 4.6413889112e-03
2.8660693189e+01 2.4228773544e+01 2.2924350232e+01 8.4536592972e-01 1.0679335852e-02 4.7705181906e+01 4.1427069694e+02 8.7842653449e-01 9.7957992366e+00 3.4069844325e-03 3.4194030331e-03
8.2045847954e+01 7.8592462691e+01 6.9902495082e+01 9.5790907951e-01 3.3634860081e-02 1.5283309686e+02 1.4479274604e+02 8.4324850826e-01 1.0050458087e+01 2.4822944733e-03 2.5085094838e-03
5.2626600542e+01 3.6660454247e+01 3.8113970718e+01 6.9661452326e-01 1.2261645588e-02 5.4838897750e+01 6.5269408318e+01 5.7150758089e-02 1.3024003080e+01 4.9535779727e-03 5.0724613841e-03
3.8994793766e+01 1.8251842090e+01 2.2900132981e+01 4.6805843362e-01 1.7643455081e-02 7.9227971596e+01 4.0650653961e+01 -9.1668672001e-01 1.4711760273e+01 8.1072653321e-03 8.4283791653e-03
3.8533110124e+01 3.2665100654e+01 3.0864342002e+01 8.4771513509e-01 6.1847220843e-02 2.8675748225e+02 1.1103874467e+01 9.3184832029e-01 8.9121527833e+00 1.0657819932e-02 1.2601162228e-02
2.9933291449e+01 2.3408953236e+01 2.3009523421e+01 7.8203739390e-01 1.8623065904e-02 8.3688159346e+01 1.0805374962e+02 -7.3041643271e-01 8.6669748845e+00 5.5989307516e-03 5.6786929444e-03
3.0167175662e+01 1.6454900715e+01 1.9221161543e+01 5.4545711868e-01 1.0026296852e-02 4.4765914647e+01 1.2054640238e+02 -3.9533389557e-01 8.3279441090e+00 6.0452978627e-03 6.1222840082e-03
8.5504144543e+01 6.2031174128e+01 6.3238141923e+01 7.2547564167e-01 2.3521340576e-01 1.2146575441e+03 5.5606476873e+00 9.7985976720e-01 8.5330309466e+00 8.0269034602e-03 1.2926493429e-02
6.2937195141e+01 6.2210407574e+01 5.4472555692e+01 9.8845217737e-01 2.0143160681e-02 9.0621842977e+01 5.0447244518e+01 -3.3919813433e-01 1.6398577632e+01 4.3434257651e-03 4.4800871662e-03
3.3286656467e+01 2.6183848921e+01 2.5663853672e+01 7.8661697208e-01 1.8399462145e-02 8.2669523284e+01 5.4135704660e+00 -6.8193779003e-01 2.0266368012e+01 1.6072717091e-02 2.6593571986e-02
2.5824027021e+01 2.1224753757e+01 2.0361525006e+01 8.2189945588e-01 2.1134303734e-02 9.5151075982e+01 3.5436186508e+01 -7.1088230783e-01 8.7428493835e+00 9.1663174961e-03 9.5874103663e-03
7.4570304073e+01 6.3995853674e+01 6.0103424234e+01 8.5819488695e-01 5.5848985394e-02 2.5785529213e+02 5.8836398324e+00 -7.9097304474e-01 2.4564275656e+01 8.9482956399e-03 1.3716187218e-02
7.2761207415e+01 5.3505799856e+01 5.4190415050e+01 7.3536162684e-01 9.8647680753e-02 4.6901951527e+02 1.0603761358e+01 -8.4415663179e-01 1.0851605265e+01 7.4668115087e-03 8.9178652053e-03
4.1532718811e+01 4.1430903361e+01 3.6111981375e+01 9.9754854840e-01 1.0565249820e-02 4.7191484592e+01 8.2073867184e+01 -7.5947029100e-01 2.8372043485e+01 4.7066196962e-03 4.7956370854e-03
3.6244055692e+01 2.1120796621e+01 2.3913275883e+01 5.8273822336e-01 1.0281312443e-02 4.5913374488e+01 2.5354522196e+02 7.9567986764e-01 1.2555465131e+01 3.9900109287e-03 4.0138755185e-03
7.4375365213e+01 7.1265335371e+01 6.3376450891e+01 9.5818467804e-01 1.2611583698e-02 5.6418835999e+01 2.2064455031e+02 -5.0680447878e-01 1.1624161722e+01 2.2825959231e-03 2.2983098372e-03
4.3826867552e+01 4.0278117726e+01 3.6569701139e+01 9.1902798387e-01 4.3926405762e-02 2.0109138274e+02 6.7218344653e+01 9.8025781515e-01 9.5394352318e+00 4.9316614365e-03 5.0464388397e-03
3.7117992208e+01 2.1051017713e+01 2.4142164756e+01 5.6713783426e-01 1.0985003039e-02 4.9081946645e+01 4.0572061069e+01 -8.2559923013e-01 2.2845624600e+01 7.8819743072e-03 8.1948145092e-03
6.7783350777e+01 5.8578961450e+01 5.4827104164e+01 8.6420869991e-01 1.6429341723e-01 8.1437164983e+02 2.9365973404e+00 8.4506234845e-01 8.5553294740e+00 1.1569590797e-02 1.0000000000e+00
3.8243964625e+01 3.2181554529e+01 3.0517991278e+01 8.4148060604e-01 4.9494174513e-02 2.2748589437e+02 1.0512131445e+01 -6.7674112458e-01 8.3324740611e+00 1.1036381740e-02 1.3207316130e-02
7.6499251004e+01 3.7815951361e+01 4.6257113667e+01 4.9433100147e-01 1.0650747646e-02 4.7576449041e+01 2.5421637581e+02 -4.1791187241e-01 1.0946301640e+01 2.6385003244e-03 2.6542392953e-03
3.9940519608e+01 1.9972992258e+01 2.4300161009e+01 5.0006841308e-01 1.8411585492e-02 8.2724743144e+01 5.6643364435e+00 7.4797548156e-02 9.4137527025e+00 1.6350538142e-02 2.5881981379e-02
4.0208672633e+01 2.9519361636e+01 2.9920891850e+01 7.3415409420e-01 3.2092754449e-02 1.4566159407e+02 2.2863491056e+01 -7.9081330104e-01 1.1576968546e+01 8.4369213237e-03 9.0678468557e-03
3.3375412341e+01 2.8888958337e+01 2.7017626460e+01 8.6557607264e-01 1.6554744412e-02 7.4278563426e+01 3.4726964798e+01 9.8651100406e-01 2.1585986127e+01 7.7612997216e-03 8.1257721728e-03
4.5901473980e+01 4.5153388171e+01 3.9632325599e+01 9.8370235758e-01 5.9997425926e-02 2.7781990868e+02 4.2928999795e+01 9.6725472916e-01 8.8652222788e+00 5.4959493843e-03 5.7012724586e-03
6.2944901372e+01 3.6341216247e+01 4.1327420910e+01 5.7734964160e-01 2.0983615246e-02 9.4462052697e+01 7.8799993482e+01 7.9731089935e-01 1.7385685319e+01 4.3645327074e-03 4.4506350673e-03
3.7424563565e+01 2.4224727928e+01 2.6089380908e+01 6.4729486787e-01 1.7475685919e-02 7.8464757293e+01 9.5169801866e+00 6.7746289815e-01 1.9251090086e+01 1.2882233673e-02 1.5804848074e-02
4.6475403643e+01 4.6321736666e+01 4.0392234927e+01 9.9669358490e-01 1.0870992022e-01 5.2030418749e+02 4.4139615331e+00 -8.8939006914e-01 9.3218940397e+00 1.2392606314e-02 3.0103248406e-02
5.1555051915e+01 4.2376413147e+01 4.0651355764e+01 8.2196431917e-01 4.0324511315e-02 1.8412319838e+02 8.1745350029e-01 8.2862943090e-01 1.0353022131e+01 2.4173786404e-02 1.0000000000e+00
2.8830119858e+01 2.1580059491e+01 2.1668846984e+01 7.4852479274e-01 2.3729156876e-02 1.0703970154e+02 1.4293005484e+01 -5.5830573743e-01 8.7176166388e+00 1.2373323302e-02 1.3994402777e-02
5.6624633562e+01 3.3355117247e+01 3.7572644941e+01 5.8905665518e-01 1.1002204482e-01 5.2703676613e+02 4.1025662735e+00 9.1146440444e-01 8.5077254738e+00 1.3316735790e-02 5.3108852639e-02
3.6384837971e+01 3.2841895497e+01 3.0085305658e+01 9.0262585539e-01 3.9587209006e-02 1.8066023273e+02 4.7206197227e+01 9.7944937538e-01 9.4890927280e+00 6.3776622292e-03 6.5929742479e-03
3.1219090099e+01 2.3593995992e+01 2.3580672930e+01 7.5575540213e-01 3.1465309119e-02 1.4274815153e+02 3.5104599125e+01 8.6304428997e-01 8.4550638867e+00 8.3397392716e-03 8.7267945530e-03
4.2816431579e+01 2.9901662111e+01 3.1049526550e+01 6.9836885066e-01 7.3208657970e-02 3.4212676481e+02 5.7132920980e+00 8.1344259724e-01 8.0054528509e+00 1.3532447897e-02 2.1257980034e-02
2.7845611570e+01 2.7622953092e+01 2.4143861680e+01 9.9200382161e-01 4.1115405131e-02 1.8784180446e+02 2.2075488574e+01 -9.7732984067e-01 8.4803970651e+00 9.7221734977e-03 1.0479027299e-02
2.9324627750e+01 2.5508354532e+01 2.3798007550e+01 8.6986115389e-01 1.7839861043e-02 8.0121698873e+01 1.7516712488e+01 -9.2791714912e-01 1.9049296719e+01 1.0851467757e-02 1.1959321923e-02
3.3507996326e+01 2.5451234875e+01 2.5374881829e+01 7.5955705103e-01 1.8949744773e-02 8.5176957389e+01 1.9566230820e+02 8.2834133566e-01 8.4147449277e+00 4.2146115938e-03 4.2473835374e-03
6.3392872796e+01 4.6200933906e+01 4.6995633711e+01 7.2880328448e-01 1.8543607425e-02 8.3326144820e+01 1.1225927913e+02 4.6236926637e-01 1.2263861392e+01 3.5323537401e-03 3.5807426397e-03
3.0396608305e+01 2.7912032482e+01 2.5352650520e+01 9.1826141267e-01 1.1752848239e-02 5.2543191275e+01 4.3771219781e+01 5.4521636942e-01 1.6001879348e+01 7.4265801262e-03 7.6983255532e-03
3.8398909298e+01 3.1682839381e+01 3.0336453264e+01 8.2509737804e-01 1.5399084047e-02 6.9033458524e+01 2.1854448382e+02 -8.0307149894e-01 1.1063571120e+01 3.6242430697e-03 3.6494360117e-03
2.4525647742e+01 2.0131056417e+01 1.9324795103e+01 8.2081650318e-01 1.5185035254e-02 6.8062952379e+01 5.0158200582e+01 5.3113700201e-01 8.3731417545e+00 8.3441085805e-03 8.6082495992e-03
3.3946735758e+01 3.1251629189e+01 2.8350130905e+01 9.2060778426e-01 4.9390962298e-02 2.2699478790e+02 1.2631698718e+01 -9.3925192903e-01 9.6621446549e+00 1.0787972753e-02 1.2443767781e-02
2.2166064302e+01 2.0947620890e+01 1.8757326898e+01 9.4503113429e-01 2.3595718783e-02 1.0642724962e+02 1.2232469854e+01 7.8100932492e-01 9.6945848867e+00 1.4356243145e-02 1.6654623030e-02
6.8233966300e+01 3.2434597209e+01 4.0404217574e+01 4.7534386417e-01 8.2690900964e-02 3.8895758370e+02 4.2143288562e+00 6.1069230772e-01 8.8341047884e+00 1.2795745460e-02 3.9100607783e-02
3.8385707226e+01 2.2879822808e+01 2.5628906870e+01 5.9605057353e-01 2.8244402373e-02 1.2783314713e+02 5.4847502644e+01 -8.1384545631e-01 8.7723590721e+00 6.7099672162e-03 6.9032421799e-03
6.4840746259e+01 5.5703811540e+01 5.2288987063e+01 8.5908652743e-01 9.2187984992e-02 4.3642024779e+02 6.9765424028e+00 -9.3490378247e-01 1.3910450453e+01 8.9663025473e-03 1.2340604976e-02
4.8870907385e+01 2.3888215211e+01 2.9373992032e+01 4.8880236707e-01 2.0333901546e-02 9.1492965034e+01 1.9768675426e+02 -8.2143585013e-01 8.7999705392e+00 3.8281447235e-03 3.8576024294e-03
3.0721205723e+01 2.7881561720e+01 2.5472383609e+01 9.0756729965e-01 1.4099116429e-02 6.3144075480e+01 3.1220993385e+02 8.2218233614e-01 8.8746422569e+00 3.5392356492e-03 3.5563910747e-03
3.8517330239e+01 3.5768833207e+01 3.2308365288e+01 9.2864258725e-01 2.2287063564e-02 1.0042706364e+02 1.3437318929e+02 -8.6838484636e-01 1.1070768070e+01 4.1638838124e-03 4.2113392536e-03
4.3676467320e+01 4.2229584442e+01 3.7386416103e+01 9.6687271278e-01 4.6033569571e-02 2.1105702768e+02 1.6319952962e+01 -6.9932523205e-01 1.0630534183e+01 8.2601701532e-03 9.1786791394e-03
8.3285927122e+01 5.0102550075e+01 5.5877273949e+01 6.0157282035e-01 2.7936110737e-02 1.2640912938e+02 9.5606690935e+01 9.9190056589e-01 1.8526080706e+01 3.3476249975e-03 3.4017094105e-03
2.6272826033e+01 2.3644703898e+01 2.1691709743e+01 8.9996804566e-01 1.1974807233e-02 5.3544462106e+01 1.7390521624e+02 -5.6683335849e-01 8.7920909167e+00 4.8796518376e-03 4.9224186488e-03
4.1405530530e+01 2.7087259755e+01 2.9024522515e+01 6.5419424432e-01 1.1390216400e-02 5.0908048444e+01 1.3247766876e+02 -5.8869328636e-01 1.4229544072e+01 4.5062454551e-03 4.5583532735e-03
3.9278415802e+01 2.3369869537e+01 2.6200182287e+01 5.9497994152e-01 1.6875778594e-02 7.5737200158e+01 7.2446945860e+01 8.2187338007e-01 1.3949400334e+01 6.0038602885e-03 6.1331040155e-03
3.6587645194e+01 3.1941975330e+01 2.9746924549e+01 8.7302626775e-01 1.5298933949e-02 6.8579335648e+01 2.4528893353e+02 -7.3746030043e-01 9.5450062119e+00 3.5137350319e-03 3.5354664085e-03
4.6732225548e+01 4.0285053256e+01 3.7751580996e+01 8.6204011866e-01 6.3202455288e-02 2.9331929970e+02 1.7530824371e+01 -9.1682220433e-01 9.8562407818e+00 7.9118021626e-03 8.7187595319e-03
2.7114721905e+01 2.4174146181e+01 2.2280716680e+01 8.9155058517e-01 1.3288859044e-02 5.9479005499e+01 1.6410039634e+02 -8.6799872310e-01 1.1806419646e+01 4.9002204322e-03 4.9457775108e-03
2.2411471048e+01 1.1250007752e+01 1.3663037900e+01 5.0197542716e-01 1.2773533607e-02 5.7150303034e+01 9.1592051057e+01 -9.1069339756e-01 8.5592207963e+00 8.2806001370e-03 8.4204290651e-03
4.4646908253e+01 3.8745210919e+01 3.6189338895e+01 8.6781397492e-01 4.8737058805e-02 2.2388496527e+02 1.1078291781e+01 9.2150895117e-01 1.3696144877e+01 9.7322644891e-03 1.1512457234e-02
3.1587586330e+01 2.4822004943e+01 2.4341166619e+01 7.8581518332e-01 1.5929139241e-02 7.1438069936e+01 1.8654326467e+02 7.8251618156e-01 9.3346581962e+00 4.4118973487e-03 4.4479055758e-03
3.0125176982e+01 2.8278001073e+01 2.5406198805e+01 9.3868331760e-01 2.7989461714e-02 1.2665551592e+02 7.6422104917e+01 -9.1504796887e-01 8.8579806464e+00 5.9584513539e-03 6.0797936941e-03
7.3107295908e+01 5.0676728896e+01 5.2811518722e+01 6.9318292062e-01 6.9389272036e-02 3.2342243835e+02 5.2549608027e+01 -9.7601001141e-01 9.6929633525e+00 4.2344000659e-03 4.3620013446e-03
4.2888437858e+01 3.9946852956e+01 3.6028866507e+01 9.3141310225e-01 3.9020341971e-02 1.7800017512e+02 4.1907501912e+01 -9.1239475481e-01 1.1533208019e+01 5.9602526851e-03 6.1887387524e-03
3.6111020556e+01 3.5960102000e+01 3.1370695634e+01 9.9582070645e-01 2.5916611143e-02 1.1709645431e+02 6.5636517388e+01 7.7137167715e-01 1.0948148382e+01 5.5362862577e-03 5.6683782986e-03
4.1984729492e+01 4.1021481172e+01 3.6127632330e+01 9.7705717454e-01 3.0798766888e-02 1.3965600249e+02 6.8759214733e+00 9.7136859905e-01 2.5705557031e+01 1.1777097844e-02 1.6330368691e-02
3.1603754445e+01 3.0037122687e+01 2.6820350081e+01 9.5042893526e-01 4.0338366487e-02 1.8418830730e+02 3.2675079022e+01 -9.4366932263e-01 8.6383096608e+00 7.8625802236e-03 8.2571865858e-03
7.9270176533e+01 6.1900023640e+01 6.0888009689e+01 7.8087404807e-01 5.3694772128e-02 2.4753137425e+02 9.0204223944e+01 9.3305500783e-01 9.8860350777e+00 3.1928722179e-03 3.2476439571e-03
4.0355932668e+01 3.2634792550e+01 3.1557268962e+01 8.0867397659e-01 2.6267613106e-02 1.1871312248e+02 1.0438328093e+02 -6.5477019271e-01 8.0358640778e+00 4.6340329489e-03 4.7024339191e-03
3.5575073877e+01 3.2142163748e+01 2.9430165558e+01 9.0350237526e-01 2.2765198381e-02 1.0261799521e+02 5.1295955387e+01 6.7335625675e-01 1.1136022112e+01 6.3319017504e-03 6.5276421424e-03
5.6724943943e+01 4.6014147298e+01 4.4427525854e+01 8.1118012816e-01 7.5370067194e-02 3.5275216109e+02 9.3161883805e+00 -6.2056812700e-01 8.7671933751e+00 8.9939423573e-03 1.1099778497e-02
3.7968826846e+01 3.1820470984e+01 3.0235872372e+01 8.3806832151e-01 4.1020619992e-02 1.8739593140e+02 3.8356761945e+01 8.7316387115e-01 8.7637242119e+00 6.8665939963e-03 7.1561182974e-03
3.1560935545e+01 2.7725168414e+01 2.5740907531e+01 8.7846472026e-01 4.9356787784e-02 2.2683219315e+02 1.2628952470e+01 8.8826965125e-01 8.0667807549e+00 1.1460171071e-02 1.3219638221e-02
3.3906458984e+01 2.2331882425e+01 2.3851635334e+01 6.5863210416e-01 3.9405610087e-02 1.7980784105e+02 7.3679179643e+00 -6.7475979118e-01 8.0662705102e+00 1.4798814928e-02 1.9848179002e-02
3.1587089906e+01 3.1539752212e+01 2.7477544712e+01 9.9850135945e-01 2.4357189513e-02 1.0992381978e+02 4.9395145098e+01 -5.9620320528e-01 8.8325074061e+00 6.6972390983e-03 6.9127185546e-03
6.9685411893e+01 5.6738571929e+01 5.4682236509e+01 8.1421018242e-01 2.0291523391e-01 1.0290056988e+03 4.5046927562e+00 9.5177253823e-01 8.5488643743e+00 9.6715369119e-03 2.1977828624e-02
2.1827735143e+01 2.1593795032e+01 1.8899989605e+01 9.8928243770e-01 1.7818618584e-02 8.0025024603e+01 2.8680274913e+01 9.4309300343e-01 1.2750625839e+01 1.0417044732e-02 1.1020645252e-02
6.9684584526e+01 4.8725787584e+01 5.0566093155e+01 6.9923338018e-01 6.1797514149e-02 2.8651703235e+02 6.9364425903e+01 -8.9153042328e-01 8.3946871969e+00 3.9382769538e-03 4.0269803314e-03
2.6247429536e+01 2.2526579226e+01 2.1155900942e+01 8.5823943998e-01 1.3225863556e-02 5.9194239839e+01 9.3983321196e+01 6.1807240989e-01 1.0090612000e+01 6.2382902518e-03 6.3408702439e-03
3.6828629137e+01 3.0488826538e+01 2.9145413361e+01 8.2785667704e-01 1.2630421581e-02 5.6503910609e+01 1.3936170336e+02 -9.5108896645e-01 1.8989155223e+01 4.4066007834e-03 4.4549883275e-03
3.6566875116e+01 2.4380896512e+01 2.5887549686e+01 6.6674815486e-01 1.8482185858e-02 8.3046335694e+01 1.7546810446e+02 7.0657652105e-01 8.0386972070e+00 4.3370425667e-03 4.3747097973e-03
4.1719156113e+01 1.9877885908e+01 2.4734973745e+01 4.7646903150e-01 1.0103462418e-02 4.5113080141e+01 6.7027941086e+01 -3.0395173387e-01 1.1827411828e+01 6.4346727882e-03 6.5848744952e-03
7.3506338776e+01 6.9794123284e+01 6.2350030563e+01 9.4949802216e-01 9.8403738154e-02 4.6778381940e+02 1.5747409109e+01 9.8072716986e-01 1.3123418612e+01 5.8981818179e-03 6.5832945590e-03
8.4368831995e+01 7.9694263394e+01 7.1377819770e+01 9.4459365514e-01 5.6220423287e-02 2.5963838288e+02 6.5676780273e+01 -8.3141941940e-01 1.1493419162e+01 3.2513793888e-03 3.3289054351e-03
3.6306063637e+01 2.5120716023e+01 2.6202043156e+01 6.9191516529e-01 4.0289821066e-02 1.8396018572e+02 7.9707365244e+00 6.0888138452e-01 8.1750601348e+00 1.3541846331e-02 1.7585841307e-02
2.6199475189e+01 2.5987585561e+01 2.2715512881e+01 9.9191244762e-01 3.5358154110e-02 1.6086565132e+02 2.6291000051e+01 9.9273718080e-01 8.8406541238e+00 9.4920464820e-03 1.0098083063e-02
3.7744440903e+01 3.2913513305e+01 3.0669318944e+01 8.7200956000e-01 3.2144230901e-02 1.4590073155e+02 7.4339892343e+01 8.6017313166e-01 9.1227282027e+00 5.3386898848e-03 5.4505744976e-03
2.9684763345e+01 1.1267479763e+01 1.5565414408e+01 3.7957115008e-01 1.0155032123e-02 4.5345112988e+01 2.1587207448e+02 -8.4667937864e-01 9.2559458334e+00 5.5431179394e-03 5.5821326025e-03
7.2200355878e+01 5.6116133841e+01 5.5324787474e+01 7.7722793965e-01 2.7349618739e-02 1.2370181846e+02 1.0907521880e+02 5.8524435866e-01 1.0955206828e+01 3.2071900560e-03 3.2524405564e-03
4.9470763989e+01 4.0477788207e+01 3.8917093622e+01 8.1821635533e-01 1.5663371987e-02 7.0232173888e+01 6.2854616430e+01 3.9352455184e-01 1.4647069604e+01 4.9486635920e-03 5.0722035564e-03
4.4257133912e+01 3.7228556312e+01 3.5310138308e+01 8.4118769158e-01 1.6770623153e-02 7.5259344724e+01 2.8559678655e+02 9.7523154444e-01 1.1188608418e+01 2.9789399168e-03 2.9947381296e-03
3.2966505263e+01 1.8093921009e+01 2.1073975612e+01 5.4885772285e-01 1.6413932454e-02 7.3638993661e+01 8.3413185252e+01 7.3364509612e-01 9.6177556529e+00 6.5267511105e-03 6.6481427392e-03
3.9925951135e+01 3.9173021608e+01 3.4427955832e+01 9.8114185122e-01 1.8828533370e-02 8.4624468609e+01 1.0962680321e+02 9.0254363272e-01 1.5781742269e+01 4.3283189042e-03 4.3890722671e-03
3.2743980059e+01 2.5617144057e+01 2.5175179567e+01 7.8234667901e-01 4.4551673724e-02 2.0404553353e+02 1.9451303635e+01 -9.5530885570e-01 8.3509348350e+00 9.9111924508e-03 1.0804875175e-02
7.3795050886e+01 6.4516521066e+01 6.0040901297e+01 8.7426623184e-01 8.6499211086e-02 4.0792322105e+02 4.5862906344e+01 -9.8631034576e-01 9.4503983009e+00 4.0721593739e-03 4.2139253768e-03
3.5031537981e+01 3.1370991640e+01 2.8850646270e+01 8.9550711867e-01 2.7976747191e-02 1.2659679575e+02 2.5140628275e+01 5.2391525326e-01 8.9805188113e+00 8.3501239516e-03 8.9107602969e-03
3.2393404593e+01 3.0724870666e+01 2.7462304020e+01 9.4849155412e-01 1.7819175903e-02 8.0027560916e+01 1.0550484568e+02 -5.6167445160e-01 9.0781063961e+00 5.0604465359e-03 5.1343261442e-03
2.9161460590e+01 2.0036879972e+01 2.0969763406e+01 6.8710138540e-01 1.5390092649e-02 6.8992684983e+01 2.8274551179e+00 9.4963666523e-01 1.8786813270e+01 2.3308043262e-02 1.0000000000e+00
3.1705013094e+01 2.5937110296e+01 2.4939154245e+01 8.1807600013e-01 1.6734532027e-02 7.5095353679e+01 1.0238316695e+02 7.0023126677e-01 1.0376968397e+01 5.4391273045e-03 5.5210239873e-03
2.1291962920e+01 1.8764452172e+01 1.7393882772e+01 8.8129273204e-01 1.7118838790e-02 7.6842015589e+01 1.4779530060e+01 6.3335458495e-01 9.7175260241e+00 1.4074820356e-02 1.5843118092e-02
5.6766475982e+01 4.8239187604e+01 4.5525278056e+01 8.4978302368e-01 8.0312031399e-02 3.7715623936e+02 2.5131391086e+01 -9.5097149672e-01 9.1694616098e+00 6.0878424888e-03 6.4967562468e-03
5.2532123137e+01 3.9334053537e+01 3.9489812026e+01 7.4876192296e-01 2.8419879362e-02 1.2864396590e+02 9.2622134306e+01 5.2672552136e-01 8.3086686495e+00 4.2071984034e-03 4.2774280219e-03
3.3156559409e+01 1.4728755413e+01 1.8932189192e+01 4.4421844955e-01 1.1241642099e-02 5.0238367372e+01 1.8058795554e+02 -8.1909436350e-01 1.0721128597e+01 5.2405586635e-03 5.2847625097e-03
4.0029220505e+01 1.1109530693e+01 1.7664188235e+01 2.7753552411e-01 1.5674458141e-02 7.0282466921e+01 3.1625642331e+01 9.4451824745e-01 1.2975866203e+01 1.0489404913e-02 1.1035028630e-02
3.6876520809e+01 3.2979608792e+01 3.0349836780e+01 8.9432538831e-01 5.8330508053e-02 2.6978458003e+02 1.8480829904e+01 -9.8090379597e-01 8.5008097892e+00 8.9158785650e-03 9.7698332504e-03
3.3236493919e+01 3.2191492403e+01 2.8474825965e+01 9.6855861153e-01 2.4020358720e-02 1.0837666466e+02 7.9031660352e+00 8.3360705760e-01 1.9787601031e+01 1.3024596712e-02 1.6969080694e-02
4.1511662052e+01 4.1485276444e+01 3.6126513589e+01 9.9936438083e-01 5.9093714032e-02 2.7346139590e+02 5.5819974824e+00 -9.2986462880e-01 1.3853391080e+01 1.2521298041e-02 2.0090618001e-02
4.7027944890e+01 4.6753444837e+01 4.0820510989e+01 9.9416304382e-01 1.8988582433e-02 8.5354002464e+01 8.6908333221e+01 -5.2534223037e-01 1.3155030259e+01 4.2449039072e-03 4.3205752869e-03
3.8950951262e+01 3.8054358837e+01 3.3515781599e+01 9.7698150121e-01 3.9156155959e-02 1.7863729975e+02 1.3504478057e+01 9.7805996496e-01 1.5427775850e+01 9.5342209592e-03 1.0876553160e-02
7.9709616633e+01 6.3810512650e+01 6.2009639864e+01 8.0053719169e-01 2.4598782203e-01 1.2777962161e+03 4.8054511532e+00 -9.9598660801e-01 8.6640386457e+00 8.5366465659e-03 1.6679111461e-02
3.4224710445e+01 2.0725393073e+01 2.3041557508e+01 6.0556810571e-01 1.0951202590e-02 4.8929674142e+01 3.6337075813e+01 8.1868885182e-01 2.2060390359e+01 8.4579134467e-03 8.8360201551e-03
3.0865714182e+01 2.2473561390e+01 2.2870703093e+01 7.2810761018e-01 1.6988673521e-02 7.6250308162e+01 6.5317692271e+01 9.4837538459e-01 1.3882462370e+01 6.7945689611e-03 6.9575093301e-03
3.7045392167e+01 3.4259723579e+01 3.1008923734e+01 9.2480391149e-01 1.6316561293e-02 7.3196810051e+01 1.9316859554e+02 -6.0773992420e-01 9.0463193600e+00 3.7421590106e-03 3.7716383543e-03
8.1373611033e+01 7.8155912920e+01 6.9422307283e+01 9.6045771999e-01 1.1029220639e-01 5.2842426243e+02 2.3760900136e+00 -8.0313464028e-01 1.5316300824e+01 1.1133634252e-02 1.0000000000e+00
3.0864945005e+01 1.9853321408e+01 2.1446001324e+01 6.4323203573e-01 1.6353035687e-02 7.3362440784e+01 2.2706923587e+02 -8.7487424113e-01 8.1878546373e+00 4.4347287141e-03 4.4643839687e-03
5.2146228189e+01 4.5057561335e+01 4.2175254380e+01 8.6406175288e-01 7.8538269584e-02 3.6837965939e+02 9.3221600580e+00 7.1591847005e-01 8.8211117496e+00 9.2719000371e-03 1.1440749450e-02
3.1954569122e+01 2.3119067092e+01 2.3600065722e+01 7.2349800756e-01 3.6696356966e-02 1.6711663659e+02 1.0433347136e+01 7.7754948260e-01 8.8839255740e+00 1.3096609578e-02 1.5700152929e-02
3.4527134618e+01 2.6262601429e+01 2.6165733691e+01 7.6063657524e-01 1.9075752763e-02 8.5751413084e+01 1.0201164436e+02 7.6238714153e-01 1.0337867746e+01 5.2779463535e-03 5.3577136551e-03
3.6467737679e+01 1.9141973775e+01 2.2767072740e+01 5.2490159779e-01 2.0342795566e-02 9.1533590328e+01 1.3610866919e+02 -8.5772197165e-01 8.3677634910e+00 5.1633345063e-03 5.2214147052e-03
3.5756924951e+01 3.0373008405e+01 2.8670097308e+01 8.4943010191e-01 2.5210936409e-02 1.1384867616e+02 5.9924677496e+00 5.6949689233e-01 1.4946972922e+01 1.4376961347e-02 2.1726887066e-02
2.3107923252e+01 1.0457954172e+01 1.3327386408e+01 4.5257005826e-01 1.2107399763e-02 5.4142753097e+01 4.7609852140e+00 -5.7845540382e-01 8.7829224205e+00 2.5500704995e-02 5.0719202656e-02
2.6776058699e+01 2.0537682197e+01 2.0378930629e+01 7.6701662586e-01 1.4481599677e-02 6.4875705743e+01 3.4997424215e+01 4.9232375485e-01 9.7755380544e+00 9.2420057422e-03 9.6723646713e-03
8.4971237204e+01 6.0283787754e+01 6.2123691053e+01 7.0946110399e-01 1.9124492372e-01 9.6328876008e+02 4.9297909077e+00 -9.5558334905e-01 1.0301731881e+01 8.6860756867e-03 1.6236402577e-02
3.8953944351e+01 2.9877571584e+01 2.9646987766e+01 7.6699733703e-01 2.4706774656e-02 1.1153035375e+02 2.0897647054e+01 -6.0703531467e-01 1.2227607316e+01 8.8160005425e-03 9.5471400077e-03
7.8697056672e+01 6.6902062943e+01 6.3125822495e+01 8.5012153912e-01 1.2699930804e-01 6.1507407593e+02 2.3779192321e+00 -6.8344126105e-01 1.0208338622e+01 1.1702136071e-02 1.0000000000e+00
3.3196490851e+01 3.2088999775e+01 2.8412253456e+01 9.6663830882e-01 2.2144630922e-02 9.9774695532e+01 2.0752167258e+02 8.7556463791e-01 8.1326044859e+00 3.8338549334e-03 3.8619395747e-03
4.1890278367e+01 1.9710636091e+01 2.4670099428e+01 4.7053008142e-01 3.1039040836e-02 1.4077031819e+02 3.6139997128e+01 -9.1794381311e-01 9.5423506845e+00 8.0217928712e-03 8.3825238741e-03
3.6913742719e+01 1.9243026953e+01 2.2961299209e+01 5.2129709793e-01 1.2456821790e-02 5.5719998913e+01 9.8038717199e+01 8.3854268011e-01 1.5007647271e+01 5.8366483701e-03 5.9285382525e-03
3.2170656530e+01 2.5200269457e+01 2.4750312867e+01 7.8333090387e-01 1.2305036032e-02 5.5034756962e+01 1.8499416691e+02 4.3214485496e-01 8.0462314653e+00 4.3896401889e-03 4.4257713126e-03
1.5549308759e+01 1.4438039941e+01 1.3041993571e+01 9.2853259043e-01 1.0749454082e-02 4.8020948004e+01 3.8614522092e+01 6.1988452328e-01 8.4140427322e+00 1.1800408946e-02 1.2294381343e-02
6.2513248937e+01 3.8891536081e+01 4.2685916511e+01 6.2213269574e-01 8.5412504820e-02 4.0250220995e+02 8.9305420243e+00 7.3445293829e-01 8.5539911129e+00 9.3146580575e-03 1.1638864152e-02
4.0791201461e+01 3.0860286539e+01 3.0827253095e+01 7.5654272082e-01 1.0568909159e-02 4.7207960209e+01 1.4897135974e+02 -1.4911461100e-01 9.1865736821e+00 4.1549827427e-03 4.1976085702e-03
3.8752982754e+01 2.9300408791e+01 2.9277725457e+01 7.5608138289e-01 2.7273920486e-02 1.2335255250e+02 8.4867142629e+01 8.1380787168e-01 9.2632940732e+00 5.2450985483e-03 5.3409247399e-03
3.8950031335e+01 2.9763133146e+01 2.9587201210e+01 7.6413630813e-01 3.1784754848e-02 1.4423112380e+02 4.6452596080e+01 8.3257398797e-01 9.9420410862e+00 6.5141668292e-03 6.7378839713e-03
2.7296456148e+01 2.7041800204e+01 2.3651788151e+01 9.9067073239e-01 4.0918125999e-02 1.8691386130e+02 1.8631152396e+01 9.2854891394e-01 8.2243283335e+00 1.0496161489e-02 1.1491876446e-02
2.2782855191e+01 2.1919643349e+01 1.9453539021e+01 9.6211134050e-01 1.2482998485e-02 5.5838190127e+01 2.3761321722e+02 -9.0541717087e-01 9.8614486655e+00 4.6449152586e-03 4.6745815352e-03
3.4740854718e+01 2.7390700862e+01 2.6816601662e+01 7.8842910124e-01 4.9415733907e-02 2.2711265042e+02 1.5924098060e+01 -9.3985705969e-01 8.4773252320e+00 1.0240133218e-02 1.1413440937e-02
3.8273837124e+01 3.6834615863e+01 3.2685650027e+01 9.6239673446e-01 2.9399926217e-02 1.3317615740e+02 3.0657808583e+01 6.6670384496e-01 1.1291354437e+01 7.1635705184e-03 7.5491540733e-03
5.7017397392e+01 1.9106601018e+01 2.7926092769e+01 3.3510124790e-01 4.9406176055e-02 2.2706717400e+02 2.5103900532e+01 -9.7680373766e-01 8.2624337973e+00 8.4172779966e-03 8.9833557524e-03
4.8692783207e+01 3.5591955456e+01 3.6152645274e+01 7.3094929292e-01 3.2957581178e-02 1.4968151612e+02 5.8972515916e+00 -3.8873333831e-01 1.2707826043e+01 1.2453402281e-02 1.9053939908e-02
3.6800368767e+01 3.3752875263e+01 3.0675692071e+01 9.1718850636e-01 1.1575053174e-02 5.1741385357e+01 3.6533352268e+02 5.7728557319e-01 8.1300673899e+00 2.9753761074e-03 2.9876852795e-03
3.9656987308e+01 2.6166413118e+01 2.7923013381e+01 6.5981848078e-01 1.6078900784e-02 7.2117808082e+01 1.3162779880e+02 6.3492117339e-01 1.0297427995e+01 4.6143370339e-03 4.6680466752e-03
3.5235631566e+01 3.4840191235e+01 3.0501690717e+01 9.8877726002e-01 3.7740578496e-02 1.7200250899e+02 2.6494051318e+01 -9.1886552187e-01 1.1167041099e+01 7.8610789485e-03 8.3586745731e-03
8.0374172877e+01 6.6228225653e+01 6.3455251064e+01 8.2399884543e-01 1.1716543546e-01 5.6387072067e+02 1.7955490957e+01 7.9659422453e-01 8.9154052804e+00 5.4951695973e-03 6.0398431769e-03
5.7692524342e+01 4.0330538046e+01 4.1858771813e+01 6.9906003431e-01 3.4250043534e-02 1.5569833496e+02 1.2435663453e+01 8.7825786359e-01 2.1599440430e+01 8.5834595453e-03 9.9281540631e-03
7.7654879566e+01 6.8872597354e+01 6.3642218893e+01 8.8690624129e-01 2.1159782922e-01 1.0783730148e+03 3.6204405388e+00 -8.2269612239e-01 8.9335978942e+00 9.5048515025e-03 1.0000000000e+00
6.5104197961e+01 2.6785267171e+01 3.5665625143e+01 4.1142150599e-01 4.1071467822e-02 1.8763511435e+02 8.1767472406e+01 -9.4407473655e-01 8.8794134788e+00 4.6625289092e-03 4.7510544593e-03
2.7706372429e+01 2.1994512105e+01 2.1461673155e+01 7.9384308291e-01 2.5018824574e-02 1.1296507642e+02 5.7366430292e+01 -9.1778162706e-01 8.7836307113e+00 7.3862996450e-03 7.5892358434e-03
4.4024478396e+01 2.8140828570e+01 3.0489687078e+01 6.3920867653e-01 4.9807018128e-02 2.2897489225e+02 7.9095247357e+00 7.2967690654e-01 9.4674994539e+00 1.2283590305e-02 1.5998719779e-02
3.3784759804e+01 2.5121653605e+01 2.5306315544e+01 7.4357946456e-01 2.0271952101e-02 9.1210012604e+01 7.4817729092e+01 -7.7693368483e-01 1.0517406806e+01 6.0492774724e-03 6.1752131497e-03
5.0880111458e+01 5.0533643242e+01 4.4142591506e+01 9.9319049811e-01 8.5438451256e-02 4.0263155821e+02 2.8743610832e+00 8.0732040532e-01 1.0708709698e+01 1.3953345687e-02 1.0000000000e+00
3.5344963837e+01 3.5181433290e+01 3.0698298344e+01 9.9537329991e-01 3.6820787637e-02 1.6769846926e+02 3.7612765076e+00 3.7498794432e-01 9.0156037019e+00 1.6289538142e-02 1.0000000000e+00
4.8247379994e+01 3.2192906287e+01 3.4170051272e+01 6.6724672493e-01 5.7942013329e-02 2.6791439630e+02 2.8165022598e+01 8.8719296328e-01 8.0441473147e+00 7.0706976984e-03 7.4887331715e-03
7.1519405886e+01 7.0747268385e+01 6.1924072242e+01 9.8920380431e-01 1.9712717353e-01 9.9632045008e+02 4.5896760600e+00 -7.8425738233e-01 8.5926997349e+00 8.9125628767e-03 1.9239368298e-02
3.7450918240e+01 3.6497170154e+01 3.2184562303e+01 9.7453338579e-01 2.4865519031e-02 1.1226013769e+02 5.5663121859e+01 -5.7422743496e-01 9.8073775803e+00 5.7994439079e-03 5.9639150004e-03
4.5777918559e+01 3.7000320603e+01 3.5787691161e+01 8.0825694499e-01 1.5716107847e-02 7.0471420754e+01 3.4225004899e+02 -7.3928948171e-01 8.0316972201e+00 2.7620126320e-03 2.7742160471e-03
8.5704396350e+01 6.8380435081e+01 6.6559338725e+01 7.9786379688e-01 7.4008605363e-02 3.4605586407e+02 8.0629052958e+00 6.2133292898e-01 1.5663053291e+01 7.3807574521e-03 9.5438038747e-03
7.0398714429e+01 6.2893218738e+01 5.7908238799e+01 8.9338589842e-01 7.4701955439e-02 3.4946463059e+02 4.3403112272e+01 -9.0197258146e-01 9.9320028115e+00 4.2813690830e-03 4.4394487664e-03
3.2497608981e+01 3.0048480311e+01 2.7199712951e+01 9.2463665031e-01 5.1417804907e-02 2.3665149498e+02 1.5192648095e+01 -9.6589962451e-01 8.6339291773e+00 1.0318009149e-02 1.1570673649e-02
3.7845608360e+01 3.0599523052e+01 2.9591676906e+01 8.0853563671e-01 2.0335385124e-02 9.1499741551e+01 7.2421737641e+01 7.1955388534e-01 1.1892110940e+01 5.5529602192e-03 5.6725407940e-03
3.9349146245e+01 3.8431962980e+01 3.3853369569e+01 9.7669115210e-01 3.5851106244e-02 1.6316695700e+02 1.2033271543e+02 9.7019405655e-01 8.4185021757e+00 4.1803709995e-03 4.2337042887e-03
3.2561945106e+01 2.6853937088e+01 2.5718786557e+01 8.2470310052e-01 1.6897858023e-02 7.5837544574e+01 1.4385915110e+02 -6.1493654197e-01 8.4940595651e+00 4.6961212749e-03 4.7460442254e-03
3.5555303322e+01 3.0220951487e+01 2.8517646720e+01 8.4997029033e-01 4.2941889806e-02 1.9644505843e+02 1.5922868413e+01 9.4825223305e-01 1.0625020925e+01 9.8924560798e-03 1.1026034296e-02
3.6056377214e+01 2.6961765445e+01 2.7086015901e+01 7.4776690085e-01 2.4099385700e-02 1.0873958952e+02 5.6895771939e+00 9.4303453738e-01 2.2241604914e+01 1.5199742252e-02 2.3964835750e-02
3.2674257232e+01 2.6038172558e+01 2.5359677363e+01 7.9690174357e-01 2.8853125074e-02 1.3064671457e+02 2.0493977051e+01 -8.3626209937e-01 1.1240480111e+01 9.7667531276e-03 1.0595294501e-02
5.9810082779e+01 3.2676452334e+01 3.8140807173e+01 5.4633685185e-01 5.8388858929e-02 2.7006555977e+02 3.6173869980e+00 -7.3235521883e-01 1.2423527629e+01 1.4247893687e-02 1.0000000000e+00
2.7136403447e+01 2.4710718255e+01 2.2538118791e+01 9.1061139710e-01 1.8941323805e-02 8.5138570952e+01 1.9276807415e+02 9.9591936728e-01 9.0054284668e+00 4.5642119398e-03 4.6002429035e-03
3.1718998520e+01 3.0409741557e+01 2.7035898556e+01 9.5872325658e-01 3.6042689829e-02 1.6406177770e+02 1.3290967622e+01 -7.8981132486e-01 1.0385000879e+01 1.0990386894e-02 1.2569669281e-02
3.5028387057e+01 2.5620762186e+01 2.6016110500e+01 7.3142854520e-01 2.8554606056e-02 1.2926662936e+02 3.1954679170e+00 -7.2638403497e-01 1.2548655561e+01 1.9299752682e-02 1.0000000000e+00
3.4414882304e+01 2.2665871541e+01 2.4208801364e+01 6.5860668476e-01 2.7939167710e-02 1.2642324664e+02 6.5303973629e+01 8.7274331191e-01 8.3950949457e+00 6.5141154541e-03 6.6703645544e-03
1.9092620501e+01 1.3577072194e+01 1.3975713551e+01 7.1111622386e-01 1.2185546916e-02 5.4495428080e+01 1.0720426865e+02 -9.6158617632e-01 9.3463936306e+00 7.6991873386e-03 7.8097619048e-03
3.0094322503e+01 2.6761552428e+01 2.4696900662e+01 8.8925585300e-01 1.5806998090e-02 7.0883806321e+01 3.5695911959e+01 -2.3634653864e-01 8.3096818177e+00 8.1288718633e-03 8.4993553875e-03
3.3528309863e+01 2.9678821760e+01 2.7451227806e+01 8.8518693253e-01 1.4736734551e-02 6.6031331798e+01 3.7677066209e+02 9.6267366404e-01 9.1539782720e+00 3.1464429801e-03 3.1590618099e-03
2.5170323073e+01 2.5009894597e+01 2.1842074428e+01 9.9362628458e-01 1.6478399117e-02 7.3931785651e+01 1.6806549401e+02 -9.1306503276e-01 9.7012319076e+00 4.9076237716e-03 4.9521552475e-03
5.9981043249e+01 4.6989960579e+01 4.6148569480e+01 7.8341352589e-01 7.3414282290e-02 3.4313634645e+02 1.6016645966e+00 -8.8681065198e-01 1.1126662630e+01 1.7016799979e-02 1.0000000000e+00
4.7299633305e+01 3.1334257015e+01 3.3373699610e+01 6.6246300077e-01 1.8054508047e-02 8.1098724648e+01 6.1532766141e+01 -3.5188541110e-01 1.0261325690e+01 5.4830374661e-03 5.6229977189e-03
4.5091253271e+01 2.6231105785e+01 2.9723517527e+01 5.8173379275e-01 1.6269947788e-02 7.2985150417e+01 1.7722414647e+02 -7.0959508045e-01 1.0338602423e+01 3.9687738633e-03 4.0028957321e-03
2.0745468324e+01 1.9970928059e+01 1.7718992635e+01 9.6266460446e-01 1.6603116480e-02 7.4498300565e+01 5.3142461278e+00 -8.9153549111e-01 1.5837639564e+01 2.0423777874e-02 3.4488391354e-02
3.2748087838e+01 2.8614102759e+01 2.6636642160e+01 8.7376407748e-01 2.5437174493e-02 1.1488954940e+02 2.1755642793e+01 -8.9165686586e-01 1.4177818422e+01 9.2808646585e-03 1.0015595112e-02
7.2808966050e+01 6.1170480784e+01 5.8053501391e+01 8.4015038398e-01 1.7597180732e-02 7.9017441889e+01 3.0134391331e+01 8.1778282474e-01 4.4080473623e+01 5.0715958530e-03 5.3498105245e-03
7.3430280239e+01 3.7621022323e+01 4.5256267818e+01 5.1233663007e-01 4.0690186113e-02 1.8584201403e+02 8.5370003249e+01 9.3265862798e-01 1.0887665174e+01 3.9541772622e-03 4.0259789161e-03
5.3010645265e+01 3.3502474274e+01 3.6496195081e+01 6.3199521731e-01 4.6495180661e-02 2.1324401131e+02 5.7969470178e+01 -8.1963186491e-01 8.0155088030e+00 5.2117128588e-03 5.3533380796e-03
8.5837487058e+01 5.3775796496e+01 5.8826493190e+01 6.2648381656e-01 4.7846899108e-02 2.1965598861e+02 3.7306485382e+01 3.7775077992e-01 8.9473114907e+00 4.5586092955e-03 4.7566718903e-03
6.7070624757e+01 5.9084686413e+01 5.4780155935e+01 8.8093239965e-01 7.5629915796e-02 3.5403153351e+02 1.2565921477e+00 8.1340175229e-01 1.1766380290e+01 1.6722223725e-02 1.0000000000e+00
3.1556606072e+01 3.1277027747e+01 2.7349602771e+01 9.9114041844e-01 3.0071953726e-02 1.3628758101e+02 3.6632094782e+01 9.9414759277e-01 1.2063860327e+01 7.4874850663e-03 7.8192890806e-03
3.3572364915e+01 3.2448243880e+01 2.8732140043e+01 9.6651647752e-01 2.4736349293e-02 1.1166630243e+02 7.5224224329e+01 6.7003692777e-01 8.8254200412e+00 5.5612705812e-03 5.6763971359e-03
2.8860935052e+01 1.0656060528e+01 1.4906904254e+01 3.6922090393e-01 1.1321766487e-02 5.0599500136e+01 7.5380834253e+01 -8.6775108600e-01 1.0803632946e+01 8.4435461273e-03 8.6179630033e-03
4.2551516167e+01 3.3770994933e+01 3.2956782568e+01 7.9364962698e-01 2.4363386249e-02 1.0995229011e+02 5.0273173599e+01 7.7127707603e-01 1.3412131518e+01 5.9384122871e-03 6.1259433597e-03
2.9363081192e+01 1.9012661724e+01 2.0472986441e+01 6.4750226994e-01 1.3429822668e-02 6.0116315765e+01 7.9607332266e+01 4.6935737592e-01 8.3184247717e+00 6.7756980207e-03 6.9079625671e-03
6.0912671384e+01 5.3235955118e+01 4.9551120530e+01 8.7397176825e-01 5.1951512611e-02 2.3919868910e+02 9.9601718141e+00 -3.6417899147e-01 1.0263238776e+01 8.3064399593e-03 1.0070312537e-02
2.2426272165e+01 1.9632096528e+01 1.8258444543e+01 8.7540614793e-01 1.3946993443e-02 6.2455635957e+01 1.1634166813e+02 -8.3551380523e-01 9.6985943032e+00 6.3109627635e-03 6.3943076036e-03
7.2672544584e+01 6.1832175236e+01 5.8318108619e+01 8.5083267127e-01 3.7871809902e-02 1.7261703911e+02 1.8064958262e+01 -9.3786052422e-01 2.8099782254e+01 6.0518745306e-03 6.6474007009e-03
2.9746211910e+01 2.7673691106e+01 2.4973922691e+01 9.3032656360e-01 1.8204448595e-02 8.1781403237e+01 5.0712868777e+01 8.6772695717e-01 1.4225376748e+01 7.0660276121e-03 7.2871203977e-03
4.4867093963e+01 4.1486016882e+01 3.7552790212e+01 9.2464238750e-01 4.7903996265e-02 2.1992709281e+02 3.7224619084e+01 8.0065929509e-01 9.1055752528e+00 6.0395847150e-03 6.3026170759e-03
7.0460739081e+01 4.0522001752e+01 4.6167011440e+01 5.7510043579e-01 1.2957203004e-01 6.2856396495e+02 2.6090048870e+00 8.7324852091e-01 8.0552151755e+00 1.3723475166e-02 1.0000000000e+00
4.0198265928e+01 2.3829145032e+01 2.6761859079e+01 5.9279037247e-01 1.6491577843e-02 7.3991643656e+01 8.8571802370e+00 3.8493125705e-01 1.4907174117e+01 1.3033090083e-02 1.6326350682e-02
4.0958786388e+01 3.1796378395e+01 3.1366212202e+01 7.7630177061e-01 4.9112585468e-02 2.2567055161e+02 7.1593133329e+00 9.5904103066e-01 1.3127999303e+01 1.2532605550e-02 1.7032204861e-02
3.4007375520e+01 2.8135553677e+01 2.6904120889e+01 8.2733681288e-01 3.4633510269e-02 1.5748559883e+02 3.3381640962e+01 -9.7950676138e-01 1.0388827167e+01 7.8113666098e-03 8.1943381900e-03
5.7777201801e+01 4.8358966496e+01 4.5979837107e+01 8.3699045625e-01 1.1295698694e-01 5.4213348866e+02 5.4821078898e+00 8.6018499340e-01 9.7184440366e+00 1.0511429231e-02 1.7166714341e-02
3.1129822301e+01 2.3675278104e+01 2.3589505822e+01 7.6053367331e-01 1.4394596436e-02 6.4481726729e+01 1.0986133359e+02 5.1004330351e-01 8.7684427991e+00 5.4925663485e-03 5.5694925385e-03
7.3055232814e+01 1.5923747018e+01 2.8155320449e+01 2.1796860273e-01 1.0747505909e-02 4.8012174278e+01 2.8778902734e+02 8.6457909396e-01 1.3705721745e+01 3.4347168102e-03 3.4527920462e-03
7.3840054132e+01 5.6436847476e+01 5.6096965266e+01 7.6431210865e-01 3.5639732672e-02 1.6217998257e+02 1.7514486876e+02 9.4094157744e-01 8.6350119262e+00 2.6488304883e-03 2.6718787280e-03
3.4786879833e+01 2.4181966689e+01 2.5166320942e+01 6.9514618171e-01 1.4081648417e-02 6.3065015315e+01 2.3225124038e+02 -6.8658776573e-01 8.8275348433e+00 3.9845434618e-03 4.0105866535e-03
5.8173425241e+01 4.3103459241e+01 4.3495065601e+01 7.4094759012e-01 3.6812437073e-02 1.6765941920e+02 9.1507081410e+01 9.5605534507e-01 1.1506637489e+01 3.9585634581e-03 4.0254730698e-03
2.3616430405e+01 1.4301824329e+01 1.5899876415e+01 6.0558789300e-01 1.7886969209e-02 8.0336098519e+01 6.2653462621e+01 -9.9450815197e-01 8.8860660218e+00 8.6573111018e-03 8.8741610776e-03
5.9860976810e+01 4.8541227754e+01 4.6875413392e+01 8.1089935949e-01 7.1980534553e-02 3.3610239940e+02 5.1240862343e+01 -9.2782426898e-01 8.0036693255e+00 4.5984034834e-03 4.7407172707e-03
3.7327337784e+01 2.4496512260e+01 2.6208825170e+01 6.5626197084e-01 4.3688868101e-02 1.9996977247e+02 5.2392182971e+00 -7.7488873439e-01 1.0033967659e+01 1.5814635240e-02 2.7155242367e-02
4.4658400586e+01 2.7096344210e+01 3.0096652546e+01 6.0674685735e-01 6.4405418490e-02 2.9915359927e+02 8.1067612516e+00 -9.6933016035e-01 9.3420628360e+00 1.2164301611e-02 1.5697939558e-02
2.9559623906e+01 2.5410450140e+01 2.3845228760e+01 8.5963374299e-01 2.7928679493e-02 1.2637481175e+02 5.3337266026e+01 8.6271115256e-01 8.6322686331e+00 7.0946571624e-03 7.3051189221e-03
8.1431463714e+01 7.7651669483e+01 6.9221498391e+01 9.5358312304e-01 5.7790449873e-02 2.6718504244e+02 9.6653634818e+00 -4.2463500682e-01 1.5359723179e+01 6.7930298476e-03 8.2996528481e-03
5.4805989884e+01 2.2465608470e+01 2.9964273195e+01 4.0991155379e-01 5.2472937837e-02 2.4168902963e+02 2.1693816483e+01 9.6868138899e-01 8.7793684359e+00 8.4925004527e-03 9.1670266724e-03
3.1578653033e+01 2.2544729304e+01 2.3162540416e+01 7.1392308216e-01 2.8523632455e-02 1.2912346874e+02 8.0273270054e+01 -9.8736649301e-01 8.2735744950e+00 6.1955710846e-03 6.3154720141e-03
6.3065827950e+01 6.2922071144e+01 5.4839375423e+01 9.9772052773e-01 1.4593018635e-01 7.1523985429e+02 1.0144721924e+01 -9.7825514149e-01 8.8853348966e+00 7.3396276062e-03 8.8577974058e-03
2.1203440761e+01 1.4745909887e+01 1.5342938352e+01 6.9544891573e-01 1.1741682676e-02 5.2492831464e+01 1.7727214013e+02 -8.1243859011e-01 8.0688373994e+00 6.0161574783e-03 6.0678676755e-03
4.0557764387e+01 3.2314443901e+01 3.1475311047e+01 7.9675111262e-01 2.4131610800e-02 1.0888759249e+02 1.1932723966e+01 -2.7076083923e-01 1.0268174536e+01 1.0481894131e-02 1.2216132608e-02
2.9884720622e+01 2.6129312259e+01 2.4315709100e+01 8.7433684222e-01 1.2765769144e-02 5.7115229850e+01 1.0142233866e+02 -8.5331486511e-01 1.5725149079e+01 5.5590190792e-03 5.6435362082e-03
2.7190840970e+01 2.4339511379e+01 2.2388658643e+01 8.9513639559e-01 1.6988010334e-02 7.6247293724e+01 1.0267804834e+02 -6.8812920250e-01 8.9021915969e+00 5.8113455349e-03 5.8985884209e-03
3.8075986492e+01 2.1135062795e+01 2.4485685809e+01 5.5507590853e-01 4.1075612565e-02 1.8765461154e+02 8.9375927005e+00 -8.3947834881e-01 9.2844983040e+00 1.3527465725e-02 1.6898802434e-02
4.6129852933e+01 4.2477057785e+01 3.8529056964e+01 9.2081494052e-01 3.5070722165e-02 1.5952453310e+02 1.4661668985e+02 -9.2663779077e-01 8.2819029601e+00 3.5820196324e-03 3.6193689688e-03
3.8610251611e+01 3.4173539386e+01 3.1610300283e+01 8.8508978730e-01 6.3265221231e-02 2.9362348406e+02 3.3139833544e+00 -9.2868185595e-01 1.0211914134e+01 1.6509939363e-02 1.0000000000e+00
2.8124599489e+01 2.5074668647e+01 2.3110630713e+01 8.9155647020e-01 2.7611970464e-02 1.2491258200e+02 2.4413756640e+01 -6.9686557212e-01 8.5173562328e+00 9.7002330505e-03 1.0373469818e-02
3.2357498813e+01 1.2840477167e+01 1.7382405087e+01 3.9683157345e-01 1.1622309720e-02 5.1954478416e+01 2.5389954158e+02 -8.1081811592e-01 8.3005366956e+00 4.8637064878e-03 4.8927556823e-03
4.9790700904e+01 2.5380410736e+01 3.0603981943e+01 5.0974198546e-01 4.3405672590e-02 1.9863305191e+02 4.6830789024e+01 9.5379780171e-01 8.6400172521e+00 6.3143257546e-03 6.5293170612e-03
3.3206461562e+01 2.1728623166e+01 2.3279997281e+01 6.5434924841e-01 2.0274377673e-02 9.1221090858e+01 3.6710702277e+01 -5.7244655169e-01 9.0670352979e+00 8.3235969482e-03 8.6915974023e-03
3.6201095366e+01 2.0623874830e+01 2.3601920443e+01 5.6970306069e-01 2.3667322309e-02 1.0675587961e+02 2.5819342979e+01 -7.9654694830e-01 1.1260915481e+01 9.3972316830e-03 1.0009531563e-02
3.5517026057e+01 3.2460501455e+01 2.9553030244e+01 9.1394198947e-01 5.6056683942e-02 2.5885224210e+02 1.9196064809e+01 9.3009339343e-01 8.0271624954e+00 8.9492241364e-03 9.7687902928e-03
3.7742030017e+01 3.2504649446e+01 3.0474548879e+01 8.6123214442e-01 2.6216128408e-02 1.1847593987e+02 1.2212622021e+01 8.7056983040e-01 1.8553533320e+01 1.0589667490e-02 1.2288672748e-02
3.6869190626e+01 3.0730011228e+01 2.9278409453e+01 8.3348754629e-01 2.6754822648e-02 1.2095849407e+02 4.3166696093e+01 9.1444024046e-01 1.2968496662e+01 6.7605346760e-03 7.0116139522e-03
3.1912153013e+01 2.1069024551e+01 2.2476878582e+01 6.6021946380e-01 1.8848192982e-02 8.4714071637e+01 3.9127953391e+01 -9.3256984985e-01 1.3817444151e+01 8.3144714020e-03 8.6575996814e-03
3.3653609256e+01 2.5515731722e+01 2.5461527744e+01 7.5818707967e-01 2.3316128496e-02 1.0514437358e+02 3.3356012723e+01 8.7611132924e-01 1.2865644845e+01 8.1432266066e-03 8.5428035445e-03
6.7314867655e+01 4.7388391789e+01 4.9017891725e+01 7.0398105857e-01 5.6125909282e-02 2.5918458397e+02 4.2585288158e+01 -8.0786369577e-01 1.0127408867e+01 4.8378727769e-03 5.0201724297e-03
4.9400935707e+01 4.6641784806e+01 4.1784317308e+01 9.4414780081e-01 6.7018947133e-02 3.1186060865e+02 2.0740998458e+01 7.5174306522e-01 8.4148343080e+00 6.9561464930e-03 7.5380989331e-03
4.8114347101e+01 3.6929837525e+01 3.6632138455e+01 7.6754314980e-01 1.5023061810e-02 6.7328761793e+01 2.9179387679e+02 -7.2225727091e-01 9.4768997128e+00 2.8910514071e-03 2.9060547917e-03
4.0211547762e+01 2.8168311808e+01 2.9206621638e+01 7.0050304888e-01 3.4056437770e-02 1.5479634205e+02 2.7049920131e+01 -6.9707110268e-01 9.1035136819e+00 8.0323480427e-03 8.5291102660e-03
4.5710012484e+01 2.7668063674e+01 3.0766691694e+01 6.0529547402e-01 3.3757543289e-02 1.5340430015e+02 1.4458020221e+01 7.2274254887e-01 1.1901975463e+01 9.8359825724e-03 1.1106187650e-02
3.6420061283e+01 3.1088992513e+01 2.9274938279e+01 8.5362274025e-01 4.4565736957e-02 2.0411200601e+02 2.0827174139e+00 8.7198960613e-01 9.3659892997e+00 2.0846805267e-02 1.0000000000e+00
3.5791486351e+01 3.3909453732e+01 3.0325822557e+01 9.4741675156e-01 2.3853022123e-02 1.0760832180e+02 7.8138869252e+01 6.2317779160e-01 9.0753544074e+00 5.3035197855e-03 5.4090641238e-03
3.1837051819e+01 3.0753383307e+01 2.7239168938e+01 9.6596203322e-01 3.5852866138e-02 1.6317517576e+02 5.0439649629e+01 9.5709644515e-01 8.8998631022e+00 6.6347378344e-03 6.8435262793e-03
7.2896803876e+01 4.8650373350e+01 5.1633055173e+01 6.6738691909e-01 1.3526601001e-01 6.5855779831e+02 7.6691567194e+00 -9.3568993441e-01 9.2500004183e+00 8.5138202464e-03 1.1225158529e-02
5.2934483058e+01 4.2883493933e+01 4.1431237339e+01 8.1012397694e-01 8.0745790175e-02 3.7930545630e+02 3.1651497904e+00 7.7048641699e-01 1.0239609054e+01 1.4039955539e-02 1.0000000000e+00
7.6838508720e+01 6.0360053329e+01 5.9200750644e+01 7.8554431019e-01 1.6082549010e-01 7.9550389898e+02 5.8811390941e+00 -7.5196048202e-01 8.4549858082e+00 8.5150824097e-03 1.3056568713e-02
3.1172051636e+01 2.4500304196e+01 2.4023384829e+01 7.8597021723e-01 2.3002001705e-02 1.0370364811e+02 8.8408670527e+00 -6.3855374525e-01 1.2718449458e+01 1.3896837988e-02 1.7418284651e-02
2.9665611426e+01 2.3993896536e+01 2.3199739808e+01 8.0881179869e-01 1.9924850828e-02 8.9625109247e+01 4.7338309109e+01 -7.2527771172e-01 1.0325247837e+01 7.5846214540e-03 7.8399212809e-03
6.0500326900e+01 5.2809982359e+01 4.9184737879e+01 8.7288755392e-01 3.3756744549e-02 1.5340058096e+02 1.5482715695e+02 8.6268970269e-01 8.9713939535e+00 3.0152450805e-03 3.0449871582e-03
2.2199805876e+01 2.1983670616e+01 1.9231699048e+01 9.9026409235e-01 2.2606070872e-02 1.0188866530e+02 2.0944793656e+01 8.9839576223e-01 1.0579713363e+01 1.1559483986e-02 1.2515648952e-02
5.1193033593e+01 3.6424157189e+01 3.7483692065e+01 7.1150612949e-01 1.5327772850e-02 6.8710096535e+01 1.7567119153e+02 3.4300231884e-01 8.3612034524e+00 3.4464949448e-03 3.4763926088e-03
4.1923747234e+01 3.6918152282e+01 3.4234864606e+01 8.8060239644e-01 4.7461692504e-02 2.1782753074e+02 1.7650773141e+01 7.6982623569e-01 9.7929801264e+00 8.4674982543e-03 9.3241134098e-03
3.9632539276e+01 2.7953133284e+01 2.8888068711e+01 7.0530765364e-01 2.5170283947e-02 1.1366167873e+02 6.9340439994e+01 -9.6042476428e-01 1.2338043235e+01 5.7128681013e-03 5.8415876725e-03
4.1519986950e+01 4.0922694556e+01 3.5884131248e+01 9.8561434052e-01 4.0964300781e-02 1.8713103126e+02 8.6016328907e+01 -9.5300309953e-01 8.8581761006e+00 4.5576553845e-03 4.6397726492e-03
3.8099978129e+01 1.7094497743e+01 2.1872051521e+01 4.4867473900e-01 1.1552701128e-02 5.1640598919e+01 3.7173206766e+02 -9.3475278881e-01 9.8988783356e+00 3.6520415612e-03 3.6668881048e-03
3.9731377519e+01 3.8692913680e+01 3.4132564049e+01 9.7386287858e-01 3.1223538689e-02 1.4162621935e+02 2.9196759752e+01 -8.3346285172e-01 1.3759163198e+01 7.0932320010e-03 7.4961867969e-03
2.5860876426e+01 2.2652889797e+01 2.1061393995e+01 8.7595213032e-01 1.7890190625e-02 8.0350760434e+01 1.1997486521e+02 7.8042396332e-01 8.3442126937e+00 5.6920586387e-03 5.7648998014e-03
4.1367191058e+01 3.2189734491e+01 3.1717528754e+01 7.7814648921e-01 2.5898808387e-02 1.1701447890e+02 1.2102067642e+02 7.5586375791e-01 8.6690419858e+00 4.3711527656e-03 4.4265956120e-03
6.1206840307e+01 4.4372131918e+01 4.5251259072e+01 7.2495380737e-01 6.5542235573e-02 3.0467551279e+02 2.0165728317e+01 8.6625612645e-01 1.0848310778e+01 6.6940613896e-03 7.2727168493e-03
4.7221052999e+01 4.0182855361e+01 3.7896552749e+01 8.5095212430e-01 6.3736390794e-02 2.9590772358e+02 1.2421284830e+01 -8.0840479602e-01 9.6177879779e+00 8.9786743605e-03 1.0387422160e-02
3.6631506722e+01 2.6921691834e+01 2.7273871879e+01 7.3493269164e-01 4.6645647422e-02 2.1395717808e+02 6.0671734468e+00 -9.0771403416e-01 1.1206378987e+01 1.4574185626e-02 2.1824176058e-02
5.5935684352e+01 3.8868076023e+01 4.0457969890e+01 6.9487084091e-01 8.9161976885e-02 4.2123715400e+02 6.3534002019e+00 -9.5970232815e-01 1.0817636980e+01 1.0920262156e-02 1.5848000423e-02
3.0182683310e+01 2.4288488014e+01 2.3542991917e+01 8.0471599443e-01 4.8233621323e-02 2.2149260347e+02 6.6000240007e+00 9.8604342644e-01 9.3488722525e+00 1.5466474796e-02 2.1933321138e-02
5.5730013431e+01 4.6162454278e+01 4.4116231483e+01 8.2832304239e-01 9.0159401965e-02 4.2623555357e+02 9.3219783142e+00 -7.1839882313e-01 8.2174503888e+00 8.9546775662e-03 1.1049384157e-02
5.6331315236e+01 4.0960109695e+01 4.1711104367e+01 7.2712858778e-01 5.8060711753e-02 2.6848569930e+02 4.9592294980e+00 6.7235372697e-01 1.3405442542e+01 1.1971925137e-02 2.2167839725e-02
3.5776788951e+01 2.9430910957e+01 2.8221705916e+01 8.2262583703e-01 4.4613820575e-02 2.0433929185e+02 2.9232622686e+01 -9.8739107191e-01 8.9835976312e+00 7.9206063887e-03 8.3699517040e-03
4.2221105935e+01 3.5505286360e+01 3.3680604124e+01 8.4093690996e-01 3.7562492654e-02 1.7116874874e+02 6.0235003177e+01 7.5535298753e-01 8.3068556690e+00 5.4307030467e-03 5.5724590554e-03
6.2949765384e+01 4.3483792930e+01 4.5391779052e+01 6.9076973782e-01 8.3713180271e-02 3.9403979343e+02 2.8527284388e+01 -9.8399778729e-01 8.7193104499e+00 5.8045139095e-03 6.1428508137e-03
4.8557876102e+01 4.4780583665e+01 4.0587988951e+01 9.2221050960e-01 3.4362193912e-02 1.5622094642e+02 6.9685487039e+00 1.8713566610e-01 1.0773778663e+01 1.0872352088e-02 1.4972620550e-02
6.9783002144e+01 4.1444713773e+01 4.6503824674e+01 5.9390843758e-01 2.7329155269e-02 1.2360739785e+02 2.1834685809e+02 9.7322174140e-01 9.2701907911e+00 2.7557620119e-03 2.7749355036e-03
2.7659678061e+01 2.7483452187e+01 2.4002294466e+01 9.9362878074e-01 2.6720307409e-02 1.2079937427e+02 2.7157190588e+01 -7.8257915876e-01 9.9250605515e+00 9.1074827697e-03 9.6682522328e-03
3.3913054325e+01 3.2465329023e+01 2.8884622388e+01 9.5731067782e-01 4.3877133819e-02 2.0085869940e+02 2.0514255229e+01 -8.9775882116e-01 9.4060227338e+00 8.9192284105e-03 9.6750021816e-03
3.6004234020e+01 2.6359807380e+01 2.6754117785e+01 7.3213076456e-01 1.1944096826e-02 5.3405905826e+01 3.4570941662e+02 8.4107167961e-01 1.0381421994e+01 3.3079738446e-03 3.3224420550e-03
5.1465307350e+01 2.3199127823e+01 2.9618903739e+01 4.5077216124e-01 3.2182968737e-02 1.4608070237e+02 2.4399503481e+01 6.1385081368e-01 9.1137172005e+00 8.2856069786e-03 8.8610431405e-03
3.3340162024e+01 2.7214072061e+01 2.6195569152e+01 8.1625494328e-01 2.6564115192e-02 1.2007940596e+02 4.1781727616e+00 7.8323165245e-01 1.6346651108e+01 1.7399715485e-02 5.6799766804e-02
3.4463016589e+01 3.1285352680e+01 2.8578511791e+01 9.0779495749e-01 5.1962385319e-02 2.3925059962e+02 1.4585676317e+01 9.9225163568e-01 9.4591700786e+00 1.0154847150e-02 1.1451869129e-02
4.2137516461e+01 3.7134793391e+01 3.4422758160e+01 8.8127627135e-01 4.9106294967e-02 2.2564063352e+02 5.9935526131e+01 -9.6113453845e-01 8.1733091481e+00 5.3302600550e-03 5.4701233675e-03
4.2534761933e+01 4.1115542078e+01 3.6404620776e+01 9.6663388273e-01 2.9345020103e-02 1.3292207870e+02 5.4084139468e+01 -9.2720684458e-01 1.4460754736e+01 5.4131005834e-03 5.5713409575e-03
3.1281774436e+01 2.7736588747e+01 2.5633577643e+01 8.8666929059e-01 2.0125296983e-02 9.0540271068e+01 6.4057552946e+01 -7.0489043063e-01 1.0372283617e+01 6.3612527323e-03 6.5169391691e-03
6.1399275700e+01 4.4875498071e+01 4.5584529864e+01 7.3087992586e-01 3.2323997011e-02 1.4673598414e+02 1.3711457570e+02 8.7997595768e-01 9.9774888881e+00 3.3122144280e-03 3.3491931869e-03
3.0257906895e+01 2.6686151920e+01 2.4727785108e+01 8.8195631023e-01 1.2656722295e-02 5.6622692431e+01 2.5141166369e+02 6.5078770429e-01 8.9163762137e+00 3.9140064977e-03 3.9376173677e-03
3.7951528175e+01 2.4934032788e+01 2.6662624030e+01 6.5699680584e-01 2.9541383652e-02 1.3383084482e+02 1.5327574445e+01 -7.9389533843e-01 1.2022727826e+01 1.0550584487e-02 1.1817557129e-02
3.5203749675e+01 3.2116724032e+01 2.9265952666e+01 9.1230974905e-01 2.3941349690e-02 1.0801386361e+02 6.9456827711e+00 -7.2671099899e-01 1.8875638392e+01 1.3439374217e-02 1.8538620342e-02
4.7044362549e+01 2.1491274300e+01 2.7269587136e+01 4.5682996082e-01 1.7020793150e-02 7.6396307586e+01 1.4653016540e+01 -2.2316138051e-01 1.0820415753e+01 1.0661488829e-02 1.2015401033e-02
2.6083973444e+01 1.8610755489e+01 1.9126318787e+01 7.1349388272e-01 2.0584844074e-02 9.2639399470e+01 5.6715495274e+01 -9.7962838346e-01 9.8616449031e+00 7.9934134911e-03 8.2156810054e-03
5.2138117726e+01 5.1010068859e+01 4.4894634009e+01 9.7836421957e-01 6.6485856099e-02 3.0926520946e+02 3.1553944178e+01 -9.6991148776e-01 1.0270897280e+01 5.6843677053e-03 5.9807874436e-03
3.1461906453e+01 1.9650604178e+01 2.1527377328e+01 6.2458402537e-01 2.8155536363e-02 1.2742260534e+02 1.0458446979e+01 -6.8633058634e-01 9.1370291012e+00 1.3930423829e-02 1.6690390297e-02
4.9789061228e+01 4.8506343206e+01 4.2781188060e+01 9.7423695104e-01 9.2288372208e-02 4.3692490683e+02 5.5483336011e+00 -8.7566625003e-01 1.0798980454e+01 1.1075566172e-02 1.7874244582e-02
3.3890653635e+01 2.8062019368e+01 2.6822997504e+01 8.2801646938e-01 2.4938760802e-02 1.1259690298e+02 7.5089812467e+01 8.4977587435e-01 9.9226940662e+00 5.8086417758e-03 5.9291128050e-03
8.5680066976e+01 5.7684171173e+01 6.0964035359e+01 6.7325077126e-01 1.9074454300e-01 9.6048755011e+02 7.3315954029e+00 -9.4094014717e-01 8.5091618719e+00 7.5755403859e-03 1.0182829131e-02
2.0518772174e+01 1.5414462342e+01 1.5450715221e+01 7.5123707263e-01 1.2688798044e-02 5.6767562309e+01 4.5525748217e+01 5.7406913885e-01 8.1177533860e+00 9.9668738673e-03 1.0316593579e-02
4.5833836109e+01 2.6840708688e+01 3.0318774825e+01 5.8560903835e-01 2.2105932240e-02 9.9597471605e+01 2.9683294906e+01 -4.3258964184e-01 1.0277095566e+01 7.6335047493e-03 8.0592938940e-03
7.5919344266e+01 7.4320456011e+01 6.5391227357e+01 9.7893964614e-01 1.1597370156e-01 5.5770452534e+02 2.1646203004e+01 -9.5960609157e-01 1.0350076478e+01 5.0311722874e-03 5.4317917426e-03
3.0911062095e+01 1.5808485292e+01 1.9032804509e+01 5.1141837972e-01 1.8736552665e-02 8.4205280427e+01 1.0786789569e+02 -8.9738928612e-01 8.3022095234e+00 6.3075142895e-03 6.3975298451e-03
6.3362075481e+01 4.8703220550e+01 4.8276748971e+01 7.6864938815e-01 8.9093368840e-02 4.2089356314e+02 2.4395933427e+01 9.4401192453e-01 8.9114621749e+00 5.9043860684e-03 6.3145141678e-03
5.2830101025e+01 4.0461149831e+01 4.0177565127e+01 7.6587303536e-01 5.1659523335e-02 2.3780490309e+02 4.9772757836e+01 -9.6801161521e-01 9.9156530680e+00 5.1806842114e-03 5.3460295524e-03
3.2607018393e+01 2.9887250727e+01 2.7171286049e+01 9.1658950128e-01 4.3201266522e-02 1.9766855110e+02 6.1294816157e+00 9.8052787788e-01 1.2912716457e+01 1.4582698619e-02 2.1677994147e-02
5.3085690057e+01 3.4110778922e+01 3.6865631914e+01 6.4256071430e-01 9.3462789094e-02 4.4283343271e+02 2.9068141529e+00 8.8686825856e-01 8.1532378167e+00 1.5479189299e-02 1.0000000000e+00
4.9964470938e+01 2.7170611939e+01 3.1783815982e+01 5.4379865190e-01 5.7533597888e-02 2.6594935354e+02 1.4659243228e+01 -9.6236058858e-01 9.5322757123e+00 9.4529264607e-03 1.0652725132e-02
5.7735522362e+01 4.6334189720e+01 4.4971972105e+01 8.0252482049e-01 6.9776930981e-02 3.2531670512e+02 1.4194068168e+01 -8.1740190534e-01 1.0653355340e+01 7.6468696094e-03 8.6575187808e-03
8.0621560825e+01 6.0098988993e+01 6.0467152320e+01 7.4544561502e-01 5.3345438806e-02 2.4586001868e+02 4.7484983110e+00 9.4950657891e-01 3.3392722399e+01 9.6751047469e-03 1.9343841467e-02
3.1202189339e+01 1.4619858735e+01 1.8334203486e+01 4.6855233704e-01 2.7391784902e-02 1.2389638632e+02 2.7917690400e+01 -9.6599703588e-01 8.2539313900e+00 1.0662084019e-02 1.1298666584e-02
4.9035787501e+01 4.0186548211e+01 3.8606603706e+01 8.1953508364e-01 4.0405228676e-02 1.8450252698e+02 1.2897110548e+01 5.4316065858e-01 1.1106386306e+01 8.8730107413e-03 1.0198523375e-02
8.0622647880e+01 6.6116969657e+01 6.3496899876e+01 8.2007936226e-01 4.7431037762e-02 2.1768206319e+02 1.9144924976e+01 1.2016260654e-01 9.5836499147e+00 5.5827977083e-03 6.0956755768e-03
2.8786101359e+01 2.5525541699e+01 2.3589356960e+01 8.8673146045e-01 3.1658761841e-02 1.4364614270e+02 2.6364021345e+01 -7.6717908922e-01 8.1318324946e+00 9.2818332984e-03 9.8726086724e-03
1.2601760161e+01 1.1518047839e+01 1.0486034528e+01 9.1400309888e-01 1.1875291454e-02 5.3095499321e+01 2.3388181572e+01 8.8390575221e-01 8.4151497595e+00 1.6310251210e-02 1.7498785880e-02
3.1914850166e+01 3.1088889186e+01 2.7421142368e+01 9.7411985405e-01 5.1099705774e-02 2.3513419303e+02 6.6433322704e+00 8.6404783167e-01 9.6683948478e+00 1.4002161783e-02 1.9782579625e-02
5.2863520717e+01 4.2538617749e+01 4.1233675866e+01 8.0468756474e-01 4.8258060709e-02 2.2160870300e+02 1.6354629396e+01 -5.6472484523e-01 9.7588305674e+00 7.7531879697e-03 8.6130988707e-03
3.8345183347e+01 3.6781463457e+01 3.2692271214e+01 9.5921991360e-01 4.2662261107e-02 1.9512652501e+02 5.0656479800e+01 -8.7395409118e-01 8.5338862020e+00 5.8859239729e-03 6.0703088420e-03
3.2425308631e+01 2.9165760974e+01 2.6763993097e+01 8.9947520023e-01 2.1811175512e-02 9.8247934303e+01 5.2647579411e+00 -2.4101629892e-02 9.1729092707e+00 1.5788027220e-02 2.6952061503e-02
7.8121402754e+01 5.5021941766e+01 5.6900970671e+01 7.0431328453e-01 1.3418576448e-01 6.5285290068e+02 1.1450910056e+01 -8.5301493412e-01 8.4950854960e+00 6.8980815571e-03 8.1042873417e-03
3.7040385951e+01 3.1390358441e+01 2.9664211849e+01 8.4746304974e-01 1.0253560679e-02 4.5788482338e+01 4.1124285618e+02 5.9710852456e-01 8.4746323411e+00 2.9088367812e-03 2.9195182044e-03
3.2408219719e+01 1.9133203116e+01 2.1529524258e+01 5.9038118359e-01 2.3181279788e-02 1.0452581713e+02 2.9164022849e+01 7.3277307707e-01 9.2206043976e+00 9.5112165557e-03 1.0052204833e-02
2.4111734909e+01 2.3003593453e+01 2.0501330263e+01 9.5404140514e-01 1.5259925620e-02 6.8402473554e+01 1.4061426053e+01 -7.7585040636e-01 1.6265155189e+01 1.2954933158e-02 1.4687533221e-02
3.8261150776e+01 3.5803175583e+01 3.2217061820e+01 9.3575793872e-01 1.8818031468e-02 8.4576604922e+01 2.7978529162e+00 5.1778994755e-01 1.9592509495e+01 1.7854484572e-02 1.0000000000e+00
4.6669416050e+01 3.3294097148e+01 3.4218533431e+01 7.1340290850e-01 1.7736648970e-02 7.9652009733e+01 8.4100940944e+01 3.3647520929e-01 9.4243481510e+00 4.8021411218e-03 4.8907012266e-03
4.6834073806e+01 2.2301278476e+01 2.7758435304e+01 4.7617635332e-01 2.2295881330e-02 1.0046745509e+02 4.9805507018e+01 8.5370341589e-01 1.3105261477e+01 6.6425446939e-03 6.8543986896e-03
3.6593698653e+01 2.4987051970e+01 2.6229124878e+01 6.8282389838e-01 2.7570416519e-02 1.2472077863e+02 7.9105821582e+01 -9.0533498440e-01 9.1379480612e+00 5.7672722753e-03 5.8805916334e-03
4.4997635006e+01 2.8454525572e+01 3.0988724968e+01 6.3235602422e-01 4.9890048495e-02 2.2937018604e+02 3.9435022217e+01 9.6910926349e-01 8.1724090122e+00 6.6565278761e-03 6.9289315776e-03
3.7367810721e+01 1.5862883085e+01 2.0820705502e+01 4.2450662158e-01 1.5741022996e-02 7.0584459822e+01 2.3022842996e+02 8.8530087507e-01 8.3061285822e+00 4.4958531242e-03 4.5254995770e-03
2.8851814200e+01 2.5853944485e+01 2.3769133733e+01 8.9609423884e-01 3.8362464847e-02 1.7491567213e+02 1.0398223525e+01 7.6719718263e-01 8.4967621348e+00 1.3041711922e-02 1.5646672974e-02
6.8647856129e+01 5.1703340128e+01 5.1760357242e+01 7.5316758663e-01 7.1949203272e-02 3.3594883249e+02 7.6752422700e+00 4.3423374462e-01 9.3827221690e+00 8.8085421903e-03 1.1609976318e-02
6.9555626940e+01 6.7303595263e+01 5.9561757865e+01 9.6762258100e-01 1.1475417591e-01 5.5140329468e+02 8.4963911605e+00 -5.4834544439e-01 8.0420475739e+00 7.5790744278e-03 9.6217723390e-03
7.1229710099e+01 4.8292362588e+01 5.0866769227e+01 6.7798061400e-01 1.0221398473e-01 4.8712597205e+02 6.8323317424e+00 9.1590155762e-01 1.2012079329e+01 9.1415501014e-03 1.2718302592e-02
5.0366979514e+01 4.5498846115e+01 4.1663429003e+01 9.0334672745e-01 2.8510363726e-02 1.2906214234e+02 3.2565736537e+01 -9.8827772739e-02 8.0254936741e+00 6.0208540800e-03 6.3241389932e-03
5.8401702203e+01 4.1365522021e+01 4.2661962639e+01 7.0829308839e-01 8.7674777943e-02 4.1379571563e+02 3.7084720133e+00 -5.3762380835e-01 8.0087445830e+00 1.2938537392e-02 1.0000000000e+00
7.1644536521e+01 7.0098321128e+01 6.1692757097e+01 9.7841823720e-01 1.2712657825e-01 6.1574049402e+02 2.1721115572e+00 -9.2026946035e-01 1.2377340240e+01 1.2280347366e-02 1.0000000000e+00
4.6537910018e+01 4.4516968116e+01 3.9622222180e+01 9.5657428747e-01 5.1759947499e-02 2.3828420753e+02 4.0142391367e+01 8.8994316539e-01 9.6636130724e+00 5.6644776423e-03 5.8918916354e-03
3.3571489689e+01 2.7826277306e+01 2.6584280934e+01 8.2886632568e-01 2.2361492805e-02 1.0076801705e+02 8.4041223873e+01 6.7969618684e-01 8.7111418434e+00 5.6084484075e-03 5.7119542726e-03
7.7274418470e+01 7.6566122962e+01 6.6962133323e+01 9.9083402345e-01 2.1681222002e-01 1.1082134500e+03 5.1082309075e+00 -7.8869468751e-01 8.3628230429e+00 8.0707012309e-03 1.4314506130e-02
3.9688419671e+01 2.3780250779e+01 2.6571511633e+01 5.9917353667e-01 1.1408251104e-02 5.0989347834e+01 2.8759422737e+02 -9.0839562224e-01 1.3000045347e+01 3.5607293142e-03 3.5794805076e-03
2.9029305942e+01 1.2793121992e+01 1.6504640456e+01 4.4069679163e-01 1.8882604315e-02 8.4870915095e+01 2.4253516744e+01 -8.1806950425e-01 9.1557965551e+00 1.2065597638e-02 1.2909270234e-02
3.7397102615e+01 3.0155685076e+01 2.9200859722e+01 8.0636420918e-01 1.3797478365e-02 6.1779149733e+01 2.6290383941e+01 8.8623839705e-01 2.7670181487e+01 8.2206302893e-03 8.7455048343e-03
3.7834199752e+01 3.2456922984e+01 3.0488428698e+01 8.5787259139e-01 5.0890849071e-02 2.3413832051e+02 7.5098029227e+00 -9.7231428639e-01 1.2213166907e+01 1.2517054192e-02 1.6648756858e-02
4.1926479866e+01 3.6148723273e+01 3.3872417506e+01 8.6219313876e-01 1.7913822497e-02 8.0458320378e+01 1.6779800297e+01 5.8833390748e-01 2.0629818271e+01 8.8440755549e-03 9.7949216016e-03
5.9536288865e+01 2.4970505609e+01 3.2956959017e+01 4.1941656232e-01 2.1463996317e-02 9.6659122041e+01 7.8921052550e+01 -5.3721326514e-01 9.8929431401e+00 5.0233338820e-03 5.1222753391e-03
2.3261566247e+01 1.5913990050e+01 1.6689671432e+01 6.8413235297e-01 1.2425975531e-02 5.5580729913e+01 5.6295884766e+01 5.5740634412e-01 8.5201523343e+00 8.7722314818e-03 9.0180680593e-03
3.2159070338e+01 3.1554372200e+01 2.7731387757e+01 9.8119665367e-01 1.7488334556e-02 7.8522291835e+01 3.1603495964e+01 5.7575778347e-01 1.3661378196e+01 7.9060019858e-03 8.3175622210e-03
6.4165553675e+01 5.2600750131e+01 5.0525756369e+01 8.1976616920e-01 1.1159647155e-01 5.3512886784e+02 5.5720559504e+00 7.6885730632e-01 1.0026461053e+01 9.8571746795e-03 1.5842829704e-02
3.8465020634e+01 3.6307899112e+01 3.2530548497e+01 9.4391991773e-01 3.2119865602e-02 1.4578753867e+02 3.2719477404e+01 7.9728258466e-01 1.1738610528e+01 7.0001106772e-03 7.3509097567e-03
3.9840866006e+01 3.8018525755e+01 3.3879128022e+01 9.5425952211e-01 6.2226867174e-02 2.8859449109e+02 1.2893568351e+01 8.2132534906e-01 8.5521413257e+00 9.5046773615e-03 1.0925058826e-02
3.9300230951e+01 3.0480165048e+01 3.0081588372e+01 7.7557216104e-01 3.6483659327e-02 1.6612230545e+02 6.8081511294e+01 -9.6002843078e-01 9.0038934063e+00 5.5701935069e-03 5.6981181299e-03
2.2708964000e+01 2.2285507962e+01 1.9583940624e+01 9.8135291255e-01 2.0007662585e-02 9.0003164194e+01 3.9037521154e+01 -9.6951603260e-01 1.1358978074e+01 9.0635890694e-03 9.4385662680e-03
4.1794489361e+01 1.7694224137e+01 2.3253236744e+01 4.2336261090e-01 1.0058014999e-02 4.4908608761e+01 2.8895662914e+02 -5.4313595407e-01 8.7071718330e+00 3.8666949556e-03 3.8869604658e-03
3.0876551775e+01 2.7679031243e+01 2.5442169734e+01 8.9644178678e-01 2.8998188032e-02 1.3131756811e+02 5.1144640588e+00 4.0463462050e-01 9.1292317396e+00 1.6401751270e-02 2.9042934510e-02
3.2611325825e+01 2.9950779682e+01 2.7202178214e+01 9.1841649869e-01 3.4868089744e-02 1.5857940280e+02 4.4529739152e+00 5.2923517921e-01 9.9804365374e+00 1.6509978704e-02 3.8901188692e-02
2.2223083124e+01 1.9523032834e+01 1.8125405953e+01 8.7850244381e-01 1.0451250097e-02 4.6678263334e+01 1.4592633333e+01 -7.7739395773e-01 1.9895231160e+01 1.3839445009e-02 1.5606025903e-02
4.3400247170e+01 3.6296552427e+01 3.4524418395e+01 8.3632132979e-01 2.3118273142e-02 1.0423684445e+02 3.8922231396e+01 6.3687891599e-01 1.3790506997e+01 6.3542450807e-03 6.6179710892e-03
6.1787031593e+01 4.2157944268e+01 4.4269575070e+01 6.8231056228e-01 3.3182821724e-02 1.5072929371e+02 1.0098971451e+01 -9.9383466094e-01 2.8631132345e+01 8.9668567659e-03 1.0833603494e-02
3.6314100500e+01 2.5085218434e+01 2.6185640198e+01 6.9078451865e-01 2.1505574250e-02 9.6849354856e+01 2.9524195284e+00 8.2580130668e-01 1.7962861527e+01 1.9885614060e-02 1.0000000000e+00
8.4977271615e+01 6.4473497816e+01 6.4314778467e+01 7.5871461381e-01 1.3106422075e-01 6.3640595607e+02 2.9495496263e+00 -7.0951740528e-01 1.1390599495e+01 1.0644826226e-02 1.0000000000e+00
4.2322433660e+01 2.9073144875e+01 3.0430096093e+01 6.8694407104e-01 2.6219403580e-02 1.1849102760e+02 1.6233889234e+02 9.2574811940e-01 8.6747851987e+00 4.0171917305e-03 4.0549516107e-03
3.5020766369e+01 2.6933176716e+01 2.6690342403e+01 7.6906303054e-01 1.6765610352e-02 7.5236567009e+01 2.0583490198e+02 -6.6938757812e-01 8.1076718680e+00 4.0120537283e-03 4.0416878721e-03
7.3350016853e+01 6.2682555100e+01 5.8992875229e+01 8.5456769868e-01 2.1056456649e-02 9.4795101251e+01 1.7959638635e+02 7.0270513427e-01 1.1132683701e+01 2.5653895455e-03 2.5871498132e-03
3.2461758998e+01 3.1252399299e+01 2.7727202750e+01 9.6274509650e-01 1.5693584925e-02 7.0369238702e+01 2.1825416325e+02 8.7324573528e-01 1.0929896251e+01 3.8350127484e-03 3.8617067133e-03
3.8184270388e+01 2.5738962449e+01 2.7186517131e+01 6.7407239126e-01 1.3174986120e-02 5.8964272209e+01 5.7899411224e+01 3.1462986056e-01 1.0750867719e+01 6.3957895819e-03 6.5698123407e-03
3.7362759750e+01 2.9215078631e+01 2.8718494282e+01 7.8193042555e-01 1.2950886190e-02 5.7951540036e+01 9.4329329280e+01 -6.6838472509e-01 1.5512389008e+01 5.1473586435e-03 5.2316799047e-03
3.2876026748e+01 3.1527046834e+01 2.8025685969e+01 9.5896767196e-01 5.7419585629e-02 2.6540098697e+02 4.9412635208e+00 -8.7049527527e-01 9.5515374685e+00 1.5376384704e-02 2.8635302917e-02
2.9970605106e+01 2.7002375891e+01 2.4758521436e+01 9.0096198576e-01 3.7558171350e-02 1.7114851988e+02 1.8794948221e+01 8.9956457760e-01 9.1919625701e+00 1.0187546233e-02 1.1144035174e-02
3.3457677420e+01 3.1731698159e+01 2.8363387495e+01 9.4841305811e-01 3.5604460562e-02 1.6201531366e+02 4.5142510280e+01 -9.1183037742e-01 9.2691306664e+00 6.7449866862e-03 6.9837983569e-03
4.4239515357e+01 4.2475099292e+01 3.7735351379e+01 9.6011674063e-01 2.9670751679e-02 1.3442969591e+02 2.0411349379e+02 9.4614462879e-01 8.0336627016e+00 3.2159894470e-03 3.2399467190e-03
2.5321774793e+01 2.4930194162e+01 2.1872643030e+01 9.8453581417e-01 3.8288663814e-02 1.7456982682e+02 4.0209916495e+00 9.2858986876e-01 9.8705406624e+00 1.9618179003e-02 1.4077196408e-01
3.6377294443e+01 3.4390987511e+01 3.0789121298e+01 9.4539706808e-01 1.1725862564e-02 5.2421479773e+01 1.2636446622e+02 -9.0369020727e-01 2.1403833369e+01 4.4197610342e-03 4.4733966317e-03
2.9510556801e+01 2.3291669165e+01 2.2791681311e+01 7.8926566253e-01 2.7141142410e-02 1.2274001598e+02 2.3872877609e+01 -7.4850606526e-01 9.0810161464e+00 9.8702328445e-03 1.0572894609e-02
4.1592934383e+01 2.1211764696e+01 2.5571687544e+01 5.0998480897e-01 1.5011790104e-02 6.7277676120e+01 1.9235281825e+02 6.7931874311e-01 9.0947059956e+00 4.2314551080e-03 4.2649323750e-03
6.6189775454e+01 6.1731919958e+01 5.5640570457e+01 9.3265039100e-01 7.4011100445e-02 3.4606812543e+02 2.1551001536e+01 -5.4989022312e-01 8.3636564280e+00 5.7097912575e-03 6.1667637937e-03
3.1463647560e+01 2.8965229388e+01 2.6276209747e+01 9.2059349866e-01 1.8420914754e-02 8.2767237069e+01 6.8654254145e+00 5.7295011791e-01 1.7526724946e+01 1.4487357578e-02 2.0104513065e-02
7.8305519822e+01 6.6294804272e+01 6.2680040517e+01 8.4661725538e-01 1.6607977806e-01 8.2411701146e+02 7.3825734265e+00 -7.6365214448e-01 8.2406631338e+00 7.5237069184e-03 1.0081892745e-02
8.1200104267e+01 2.7144700540e+01 3.9717633756e+01 3.3429391237e-01 2.3164654645e-02 1.0444956528e+02 1.4788346678e+02 -9.0200103306e-01 1.2433393952e+01 3.5287453959e-03 3.5652180627e-03
3.2751114923e+01 2.8137059912e+01 2.6411696091e+01 8.5911762019e-01 3.0373329725e-02 1.3768388877e+02 5.2768368894e+01 -7.6203660566e-01 8.0805113039e+00 6.6724649953e-03 6.8726558011e-03
4.2260860905e+01 4.2008662150e+01 3.6680243262e+01 9.9403233275e-01 3.1573465594e-02 1.4325017443e+02 1.0890708243e+02 9.3938046369e-01 1.0427780572e+01 4.1382523039e-03 4.1967317303e-03
4.2654780315e+01 2.9738160598e+01 3.0905077944e+01 6.9718236452e-01 3.6021024084e-02 1.6396057246e+02 7.8880887310e+00 4.1715483323e-01 9.0089255425e+00 1.2293691632e-02 1.6028603015e-02
3.1250556499e+01 2.8229295931e+01 2.5850009364e+01 9.0332138345e-01 1.2756608492e-02 5.7073850399e+01 1.2683780384e+01 8.6860305627e-01 3.0083182125e+01 1.1667393794e-02 1.3448576327e-02
3.6348816990e+01 3.1579793927e+01 2.9480116592e+01 8.6879839681e-01 3.1517797376e-02 1.4299177327e+02 4.0704642412e+01 -9.2422876702e-01 1.1427045110e+01 6.8616026156e-03 7.1329908601e-03
5.4227439168e+01 4.6574712206e+01 4.3724777206e+01 8.5887722011e-01 6.9914565081e-02 3.2598947141e+02 1.3328809927e+00 -9.0054022027e-01 9.8843509827e+00 1.8894092482e-02 1.0000000000e+00
7.0250171685e+01 6.6435576925e+01 5.9468120572e+01 9.4569985142e-01 6.6690985185e-02 3.1026368557e+02 4.0111020831e+01 7.8803094528e-01 1.0429709091e+01 4.3575770610e-03 4.5326695359e-03
7.5657336806e+01 5.3455734462e+01 5.5196706905e+01 7.0655057023e-01 1.0539912325e-01 5.0336235859e+02 1.4032541702e+01 8.4083034629e-01 9.5162858854e+00 6.6198696438e-03 7.5075191820e-03
2.7937311777e+01 2.7134615637e+01 2.3968393050e+01 9.7126795353e-01 1.6709041643e-02 7.4979535582e+01 2.0538709585e+02 -8.7572911927e-01 9.3163684095e+00 4.2947071762e-03 4.3264991827e-03
3.9159172455e+01 3.3618813837e+01 3.1568178820e+01 8.5851696371e-01 3.8536557436e-02 1.7573164294e+02 9.5989969245e+01 9.8864512459e-01 8.1965626706e+00 4.7456037809e-03 4.8219587677e-03
2.8281753781e+01 2.1353483292e+01 2.1351432598e+01 7.5502684373e-01 1.3075010372e-02 5.8512429222e+01 1.2027215175e+02 8.4423472987e-01 1.2410282971e+01 5.6551085886e-03 5.7272938077e-03
7.7925450315e+01 5.8012073121e+01 5.8405097479e+01 7.4445605238e-01 4.8229185696e-02 2.2147153239e+02 9.1415526784e+01 7.2743724626e-01 8.5157136987e+00 3.2713075822e-03 3.3266579641e-03
4.9775714543e+01 4.8568071089e+01 4.2802745888e+01 9.7573829999e-01 4.5574368063e-02 2.0888282659e+02 9.4476421374e+01 9.7303666710e-01 9.1887078808e+00 3.9301385030e-03 3.9944166489e-03
3.4371768512e+01 2.3920264277e+01 2.4880486665e+01 6.9592765552e-01 1.8567372914e-02 8.3434416483e+01 1.6573168594e+02 9.4647101213e-01 1.0252381091e+01 4.5419073168e-03 4.5837105015e-03
2.0860457934e+01 1.9995536340e+01 1.7778821948e+01 9.5853774653e-01 1.0662745741e-02 4.7630475866e+01 9.3671390912e+01 7.3356270701e-01 1.1632150424e+01 6.9742876545e-03 7.0893636551e-03
2.7141107293e+01 2.6604176841e+01 2.3392592748e+01 9.8021707638e-01 2.0901265139e-02 9.4085570529e+01 2.4261713343e+01 -8.5464621425e-01 1.3620664109e+01 9.6891656092e-03 1.0366409645e-02
4.7402091535e+01 3.8353414201e+01 3.7077335663e+01 8.0910805745e-01 5.4984702417e-02 2.5370970850e+02 4.0515686979e+01 -9.8064010969e-01 9.2346343202e+00 5.8727344652e-03 6.1061752428e-03
4.9180606610e+01 4.5620368029e+01 4.1229592172e+01 9.2760889247e-01 1.0618118296e-01 5.0735831386e+02 4.5827098977e+00 -8.9706814040e-01 9.7915802591e+00 1.2080997375e-02 2.6180565858e-02
3.7193828384e+01 3.3011269038e+01 3.0493419785e+01 8.8754695262e-01 1.0545174407e-02 4.7101099709e+01 2.3685399606e+02 9.6350501939e-01 1.8367775831e+01 3.5157202362e-03 3.5382473624e-03
6.2589276456e+01 5.9975098825e+01 5.3334679640e+01 9.5823281912e-01 1.1695648389e-01 5.6278896505e+02 8.2679374024e+00 -7.5005862050e-01 8.8178347140e+00 8.1939457701e-03 1.0499902405e-02
4.6855993196e+01 4.1292944442e+01 3.8277290076e+01 8.8127348554e-01 7.3568833475e-02 3.4389534174e+02 1.2899296970e+01 -8.1806102987e-01 8.4838537751e+00 8.7468474746e-03 1.0053225674e-02
3.1396502046e+01 1.3641959388e+01 1.7714875367e+01 4.3450570920e-01 1.6929223832e-02 7.5980098419e+01 1.4515964681e+02 9.7428295708e-01 8.3616255765e+00 5.9082724138e-03 5.9705077115e-03
8.3447215317e+01 7.1138597014e+01 6.7031102131e+01 8.5249815399e-01 1.3995783941e-01 6.8341462881e+02 1.5732200474e+01 -7.9215850587e-01 8.3619424154e+00 5.5099349606e-03 6.1507095783e-03
4.3554287186e+01 4.0830566166e+01 3.6707675805e+01 9.3746376772e-01 6.4571204183e-02 2.9995836844e+02 1.9159642758e+01 -9.9009697668e-01 9.8008499129e+00 7.7815876568e-03 8.4958166062e-03
6.1059739291e+01 4.4308470780e+01 4.5165113270e+01 7.2565771316e-01 3.1510931179e-02 1.4295990311e+02 2.7279170176e+01 8.4277316600e-01 1.9726473700e+01 6.1067617027e-03 6.4808929186e-03
2.9541544843e+01 2.1434181490e+01 2.1849996876e+01 7.2556061655e-01 1.4841310655e-02 6.6505132164e+01 2.2210576689e+02 8.3884643404e-01 8.9172859308e+00 4.4238954722e-03 4.4541477004e-03
5.1919101331e+01 4.9336565143e+01 4.4056884115e+01 9.5025845745e-01 3.1104757792e-02 1.4107515906e+02 4.2941381717e+01 -6.8748884527e-01 1.4032354434e+01 5.2332246880e-03 5.4286723210e-03
7.4910519734e+01 6.8017781425e+01 6.2126303951e+01 9.0798704462e-01 6.4126132265e-02 2.9779826086e+02 4.3317743563e+01 -7.1665659960e-01 1.0060194846e+01 4.1257524595e-03 4.2784073563e-03
6.3982953101e+01 4.6775118117e+01 4.7508621301e+01 7.3105594303e-01 9.1831836256e-02 4.3463034204e+02 7.8611116213e+00 -7.4825165049e-01 9.6863892633e+00 9.1050879209e-03 1.1887033758e-02
4.2139926819e+01 3.6898660982e+01 3.4312692291e+01 8.7562233177e-01 1.3814631095e-02 6.1856750257e+01 1.7636192496e+02 -9.0372237720e-01 1.6986174972e+01 3.6402866897e-03 3.6717398099e-03
5.5728436052e+01 3.8496823319e+01 4.0185333896e+01 6.9079317574e-01 1.3581464744e-02 6.0802053088e+01 3.2716201703e+02 6.7546105599e-01 9.1664572300e+00 2.6162591687e-03 2.6283562279e-03
2.6917107457e+01 2.4379349439e+01 2.2295274644e+01 9.0571951231e-01 2.3530177866e-02 1.0612647424e+02 8.4770141814e+00 4.2834619399e-01 8.6895428242e+00 1.4787124444e-02 1.8786857561e-02
3.6286867089e+01 3.5319532234e+01 3.1165082660e+01 9.7334201235e-01 1.0653556797e-02 4.7589098418e+01 5.8542784964e+02 9.8779362466e-01 9.1757338249e+00 2.4700122441e-03 2.4763708707e-03
3.6062921809e+01 3.3165045767e+01 3.0101531382e+01 9.1964389193e-01 3.2975935597e-02 1.4976688505e+02 7.4277133812e+01 8.5748371590e-01 8.6883313609e+00 5.4003986497e-03 5.5136758596e-03
3.2884369850e+01 2.9583460223e+01 2.7145122899e+01 8.9962071215e-01 1.6198559579e-02 7.2661023537e+01 1.7326288481e+02 8.1034203312e-01 1.0844935202e+01 4.2363045390e-03 4.2735727265e-03
8.1521813290e+01 6.9153547414e+01 6.5319752228e+01 8.4828274327e-01 2.0094921613e-01 1.0178833536e+03 3.3800173105e+00 8.7418763299e-01 1.0009433583e+01 9.6487357823e-03 1.0000000000e+00
3.4537095524e+01 2.1773564490e+01 2.3747127430e+01 6.3043994173e-01 2.7717714775e-02 1.2540072459e+02 1.0109346378e+01 -6.9597901531e-01 1.0822519006e+01 1.3273073851e-02 1.6032255814e-02
6.3316397574e+01 5.5363643167e+01 5.1519184226e+01 8.7439660639e-01 1.0272407626e-01 4.8972205962e+02 2.8761367665e+00 -5.6892925504e-01 8.6108430088e+00 1.2541363951e-02 1.0000000000e+00
2.9624982289e+01 1.9116083975e+01 2.0618411943e+01 6.4526904317e-01 1.8596577608e-02 8.3567473428e+01 1.2702747972e+02 -8.6379730571e-01 8.4320206959e+00 5.6434960031e-03 5.7116166986e-03
8.3431216167e+01 6.1094385728e+01 6.2002466842e+01 7.3227250585e-01 7.9886795476e-02 3.7505038705e+02 4.4927655328e+01 -7.3291817169e-01 8.0910125698e+00 4.0374865204e-03 4.1811660825e-03
3.9852262029e+01 2.8586304263e+01 2.9302617279e+01 7.1730694340e-01 2.3130143717e-02 1.0429128545e+02 1.5566617221e+02 7.6949141995e-01 8.1828042972e+00 4.1862445246e-03 4.2273106390e-03
2.8410068126e+01 1.6225964211e+01 1.8546952368e+01 5.7113429433e-01 1.7266853641e-02 7.7515001402e+01 1.2237910598e+02 -9.7981294942e-01 9.1602656154e+00 6.1194636292e-03 6.1962001879e-03
7.8685181753e+01 6.0092875265e+01 5.9753782418e+01 7.6371273378e-01 5.8149320102e-02 2.6891223543e+02 6.7756975199e+01 -7.6610866611e-01 9.0020729113e+00 3.5870940627e-03 3.6698864723e-03
3.0710984401e+01 2.6002943614e+01 2.4583958010e+01 8.4669847357e-01 2.3828554771e-02 1.0749599304e+02 6.7020525349e+01 7.5635433550e-01 8.7393929648e+00 6.4053579656e-03 6.5548926510e-03
3.5051779872e+01 2.7934195946e+01 2.7205641950e+01 7.9694086999e-01 1.8980249803e-02 8.5316016552e+01 6.8921598272e+01 6.9679415688e-01 1.1431376305e+01 5.9672196620e-03 6.1025216179e-03
5.1880530983e+01 4.2705412664e+01 4.0938043288e+01 8.2314910536e-01 2.3899063983e-02 1.0781970914e+02 1.4551875351e+01 8.0625769292e-01 2.6490881014e+01 8.2572605578e-03 9.3149811764e-03
5.2807267472e+01 3.8875945412e+01 3.9352001907e+01 7.3618551523e-01 8.4353285861e-02 3.9722533989e+02 5.6456973762e+00 9.3114877756e-01 1.1063008317e+01 1.1646371139e-02 1.8490705544e-02
4.0103538550e+01 4.0074450001e+01 3.4899493792e+01 9.9927466378e-01 6.8189271922e-02 3.1756472376e+02 1.2638644268e+01 9.4905673143e-01 9.3658654890e+00 9.3673332726e-03 1.0804049351e-02
3.4648683138e+01 3.1410693759e+01 2.8712543268e+01 9.0654798145e-01 5.2567330426e-02 2.4214003764e+02 2.0478424722e+01 -9.9727518493e-01 8.6717218161e+00 8.9121722179e-03 9.6688848987e-03
4.0744129340e+01 2.3799248950e+01 2.6915759407e+01 5.8411479975e-01 1.8396828664e-02 8.2657528340e+01 2.2164574771e+01 -9.1697749290e-01 2.0234284007e+01 9.1959408513e-03 9.9085243792e-03
7.0239374322e+01 6.6132612807e+01 5.9327050247e+01 9.4153191775e-01 8.7384384667e-02 4.1234427591e+02 1.7230224785e+01 -8.9254436990e-01 1.2289826835e+01 5.9195573771e-03 6.5359787200e-03
6.0507230644e+01 5.8487532731e+01 5.1786525799e+01 9.6662055275e-01 3.9613924760e-02 1.8078564964e+02 1.5677238942e+02 9.2850354428e-01 8.2657416362e+00 2.8957703109e-03 2.9239731214e-03
3.4269419203e+01 3.2295081460e+01 2.8958585279e+01 9.4238776762e-01 2.6976128289e-02 1.2197892921e+02 7.8881889166e+01 -7.4393696333e-01 8.7678928243e+00 5.4289794539e-03 5.5359656860e-03
8.3310302749e+01 7.5347877824e+01 6.8955569340e+01 9.0442448699e-01 2.2074781654e-01 1.1308307106e+03 4.2746986750e+00 -8.0837347613e-01 9.5673916985e+00 8.4544257147e-03 2.3664779693e-02
7.3474079679e+01 4.8595723047e+01 5.1798558431e+01 6.6139954742e-01 1.0935640307e-01 5.2362003171e+02 1.3611461409e+01 8.3954294798e-01 8.5671319594e+00 6.9516593051e-03 7.9205753194e-03
3.8733154613e+01 3.2502486018e+01 3.0864568014e+01 8.3913862280e-01 5.3978298499e-02 2.4888845697e+02 1.1312776150e+01 8.8433153888e-01 9.6274234751e+00 1.0632854611e-02 1.2522973696e-02
2.8461407260e+01 2.2057198103e+01 2.1776784707e+01 7.7498620856e-01 1.6876036834e-02 7.5738373760e+01 1.7938886574e+02 -9.4186624270e-01 9.4959870939e+00 4.7968797318e-03 4.8376158558e-03
4.1033518476e+01 3.3285017744e+01 3.2137574832e+01 8.1116655311e-01 3.0514941969e-02 1.3834020006e+02 7.3834542215e+01 8.4859717757e-01 1.0013842218e+01 5.2033288809e-03 5.3131522718e-03
5.4206646042e+01 4.4439924375e+01 4.2685375928e+01 8.1982427654e-01 3.6273301533e-02 1.6513920349e+02 4.7953442154e+00 2.2536219420e-01 1.2765909269e+01 1.2106467364e-02 2.3747433660e-02
3.3279731355e+01 2.6800546295e+01 2.5968549295e+01 8.0531137736e-01 1.7547597003e-02 7.8791871694e+01 1.2141095475e+02 8.9360771591e-01 1.2093259496e+01 4.9724740625e-03 5.0353364789e-03
6.8559659904e+01 6.8279356205e+01 5.9562491321e+01 9.9591153603e-01 3.3843637829e-02 1.5380520840e+02 2.9711349053e+01 -7.1106105317e-01 2.1111330688e+01 4.9680108117e-03 5.2448321917e-03
5.8920606600e+01 3.1902508999e+01 3.7395207754e+01 5.4144909295e-01 4.4620352137e-02 2.0437016696e+02 9.9178356766e+00 7.6291241478e-01 1.3520333489e+01 9.9633498803e-03 1.2092069485e-02
2.8052120575e+01 1.7977245545e+01 1.9453883445e+01 6.4085157118e-01 2.6801012670e-02 1.2117144847e+02 1.4555483552e+01 -9.2857328312e-01 1.0162851470e+01 1.3121330667e-02 1.4801596787e-02
3.3622096203e+01 2.8025323076e+01 2.6700676715e+01 8.3353884025e-01 1.8059755878e-02 8.1122615466e+01 4.0460369924e+01 -6.0053357640e-01 1.2182877339e+01 7.3764913590e-03 7.6701371551e-03
3.3217403198e+01 3.0330677843e+01 2.7626647630e+01 9.1309599556e-01 2.7321774712e-02 1.2357334385e+02 1.2431638314e+02 8.9481793830e-01 8.2484443201e+00 4.7133091836e-03 4.7714708930e-03
7.9346174851e+01 3.9283943724e+01 4.8018175240e+01 4.9509562115e-01 7.3165294192e-02 3.4191388961e+02 9.9132931352e+00 5.1463527406e-01 8.5806795939e+00 8.3809614427e-03 1.0172777487e-02
4.2300516584e+01 3.6612338738e+01 3.4241622432e+01 8.6552935270e-01 2.9790873046e-02 1.3498584240e+02 1.5107888151e+01 -4.4104970853e-01 1.0807932401e+01 9.0709907649e-03 1.0179919023e-02
3.2030491389e+01 3.0121378971e+01 2.7037854736e+01 9.4039702995e-01 1.3009295867e-02 5.8215467319e+01 2.6716401687e+02 6.7131408566e-01 9.2393060389e+00 3.6173286502e-03 3.6378498075e-03
6.3884490983e+01 4.5631456037e+01 4.6870586366e+01 7.1428065458e-01 6.9083194028e-02 3.2192747897e+02 2.9390797518e+01 -8.6287790463e-01 9.5201604293e+00 5.6740942865e-03 5.9940751552e-03
7.1170043756e+01 4.6251169433e+01 4.9716741642e+01 6.4986849792e-01 5.5469441360e-02 2.5603419877e+02 4.1501927865e+01 -8.4753601537e-01 1.0968816769e+01 4.8437022686e-03 5.0313316322e-03
4.6120330041e+01 2.3755760086e+01 2.8505658830e+01 5.1508217883e-01 2.3897717468e-02 1.0781352683e+02 2.5982147757e+01 7.0871383118e-01 1.2824884365e+01 8.3305814277e-03 8.8695617337e-03
3.8554137539e+01 3.8014236598e+01 3.3327326361e+01 9.8599629053e-01 5.3600174469e-02 2.4707870258e+02 6.3805201315e+00 -6.3331655673e-01 9.4074701770e+00 1.2565420278e-02 1.8186373386e-02
3.3383362976e+01 3.3271948825e+01 2.9013360981e+01 9.9666258457e-01 2.4023215267e-02 1.0838978240e+02 3.6172207815e+01 -4.3457259870e-01 8.5149053056e+00 7.2771731597e-03 7.6041034398e-03
7.3113015695e+01 5.5731579276e+01 5.5468240206e+01 7.6226618129e-01 3.4486914201e-02 1.5680222936e+02 1.1266844979e+02 -6.4336742308e-01 9.1191395692e+00 3.1496623951e-03 3.1926482515e-03
2.1723380480e+01 2.0654832861e+01 1.8439151293e+01 9.5081117231e-01 1.1855206947e-02 5.3004896668e+01 7.4424770594e+01 -4.7580871997e-01 8.5038729848e+00 7.4257379153e-03 7.5811770812e-03
7.7579868369e+01 5.1913153243e+01 5.5025829162e+01 6.6915753190e-01 8.4948436509e-02 4.0018943754e+02 9.8797482351e+00 -9.4507457289e-01 1.4513865841e+01 7.6543132266e-03 9.2987893700e-03
3.1799558312e+01 2.3969498503e+01 2.3986636919e+01 7.5376828408e-01 3.3813057104e-02 1.5366280049e+02 3.9489170900e+01 -9.3273003060e-01 8.4018786479e+00 7.8837778500e-03 8.2059277521e-03
3.3209594502e+01 2.7694133287e+01 2.6379225193e+01 8.3391964587e-01 2.0578354988e-02 9.2609748713e+01 2.3050318258e+01 6.6871022099e-01 1.3250771279e+01 9.1642969420e-03 9.8432759799e-03
2.7704338719e+01 2.5424705284e+01 2.3100204744e+01 9.1771565250e-01 1.9836354461e-02 8.9221153183e+01 7.1956916720e+01 8.7373841300e-01 1.0842820943e+01 6.5002055351e-03 6.6411252205e-03
3.4082572922e+01 1.4650794560e+01 1.9119249746e+01 4.2986175350e-01 3.1887213794e-02 1.4470691395e+02 1.2231480836e+01 -9.9518049739e-01 9.2902023126e+00 1.4114863415e-02 1.6374840574e-02
4.2672878459e+01 4.2170545936e+01 3.6929468697e+01 9.8822829531e-01 2.8301651828e-02 1.2809765484e+02 1.5602320003e+02 8.0433293898e-01 8.4246921834e+00 3.6082058352e-03 3.6435190633e-03
2.8436131511e+01 1.7374338235e+01 1.9234208635e+01 6.1099514285e-01 1.5520092607e-02 6.9582251995e+01 8.5830855477e+01 -8.7449339808e-01 1.0554918942e+01 6.8403397903e-03 6.9638604041e-03
7.6041294599e+01 6.8225289644e+01 6.2685022238e+01 8.9721367849e-01 7.2238450777e-02 3.3736678205e+02 1.7521792702e+01 9.4370344574e-01 1.6534117806e+01 5.7334933802e-03 6.3186371205e-03
4.4617511259e+01 4.3997722420e+01 3.8570888662e+01 9.8610884333e-01 3.2833254193e-02 1.4910331240e+02 1.2710472357e+02 9.3095195637e-01 9.6171761039e+00 3.7816292472e-03 3.8272476327e-03
4.7113493495e+01 4.3699394291e+01 3.9495074589e+01 9.2753457767e-01 9.1462201814e-02 4.3277348335e+02 8.5043645729e+00 8.4367925668e-01 8.2971100264e+00 9.9245372859e-03 1.2595441453e-02
3.8108270577e+01 3.2114013361e+01 3.0432196831e+01 8.4270455926e-01 3.6160431571e-02 1.6461182772e+02 8.5197167655e+01 -9.9087094081e-01 8.7953335631e+00 5.0849433239e-03 5.1774715422e-03
2.4289725534e+01 1.8364116467e+01 1.8350333280e+01 7.5604462641e-01 1.0286838234e-02 4.5938243002e+01 5.1940731060e+02 9.9096401542e-01 8.5766615905e+00 3.5979060118e-03 3.6083517793e-03
3.9007895583e+01 1.6150214552e+01 2.1442559065e+01 4.1402424587e-01 1.2060851011e-02 5.3932699922e+01 1.9283946650e+02 9.0577273733e-01 1.2234928588e+01 4.7279213908e-03 4.7652306969e-03
5.9421652634e+01 5.3312112824e+01 4.8983698102e+01 8.9718327345e-01 1.0302498462e-01 4.9125425775e+02 9.1295179966e+00 8.1916929577e-01 9.3364040233e+00 8.3917922715e-03 1.0417031060e-02
6.6901800503e+01 5.8458424465e+01 5.4417551231e+01 8.7379448722e-01 5.7650578189e-02 2.6651208174e+02 7.9300490544e+00 7.7644105176e-01 1.8602911053e+01 8.5043580511e-03 1.1065492549e-02
2.8813554432e+01 2.3328559190e+01 2.2545149806e+01 8.0963836811e-01 1.1415459440e-02 5.1021843198e+01 1.8964100603e+02 -5.7341631114e-01 9.3581982324e+00 4.6127185180e-03 4.6497417222e-03
8.2275559824e+01 6.6044120107e+01 6.4094866428e+01 8.0271857461e-01 1.4047103779e-01 6.8614124961e+02 8.3543225938e+00 7.7969009869e-01 9.6578063871e+00 7.1822717852e-03 9.1702953923e-03
2.6382714498e+01 2.4460151853e+01 2.2111650980e+01 9.2712794412e-01 2.5442919483e-02 1.1491598529e+02 5.6924824983e+01 8.7723632730e-01 8.6063911005e+00 7.2690003647e-03 7.4703430061e-03
3.7805550793e+01 2.6376207056e+01 2.7401757990e+01 6.9768080356e-01 4.9453514590e-02 2.2729241731e+02 6.9348140724e+00 7.6893245218e-01 8.8897102733e+00 1.3798096069e-02 1.9048663076e-02
4.3512789005e+01 3.7186221530e+01 3.4996590987e+01 8.5460441356e-01 1.5499599296e-02 6.9489304611e+01 9.2452949186e+01 -5.0689282569e-01 1.3192722130e+01 4.5762476417e-03 4.6527818154e-03
7.1932638847e+01 6.0356265110e+01 5.7317115521e+01 8.3906646659e-01 1.2978999516e-01 6.2970863509e+02 7.0470545987e+00 9.5137169557e-01 1.1495598277e+01 8.2578425402e-03 1.1308743991e-02
4.7897296317e+01 3.8708906134e+01 3.7442370786e+01 8.0816474228e-01 2.4670831263e-02 1.1136513698e+02 1.8254569583e+01 5.1469446611e-01 1.5222889331e+01 8.0156560454e-03 8.7946919394e-03
5.9303918116e+01 5.5458534830e+01 4.9919600722e+01 9.3515802314e-01 3.7090558279e-02 1.6896025290e+02 9.3573286260e+01 7.4985950489e-01 1.0090619900e+01 3.6010895605e-03 3.6605718689e-03
7.7721131634e+01 7.6070698550e+01 6.6937156388e+01 9.7876468022e-01 3.8157215291e-02 1.7395392266e+02 2.1226696213e+01 4.0685023051e-01 1.6573584971e+01 5.2255661568e-03 5.6511717155e-03
6.5154815333e+01 4.2564977475e+01 4.5639434414e+01 6.5328981836e-01 1.1671816652e-01 5.6155549807e+02 5.0825119432e+00 8.4918738492e-01 9.4710950357e+00 1.0841489242e-02 1.9362261664e-02
4.0418349991e+01 3.3400692351e+01 3.1957054868e+01 8.2637446504e-01 5.0537351613e-02 2.3245340955e+02 8.7993512638e+00 6.4733267796e-01 8.7805885648e+00 1.1455534124e-02 1.4379404059e-02
3.9679679235e+01 2.2937289007e+01 2.6069201947e+01 5.7806135155e-01 1.3009718949e-02 5.8217379124e+01 4.6165713051e+02 8.8615079844e-01 8.0780988568e+00 3.0144811312e-03 3.0243344239e-03
4.4074810825e+01 2.4583613961e+01 2.8415999969e+01 5.5777015264e-01 3.6749761047e-02 1.6736633947e+02 6.4570782437e+01 9.6068684277e-01 8.5190315193e+00 5.8868662659e-03 6.0297456704e-03
3.5882305265e+01 2.1441408004e+01 2.3989064909e+01 5.9754823012e-01 2.5198539567e-02 1.1379165071e+02 6.5848704485e+01 8.6941602588e-01 9.1411523153e+00 6.5418746514e-03 6.6974341743e-03
3.1457490299e+01 2.8676843407e+01 2.6141394376e+01 9.1160620678e-01 4.9362476942e-02 2.2685926037e+02 1.3523012574e+01 -9.6951693184e-01 8.8082004350e+00 1.1062652581e-02 1.2617445399e-02
3.5826213830e+01 2.8514527378e+01 2.7788368082e+01 7.9591238732e-01 1.7582058507e-02 7.8948644935e+01 2.3211089051e+01 6.3054048043e-01 1.5785009226e+01 8.8642015311e-03 9.5157592565e-03
4.0049311642e+01 3.4940176260e+01 3.2550076297e+01 8.7242888398e-01 1.8019221440e-02 8.0938086694e+01 8.3537865828e+00 6.0297666710e-01 2.3805121607e+01 1.1776655852e-02 1.5036718645e-02
4.2644005584e+01 4.2138904737e+01 3.6903119271e+01 9.8815540801e-01 5.4074464370e-02 2.4934886636e+02 3.6423072720e+01 -9.4758031042e-01 9.3288975955e+00 6.1333188730e-03 6.4068041517e-03
3.6882393529e+01 2.4800186363e+01 2.6225991678e+01 6.7241260639e-01 5.0111848132e-02 2.3042635481e+02 1.3472917868e+01 9.9314405496e-01 8.9357464829e+00 1.1050780334e-02 1.2611294138e-02
4.0342678130e+01 3.9865226681e+01 3.4911776091e+01 9.8816510280e-01 4.4381350698e-02 2.0324057176e+02 2.2299883178e+00 8.5889484725e-01 1.2949483978e+01 1.8203833946e-02 1.0000000000e+00
5.3591906551e+01 3.0666961497e+01 3.5021831096e+01 5.7223120936e-01 2.4281124908e-02 1.0957436874e+02 1.3786388172e+02 7.9217715946e-01 9.9183198776e+00 3.9165442959e-03 3.9600274904e-03
3.5696327509e+01 3.5432289395e+01 3.0960272777e+01 9.9260321348e-01 4.1159077358e-02 1.8804726001e+02 9.3555891340e+00 8.1521654943e-01 1.2271011778e+01 1.1483331377e-02 1.4155227574e-02
6.2080232183e+01 5.8235278123e+01 5.2338270617e+01 9.3806476031e-01 1.0372524765e-01 4.9482205479e+02 1.0332146507e+01 8.3049278342e-01 9.8353163011e+00 7.6833226059e-03 9.2318538190e-03
3.7283564218e+01 2.1520155590e+01 2.4475791117e+01 5.7720220804e-01 5.1302428104e-02 2.3610108370e+02 3.7547383929e+00 -9.1820555994e-01 8.6171361946e+00 1.8617146154e-02 1.0000000000e+00
4.2575678524e+01 3.7501949645e+01 3.4771787299e+01 8.8083034599e-01 2.7221440414e-02 1.2311043566e+02 1.0609412198e+02 9.5973768581e-01 1.1879415837e+01 4.3324101606e-03 4.3953001195e-03
4.3388492878e+01 4.0796872785e+01 3.6622968464e+01 9.4026941428e-01 4.2291640395e-02 1.9337971878e+02 7.4163720102e+00 -3.8255129853e-01 9.4233723110e+00 1.1272225798e-02 1.5074557107e-02
3.6184726661e+01 3.5062584970e+01 3.1007577659e+01 9.6898852653e-01 2.5748151140e-02 1.1632083930e+02 5.8402918425e+01 -9.7479944184e-01 1.4026760331e+01 5.8269316331e-03 5.9840409174e-03
3.3701338681e+01 2.9677580173e+01 2.7520506219e+01 8.8060538053e-01 1.0656655896e-02 4.7603053473e+01 1.5559249767e+02 9.6426953861e-01 2.0583877001e+01 4.3879579967e-03 4.4310236256e-03
3.5581211579e+01 3.4583026545e+01 3.0537049662e+01 9.7194628880e-01 4.9034418008e-02 2.2529879940e+02 6.3212703768e+00 -8.5568843792e-01 1.1738877381e+01 1.3353914694e-02 1.9442991516e-02
3.3713306813e+01 2.8802248126e+01 2.7110593557e+01 8.5432877544e-01 1.9433494269e-02 8.7382891223e+01 3.9128877513e+01 -7.4377091356e-01 1.3804756809e+01 7.3926138061e-03 7.6976903634e-03
3.8008476643e+01 2.2576781849e+01 2.5330986714e+01 5.9399333632e-01 1.4032818490e-02 6.2844022068e+01 2.2138626330e+02 6.6278552408e-01 8.8633183067e+00 4.0403981910e-03 4.0681188535e-03
3.7598588300e+01 3.5198259193e+01 3.1665993618e+01 9.3615906301e-01 3.0635229279e-02 1.3889778315e+02 8.7400681854e+00 9.0195167308e-01 1.8873033312e+01 1.1689377137e-02 1.4704159586e-02
4.8945204929e+01 3.1131269490e+01 3.3809846616e+01 6.3604329647e-01 4.5809510476e-02 2.0999599514e+02 1.8478589890e+01 -9.1751448695e-01 1.1567980433e+01 8.3967276264e-03 9.2010740477e-03
2.7180517166e+01 2.2352525452e+01 2.1437374118e+01 8.2237307391e-01 3.1506874938e-02 1.4294107580e+02 1.8615191811e+01 -8.8893197482e-01 8.9597449028e+00 1.1228405891e-02 1.2294665769e-02
6.9611556476e+01 6.1390393547e+01 5.6887062050e+01 8.8189945255e-01 2.6443677947e-02 1.1952436032e+02 1.0697572129e+01 -8.4497750458e-02 1.7598452440e+01 7.5330507096e-03 8.9791210192e-03
5.3809681691e+01 2.8141496989e+01 3.3528454157e+01 5.2298203790e-01 1.3211393353e-02 5.9128832296e+01 2.0553660891e+02 4.3442650476e-01 9.1925371261e+00 3.4885206721e-03 3.5143257601e-03
4.9160287288e+01 3.5599629176e+01 3.6324348008e+01 7.2415421349e-01 2.6243944086e-02 1.1860408053e+02 1.2015679750e+01 4.7412051151e-01 1.4658469032e+01 9.5468443454e-03 1.1111887529e-02
3.0880485911e+01 2.5831602356e+01 2.4567793632e+01 8.3650245756e-01 3.7041625558e-02 1.6873134724e+02 3.3367151392e+01 9.6316957094e-01 8.5328585274e+00 8.2570440874e-03 8.6620581441e-03
7.5287479446e+01 7.0457182646e+01 6.3397230608e+01 9.3584196422e-01 1.6950840688e-01 8.4287178335e+02 5.4767226716e+00 8.6506035504e-01 1.0263169608e+01 8.3402571265e-03 1.3634449814e-02
3.2617660520e+01 1.9136568927e+01 2.1597374549e+01 5.8669348513e-01 1.8542525609e-02 8.3321216334e+01 6.4111369435e+00 7.4537790230e-01 1.6299254225e+01 1.6800898923e-02 2.4243759110e-02
6.6313181202e+01 4.0985173497e+01 4.5125016294e+01 6.1805470276e-01 2.9410615331e-02 1.3322562371e+02 7.1588181933e+01 -8.6068072140e-01 1.5103758236e+01 4.2606561276e-03 4.3535190332e-03
2.6657772111e+01 2.3532284759e+01 2.1795620129e+01 8.8275511776e-01 1.3941472928e-02 6.2430655529e+01 2.8460612256e+02 -8.6038522707e-01 8.6744673302e+00 4.0396182933e-03 4.0611169024e-03
3.7952734762e+01 3.6436614573e+01 3.2371774346e+01 9.6005241261e-01 2.3568696229e-02 1.0630323633e+02 7.1824719230e+01 9.0364966823e-01 1.3959778845e+01 5.2558241881e-03 5.3699847689e-03
4.6601468927e+01 4.4833569763e+01 3.9790484303e+01 9.6206344555e-01 3.1175851345e-02 1.4140497228e+02 1.6019029785e+01 2.0441320943e-01 9.2846802133e+00 8.0721122081e-03 8.9903114942e-03
6.3825581034e+01 3.9943001509e+01 4.3716774093e+01 6.2581492972e-01 4.2747588502e-02 1.9552881556e+02 1.1471695807e+02 -9.7723701812e-01 9.0249444572e+00 3.6123791017e-03 3.6607778507e-03
3.9521635767e+01 3.6786255098e+01 3.3189323767e+01 9.3078776684e-01 6.3660020448e-02 2.9553738308e+02 5.3432744445e+00 8.2688717737e-01 1.0382884837e+01 1.3384962624e-02 2.2463798047e-02
3.0182628906e+01 2.4949590633e+01 2.3867734469e+01 8.2662085898e-01 1.4278113079e-02 6.3954331520e+01 2.6675668512e+01 3.6029686841e-01 1.0975387928e+01 9.2714432364e-03 9.8538409567e-03
7.1508684018e+01 4.9274265000e+01 5.1497510941e+01 6.8906686896e-01 9.2733501132e-02 4.3916336941e+02 2.5045984328e+01 -8.8708461603e-01 8.6352142613e+00 5.6034582896e-03 5.9812845906e-03
7.5798890900e+01 7.5615331840e+01 6.5906810332e+01 9.9757834108e-01 9.5292188464e-02 4.5205400611e+02 2.6325758541e+01 8.6577112302e-01 1.0600404786e+01 4.7069569942e-03 5.0070362044e-03
2.4987102185e+01 2.4388855583e+01 2.1490240826e+01 9.7605778382e-01 2.7167821785e-02 1.2286308487e+02 3.7739309154e+01 9.9330630746e-01 9.7627656686e+00 8.6237534809e-03 8.9937951870e-03
7.5448896832e+01 6.4673982291e+01 6.0775380717e+01 8.5718923678e-01 1.5644599177e-02 7.0147011738e+01 1.8264535950e+00 3.0419299018e-03 3.2435326429e+01 1.4118029819e-02 1.0000000000e+00
5.2166931044e+01 4.7834484651e+01 4.3479105716e+01 9.1695033028e-01 3.8505359018e-02 1.7558540163e+02 1.1462713727e+02 -8.2147437488e-01 8.4725485164e+00 3.6350225560e-03 3.6837637903e-03
3.8187275365e+01 2.5362166068e+01 2.6979920234e+01 6.6415228177e-01 1.8762337947e-02 8.4322787272e+01 1.6507476290e+02 -9.4640600902e-01 1.0997583072e+01 4.3235901919e-03 4.3635450696e-03
3.7816779258e+01 2.4461314167e+01 2.6353089239e+01 6.4683758498e-01 4.4132934416e-02 2.0206687116e+02 1.0179270145e+01 8.8467868846e-01 9.7434078204e+00 1.2282447695e-02 1.4810755759e-02
3.5444597170e+01 3.1963129631e+01 2.9293931948e+01 9.0177720114e-01 3.4173453212e-02 1.5534147776e+02 4.2821401081e+01 7.2016014081e-01 8.2511833527e+00 6.7482475711e-03 7.0010331243e-03
2.2892399383e+01 1.7654288690e+01 1.7471646964e+01 7.7118559722e-01 1.4731480564e-02 6.6007529618e+01 9.9211292093e+00 9.2318797016e-01 1.6942446697e+01 1.6322332332e-02 1.9808013754e-02
3.2055450714e+01 1.8452090664e+01 2.1013443897e+01 5.7563036092e-01 3.5990139080e-02 1.6381630743e+02 9.3486009550e+00 -8.6534163310e-01 8.6953112973e+00 1.4680225418e-02 1.8099752389e-02
4.2826474731e+01 3.3936885088e+01 3.3143608311e+01 7.9242770508e-01 2.0694380009e-02 9.3139947233e+01 1.7628652597e+01 1.6943479632e-01 1.0399225674e+01 8.7857507575e-03 9.6758962484e-03
7.8243997996e+01 6.1715157808e+01 6.0409530916e+01 7.8875261219e-01 1.7785130612e-01 8.8878173114e+02 3.2070419135e+00 -7.3957612231e-01 8.4329461121e+00 1.0459454800e-02 1.0000000000e+00
3.1224100206e+01 2.4915388696e+01 2.4250509551e+01 7.9795377711e-01 2.1435834580e-02 9.6530279292e+01 2.1502674030e+01 3.7366510351e-01 8.0330315725e+00 9.9089717962e-03 1.0704074357e-02
3.1493955952e+01 2.1620007909e+01 2.2636438372e+01 6.8648117568e-01 2.0353481975e-02 9.1582403430e+01 8.9521591007e+01 -7.2087300992e-01 8.1651798705e+00 6.0635031056e-03 6.1683372711e-03
4.2087087040e+01 3.5246243192e+01 3.3502998537e+01 8.3745979281e-01 1.0751115677e-02 4.8028431131e+01 4.1074712299e+02 8.7670964504e-01 1.1506891578e+01 2.6961891199e-03 2.7061017179e-03
3.5139037248e+01 3.1579702809e+01 2.8991398859e+01 8.9870711556e-01 1.1838157943e-02 5.2927989511e+01 1.0096842431e+02 -5.5164115435e-02 8.5694204902e+00 4.9915854581e-03 5.0678263572e-03
2.5429988923e+01 2.3855727402e+01 2.1439718857e+01 9.3809428993e-01 3.8171274640e-02 1.7401979259e+02 7.2083024683e+00 -8.5805333169e-01 8.8198231863e+00 1.5960750490e-02 2.1621580880e-02
5.6994201900e+01 3.9249628411e+01 4.1032233348e+01 6.8866002333e-01 3.3693539002e-02 1.5310628896e+02 9.3698948809e+01 8.7693220511e-01 1.0868609215e+01 4.0768255207e-03 4.1440729024e-03
3.5510097225e+01 3.0552019062e+01 2.8657913680e+01 8.6037553962e-01 1.9243560231e-02 8.6516591952e+01 2.1258240659e+02 -9.6530193965e-01 1.0217208646e+01 3.7857018454e-03 3.8127648721e-03
3.6857039782e+01 3.6089791584e+01 3.1749844958e+01 9.7918313020e-01 6.1320237139e-02 2.8420906325e+02 1.6877235000e+01 9.9933639081e-01 8.9515425862e+00 8.9524153352e-03 9.9081991267e-03
5.9372807671e+01 5.8692364548e+01 5.1389826902e+01 9.8853948213e-01 2.3701888356e-02 1.0691453536e+02 2.0182129138e+02 -9.2090920442e-01 1.1097026621e+01 2.6724000007e-03 2.6925370855e-03
3.6246559241e+01 3.5333242646e+01 3.1153874868e+01 9.7480266778e-01 6.7005928579e-02 3.1179720534e+02 8.5686323139e+00 9.2953946362e-01 8.9154219604e+00 1.1642054096e-02 1.4738442808e-02
4.2170557807e+01 3.1563303521e+01 3.1694337833e+01 7.4846777377e-01 5.8182791433e-02 2.6907337020e+02 2.0903843904e+01 -9.5858298453e-01 8.5224613259e+00 8.2865155466e-03 8.9735069708e-03
3.3569281757e+01 3.3328628032e+01 2.9118780431e+01 9.9283113274e-01 2.6198227962e-02 1.1839347919e+02 7.3455443456e+00 -5.4323430254e-01 1.3562426838e+01 1.3183598622e-02 1.7705896456e-02
6.4444178311e+01 4.6479189980e+01 4.7518282492e+01 7.2123178847e-01 1.1698118472e-01 5.6291682927e+02 1.0629111827e+01 -9.3996927019e-01 8.6485060010e+00 8.0152626190e-03 9.5677180388e-03
3.8118920319e+01 3.4434860687e+01 3.1531987296e+01 9.0335351576e-01 2.2141794342e-02 9.9761704831e+01 2.9992087718e+01 4.1176153073e-01 1.0462179092e+01 7.4195774994e-03 7.8287288352e-03
3.9434132808e+01 3.7293911871e+01 3.3382227674e+01 9.4572668942e-01 7.4254162358e-02 3.4726276941e+02 2.2111993261e+00 9.5302857489e-01 8.1042857018e+00 1.8452121604e-02 1.0000000000e+00
2.8219806161e+01 2.6638012961e+01 2.3866338922e+01 9.4394741090e-01 2.5416362860e-02 1.1479378537e+02 4.0329488438e+01 -9.4427620456e-01 1.1133557848e+01 7.8864843561e-03 8.2015272590e-03
6.2427443168e+01 5.1293199593e+01 4.9214530003e+01 8.2164504888e-01 7.6358175280e-02 3.5761938885e+02 4.6472313637e+00 5.4663960725e-01 1.1376270369e+01 1.0944389361e-02 2.2921448701e-02
4.3227223594e+01 3.6619258082e+01 3.4612181571e+01 8.4713416772e-01 2.0781984625e-02 9.3540332598e+01 2.4154839897e+02 8.8395040963e-01 9.1634511257e+00 3.2040032689e-03 3.2241294556e-03
3.8080884087e+01 2.7786418751e+01 2.8248135207e+01 7.2966842596e-01 5.9357217165e-02 2.7473170842e+02 1.0326621549e+01 -9.4196504838e-01 8.4867171006e+00 1.1592210584e-02 1.3930322274e-02
8.5167273194e+01 6.5572395846e+01 6.4945754311e+01 7.6992480076e-01 6.0606669707e-02 2.8076116340e+02 6.0523753098e+01 -9.2548016290e-01 1.1647226268e+01 3.5471769153e-03 3.6393047310e-03
3.0551314316e+01 2.1979858303e+01 2.2498287018e+01 7.1944067858e-01 1.5118081707e-02 6.7759445144e+01 4.3373968475e+01 -4.5350999597e-01 9.5788498000e+00 8.0129705728e-03 8.3090435774e-03
3.9644220506e+01 3.6108259225e+01 3.2930057576e+01 9.1080764771e-01 1.7850566810e-02 8.0170421876e+01 2.5568243628e+02 9.2412688612e-01 1.0423701330e+01 3.2414183510e-03 3.2606417232e-03
6.8499425482e+01 6.7960198385e+01 5.9396944724e+01 9.9212800556e-01 9.4326723187e-02 4.4718529998e+02 2.0205436196e+01 -8.6047341437e-01 1.0470259234e+01 5.5500987741e-03 6.0287673766e-03
4.2474106623e+01 3.9145983984e+01 3.5491754246e+01 9.2164349287e-01 5.8097003648e-02 2.6866039241e+02 1.9876175348e+01 -9.9809016159e-01 1.0387084400e+01 7.8684255840e-03 8.5601808785e-03
3.8307058289e+01 2.5012781471e+01 2.6826036637e+01 6.5295490149e-01 2.7064429385e-02 1.2238617378e+02 5.9855234825e+01 -9.5993723007e-01 1.1005664825e+01 6.3155483562e-03 6.4814982948e-03
2.8327546990e+01 2.5924405014e+01 2.3586721876e+01 9.1516589920e-01 3.1327506724e-02 1.4210863443e+02 4.0930972144e+01 -8.8453855804e-01 8.3534146542e+00 7.8724716200e-03 8.1819929058e-03
6.5727074673e+01 1.3826583837e+01 2.4828099978e+01 2.1036359682e-01 1.2942111639e-02 5.7911893729e+01 2.4468535025e+02 -8.9850312499e-01 1.1718041144e+01 3.9433260231e-03 3.9677751351e-03
3.4171842708e+01 2.8532490827e+01 2.7160973995e+01 8.3497079952e-01 2.8850092086e-02 1.3063268979e+02 4.2660149183e+01 -8.3713563413e-01 1.0146484072e+01 7.1076568764e-03 7.3749829495e-03
7.2376704915e+01 5.3000717171e+01 5.3787884649e+01 7.3228972269e-01 2.4724690486e-02 1.1161270854e+02 1.9764742772e+02 -8.5401629147e-01 1.0153583741e+01 2.6160995413e-03 2.6362345800e-03
4.1070594803e+01 4.0573549789e+01 3.5536887745e+01 9.8789778877e-01 1.6119540217e-02 7.2302288326e+01 1.4120255976e+02 5.3479431545e-01 1.0996999091e+01 3.8655799357e-03 3.9074622576e-03
8.1463837415e+01 3.7735149647e+01 4.7574261060e+01 4.6321350484e-01 1.0613146739e-01 5.0710418103e+02 9.7386663712e+00 -8.7139962212e-01 9.0729939055e+00 8.3271557128e-03 1.0153829753e-02
5.6338400802e+01 4.5951285294e+01 4.4248131688e+01 8.1562991921e-01 3.6529085734e-02 1.6633464260e+02 1.3220907146e+02 -8.0596269022e-01 8.1766260146e+00 3.4121255507e-03 3.4516634233e-03
6.0570859894e+01 5.8956569092e+01 5.2021641191e+01 9.7334872239e-01 5.9055651916e-02 2.7327794020e+02 7.3379816800e+01 -9.4951358930e-01 9.2811090535e+00 3.7943749070e-03 3.8749762273e-03
3.5903287694e+01 2.3518281190e+01 2.5184599903e+01 6.5504533709e-01 1.8402274285e-02 8.2682332033e+01 6.1423283384e+01 7.1411714515e-01 1.1353938523e+01 6.5408900269e-03 6.7081648223e-03
5.6392198679e+01 2.0384751767e+01 2.8791779081e+01 3.6148176954e-01 2.0734169487e-02 9.3321793477e+01 1.7105496551e+01 7.5611268616e-01 1.7573295900e+01 9.7024550475e-03 1.0721670746e-02
3.5929618420e+01 3.3251622049e+01 3.0085802157e+01 9.2546549369e-01 2.0311135939e-02 9.1388980768e+01 9.3515478121e+01 6.5477328076e-01 1.0290859972e+01 4.9935056119e-03 5.0760402064e-03
4.9060159064e+01 4.1984040211e+01 3.9485482800e+01 8.5576649184e-01 3.9635461491e-02 1.8088675706e+02 1.1056038593e+02 -8.6272166263e-01 8.1239236375e+00 3.9106308990e-03 3.9650460714e-03
2.9990361035e+01 2.2944102765e+01 2.2795229041e+01 7.6504923491e-01 2.9724996542e-02 1.3468083089e+02 1.7840958137e+01 -9.7366254195e-01 1.1345174108e+01 1.0990961028e-02 1.2088716008e-02
3.5564081032e+01 2.7984225556e+01 2.7424210502e+01 7.8686766940e-01 1.2204951644e-02 5.4583007198e+01 1.0946483306e+02 -3.8987292201e-01 1.0483995731e+01 5.0126356820e-03 5.0831010963e-03
3.8527159315e+01 3.8435315804e+01 3.3499834410e+01 9.9761613591e-01 2.9458172425e-02 1.3344571412e+02 5.7528266801e+01 6.5364183402e-01 9.4653551998e+00 5.5709999629e-03 5.7236088457e-03
3.3644825341e+01 3.1116934813e+01 2.8163415609e+01 9.2486539898e-01 1.3878077719e-02 6.2143805734e+01 8.4740073842e+01 1.7736796569e-01 8.1399054425e+00 5.4211698980e-03 5.5203664032e-03
3.7155242871e+01 3.3983953500e+01 3.0928197658e+01 9.1464759408e-01 3.8597081993e-02 1.7601536742e+02 7.8535034695e+01 -9.9692407800e-01 8.6910812234e+00 5.1822801164e-03 5.2848723554e-03
4.9839502159e+01 4.3246566833e+01 4.0395990465e+01 8.6771666971e-01 5.9684500871e-02 2.7631011385e+02 7.7894619369e+00 -8.0446707007e-01 1.2654761497e+01 1.0301694548e-02 1.3497625835e-02
7.9215822843e+01 7.2895901800e+01 6.6141873504e+01 9.2021895606e-01 8.2453885843e-02 3.8778019967e+02 4.5209888708e+01 8.7688009246e-01 9.6966431465e+00 3.8628204209e-03 3.9993693802e-03
3.9004573162e+01 3.5098176102e+01 3.2201283528e+01 8.9984771673e-01 4.0862177924e-02 1.8665074403e+02 4.0165245241e+00 -4.3008862024e-01 9.7022081434e+00 1.5388111616e-02 1.2073435774e-01
2.7172472734e+01 2.3971176188e+01 2.2209192139e+01 8.8218604257e-01 2.8609883249e-02 1.2952213740e+02 2.4700874067e+01 -9.5170067469e-01 1.0299274949e+01 9.8949581918e-03 1.0572685846e-02
3.5340625495e+01 2.8310841132e+01 2.7502648589e+01 8.0108489126e-01 1.2668392813e-02 5.6675401438e+01 2.5973557288e+02 -8.2414532997e-01 1.1620129730e+01 3.6178065945e-03 3.6389237479e-03
3.4878422345e+01 3.4479290493e+01 3.0189098122e+01 9.8855648206e-01 7.2234750866e-02 3.3734864102e+02 4.4286962000e+00 -8.7226389044e-01 8.7045620418e+00 1.5161067227e-02 3.6393776139e-02
3.6950126282e+01 3.4676667586e+01 3.1158523305e+01 9.3847223475e-01 5.7065010162e-02 2.6369610987e+02 1.1665406513e+01 -9.3751444531e-01 9.6875430588e+00 1.0429997062e-02 1.2208742767e-02
1.5536536519e+01 1.5243205959e+01 1.3396930992e+01 9.8111995166e-01 1.3967873501e-02 6.2550120434e+01 5.4535140451e+01 -8.9997314551e-01 8.5473194398e+00 1.0174747312e-02 1.0469591625e-02
8.3128528522e+01 7.4616597756e+01 6.8542530117e+01 8.9760517939e-01 1.3171736632e-01 6.3984257016e+02 1.3517064743e+01 -8.4002584983e-01 1.0105805062e+01 5.7780131434e-03 6.5905367979e-03
3.3413558728e+01 2.2929072597e+01 2.4011434587e+01 6.8622060832e-01 1.9212657450e-02 8.6375665450e+01 1.7411837593e+01 4.2827636306e-01 9.9697869504e+00 1.0806304283e-02 1.1917517900e-02
5.2304733125e+01 4.5566015764e+01 4.2479426579e+01 8.7116429128e-01 8.3725587534e-02 3.9410151526e+02 8.0301640071e+00 -8.4939929869e-01 1.0163025646e+01 9.7322409814e-03 1.2603422342e-02
2.2223387707e+01 1.6582828681e+01 1.6676352479e+01 7.4618815543e-01 1.1291458665e-02 5.0462893114e+01 8.4730975355e+01 7.8864768603e-01 1.1100737214e+01 7.5343195811e-03 7.6721977808e-03
4.7931473416e+01 4.5511213213e+01 4.0656917833e+01 9.4950582508e-01 4.6906696701e-02 2.1519481936e+02 2.6786088472e+01 -5.9673298491e-01 8.8966610016e+00 6.5058378858e-03 6.9126259457e-03
5.2973226658e+01 4.5492061104e+01 4.2710887286e+01 8.5877459189e-01 8.6623481761e-02 4.0854360711e+02 1.6785521264e+01 -8.9814281623e-01 8.4265705418e+00 7.3440247384e-03 8.1332716658e-03
6.4886479474e+01 4.7770646246e+01 4.8354563075e+01 7.3621880295e-01 3.0187512918e-02 1.3682290867e+02 3.4785808117e+01 6.2077297579e-01 1.5935195215e+01 5.3462451108e-03 5.5968438855e-03
3.5259913662e+01 3.3170780243e+01 2.9769529461e+01 9.4075046695e-01 1.7965705806e-02 8.0694479178e+01 1.1097743836e+02 -8.8710778190e-01 1.4008612726e+01 4.7208155649e-03 4.7862510176e-03
4.9524878347e+01 4.1277652984e+01 3.9328144483e+01 8.3347308184e-01 1.4807885438e-02 6.6353685400e+01 3.4930415973e+02 -8.3426114650e-01 9.4305238893e+00 2.5854716363e-03 2.5966625115e-03
6.2094976676e+01 3.1270762749e+01 3.7920971717e+01 5.0359569200e-01 1.6548414425e-02 7.4249809698e+01 8.6684336673e+00 6.0154741078e-01 3.1384364440e+01 1.0566673872e-02 1.3326829541e-02
4.9840369547e+01 3.8571604024e+01 3.8107210152e+01 7.7390284973e-01 3.9398229259e-02 1.7977320135e+02 5.0417907908e+01 9.0033168752e-01 1.1330645635e+01 5.3682561521e-03 5.5372668358e-03
4.2476369065e+01 4.1101426178e+01 3.6373440681e+01 9.6763040443e-01 7.0412281066e-02 3.2842334058e+02 3.8163383699e+00 5.8088199431e-01 8.2495625786e+00 1.4283791366e-02 1.0000000000e+00
4.0618026608e+01 3.3114686181e+01 3.1894194291e+01 8.1527068019e-01 5.6317222853e-02 2.6010321484e+02 3.2055849362e+01 -9.8185902999e-01 8.0796322511e+00 7.0390534352e-03 7.3998124465e-03
3.3150002388e+01 2.6936382286e+01 2.5985943142e+01 8.1256049306e-01 3.5868322271e-02 1.6324735729e+02 2.4639323232e+01 8.9491035438e-01 9.5219206118e+00 8.9388789248e-03 9.5528520304e-03
3.1271476673e+01 2.8425372102e+01 2.5949108834e+01 9.0898720259e-01 2.5053610616e-02 1.1312505334e+02 1.4968071119e+02 -9.1503210863e-01 8.0058737734e+00 4.5781541509e-03 4.6248945079e-03
7.9102590712e+01 3.4635634655e+01 4.4817437848e+01 4.3785714657e-01 5.2906997226e-02 2.4376343934e+02 5.6547782919e+01 -7.7088902396e-01 8.3946568801e+00 4.6091065903e-03 4.7376687917e-03
3.0638398191e+01 2.9890911694e+01 2.6344501562e+01 9.7560295117e-01 1.3479458565e-02 6.0340756200e+01 7.8932673427e+01 4.4250458168e-01 1.0834852322e+01 5.8060911930e-03 5.9204326790e-03
5.2131341217e+01 4.5943351163e+01 4.2587441512e+01 8.8130000284e-01 9.4102018932e-02 4.4605296522e+02 3.3055198599e+00 -6.4312244930e-01 8.1227309758e+00 1.3473912508e-02 1.0000000000e+00
3.1778211145e+01 2.9304910127e+01 2.6561809639e+01 9.2216991049e-01 4.9397664080e-02 2.2702667437e+02 1.0245915005e+01 9.3872456940e-01 9.3232430380e+00 1.2153898819e-02 1.4632671439e-02
5.4691922145e+01 4.6760748758e+01 4.3997711653e+01 8.5498455574e-01 6.4858622578e-02 3.0135398823e+02 1.8548615364e+01 6.3480849229e-01 8.3383816607e+00 7.0323852853e-03 7.7030256506e-03
2.6792862506e+01 1.9706821154e+01 1.9956823423e+01 7.3552503580e-01 2.6001889530e-02 1.1748916027e+02 1.3105257608e+01 -7.0993857179e-01 8.7207000603e+00 1.3438596758e-02 1.5404989952e-02
6.3501964953e+01 5.4762424101e+01 5.1308710310e+01 8.6237369413e-01 1.5511773053e-01 7.6459804755e+02 8.0871177517e+00 -9.8525997363e-01 8.3551378124e+00 8.2887155839e-03 1.0706030317e-02
3.0031342533e+01 2.8133252367e+01 2.5301430269e+01 9.3679635988e-01 1.8425774634e-02 8.2789373603e+01 5.6235395601e+01 6.8727548989e-01 1.1331593183e+01 6.7413294408e-03 6.9304650230e-03
4.2074205794e+01 2.6020227760e+01 2.8640057794e+01 6.1843657578e-01 4.0931785431e-02 1.8697810311e+02 3.5735837830e+01 -8.8580395016e-01 8.4924387989e+00 7.2947288692e-03 7.6267920431e-03
6.1375622623e+01 3.9454595641e+01 4.2632221447e+01 6.4283821418e-01 4.1861028097e-02 1.9135128060e+02 5.2776360181e+01 6.1412187058e-01 8.5806055651e+00 4.9123421384e-03 5.0597012477e-03
3.9763748365e+01 3.5925866548e+01 3.2894969067e+01 9.0348289648e-01 8.2149303432e-02 3.8626768319e+02 3.8459730354e+00 -8.5741421710e-01 8.4325918106e+00 1.5062879029e-02 1.0000000000e+00
5.8215364343e+01 5.3913967457e+01 4.8764019962e+01 9.2611234276e-01 4.9566344754e-02 2.2782933704e+02 1.2403037375e+02 -9.8344950495e-01 8.0291733044e+00 3.2632800842e-03 3.3036435742e-03
4.1134107776e+01 3.8055161696e+01 3.4437857499e+01 9.2514858722e-01 4.4287046218e-02 2.0279496121e+02 1.4584694958e+01 -5.7725652283e-01 8.8462453986e+00 9.0792343689e-03 1.0238971953e-02
4.2939999793e+01 3.1288915802e+01 3.1830019769e+01 7.2866595140e-01 4.0675180708e-02 1.8577146560e+02 4.0477558382e+01 -7.6317466326e-01 8.2070822814e+00 6.5180893825e-03 6.7774452300e-03
3.9871872575e+01 3.5973820687e+01 3.2961406397e+01 9.0223554511e-01 3.4276322762e-02 1.5582078659e+02 4.8240614761e+01 -9.6435344836e-01 1.1923355543e+01 5.9943139127e-03 6.1920772054e-03
5.9645042105e+01 5.8172740401e+01 5.1278363262e+01 9.7531560626e-01 1.3027031511e-01 6.3223207640e+02 1.3076017571e+01 -9.6943026916e-01 8.3213957247e+00 7.0193134193e-03 8.0493756819e-03
3.4218660648e+01 2.8434226322e+01 2.7131539429e+01 8.3095672899e-01 1.9619623998e-02 8.8232071918e+01 2.5625651444e+01 -5.2698966857e-01 1.1782323541e+01 8.6590901580e-03 9.2280917735e-03
4.6758629378e+01 4.5281502284e+01 4.0056602729e+01 9.6840952967e-01 8.6917971008e-02 4.1001414144e+02 7.8039319286e+00 7.7119881280e-01 8.3983717741e+00 1.0186122368e-02 1.3336416959e-02
4.8088838255e+01 4.4314463467e+01 4.0180595653e+01 9.2151245642e-01 4.4693024098e-02 2.0471371059e+02 3.1307163166e+01 -7.7315459333e-01 1.0800404176e+01 6.1897938249e-03 6.5153666073e-03
4.5453529156e+01 3.9169841152e+01 3.6712468585e+01 8.6175577296e-01 5.3751387259e-02 2.4780231817e+02 5.3580802661e+00 -6.7501569358e-01 1.1841707342e+01 1.2627647359e-02 2.1127779780e-02
2.9046455262e+01 2.7601418544e+01 2.4647791007e+01 9.5025084110e-01 2.3537495959e-02 1.0616005647e+02 1.6558375076e+01 -3.7924713251e-01 8.0281819244e+00 1.0804707132e-02 1.1985181061e-02
5.9501348458e+01 5.0676772018e+01 4.7772985108e+01 8.5169115206e-01 4.0711720407e-02 1.8594326082e+02 1.1098687553e+02 -8.8096881814e-01 9.3148000141e+00 3.4643628117e-03 3.5123783244e-03
3.7417600768e+01 3.2536444002e+01 3.0360229320e+01 8.6954917831e-01 4.1843815490e-02 1.9127022409e+02 3.8911275803e+00 -4.1377792283e-01 8.3505438602e+00 1.6146379305e-02 1.0000000000e+00
6.1025242060e+01 6.0358198354e+01 5.2834253872e+01 9.8906938042e-01 1.0675381162e-01 5.1028651432e+02 5.4982388543e+00 9.1890020389e-01 1.3117317833e+01 9.6601253955e-03 1.5729818772e-02
3.9071536819e+01 3.3216084647e+01 3.1340980012e+01 8.5013509453e-01 2.4567941353e-02 1.1089224230e+02 6.9690408254e+00 6.3986538024e-01 1.8248576413e+01 1.2855013299e-02 1.7702367198e-02
4.1879675441e+01 4.1732853185e+01 3.6394399614e+01 9.9649418830e-01 3.7669467670e-02 1.7166955832e+02 3.9934451124e+01 -6.8909943653e-01 9.5732271955e+00 6.0357584296e-03 6.2794356404e-03
4.2471177170e+01 2.6895875684e+01 2.9270985438e+01 6.3327360993e-01 4.6581865630e-02 2.1365485389e+02 5.1637623977e+00 -6.2815585241e-01 9.3824731411e+00 1.4814152323e-02 2.5902401427e-02
6.8282247130e+01 5.8457478527e+01 5.4967524389e+01 8.5611532988e-01 3.2636133261e-02 1.4818677594e+02 1.0658862391e+02 8.6956733602e-01 1.2878651254e+01 3.2377680836e-03 3.2845441719e-03
3.6992009103e+01 3.6859594506e+01 3.2145715556e+01 9.9642045402e-01 3.0972582392e-02 1.4046206666e+02 8.3638190335e+00 4.0581152300e-01 1.0695905554e+01 1.1770302497e-02 1.5022400463e-02
2.8902789759e+01 2.5929847448e+01 2.3825170020e+01 8.9713995307e-01 5.3570117607e-02 2.4693488554e+02 5.5247216776e+00 9.3330729852e-01 8.4063670556e+00 1.6358451226e-02 2.6510145995e-02
7.5986209885e+01 4.5189934516e+01 5.0673683078e+01 5.9471231141e-01 7.0286027514e-02 3.2780580363e+02 1.4888739453e+01 4.8816881322e-01 8.1703222408e+00 6.9690337065e-03 7.8366001203e-03
4.5609302047e+01 3.9408735848e+01 3.6888019818e+01 8.6405040373e-01 2.0136690786e-02 9.0592298924e+01 2.8248206105e+02 -8.8861754252e-01 8.7249397310e+00 2.9045867139e-03 2.9201621317e-03
3.9016925226e+01 3.2427677152e+01 3.0939083490e+01 8.3111821252e-01 3.0414037159e-02 1.3787253655e+02 4.1732222553e+01 6.3521955621e-01 9.0113224907e+00 6.6000073351e-03 6.8541576773e-03
5.2194713718e+01 3.6992142386e+01 3.8140065219e+01 7.0873350481e-01 1.7547265105e-02 7.8790361852e+01 1.8487515781e+02 -6.3730705749e-01 1.0354370339e+01 3.3400753910e-03 3.3675855138e-03
3.9484312868e+01 3.3129485351e+01 3.1461522369e+01 8.3905437236e-01 3.1285038781e-02 1.4191157320e+02 4.1535991463e+01 -6.6421022074e-01 9.2716416963e+00 6.5393938288e-03 6.7924859977e-03
3.7600292659e+01 2.2668995109e+01 2.5255436823e+01 6.0289411346e-01 1.9212210391e-02 8.6373626767e+01 1.4585167716e+02 6.9411850323e-01 8.0223618707e+00 4.7186391712e-03 4.7681029714e-03
6.4145400330e+01 4.3226165390e+01 4.5663529978e+01 6.7387786447e-01 3.6946959350e-02 1.6828854623e+02 4.0495455055e+01 4.7805725110e-01 9.7152969535e+00 5.2127226928e-03 5.4200392872e-03
2.8171880092e+01 2.4124103239e+01 2.2681226682e+01 8.5631854033e-01 2.8357242806e-02 1.2835452063e+02 8.7024923917e+00 -9.2409376794e-01 1.3202649961e+01 1.4443511099e-02 1.8193493964e-02
8.2072289499e+01 6.8058040488e+01 6.5005769847e+01 8.2924505828e-01 9.8547950521e-02 4.6851428614e+02 2.0769441100e+01 -6.4635952087e-01 8.6314400967e+00 5.1794018994e-03 5.6120230326e-03
4.1482659522e+01 3.5209495871e+01 3.3248009548e+01 8.4877624232e-01 3.5227262111e-02 1.6025486008e+02 9.4173015497e+01 8.5945522450e-01 8.3232127857e+00 4.6365769273e-03 4.7126607372e-03
7.5552112764e+01 4.2364122737e+01 4.8846356812e+01 5.6072717476e-01 4.8136161900e-02 2.2102965986e+02 7.2025739893e+01 -7.9697693181e-01 9.2514738177e+00 4.0001996576e-03 4.0868348550e-03
3.4939364305e+01 2.4833784347e+01 2.5568986625e+01 7.1076806463e-01 3.4523926347e-02 1.5697475121e+02 2.9010539198e+01 -8.0274907653e-01 8.4081909156e+00 8.5001880370e-03 8.9865048462e-03
8.0612331486e+01 6.9832090062e+01 6.5282788376e+01 8.6627056649e-01 3.6002504465e-02 1.6387406586e+02 1.5177929260e+00 6.2016098833e-01 2.7466362552e+01 1.4292768456e-02 1.0000000000e+00
8.2389715507e+01 7.1854537477e+01 6.6950607571e+01 8.7212993800e-01 7.8474858951e-02 3.6806626584e+02 5.0048865569e+01 -9.3681206713e-01 1.0375393202e+01 3.6986655418e-03 3.8160213834e-03
3.6515130571e+01 3.1897949325e+01 2.9697066025e+01 8.7355430000e-01 3.9270885600e-02 1.7917560805e+02 7.1297768744e+00 -7.8752814409e-01 1.2618878112e+01 1.3065192862e-02 1.7791058411e-02
2.7646648475e+01 2.6149835480e+01 2.3405401338e+01 9.4585915193e-01 1.9513993022e-02 8.7750122819e+01 6.8401104686e+00 9.3563663108e-01 2.1203019210e+01 1.5584891118e-02 2.1669641608e-02
7.0517974902e+01 6.0142683781e+01 5.6657918182e+01 8.5287026271e-01 4.1818686520e-02 1.9115189179e+02 4.4011462945e+01 -8.0054877866e-01 1.5367099470e+01 4.4022590389e-03 4.5624026315e-03
4.4057236295e+01 4.1308827666e+01 3.7134623131e+01 9.3761731647e-01 5.5214050656e-02 2.5480932500e+02 1.4048037874e+01 7.1246026072e-01 9.3393943494e+00 8.7270030072e-03 9.8955634515e-03
