# FullPop+Madau LISA events with joint-polarization SNR above threshold
# summary = {'model': 'fullpop_madau_joint_polarization_snr', 'Tobs_yr': 4.0, 'rho_thr': 8.0, 'z_max': 0.3, 't_merger_min_yr': 0.1, 't_merger_max_yr': 2000.0, 'n_samples': 300000000, 'n_workers': 32, 'n_freq': 2000, 'n_snr_above_threshold': 2218, 'detected_fraction': 7.393333333333333e-06, 'max_snr': 59.924695529397844}
# columns: m1_msun m2_msun chirp_mass_msun q redshift dl_mpc t_merger_yr cos_iota snr f_start_hz f_end_hz
2.2171703901e+01 1.5554227535e+01 1.6116120890e+01 7.0153505588e-01 1.4481121020e-02 6.4873538088e+01 3.0681010810e+01 -6.7095809381e-01 9.2600796815e+00 1.1243572262e-02 1.1848260243e-02
8.0078857657e+01 6.2513047545e+01 6.1499863249e+01 7.8064359775e-01 1.8602942371e-01 9.3415863976e+02 3.6552144029e+00 8.8896151466e-01 1.0270518073e+01 9.8055602707e-03 1.0000000000e+00
4.1982679270e+01 1.5281797031e+01 2.1516403910e+01 3.6400242427e-01 1.4651743064e-02 6.5646316898e+01 1.7278644470e+02 -9.4039484313e-01 1.0929303458e+01 4.9082359657e-03 4.9515363563e-03
2.7857337031e+01 2.3040268045e+01 2.2035190322e+01 8.2708078016e-01 1.1041757021e-02 4.9337643095e+01 8.9748559481e+01 -9.7408799273e-01 1.9091965295e+01 6.1959335134e-03 6.3027777611e-03
3.1653133512e+01 2.8997136187e+01 2.6369175061e+01 9.1609054049e-01 5.9421048752e-02 2.7503949828e+02 8.3751081816e+00 -9.4518840915e-01 8.1579884633e+00 1.3090195130e-02 1.6699240964e-02
5.8275203901e+01 4.9575697863e+01 4.6761326957e+01 8.5071684944e-01 3.3217264570e-02 1.5088954483e+02 2.3612887510e+01 -6.9683000734e-01 1.7313601972e+01 6.3014541475e-03 6.7556729349e-03
3.8225293202e+01 3.5769084656e+01 3.2186625470e+01 9.3574389258e-01 2.3261180708e-02 1.0489231131e+02 4.1180511046e+01 -5.6807057265e-01 1.1390958830e+01 6.4993904482e-03 6.7532646470e-03
3.6930582666e+01 3.5349969039e+01 3.1452909600e+01 9.5720041461e-01 2.8236944103e-02 1.2779868953e+02 2.9020718232e+01 -5.9721696682e-01 1.0458061206e+01 7.4956433669e-03 7.9243209933e-03
8.3881392464e+01 6.3484609291e+01 6.3404632449e+01 7.5683780903e-01 8.6471016597e-02 4.0778248133e+02 7.2282815008e+00 8.6559023652e-01 1.7409148390e+01 7.8694727758e-03 1.0646810147e-02
3.8855754883e+01 2.9984917426e+01 2.9665105977e+01 7.7169823406e-01 2.5676390585e-02 1.1599049999e+02 1.6758553589e+02 -8.7833794083e-01 8.1161609699e+00 4.0345665072e-03 4.0712825211e-03
6.2640697989e+01 4.8492827912e+01 4.7901756752e+01 7.7414252186e-01 8.4319034859e-02 3.9705482232e+02 2.6949688285e+01 8.7002783019e-01 8.3432244554e+00 5.7315259283e-03 6.0874669953e-03
6.7162682977e+01 4.4116122553e+01 4.7179434570e+01 6.5685467879e-01 5.3901999110e-02 2.4852320367e+02 5.5251930316e+01 -9.6557168694e-01 1.0793350792e+01 4.4998169493e-03 4.6284311509e-03
5.5607395851e+01 3.9560941573e+01 4.0713740996e+01 7.1143309208e-01 5.5076230272e-02 2.5414850099e+02 8.1467613301e+00 -6.7119927143e-01 1.1708906711e+01 1.0107897755e-02 1.3020849606e-02
4.0818072614e+01 4.0539094939e+01 3.5412514182e+01 9.9316533935e-01 2.9093712358e-02 1.3175940259e+02 6.7229221801e+01 5.9443081267e-01 8.9959293597e+00 5.0766726160e-03 5.1948050059e-03
3.8397086889e+01 3.4190048580e+01 3.1531662182e+01 8.9043339872e-01 4.5837502930e-02 2.1012853575e+02 1.2350084187e+01 -7.7377122042e-01 1.0056619406e+01 1.0201466342e-02 1.1814211734e-02
7.1266974217e+01 6.7467370346e+01 6.0360449425e+01 9.4668492786e-01 1.2112025264e-01 5.8439399091e+02 4.7735439036e+00 6.9981517792e-01 1.1563950664e+01 9.2972066315e-03 1.8396532239e-02
2.9003373065e+01 2.5958134071e+01 2.3879292835e+01 8.9500397117e-01 2.9668555478e-02 1.3441952867e+02 2.2882774224e+01 -7.2526881090e-01 8.6934480631e+00 9.7253596300e-03 1.0451936152e-02
3.0898342977e+01 2.9184380197e+01 2.6139752834e+01 9.4452897422e-01 3.2493465723e-02 1.4752358588e+02 5.4660879674e+01 9.2544763596e-01 8.8248686902e+00 6.6191011661e-03 6.8104448064e-03
4.2732334843e+01 2.6573064104e+01 2.9171955422e+01 6.2184910331e-01 1.3537749401e-02 6.0604353074e+01 8.5884743664e+01 3.8129441246e-01 1.0898088538e+01 5.2777500115e-03 5.3729920948e-03
3.7600629255e+01 3.3350808917e+01 3.0816878810e+01 8.8697475488e-01 4.3821537853e-02 2.0059617019e+02 1.9521514706e+01 7.3085861846e-01 8.6232428359e+00 8.7265757082e-03 9.5101231351e-03
2.5336890802e+01 1.8802860514e+01 1.8959215805e+01 7.4211396580e-01 1.1700659780e-02 5.2307813931e+01 5.5669626912e+01 -6.5664826044e-01 1.2032864761e+01 8.1380175943e-03 8.3687817856e-03
7.8557681891e+01 6.9973344776e+01 6.4522225639e+01 8.9072568198e-01 1.7574147222e-01 8.7713504579e+02 5.2982699785e+00 -7.2766618380e-01 8.8422616182e+00 8.3244821365e-03 1.4105731956e-02
2.6406886368e+01 2.0871915419e+01 2.0409596060e+01 7.9039668394e-01 1.6542374395e-02 7.4222373337e+01 1.0278885288e+02 -9.7364508512e-01 1.1200857757e+01 6.1566015961e-03 6.2489252466e-03
4.6015890379e+01 1.3001636821e+01 2.0509133613e+01 2.8254667494e-01 3.1690320488e-02 1.4379265860e+02 1.1172553458e+01 9.6277321567e-01 1.0157198987e+01 1.3977456795e-02 1.6504700632e-02
3.0392664861e+01 2.5796185098e+01 2.4359284670e+01 8.4876351634e-01 1.8135552459e-02 8.1467700843e+01 2.1540442636e+01 -4.7889438841e-01 1.0897215098e+01 9.8947864504e-03 1.0687145047e-02
3.2540944122e+01 2.5302640361e+01 2.4940580382e+01 7.7756319135e-01 3.9521301617e-02 1.8035085083e+02 1.5881015452e+01 8.5429663187e-01 8.7660823737e+00 1.0789564719e-02 1.2029932479e-02
6.9154729381e+01 6.2048503951e+01 5.7008946166e+01 8.9724165660e-01 3.8091749130e-02 1.7364722195e+02 1.0491915950e+02 8.7709514880e-01 1.1462037764e+01 3.1731344331e-03 3.2197259920e-03
6.9029507406e+01 4.8919214208e+01 5.0439398668e+01 7.0867106034e-01 1.3779189841e-01 6.7192380911e+02 6.8108101327e+00 -9.2102127406e-01 9.0348033124e+00 9.0198796328e-03 1.2570092273e-02
1.7330852573e+01 1.6417848960e+01 1.4683523975e+01 9.4731917489e-01 1.1804587454e-02 5.2776560520e+01 6.4660159444e+01 8.4665345820e-01 1.0318335918e+01 9.0256318678e-03 9.2443754314e-03
8.3009995804e+01 5.4207031012e+01 5.8133973298e+01 6.5301811531e-01 1.4196455079e-01 6.9408494807e+02 8.1381208407e+00 -7.8466165742e-01 8.5783075175e+00 7.7032243986e-03 9.9269974733e-03
3.6114621677e+01 3.1245331186e+01 2.9228098773e+01 8.6517121696e-01 1.4812041929e-02 6.6372517693e+01 3.6313261850e+02 9.0758578721e-01 9.1072788101e+00 3.0674670658e-03 3.0802347212e-03
6.4670353930e+01 4.1647741406e+01 4.4963134314e+01 6.4400051763e-01 5.4036115300e-02 2.4916525699e+02 4.5201885238e+00 -2.2095548170e-01 9.4554991590e+00 1.1855421358e-02 2.6671068336e-02
2.8698539380e+01 2.3510283004e+01 2.2590290249e+01 8.1921531587e-01 2.5731870583e-02 1.1624589113e+02 5.2742209763e+01 9.5773427821e-01 9.7012292154e+00 7.3792816125e-03 7.6007946554e-03
5.3759035878e+01 4.3208915618e+01 4.1907259277e+01 8.0375168401e-01 1.8106623927e-02 8.1335990998e+01 2.3114802989e+02 -6.6245658233e-01 9.2383067982e+00 2.8950784934e-03 2.9140922863e-03
3.8366447821e+01 3.3106719986e+01 3.1009305676e+01 8.6290813630e-01 2.6056717706e-02 1.1774166877e+02 9.9470811356e+00 2.3955733168e-01 9.4453600607e+00 1.1314105888e-02 1.3721202152e-02
6.1045867692e+01 3.9269182098e+01 4.2418143555e+01 6.4327338742e-01 3.4446632584e-02 1.5661447799e+02 2.2524412493e+01 -1.7893128452e-01 8.0730511752e+00 6.8118229061e-03 7.3300043858e-03
2.2784649734e+01 2.2310001198e+01 1.9627282085e+01 9.7916805648e-01 2.8968548667e-02 1.3118048757e+02 7.6897066288e+00 9.2042372292e-01 1.0725328985e+01 1.6554484571e-02 2.1802680416e-02
2.2200784558e+01 2.1587494685e+01 1.9057712184e+01 9.7237530633e-01 2.3287885845e-02 1.0501481342e+02 7.3267621058e+00 -9.3999033094e-01 1.3084831913e+01 1.7230022167e-02 2.3166995559e-02
3.9361602636e+01 2.7014155068e+01 2.8287632316e+01 6.8630729593e-01 4.1868080590e-02 1.9138449231e+02 7.3327724633e+00 8.4570476715e-01 1.1734355332e+01 1.3306515144e-02 1.7884952326e-02
5.7623663580e+01 2.8295674076e+01 3.4719571958e+01 4.9104260850e-01 4.2450706124e-02 1.9412931675e+02 2.9821869047e+01 8.4511087005e-01 1.0457158106e+01 6.9155462409e-03 7.2993079049e-03
3.3570187159e+01 3.1533610493e+01 2.8321432244e+01 9.3933377085e-01 1.5933338669e-02 7.1457128267e+01 2.0594615536e+02 -8.6746500492e-01 1.1215490029e+01 3.8672330472e-03 3.8957818648e-03
8.0000513358e+01 7.6178408979e+01 6.7956392918e+01 9.5222400185e-01 3.9901156031e-02 1.8213434835e+02 8.7838069099e+01 8.0698115480e-01 1.2566382569e+01 3.0358178698e-03 3.0893440747e-03
6.5863526944e+01 4.7379431247e+01 4.8499655592e+01 7.1935763912e-01 4.4867899197e-02 2.0554054131e+02 1.7745167264e+01 -5.4011291083e-01 1.2140263880e+01 6.8079393896e-03 7.4922878809e-03
3.4892072804e+01 2.9708207739e+01 2.8010125356e+01 8.5143143849e-01 3.9017513433e-02 1.7798690729e+02 5.7323604287e+00 5.1378037777e-01 8.8764596589e+00 1.4709045257e-02 2.3039348664e-02
3.4549759067e+01 3.2388273730e+01 2.9118238945e+01 9.3743848306e-01 6.6886429992e-02 3.1121527009e+02 7.7755254662e+00 -9.2335951006e-01 8.3029096116e+00 1.2595633838e-02 1.6514945925e-02
3.9954226855e+01 3.0168755253e+01 3.0164768618e+01 7.5508294436e-01 2.5374619940e-02 1.1460171536e+02 1.3697542023e+02 8.7667969865e-01 9.1283878928e+00 4.3071564914e-03 4.3552930023e-03
5.2915380698e+01 4.9316211576e+01 4.4465784027e+01 9.3198255262e-01 1.1824324256e-02 5.2865587918e+01 3.7749570575e+01 6.4638171869e-01 3.6865876220e+01 5.5255029926e-03 5.7625304076e-03
3.8205580922e+01 3.3758593067e+01 3.1252403202e+01 8.8360371057e-01 7.1595046056e-02 3.3421339743e+02 7.6706979942e+00 9.0769344577e-01 8.4550069545e+00 1.2079149013e-02 1.5924605234e-02
3.3862389595e+01 2.9885879816e+01 2.7683213922e+01 8.8256854206e-01 4.0720123912e-02 1.8598277200e+02 2.7162095659e+01 -8.1729390235e-01 8.1740308441e+00 8.2597228847e-03 8.7681911836e-03
6.3669080069e+01 6.2834857058e+01 5.5062600119e+01 9.8689751743e-01 9.8715871659e-02 4.6936500235e+02 3.0307201732e+01 9.3735215351e-01 8.6321368597e+00 4.9859995166e-03 5.2577983562e-03
2.8555755580e+01 2.1035054539e+01 2.1286396057e+01 7.3663099124e-01 1.8653240248e-02 8.3825645325e+01 1.5280359671e+02 -8.4586746840e-01 8.0354135545e+00 5.1616711633e-03 5.2132720512e-03
3.2771514811e+01 3.0979657465e+01 2.7736154113e+01 9.4532271833e-01 4.0355189830e-02 1.8426736607e+02 2.7436073516e+01 8.6715253484e-01 8.7030317406e+00 8.2206769875e-03 8.7211046678e-03
2.9736538627e+01 2.6105746199e+01 2.4245060926e+01 8.7790130946e-01 5.7492046988e-02 2.6574949591e+02 5.0754087944e+00 -9.5258938904e-01 8.3173670427e+00 1.6665040138e-02 2.9820704934e-02
8.3356734097e+01 6.3785346711e+01 6.3365021720e+01 7.6520928275e-01 1.5827670597e-01 7.8168016484e+02 4.0097986000e+00 -7.1483334123e-01 1.0531871674e+01 9.4343305609e-03 8.9990266541e-02
3.9017430963e+01 3.1685812649e+01 3.0576392506e+01 8.1209377108e-01 5.7605722261e-02 2.6629629410e+02 4.8473893106e+00 9.7260888092e-01 1.2095236448e+01 1.4665149927e-02 2.8204658916e-02
3.5615230193e+01 3.4898999294e+01 3.0691201100e+01 9.7988975796e-01 4.3380772014e-02 1.9851554274e+02 2.8634189641e+01 8.2936761734e-01 8.7382999410e+00 7.5801615315e-03 8.0201675568e-03
4.6911468401e+01 3.2894793493e+01 3.4090731575e+01 7.0121005833e-01 5.4819906498e-02 2.5291979769e+02 8.0898598146e+00 -6.2536312253e-01 8.8125385230e+00 1.1325534844e-02 1.4626685915e-02
4.4908413181e+01 3.2938105511e+01 3.3401652738e+01 7.3345066500e-01 4.4543912423e-02 2.0400884884e+02 2.5631204914e+01 7.3406081988e-01 8.7650070381e+00 7.4894201993e-03 7.9814411245e-03
1.7348027513e+01 1.4493900271e+01 1.3793083076e+01 8.3547828482e-01 1.7331942859e-02 7.7810991789e+01 2.1477093575e+01 -9.9841840320e-01 9.6869000097e+00 1.4140911569e-02 1.5277147371e-02
6.3909493538e+01 4.0552418810e+01 4.4091785830e+01 6.3452887145e-01 7.9428484409e-02 3.7278199902e+02 2.1261883841e+01 -9.5126919815e-01 9.3899833512e+00 6.6160741341e-03 7.1539013102e-03
7.4583258747e+01 6.7099301446e+01 6.1567615403e+01 8.9965633808e-01 1.2284202669e-01 5.9335800089e+02 1.1890066452e+01 8.9749006668e-01 1.0536444178e+01 6.5152677336e-03 7.5983820244e-03
2.8087900124e+01 2.7436776838e+01 2.4166525208e+01 9.7681837081e-01 5.0062619221e-02 2.3019190852e+02 1.1194092700e+01 -9.7585854192e-01 8.2382837894e+00 1.2467561688e-02 1.4715883864e-02
3.0629001977e+01 2.9632925325e+01 2.6226227250e+01 9.6747929781e-01 3.5816356717e-02 1.6300467968e+02 7.1477383790e+00 5.7242232200e-01 9.0029076837e+00 1.4136629778e-02 1.9226916558e-02
4.1900031101e+01 3.2482844593e+01 3.2064645802e+01 7.7524631220e-01 1.4383635579e-02 6.4432095994e+01 3.3475381810e+02 -9.9799693165e-01 1.1383003148e+01 2.9854220766e-03 2.9989104141e-03
2.6817304047e+01 2.6264518307e+01 2.3103701713e+01 9.7938697570e-01 2.2501736329e-02 1.0141055947e+02 4.4019718750e+01 7.6679943510e-01 9.7330315684e+00 7.8021088466e-03 8.0858739440e-03
6.9849070754e+01 6.6790180303e+01 5.9457802573e+01 9.5620714180e-01 7.5528287979e-02 3.5353111565e+02 4.9803700227e+00 -6.0611904349e-01 1.5560113701e+01 9.4798934603e-03 1.7438346457e-02
3.2314503832e+01 2.5967703666e+01 2.5187868921e+01 8.0359283253e-01 2.5578411140e-02 1.1553952082e+02 7.9100689212e+01 8.3870804143e-01 8.7446937292e+00 5.9224712130e-03 6.0388478527e-03
3.2164858486e+01 2.7629065443e+01 2.5936853747e+01 8.5898296290e-01 5.8622470892e-02 2.7119069988e+02 3.6067242131e+00 9.0696038731e-01 8.0956111958e+00 1.8148548288e-02 1.0000000000e+00
3.9103810677e+01 2.9902485618e+01 2.9715160431e+01 7.6469492615e-01 2.9913323350e-02 1.3555286935e+02 5.3381084151e+00 4.3694896335e-01 1.1542569039e+01 1.4639921549e-02 2.4596583233e-02
2.7095804444e+01 2.3841213837e+01 2.2117271217e+01 8.7988580988e-01 2.6907779415e-02 1.2166373963e+02 8.8249342624e+01 9.9771561333e-01 8.1524510862e+00 6.1604802727e-03 6.2685765036e-03
2.2193427052e+01 1.9898823053e+01 1.8289028121e+01 8.9660884758e-01 1.3755644691e-02 6.1589898628e+01 3.8765649746e+01 6.4055559294e-01 1.0495697658e+01 9.5208483350e-03 9.9177216647e-03
8.3580260865e+01 7.6326317984e+01 6.9517405378e+01 9.1320985594e-01 2.1253404166e-01 1.0837200839e+03 1.1263803097e+01 -9.8652234959e-01 8.1810809259e+00 5.8738339506e-03 6.9241590504e-03
8.6227981630e+01 7.4215560304e+01 6.9601959508e+01 8.6068998603e-01 7.6163529379e-02 3.5666011876e+02 1.7495863467e+01 6.0100591192e-01 1.2053805079e+01 5.3611460661e-03 5.9092607540e-03
6.0059361666e+01 3.3640886170e+01 3.8807953013e+01 5.6012726804e-01 8.3202928722e-02 3.9150229462e+02 1.7531883512e+01 -9.4351387130e-01 8.0456504068e+00 7.6862751307e-03 8.4701733408e-03
2.9185623359e+01 2.2606353083e+01 2.2324780170e+01 7.7457153493e-01 1.4507526883e-02 6.4993122380e+01 1.3019884977e+01 -7.0750650374e-01 1.8055742930e+01 1.2648572729e-02 1.4515059747e-02
4.2377467259e+01 4.1506405633e+01 3.6510214051e+01 9.7944517020e-01 1.9153087094e-02 8.6104023647e+01 3.4635144340e+01 5.0757907781e-01 1.5674305208e+01 6.4260372711e-03 6.7286763897e-03
7.7777196848e+01 5.5339917162e+01 5.6949208987e+01 7.1151853506e-01 4.5396346796e-02 2.0804030843e+02 1.4892983835e+02 -9.9931093236e-01 8.3024646991e+00 2.7721847957e-03 2.8006326248e-03
4.4257818028e+01 3.6604856816e+01 3.5008024647e+01 8.2708227490e-01 2.0999662696e-02 9.4535422501e+01 6.8164842008e+01 7.5253858992e-01 1.4730704228e+01 5.1119880262e-03 5.2292399041e-03
3.8376706654e+01 3.3167811292e+01 3.1042410483e+01 8.6426934940e-01 1.9642894903e-02 8.8338257122e+01 6.7306300278e+01 3.8786268955e-01 8.8311094433e+00 5.5417590511e-03 5.6705597872e-03
3.5914451952e+01 3.1806369176e+01 2.9412067930e+01 8.8561477197e-01 1.9479928698e-02 8.7594717679e+01 2.2364817245e+02 -9.2684736220e-01 9.6335104924e+00 3.6540003550e-03 3.6788132756e-03
3.6161321275e+01 2.2702629106e+01 2.4809749877e+01 6.2781525413e-01 1.7417711994e-02 7.8201066387e+01 1.0515656362e+02 7.3813623932e-01 1.0267291835e+01 5.4001528001e-03 5.4792601121e-03
3.3885147515e+01 2.6014571011e+01 2.5801839729e+01 7.6772783708e-01 1.9064602964e-02 8.5700578189e+01 1.8588299574e+02 8.3656621732e-01 8.7701813953e+00 4.2515581715e-03 4.2863828858e-03
5.9873055058e+01 4.7344142125e+01 4.6285580219e+01 7.9074204714e-01 8.7316646934e-02 4.1200578485e+02 1.0550051362e+01 6.8683427882e-01 8.3726358502e+00 8.3094864575e-03 9.9358010095e-03
7.2143168454e+01 5.1387158402e+01 5.2853672688e+01 7.1229417149e-01 2.0992306199e-01 1.0688193824e+03 4.0287002783e+00 9.5541700907e-01 8.2213283309e+00 1.0264511958e-02 6.5549272221e-02
4.9030799144e+01 4.5712607521e+01 4.1209104838e+01 9.3232434140e-01 7.0817802417e-02 3.3040752228e+02 9.6594659141e+00 5.8827550897e-01 8.0327902253e+00 9.3243882404e-03 1.1394282234e-02
8.6199580506e+01 6.4119819435e+01 6.4579616120e+01 7.4385303337e-01 3.6610210126e-02 1.6671387678e+02 5.6156220503e+01 9.2929168047e-01 2.0103593617e+01 3.7138743233e-03 3.8182258403e-03
3.9561104187e+01 2.6103426033e+01 2.7855655414e+01 6.5982551724e-01 2.3964087390e-02 1.0811826847e+02 3.5702787056e+01 7.9698454164e-01 1.2628345261e+01 7.5016816756e-03 7.8435087429e-03
5.4773902294e+01 5.1833379780e+01 4.6382328997e+01 9.4631526344e-01 5.3549754535e-02 2.4683745496e+02 1.9628876156e+00 -3.0476257848e-01 8.2643041327e+00 1.5902126482e-02 1.0000000000e+00
3.7162671279e+01 2.8763642417e+01 2.8415723907e+01 7.7399286508e-01 5.1581749937e-02 2.3743375072e+02 1.3718785469e+01 8.7121442444e-01 8.4724105567e+00 1.0430407254e-02 1.1869710907e-02
5.3341167061e+01 2.7291466064e+01 3.2851216718e+01 5.1163983782e-01 2.0291891132e-02 9.1301080809e+01 7.5067262506e+01 -4.9683557161e-01 1.0084941278e+01 5.1325045382e-03 5.2389857114e-03
8.4789553697e+01 5.0200424018e+01 5.6411745210e+01 5.9205906658e-01 6.4627638012e-02 3.0023235339e+02 9.4563251738e+00 -7.0204988705e-01 1.5139902730e+01 7.7521166431e-03 9.5274922955e-03
4.1312770043e+01 2.8534570956e+01 2.9788142447e+01 6.9069614374e-01 1.5972237885e-02 7.1633670824e+01 1.2972042356e+02 -6.6951004849e-01 1.1592192339e+01 4.4561963599e-03 4.5088445807e-03
2.4682292545e+01 2.1738568383e+01 2.0157061599e+01 8.8073538320e-01 1.4576440493e-02 6.5305233591e+01 1.3778273867e+02 -7.9965062715e-01 9.5091234658e+00 5.5658012050e-03 5.6276323113e-03
3.3348496365e+01 2.2848367893e+01 2.3945088548e+01 6.8513937310e-01 2.1762963457e-02 9.8027251364e+01 1.5706516030e+01 9.9961380296e-01 1.7419340304e+01 1.1234058146e-02 1.2543139188e-02
6.3744973904e+01 6.1111442892e+01 5.4332403573e+01 9.5868645243e-01 1.8875186173e-02 8.4837103268e+01 1.3262050691e+02 -2.0883575732e-01 8.6608261800e+00 3.0300814104e-03 3.0650811133e-03
3.0422352548e+01 2.8068746798e+01 2.5434987809e+01 9.2263564276e-01 1.3137237275e-02 5.8793657448e+01 3.9023419927e+02 9.7706961113e-01 9.7630101912e+00 3.2601408451e-03 3.2727613559e-03
3.9122770988e+01 2.1726739828e+01 2.5165356349e+01 5.5534767295e-01 1.6716854593e-02 7.5015034037e+01 2.4177462787e+02 8.1071919108e-01 8.4001458561e+00 3.9186798109e-03 3.9432719932e-03
4.0538921925e+01 3.8382415544e+01 3.4337115674e+01 9.4680405205e-01 6.9808325424e-02 3.2547015314e+02 1.8105230983e+01 9.5076987115e-01 8.1529667887e+00 8.2618175746e-03 9.0726582383e-03
5.4726618429e+01 3.5146239598e+01 3.7994503787e+01 6.4221471392e-01 2.7590051264e-02 1.2481140663e+02 6.2145140675e+01 9.6275372938e-01 1.5920039299e+01 5.0081823667e-03 5.1347025585e-03
3.8015638135e+01 2.5213087157e+01 2.6839233011e+01 6.6322935491e-01 4.6759107526e-02 2.1449504124e+02 7.0502116657e+00 -6.6318058590e-01 8.0343420310e+00 1.3914237242e-02 1.9050723366e-02
6.2336164402e+01 5.3922842362e+01 5.0445495239e+01 8.6503304911e-01 8.6360569852e-02 4.0723120650e+02 3.9513012585e+00 8.3609889322e-01 1.5162769989e+01 1.1386636306e-02 1.0000000000e+00
4.3520298131e+01 4.0115660557e+01 3.6368457184e+01 9.2176897400e-01 3.6204889578e-02 1.6481954422e+02 9.0266225100e+01 -8.3934706675e-01 8.8219260016e+00 4.4513545863e-03 4.5276606950e-03
2.6835082282e+01 1.1638515412e+01 1.5126127280e+01 4.3370522548e-01 1.4562214652e-02 6.5240801846e+01 2.6915776486e+01 -6.1117633351e-01 8.1074793853e+00 1.2286102355e-02 1.3050172579e-02
7.2056571434e+01 5.0254612020e+01 5.2217548324e+01 6.9743273958e-01 3.5817270750e-02 1.6300894804e+02 4.5336413704e+01 6.4867005973e-01 1.3686112004e+01 4.5979663775e-03 4.7600189210e-03
5.7358501676e+01 3.5808362103e+01 3.9237114113e+01 6.2429040260e-01 4.4238118371e-02 2.0256378847e+02 4.5259491905e+01 8.7765318611e-01 1.0577973670e+01 5.4729217678e-03 5.6661610542e-03
2.8247729125e+01 2.3063322634e+01 2.2197346698e+01 8.1646643282e-01 2.3593379991e-02 1.0641651613e+02 6.6648649757e+00 8.0782482740e-01 1.4268652522e+01 1.6226735277e-02 2.2883618877e-02
3.4869326277e+01 2.1972362423e+01 2.3969489896e+01 6.3013441236e-01 3.5753638731e-02 1.6271181204e+02 4.0885120143e+01 9.5204710471e-01 8.0323469273e+00 7.7760980223e-03 8.0821983581e-03
3.7824488796e+01 3.5804792943e+01 3.2034535231e+01 9.4660348579e-01 2.2189967157e-02 9.9982329344e+01 6.3756562374e+01 8.4632679681e-01 1.4341443795e+01 5.5367527789e-03 5.6729292188e-03
8.2570461336e+01 8.0774258448e+01 7.1094760314e+01 9.7824642301e-01 6.7197837848e-02 3.1273195531e+02 1.3316586587e+01 9.7467228887e-01 2.3317111704e+01 5.8914448567e-03 6.7359344442e-03
3.6447182964e+01 3.6373796277e+01 3.1697152934e+01 9.9798649222e-01 2.2066702876e-02 9.9417827527e+01 1.2639389879e+02 -9.9190302320e-01 1.2830159401e+01 4.3123228442e-03 4.3646421765e-03
8.2855345119e+01 6.3781504511e+01 6.3177225535e+01 7.6979348066e-01 1.1306106787e-01 5.4266980596e+02 1.6845266048e+01 6.8792611783e-01 8.2869520788e+00 5.6567479251e-03 6.2620620297e-03
6.6979992478e+01 4.1209028191e+01 4.5470093004e+01 6.1524384621e-01 3.4962333144e-02 1.5901894509e+02 3.4466331800e+01 6.9447222327e-01 1.4079984226e+01 5.5589286793e-03 5.8221271859e-03
3.9467185448e+01 3.1801073675e+01 3.0805448316e+01 8.0575985629e-01 1.5493557837e-02 6.9461904120e+01 2.8698924838e+01 -8.5523277098e-02 1.0465675421e+01 7.6852091575e-03 8.1301963353e-03
4.0552118519e+01 3.7495302772e+01 3.3940836036e+01 9.2462007267e-01 6.1428422634e-02 2.8473208920e+02 1.9842369746e+01 9.5362223101e-01 8.8956987937e+00 8.0805307231e-03 8.7923487924e-03
3.7868264110e+01 3.1126483339e+01 2.9859330566e+01 8.2196752534e-01 1.0583359509e-02 4.7273021586e+01 8.6388327722e+01 -3.5827265850e-01 1.3852542660e+01 5.1995703892e-03 5.2928365072e-03
7.0961940681e+01 6.7913689053e+01 6.0431653222e+01 9.5704385199e-01 8.8042530730e-02 4.1563455826e+02 4.2611471689e+01 -8.3889607043e-01 8.2905843103e+00 4.1653771064e-03 4.3222326806e-03
3.2321070273e+01 2.8912376690e+01 2.6603818404e+01 8.9453648800e-01 1.8908608285e-02 8.4989443858e+01 2.3847334420e+01 -6.9396116024e-01 1.4878171881e+01 9.0096163561e-03 9.6517912169e-03
4.1451664867e+01 3.9965266136e+01 3.5431689958e+01 9.6414139853e-01 2.5463869549e-02 1.1501239001e+02 8.3162406708e+01 8.1659803305e-01 1.2288783558e+01 4.6962688962e-03 4.7838877203e-03
3.7307071402e+01 2.6929969781e+01 2.7520676728e+01 7.2184625512e-01 1.6976694649e-02 7.6195860091e+01 1.6406400791e+02 6.1938527323e-01 8.6062404255e+00 4.2848382359e-03 4.3246831270e-03
3.6018560332e+01 2.9669785775e+01 2.8431959438e+01 8.2373602669e-01 1.5408657210e-02 6.9076870803e+01 3.9084518237e+01 -2.7608264568e-01 1.0369796582e+01 7.1967956938e-03 7.4941544785e-03
5.4254248846e+01 5.2199609476e+01 4.6326375605e+01 9.6212942924e-01 2.9405268874e-02 1.3320088166e+02 1.8372286171e+01 6.4601356993e-01 1.9597984280e+01 6.9799184438e-03 7.6531346204e-03
3.4360987266e+01 3.4172858447e+01 2.9830954123e+01 9.9452492974e-01 2.0719801563e-02 9.3256127845e+01 8.9800451964e+01 -4.8538745348e-01 8.2241558790e+00 5.0957456739e-03 5.1835656056e-03
3.1973322632e+01 2.5358660130e+01 2.4755348895e+01 7.9311932707e-01 3.7250446168e-02 1.6970831216e+02 2.0488282925e+01 -8.9712112678e-01 9.0471729074e+00 9.8658777747e-03 1.0703098697e-02
2.9234854877e+01 2.1159425681e+01 2.1595667934e+01 7.2377392569e-01 2.7899300770e-02 1.2623914381e+02 3.3772104053e+01 -8.8389198970e-01 8.7883573367e+00 8.9590753923e-03 9.3927748615e-03
4.8576182908e+01 3.8955610942e+01 3.7823601320e+01 8.0194878662e-01 3.7929251848e-02 1.7288606348e+02 3.4491239355e+01 8.9253805625e-01 1.3059668308e+01 6.2240532542e-03 6.5185116484e-03
4.1270114877e+01 3.4026469516e+01 3.2592410801e+01 8.2448206449e-01 3.3565129644e-02 1.5250848145e+02 7.1550922660e+00 7.1130059386e-01 1.5314321514e+01 1.2353245422e-02 1.6793153589e-02
5.9996281992e+01 5.6046561347e+01 5.0475463273e+01 9.3416724314e-01 5.6127740261e-02 2.5919337467e+02 8.1932212904e+00 -1.4877975546e-01 8.1811071786e+00 8.8130707972e-03 1.1329672272e-02
7.9969064034e+01 6.4361783804e+01 6.2381845473e+01 8.0483352634e-01 2.8275029215e-02 1.2797464860e+02 8.9806251528e+01 -4.4284748635e-01 1.0802452205e+01 3.1985348495e-03 3.2536546321e-03
3.7015954435e+01 2.2317812033e+01 2.4863596937e+01 6.0292412753e-01 1.6903606673e-02 7.5863671008e+01 9.2424613732e+01 -4.9011155914e-01 8.1817865681e+00 5.6620413422e-03 5.7567644986e-03
3.2819339359e+01 2.7548816909e+01 2.6156407212e+01 8.3940802731e-01 3.2371369277e-02 1.4695612661e+02 2.3793117714e+01 -8.5968221753e-01 1.0320244832e+01 9.0389442847e-03 9.6848776608e-03
7.2778494188e+01 6.5758218984e+01 6.0208649886e+01 9.0353915284e-01 8.5390154903e-02 4.0239079440e+02 1.4473170328e+01 -7.6761104261e-01 1.1814218451e+01 6.2687562936e-03 7.0772323064e-03
4.1819568045e+01 3.8457678563e+01 3.4905918556e+01 9.1960965551e-01 3.2087718807e-02 1.4563820158e+02 3.8952418220e+00 -7.7602183049e-01 2.0952215707e+01 1.4879403907e-02 1.0000000000e+00
7.1179462644e+01 4.8541092958e+01 5.0985280006e+01 6.8195363036e-01 5.9032490355e-02 2.7316630824e+02 1.0154371466e+01 4.2818462434e-01 1.0136848640e+01 8.0668604197e-03 9.7331977093e-03
6.3178484196e+01 5.7271114058e+01 5.2353030800e+01 9.0649712140e-01 6.2334735663e-02 2.8911660524e+02 2.2818516352e+00 8.4610356755e-01 1.7747931896e+01 1.3861523321e-02 1.0000000000e+00
3.9372674976e+01 1.5349070689e+01 2.0947597288e+01 3.8984068770e-01 1.2373324593e-02 5.5343028852e+01 1.3638149441e+01 9.1901727457e-01 2.4237276792e+01 1.2952113240e-02 1.4752862806e-02
7.9238919304e+01 7.8902646940e+01 6.8834928041e+01 9.9575622224e-01 1.2185377622e-01 5.8821076326e+02 4.0351018313e+01 -9.9689423840e-01 8.1815837400e+00 3.8448960939e-03 3.9984008115e-03
8.3147866192e+01 6.7190108484e+01 6.4995027437e+01 8.0807976875e-01 2.4141445158e-01 1.2509234468e+03 5.9296559768e+00 -9.8784185164e-01 8.4846679886e+00 7.6786805669e-03 1.1698163971e-02
2.4781054690e+01 1.9972863800e+01 1.9345050272e+01 8.0597311333e-01 2.1002287390e-02 9.4547422905e+01 8.7190820607e+00 6.9954978271e-01 1.1045193218e+01 1.6013871712e-02 2.0159339946e-02
3.6407750376e+01 3.5942841338e+01 3.1491643973e+01 9.8723049258e-01 1.1750301791e-02 5.2531706008e+01 3.8697748691e+02 -9.7475264432e-01 1.2079959679e+01 2.8641495015e-03 2.8753310481e-03
2.2287007248e+01 1.9366149124e+01 1.8077044714e+01 8.6894345698e-01 1.7448672000e-02 7.8341883316e+01 6.1410885658e+01 -9.8571408431e-01 1.0669562699e+01 8.0524635802e-03 8.2584384636e-03
3.7905530039e+01 3.1995210008e+01 3.0295363560e+01 8.4407763129e-01 5.0064025751e-02 2.3019860672e+02 1.8176768465e+01 -9.7612607224e-01 9.8353006034e+00 9.0257234347e-03 9.9073911043e-03
4.9267822409e+01 3.2823237383e+01 3.4864841572e+01 6.6622058329e-01 1.3822862019e-02 6.1893988413e+01 8.4726823446e+01 -8.1305551142e-01 2.1948320067e+01 4.7445418969e-03 4.8313715079e-03
4.1309990360e+01 3.4374474719e+01 3.2777313068e+01 8.3211045124e-01 1.2937075435e-02 5.7889138738e+01 3.3310076380e+02 -8.4503069304e-01 1.0934559398e+01 2.9527895613e-03 2.9661972214e-03
4.1882732988e+01 4.1087631383e+01 3.6112958755e+01 9.8101600473e-01 2.7580341335e-02 1.2476658824e+02 8.8817511192e+01 -9.2321585421e-01 1.2632414878e+01 4.5217805488e-03 4.6005990383e-03
3.7865590800e+01 3.6070893106e+01 3.2171345219e+01 9.5260346778e-01 1.2611673583e-02 5.6419241924e+01 1.1881464584e+02 9.2873855119e-01 2.1886254061e+01 4.3981942573e-03 4.4550405862e-03
2.6621862543e+01 2.4802033473e+01 2.2366727168e+01 9.3164155712e-01 2.6183643929e-02 1.1832629756e+02 1.2426380926e+01 8.5642907528e-01 1.2057609745e+01 1.2765101995e-02 1.4766859054e-02
6.7107355563e+01 5.9438036918e+01 5.4960602147e+01 8.8571567780e-01 6.9853884702e-02 3.2569284626e+02 1.3401153794e+01 4.5845541702e-01 9.0344371529e+00 6.8925901081e-03 7.8725937326e-03
7.2405244185e+01 6.4333209698e+01 5.9394333378e+01 8.8851588615e-01 7.6492254791e-02 3.5828030822e+02 2.2553505573e+01 -5.9923789177e-01 9.1380511612e+00 5.3810623112e-03 5.7897998374e-03
2.0584560931e+01 2.0268056219e+01 1.7781494022e+01 9.8462416989e-01 2.1791749366e-02 9.8159012382e+01 6.7125257903e+01 -9.7916593960e-01 8.1433158637e+00 7.8479613486e-03 8.0308757390e-03
2.9865187807e+01 1.1493191768e+01 1.5777959575e+01 3.8483574394e-01 1.4446486300e-02 6.4716694833e+01 1.7752919093e+01 -7.6340026540e-01 1.1282193106e+01 1.3988449829e-02 1.5393864932e-02
4.2812626699e+01 3.3995702011e+01 3.3167739184e+01 7.9405784303e-01 6.7199506099e-02 3.1274008203e+02 4.4749662432e+00 8.4257330766e-01 1.0409220188e+01 1.4281494382e-02 3.3118547812e-02
1.5636099403e+01 1.5442856324e+01 1.3527587402e+01 9.8764122214e-01 1.1932078581e-02 5.3351684784e+01 1.0817008148e+01 7.6110981490e-01 1.1875828199e+01 1.8573691984e-02 2.2084661299e-02
8.2359565589e+01 7.0552800303e+01 6.6320602099e+01 8.5664366730e-01 9.3082206306e-02 4.4091778444e+02 3.5959526466e+01 7.7604980813e-01 8.6412985302e+00 4.1764011176e-03 4.3652318359e-03
3.8546273828e+01 3.4149095089e+01 3.1572982749e+01 8.8592467438e-01 2.0678531920e-02 9.3067521081e+01 9.1691100621e+01 5.8817572123e-01 9.8875324040e+00 4.8800039995e-03 4.9623175493e-03
4.4067078159e+01 2.9202496853e+01 3.1098239971e+01 6.6268284792e-01 5.3477650011e-02 2.4649247995e+02 2.1062224219e+01 -9.1394464632e-01 8.6064846725e+00 8.3850555790e-03 9.0741648686e-03
2.9520880790e+01 2.9044581634e+01 2.5491086481e+01 9.8386568616e-01 3.4353640614e-02 1.5618108586e+02 2.2951785961e+01 7.3620909790e-01 8.2855821983e+00 9.2993734763e-03 9.9917387072e-03
2.9878207999e+01 1.1095548406e+01 1.5481065032e+01 3.7135923299e-01 1.6880703065e-02 7.5759580127e+01 5.2717114711e+01 9.3664173846e-01 8.9411565186e+00 9.3976573300e-03 9.6799002660e-03
3.0582800744e+01 1.5874661906e+01 1.8980075977e+01 5.1907155393e-01 1.1510030191e-02 5.1448202956e+01 3.6040923518e+02 8.3038801107e-01 8.0476216263e+00 4.0371946475e-03 4.0541265355e-03
3.9636481035e+01 3.1660353385e+01 3.0800123618e+01 7.9876801768e-01 2.5893374113e-02 1.1698945639e+02 2.8795326735e+01 -4.6045903190e-01 9.3657505763e+00 7.6276509531e-03 8.0676653818e-03
5.1044868213e+01 4.4778609279e+01 4.1602480659e+01 8.7724017803e-01 2.7609239791e-02 1.2489997749e+02 7.9761894624e+01 9.9448777544e-01 1.6309211585e+01 4.3092870821e-03 4.3932373327e-03
2.3152993956e+01 2.2290117699e+01 1.9775983897e+01 9.6273154745e-01 1.1790904778e-02 5.2714843186e+01 4.4333979946e+02 9.7188245161e-01 8.4747887462e+00 3.6402099173e-03 3.6526031843e-03
4.0067600903e+01 2.6710690703e+01 2.8363512597e+01 6.6664062986e-01 4.1233334519e-02 1.8839663053e+02 8.0504896136e+00 7.4020169304e-01 1.0388899030e+01 1.2832014288e-02 1.6602094200e-02
4.2847669611e+01 3.4923517314e+01 3.3640571472e+01 8.1506223397e-01 2.9254092989e-02 1.3250135608e+02 9.7805397388e+01 -9.1375195886e-01 1.0565068759e+01 4.5542666533e-03 4.6261432633e-03
8.0537712699e+01 7.9021714931e+01 6.9448512983e+01 9.8117654800e-01 1.7156044034e-01 8.5412795218e+02 1.2217953255e+01 8.9215983412e-01 8.7745710902e+00 5.8247734663e-03 6.7587609614e-03
6.6731439178e+01 6.3322955158e+01 5.6586130025e+01 9.4892236610e-01 5.7637228842e-02 2.6644786092e+02 1.8796324299e+00 -1.5560897728e-01 8.8225214138e+00 1.4239318122e-02 1.0000000000e+00
3.7863249530e+01 3.4916648417e+01 3.1648124010e+01 9.2217780699e-01 1.7994978771e-02 8.0827729727e+01 1.3140214039e+02 5.2073135080e-01 9.0393728092e+00 4.2646787631e-03 4.3144055572e-03
7.6752952872e+01 6.8308513125e+01 6.3013201101e+01 8.8997895935e-01 9.9740691794e-02 4.7456062661e+02 5.0997469201e+00 -6.8567374520e-01 1.4047692958e+01 8.9359115327e-03 1.5884911946e-02
7.6132852904e+01 4.2442987996e+01 4.9071303037e+01 5.5748584714e-01 6.2477635129e-02 2.8980839295e+02 1.4082569616e+01 5.9863054996e-01 1.0275170023e+01 7.2937002453e-03 8.2673136582e-03
3.5748915512e+01 3.4251329379e+01 3.0461007975e+01 9.5810820800e-01 1.9861955013e-02 8.9338005710e+01 7.9917325431e+01 7.7265968574e-01 1.2928022912e+01 5.2571679512e-03 5.3593777299e-03
3.3045059339e+01 3.2971690573e+01 2.8735438116e+01 9.9777973568e-01 1.3995081014e-02 6.2673241696e+01 2.2613006798e+02 6.2630610330e-01 9.3404350869e+00 3.7046981716e-03 3.7295758364e-03
8.4122647797e+01 5.2809654397e+01 5.7713122713e+01 6.2776975974e-01 4.6023922103e-02 2.1101133538e+02 3.8041984300e+01 -3.1841210933e-01 8.4007610320e+00 4.5847107198e-03 4.7797485366e-03
4.4132294009e+01 1.9834003984e+01 2.5357702128e+01 4.4942155014e-01 1.6170797399e-02 7.2534982942e+01 7.3595434232e+00 -6.4463274452e-02 1.0775528224e+01 1.4452027763e-02 1.9392900409e-02
2.3627393933e+01 1.9780736724e+01 1.8805321136e+01 8.3719502793e-01 1.9298353304e-02 8.6766481422e+01 4.1812041163e+01 7.5366479543e-01 8.7151911167e+00 9.0639798528e-03 9.4122975764e-03
3.7650971211e+01 3.4811284988e+01 3.1511956797e+01 9.2457867269e-01 3.5919177909e-02 1.6348486873e+02 3.1116305682e+01 -7.4344877225e-01 9.6500880539e+00 7.2597966070e-03 7.6442260124e-03
3.7618455876e+01 2.3120145655e+01 2.5523601823e+01 6.1459581784e-01 2.4573224788e-02 1.1091652391e+02 1.3117815535e+02 -8.7778661229e-01 8.1197993019e+00 4.8617718113e-03 4.9185596819e-03
3.7612885837e+01 3.7323231049e+01 3.2617546977e+01 9.9229905439e-01 2.6225674160e-02 1.1851991446e+02 8.6729478011e+01 9.9439622508e-01 1.2984124893e+01 4.8660252779e-03 4.9529538208e-03
4.6930870184e+01 3.5261494639e+01 3.5341851610e+01 7.5134968734e-01 1.9737138627e-02 8.8768328357e+01 2.3518685347e+02 8.0181495377e-01 9.0923739974e+00 3.1963541520e-03 3.2169818301e-03
2.8309182539e+01 1.4215340747e+01 1.7261672441e+01 5.0214592838e-01 1.4995284052e-02 6.7202868861e+01 1.1624407226e+01 9.4316622151e-01 1.6236340684e+01 1.5494939233e-02 1.8150000933e-02
3.6779148733e+01 2.9688191416e+01 2.8733570038e+01 8.0720170093e-01 1.9666145301e-02 8.8444352351e+01 5.1857135386e+01 7.6128280414e-01 1.3807187965e+01 6.4133922692e-03 6.6093840440e-03
7.6073288735e+01 7.5390099004e+01 6.5927463950e+01 9.9101932173e-01 7.9081676635e-02 3.7106635953e+02 2.9922581125e+01 -6.1517610714e-01 9.0578444629e+00 4.5273666575e-03 4.7776680527e-03
7.3324488932e+01 5.2767371766e+01 5.4004667202e+01 7.1964186229e-01 1.3243855428e-01 6.4364009717e+02 6.8537555506e+00 8.0572282738e-01 9.0320209483e+00 8.6480621297e-03 1.2011873270e-02
7.0879361599e+01 5.1823837390e+01 5.2633038445e+01 7.3115553274e-01 5.2847967324e-02 2.4348125900e+02 1.6369130447e+01 -6.7059379436e-01 1.3741846788e+01 6.6358425628e-03 7.3710352601e-03
5.6538298270e+01 4.4085890697e+01 4.3395523590e+01 7.7975269944e-01 1.1560011204e-02 5.1673560030e+01 1.1605022713e+02 8.1927581572e-01 2.7919223293e+01 3.6826091606e-03 3.7313681418e-03
3.5861402899e+01 3.1049731223e+01 2.9034302276e+01 8.6582589393e-01 2.7053589186e-02 1.2233617603e+02 1.1030207644e+02 -7.7362609626e-01 8.0470689201e+00 4.7795449277e-03 4.8462105191e-03
4.0866173855e+01 4.0200128778e+01 3.5284728527e+01 9.8370179993e-01 2.5874977275e-02 1.1690474830e+02 1.1848545656e+01 -2.7797833165e-01 1.1244905341e+01 9.7750860652e-03 1.1407724817e-02
4.8907493590e+01 4.3170000131e+01 3.9985614631e+01 8.8268682286e-01 3.6436077889e-02 1.6589990946e+02 5.7542899112e+01 -5.6190938530e-01 8.3445947450e+00 4.9661508182e-03 5.1021544427e-03
3.2033358419e+01 3.1925287763e+01 2.7839570040e+01 9.9662630889e-01 1.1745221734e-02 5.2508793513e+01 1.4888067021e+02 2.6761578061e-01 8.4501426083e+00 4.4261163007e-03 4.4715518613e-03
7.3404331783e+01 5.4034923933e+01 5.4698711377e+01 7.3612718241e-01 1.4696774294e-01 7.2078970108e+02 8.9411624205e+00 8.9746973735e-01 8.4279267817e+00 7.7035838135e-03 9.6223163805e-03
3.8629622189e+01 2.6956252726e+01 2.8001798411e+01 6.9781300459e-01 1.0456171865e-02 4.6700419093e+01 2.2306656749e+02 -8.9846993890e-01 1.6789231562e+01 3.7926536378e-03 3.8184760912e-03
5.7853469950e+01 5.3545346871e+01 4.8445626159e+01 9.2553388617e-01 8.7754938006e-02 4.1419646209e+02 1.4151442657e+01 -6.9405834803e-01 8.1576528031e+00 7.2319339559e-03 8.1913749880e-03
4.2092675519e+01 3.7845480787e+01 3.4736136244e+01 8.9909896010e-01 2.7895664551e-02 1.2622235251e+02 5.6922137411e+01 9.3449060389e-01 1.4282159314e+01 5.4731040334e-03 5.6247100150e-03
3.8966585786e+01 3.5359343614e+01 3.2306496261e+01 9.0742729704e-01 2.8584367026e-02 1.2940419113e+02 9.2538365593e+01 7.7834392888e-01 9.1561403322e+00 4.7708300557e-03 4.8505425440e-03
8.3982980964e+01 6.4400694401e+01 6.3910450190e+01 7.6683029896e-01 9.9045303275e-02 4.7103445557e+02 9.7818755318e+00 -7.7285244485e-01 1.2598872347e+01 6.9405721575e-03 8.4533294799e-03
3.6814828053e+01 3.2348464742e+01 3.0029682321e+01 8.7868031586e-01 2.2219185191e-02 1.0011615122e+02 4.4782490655e+01 -4.2828748564e-01 8.9643937239e+00 6.5814399500e-03 6.8164595214e-03
6.3257854388e+01 4.2636481902e+01 4.5036325062e+01 6.7401087682e-01 1.0462971856e-01 4.9943466643e+02 1.6020151155e+01 9.9875567124e-01 8.4463550924e+00 7.1562165132e-03 7.9701634331e-03
6.9435961666e+01 5.0958393268e+01 5.1660533124e+01 7.3389050926e-01 2.8787233840e-02 1.3034204186e+02 1.1348498483e+02 6.4713608366e-01 1.0501497326e+01 3.2952704218e-03 3.3399118195e-03
7.8315077334e+01 7.6741097280e+01 6.7487947219e+01 9.7990195365e-01 1.8808798511e-01 9.4563857474e+02 5.6315674485e+00 -8.3348072004e-01 9.6717864285e+00 7.8593747141e-03 1.2506825544e-02
3.6865161107e+01 1.3338058326e+01 1.8831240735e+01 3.6180659261e-01 1.8532332269e-02 8.3274778380e+01 1.2858158133e+02 9.2126208450e-01 8.0655438113e+00 5.9455920886e-03 6.0164727825e-03
7.4753907015e+01 6.5088191106e+01 6.0695161671e+01 8.7069952201e-01 1.6668662284e-01 8.2743168598e+02 4.1744852794e+00 8.4897060947e-01 1.0920629318e+01 9.5033551804e-03 3.1256728019e-02
1.5443608963e+01 1.2780532415e+01 1.2219529886e+01 8.2756125496e-01 1.6638428865e-02 7.4658722070e+01 7.8468354144e+00 -8.7974191717e-01 8.4983457546e+00 2.2259845813e-02 2.9081630589e-02
6.9169362812e+01 3.9117666466e+01 4.4921757669e+01 5.6553457883e-01 2.8450854137e-02 1.2878711076e+02 2.0418147719e+01 -2.6043017332e-01 1.1706839312e+01 6.8432820094e-03 7.4263259329e-03
8.2400101592e+01 4.0102916713e+01 4.9412049364e+01 4.8668528240e-01 6.0240913325e-02 2.7899511301e+02 4.6769832219e+01 6.8867753696e-01 8.0147244362e+00 4.6361787545e-03 4.7942510493e-03
3.8091359055e+01 2.8654367654e+01 2.8702893856e+01 7.5225374900e-01 2.5348319812e-02 1.1448070756e+02 1.7641224763e+01 -9.0458220904e-01 1.6746291267e+01 9.5823995392e-03 1.0552431412e-02
3.6099570089e+01 2.9343314982e+01 2.8303114991e+01 8.1284389009e-01 3.1732660443e-02 1.4398923866e+02 6.0468195356e+01 7.5878291488e-01 8.0474580095e+00 6.0669753591e-03 6.2246995381e-03
4.1118358208e+01 2.9130097715e+01 3.0039954303e+01 7.0844505922e-01 3.7501132122e-02 1.7088151964e+02 6.1241908846e+01 -9.8905725815e-01 9.3207788386e+00 5.7972572065e-03 5.9459745805e-03
3.6286635045e+01 2.9753627323e+01 2.8576577341e+01 8.1996104863e-01 3.1905804336e-02 1.4479325052e+02 3.0450864492e+01 9.1078668488e-01 1.1596880760e+01 7.7990098037e-03 8.2219413556e-03
3.5251584597e+01 3.0878771817e+01 2.8709327832e+01 8.7595414988e-01 6.1732388309e-02 2.8620201801e+02 4.3212229942e+00 8.4124082612e-01 9.0246416555e+00 1.5887092793e-02 4.2106045150e-02
3.5501144755e+01 3.2578918467e+01 2.9600798189e+01 9.1768642088e-01 2.8441224365e-02 1.2874260766e+02 8.5625335708e+01 9.9333838749e-01 1.0829408434e+01 5.1882162974e-03 5.2821358146e-03
3.9130904807e+01 3.7950772349e+01 3.3547029778e+01 9.6984142165e-01 2.8520304562e-02 1.2910808753e+02 2.2822880110e+01 -5.2863614830e-01 1.1001988172e+01 7.8770750756e-03 8.4673327006e-03
2.3693754567e+01 2.0768986472e+01 1.9303242511e+01 8.7655953441e-01 1.4230295569e-02 6.3737857148e+01 1.3121455220e+01 7.5218368836e-01 1.5865579664e+01 1.3814119652e-02 1.5832241850e-02
5.2939576987e+01 2.2768098332e+01 2.9705464852e+01 4.3007707330e-01 1.9598425521e-02 8.8135346348e+01 7.7762377513e+01 4.5762556009e-01 8.7754353332e+00 5.3962396164e-03 5.5041683650e-03
3.2613957260e+01 2.2960901321e+01 2.3749790590e+01 7.0402070924e-01 2.2799117688e-02 1.0277347946e+02 4.1964343544e+01 7.7174338104e-01 1.0126313127e+01 7.8061024980e-03 8.1049147585e-03
4.0558353584e+01 3.9846064757e+01 3.4996407850e+01 9.8243792551e-01 3.4236761482e-02 1.5563644715e+02 9.8876760328e+01 -9.0263233034e-01 9.2466619332e+00 4.4117232140e-03 4.4805739611e-03
2.6090175460e+01 1.9652109370e+01 1.9672888593e+01 7.5323791517e-01 3.1094453152e-02 1.4102735710e+02 1.0175777517e+01 -8.3251770881e-01 8.6777067460e+00 1.4862907585e-02 1.7923889703e-02
8.2094711228e+01 6.2057660462e+01 6.2015748338e+01 7.5592762962e-01 2.2385000550e-02 1.0087571148e+02 1.5284180391e+02 -7.0306345914e-01 1.2281315595e+01 2.6394117682e-03 2.6657910770e-03
7.4711950733e+01 6.5597781547e+01 6.0918608934e+01 8.7800921945e-01 7.9929329623e-02 3.7526097395e+02 1.1543696880e+01 -6.2737450894e-01 1.1658233023e+01 6.7951739521e-03 7.9705049485e-03
3.0221620583e+01 2.3328212969e+01 2.3076391970e+01 7.7190476613e-01 3.4281313147e-02 1.5584404048e+02 1.3994047722e+01 -9.6342095525e-01 1.0503077620e+01 1.1914144708e-02 1.3517257750e-02
3.5945947908e+01 2.7297498686e+01 2.7218273308e+01 7.5940405733e-01 1.4105602223e-02 6.3173430680e+01 3.3142187401e+02 -8.6721010604e-01 9.3836689271e+00 3.3203813007e-03 3.3355350911e-03
5.6764693520e+01 4.5803182880e+01 4.4338612721e+01 8.0689562542e-01 4.1452631551e-02 1.8942860440e+02 1.4906060803e+02 9.7726449671e-01 8.0052432818e+00 3.2482253088e-03 3.2815284132e-03
3.1775243516e+01 2.9317372402e+01 2.6566271971e+01 9.2264823676e-01 3.8724577066e-02 1.7661311162e+02 1.8183787835e+01 9.9973102570e-01 1.0924591029e+01 9.8632427290e-03 1.0826280358e-02
3.1594036617e+01 2.3066833181e+01 2.3443397292e+01 7.3010085609e-01 1.3657507373e-02 6.1145981829e+01 1.6331805383e+02 7.6996268563e-01 1.0899693046e+01 4.7543160807e-03 4.7987320741e-03
5.9358463048e+01 4.3212801848e+01 4.3979663473e+01 7.2799731713e-01 8.2031499200e-02 3.8568283704e+02 5.5214783852e+00 8.3334096053e-01 1.1999547860e+01 1.0970277118e-02 1.7788474041e-02
5.0454878781e+01 3.4447622542e+01 3.6162076073e+01 6.8274116149e-01 2.8745650378e-02 1.3014977994e+02 1.5889763085e+01 3.4000431703e-01 1.0421318101e+01 8.6079721874e-03 9.5968772066e-03
6.4065621288e+01 4.5840376380e+01 4.7045669317e+01 7.1552223264e-01 1.1757134250e-01 5.6597286995e+02 2.7421734960e+00 -7.4636870017e-01 8.0377160403e+00 1.3401034551e-02 1.0000000000e+00
8.6089266829e+01 7.0595664457e+01 6.7800169151e+01 8.2002864071e-01 1.6653818478e-01 8.2662070483e+02 1.9771430292e+00 -9.3018386412e-01 1.0866760374e+01 1.1737493766e-02 1.0000000000e+00
3.8392744044e+01 2.1824542328e+01 2.5001861387e+01 5.6845487009e-01 2.0304933937e-02 9.1360653080e+01 1.5179818591e+02 -7.6331561115e-01 8.0122407746e+00 4.6747330843e-03 4.7217813559e-03
8.6152980887e+01 3.6945359194e+01 4.8266708302e+01 4.2883436897e-01 7.0589024371e-02 3.2928800357e+02 1.4942540190e+01 -8.1906807708e-01 1.1355261574e+01 7.1732759480e-03 8.0622710309e-03
5.3227559783e+01 2.7278570699e+01 3.2810217544e+01 5.1248959769e-01 7.6069479393e-02 3.5619669858e+02 5.8196213592e+00 8.0443013413e-01 8.2175167393e+00 1.2962218258e-02 2.0045734248e-02
2.7025283837e+01 2.5774701898e+01 2.2974791985e+01 9.5372548364e-01 1.0791009759e-02 4.8208102869e+01 2.9453398445e+02 -5.9209811397e-01 8.4569049513e+00 3.8663339612e-03 3.8862102365e-03
3.5481863261e+01 2.8281877080e+01 2.7541908558e+01 7.9707981715e-01 5.7785100672e-02 2.6715930368e+02 4.9087908545e+00 9.8782705952e-01 1.0454895569e+01 1.5579754905e-02 2.9325949951e-02
6.2426441262e+01 5.7588149376e+01 5.2188427421e+01 9.2249611242e-01 5.6519759490e-02 2.6107599034e+02 4.3214006927e+01 -6.4574663414e-01 8.8549309590e+00 4.6254516438e-03 4.7970350152e-03
5.6307716964e+01 5.5071781817e+01 4.8477160813e+01 9.7805034169e-01 4.3682077059e-02 1.9993771176e+02 1.3088531867e+01 7.7865493181e-02 8.2419332962e+00 7.6387230820e-03 8.7582979708e-03
3.5373002050e+01 3.3565589846e+01 2.9994887674e+01 9.4890418966e-01 3.5650060280e-02 1.6222819887e+02 5.8863878378e+00 7.8109660324e-01 1.4637356340e+01 1.3981853388e-02 2.1423797314e-02
4.0466779945e+01 2.7150342217e+01 2.8741738708e+01 6.7092914866e-01 3.8675214709e-02 1.7638167001e+02 8.9047668661e+00 9.6299343937e-01 1.3971447758e+01 1.2272747017e-02 1.5348585267e-02
3.8087707747e+01 2.1675468972e+01 2.4817913604e+01 5.6909355416e-01 2.4553347479e-02 1.1082517273e+02 5.7531076865e+01 8.5837565615e-01 1.0034061049e+01 6.7397672848e-03 6.9243832537e-03
3.1289178458e+01 1.9853763970e+01 2.1586640886e+01 6.3452493636e-01 3.0598872084e-02 1.3872924198e+02 4.3982478263e+00 6.9234453407e-01 9.4394153471e+00 1.9215166446e-02 4.7295139064e-02
3.4946656138e+01 3.3517535146e+01 2.9792978526e+01 9.5910564416e-01 3.6613023769e-02 1.6672703055e+02 1.2316404605e+01 -5.2669476352e-01 8.6595073668e+00 1.0639167526e-02 1.2327166839e-02
4.3959190247e+01 2.2242079334e+01 2.6912979337e+01 5.0597108840e-01 2.2695375216e-02 1.0229795366e+02 3.3877713512e+01 -5.1970300809e-01 9.3040053782e+00 7.8232176892e-03 8.2006436361e-03
3.2668787668e+01 3.2423394996e+01 2.8332776535e+01 9.9248846714e-01 3.3440539252e-02 1.5192855640e+02 6.6820899509e+00 -8.7291557251e-01 1.5423552127e+01 1.3834691527e-02 1.9482025034e-02
4.4428996811e+01 2.4612213739e+01 2.8540963592e+01 5.5396735252e-01 4.3667132770e-02 1.9986716039e+02 1.6355396997e+01 7.5083939635e-01 8.3950010210e+00 9.7842757776e-03 1.0869393955e-02
3.6203125688e+01 3.0699389525e+01 2.9002604172e+01 8.4797621591e-01 2.1160533900e-02 9.5271028869e+01 8.4984858403e+01 -9.6412840899e-01 1.3818505569e+01 5.2931082286e-03 5.3896730679e-03
4.2225768187e+01 4.1372305491e+01 3.6385899459e+01 9.7978810729e-01 5.7771087043e-02 2.6709187516e+02 4.9249708122e+01 -9.8433361654e-01 8.1137748268e+00 5.5136775696e-03 5.6916321027e-03
3.5083008252e+01 1.4729051602e+01 1.9431040874e+01 4.1983433964e-01 1.4223092662e-02 6.3705250241e+01 2.2142658217e+00 -5.0337401924e-01 9.0555613939e+00 2.6811191170e-02 1.0000000000e+00
2.9963111344e+01 1.1100796357e+01 1.5505028585e+01 3.7048209812e-01 1.7093695358e-02 7.6727709347e+01 2.9683254097e+01 -8.9046643783e-01 9.6179680899e+00 1.1643484474e-02 1.2292947203e-02
3.6570546849e+01 3.4493725558e+01 3.0916667276e+01 9.4321054864e-01 4.8718779682e-02 2.2379807332e+02 9.5437600286e+00 -9.4000808225e-01 1.1807592735e+01 1.1356476412e-02 1.3922324793e-02
3.9815670695e+01 3.9677144736e+01 3.4601194581e+01 9.9652081812e-01 2.6303849480e-02 1.1888006876e+02 1.4582359104e+02 -8.5658554445e-01 9.4554718639e+00 3.8592766827e-03 3.8997400370e-03
6.9668613251e+01 6.0242942034e+01 5.6368495956e+01 8.6470706425e-01 1.3534458605e-01 6.5897303248e+02 5.3729647622e+00 -9.8850264732e-01 1.2400906794e+01 9.2095393568e-03 1.5361933603e-02
5.6004811008e+01 3.2396015372e+01 3.6807718127e+01 5.7845057931e-01 5.5164413175e-02 2.5457130819e+02 3.0254635888e+01 8.6494092074e-01 8.8405335480e+00 6.5816816984e-03 6.9411527108e-03
6.6107197168e+01 6.5026292676e+01 5.7076839801e+01 9.8364921614e-01 8.1186253703e-02 3.8148909032e+02 2.2927917068e+00 3.7870317894e-01 8.9806535283e+00 1.2966081452e-02 1.0000000000e+00
3.9965589517e+01 3.7036634830e+01 3.3488060197e+01 9.2671308687e-01 5.8024251982e-02 2.6831020656e+02 1.4926173322e+01 -8.1393494717e-01 8.6004116092e+00 9.0849816385e-03 1.0212432569e-02
2.4977036589e+01 2.1685557338e+01 2.0250377502e+01 8.6821978504e-01 2.4162539390e-02 1.0902964734e+02 3.5518234515e+00 -9.4692344410e-01 1.2891607756e+01 2.1752051492e-02 1.0000000000e+00
2.9290628826e+01 2.9156960366e+01 2.5440711010e+01 9.9543647693e-01 1.0771375720e-02 4.8119675336e+01 4.1754606278e+02 8.4637995021e-01 9.9318831013e+00 3.1826782311e-03 3.1941876197e-03
6.5981319538e+01 5.3369119663e+01 5.1601439500e+01 8.0885196048e-01 4.0364004244e-02 1.8430878882e+02 1.6329000120e+02 9.6551421474e-01 8.1409070371e+00 2.8569749780e-03 2.8836702072e-03
2.9689150388e+01 2.8156651602e+01 2.5168242900e+01 9.4838185782e-01 2.9406745506e-02 1.3320771512e+02 2.3146814499e+01 8.9709912720e-01 1.1312495521e+01 9.3720930061e-03 1.0063165213e-02
2.7429727236e+01 1.6856493645e+01 1.8609706068e+01 6.1453376841e-01 1.7678454384e-02 7.9387213860e+01 6.9851225936e+01 -8.0097564791e-01 8.6904068591e+00 7.5337581130e-03 7.7022123016e-03
7.3973233722e+01 6.8403679577e+01 6.1916233049e+01 9.2470852139e-01 9.4358234345e-02 4.4734411640e+02 1.5949694706e+01 -6.4276483492e-01 9.2917263048e+00 5.9093005617e-03 6.5850551508e-03
5.3275997539e+01 3.3737940350e+01 3.6717434520e+01 6.3326717300e-01 2.1350559025e-02 9.6140167278e+01 8.3443091222e+01 -5.7343387038e-01 1.1405378286e+01 4.5985389972e-03 4.6840359270e-03
7.9302779408e+01 7.0981299159e+01 6.5294532543e+01 8.9506697860e-01 1.7003290219e-01 8.4574659941e+02 8.9156424970e+00 -9.5525277178e-01 9.7716001665e+00 6.8185447266e-03 8.5242529181e-03
4.1438276002e+01 3.9133930299e+01 3.5053875214e+01 9.4439088866e-01 3.8644189176e-02 1.7623621103e+02 3.7557230107e+00 4.8640361424e-01 1.2219551355e+01 1.4985073927e-02 1.0000000000e+00
4.3357213784e+01 1.6735952673e+01 2.2943626556e+01 3.8600157188e-01 1.2507028060e-02 5.5946690856e+01 8.9871886647e+01 5.8298317295e-01 1.1396749859e+01 6.0328736007e-03 6.1367586928e-03
6.8568617886e+01 3.5461249166e+01 4.2471348140e+01 5.1716441514e-01 1.1023558796e-01 5.2813344512e+02 4.0778851894e+00 -7.3743569584e-01 8.4293467129e+00 1.2361270945e-02 5.4535671950e-02
3.6270006812e+01 3.4800895484e+01 3.0927475247e+01 9.5949514607e-01 5.2526340299e-02 2.4194417969e+02 6.1854440577e+00 7.3345202295e-01 9.8111743108e+00 1.3328944542e-02 1.9689398868e-02
6.2866184301e+01 5.9501365992e+01 5.3239402074e+01 9.4647649850e-01 6.4135653195e-02 2.9784445652e+02 1.4871550960e+01 4.5813951099e-01 9.1353486879e+00 6.7845069539e-03 7.6303169133e-03
2.7493830451e+01 2.2138814509e+01 2.1452617189e+01 8.0522845113e-01 1.3695003120e-02 6.1315583410e+01 5.9944339629e+01 4.2221286876e-01 8.7886266938e+00 7.3180931373e-03 7.5100865681e-03
4.1764060147e+01 3.7217872550e+01 3.4310496507e+01 8.9114593789e-01 2.0641566293e-02 9.2898593757e+01 1.8229254508e+02 -9.7693950554e-01 1.2030877889e+01 3.5805087845e-03 3.6104234395e-03
6.0803598454e+01 5.5284398067e+01 5.0461674442e+01 9.0922905013e-01 1.5072291790e-01 7.4092759936e+02 5.2930361443e+00 9.5186651918e-01 9.3937134446e+00 9.8417801224e-03 1.6695867181e-02
2.7781559069e+01 1.6552298676e+01 1.8544787124e+01 5.9580164795e-01 1.2349117410e-02 5.5233747904e+01 7.6981111287e+01 -5.3666440252e-01 8.8029291539e+00 7.3039295625e-03 7.4515516373e-03
4.9130481207e+01 3.9317621068e+01 3.8214241734e+01 8.0026940714e-01 5.8809378708e-02 2.7209115026e+02 5.7093771353e+01 -9.9213065870e-01 8.0636704743e+00 5.0558953656e-03 5.1955019363e-03
3.8755768357e+01 2.1553136228e+01 2.4947774346e+01 5.5612718162e-01 3.5186284108e-02 1.6006366437e+02 4.4063868082e+01 -9.1961796934e-01 8.1302813417e+00 7.3766353155e-03 7.6446387303e-03
6.7185463143e+01 5.5532125913e+01 5.3126402237e+01 8.2654972244e-01 1.2064276143e-01 5.8191115447e+02 1.2770424827e+01 9.4784711081e-01 9.2098207696e+00 6.9639836196e-03 8.0177407391e-03
8.4935707469e+01 8.0076427321e+01 7.1788325228e+01 9.4278872463e-01 1.7537814067e-01 8.7513187640e+02 1.1791401861e+01 -8.7612366908e-01 8.9012599567e+00 5.7701759751e-03 6.7401606303e-03
3.2373370837e+01 2.0330303292e+01 2.2214210833e+01 6.2799463776e-01 1.2806054293e-02 5.7297208001e+01 1.0011347176e+02 5.0826971651e-01 9.4468870575e+00 5.9106849433e-03 6.0017569949e-03
6.9126512037e+01 6.2188187472e+01 5.7062245380e+01 8.9962860325e-01 4.3292263140e-02 1.9809788998e+02 1.0521969458e+02 -8.3106939230e-01 9.5723633020e+00 3.1580032807e-03 3.2042366400e-03
4.0884644056e+01 2.8372051108e+01 2.9551410858e+01 6.9395372673e-01 2.7409635306e-02 1.2397875721e+02 3.5370044019e+01 6.1114532923e-01 9.6052428770e+00 7.2398777667e-03 7.5731474208e-03
7.7092019692e+01 7.6917377826e+01 6.7036432161e+01 9.9773463107e-01 1.1204710578e-01 5.3744773328e+02 3.1604251558e+01 9.5971470105e-01 9.4014707689e+00 4.3076943356e-03 4.5319327241e-03
3.5679310966e+01 3.5475196389e+01 3.0971645310e+01 9.9427918950e-01 6.2631529717e-02 2.9055355381e+02 7.8465353622e+00 -9.9299061532e-01 1.0305185775e+01 1.2108062597e-02 1.5818952980e-02
3.9869357344e+01 2.3672997288e+01 2.6565795757e+01 5.9376420551e-01 1.1483785566e-02 5.1329876500e+01 5.3978073927e+01 5.7353205271e-01 1.6955095912e+01 6.6686531184e-03 6.8640008429e-03
3.6771700434e+01 2.5713362240e+01 2.6683838711e+01 6.9927041547e-01 2.5576828166e-02 1.1553223524e+02 1.6878211964e+01 7.3283793446e-01 1.2640583966e+01 1.0195605256e-02 1.1284039245e-02
3.1704471707e+01 3.0799905364e+01 2.7203191296e+01 9.7146880886e-01 1.0425580062e-02 4.6562710134e+01 2.3745779240e+02 9.1474670064e-01 1.6196438512e+01 3.7724475981e-03 3.7965575294e-03
8.1428877506e+01 5.9864440948e+01 6.0637893022e+01 7.3517458157e-01 1.0662409501e-01 5.0962302084e+02 3.2437362270e+01 -9.3347344450e-01 8.5967714983e+00 4.5557882321e-03 4.7862690859e-03
3.5617910274e+01 3.2495176926e+01 2.9610537565e+01 9.1232687925e-01 1.6663811253e-02 7.4774037494e+01 2.7212319664e+02 9.4007053315e-01 1.0228406422e+01 3.3864437876e-03 3.4053014384e-03
6.5411148031e+01 6.4020323095e+01 5.6334416763e+01 9.7873718812e-01 6.8724170378e-02 3.2017467192e+02 2.8874958771e+00 3.0965347324e-01 1.0370417521e+01 1.2076764068e-02 1.0000000000e+00
2.5651950217e+01 1.5182062632e+01 1.7063428149e+01 5.9184828067e-01 1.2429531325e-02 5.5596783781e+01 1.0171224143e+02 7.9157565518e-01 9.9172127930e+00 6.9304486620e-03 7.0355077253e-03
3.5987107528e+01 3.5223024963e+01 3.0993869243e+01 9.7876788057e-01 4.4266313681e-02 2.0269700289e+02 1.0074002339e+01 6.0615919152e-01 8.8069802687e+00 1.1140779009e-02 1.3468313575e-02
4.2943949661e+01 4.1514172828e+01 3.6756211334e+01 9.6670597734e-01 1.8350977153e-02 8.2448691897e+01 1.6247073114e+02 9.2740821933e-01 1.4442161726e+01 3.5860176865e-03 3.6196968901e-03
1.6805009732e+01 1.6388026122e+01 1.4446739923e+01 9.7518694627e-01 1.5011267784e-02 6.7275308882e+01 2.9168973211e+01 9.0812241877e-01 1.0182615709e+01 1.2265206548e-02 1.2962707827e-02
7.2447654906e+01 3.7976784235e+01 4.5197297865e+01 5.2419618391e-01 2.6639537502e-02 1.2042704511e+02 3.9885377014e+01 -4.6158166798e-01 1.3066927377e+01 5.3092609258e-03 5.5238915054e-03
4.5098899555e+01 3.5517197012e+01 3.4791922269e+01 7.8754021412e-01 1.7580176194e-02 7.8940081661e+01 1.3645257293e+01 -9.4157154641e-01 3.4262998076e+01 9.4004399776e-03 1.0706527768e-02
3.2497032240e+01 2.9400702875e+01 2.6902082301e+01 9.0471962665e-01 3.2905436413e-02 1.4943899570e+02 1.8846558174e+01 -5.8366810894e-01 8.1171556870e+00 9.6895740679e-03 1.0596368092e-02
1.3127040752e+01 1.0436336460e+01 1.0176101641e+01 7.9502582933e-01 1.2836963426e-02 5.7436839710e+01 1.8136020140e+01 -9.4429089462e-01 8.2548732329e+00 1.8271192166e-02 2.0060763044e-02
4.1884791410e+01 3.3607057891e+01 3.2622113753e+01 8.0236899265e-01 4.2951714141e-02 1.9649139235e+02 7.4217741123e+01 9.6821016510e-01 8.2166351517e+00 5.1064626059e-03 5.2136633514e-03
7.1283214804e+01 6.3735487656e+01 5.8660041846e+01 8.9411634747e-01 9.3286361510e-02 4.4194528127e+02 1.1258875339e+01 8.7152177867e-01 1.2770437174e+01 6.9692722013e-03 8.2162199030e-03
4.1374189827e+01 3.0454090763e+01 3.0829465135e+01 7.3606494508e-01 3.4441781355e-02 1.5659186727e+02 1.0081975003e+01 4.9729623339e-01 9.7561396891e+00 1.1240771240e-02 1.3586543361e-02
4.3252493141e+01 2.1301307859e+01 2.6101537210e+01 4.9248739929e-01 1.8823165322e-02 8.4600002989e+01 6.3327896820e+01 8.8543434243e-01 1.3891911312e+01 6.3218550430e-03 6.4784420077e-03
2.8057111867e+01 2.5682186224e+01 2.3363966495e+01 9.1535388054e-01 1.7400405255e-02 7.8122352075e+01 9.9888929344e+01 -9.5154352307e-01 1.2301879540e+01 5.7158086720e-03 5.8040816894e-03
3.4420626775e+01 2.5473667397e+01 2.5719887150e+01 7.4006982974e-01 2.7681217799e-02 1.2523223694e+02 2.5569576618e+01 7.3153145916e-01 1.0033602158e+01 8.9165067534e-03 9.5038694397e-03
7.7855873618e+01 7.5470098547e+01 6.6729310009e+01 9.6935651788e-01 7.0077318422e-02 3.2678517627e+02 4.8007991500e+01 9.4512226447e-01 1.1948307650e+01 3.7830823584e-03 3.9085353290e-03
4.5686935578e+01 4.3678640599e+01 3.8886838238e+01 9.5604224809e-01 2.7641574180e-02 1.2504923283e+02 1.9813617065e+01 8.6511776934e-01 2.1039040575e+01 7.5775994356e-03 8.2462471929e-03
4.7937738825e+01 3.5953028288e+01 3.6066581432e+01 7.4999424606e-01 2.5807350193e-02 1.1659337920e+02 5.7880503311e+01 7.7575656048e-01 1.3485241171e+01 5.3194213185e-03 5.4642068966e-03
8.3003702231e+01 5.7499601082e+01 5.9940459827e+01 6.9273537850e-01 7.9212121524e-02 3.7171157560e+02 2.0399875156e+01 -9.4276066199e-01 1.3614152639e+01 5.5468142658e-03 6.0198925107e-03
4.3981151898e+01 3.1769075292e+01 3.2455321547e+01 7.2233386169e-01 8.8803624191e-02 4.1944283382e+02 4.7780529083e+00 -9.4078409523e-01 8.4936473236e+00 1.3949365823e-02 2.7551493625e-02
8.0538005509e+01 4.7946218691e+01 5.3738207757e+01 5.9532413781e-01 3.6908032141e-02 1.6810648126e+02 5.9602119103e+01 8.2739009122e-01 1.4857515066e+01 4.0731740639e-03 4.1806792962e-03
2.8788132692e+01 2.2874261585e+01 2.2310096128e+01 7.9457260495e-01 1.8293011442e-02 8.2184699881e+01 9.8204747673e+01 -7.0481570157e-01 8.5165578817e+00 5.9174852420e-03 6.0104857042e-03
8.4856189543e+01 7.4096018459e+01 6.8997558863e+01 8.7319521249e-01 1.4542460905e-01 7.1253778511e+02 5.8914503453e+00 4.7898838365e-01 8.1120424729e+00 7.7976235173e-03 1.1939812087e-02
4.0188538264e+01 3.5663446555e+01 3.2945941523e+01 8.8740342633e-01 2.5294608390e-02 1.1423359366e+02 1.6979615380e+02 -8.9894955008e-01 9.1326337036e+00 3.7608947249e-03 3.7946672637e-03
3.0234071965e+01 2.0876126403e+01 2.1796482988e+01 6.9048345284e-01 2.0275102122e-02 9.1224399624e+01 7.9911989986e+01 -8.8386720478e-01 9.7058424868e+00 6.4789024896e-03 6.6048739256e-03
3.0053493344e+01 2.5967209961e+01 2.4306500633e+01 8.6403299822e-01 1.7731907470e-02 7.9630434204e+01 2.3753020923e+01 4.9857550117e-01 1.1122465094e+01 9.5538579662e-03 1.0237897528e-02
4.6832117776e+01 2.4799604179e+01 2.9374605965e+01 5.2954265911e-01 2.1031118211e-02 9.4679243768e+01 6.3863198500e+01 5.8213879718e-01 1.0070965514e+01 5.8454755836e-03 5.9889940471e-03
5.4388412507e+01 3.9293256638e+01 4.0138738627e+01 7.2245639884e-01 6.3949378933e-02 2.9694075595e+02 3.2229434298e+01 8.6505084143e-01 8.3318778943e+00 6.0572159642e-03 6.3658221145e-03
3.2132597354e+01 2.8290501476e+01 2.6236825558e+01 8.8042996227e-01 5.1757794895e-02 2.3827393291e+02 4.7425382178e+00 -9.8363157292e-01 1.0782568828e+01 1.6326751635e-02 3.2725349751e-02
8.2464922521e+01 7.9470920634e+01 7.0472211809e+01 9.6369363123e-01 5.0336348581e-02 2.3149570668e+02 5.7966823134e+01 -7.7151815472e-01 1.2910227853e+01 3.4465691372e-03 3.5402321124e-03
3.5349147296e+01 2.5137129535e+01 2.5875300644e+01 7.1110992649e-01 1.3838753223e-02 6.1965884312e+01 4.5823817997e+01 7.0743976663e-01 1.6768585988e+01 7.1982608997e-03 7.4490850316e-03
2.8388581010e+01 2.6624846706e+01 2.3931214506e+01 9.3787169907e-01 1.1416642455e-02 5.1027176293e+01 3.5040890788e+02 9.2967089984e-01 1.1000863524e+01 3.5299682107e-03 3.5451986629e-03
4.1248732484e+01 3.8145211423e+01 3.4526527805e+01 9.2476081387e-01 1.0954140122e-02 4.8942907548e+01 1.8973982511e+02 6.4777395407e-01 1.5482956307e+01 3.5343420823e-03 3.5626948880e-03
5.7050295368e+01 4.5774932527e+01 4.4433592714e+01 8.0236100850e-01 6.7439362039e-02 3.1390869946e+02 6.1733631088e+00 5.6301269502e-01 1.0315603977e+01 1.0542434405e-02 1.5594159853e-02
3.3306446349e+01 1.3790265372e+01 1.8308907716e+01 4.1404193131e-01 1.8340231374e-02 8.2399750932e+01 8.9956145896e+01 -9.2798455287e-01 8.7948158482e+00 6.9192989067e-03 7.0383329398e-03
4.3429357485e+01 4.2216814822e+01 3.7275178256e+01 9.7208011509e-01 1.0991011789e-02 4.9109017130e+01 8.7543970934e+00 -8.3119164385e-01 5.9924695529e+01 1.0677793373e-02 1.3424729970e-02
3.8267598423e+01 3.8063004953e+01 3.3224681664e+01 9.9465361094e-01 4.1656784350e-02 1.9038959298e+02 2.8074778831e+01 -6.7882796922e-01 8.5021393353e+00 7.2746347371e-03 7.7062652996e-03
1.9487439903e+01 1.7035994139e+01 1.5854736976e+01 8.7420380632e-01 1.3057115219e-02 5.8431558683e+01 1.1648242150e+02 9.1803892462e-01 9.5349331247e+00 6.8937017258e-03 6.9846297356e-03
6.8880239511e+01 4.4891099058e+01 4.8188827400e+01 6.5172681421e-01 9.5575780709e-02 4.5348520399e+02 1.2166492963e+01 7.6577205380e-01 8.4852163246e+00 7.6447929237e-03 8.8774739684e-03
6.8973184565e+01 6.7834868302e+01 5.9546690109e+01 9.8349624901e-01 2.6814412555e-02 1.2123322992e+02 1.7755822171e+02 6.3040369362e-01 8.0823040571e+00 2.5524042499e-03 2.5743068200e-03
3.2055896603e+01 2.3856322320e+01 2.4021797847e+01 7.4421010947e-01 4.6124237791e-02 2.1148647955e+02 1.1307877647e+01 -9.2451015416e-01 8.3755642344e+00 1.2496397967e-02 1.4719092514e-02
4.5421341341e+01 3.0182660327e+01 3.2099740853e+01 6.6450394101e-01 1.8825200144e-02 8.4609276952e+01 3.0448699689e+02 -8.7463522018e-01 8.2037998810e+00 3.0828806258e-03 3.0982064859e-03
8.1460579118e+01 7.2470240050e+01 6.6865054013e+01 8.8963570889e-01 2.3904363222e-01 1.2370347560e+03 4.2191245560e+00 9.9569310910e-01 1.0500560575e+01 8.5809177282e-03 2.6015547773e-02
6.3250812914e+01 5.6421360056e+01 5.1988485023e+01 8.9202584847e-01 1.8791047917e-01 9.4464776828e+02 4.0939970858e+00 9.1162253125e-01 8.4675389833e+00 1.0427582208e-02 4.2935947358e-02
3.9453954559e+01 2.6580952191e+01 2.8082898535e+01 6.7372085989e-01 3.1707531779e-02 1.4387256744e+02 7.5373530173e+01 -9.6718404522e-01 9.3184261261e+00 5.6132526426e-03 5.7292163011e-03
6.8670520919e+01 6.0544714280e+01 5.6110637253e+01 8.8166965199e-01 8.9176531568e-02 4.2131004795e+02 3.9022872684e+01 9.9432900976e-01 9.3181184257e+00 4.5064686748e-03 4.6929849170e-03
3.6039544661e+01 3.4341127975e+01 3.0624261753e+01 9.5287352539e-01 5.5692195445e-02 2.5710288534e+02 5.6341381138e+00 -8.8720400293e-01 1.1090291876e+01 1.3863043875e-02 2.2051372285e-02
4.5857754473e+01 3.3038997281e+01 3.3794961895e+01 7.2046696705e-01 5.4603507734e-02 2.5188280464e+02 1.9390765798e+01 8.0866458546e-01 8.5561010230e+00 8.2055821876e-03 8.9481843750e-03
2.4862431218e+01 2.2922641984e+01 2.0779089254e+01 9.2197910101e-01 1.3807449861e-02 6.1824261455e+01 2.7384091564e+02 8.2755776686e-01 8.2412428069e+00 4.2229906939e-03 4.2463577054e-03
8.0016456507e+01 7.6315755868e+01 6.8024666331e+01 9.5375075578e-01 2.3195849606e-01 1.1957009003e+03 5.9397643945e+00 -9.8461371345e-01 9.2804601505e+00 7.4940782806e-03 1.1401862872e-02
7.3084232716e+01 3.6869172813e+01 4.4673555068e+01 5.0447506176e-01 7.6546698077e-02 3.5854870804e+02 1.7984990776e+01 -8.3938666077e-01 9.2352062036e+00 6.9988597920e-03 7.6912212833e-03
6.2011162147e+01 5.4095660220e+01 5.0397364954e+01 8.7235359484e-01 7.3273835449e-02 3.4244674685e+02 4.2663934841e+01 -9.9374869690e-01 9.7532198360e+00 4.7038007852e-03 4.8806986271e-03
3.5610448356e+01 1.4875283351e+01 1.9669434874e+01 4.1772243929e-01 1.0104513784e-02 4.5117810485e+01 3.0912232955e+02 -9.2593255529e-01 1.1251306240e+01 4.1857470524e-03 4.2062407342e-03
3.1349607372e+01 3.1308705250e+01 2.7273607701e+01 9.9869529078e-01 5.7385469578e-02 2.6523691458e+02 8.2606591279e+00 9.9850122495e-01 9.3587084488e+00 1.2898977203e-02 1.6534154521e-02
6.1038243952e+01 5.4801426886e+01 5.0334397597e+01 8.9782115830e-01 3.8706884133e-02 1.7653015426e+02 4.1247604440e+01 -3.1954503565e-01 8.3841625129e+00 4.8660048854e-03 5.0557452759e-03
3.3044231713e+01 1.9303450913e+01 2.1830258406e+01 5.8417006275e-01 5.2434085478e-02 2.4150340958e+02 5.6059566665e+00 -9.9914194727e-01 8.0225211707e+00 1.7194655469e-02 2.7478115579e-02
3.9831615192e+01 3.4169732362e+01 3.2097689476e+01 8.5785455090e-01 3.7206799679e-02 1.6950408901e+02 2.6631080940e+01 7.7507978384e-01 1.0316616328e+01 7.6021772455e-03 8.0806128958e-03
2.2988597095e+01 1.6553344939e+01 1.6936643308e+01 7.2006764357e-01 1.4544537015e-02 6.5160738103e+01 1.8025526705e+02 -9.7683515054e-01 8.6514691694e+00 5.6108185022e-03 5.6582341800e-03
4.1474792062e+01 3.9300089276e+01 3.5144015906e+01 9.4756567356e-01 1.6057493495e-02 7.2020635429e+01 1.2997082791e+02 7.6455548695e-01 1.5000146041e+01 4.0155726930e-03 4.0629217248e-03
3.7904522134e+01 2.9742684153e+01 2.9187220420e+01 7.8467376659e-01 1.1050053869e-02 4.9375025100e+01 1.0245838184e+01 3.5636538402e-01 2.3221147741e+01 1.1728353885e-02 1.4120362569e-02
5.3205839225e+01 2.9269121950e+01 3.4053124893e+01 5.5011108511e-01 5.9212612106e-02 2.7403453249e+02 1.3109491755e+01 -8.7961948826e-01 9.5777210071e+00 9.4322103152e-03 1.0811796586e-02
3.6310736071e+01 2.6736153418e+01 2.7061237540e+01 7.3631537973e-01 3.9878254071e-02 1.8202679215e+02 1.0044411619e+01 -9.4304115947e-01 1.1888080389e+01 1.2172161648e-02 1.4725892896e-02
8.3970469842e+01 8.1369222222e+01 7.1957592376e+01 9.6902187609e-01 1.3962979779e-01 6.8167254423e+02 5.8040519755e+00 -6.0980951827e-01 1.0533548099e+01 7.6625133755e-03 1.1876188670e-02
2.2484638197e+01 1.7024831876e+01 1.6999689944e+01 7.5717615409e-01 2.7605283363e-02 1.2488171512e+02 1.7270891569e+01 -9.9119645842e-01 8.4474086341e+00 1.3381679634e-02 1.4771211775e-02
2.7687177698e+01 1.4616434064e+01 1.7337903537e+01 5.2791347041e-01 2.0455299062e-02 9.2047518969e+01 2.5365026552e+01 9.4818953038e-01 1.0267694399e+01 1.1493793567e-02 1.2257808986e-02
4.5890199337e+01 4.5312908670e+01 3.9697504195e+01 9.8742017522e-01 3.6073077036e-02 1.6420372788e+02 2.4167616027e+01 -8.7676574479e-01 1.5890053560e+01 6.9081549233e-03 7.3931460658e-03
5.9848523510e+01 5.8793184580e+01 5.1639351197e+01 9.8236650014e-01 3.0986594754e-02 1.4052705722e+02 7.7421653910e+01 7.5145106379e-01 1.3776238879e+01 3.7992791478e-03 3.8756143881e-03
6.2506358398e+01 4.1805526007e+01 4.4322880374e+01 6.6882037409e-01 3.0031771920e-02 1.3610145950e+02 7.6623579936e+01 5.5039819848e-01 9.8292051175e+00 4.1986599788e-03 4.2839313240e-03
4.3801453997e+01 2.0886140175e+01 2.5980280129e+01 4.7683668621e-01 3.7612882809e-02 1.7140464379e+02 2.1519533793e+01 9.0612089735e-01 9.5130918281e+00 9.3958036106e-03 1.0149047804e-02
6.7847959058e+01 6.6681257528e+01 5.8554600080e+01 9.8280417648e-01 1.6749445504e-01 8.3184738704e+02 8.3815659575e+00 9.6008574483e-01 8.8715295606e+00 7.4802119178e-03 9.5400320072e-03
2.9950060038e+01 2.3871183639e+01 2.3247285266e+01 7.9703291442e-01 2.1351162625e-02 9.6142928409e+01 1.6215312600e+01 5.7435852832e-01 1.0529633783e+01 1.1310496330e-02 1.2578082550e-02
2.8571282649e+01 2.1467072123e+01 2.1515969867e+01 7.5135136166e-01 1.8409906627e-02 8.2717096131e+01 1.9119985838e+01 -7.1870416912e-01 1.2590379629e+01 1.1179842659e-02 1.2208484599e-02
3.8260007343e+01 3.3893031093e+01 3.1337355946e+01 8.8586054857e-01 1.7446647766e-02 7.8332676201e+01 1.1843575272e+02 6.5071359521e-01 1.1333210118e+01 4.4630416154e-03 4.5209150513e-03
8.2390293576e+01 7.6065380234e+01 6.8905881927e+01 9.2323229998e-01 1.6139242145e-01 7.9858373290e+02 1.4568599639e+01 -9.8399011103e-01 9.5073831753e+00 5.5095612140e-03 6.2142990446e-03
3.6236945431e+01 2.3179131775e+01 2.5105475585e+01 6.3965468113e-01 3.7782694650e-02 1.7219971818e+02 1.2275499125e+01 8.8792782271e-01 1.0192263008e+01 1.1847023770e-02 1.3734919577e-02
2.6260103062e+01 2.3759902960e+01 2.1739818069e+01 9.0479092577e-01 2.5282165985e-02 1.1417635174e+02 1.6306136493e+01 9.4729180534e-01 1.2422986837e+01 1.1741593009e-02 1.3048573231e-02
3.9382623167e+01 1.4359314312e+01 2.0202277914e+01 3.6461040828e-01 2.2215518594e-02 1.0009935748e+02 6.0989686419e+01 8.3103032143e-01 8.2205728954e+00 7.5094881434e-03 7.7029643134e-03
3.0713054873e+01 3.0683139900e+01 2.6724242165e+01 9.9902598509e-01 2.9564382005e-02 1.3393729730e+02 6.1288694863e+01 -8.9525468653e-01 9.3231073491e+00 6.2651112248e-03 6.4257019486e-03
4.7691675779e+01 2.9135108012e+01 3.2256184807e+01 6.1090552044e-01 1.4401707018e-02 6.4513923860e+01 2.1371247379e+02 8.8069226479e-01 1.3626437209e+01 3.5194126033e-03 3.5444372167e-03
6.9950740062e+01 5.8480382704e+01 5.5634918467e+01 8.3602235878e-01 1.2196293375e-01 5.8877901922e+02 1.3719880660e+01 -7.9652811108e-01 8.0248705726e+00 6.5816629714e-03 7.4897817885e-03
3.0468041285e+01 2.0296963408e+01 2.1560184668e+01 6.6617224317e-01 4.7233104974e-02 2.1674294839e+02 4.3652281949e+00 -9.7455377323e-01 8.4097467781e+00 1.9092299424e-02 4.8406003996e-02
6.4165809900e+01 3.5849064798e+01 4.1405304945e+01 5.5869418392e-01 6.3427981454e-02 2.9441238986e+02 3.3927218099e+00 -4.3850589824e-01 8.8379256144e+00 1.3823327731e-02 1.0000000000e+00
4.9551573298e+01 4.6138071854e+01 4.1619527434e+01 9.3111214809e-01 5.5249693832e-02 2.5498024741e+02 4.8031537966e+01 9.0869009487e-01 9.1919013300e+00 5.1249610718e-03 5.2948243827e-03
7.2240402127e+01 7.0448013290e+01 6.2102859838e+01 9.7518855399e-01 4.2018211458e-02 1.9209156751e+02 3.6767637505e+01 -6.6174759520e-01 1.5420371182e+01 4.4463564711e-03 4.6426078438e-03
4.3446751457e+01 4.1340544460e+01 3.6892148149e+01 9.5152210632e-01 4.2057877993e-02 1.9227841045e+02 2.4835953883e+01 -9.2152176199e-01 1.2988850128e+01 7.1326236699e-03 7.6181515320e-03
2.5168337249e+01 2.2766795344e+01 2.0833539981e+01 9.0458082786e-01 2.3903694402e-02 1.0784096910e+02 8.5482317471e+00 -8.1214819836e-01 1.2332051572e+01 1.5375465474e-02 1.9480087835e-02
3.6532464410e+01 2.8519559561e+01 2.8056979046e+01 7.8066344609e-01 3.8933273776e-02 1.7759178784e+02 7.3648800752e+00 -5.7182926524e-01 9.0474541411e+00 1.3376446629e-02 1.7943794812e-02
3.6972064978e+01 3.2269570789e+01 3.0055688025e+01 8.7280953358e-01 2.5330354335e-02 1.1439805041e+02 1.3201939755e+02 -8.7087762963e-01 9.2018742630e+00 4.3771107224e-03 4.4279047531e-03
3.0896438585e+01 1.5994801273e+01 1.9147585558e+01 5.1769077620e-01 1.0566178560e-02 4.7195666093e+01 1.2488276715e+02 7.2082031661e-01 1.1641583797e+01 5.9780296435e-03 6.0514557141e-03
4.1644169985e+01 3.8676089418e+01 3.4932771187e+01 9.2872758496e-01 2.1331074680e-02 9.6051038587e+01 1.0279174269e+01 -1.2676292315e-01 1.2051017725e+01 1.0403672357e-02 1.2515769354e-02
7.6724572047e+01 5.4748152033e+01 5.6262008407e+01 7.1356738229e-01 6.4053691890e-02 2.9744679814e+02 3.6415714433e+01 6.5408954377e-01 9.1542156696e+00 4.6849040008e-03 4.8938500697e-03
7.7387273890e+01 3.2656867645e+01 4.2980657926e+01 4.2199273865e-01 1.8366649945e-02 8.2520074012e+01 9.4344459240e+01 -7.4246872206e-01 1.7813636040e+01 3.9871844415e-03 4.0524895607e-03
5.8826953739e+01 4.0835294077e+01 4.2526642149e+01 6.9415958981e-01 2.9338550498e-02 1.3289214184e+02 2.6803108666e+01 -1.3700969419e-01 8.7010568492e+00 6.3913002980e-03 6.7906428546e-03
3.5993089900e+01 2.3003491548e+01 2.4925413116e+01 6.3910855145e-01 3.1613959592e-02 1.4343815257e+02 2.1394767784e+01 7.2656882412e-01 8.7903437543e+00 9.6985244947e-03 1.0481272690e-02
4.1377099333e+01 3.5883496468e+01 3.3527507390e+01 8.6723083653e-01 6.2037850744e-02 2.8767977590e+02 1.3211510401e+01 8.7859691881e-01 8.9441271408e+00 9.4809155369e-03 1.0853839286e-02
6.3227278933e+01 6.1609630407e+01 5.4332946238e+01 9.7441533854e-01 1.6949643770e-01 8.4280619691e+02 2.8805476260e+00 8.9072403369e-01 8.5591164316e+00 1.1687018895e-02 1.0000000000e+00
4.1448752116e+01 3.6331573048e+01 3.3767852819e+01 8.7654202341e-01 3.5533173842e-02 1.6168253428e+02 6.4867533001e+01 8.5009790669e-01 9.5317728777e+00 5.2798102024e-03 5.4073432831e-03
5.5416458556e+01 5.2232730804e+01 4.6832435906e+01 9.4254905791e-01 6.0122552658e-02 2.7842379212e+02 1.6729519826e+01 -9.8648297522e-01 1.4738111177e+01 7.0497737024e-03 7.8104664581e-03
3.7493068533e+01 3.2821856170e+01 3.0525231834e+01 8.7541130812e-01 1.5535305225e-02 6.9651250616e+01 2.5547629774e+02 -9.9736306835e-01 1.2332434677e+01 3.4046150488e-03 3.4248227358e-03
4.7519134311e+01 4.7442782899e+01 4.1334559227e+01 9.9839324910e-01 8.5015460292e-02 4.0052338104e+02 2.1429504645e+01 9.4719369600e-01 8.0754583080e+00 6.8461737995e-03 7.3976806272e-03
3.1878647828e+01 2.4469257313e+01 2.4271513191e+01 7.6757513193e-01 4.1086730027e-02 1.8770690947e+02 2.1800387914e+01 9.9739756514e-01 8.7456396099e+00 9.7360278503e-03 1.0504970582e-02
2.4486755801e+01 2.3548633486e+01 2.0903832336e+01 9.6168858288e-01 1.4513434709e-02 6.5019877801e+01 2.9661905727e+01 -9.4831868628e-01 1.7765040218e+01 9.6781818185e-03 1.0218451338e-02
4.0346398830e+01 3.9379978828e+01 3.4699861938e+01 9.7604693281e-01 1.8193748808e-02 8.1732682191e+01 3.0352242276e+02 8.4311638707e-01 8.5064184050e+00 2.9410360110e-03 2.9557036116e-03
7.0742517213e+01 7.0737911012e+01 6.1582933204e+01 9.9993488780e-01 1.9701310645e-01 9.9567812626e+02 3.1756521119e+00 -8.1988176882e-01 8.6356685494e+00 1.0268543574e-02 1.0000000000e+00
2.9795235403e+01 2.7481276987e+01 2.4906627477e+01 9.2233797167e-01 1.7429259344e-02 7.8253587023e+01 1.2705013014e+01 1.2838258876e-01 8.9162775193e+00 1.1899894403e-02 1.3712613686e-02
6.4729077401e+01 5.9063758053e+01 5.3816220476e+01 9.1247643909e-01 6.5939470417e-02 3.0660694642e+02 3.4338646875e+01 -9.7599612759e-01 1.2383817822e+01 4.9186788238e-03 5.1525068667e-03
3.6805552483e+01 2.2485913497e+01 2.4894068970e+01 6.1093807809e-01 3.7026070737e-02 1.6865858558e+02 2.8249916137e+01 9.4267040319e-01 8.8699875475e+00 8.7168752355e-03 9.2305148577e-03
2.8198594904e+01 2.2644031179e+01 2.1971673300e+01 8.0301984038e-01 3.4520141572e-02 1.5695710912e+02 6.3463699098e+00 8.3049231934e-01 1.0005745381e+01 1.6523324141e-02 2.3996381657e-02
3.3954991170e+01 3.2029948647e+01 2.8706943435e+01 9.4330605141e-01 5.5417713846e-02 2.5578607588e+02 6.7357838754e+00 8.8737041255e-01 9.7398846719e+00 1.3501844632e-02 1.8929231849e-02
3.0536523997e+01 2.8009792305e+01 2.5455274096e+01 9.1725542527e-01 1.1889304986e-02 5.3158716973e+01 1.5966852036e+01 -2.7948442160e-01 1.4708499127e+01 1.0811706947e-02 1.2046448626e-02
2.6782302952e+01 1.6128605524e+01 1.7978493655e+01 6.0221130172e-01 1.7003713262e-02 7.6318670283e+01 1.0427253614e+02 -9.2905448867e-01 8.9108062842e+00 6.6268877891e-03 6.7248111593e-03
4.9171970281e+01 2.0645625135e+01 2.7235440971e+01 4.1986572872e-01 1.2757711157e-02 5.7078831204e+01 1.5592736414e+02 6.0147211057e-01 1.1330607057e+01 4.4073230544e-03 4.4504841697e-03
8.5360837528e+01 7.3477916500e+01 6.8906153317e+01 8.6079188803e-01 5.2459609523e-02 2.4162535152e+02 2.3030121394e+01 -2.6780841990e-01 1.0225037397e+01 4.9348051052e-03 5.3007888625e-03
8.3384953666e+01 7.3229477005e+01 6.7998263069e+01 8.7820972232e-01 2.7579415755e-01 1.4555141736e+03 3.1623645125e+00 9.4013685567e-01 8.4500655395e+00 9.2894981458e-03 1.0000000000e+00
3.5036975149e+01 2.8160187045e+01 2.7312268217e+01 8.0372768841e-01 2.9100536351e-02 1.3179096832e+02 7.7215824881e+01 -8.2594058438e-01 8.3997428982e+00 5.6691916849e-03 5.7834122403e-03
3.3168219924e+01 1.8742567302e+01 2.1531744762e+01 5.6507606814e-01 1.2210535525e-02 5.4608209329e+01 3.3057465931e+02 9.2173646104e-01 9.7132452390e+00 3.8523510925e-03 3.8699781622e-03
5.3002210006e+01 5.0265512639e+01 4.4930943341e+01 9.4836635365e-01 8.2854276751e-02 3.8976936351e+02 1.5772156047e+01 -8.1845601419e-01 8.7546244897e+00 7.2990169622e-03 8.1452143651e-03
3.2024009472e+01 2.2976221082e+01 2.3549391091e+01 7.1746859500e-01 2.9709215599e-02 1.3460776858e+02 1.9246232629e+01 6.6602753433e-01 8.2965774070e+00 1.0467842217e-02 1.1423544127e-02
2.9673291136e+01 2.8397621132e+01 2.5269513298e+01 9.5700948716e-01 2.6267058134e-02 1.1871056572e+02 3.2241511001e+01 9.9384822342e-01 1.2907372395e+01 8.2718791641e-03 8.6931460944e-03
4.4339220154e+01 4.0076019870e+01 3.6687608946e+01 9.0385035487e-01 2.7353333035e-02 1.2371895691e+02 2.2044054531e+01 -5.4825462427e-01 1.3270038267e+01 7.5515640914e-03 8.1404032188e-03
3.1389694777e+01 2.6871392346e+01 2.5267986773e+01 8.5605777745e-01 1.9517559598e-02 8.7766394373e+01 1.3395837729e+00 -5.9311579248e-01 8.8611643623e+00 2.7381276717e-02 1.0000000000e+00
3.7624280081e+01 3.4505372231e+01 3.1361020152e+01 9.1710385305e-01 2.0578905645e-02 9.2612264835e+01 1.3154710385e+02 9.2354950816e-01 1.2476722797e+01 4.2804780870e-03 4.3303329201e-03
2.7191217960e+01 2.6685294100e+01 2.3449873184e+01 9.8139385074e-01 3.5251560264e-02 1.6036823592e+02 3.4608811593e+00 -6.9654546221e-01 8.6309927730e+00 1.9906011033e-02 1.0000000000e+00
4.8674736197e+01 2.6149148791e+01 3.0764413985e+01 5.3722219849e-01 4.5737038147e-02 2.0965287167e+02 4.8126438487e+01 -9.5768965683e-01 8.2248300143e+00 6.2209596713e-03 6.4267174070e-03
8.2434903173e+01 6.3786215447e+01 6.3023244909e+01 7.7377679832e-01 1.5477125613e-01 7.6272794146e+02 2.1311429950e+00 8.0101738080e-01 9.3353494991e+00 1.2021068395e-02 1.0000000000e+00
3.2364211735e+01 2.5427785122e+01 2.4937367172e+01 7.8567602171e-01 2.1780527966e-02 9.8107648293e+01 8.5745697669e+01 -9.8937234583e-01 1.1571346380e+01 5.7954341751e-03 5.9001936394e-03
3.6857011597e+01 2.9293167173e+01 2.8567067777e+01 7.9477868399e-01 2.7212346641e-02 1.2306848339e+02 3.6232393171e+01 5.5468879236e-01 8.5957701662e+00 7.3291848529e-03 7.6578587424e-03
2.4723662791e+01 2.1314797485e+01 1.9973411760e+01 8.6212134771e-01 1.7071100078e-02 7.6624991027e+01 1.4846356144e+02 8.2376694303e-01 8.0610921665e+00 5.4348311915e-03 5.4907812653e-03
2.9976949824e+01 2.7824677889e+01 2.5138683963e+01 9.2820243730e-01 2.6440173444e-02 1.1950821094e+02 7.6954997210e+01 9.2567994908e-01 9.3389327990e+00 5.9880348707e-03 6.1091035824e-03
2.8148047952e+01 2.1761603693e+01 2.1510306554e+01 7.7311235685e-01 1.2079234356e-02 5.4015653794e+01 3.1484050006e+01 6.4242305315e-01 1.5509427520e+01 9.3105122148e-03 9.7972067492e-03
5.1505725237e+01 3.7092485797e+01 3.7948959866e+01 7.2016238245e-01 2.6413725138e-02 1.1938633504e+02 4.5769214222e+00 -5.8320970218e-01 2.3159798751e+01 1.3339183349e-02 2.9001839091e-02
3.6652094807e+01 2.6157842153e+01 2.6879102171e+01 7.1367932149e-01 5.7657151734e-02 2.6654370605e+02 6.8100141718e+00 -9.6231971576e-01 9.2175050360e+00 1.3992343054e-02 1.9500927104e-02
3.1605239633e+01 3.1285228560e+01 2.7374240988e+01 9.8987474620e-01 3.5734087535e-02 1.6262052112e+02 6.4521899642e+01 -9.7119741953e-01 8.4749490414e+00 6.0313091655e-03 6.1778102351e-03
2.9400825246e+01 2.5016613330e+01 2.3594197086e+01 8.5088133140e-01 3.2688402664e-02 1.4842978371e+02 3.8992624599e+00 -8.0705377199e-01 1.1316876250e+01 1.8991892926e-02 1.0000000000e+00
3.5411602630e+01 2.8372106541e+01 2.7560071778e+01 8.0120933347e-01 2.6465697340e-02 1.1962583147e+02 2.4836687637e+01 -7.1144500249e-01 1.1275367363e+01 8.6396296089e-03 9.2277218879e-03
2.9244305151e+01 2.6519414138e+01 2.4237777422e+01 9.0682319174e-01 2.3849403645e-02 1.0759170925e+02 1.0226211493e+01 3.3919749407e-01 8.2556691549e+00 1.3078928256e-02 1.5753651925e-02
7.0942104770e+01 5.4440525434e+01 5.4006788309e+01 7.6739371647e-01 3.8310739447e-02 1.7467327360e+02 1.1247924931e+02 9.0418465069e-01 1.0855814006e+01 3.1973028789e-03 3.2410141750e-03
8.5046759001e+01 2.8448923237e+01 4.1613887896e+01 3.3450919907e-01 9.0311733288e-02 4.2699947023e+02 2.0403363338e+00 9.2225056624e-01 9.0198192851e+00 1.6416836391e-02 1.0000000000e+00
2.9174093886e+01 2.7488806680e+01 2.4650866943e+01 9.4223343446e-01 2.0817257643e-02 9.3701557691e+01 2.5090664583e+01 -9.4008063301e-01 1.5877147120e+01 9.2601080794e-03 9.8832383233e-03
3.4077484277e+01 3.2345745530e+01 2.8900597204e+01 9.4918231837e-01 4.4552260798e-02 2.0404830842e+02 1.2853518286e+01 -8.1924291971e-01 9.6015616979e+00 1.0620363135e-02 1.2213894537e-02
3.4224019078e+01 2.7910876133e+01 2.6877914814e+01 8.1553472927e-01 1.1573900167e-02 5.1736186310e+01 1.7187899310e+02 3.0997879977e-01 8.1936970245e+00 4.2876215965e-03 4.3256499013e-03
3.3441603733e+01 1.2902218416e+01 1.7691820396e+01 3.8581338740e-01 1.0060227383e-02 4.4918562121e+01 1.0044697169e+02 -6.2750239393e-01 1.0605414579e+01 6.8174122210e-03 6.9220964984e-03
4.0988077279e+01 3.2721097679e+01 3.1841017422e+01 7.9830769950e-01 3.1967252321e-02 1.4507863803e+02 2.2565975782e+01 -7.2961962462e-01 1.1772738473e+01 8.1558159414e-03 8.7749276215e-03
6.8190329768e+01 6.6968265037e+01 5.8828309615e+01 9.8207862118e-01 1.3020648954e-01 6.3189668019e+02 5.6297702644e+00 6.4245634830e-01 9.1201520462e+00 8.8363241053e-03 1.4065599363e-02
3.5022398546e+01 3.3524209056e+01 2.9828091210e+01 9.5722196216e-01 1.6811755078e-02 7.5446250783e+01 2.1248477161e+02 -6.3138716675e-01 8.3285241817e+00 3.6983375850e-03 3.7247883749e-03
5.7264634246e+01 4.5862410797e+01 4.4558597007e+01 8.0088542257e-01 9.1132691637e-02 4.3111889552e+02 9.9838438928e+00 9.8148205214e-01 1.0730965065e+01 8.6681896054e-03 1.0502615708e-02
4.4181515344e+01 4.1849143227e+01 3.7430502505e+01 9.4720932274e-01 5.8794445409e-02 2.7201919915e+02 2.8348952947e+01 -9.2931150741e-01 9.2486766433e+00 6.6595677185e-03 7.0504577464e-03
3.3900589889e+01 2.3849081653e+01 2.4677288916e+01 7.0350049163e-01 2.3005876272e-02 1.0372141461e+02 6.8457046159e+01 -7.5124252596e-01 8.9815374370e+00 6.3427734660e-03 6.4876081304e-03
4.4692251540e+01 3.6995525212e+01 3.5366936587e+01 8.2778387613e-01 4.1066717495e-02 1.8761276860e+02 2.0093353417e+01 -6.0983136820e-01 9.4065187452e+00 7.9337512636e-03 8.6224519598e-03
3.4591029570e+01 3.4409518788e+01 3.0034108420e+01 9.9475266323e-01 4.2118291211e-02 1.9256299699e+02 8.4515156200e+00 8.9947245055e-01 1.2944449093e+01 1.2151025067e-02 1.5453360217e-02
3.7431349201e+01 2.5691428763e+01 2.6901532577e+01 6.8636128036e-01 4.6105818604e-02 2.1139923240e+02 8.3976945893e+00 9.6592903443e-01 1.0944139278e+01 1.3017132168e-02 1.6590747108e-02
3.2512578257e+01 2.2251235020e+01 2.3331603244e+01 6.8438851092e-01 3.1196760026e-02 1.4150197698e+02 5.8720057406e+00 -7.0878542967e-01 1.0660408266e+01 1.6418065716e-02 2.5205871937e-02
8.3147467669e+01 5.0796841374e+01 5.6237575306e+01 6.1092469558e-01 1.7557838112e-02 7.8838460008e+01 2.3308841119e+02 -7.0046297803e-01 1.0181011992e+01 2.4022014795e-03 2.4178453305e-03
3.6095098634e+01 3.5381686162e+01 3.1110217945e+01 9.8023519816e-01 3.7550097558e-02 1.7111072522e+02 2.4067936803e+01 -9.4639749612e-01 1.2145244492e+01 8.0502819064e-03 8.6181121324e-03
6.2905616537e+01 5.5853264937e+01 5.1583353565e+01 8.8788995342e-01 2.5105825674e-02 1.1336519928e+02 2.2609825960e+02 7.9330896331e-01 8.1817085748e+00 2.5527622205e-03 2.5699068850e-03
3.2180507974e+01 1.7086643107e+01 2.0213350010e+01 5.3096250440e-01 1.0017990203e-02 4.4728545679e+01 2.8567770039e+02 -8.7370639249e-01 1.1412397926e+01 4.2387469131e-03 4.2612198316e-03
7.7214659470e+01 7.5177410714e+01 6.6325388209e+01 9.7361577750e-01 8.3366553108e-02 3.9231582882e+02 7.4970465024e+00 -2.8309797985e-01 9.3415726212e+00 7.5605327888e-03 1.0063480286e-02
4.8605381473e+01 4.4231571991e+01 4.0355790819e+01 9.1001388426e-01 6.0597392518e-02 2.8071635809e+02 6.9759150546e+00 4.7966387345e-01 8.7172050708e+00 1.0737669645e-02 1.4779263194e-02
4.0485664911e+01 3.3973644785e+01 3.2261328667e+01 8.3915244717e-01 1.7550829419e-02 7.8806576352e+01 1.0411042861e+02 -9.7006923032e-01 1.7396316950e+01 4.5995085308e-03 4.6675826980e-03
3.8525855634e+01 3.2653468161e+01 3.0855898207e+01 8.4757282153e-01 4.9647562774e-02 2.2821587624e+02 2.1611787072e+00 -8.0840720916e-01 8.8026375036e+00 1.9834587766e-02 1.0000000000e+00
4.0026907997e+01 3.9455528523e+01 3.4595667194e+01 9.8572511586e-01 5.9146682420e-02 2.7371671374e+02 3.3268315979e+00 -6.0722956981e-01 8.7598849880e+00 1.5619712948e-02 1.0000000000e+00
4.1928907320e+01 3.7458085681e+01 3.4489397177e+01 8.9337137731e-01 5.7202469154e-02 2.6435694780e+02 2.7832947473e+00 7.2337218964e-01 9.5220164870e+00 1.6751692226e-02 1.0000000000e+00
3.4345730195e+01 3.0603012864e+01 2.8214217708e+01 8.9102816247e-01 2.1386797267e-02 9.6305941282e+01 2.2354901218e+02 9.1497801767e-01 8.3955647003e+00 3.7464466431e-03 3.7718987570e-03
8.0663917841e+01 2.4657996154e+01 3.7555928783e+01 3.0568805501e-01 3.2324452543e-02 1.4673810096e+02 5.6254206999e+01 -9.2491504097e-01 1.3392200740e+01 5.2215977739e-03 5.3680440271e-03
6.2946035619e+01 4.2513948264e+01 4.4862384537e+01 6.7540311071e-01 2.1616308244e-02 9.7356055592e+01 1.0372227497e+02 -2.8384466132e-01 8.4944373372e+00 3.7388442475e-03 3.7943930816e-03
5.8356253041e+01 5.5866433623e+01 4.9704136560e+01 9.5733414521e-01 7.1791152527e-02 3.3517425770e+02 4.1206383789e+00 7.6702544750e-01 1.6469716933e+01 1.1408928696e-02 4.2884415472e-02
3.8637638189e+01 3.1472449844e+01 3.0325541913e+01 8.1455418394e-01 5.0842649742e-02 2.3390853583e+02 1.6812875505e+01 9.5671460206e-01 9.7059212351e+00 9.2835393116e-03 1.0279260029e-02
3.5840134394e+01 3.3321699704e+01 3.0080480206e+01 9.2973143844e-01 1.0834455357e-02 4.8403781816e+01 2.0674024305e+02 5.7024008514e-01 1.2248022099e+01 3.7306401366e-03 3.7580733787e-03
4.4915901002e+01 2.2553417861e+01 2.7387111144e+01 5.0212546912e-01 3.3925933192e-02 1.5418847080e+02 2.5100845143e+01 -8.4767545282e-01 1.0176610262e+01 8.6003342602e-03 9.1788023073e-03
3.2748322940e+01 7.6217576044e+00 1.3095877233e+01 2.3273734104e-01 1.5899871897e-02 7.1305248739e+01 8.3824760472e+00 -9.7440172952e-01 1.0947410977e+01 2.0804878538e-02 2.6532915469e-02
3.3427151907e+01 2.6313624254e+01 2.5781836752e+01 7.8719312751e-01 1.0834304536e-02 4.8403102493e+01 5.0653488718e+02 -8.3920851873e-01 8.5624237171e+00 2.9355946712e-03 2.9443353301e-03
3.2117802786e+01 1.3631362561e+01 1.7893463951e+01 4.2441765560e-01 2.5374780241e-02 1.1460245292e+02 8.6852471571e+00 9.8482873705e-01 1.1170612104e+01 1.6793521167e-02 2.1167052865e-02
1.6469931151e+01 1.4260712319e+01 1.3334768203e+01 8.6586350536e-01 1.5490282905e-02 6.9447051063e+01 3.6402733716e+01 9.5986481883e-01 8.9252345224e+00 1.1863346537e-02 1.2392654637e-02
6.2711217653e+01 3.9071153772e+01 4.2853506967e+01 6.2303293149e-01 6.0959232079e-02 2.8246431171e+02 5.6750955603e+01 -9.6017601825e-01 8.5301640162e+00 4.7111576286e-03 4.8420715557e-03
2.7927632562e+01 2.1220345324e+01 2.1152943555e+01 7.5983330403e-01 1.5525815897e-02 6.9608210470e+01 8.9061091963e+01 7.3806809803e-01 1.0070142066e+01 6.3569548290e-03 6.4674491637e-03
2.3535802719e+01 1.5304035404e+01 1.6446197594e+01 6.5024488802e-01 2.0533137992e-02 9.2403145248e+01 1.3397179617e+01 6.9360340281e-01 8.2266280773e+00 1.5091515044e-02 1.7238075777e-02
7.2917969137e+01 7.2308757609e+01 6.3212936956e+01 9.9164524828e-01 1.2464506057e-01 6.0276385518e+02 1.4552846396e+01 9.4131786388e-01 1.0501192259e+01 5.9350838355e-03 6.6952798002e-03
7.2424577694e+01 5.3835102284e+01 5.4239786526e+01 7.4332642313e-01 1.1871448128e-01 5.7189832916e+02 6.2326920879e+00 -6.0460404047e-01 8.2261803686e+00 9.0057336087e-03 1.3234625629e-02
4.4118159293e+01 4.3295962776e+01 3.8047186877e+01 9.8136376199e-01 4.3073203120e-02 1.9706441523e+02 7.2683411585e+01 -8.9968077440e-01 9.0548012176e+00 4.6744892633e-03 4.7747755183e-03
8.0439778589e+01 7.3962358603e+01 6.7136440181e+01 9.1947491528e-01 1.5208471372e-01 7.4825044812e+02 3.1952310288e+00 8.9545643686e-01 1.3381846110e+01 9.9415863991e-03 1.0000000000e+00
3.9195974146e+01 3.2193517051e+01 3.0894350902e+01 8.2134754278e-01 2.9232083549e-02 1.3239952589e+02 2.8162080543e+01 -9.1810828150e-01 1.4341419304e+01 7.6612780195e-03 8.1142825419e-03
7.3976206712e+01 6.5866461895e+01 6.0747148327e+01 8.9037360554e-01 1.7498249621e-01 8.7295138812e+02 4.6599427340e+00 -9.0104137048e-01 1.0506878992e+01 9.0741241697e-03 1.8885678441e-02
8.5668371624e+01 8.3761972610e+01 7.3743238554e+01 9.7774675790e-01 2.4920677593e-01 1.2967743493e+03 2.9934382024e+00 -7.3733763037e-01 8.1230691796e+00 9.1334329652e-03 1.0000000000e+00
3.7110952793e+01 3.2546511847e+01 3.0241992423e+01 8.7700555760e-01 5.5274921669e-02 2.5510122927e+02 7.4509658343e+00 7.6826768272e-01 8.9810381097e+00 1.2585081070e-02 1.6796081938e-02
3.4980883063e+01 3.1660443960e+01 2.8964093061e+01 9.0507846538e-01 3.3562533447e-02 1.5249639602e+02 3.8018295971e+01 9.9450999517e-01 1.1509848904e+01 7.1088699249e-03 7.4114912848e-03
2.6524671616e+01 2.1523670181e+01 2.0778018364e+01 8.1145849766e-01 3.8629919331e-02 1.7616931092e+02 5.7779800562e+00 7.9226279501e-01 8.0049229812e+00 1.7679261997e-02 2.7504741292e-02
6.0652927850e+01 5.8101239876e+01 5.1676433190e+01 9.5792968180e-01 9.8149170949e-02 4.6649469049e+02 1.6929728055e+01 9.0293790234e-01 9.4727883998e+00 6.4558856914e-03 7.1425543521e-03
4.9677283293e+01 4.7244123417e+01 4.2171537795e+01 9.5102067354e-01 8.9342665374e-02 4.2214218515e+02 8.8786271456e+00 9.3945714974e-01 1.0100343483e+01 9.3848231135e-03 1.1747465081e-02
7.1050079641e+01 6.1143363963e+01 5.7346425872e+01 8.6056714182e-01 1.3134741637e-02 5.8782378165e+01 3.2964956248e+02 -8.4014222639e-01 1.0336302235e+01 2.0895009687e-03 2.0990888830e-03
2.9742214389e+01 2.3941572007e+01 2.3203150110e+01 8.0496938438e-01 1.8927984707e-02 8.5077766506e+01 1.4731203360e+02 -9.9466948622e-01 1.0283561923e+01 4.9576388190e-03 5.0090829203e-03
6.1087231473e+01 3.3454421072e+01 3.9004771606e+01 5.4764997964e-01 6.7276610795e-02 3.1311570916e+02 2.2948041857e+01 -8.3437688509e-01 8.2015753430e+00 6.9906800129e-03 7.5112533407e-03
2.8017910622e+01 2.5391899268e+01 2.3214233732e+01 9.0627383356e-01 1.7493056911e-02 7.8543772570e+01 1.7472847509e+02 9.3354527140e-01 9.8014734566e+00 4.6529751271e-03 4.6935600428e-03
4.2976849239e+01 4.0292304087e+01 3.6222396130e+01 9.3753508693e-01 1.4933079004e-02 6.6920965059e+01 6.8711181552e+01 -1.9210994226e-01 1.0890134899e+01 5.0078504070e-03 5.1217618384e-03
7.1275275972e+01 6.3078464034e+01 5.8350160941e+01 8.8499782251e-01 1.7437578901e-01 8.6960937231e+02 3.6108571482e+00 9.1448660401e-01 1.0320939183e+01 1.0242622355e-02 1.0000000000e+00
3.6318857053e+01 2.3962681799e+01 2.5571940788e+01 6.5978623072e-01 2.8018670817e-02 1.2679041793e+02 1.1603733817e+02 9.5374757244e-01 8.0866068218e+00 5.0739204154e-03 5.1411084692e-03
2.9972091356e+01 2.8773041759e+01 2.5563912111e+01 9.5999446343e-01 1.3855585151e-02 6.2042038131e+01 2.0924218683e+01 7.9878109821e-01 2.2403770068e+01 9.7313958855e-03 1.0537264311e-02
3.4883412170e+01 3.3724717008e+01 2.9858311787e+01 9.6678377801e-01 1.2679926781e-02 5.6727494624e+01 3.7727186682e+02 -7.1086639483e-01 8.4064801021e+00 2.9877167969e-03 2.9996830187e-03
7.1987690805e+01 6.9840188970e+01 6.1725677715e+01 9.7016848561e-01 1.0210412533e-01 4.8656705387e+02 6.0802448267e+00 -4.7698057014e-01 9.6486280339e+00 8.4629160647e-03 1.2653116732e-02
5.7661212615e+01 5.2790042079e+01 4.8020572896e+01 9.1552084469e-01 1.2217331894e-01 5.8987444854e+02 6.5488164936e+00 -8.2951973392e-01 8.7102627026e+00 9.5209467864e-03 1.3563264542e-02
3.2869492597e+01 2.4329236935e+01 2.4562672414e+01 7.4017683309e-01 2.9099792639e-02 1.3178752812e+02 5.9343918653e+01 -9.6529693069e-01 9.2877367843e+00 6.6864633493e-03 6.8637480972e-03
6.9658689159e+01 4.2258636796e+01 4.6941288181e+01 6.0665277091e-01 2.7909575341e-02 1.2628659008e+02 3.9128387612e+00 1.6925143304e-01 1.8336316222e+01 1.2374924672e-02 1.0000000000e+00
5.7282501670e+01 5.4526602646e+01 4.8649996764e+01 9.5188933891e-01 3.8887261081e-02 1.7737598846e+02 9.8577568478e+01 -8.4671626678e-01 1.0207945209e+01 3.5848577895e-03 3.6409789317e-03
4.3904880727e+01 4.3447785014e+01 3.8021831506e+01 9.8958895447e-01 9.4104060786e-02 4.4606325318e+02 5.9953607873e+00 -7.9409481389e-01 8.0635117487e+00 1.1569316644e-02 1.7477544487e-02
7.7087625976e+01 5.1521883523e+01 5.4642583576e+01 6.6835478289e-01 2.8614037539e-02 1.2954134061e+02 6.1441638232e+01 -4.4100417379e-01 1.2039441318e+01 4.0052755812e-03 4.1076732653e-03
7.4084328394e+01 6.2264587176e+01 5.9081313099e+01 8.4045557982e-01 6.9984480512e-02 3.2633126916e+02 3.3705901644e+00 -9.5061649982e-01 2.4779228238e+01 1.1053854686e-02 1.0000000000e+00
4.5952739103e+01 4.2154125482e+01 3.8307952758e+01 9.1733651366e-01 2.2286595229e-02 1.0042491836e+02 1.4135911290e+02 5.6866735105e-01 8.8063567114e+00 3.6729144095e-03 3.7126643102e-03
5.1775850282e+01 4.5392222300e+01 4.2185237007e+01 8.7670645780e-01 4.7730918932e-02 2.1910536548e+02 3.6719325783e+01 -8.7144546852e-01 1.1352889463e+01 5.6455183394e-03 5.8950528734e-03
3.4570440466e+01 2.6055511166e+01 2.6075400805e+01 7.5369335232e-01 4.7307698872e-02 2.1709683800e+02 1.3628669624e+01 9.1104865804e-01 8.5982334869e+00 1.1061394680e-02 1.2600639317e-02
5.5412700131e+01 4.5694385889e+01 4.3765004344e+01 8.2461937030e-01 5.6871689340e-02 2.6276691873e+02 3.3387976770e+01 7.7697227172e-01 9.2794795053e+00 5.6866458095e-03 5.9653899028e-03
4.4410481324e+01 4.3173504383e+01 3.8118581250e+01 9.7214673419e-01 2.5839476609e-02 1.1674129211e+02 1.3016291844e+02 6.6893668292e-01 8.9343114329e+00 3.7918655423e-03 3.8365093472e-03
7.4553408846e+01 7.1716128129e+01 6.3653139208e+01 9.6194297805e-01 1.1416304055e-01 5.4835211999e+02 6.3261065349e+00 -8.4879419822e-01 1.3841017946e+01 8.1238930225e-03 1.1822362819e-02
4.4004356093e+01 4.2916226970e+01 3.7830823592e+01 9.7527224075e-01 3.5079093930e-02 1.5956358697e+02 5.7863057973e+01 6.8647245825e-01 9.4689553120e+00 5.1346180319e-03 5.2744178503e-03
5.3829329088e+01 4.0627742897e+01 4.0631055238e+01 7.5475105459e-01 4.7347231492e-02 2.1728440387e+02 5.6119956613e+00 -3.3713202797e-01 9.9657938325e+00 1.1692536959e-02 1.8666646286e-02
1.3145614297e+01 1.2276069542e+01 1.1057661032e+01 9.3385286258e-01 1.1609229608e-02 5.1895495008e+01 4.0010357826e+00 8.5001415399e-01 8.2287955973e+00 3.0597331012e-02 6.7728658718e-01
3.6690659972e+01 2.5680878209e+01 2.6638020329e+01 6.9992957958e-01 1.4174060768e-02 6.3483296510e+01 1.0340280964e+02 -8.3613271372e-01 1.5303994155e+01 5.2084930362e-03 5.2861224324e-03
3.3510908960e+01 2.8218028572e+01 2.6750380613e+01 8.4205500380e-01 2.0572288817e-02 9.2582030650e+01 1.6770871229e+02 9.2151780812e-01 9.6328231996e+00 4.3162222369e-03 4.3554720873e-03
4.8286380780e+01 2.0438822245e+01 2.6862418236e+01 4.2328337545e-01 2.2333143571e-02 1.0063814752e+02 4.9177860021e+01 7.6953415822e-01 1.1499367637e+01 6.8123376601e-03 7.0325471917e-03
8.2309166695e+01 6.4721244564e+01 6.3447659258e+01 7.8631879246e-01 1.2117038291e-01 5.8465473432e+02 5.1689475117e+00 -4.2310870495e-01 8.4711458925e+00 8.7466235245e-03 1.5273659362e-02
4.2234953318e+01 1.4565906963e+01 2.1015259031e+01 3.4487801735e-01 2.0588348641e-02 9.2655413100e+01 6.9609811067e+01 -8.6139941610e-01 9.2808553037e+00 6.9791651695e-03 7.1357824631e-03
4.3878656368e+01 3.7092520864e+01 3.5096007265e+01 8.4534313340e-01 3.3190114138e-02 1.5076322224e+02 3.3635729557e+01 -6.1650116059e-01 1.0021553025e+01 6.6027020910e-03 6.9237465786e-03
4.8453944770e+01 4.4882384225e+01 4.0591293635e+01 9.2628958154e-01 3.9797214101e-02 1.8164622546e+02 9.1508064040e+00 3.9783898705e-01 1.1007442174e+01 9.7838551989e-03 1.2136796474e-02
2.6254577096e+01 2.2834057811e+01 2.1304761807e+01 8.6971722024e-01 1.8491579367e-02 8.3089126682e+01 9.8901473451e+01 7.2205519274e-01 8.1265924246e+00 6.0736306595e-03 6.1683932911e-03
4.2361586726e+01 2.9839605839e+01 3.0856758850e+01 7.0440245858e-01 2.2669892704e-02 1.0218116004e+02 1.8247700196e+02 -9.8117777784e-01 1.0131970957e+01 3.8197864252e-03 3.8516674559e-03
3.5809646517e+01 2.5431048986e+01 2.6194527092e+01 7.1017313657e-01 1.5454217054e-02 6.9283483515e+01 1.7343855127e+01 1.5631729747e-01 1.0174162662e+01 1.0272988701e-02 1.1334332011e-02
6.9344294629e+01 5.5118480242e+01 5.3749804101e+01 7.9485241774e-01 8.7972333174e-02 4.1528349113e+02 2.1987051115e+01 -7.2823486310e-01 8.3667682203e+00 5.7442907319e-03 6.1935413854e-03
4.0251247682e+01 1.3026430781e+01 1.9339881614e+01 3.2362799991e-01 1.6200249247e-02 7.2668694815e+01 6.6222804052e+00 9.7287353736e-01 2.0061732756e+01 1.7809314897e-02 2.5206954450e-02
8.0834167350e+01 8.0178039724e+01 7.0083935495e+01 9.9188304096e-01 1.2282038217e-01 5.9324520498e+02 2.8868224824e+01 -8.9075885161e-01 8.7020618580e+00 4.3083178163e-03 4.5561547668e-03
8.3601964692e+01 5.8449873054e+01 6.0661153206e+01 6.9914473027e-01 1.8507214030e-01 9.2882808022e+02 3.3212205701e+00 -7.5798550572e-01 8.4695487796e+00 1.0257096505e-02 1.0000000000e+00
6.2567721197e+01 6.2503084669e+01 5.4440221525e+01 9.9896693491e-01 1.0500161291e-01 5.0133268335e+02 8.6333891097e+00 8.6976170966e-01 1.1280990254e+01 8.0131081172e-03 1.0119451088e-02
3.0573445887e+01 2.8510434395e+01 2.5698935410e+01 9.3252276828e-01 3.2914729035e-02 1.4948221351e+02 2.6992449437e+01 -7.7050824104e-01 8.7145370234e+00 8.7140014886e-03 9.2542030853e-03
3.9815770059e+01 1.9574780433e+01 2.4005333354e+01 4.9163385273e-01 2.8434002310e-02 1.2870923201e+02 7.2982361030e+01 -9.1254087803e-01 8.2480369600e+00 6.2793027413e-03 6.4134448918e-03
3.8310232633e+01 3.5927869905e+01 3.2294040275e+01 9.3781393210e-01 2.0916159708e-02 9.4153661087e+01 2.4336677480e+02 -8.8212322700e-01 8.6830904437e+00 3.3362030306e-03 3.3570012617e-03
3.1618595327e+01 3.1515087160e+01 2.7480487106e+01 9.9672635149e-01 1.1672473093e-02 5.2180695593e+01 3.0377798469e+02 8.4461007328e-01 1.1760383300e+01 3.4152453356e-03 3.4322634631e-03
3.3423025344e+01 3.2357780234e+01 2.8628253227e+01 9.6812840552e-01 1.9876856728e-02 8.9406025898e+01 1.2687672050e+01 -6.6746403870e-01 1.7687717698e+01 1.0897161743e-02 1.2560092688e-02
3.4892458558e+01 3.3156719217e+01 2.9608560760e+01 9.5025459905e-01 2.0049189206e-02 9.0192760069e+01 4.5103430185e+01 -6.5920385059e-01 1.2986082088e+01 6.6308338499e-03 6.8658207432e-03
4.0155197474e+01 2.9159151502e+01 2.9712921756e+01 7.2616132745e-01 1.6841018990e-02 7.5579234723e+01 3.4909805402e+01 -1.6047880906e-01 9.1880286456e+00 7.2977914317e-03 7.6385448177e-03
1.9703149203e+01 1.6892668517e+01 1.5872818581e+01 8.5735880813e-01 1.0395126445e-02 4.6425629471e+01 2.0270082089e+01 7.4253193737e-01 1.4990083731e+01 1.3293340166e-02 1.4435564761e-02
4.2103352916e+01 3.2222322252e+01 3.2007837893e+01 7.6531487446e-01 3.0184719289e-02 1.3680996615e+02 2.7302473698e+01 8.1388724381e-01 1.3098116125e+01 7.5768352200e-03 8.0405884084e-03
5.4431486457e+01 5.2139234312e+01 4.6374722679e+01 9.5788738663e-01 6.9574189665e-02 3.2432590672e+02 1.4988287314e+01 9.0949787089e-01 1.2061581639e+01 7.3507404699e-03 8.2582749987e-03
3.4768195840e+01 2.9631857488e+01 2.7924626534e+01 8.5226905716e-01 3.9022131494e-02 1.7800856927e+02 3.4331840406e+01 9.9568105653e-01 9.7648674209e+00 7.5318511529e-03 7.8899835872e-03
2.6548207790e+01 2.3110203510e+01 2.1552855767e+01 8.7049957168e-01 4.4711796079e-02 2.0480245732e+02 5.5169157215e+00 -8.8775234329e-01 8.1928415094e+00 1.7517466122e-02 2.8428037043e-02
4.1756608460e+01 4.0883110238e+01 3.5968615482e+01 9.7908119808e-01 5.5467033781e-02 2.5602264989e+02 2.2175138772e+01 8.6270862908e-01 9.3166972519e+00 7.5009387068e-03 8.0818604232e-03
3.3271570603e+01 2.2945838035e+01 2.3971332238e+01 6.8965298659e-01 1.5088915795e-02 6.7627242483e+01 2.8481443559e+02 8.1140734593e-01 8.2306931922e+00 3.8026585738e-03 3.8228811509e-03
4.1973563505e+01 3.1842020773e+01 3.1765541685e+01 7.5862085833e-01 1.0335319595e-02 4.6156439451e+01 2.4408336102e+02 -4.2511858783e-01 1.0096661239e+01 3.3890681478e-03 3.4101332086e-03
1.9073836356e+01 1.6541803256e+01 1.5455547437e+01 8.6725097914e-01 1.7195597815e-02 7.7191001062e+01 7.4132818387e+00 7.7710433485e-01 1.0746514808e+01 1.9627331649e-02 2.6252800997e-02
2.9514799282e+01 2.9503312251e+01 2.5689124536e+01 9.9961080435e-01 1.6736177362e-02 7.5102829571e+01 7.7503259797e+00 -9.5721032517e-01 2.8055788072e+01 1.4054884026e-02 1.8452124363e-02
3.6078524064e+01 3.4035979107e+01 3.0503567490e+01 9.4338612762e-01 2.0390623683e-02 9.1752064266e+01 8.5115011424e+01 -6.7019391515e-01 1.0961698736e+01 5.1282625177e-03 5.2216721050e-03
6.1026562168e+01 5.3864011186e+01 4.9892317668e+01 8.8263223871e-01 5.9816221591e-02 2.7694556152e+02 6.0072725268e+01 7.7662171451e-01 8.0964159118e+00 4.1963972293e-03 4.3062448313e-03
3.7544622238e+01 3.6729001610e+01 3.2327133338e+01 9.7827596660e-01 6.2894515365e-02 2.9182728357e+02 2.0751526220e+01 9.8480411894e-01 8.3372203765e+00 8.1844806513e-03 8.8687926143e-03
7.5258978151e+01 3.6568376592e+01 4.5090888029e+01 4.8590051965e-01 6.1268651383e-02 2.8395969657e+02 2.2609200434e+01 8.0229974347e-01 1.0392649503e+01 6.4434351780e-03 6.9314887500e-03
3.5964814770e+01 2.2193581874e+01 2.4453478806e+01 6.1709151058e-01 5.9324805763e-02 2.7457543364e+02 6.4208209551e+00 -9.8334410300e-01 8.1108456434e+00 1.5160661882e-02 2.1856399522e-02
2.5334045606e+01 1.8332502656e+01 1.8712249956e+01 7.2363107499e-01 1.0974966038e-02 4.9036728713e+01 1.7159027036e+02 6.5378159186e-01 9.1228497661e+00 5.3820098557e-03 5.4298262791e-03
4.8312486504e+01 4.7133679514e+01 4.1541554417e+01 9.7560036597e-01 4.1819332320e-02 1.9115493281e+02 2.0327921787e+00 2.3927487861e-01 8.2793875895e+00 1.6932220020e-02 1.0000000000e+00
4.2579029082e+01 2.9598062114e+01 3.0803179292e+01 6.9513238681e-01 4.4657079690e-02 2.0454378559e+02 3.2458895451e+01 -9.4901199723e-01 9.3574924890e+00 7.2100749928e-03 7.5745732224e-03
2.7737021890e+01 1.7643216837e+01 1.9160604445e+01 6.3608908364e-01 1.9295624867e-02 8.6754037629e+01 5.4211961228e+01 -9.8990412981e-01 1.0770671091e+01 8.1272144592e-03 8.3642055167e-03
5.3891496455e+01 2.8655382313e+01 3.3876281955e+01 5.3172363357e-01 2.7084417991e-02 1.2247836836e+02 8.1295480347e+01 8.7306358176e-01 1.1828512537e+01 4.8663928773e-03 4.9593445363e-03
2.7593063716e+01 1.1087187062e+01 1.4923645461e+01 4.0181065706e-01 1.0059872310e-02 4.4916964673e+01 3.4381232818e+02 -9.6778076066e-01 8.6124349418e+00 4.7798187167e-03 4.8008406765e-03
6.1115768969e+01 5.7319712622e+01 5.1520255111e+01 9.3788744850e-01 8.4228280928e-02 3.9660304173e+02 7.8719785019e+00 6.0025980020e-01 9.8017874369e+00 8.6886553531e-03 1.1337288061e-02
7.2416976212e+01 5.0038735038e+01 5.2226655639e+01 6.9098072932e-01 9.8629395155e-02 4.6892687668e+02 1.2305229634e+01 -8.6415361147e-01 1.0114130506e+01 7.2264075734e-03 8.3743138178e-03
5.1375021959e+01 5.0847836838e+01 4.4494373593e+01 9.8973849350e-01 2.1545219424e-02 9.7030755358e+01 4.9727386029e+01 5.4627343711e-01 1.6307478632e+01 4.9513166158e-03 5.1094943005e-03
4.4801933889e+01 3.9081936519e+01 3.6410614568e+01 8.7232699857e-01 1.7127120230e-02 7.6879665326e+01 5.1136011545e+01 9.3056432707e-01 2.5221852566e+01 5.5689221459e-03 5.7416458840e-03
3.1571800350e+01 3.0492164237e+01 2.7010004465e+01 9.6580378371e-01 5.5718462203e-02 2.5722892383e+02 6.1009562670e+00 -9.6871484610e-01 9.8992048491e+00 1.4553787961e-02 2.1706703824e-02
6.6541148696e+01 4.7883205024e+01 4.9007258647e+01 7.1960292184e-01 7.0785662160e-02 3.3025022501e+02 2.3831516819e+01 -6.8297384294e-01 8.5621361012e+00 5.9636481552e-03 6.3890372482e-03
3.8169031552e+01 2.6233735390e+01 2.7451233219e+01 6.8730419199e-01 1.7035624813e-02 7.6463727074e+01 6.0609188617e+01 -7.0736352523e-01 1.3535781784e+01 6.2342261284e-03 6.3959031448e-03
3.3290901661e+01 2.5362522012e+01 2.5249461683e+01 7.6184545166e-01 2.6197668847e-02 1.1839090359e+02 5.6445109169e+01 -8.5337443268e-01 9.6099580252e+00 6.7086310358e-03 6.8961135416e-03
4.4708961924e+01 3.1152076231e+01 3.2383605005e+01 6.9677476037e-01 1.1863279150e-02 5.3041310627e+01 1.3690304053e+02 -3.9926254317e-01 1.1767116438e+01 4.1553866452e-03 4.2018520449e-03
3.1136589345e+01 1.7348901480e+01 2.0063350145e+01 5.5718695738e-01 1.1103971194e-02 4.9617964485e+01 2.2066092880e+02 9.5238188431e-01 1.2360607107e+01 4.6883946253e-03 4.7206681835e-03
4.5539312329e+01 4.3323440321e+01 3.8665327278e+01 9.5134155754e-01 5.5583648316e-02 2.5658207923e+02 9.5819414158e+00 6.2398637795e-01 9.7837468281e+00 9.8201181020e-03 1.2025892014e-02
3.1177074940e+01 1.3746934456e+01 1.7730828757e+01 4.4093085968e-01 2.1725248763e-02 9.7854629171e+01 2.5949327928e+01 -9.5068667591e-01 9.9394897646e+00 1.1228816233e-02 1.1956341394e-02
7.1766741831e+01 5.3451664045e+01 5.3801829261e+01 7.4479713974e-01 1.6559419936e-02 7.4299801990e+01 6.4987798121e+01 8.3824713970e-01 3.2087016538e+01 3.9893549365e-03 4.0855309358e-03
4.9330232669e+01 4.8357286955e+01 4.2518431794e+01 9.8027688780e-01 1.0788002856e-01 5.1605131284e+02 2.6358854094e+00 9.8522326795e-01 9.4647871402e+00 1.4568155332e-02 1.0000000000e+00
3.0073779880e+01 2.5115994824e+01 2.3906242286e+01 8.3514592859e-01 3.2386629119e-02 1.4702704338e+02 9.1643486714e+00 -8.9265831924e-01 1.1929337696e+01 1.3674504122e-02 1.6955822227e-02
3.9249311773e+01 2.6219835658e+01 2.7814411122e+01 6.6803300425e-01 2.7210152680e-02 1.2305836207e+02 4.2396850690e+01 -7.2362063908e-01 9.7625391395e+00 7.0261094513e-03 7.2921258980e-03
4.1890010233e+01 4.1181967960e+01 3.6157602599e+01 9.8309758653e-01 5.6575942150e-02 2.6134587987e+02 1.6674382152e+01 -9.7685593183e-01 1.1206660714e+01 8.3145619005e-03 9.2153212242e-03
3.3753859128e+01 3.2998604464e+01 2.9053465639e+01 9.7762464255e-01 1.0230207992e-02 4.5683391508e+01 1.9388610087e+02 5.3190986436e-01 1.2427237647e+01 3.9068730963e-03 3.9375344560e-03
3.4245562519e+01 3.0909973835e+01 2.8315973696e+01 9.0259792983e-01 1.4800687178e-02 6.6321071685e+01 2.9508160320e+02 9.6011250879e-01 1.0866159552e+01 3.3820870739e-03 3.3994413332e-03
3.4969854278e+01 2.5497070095e+01 2.5930260781e+01 7.2911570898e-01 5.0543056972e-02 2.3248059720e+02 7.9126377019e+00 -8.5222126207e-01 8.5661559939e+00 1.3584301100e-02 1.7690156148e-02
3.3104635269e+01 3.2123822261e+01 2.8388483365e+01 9.7037233608e-01 5.0042111174e-02 2.3009424622e+02 1.5355078730e+01 -9.6228636304e-01 9.3146179840e+00 1.0014013161e-02 1.1213892010e-02
3.3936271340e+01 3.1860894003e+01 2.8622779970e+01 9.3884486259e-01 3.2998693835e-02 1.4987273981e+02 8.8703663356e+01 9.8987609147e-01 8.8677920958e+00 5.2141727931e-03 5.3051806893e-03
7.6980376583e+01 6.6414143549e+01 6.2212528644e+01 8.6274121402e-01 6.5574973593e-02 3.0483465375e+02 9.0244573854e+01 9.8623061187e-01 8.6223363807e+00 3.1276933377e-03 3.1813222229e-03
3.4163897074e+01 1.7042405454e+01 2.0758420032e+01 4.9884254765e-01 2.0065949078e-02 9.0269282969e+01 8.7257926635e+00 -3.7509427575e-01 8.5371455322e+00 1.5327799763e-02 1.9290951666e-02
3.8863325970e+01 3.2702285051e+01 3.1012013355e+01 8.4146902601e-01 2.8735159354e-02 1.3010127629e+02 3.5578129971e+01 -5.1339464337e-01 8.6013218195e+00 7.0037576224e-03 7.3241102675e-03
3.0450148112e+01 2.1499312628e+01 2.2207117061e+01 7.0604952557e-01 2.1770355725e-02 9.8061087280e+01 1.4438489972e+01 -9.9504616323e-01 1.5989785589e+01 1.2153368099e-02 1.3725500451e-02
3.0764134952e+01 2.4271662429e+01 2.3755134081e+01 7.8895969175e-01 1.2702265176e-02 5.6828388563e+01 3.4488787202e+02 7.9570510977e-01 8.5959178054e+00 3.5646507007e-03 3.5802789860e-03
4.0518290667e+01 3.9624821311e+01 3.4881714166e+01 9.7794898695e-01 2.0276946420e-02 9.1232823076e+01 2.6566389669e+01 -1.1182304824e-02 9.3558784078e+00 7.2983318767e-03 7.7588977553e-03
2.8702370077e+01 2.8194786101e+01 2.4764743054e+01 9.8231560759e-01 2.9483826742e-02 1.3356444642e+02 2.6628434167e+01 -8.7694673661e-01 1.0444855477e+01 8.9822013330e-03 9.5475503606e-03
3.4421634037e+01 3.3852563197e+01 2.9716831641e+01 9.8346764017e-01 1.6336372089e-02 7.3286770048e+01 9.0164199157e+01 5.4926331008e-01 1.1227646862e+01 5.1139674791e-03 5.2017345937e-03
4.2046340545e+01 2.7797855359e+01 2.9635866667e+01 6.6112425003e-01 1.9925250804e-02 8.9626935120e+01 1.9511156557e+02 -8.3953880096e-01 9.2886565642e+00 3.8266908484e-03 3.8565315981e-03
3.0687667433e+01 2.2235221337e+01 2.2681642093e+01 7.2456537744e-01 1.3101937639e-02 5.8634121106e+01 1.9981232321e+01 -3.0804675760e-01 1.1251495283e+01 1.0674747659e-02 1.1607457954e-02
3.8137825553e+01 2.7961355801e+01 2.8360199142e+01 7.3316596830e-01 3.1015661919e-02 1.4066187739e+02 2.6861027952e+00 -4.3908874177e-01 8.6083098864e+00 1.9487928184e-02 1.0000000000e+00
3.6773988281e+01 3.2501382625e+01 3.0084982967e+01 8.8381446083e-01 2.1988183205e-02 9.9058290991e+01 7.2295013486e+01 8.3865699195e-01 1.2823776565e+01 5.4939263957e-03 5.6124513852e-03
5.5948991998e+01 5.2281980761e+01 4.7077811679e+01 9.3445795704e-01 7.4343807931e-02 3.4770346878e+02 2.0664906105e+00 -6.4240588308e-01 9.6727226820e+00 1.5266289160e-02 1.0000000000e+00
4.1597033845e+01 2.0609788262e+01 2.5183375030e+01 4.9546292986e-01 1.2058755666e-02 5.3923244933e+01 2.6999848473e+02 8.7705881942e-01 1.1828646710e+01 3.7688639315e-03 3.7900179760e-03
3.8899258864e+01 3.8682141856e+01 3.3769107360e+01 9.9441847958e-01 1.8215451016e-02 8.1831503112e+01 1.5831858749e+02 5.0799668706e-01 8.5078010886e+00 3.8183148647e-03 3.8551329800e-03
3.2623414571e+01 2.2337936320e+01 2.3417040035e+01 6.8472097768e-01 1.9061780044e-02 8.5687707878e+01 9.5371164811e+01 -8.3173917801e-01 1.0071170995e+01 5.8017166617e-03 5.8956879299e-03
3.3120237731e+01 2.5517741301e+01 2.5265366739e+01 7.7045767331e-01 4.7724444645e-02 2.1907463096e+02 6.1112560596e+00 7.9153953772e-01 8.6448898958e+00 1.5236628743e-02 2.2697863246e-02
3.6200400853e+01 3.4810271526e+01 3.0902082617e+01 9.6159906260e-01 3.2389195810e-02 1.4703897166e+02 6.2267376227e+01 7.0130862754e-01 8.1023946707e+00 5.6777796065e-03 5.8209208569e-03
5.2158479835e+01 5.1510033868e+01 4.5123282199e+01 9.8756777480e-01 2.6303553652e-02 1.1887870580e+02 9.1051261307e+01 7.3391576572e-01 1.3079972647e+01 3.9006832366e-03 3.9669549705e-03
3.7285575523e+01 3.0411827134e+01 2.9284351919e+01 8.1564590883e-01 5.4932315369e-02 2.5345858456e+02 1.1731653978e+01 -8.4721514647e-01 8.4078134460e+00 1.0832991259e-02 1.2666480419e-02
2.5214021925e+01 1.7842985205e+01 1.8410136863e+01 7.0766120762e-01 1.9203840743e-02 8.6335459633e+01 4.1264182914e+01 -7.9789856352e-01 8.9857108241e+00 9.2311749396e-03 9.5909714665e-03
2.9183209735e+01 2.4117628765e+01 2.3074579167e+01 8.2642139039e-01 1.4481120622e-02 6.4873536286e+01 3.6119553317e+01 -8.5748018154e-01 1.7490598314e+01 8.4509640634e-03 8.8312277018e-03
4.0991175660e+01 3.5818967777e+01 3.3342514537e+01 8.7382143109e-01 4.5285559193e-02 2.0751608936e+02 1.8502915838e+01 7.4645737284e-01 9.5331603088e+00 8.4685657864e-03 9.2785301461e-03
5.8125324395e+01 5.1443636143e+01 4.7586166541e+01 8.8504686518e-01 5.8883803780e-02 2.7244976375e+02 3.2772367361e+01 -7.7356343107e-01 9.8946585703e+00 5.4281228921e-03 5.6996639834e-03
7.7365680067e+01 6.5568195439e+01 6.1960927958e+01 8.4751010244e-01 1.1906152872e-01 5.7369878595e+02 2.2172738226e+01 8.1532808614e-01 8.0881937570e+00 5.1479114736e-03 5.5466489435e-03
8.1080391261e+01 6.7207210868e+01 6.4206361013e+01 8.2889598610e-01 7.9222520289e-02 3.7176301529e+02 2.5447673141e+01 -7.4775264304e-01 1.0978166173e+01 4.8907116038e-03 5.2146181850e-03
6.8350011532e+01 5.8586859721e+01 5.5056136187e+01 8.5715947090e-01 5.2503379061e-02 2.4183447162e+02 5.1499974725e+01 6.8424962450e-01 9.7423659508e+00 4.1985549768e-03 4.3278027479e-03
2.6806383196e+01 1.5518722723e+01 1.7625315765e+01 5.7891893172e-01 1.1816595669e-02 5.2830726028e+01 1.5194780438e+01 -2.3376001523e-01 8.6786754975e+00 1.3859933346e-02 1.5542315119e-02
3.7210665928e+01 3.1070855698e+01 2.9576838888e+01 8.3499864684e-01 3.5845419602e-02 1.6314040032e+02 1.8962273508e+01 -8.7649555331e-01 1.1793807219e+01 9.0951035832e-03 9.9401389658e-03
5.9808238701e+01 1.9985099195e+01 2.9247386627e+01 3.3415294663e-01 2.9563223865e-02 1.3393193653e+02 1.5958134849e+01 -5.7828427926e-01 1.0413604350e+01 9.8082130188e-03 1.0929099906e-02
4.1956167409e+01 3.9314093420e+01 3.5352498641e+01 9.3702775654e-01 3.6441332956e-02 1.6592447096e+02 1.5455142096e+01 8.9642023177e-01 1.5722174374e+01 8.7809265232e-03 9.8246602017e-03
5.0490905874e+01 4.8437107290e+01 4.3049782283e+01 9.5932339598e-01 1.1441658755e-01 5.4966055997e+02 3.7167078821e+00 7.4766291787e-01 8.1641883066e+00 1.2661196609e-02 1.0000000000e+00
5.7553443734e+01 4.3861206381e+01 4.3658719436e+01 7.6209525504e-01 1.2717433853e-01 6.1599060315e+02 6.0156046579e+00 -9.7912761664e-01 8.9020783400e+00 1.0402846890e-02 1.5675807861e-02
3.3467548318e+01 2.9850318475e+01 2.7506698416e+01 8.9191829026e-01 2.7538825311e-02 1.2457496856e+02 4.4828764252e+01 9.2790695860e-01 1.1719437271e+01 6.9273002831e-03 7.1743979612e-03
3.1235649791e+01 2.6423225486e+01 2.4992436203e+01 8.4593167302e-01 2.8897025553e-02 1.3084972070e+02 1.8292388406e+01 9.4051754839e-01 1.2647186029e+01 1.0285052733e-02 1.1282195587e-02
2.8781205779e+01 2.7219083857e+01 2.4364159743e+01 9.4572423637e-01 2.1708173548e-02 9.7776478093e+01 4.5690469619e+01 7.8738163462e-01 1.0919049597e+01 7.4462428066e-03 7.7065146184e-03
3.0247384361e+01 2.4969050838e+01 2.3902330228e+01 8.2549454658e-01 1.3673396401e-02 6.1217850275e+01 1.0742049032e+02 -7.3205695405e-01 1.2350216535e+01 5.4960621776e-03 5.5748327030e-03
6.8480997021e+01 4.7105931139e+01 4.9272620026e+01 6.8786865244e-01 3.7686725537e-02 1.7175035900e+02 1.3720021723e+02 -9.4326177362e-01 9.5420664799e+00 3.1440738981e-03 3.1791531137e-03
3.1375293903e+01 2.9065668856e+01 2.6285400569e+01 9.2638714224e-01 6.0531552960e-02 2.8039839366e+02 4.7027899882e+00 -9.0473041036e-01 8.5863061075e+00 1.6274720075e-02 3.3196116844e-02
4.6713226440e+01 1.3647739804e+01 2.1210412881e+01 2.9216007637e-01 3.7252471516e-02 1.6971778912e+02 1.9386764962e+01 9.6719664979e-01 8.0528472361e+00 1.1093925320e-02 1.2098164839e-02
3.0076494299e+01 2.6482858379e+01 2.4559207984e+01 8.8051679548e-01 2.6136155889e-02 1.1810755270e+02 5.1174158576e+01 -8.4463292304e-01 9.4791428606e+00 7.0817343993e-03 7.3012057977e-03
4.0785143196e+01 3.9200133156e+01 3.4807410113e+01 9.6113756344e-01 3.5869424022e-02 1.6325250263e+02 1.2229847973e+02 9.8626612365e-01 8.7046667208e+00 4.0834514211e-03 4.1346914305e-03
3.8574441545e+01 3.5664191739e+01 3.2284437680e+01 9.2455497242e-01 1.6221681170e-02 7.2765999736e+01 2.4252800377e+02 -9.1370898434e-01 1.1605344370e+01 3.3507843756e-03 3.3717465838e-03
3.7453005832e+01 2.4973201992e+01 2.6515703502e+01 6.6678765663e-01 3.9951517917e-02 1.8237087868e+02 4.4937133906e+01 -9.8585808320e-01 8.2353547971e+00 7.0286363602e-03 7.2787038730e-03
7.5004873670e+01 6.5972400721e+01 6.1212658469e+01 8.7957485284e-01 1.2105338445e-01 5.8404621150e+02 1.7991586405e+01 9.9466587288e-01 1.0211193767e+01 5.6037336695e-03 6.1578403317e-03
3.7272443318e+01 3.6424390541e+01 3.2075861385e+01 9.7724719119e-01 2.0368158762e-02 9.1649444912e+01 1.6159977818e+02 8.0537749874e-01 1.0286099637e+01 3.9076975428e-03 3.9445991446e-03
3.8051455283e+01 3.3681602597e+01 3.1154052122e+01 8.8515938079e-01 4.8164685830e-02 2.2116514551e+02 4.6300860725e+01 -9.8575908334e-01 8.2603532073e+00 6.2533077519e-03 6.4688152863e-03
3.6658947657e+01 3.4341783277e+01 3.0885108990e+01 9.3679130124e-01 1.5215033675e-02 6.8198947998e+01 2.2009843491e+02 -7.7702887741e-01 1.0976832907e+01 3.5747641879e-03 3.5994355222e-03
8.0273713197e+01 4.2642735799e+01 5.0434654054e+01 5.3121668478e-01 2.1206109216e-02 9.5479459732e+01 2.3727053280e+02 -9.1412225185e-01 1.0541111501e+01 2.5486064882e-03 2.5649077864e-03
3.2695593400e+01 2.9444588863e+01 2.7003641057e+01 9.0056750162e-01 2.2885374494e-02 1.0316891034e+02 3.5746327601e+01 5.5357222671e-01 9.5321695199e+00 7.6502943740e-03 7.9984322997e-03
5.1574475028e+01 4.4330508207e+01 4.1602006826e+01 8.5954356653e-01 5.5101540117e-02 2.5426984805e+02 8.9606549091e+00 3.8613995158e-01 8.2039204665e+00 9.6225017721e-03 1.2011251919e-02
4.3644817741e+01 4.0914023698e+01 3.6783336586e+01 9.3743142521e-01 5.2147360842e-02 2.4013386073e+02 1.5706271282e+01 -7.5263809544e-01 9.9084574389e+00 8.4345812381e-03 9.4174639590e-03
5.7211171709e+01 5.6405062572e+01 4.9452844665e+01 9.8590993484e-01 1.1081322421e-01 5.3110134324e+02 3.7000613234e+00 5.5601289634e-01 8.1992035534e+00 1.1653253590e-02 1.0000000000e+00
4.4847842684e+01 3.4676445410e+01 3.4274073193e+01 7.7320208364e-01 4.1462757143e-02 1.8947626122e+02 4.5460896363e+01 -8.5260463040e-01 9.3758494569e+00 5.9556008065e-03 6.1648898363e-03
3.5435339090e+01 3.0937581473e+01 2.8810817813e+01 8.7307141029e-01 1.0373192511e-02 4.6326902266e+01 1.8163368951e+01 -3.7978354966e-01 2.1684823500e+01 9.5433030577e-03 1.0476347708e-02
3.4783201653e+01 2.6762365459e+01 2.6515332369e+01 7.6940489048e-01 2.4962106705e-02 1.1270425478e+02 4.2506971804e+01 -6.2164499264e-01 8.8758737990e+00 7.2421935496e-03 7.5156306221e-03
7.6018674327e+01 4.8046906326e+01 5.2338487750e+01 6.3204083406e-01 4.8975582737e-02 2.2501901403e+02 6.4031062982e+01 6.1520904712e-01 8.2801578178e+00 4.0020511299e-03 4.1000404098e-03
1.9419796083e+01 7.4469943105e+00 1.0239818408e+01 3.8347438246e-01 1.1892762998e-02 5.3174316909e+01 7.6398715762e+00 -8.8309914976e-01 8.7608381923e+00 2.5183828641e-02 3.3256133479e-02
4.5991052633e+01 4.3059702873e+01 3.8736386501e+01 9.3626260779e-01 1.2142552774e-02 5.4301392161e+01 8.4228984468e+01 1.8659137072e-01 1.3178643246e+01 4.4567899174e-03 4.5388519191e-03
3.4700144128e+01 3.1334833327e+01 2.8698579031e+01 9.0301738261e-01 5.4055021447e-02 2.4925577549e+02 1.7088744850e+01 -9.4181930895e-01 8.3516499847e+00 9.5323972759e-03 1.0534930995e-02
3.3609934759e+01 2.6127337314e+01 2.5756604879e+01 7.7736947428e-01 1.7168853310e-02 7.7069402507e+01 1.6212327612e+02 8.1080088013e-01 1.0018264692e+01 4.4854155646e-03 4.5276335928e-03
3.2719248362e+01 2.2084317426e+01 2.3311521290e+01 6.7496408173e-01 2.9294784002e-02 1.3268962795e+02 4.8685360401e+00 -8.2678360469e-01 1.3181207718e+01 1.7643199887e-02 3.3674899542e-02
5.2344164317e+01 4.7321887029e+01 4.3316039847e+01 9.0405277545e-01 2.2727655016e-02 1.0244590737e+02 2.7532190720e+02 9.9630464736e-01 9.1635423491e+00 2.6483476184e-03 2.6629220570e-03
4.3089273521e+01 2.8327384514e+01 3.0282064847e+01 6.5741151334e-01 1.9852220759e-02 8.9293573647e+01 6.4332451502e+01 6.3356647293e-01 1.1735593074e+01 5.7237775658e-03 5.8632366234e-03
2.9422043952e+01 2.8369870394e+01 2.5150388550e+01 9.6423859744e-01 3.9008051378e-02 1.7794252396e+02 1.5701148318e+01 -7.7737135874e-01 8.2717001987e+00 1.0782493489e-02 1.2039482062e-02
3.7033048150e+01 3.4199523881e+01 3.0976331737e+01 9.2348660425e-01 1.1809754530e-02 5.2799867553e+01 7.0954441996e+00 -1.7871814167e-02 1.9400216584e+01 1.2963517751e-02 1.7693717755e-02
3.1792330743e+01 2.9183966382e+01 2.6512324152e+01 9.1795617684e-01 1.5038796857e-02 6.7400077655e+01 1.7957653492e+02 -8.8227544192e-01 1.2154864511e+01 4.2449308581e-03 4.2809414526e-03
5.1868875742e+01 4.3193411884e+01 4.1171145931e+01 8.3274239641e-01 2.3000603886e-02 1.0369723855e+02 1.9350810203e+02 -6.4524728168e-01 8.0678329746e+00 3.1197193908e-03 3.1442516430e-03
3.5832820679e+01 2.9467107555e+01 2.8261067471e+01 8.2234965031e-01 1.3795288254e-02 6.1769241610e+01 2.2053415813e+02 -7.9357046163e-01 1.1513244942e+01 3.7792491516e-03 3.8052795583e-03
5.5458196635e+01 4.8751327674e+01 4.5247004402e+01 8.7906442389e-01 5.6263744159e-02 2.5984640250e+02 1.3903389665e+01 -9.6196511176e-01 1.5507125462e+01 7.7383631098e-03 8.7882097680e-03
2.5411798647e+01 2.0381088269e+01 1.9787824983e+01 8.0203249493e-01 1.9468487320e-02 8.7542522607e+01 8.5167703359e+01 -9.8689807846e-01 9.8235067587e+00 6.7233423423e-03 6.8457274549e-03
3.3603870102e+01 3.1926785671e+01 2.8512663825e+01 9.5009252131e-01 2.6260228147e-02 1.1867909996e+02 1.0044788768e+01 -3.3460227278e-01 9.3424907530e+00 1.1878411936e-02 1.4370380314e-02
3.5053298509e+01 2.7113523328e+01 2.6793976716e+01 7.7349420687e-01 1.2914844095e-02 5.7788693296e+01 6.1480291134e+01 -1.8709651280e-01 9.2029396489e+00 6.3115852875e-03 6.4728391321e-03
8.5265855619e+01 5.5328558940e+01 5.9517008545e+01 6.4889466644e-01 3.4320300169e-02 1.5602571541e+02 6.9439463599e+01 -2.5938928930e-01 8.0683021546e+00 3.6141674449e-03 3.6954791352e-03
5.4910892635e+01 1.0440140878e+01 1.9587022652e+01 1.9012877731e-01 1.6655798670e-02 7.4737634842e+01 1.0864920501e+02 -9.4030774786e-01 1.0075065020e+01 6.1865254789e-03 6.2741628684e-03
3.4858449581e+01 2.6026397357e+01 2.6165644108e+01 7.4663095090e-01 3.7612652029e-02 1.7140356339e+02 2.2509868599e+01 7.7821413027e-01 8.2622609018e+00 9.1976462597e-03 9.8978373240e-03
7.9074877061e+01 3.8377079566e+01 4.7347190905e+01 4.8532582019e-01 3.3779579279e-02 1.5350690842e+02 4.2724014923e+01 2.8264346424e-01 8.4822167832e+00 5.0042888227e-03 5.1922039926e-03
3.1611698102e+01 3.0305174109e+01 2.6943683208e+01 9.5866960422e-01 1.3051637730e-02 5.8406805627e+01 1.5054207221e+01 8.6236341960e-02 1.2335813835e+01 1.0659668346e-02 1.1968577899e-02
6.7493770099e+01 5.5642548316e+01 5.3299751807e+01 8.2441013793e-01 1.7597518671e-02 7.9018979323e+01 1.1177589518e+02 -9.5810210025e-01 2.4999817012e+01 3.2722910007e-03 3.3173161436e-03
2.6729828906e+01 1.9752414103e+01 1.9957787818e+01 7.3896522767e-01 1.0912034971e-02 4.8753231904e+01 9.0026932974e+01 8.8349254882e-01 1.5608228386e+01 6.5843812182e-03 6.6975616994e-03
4.1163195417e+01 3.8688742487e+01 3.4737545191e+01 9.3988676279e-01 3.4037176429e-02 1.5470661852e+02 6.3110879397e+01 9.0457338315e-01 1.0979623776e+01 5.2456233932e-03 5.3760204450e-03
3.4013582553e+01 2.1652822200e+01 2.3506149699e+01 6.3659340107e-01 2.7531178768e-02 1.2453967673e+02 8.5797655750e+01 -9.5761603259e-01 8.2920014036e+00 5.9911079282e-03 6.0993366546e-03
6.8099361243e+01 6.1720456344e+01 5.6425459076e+01 9.0632944593e-01 1.4471484635e-01 7.0874692431e+02 3.5607943946e+00 6.5797822941e-01 8.6862301388e+00 1.0683975809e-02 1.0000000000e+00
3.7184065032e+01 1.5790772007e+01 2.0722503016e+01 4.2466502771e-01 1.2424619224e-02 5.5574606415e+01 2.6036702342e+02 7.7616542790e-01 8.8213910103e+00 4.3146734578e-03 4.3397964933e-03
6.1786636998e+01 4.8956837955e+01 4.7814665393e+01 7.9235317431e-01 3.9367503771e-02 1.7962900433e+02 1.1452905089e+02 -8.4801371615e-01 9.1292808401e+00 3.4246875924e-03 3.4706487934e-03
8.2921969807e+01 8.1029513377e+01 7.1358322920e+01 9.7717786452e-01 1.4629649572e-01 7.1719852121e+02 6.5009619260e+00 7.7716574723e-01 1.1614822701e+01 7.3551347723e-03 1.0523666784e-02
4.3150922930e+01 4.0620888874e+01 3.6443839492e+01 9.4136778812e-01 6.3031525703e-02 2.9249104542e+02 7.7919798524e+00 9.3959318230e-01 1.2096080772e+01 1.0963428577e-02 1.4362815000e-02
6.4089318257e+01 5.3537384464e+01 5.0952382552e+01 8.3535581154e-01 3.1603840785e-02 1.4339117881e+02 1.4542579101e+02 7.3474389251e-01 8.8534010071e+00 3.0234779148e-03 3.0552665652e-03
3.7739000736e+01 2.6877029970e+01 2.7646168334e+01 7.1218181313e-01 4.5834761221e-02 2.1011555390e+02 4.1735372250e+00 -7.6367324457e-01 1.0282842449e+01 1.6635864361e-02 5.4822929277e-02
7.2775478565e+01 7.0784173605e+01 6.2480754048e+01 9.7263769336e-01 4.5836952126e-02 2.1012592772e+02 2.3784775174e+01 4.1901785043e-01 1.2482673285e+01 5.2035795241e-03 5.5755815236e-03
3.4352291030e+01 2.1240334440e+01 2.3381200024e+01 6.1830910845e-01 2.4903320340e-02 1.1243394348e+02 2.0878791660e+01 -9.7719667690e-01 1.3495765906e+01 1.0228517014e-02 1.1077689166e-02
3.9431846924e+01 2.7288635935e+01 2.8460697005e+01 6.9204559419e-01 1.9699029940e-02 8.8594416286e+01 9.6048795278e+01 -7.1101051293e-01 1.0572965320e+01 5.1202104431e-03 5.2025407542e-03
3.5151987179e+01 3.4504374135e+01 3.0318119781e+01 9.8157677288e-01 3.0140459628e-02 1.3660492382e+02 4.4073285111e+01 -5.7706355504e-01 8.1340173974e+00 6.5498411311e-03 6.7877516639e-03
3.0838998560e+01 2.3973108400e+01 2.3633033479e+01 7.7736338789e-01 1.7846675228e-02 8.0152710813e+01 5.1774105834e+01 -5.4687961996e-01 9.2796612542e+00 7.2590095869e-03 7.4812192884e-03
4.0703179531e+01 3.1398274757e+01 3.1069314244e+01 7.7139611987e-01 2.0886230871e-02 9.4016842838e+01 8.0143459593e+01 7.7426370597e-01 1.2579839348e+01 5.1838458309e-03 5.2843354916e-03
3.0364813217e+01 2.6489533975e+01 2.4678242284e+01 8.7237598946e-01 1.4342529830e-02 6.4245976426e+01 9.2169336918e+01 7.4278515609e-01 1.2990502210e+01 5.7034683062e-03 5.7991569892e-03
7.5138879463e+01 6.7496846626e+01 6.1978813102e+01 8.9829455947e-01 1.4284702470e-01 6.9878470996e+02 3.9049423797e+00 9.4654483499e-01 1.4314386639e+01 9.7425054750e-03 1.0000000000e+00
4.4934600544e+01 3.2531284583e+01 3.3197636203e+01 7.2396959556e-01 5.8665218716e-02 2.7139662291e+02 1.1634125641e+01 7.3061650866e-01 8.1845549639e+00 1.0025463447e-02 1.1741399774e-02
3.8776424360e+01 2.0979970848e+01 2.4600657001e+01 5.4104965051e-01 2.2141090511e-02 9.9758481501e+01 8.6599584066e+01 9.7542498185e-01 1.1015897543e+01 5.8219214945e-03 5.9260877034e-03
3.8663213224e+01 2.2110904339e+01 2.5257998772e+01 5.7188480975e-01 1.9383854698e-02 8.7156459306e+01 8.3079664927e+01 6.8009523105e-01 9.5025059666e+00 5.8263931520e-03 5.9352088402e-03
6.5151753644e+01 2.3039803197e+01 3.2866807645e+01 3.5363289410e-01 2.2863633628e-02 1.0306923808e+02 6.0616340827e+01 4.8505536954e-01 9.4963316318e+00 5.5506016589e-03 5.6945319086e-03
2.5787066194e+01 2.0743735344e+01 2.0110609450e+01 8.0442401580e-01 3.0165343744e-02 1.3672020321e+02 7.0856345151e+00 7.8265677303e-01 9.3311273995e+00 1.6800457491e-02 2.2946103960e-02
3.4290916483e+01 3.2624059172e+01 2.9115589547e+01 9.5139070395e-01 2.1026877317e-02 9.4659853120e+01 5.6906221454e+01 8.0065188852e-01 1.3345661378e+01 6.1377488005e-03 6.3078155680e-03
8.5332699711e+01 7.6879534916e+01 7.0491867869e+01 9.0093873951e-01 8.9939136716e-02 4.2513121149e+02 8.3166038187e+00 -5.2164979220e-01 1.2203824076e+01 6.9739318156e-03 8.9182394854e-03
2.8562494662e+01 2.5533141900e+01 2.3502160614e+01 8.9393948961e-01 3.0856592850e-02 1.3992414660e+02 9.7614672516e+00 -7.7356420345e-01 1.0579952427e+01 1.3510185223e-02 1.6463780021e-02
4.5381790878e+01 4.1231733137e+01 3.7648769857e+01 9.0855235855e-01 1.1186066874e-01 5.3648822142e+02 4.1587096520e+00 8.9821022578e-01 8.3086143528e+00 1.3218602530e-02 4.4985107941e-02
8.1884011549e+01 7.4044218161e+01 6.7768708304e+01 9.0425733620e-01 1.7527780857e-01 8.7457884074e+02 6.7536249340e+00 9.5279839419e-01 1.0959111801e+01 7.3724748765e-03 1.0321085090e-02
3.1657446574e+01 1.7447128740e+01 2.0281287296e+01 5.5112242549e-01 1.0798426507e-02 4.8241507001e+01 7.2247466282e+01 8.6140089294e-01 1.6695118097e+01 7.0796569426e-03 7.2324967443e-03
6.0986826139e+01 5.8547664368e+01 5.2017409140e+01 9.6000510397e-01 3.4283171759e-02 1.5585270117e+02 3.5704326135e+01 1.3988023731e-01 8.5782013606e+00 5.0455419084e-03 5.2754399705e-03
5.8148939358e+01 2.5413982349e+01 3.2912887828e+01 4.3704980055e-01 5.7019011165e-02 2.6347499534e+02 1.4124747012e+01 -9.7044667700e-01 1.0242461832e+01 9.3815046081e-03 1.0629092410e-02
2.9732137716e+01 2.9480893308e+01 2.5773690341e+01 9.9154973617e-01 1.6662666830e-02 7.4768838139e+01 5.4929243614e+01 6.6558419617e-01 1.2563675882e+01 6.7301300977e-03 6.9236819024e-03
3.0773643908e+01 2.7155443413e+01 2.5156033038e+01 8.8242534729e-01 1.4292941633e-02 6.4021464887e+01 1.9691759437e+01 -2.7837918127e-01 1.1446739663e+01 1.0053344679e-02 1.0946881140e-02
3.3639573945e+01 2.8080013988e+01 2.6734008409e+01 8.3473155855e-01 2.7172300734e-02 1.2288374621e+02 1.3992210472e+01 6.9861161483e-01 1.2017015388e+01 1.0914937599e-02 1.2383845942e-02
3.5885797664e+01 3.3555902929e+01 3.0205835333e+01 9.3507474024e-01 4.0625221605e-02 1.8553659171e+02 5.3464004755e+01 9.9826698993e-01 9.1263689677e+00 6.0678094865e-03 6.2473597600e-03
3.8959166546e+01 3.1595773894e+01 3.0509683816e+01 8.1099717204e-01 6.9737832540e-02 3.2512561061e+02 4.7730312388e+00 -9.0604822316e-01 9.4021352859e+00 1.4665638486e-02 2.9025181048e-02
3.9184542804e+01 3.6837105926e+01 3.3071410288e+01 9.4009278377e-01 3.4397181746e-02 1.5638400368e+02 5.3527992785e+01 9.2536411431e-01 1.1092562884e+01 5.7526156205e-03 5.9226244161e-03
6.9929230094e+01 4.1120654091e+01 4.6358314194e+01 5.8803241556e-01 1.2610251846e-01 6.1038096714e+02 7.0202142827e+00 -8.4819281949e-01 8.0548840311e+00 9.4617915731e-03 1.2981970156e-02
3.1221651254e+01 2.8676352650e+01 2.6043862786e+01 9.1847648982e-01 1.0667381718e-02 4.7651351698e+01 8.3123659140e+01 7.1493656456e-01 1.8568628290e+01 5.7455018411e-03 5.8527480197e-03
3.0322949916e+01 2.8045912130e+01 2.5383316521e+01 9.2490711516e-01 1.5183158812e-02 6.8054445867e+01 1.3177038749e+02 8.1868247305e-01 1.2202461980e+01 4.8984206609e-03 4.9553739382e-03
2.4579395259e+01 1.7792900304e+01 1.8158265620e+01 7.2389495823e-01 1.0401572534e-02 4.6454644685e+01 1.5755387488e+02 -5.2645404867e-01 8.1772799766e+00 5.6644089250e-03 5.7192978464e-03
6.8060663606e+01 5.6501693154e+01 5.3938295917e+01 8.3016665075e-01 8.7479082179e-02 4.1281753462e+02 1.3634734705e+01 7.6739696395e-01 1.0284450065e+01 6.8585040583e-03 7.8123555301e-03
3.4532162211e+01 2.6566440761e+01 2.6322554380e+01 7.6932456760e-01 3.1192955428e-02 1.4148432554e+02 7.5502289332e+00 4.0303982495e-01 8.2559732039e+00 1.3856170454e-02 1.8387899766e-02
4.0902447274e+01 2.9826261475e+01 3.0331209075e+01 7.2920481447e-01 2.5088435585e-02 1.1328521729e+02 2.6949862465e+01 8.1419651417e-01 1.4752859276e+01 7.8986910125e-03 8.3892145189e-03
7.4354178288e+01 6.4146837730e+01 6.0089388745e+01 8.6272001395e-01 3.2889745159e-02 1.4936602064e+02 1.0056470319e+02 7.9788156056e-01 1.2912214638e+01 3.1294737067e-03 3.1774702597e-03
4.1773436467e+01 4.0006567479e+01 3.5586843741e+01 9.5770352797e-01 4.9432583544e-02 2.2719282271e+02 5.8867964691e+00 5.4273051030e-01 1.0188318827e+01 1.2461307139e-02 1.9092875366e-02
2.7847290676e+01 2.3885142962e+01 2.2438503761e+01 8.5771873610e-01 1.0949490471e-02 4.8921961175e+01 3.6439083153e+02 7.3225900557e-01 8.6312663277e+00 3.6224788437e-03 3.6375041541e-03
5.4733379788e+01 3.4115116200e+01 3.7410150626e+01 6.2329635648e-01 3.2075522885e-02 1.4558154752e+02 1.5869447240e+02 -8.9764315131e-01 8.2184098938e+00 3.5483135006e-03 3.5824456489e-03
2.0004118127e+01 1.8714829622e+01 1.6842186171e+01 9.3554884564e-01 1.5138937839e-02 6.7853984895e+01 1.9758015787e+02 -9.8562978023e-01 8.0903390422e+00 5.4380040435e-03 5.4798725686e-03
3.7250367682e+01 3.2809685869e+01 3.0421840758e+01 8.8078824211e-01 2.6506271805e-02 1.1981281766e+02 8.2213776949e+01 8.4176112605e-01 1.0362446644e+01 5.1847113514e-03 5.2825982861e-03
3.0873073021e+01 2.9437450174e+01 2.6242754068e+01 9.5349919180e-01 2.0118977287e-02 9.0511413627e+01 4.8493270313e+01 -9.2483259052e-01 1.4720185574e+01 6.9582902781e-03 7.1865875653e-03
3.7892600704e+01 3.0797620303e+01 2.9707353326e+01 8.1276079581e-01 2.3867283564e-02 1.0767379741e+02 2.3468250162e+01 8.2399075284e-01 1.5827918046e+01 8.4342837953e-03 9.0465061243e-03
3.4669249052e+01 3.1902717264e+01 2.8947095167e+01 9.2020214271e-01 4.2171264342e-02 1.9281255526e+02 1.0409332840e+01 8.6007721914e-01 1.1192360095e+01 1.1499318562e-02 1.3792750542e-02
4.0293532002e+01 3.4927585234e+01 3.2641821348e+01 8.6682858263e-01 2.2930604750e-02 1.0337628113e+02 2.5300784625e+01 1.3347626547e-01 8.1298053496e+00 7.7353977441e-03 8.2510561988e-03
3.1664972429e+01 1.3699426510e+01 1.7824849370e+01 4.3263661576e-01 1.6892922212e-02 7.5815112503e+01 1.2651045539e+02 -9.5631558103e-01 8.6364273439e+00 6.1970521758e-03 6.2721671998e-03
8.3630778430e+01 8.2509642220e+01 7.2314842511e+01 9.8659421530e-01 1.3479251530e-01 6.5605638257e+02 2.6038360698e+01 -8.4411984166e-01 8.1672753176e+00 4.3624020255e-03 4.6439610475e-03
3.2241203231e+01 2.9142411908e+01 2.6677894309e+01 9.0388723086e-01 2.9914599887e-02 1.3555878109e+02 1.1527215094e+02 9.8803853589e-01 8.2319199093e+00 4.9479877717e-03 5.0139538854e-03
3.0775203495e+01 2.8385855456e+01 2.5726136188e+01 9.2236125948e-01 1.0911769632e-02 4.8752036644e+01 4.0707857218e+01 -4.2777930216e-01 1.5410387743e+01 7.5659160174e-03 7.8651356909e-03
3.8968173094e+01 3.1026161328e+01 3.0230844376e+01 7.9619235044e-01 1.5921034064e-02 7.1401286410e+01 2.7694469983e+02 7.0423127788e-01 8.2817309389e+00 3.3224193892e-03 3.3405951775e-03
4.3614240866e+01 4.2843403321e+01 3.7631080507e+01 9.8232601258e-01 2.7344552069e-02 1.2367844005e+02 1.7057869545e+02 -7.9584150141e-01 8.3102379116e+00 3.4507197582e-03 3.4815624533e-03
6.0293504153e+01 4.6013942943e+01 4.5770246040e+01 7.6316584331e-01 3.4784093450e-02 1.5818770105e+02 1.4970619558e+02 -8.7289099622e-01 8.6991282480e+00 3.1919803435e-03 3.2245630003e-03
3.9963773645e+01 3.3941824715e+01 3.2040961385e+01 8.4931480738e-01 4.9968461959e-02 2.2974354025e+02 2.5257797920e+01 -9.5789059674e-01 9.5167113325e+00 7.7040894366e-03 8.2186459060e-03
6.1949988031e+01 6.0643277186e+01 5.3358180424e+01 9.7890700407e-01 1.1856996279e-01 5.7114878876e+02 2.0254335804e+01 9.6940277684e-01 8.3109044666e+00 5.8487275089e-03 6.3517322116e-03
3.3614460588e+01 2.9960974305e+01 2.7617946199e+01 8.9131206573e-01 3.1486378722e-02 1.4284594291e+02 4.6829155667e+01 -9.6321614689e-01 1.0570265206e+01 6.7813759599e-03 7.0122780420e-03
3.6332236296e+01 3.5466326059e+01 3.1249411994e+01 9.7616688854e-01 2.5556571689e-02 1.1543900698e+02 3.0125881712e+01 -6.1615404163e-01 1.1596628232e+01 7.4334839956e-03 7.8413928906e-03
3.2437493790e+01 1.4707686548e+01 1.8726970842e+01 4.5341624242e-01 2.3146863315e-02 1.0436796670e+02 1.2634683144e+01 -9.4323417563e-01 1.1656887857e+01 1.4201383819e-02 1.6380414842e-02
5.6864800242e+01 5.3144511365e+01 4.7851468724e+01 9.3457659464e-01 6.8887930243e-02 3.2097407134e+02 1.9935619948e+01 -6.4536849412e-01 8.6382827812e+00 6.4795140363e-03 7.0471777903e-03
8.0618488406e+01 5.5275713473e+01 5.7908353815e+01 6.8564562008e-01 8.1527801850e-02 3.8318317238e+02 5.0665572971e+01 8.6437920445e-01 8.1443275769e+00 4.0240796346e-03 4.1501156578e-03
3.0507961824e+01 2.5480526727e+01 2.4252315462e+01 8.3520907998e-01 4.1320073492e-02 1.8880477176e+02 2.0425592918e+01 9.4083859665e-01 8.3358002807e+00 9.9803169885e-03 1.0830273936e-02
3.4760767457e+01 2.7970192803e+01 2.7112808256e+01 8.0464831041e-01 5.0456496400e-02 2.3206813402e+02 5.0027600586e+00 8.4391111549e-01 9.9824496615e+00 1.5689957117e-02 2.8666620634e-02
5.3701046634e+01 5.3584130302e+01 4.6698552332e+01 9.9782282953e-01 4.4313946989e-02 2.0292206773e+02 2.2073266419e+01 8.5325782618e-01 1.5846734010e+01 6.4252008226e-03 6.9254490612e-03
2.4732468361e+01 2.1502986545e+01 2.0066180764e+01 8.6942339241e-01 1.4405855418e-02 6.4532708212e+01 2.6077126142e+02 9.7993768485e-01 9.1635708711e+00 4.3944097825e-03 4.4199570097e-03
2.7239887404e+01 8.9256310346e+00 1.3177942368e+01 3.2766769196e-01 1.2679770590e-02 5.6726789181e+01 7.3675572182e+01 -8.4745480346e-01 8.1179044887e+00 9.1907211038e-03 9.3851388560e-03
3.7116749958e+01 2.9347066376e+01 2.8692191870e+01 7.9066907554e-01 3.1866922623e-02 1.4461268205e+02 7.4633636771e+01 -9.0228635586e-01 8.9140938289e+00 5.5584426666e-03 5.6744564760e-03
5.1646459135e+01 3.2828837942e+01 3.5664134711e+01 6.3564547292e-01 1.0228473990e-01 4.8748598311e+02 4.8986177554e+00 -9.1378746352e-01 8.2376706029e+00 1.2928993936e-02 2.4420339120e-02
3.1308424061e+01 2.1242894512e+01 2.2367024659e+01 6.7850411349e-01 1.6034330238e-02 7.1915495480e+01 2.3162795086e+02 -9.6688899278e-01 9.4865425480e+00 4.2884589451e-03 4.3165648795e-03
3.3580191984e+01 3.0013006844e+01 2.7628256223e+01 8.9377115111e-01 3.5122217716e-02 1.5976476456e+02 5.6016636640e+00 4.8520330692e-01 9.3429447702e+00 1.4999824100e-02 2.3987821365e-02
3.6579665201e+01 2.9927929769e+01 2.8775017254e+01 8.1815756390e-01 2.0513017744e-02 9.2311217092e+01 1.6145442099e+02 -8.9481806216e-01 1.0228102373e+01 4.1831715617e-03 4.2227107342e-03
2.6957901444e+01 1.9578943139e+01 1.9949214924e+01 7.2627845977e-01 1.8207869853e-02 8.1796981957e+01 2.7950186158e+01 -7.5519305220e-01 1.0994870026e+01 1.0166584321e-02 1.0772797499e-02
2.7838792552e+01 2.0309378388e+01 2.0648678234e+01 7.2953517468e-01 2.9415388779e-02 1.3324771417e+02 1.6830707722e+01 -7.6166290931e-01 8.1199645313e+00 1.1952411330e-02 1.3232744978e-02
3.2693268572e+01 1.8645363280e+01 2.1326945386e+01 5.7031199677e-01 1.8023530362e-02 8.0957702088e+01 2.2395612369e+02 -9.8521918248e-01 8.3346395962e+00 4.4686937664e-03 4.4989967118e-03
6.0556639509e+01 5.9530519315e+01 5.2268681953e+01 9.8305519919e-01 7.3350310325e-02 3.4282222622e+02 2.6887176847e+01 -7.4259586290e-01 9.1786085570e+00 5.4667208113e-03 5.8070994234e-03
8.4306426591e+01 6.7967132323e+01 6.5821970160e+01 8.0619159264e-01 7.2226397994e-02 3.3730768639e+02 5.6064659067e+01 8.8312166912e-01 9.8675502804e+00 3.5954349901e-03 3.6966322609e-03
8.1652138106e+01 5.4174815057e+01 5.7658296557e+01 6.6348311648e-01 3.8392402247e-02 1.7505597446e+02 7.4345195658e+01 7.2157527689e-01 1.1969537773e+01 3.5845639591e-03 3.6596812328e-03
4.4351576708e+01 4.3786250408e+01 3.8363270511e+01 9.8725352418e-01 3.8101710559e-02 1.7369388819e+02 4.4297771993e+01 -7.8483190332e-01 1.0869150321e+01 5.6160417790e-03 5.8189302039e-03
3.0436608393e+01 2.3759183415e+01 2.3374565511e+01 7.8061205467e-01 2.0939630388e-02 9.4260960349e+01 8.8450965186e+00 -9.3234599775e-01 1.8656290670e+01 1.4151990262e-02 1.7735464805e-02
3.3595769287e+01 2.1837764494e+01 2.3471516371e+01 6.5001531317e-01 2.2205956629e-02 1.0005556222e+02 1.6426986361e+02 -9.9135456642e-01 8.4952358107e+00 4.7155983786e-03 4.7593930344e-03
2.8018784907e+01 2.7996431394e+01 2.4382036722e+01 9.9920219549e-01 3.1104090026e-02 1.4107206135e+02 1.5595930514e+01 -9.3647755688e-01 1.1787330842e+01 1.1074106659e-02 1.2375801495e-02
8.1466357959e+01 6.8674053876e+01 6.5067342729e+01 8.4297439577e-01 1.4917084751e-01 7.3259450712e+02 3.9331350700e+00 6.6726222819e-01 1.0851280721e+01 9.3929362682e-03 1.0000000000e+00
3.7266831178e+01 2.6842283621e+01 2.7460042184e+01 7.2027276730e-01 2.9531670102e-02 1.3378588476e+02 1.0166658571e+02 -8.7928882183e-01 8.0422123555e+00 5.0949606501e-03 5.1722311034e-03
2.7247764021e+01 1.5649328372e+01 1.7840637645e+01 5.7433440630e-01 2.8397344986e-02 1.2853983094e+02 1.2224011872e+01 -9.6210389517e-01 9.1456710380e+00 1.4773503770e-02 1.7140846678e-02
3.4733474454e+01 2.4049829913e+01 2.5076408950e+01 6.9241071592e-01 1.6796815412e-02 7.5378362690e+01 3.1084658575e+02 -8.9917126444e-01 8.0207387452e+00 3.5739934662e-03 3.5913940315e-03
3.1316833740e+01 1.5953624546e+01 1.9242627184e+01 5.0942648540e-01 1.5884530404e-02 7.1235628194e+01 1.1961275740e+02 8.3386329911e-01 8.9781678111e+00 6.0368618056e-03 6.1143548233e-03
7.1022077708e+01 6.5010678686e+01 5.9142291057e+01 9.1535872765e-01 1.4341987321e-01 7.0183791629e+02 3.5700774608e+00 6.1189024412e-01 8.8730138426e+00 1.0371741952e-02 1.0000000000e+00
5.7013079170e+01 5.0011211069e+01 4.6465289772e+01 8.7718838901e-01 8.7755896221e-02 4.1420125276e+02 6.1767741611e+00 7.5687116262e-01 1.0718155240e+01 1.0129722239e-02 1.4977977295e-02
3.4164032717e+01 3.3919303301e+01 2.9634763515e+01 9.9283663560e-01 2.6047289145e-02 1.1769824457e+02 3.1182072799e+01 6.7760215154e-01 1.1361910514e+01 7.5831709766e-03 7.9837926971e-03
3.7491488576e+01 2.9028418391e+01 2.8672351246e+01 7.7426689347e-01 5.5698722893e-02 2.5713420625e+02 5.1203501165e+00 -8.3965948882e-01 9.7817919515e+00 1.4972913168e-02 2.6471955029e-02
8.0735692368e+01 3.5888967355e+01 4.6116659784e+01 4.4452417887e-01 6.8429102292e-02 3.1873471328e+02 9.7796715307e+00 -9.9174030138e-01 1.5010294438e+01 8.6630719574e-03 1.0551879874e-02
3.3274634642e+01 3.0481033782e+01 2.7719285530e+01 9.1604413122e-01 1.2967432048e-02 5.8026301067e+01 1.6460214701e+01 8.2900019417e-01 2.9168978676e+01 1.0127948527e-02 1.1242495547e-02
3.1046903220e+01 2.7573133799e+01 2.5462053832e+01 8.8811220892e-01 2.9718674900e-02 1.3465156287e+02 5.0900690390e+01 8.9951901307e-01 9.2683318550e+00 6.9225619740e-03 7.1383200590e-03
3.7975916070e+01 2.6454873158e+01 2.7503608362e+01 6.9662238322e-01 3.4973670048e-02 1.5907182326e+02 4.8177343541e+00 8.9643130832e-01 1.5463981724e+01 1.5918616273e-02 3.0955782838e-02
3.5278930175e+01 3.0474338846e+01 2.8528986895e+01 8.6381130874e-01 4.2943510554e-02 1.9645270223e+02 3.4914743208e+01 -9.6316205726e-01 8.7939440630e+00 7.3675902351e-03 7.7115497890e-03
7.5195244219e+01 5.9753278655e+01 5.8277060988e+01 7.9464172603e-01 6.7406930688e-02 3.1375066739e+02 1.5107045627e+01 3.3992344525e-01 8.3245243714e+00 6.3618895914e-03 7.1396841098e-03
3.5043061593e+01 3.4270672614e+01 3.0168307269e+01 9.7795886135e-01 7.3739941016e-02 3.4473581922e+02 6.3731149317e+00 9.2179997542e-01 8.3395427235e+00 1.3220794496e-02 1.9148948079e-02
5.0336845626e+01 4.3571602810e+01 4.0748608861e+01 8.6560058081e-01 4.5486628138e-02 2.0846755575e+02 1.5456171692e+01 5.2241390125e-01 9.8157228412e+00 7.9912179328e-03 8.9410059127e-03
2.9167357278e+01 2.4626152642e+01 2.3314720460e+01 8.4430524189e-01 1.7137654004e-02 7.6927555460e+01 8.9832907357e+01 -8.3745629852e-01 1.1414864286e+01 5.9566383298e-03 6.0592565893e-03
2.9739877003e+01 1.8167362187e+01 2.0113997726e+01 6.1087549842e-01 3.4525674676e-02 1.5698290078e+02 7.8129380163e+00 8.7958568542e-01 8.9426725952e+00 1.6151600242e-02 2.1137252952e-02
4.4364551206e+01 4.0159526602e+01 3.6736579579e+01 9.0521656390e-01 9.1177294799e-02 4.3134282488e+02 5.1625776548e+00 7.7107761091e-01 8.0759031088e+00 1.2523464666e-02 2.1903636800e-02
3.8781755256e+01 2.2510714589e+01 2.5534574267e+01 5.8044599686e-01 2.6803088590e-02 1.2118101962e+02 6.6117906058e+00 3.3588880900e-01 8.6858622642e+00 1.4882168469e-02 2.1083076879e-02
3.1916601194e+01 2.9027650254e+01 2.6491744744e+01 9.0948438016e-01 1.6025832232e-02 7.1876923226e+01 1.2827981989e+02 -9.6436688781e-01 1.4252821186e+01 4.8150610188e-03 4.8726020372e-03
2.5520538971e+01 2.2790051325e+01 2.0988075527e+01 8.9300822959e-01 1.1582477041e-02 5.1774860667e+01 1.1349660366e+02 -7.8912047245e-01 1.3156956788e+01 5.8471397090e-03 5.9263432539e-03
7.7375839049e+01 5.9223396194e+01 5.8826031945e+01 7.6539908222e-01 4.3683711606e-02 1.9994542848e+02 5.9032836061e+01 7.5886119732e-01 1.2648628438e+01 3.8474597696e-03 3.9500354665e-03
3.7430467173e+01 3.7114051366e+01 3.2447035537e+01 9.9154657071e-01 3.4790649908e-02 1.5821827426e+02 8.7672791753e+00 7.7107542996e-01 1.4914296529e+01 1.1470417597e-02 1.4414582672e-02
8.2961556763e+01 6.9197888205e+01 6.5905560388e+01 8.3409582588e-01 1.3155291413e-01 6.3897704748e+02 6.8531450506e+00 -5.6625399459e-01 8.8548340186e+00 7.6399223342e-03 1.0612097243e-02
2.5981499769e+01 2.3650202976e+01 2.1574841734e+01 9.1027089223e-01 2.4899537930e-02 1.1241655200e+02 5.8845749615e+01 -8.2888230038e-01 8.0238522776e+00 7.2926355169e-03 7.4877106645e-03
2.0406405881e+01 1.7393571371e+01 1.6390600413e+01 8.5235839532e-01 1.1031030111e-02 4.9289312974e+01 1.5239727529e+02 8.6310653796e-01 1.0257593287e+01 6.1123005341e-03 6.1735707284e-03
3.1176819302e+01 3.0205582778e+01 2.6714228670e+01 9.6884747879e-01 1.3875816946e-02 6.2133576714e+01 2.8095586178e+01 -5.5902799090e-01 1.6558264304e+01 8.4767003120e-03 8.9792394864e-03
6.1664252348e+01 6.0169911683e+01 5.3026613118e+01 9.7576649991e-01 8.4075147080e-02 3.9584084426e+02 2.3059502909e+01 -6.9969369656e-01 8.1933169857e+00 5.7033656663e-03 6.1257336025e-03
6.4965483095e+01 5.9872378066e+01 5.4284550300e+01 9.2160290686e-01 5.7010922169e-02 2.6343611340e+02 4.2331839314e+01 6.1312488890e-01 8.8593762150e+00 4.5467203284e-03 4.7191474413e-03
4.7216035061e+01 4.0408503557e+01 3.8002504620e+01 8.5582161874e-01 8.7133902693e-02 4.1109273784e+02 3.7386236377e+00 8.1642921625e-01 9.4256691440e+00 1.3870569735e-02 1.0000000000e+00
5.9439760855e+01 5.3114844178e+01 4.8899354413e+01 8.9359114865e-01 1.2362624167e-01 5.9744664190e+02 3.0034354158e+00 -8.2719385334e-01 9.2388209929e+00 1.2599716030e-02 1.0000000000e+00
3.7044770024e+01 3.5137125990e+01 3.1405826435e+01 9.4850436290e-01 1.5999373006e-02 7.1756828493e+01 1.1498312757e+02 -9.2994076664e-01 1.7115562403e+01 4.5106918349e-03 4.5709828506e-03
7.0638246196e+01 6.7139040847e+01 5.9947834356e+01 9.5046302057e-01 1.6946173980e-01 8.4261607046e+02 9.7467626605e+00 -9.5694336779e-01 8.5702729142e+00 6.9582238888e-03 8.4827627801e-03
4.0573144953e+01 3.8492189762e+01 3.4400879950e+01 9.4871102071e-01 3.9320813116e-02 1.7940989334e+02 2.7665796780e+01 6.4422428986e-01 9.0504700069e+00 7.1674977373e-03 7.5997767356e-03
4.9350266006e+01 4.4450105502e+01 4.0762091988e+01 9.0070650270e-01 2.8020011741e-02 1.2679661111e+02 9.6687864445e+00 9.5882297590e-01 2.9693068039e+01 9.6270889385e-03 1.1761174289e-02
4.2159018769e+01 3.2618049279e+01 3.2229636008e+01 7.7369090248e-01 4.9558733666e-02 2.2779311592e+02 2.4866588385e+01 8.4179196045e-01 8.5886602882e+00 7.7228184179e-03 8.2477902391e-03
6.8405002287e+01 6.0417101824e+01 5.5943620932e+01 8.8322636948e-01 9.1027528593e-02 4.3059097471e+02 7.4587509120e+00 -4.1515670226e-01 8.1549161696e+00 8.3884076613e-03 1.1190115900e-02
7.3976224813e+01 6.2859499565e+01 5.9325027891e+01 8.4972570205e-01 1.4242562474e-02 6.3793389124e+01 1.5009126121e+02 3.5506907647e-01 1.2698222889e+01 2.7458392025e-03 2.7737945429e-03
2.6551165955e+01 1.8583509995e+01 1.9276347194e+01 6.9991314230e-01 1.3043985555e-02 5.8372225385e+01 1.6576537540e+02 8.7942554828e-01 1.0364014115e+01 5.3450578309e-03 5.3942429515e-03
7.8275133498e+01 7.1932388424e+01 6.5311647996e+01 9.1896858184e-01 9.3848164848e-02 4.4477410945e+02 3.7735270511e+00 2.2643359064e-01 9.6089371791e+00 9.8157421093e-03 1.0000000000e+00
4.0481361384e+01 3.9472012893e+01 3.4798399574e+01 9.7506634025e-01 2.5564461155e-02 1.1547531708e+02 7.1164636202e+00 -5.3683733600e-02 1.0667889770e+01 1.1939750717e-02 1.6273129256e-02
3.4796888358e+01 3.3601527213e+01 2.9766683355e+01 9.6564747016e-01 4.4584011365e-02 2.0419838531e+02 7.0907871836e+00 -5.4840398062e-01 8.4351595483e+00 1.3031343275e-02 1.7791955794e-02
3.0600591287e+01 2.6711833558e+01 2.4877707327e+01 8.7291886971e-01 1.7186061625e-02 7.7147642563e+01 3.0185859394e+01 -3.7284639297e-01 9.4831242791e+00 8.6096935180e-03 9.0811104832e-03
5.9594971270e+01 3.4785697745e+01 3.9354064218e+01 5.8370189639e-01 3.1823200411e-02 1.4440964595e+02 3.7315564959e+01 9.0208066399e-01 1.6041732977e+01 5.9168449100e-03 6.1738525135e-03
6.5346425683e+01 6.0416499197e+01 5.4691005840e+01 9.2455705979e-01 8.0958063282e-02 3.8035766721e+02 4.3553856152e+01 -9.4603079734e-01 9.0750763050e+00 4.4152753304e-03 4.5776961159e-03
3.6916979130e+01 3.4762039652e+01 3.1183182301e+01 9.4162741566e-01 5.4509009873e-02 2.5143006048e+02 1.2824946747e+01 -8.2239433205e-01 8.7516369482e+00 1.0076116932e-02 1.1592363819e-02
3.3669771705e+01 3.2197163203e+01 2.8661649289e+01 9.5626318722e-01 3.3387964424e-02 1.5168386935e+02 3.1731026873e+01 -6.5966911169e-01 8.3131618148e+00 7.6583698295e-03 8.0552801793e-03
4.3424777844e+01 2.2091512187e+01 2.6662936030e+01 5.0873057467e-01 2.9626410689e-02 1.3422442683e+02 4.7173071065e+00 5.0446949241e-01 1.0990312183e+01 1.6412251315e-02 3.3259371642e-02
4.7798224687e+01 8.7643589564e+00 1.6702185621e+01 1.8336160002e-01 1.7509126642e-02 7.8616870605e+01 5.0793471970e+00 9.1792536888e-01 1.3904745087e+01 2.1542595083e-02 3.8507076073e-02
3.5434942524e+01 3.2488595024e+01 2.9532046166e+01 9.1685191818e-01 1.8726644997e-02 8.4160131088e+01 2.7048285228e+02 9.7503829921e-01 9.4496523743e+00 3.3954617222e-03 3.4144854383e-03
8.5335524579e+01 8.0649667259e+01 7.2214697528e+01 9.4508901957e-01 2.1803065375e-01 1.1152068890e+03 7.7830269117e+00 8.8812242006e-01 8.6338999852e+00 6.5699589987e-03 8.6109996634e-03
6.3530238513e+01 4.8929604366e+01 4.8454243728e+01 7.7017819406e-01 8.4312939789e-02 3.9702447896e+02 2.3452193220e+00 -9.3627057208e-01 1.3179084678e+01 1.4216670786e-02 1.0000000000e+00
2.9585529848e+01 2.3490364044e+01 2.2919334121e+01 7.9398152290e-01 3.3380263297e-02 1.5164802927e+02 9.0445842351e+00 -7.2420098878e-01 9.0948481384e+00 1.4100553673e-02 1.7551828918e-02
4.1939853139e+01 3.9734269044e+01 3.5535168980e+01 9.4741078162e-01 2.8815738868e-02 1.3047384198e+02 1.3145097138e+01 5.2044438224e-01 1.3450545534e+01 9.3435481460e-03 1.0705393408e-02
3.0492589310e+01 2.5057367740e+01 2.4040367659e+01 8.2175270474e-01 1.5750044087e-02 7.0625389187e+01 3.2017648278e+02 9.9606876173e-01 9.0098499499e+00 3.6313635919e-03 3.6485238085e-03
2.9593048241e+01 2.4834599244e+01 2.3582193703e+01 8.3920382388e-01 2.2071246873e-02 9.9438635452e+01 1.4199004260e+01 -8.7160021850e-01 1.5103210155e+01 1.1776959356e-02 1.3332780210e-02
2.9709144250e+01 1.9902310591e+01 2.1084329401e+01 6.6990521248e-01 1.1432874980e-02 5.1100354352e+01 2.1455996801e+02 -9.4023916632e-01 1.2608311209e+01 4.5922914813e-03 4.6248140892e-03
7.0429446984e+01 5.8182310336e+01 5.5676382523e+01 8.2610772663e-01 5.0291157747e-02 2.3128042536e+02 5.3771241367e+01 7.4745550308e-01 1.0833963955e+01 4.1077265018e-03 4.2285441187e-03
4.1309904138e+01 3.9958265005e+01 3.5368153831e+01 9.6728050667e-01 7.1330573826e-02 3.3291794872e+02 2.0625646047e+01 -9.8133584514e-01 8.2508261570e+00 7.7167241640e-03 8.3665009161e-03
5.4420536211e+01 5.0067206874e+01 4.5433546479e+01 9.2000576179e-01 3.0516797764e-02 1.3834880174e+02 9.4052387440e+01 -8.2238815697e-01 1.2320017475e+01 3.8272535781e-03 3.8901398115e-03
4.0477535039e+01 2.3861786819e+01 2.6869211103e+01 5.8950691527e-01 1.5262227161e-02 6.8412908361e+01 7.7015876557e+01 6.9623453810e-01 1.3508654826e+01 5.7817249771e-03 5.8985265593e-03
4.8699231019e+01 4.3405681625e+01 4.0011483275e+01 8.9130117080e-01 4.0071096058e-02 1.8293255714e+02 4.7202980060e+01 -6.8215192070e-01 9.4377347494e+00 5.3352209780e-03 5.5153528804e-03
5.2066512929e+01 4.1919304198e+01 4.0622913718e+01 8.0511065251e-01 1.8985520815e-02 8.5340045428e+01 1.6348514597e+01 1.4057891894e-01 1.4621011192e+01 7.9667181654e-03 8.8507137722e-03
2.7926154834e+01 2.3294835337e+01 2.2185686815e+01 8.3415835354e-01 2.7055775322e-02 1.2234625898e+02 4.4673900257e+01 -9.4606458014e-01 9.3175996314e+00 7.9361291136e-03 8.2202588596e-03
3.8414870719e+01 2.9677200867e+01 2.9344997569e+01 7.7254459826e-01 4.3277484372e-02 1.9802815736e+02 4.5000166182e+01 9.8727789845e-01 8.6232415917e+00 6.5804675757e-03 6.8142402472e-03
3.0836665026e+01 2.4685432828e+01 2.3988976351e+01 8.0052213193e-01 2.6933686527e-02 1.2178320617e+02 6.2965129685e+01 8.7822945757e-01 8.7504077903e+00 6.6456410766e-03 6.8112402366e-03
3.8282161910e+01 3.7540830902e+01 3.3001981568e+01 9.8063507985e-01 2.9587807898e-02 1.3404573231e+02 1.3216743858e+01 9.7300090663e-01 1.9922262773e+01 9.7610589395e-03 1.1173829580e-02
3.7384233321e+01 2.4638163363e+01 2.6306821412e+01 6.5905225745e-01 4.1307571119e-02 1.8874594012e+02 3.1104760799e+01 -9.0728849247e-01 8.0347631630e+00 8.1017911131e-03 8.5309819734e-03
6.1255348117e+01 5.2937064150e+01 4.9546715402e+01 8.6420313944e-01 7.0116928531e-02 3.2697885621e+02 3.6504217322e+01 9.7534548319e-01 1.0416960115e+01 5.0496733754e-03 5.2742964453e-03
4.1857581502e+01 3.9607332470e+01 3.5443427633e+01 9.4624034760e-01 3.7779985033e-02 1.7218703003e+02 1.6332329097e+01 5.5872519134e-01 1.0166371204e+01 8.5802920221e-03 9.5335182038e-03
3.0073842650e+01 8.8889275623e+00 1.3743362719e+01 2.9557006285e-01 1.9487207024e-02 8.7627921544e+01 5.0196856851e+00 8.7291875460e-01 8.3767513740e+00 2.4412952342e-02 4.4381209010e-02
4.0910361390e+01 2.8140570821e+01 2.9435120766e+01 6.8785925778e-01 3.9128527135e-02 1.7850767889e+02 5.4926752426e+00 -8.6455081946e-01 1.4485730655e+01 1.4489131076e-02 2.3616977365e-02
3.2566651271e+01 2.0661790811e+01 2.2466524173e+01 6.3444628184e-01 1.6799878611e-02 7.5392282205e+01 7.0904645576e+01 9.7827963719e-01 1.3839555617e+01 6.6632426041e-03 6.8099281840e-03
3.9047896294e+01 3.9041393433e+01 3.3990337438e+01 9.9983346449e-01 5.5704876058e-02 2.5716373148e+02 7.0994774668e+00 -9.7613406318e-01 1.3220866151e+01 1.1909666392e-02 1.6250858527e-02
3.8993500002e+01 3.8212508920e+01 3.3603803965e+01 9.7997124951e-01 8.3262938874e-02 3.9180064355e+02 5.7359762166e+00 -9.2596165872e-01 8.9162517800e+00 1.2786201228e-02 2.0016602930e-02
3.4789234702e+01 3.2049717734e+01 2.9064009284e+01 9.2125388813e-01 3.6109980476e-02 1.6437612599e+02 6.7043830366e+01 8.7865593430e-01 8.0727610813e+00 5.7254591854e-03 5.8590729876e-03
3.8967796420e+01 2.4759098470e+01 2.6902946828e+01 6.3537332733e-01 2.1066134919e-02 9.4839355298e+01 8.8307998834e+01 7.5893135750e-01 1.0103474467e+01 5.4687383879e-03 5.5646310099e-03
5.9935660866e+01 5.4823399948e+01 4.9892281171e+01 9.1470418706e-01 7.4847552648e-02 3.5018082267e+02 2.5373558069e+01 8.4186739918e-01 9.7149912395e+00 5.7466544431e-03 6.1285013734e-03
3.9298147995e+01 2.2845066730e+01 2.5895241505e+01 5.8132680282e-01 1.9369928875e-02 8.7092939327e+01 1.9835012789e+02 9.6564807632e-01 9.6338459594e+00 4.1391741246e-03 4.1709171837e-03
3.6226913244e+01 3.1087064132e+01 2.9197493715e+01 8.5812069947e-01 1.1194283341e-02 5.0024934559e+01 2.4183338184e+02 -3.4607428929e-01 8.0034918714e+00 3.5829400161e-03 3.6054196941e-03
2.8089113164e+01 2.0012900298e+01 2.0581460250e+01 7.1247889461e-01 1.3831317423e-02 6.1932242626e+01 1.9334692519e+02 9.1120675780e-01 1.0276934978e+01 4.8405319087e-03 4.8786281477e-03
3.8199252482e+01 3.6396885674e+01 3.2458480449e+01 9.5281669952e-01 2.4196748451e-02 1.0918677676e+02 6.8030979734e+01 -8.8321643585e-01 1.3599725358e+01 5.3528612373e-03 5.4758898332e-03
3.1053862535e+01 2.8421007670e+01 2.5857489573e+01 9.1521650930e-01 2.8592777954e-02 1.2944306936e+02 2.3110705074e+01 6.3335352220e-01 8.9405270189e+00 9.2251227085e-03 9.9065704779e-03
4.3470564205e+01 2.1784276709e+01 2.6477715172e+01 5.0112707546e-01 1.1373883284e-02 5.0834421600e+01 2.5834671420e+02 7.9667073881e-01 1.2235935614e+01 3.7151340547e-03 3.7369371461e-03
7.4525857997e+01 6.8072859281e+01 6.1993400996e+01 9.1341262094e-01 1.7804920983e-01 8.8987546153e+02 5.7943047292e+00 7.4924166340e-01 8.2000382794e+00 8.2433204771e-03 1.2794302302e-02
3.0054880471e+01 2.8880043033e+01 2.5646798510e+01 9.6091026084e-01 2.6096996928e-02 1.1792718542e+02 1.0376929281e+02 9.7275989967e-01 9.2269726866e+00 5.2875737315e-03 5.3660958094e-03
3.7914284125e+01 2.1365274490e+01 2.4576826862e+01 5.6351517596e-01 4.8446788313e-02 2.2250538496e+02 1.0710280671e+01 9.3093887697e-01 8.3965492127e+00 1.2555248017e-02 1.4961421510e-02
3.2485390714e+01 3.0665416288e+01 2.7474284720e+01 9.4397560300e-01 2.1661820506e-02 9.7564335916e+01 8.6105051768e+00 2.6815071512e-01 1.0301368587e+01 1.2916327010e-02 1.6325597165e-02
5.0032217876e+01 4.8402212638e+01 4.2839024775e+01 9.6742088783e-01 4.7762604631e-02 2.1925578670e+02 7.4888398564e+01 8.5626150879e-01 8.6667557074e+00 4.2800736825e-03 4.3690902160e-03
5.1907470938e+01 3.7533244973e+01 3.8324856409e+01 7.2307982445e-01 2.1241558682e-02 9.5641591304e+01 2.9668248732e+01 -2.2244775954e-01 1.1072208058e+01 6.5982784824e-03 6.9665301058e-03
7.6730387756e+01 6.7687348004e+01 6.2713469604e+01 8.8214526192e-01 9.9185356294e-02 4.7174439902e+02 6.7117304319e+00 7.2397636966e-01 1.3205861790e+01 8.0879405790e-03 1.1361441804e-02
3.1356210350e+01 2.7544834111e+01 2.5573704286e+01 8.7844907926e-01 1.6921985723e-02 7.5947201496e+01 2.0843027490e+01 -6.6209889157e-01 1.5722490380e+01 9.7248888232e-03 1.0533856227e-02
6.9170358943e+01 6.6757471554e+01 5.9154837840e+01 9.6511674326e-01 2.3559635540e-01 1.2168914428e+03 4.8178171143e+00 9.4869203465e-01 8.0490268407e+00 8.8294788887e-03 1.7169508605e-02
4.0925905763e+01 3.4105835414e+01 3.2497293305e+01 8.3335566503e-01 5.1312185281e-02 2.3614762753e+02 2.3667624758e+01 -8.5818550984e-01 8.6537625282e+00 7.8185449018e-03 8.3806358458e-03
5.5920939767e+01 4.6701465169e+01 4.4452331325e+01 8.3513376856e-01 5.0456141195e-02 2.3206644156e+02 7.1619252706e+01 -8.0380936000e-01 8.1878704354e+00 4.2460908449e-03 4.3385945213e-03
1.9929464412e+01 1.9409494398e+01 1.7121481377e+01 9.7390948378e-01 1.8337632703e-02 8.2387915567e+01 2.6348537464e+01 -6.8000544136e-01 8.3014419975e+00 1.1435136243e-02 1.2163445702e-02
8.3731578582e+01 8.2464736119e+01 7.2338625696e+01 9.8487019492e-01 9.0661710887e-02 4.2875509052e+02 3.8807786197e+00 4.1343748743e-01 1.4504907375e+01 9.1287952577e-03 1.0000000000e+00
8.3945843623e+01 5.5027373533e+01 5.8906140256e+01 6.5551040002e-01 1.9837878036e-01 1.0033729958e+03 3.8088984087e+00 8.8935344754e-01 9.2646732581e+00 9.8548336684e-03 1.0000000000e+00
3.0805873157e+01 3.0111639628e+01 2.6513821225e+01 9.7746424765e-01 1.5387613895e-02 6.8981444602e+01 1.6680825064e+02 5.7898463715e-01 8.6561180407e+00 4.3628879005e-03 4.4027798851e-03
2.9852824371e+01 2.1959487853e+01 2.2237091601e+01 7.3559163381e-01 1.4929738584e-02 6.6905827514e+01 3.8657044061e+01 -5.1415873690e-01 1.0631745935e+01 8.4287616939e-03 8.7811763013e-03
3.7333237842e+01 3.7314861602e+01 3.2492471328e+01 9.9950777803e-01 7.4430508459e-02 3.4812973809e+02 4.4977051300e+00 -9.9042191891e-01 1.0681466006e+01 1.4377999134e-02 3.2825059846e-02
2.5386224952e+01 2.4938478557e+01 2.1904059082e+01 9.8236262400e-01 1.6464679229e-02 7.3869470909e+01 2.4679333620e+02 8.9247591691e-01 8.1557894293e+00 4.2416531096e-03 4.2677247156e-03
4.3605055797e+01 3.5289429932e+01 3.4111401540e+01 8.0929674983e-01 3.7345447943e-02 1.7015287114e+02 6.3144896896e+01 -7.4367171671e-01 8.2296167312e+00 5.2939464056e-03 5.4254705146e-03
3.4613619039e+01 3.3388875486e+01 2.9594043811e+01 9.6461671485e-01 1.4297602507e-02 6.4042566386e+01 3.9450457498e+01 3.6520611818e-01 1.3046342858e+01 6.9991476770e-03 7.2854516748e-03
8.5314321191e+01 8.4933121999e+01 7.4104280870e+01 9.9553182647e-01 1.0873653260e-01 5.2044063419e+02 4.1279034302e+00 4.4216660259e-01 1.3174060616e+01 8.6966578784e-03 3.2001485372e-02
3.3645352397e+01 2.8350345350e+01 2.6866911860e+01 8.4262292799e-01 2.9699777872e-02 1.3456407475e+02 6.2522544454e+01 -8.6710100967e-01 9.0112437689e+00 6.1972893036e-03 6.3528603972e-03
3.4229450493e+01 3.1301643232e+01 2.8489888878e+01 9.1446525672e-01 1.4151067146e-02 6.3379216334e+01 1.5463212513e+02 -5.1707489374e-01 9.6384966651e+00 4.2947458307e-03 4.3371631803e-03
2.6260805428e+01 2.1107285001e+01 2.0471377846e+01 8.0375619319e-01 2.4662625705e-02 1.1132742065e+02 6.5066118219e+00 -6.4335522368e-01 1.0059185979e+01 1.7212053013e-02 2.4614051527e-02
3.8660647617e+01 3.4317839501e+01 3.1698190195e+01 8.8766851091e-01 5.0412466332e-02 2.3185834820e+02 2.1375535432e+01 -9.4157485658e-01 9.5734493116e+00 8.2547781948e-03 8.9216968123e-03
7.6617863426e+01 6.3769148935e+01 6.0799360098e+01 8.3230132091e-01 1.8358787777e-01 9.2057301517e+02 5.7229888577e+00 -8.0705328877e-01 8.3381342459e+00 8.3584347652e-03 1.3110752502e-02
3.8234462080e+01 2.6392761393e+01 2.7560100059e+01 6.9028724237e-01 1.6491911138e-02 7.3993157499e+01 8.7404571993e+01 4.8541950583e-01 9.5409111003e+00 5.4228799272e-03 5.5189835310e-03
3.0292850652e+01 1.5646995318e+01 1.8751013688e+01 5.1652436073e-01 1.3838111295e-02 6.1962980030e+01 1.6207383291e+02 -8.5373731858e-01 9.2858124794e+00 5.4816026609e-03 5.5332131030e-03
8.5542872671e+01 7.0573027573e+01 6.7577811042e+01 8.2500184257e-01 1.2378729146e-01 5.9828675257e+02 2.8078680819e+01 8.4378666974e-01 8.0204166562e+00 4.4511715507e-03 4.7152349373e-03
4.9008488557e+01 3.4683728100e+01 3.5785017586e+01 7.0770858520e-01 1.9507992187e-02 8.7722745798e+01 1.7847152702e+02 -8.1349718397e-01 1.1176216789e+01 3.5178310037e-03 3.5478611405e-03
3.7504252816e+01 3.7410267968e+01 3.2608408340e+01 9.9749402158e-01 6.1550503084e-02 2.8532238000e+02 1.0661901271e+01 -9.5333206606e-01 9.9468168028e+00 1.0457763917e-02 1.2474625243e-02
4.1320784395e+01 3.2030473264e+01 3.1619691963e+01 7.7516614783e-01 1.2834019316e-02 5.7423539445e+01 1.1280233999e+02 9.3079823614e-01 2.1654395561e+01 4.5327994597e-03 4.5945867711e-03
3.0894905497e+01 2.8866006543e+01 2.5994454179e+01 9.3432901247e-01 1.6331256421e-02 7.3263539764e+01 8.1453990340e+00 1.3423368068e-01 1.1230294718e+01 1.3697178506e-02 1.7645577412e-02
3.4987713116e+01 3.0589327041e+01 2.8466949150e+01 8.7428769462e-01 1.7354599300e-02 7.7914027606e+01 1.7536788700e+02 -6.8782392438e-01 9.1447038385e+00 4.0907804150e-03 4.1263294863e-03
7.3849939687e+01 7.1280399068e+01 6.3159766921e+01 9.6520592122e-01 1.1221298998e-01 5.3830164339e+02 2.3891116380e+01 -9.2480124979e-01 9.5592874722e+00 4.9652289107e-03 5.3183970579e-03
3.6108516954e+01 3.4320041299e+01 3.0643947693e+01 9.5046942366e-01 3.9636317842e-02 1.8089077739e+02 1.7781510785e+01 6.2225086976e-01 8.5116787423e+00 9.0921407406e-03 1.0003871056e-02
2.5034533941e+01 1.9390646539e+01 1.9149314868e+01 7.7455592283e-01 1.6495717359e-02 7.4010445645e+01 1.2441730527e+02 9.3418900756e-01 9.4516226899e+00 5.9642206290e-03 6.0377573880e-03
5.2212332486e+01 4.2620526854e+01 4.1024507520e+01 8.1629233603e-01 3.7747098775e-02 1.7203303949e+02 6.4382095504e+00 -9.8278374867e-03 9.2774238027e+00 1.1102595370e-02 1.5979375132e-02
2.8974180035e+01 2.7121474012e+01 2.4401067306e+01 9.3605665386e-01 3.0812867591e-02 1.3972138667e+02 5.5538160898e+00 -4.1685607045e-01 8.1117127178e+00 1.6305383727e-02 2.6289236832e-02
5.7211987900e+01 5.0110973202e+01 4.6592219134e+01 8.7588239880e-01 6.0094215408e-02 2.7828702288e+02 4.0187672746e+00 4.3151386301e-01 1.1768311813e+01 1.2073960722e-02 9.0335640291e-02
5.7755375337e+01 5.3909993776e+01 4.8570582752e+01 9.3341950358e-01 7.8767269491e-02 3.6951165113e+02 4.4243143959e+00 4.1564504469e-01 9.3442057515e+00 1.1224456679e-02 2.7038005898e-02
3.2744394075e+01 3.0104500855e+01 2.7327600764e+01 9.1937877325e-01 3.0842375867e-02 1.3985821915e+02 1.1361375743e+02 9.9721149074e-01 8.3134642878e+00 4.8979352796e-03 4.9642110720e-03
3.3656254479e+01 3.0346186116e+01 2.7813947647e+01 9.0165072094e-01 5.2929447256e-02 2.4387076296e+02 7.5624400424e+00 9.0051764573e-01 9.6063434611e+00 1.3205620834e-02 1.7512643874e-02
3.6299766936e+01 2.3483382169e+01 2.5297810318e+01 6.4692928224e-01 2.4660564401e-02 1.1131794607e+02 3.0311364852e+01 7.0833338747e-01 1.0264893186e+01 8.4679705163e-03 8.9295100508e-03
2.0910260729e+01 1.8459713334e+01 1.7096909569e+01 8.8280646394e-01 1.4686140645e-02 6.5802133516e+01 3.6697909079e+01 -9.8656872079e-01 1.3374796794e+01 1.0130932190e-02 1.0579007143e-02
6.7738340783e+01 6.7307281093e+01 5.8781661754e+01 9.9363640022e-01 6.2027374590e-02 2.8762908484e+02 8.1017321241e+01 8.5834899247e-01 8.2973860745e+00 3.3813728134e-03 3.4461891276e-03
2.5340756661e+01 2.4899613120e+01 2.1867379459e+01 9.8259154030e-01 2.1131443296e-02 9.5137995219e+01 7.1057855538e+01 8.0375048989e-01 8.8643856994e+00 6.7533181913e-03 6.9016530932e-03
4.6541087974e+01 2.6748194024e+01 3.0483898318e+01 5.7472214742e-01 1.2540682909e-02 5.6098659095e+01 1.6838220802e+01 -3.5843623215e-01 1.9170624601e+01 9.4652655266e-03 1.0478631344e-02
4.3966046684e+01 3.6135798136e+01 3.4666064220e+01 8.2190237380e-01 6.8240206816e-02 3.1781317445e+02 6.9432797616e+00 7.1615957382e-01 8.4754715117e+00 1.1775397679e-02 1.6246151660e-02
3.7280165133e+01 2.8622725334e+01 2.8387842935e+01 7.6777356623e-01 3.3122167896e-02 1.5044711052e+02 4.9443926726e+00 7.4266236078e-01 1.4400707698e+01 1.5473046792e-02 2.8786308038e-02
3.3988884791e+01 2.7615817823e+01 2.6642447672e+01 8.1249555532e-01 1.4195769235e-02 6.3581562710e+01 2.0962929602e+02 7.8965164462e-01 1.0880725371e+01 3.9954555601e-03 4.0244258019e-03
4.1321458704e+01 3.7484865816e+01 3.4253641523e+01 9.0715253023e-01 4.6066788916e-02 2.1121436562e+02 3.6403682682e+01 -8.3667862808e-01 8.8807559091e+00 6.4576558517e-03 6.7457695780e-03
3.8397909761e+01 2.7310787555e+01 2.8109978478e+01 7.1125714199e-01 1.7352640705e-02 7.7905120272e+01 1.3087880879e+02 -6.3411154371e-01 9.6216731680e+00 4.6013707166e-03 4.6552425596e-03
4.3029499469e+01 4.0932505621e+01 3.6532905575e+01 9.5126613432e-01 2.0259229250e-02 9.1151904488e+01 7.3242815511e+01 -6.1262107058e-01 1.3198105170e+01 4.8474366266e-03 4.9506076317e-03
3.3199860267e+01 2.4333337786e+01 2.4684200270e+01 7.3293494581e-01 1.2848071784e-02 5.7487023176e+01 1.4966279191e+02 -6.7995180834e-01 1.1388950770e+01 4.7591122429e-03 4.8077060063e-03
7.3309648096e+01 7.1154087185e+01 6.2873092733e+01 9.7059649082e-01 1.3033262549e-01 6.3255953353e+02 1.8299528562e+01 9.5861258023e-01 9.4085514417e+00 5.4476770105e-03 5.9755883078e-03
4.3473189867e+01 4.0225278406e+01 3.6398948503e+01 9.2528932267e-01 1.6498432452e-02 7.4022777864e+01 1.3528564129e+02 -5.5174156147e-01 1.1442629270e+01 3.8688254342e-03 3.9126145204e-03
2.5755180673e+01 2.2109218430e+01 2.0761573849e+01 8.5843771435e-01 2.0736347111e-02 9.3331745978e+01 2.7374230624e+01 -9.3345468824e-01 1.2413994447e+01 9.9783530222e-03 1.0587309001e-02
3.8502849175e+01 1.6327238795e+01 2.1440730555e+01 4.2405274272e-01 4.0617050349e-02 1.8549817754e+02 5.5058590753e+00 -7.9306420783e-01 8.0486308157e+00 1.7631114301e-02 2.8669495202e-02
4.8780260611e+01 2.4144025183e+01 2.9516022865e+01 4.9495482149e-01 4.5564881687e-02 2.0883792541e+02 2.4611421675e+01 9.0956819822e-01 8.9968334669e+00 8.2103933435e-03 8.7750529591e-03
4.7481206377e+01 1.6413491820e+01 2.3655965168e+01 3.4568396787e-01 1.0477861450e-02 4.6798058541e+01 1.5471692667e+01 9.2579806066e-01 3.2933603116e+01 1.1463094822e-02 1.2823844916e-02
6.1698601114e+01 2.2700039385e+01 3.1806367066e+01 3.6791821816e-01 4.3345577092e-02 1.9834946002e+02 6.4102460440e+00 7.2878041395e-01 1.2115229560e+01 1.2994328061e-02 1.8752484805e-02
3.6889187978e+01 3.2831987350e+01 3.0286202401e+01 8.9001653735e-01 2.2894400996e-02 1.0321029379e+02 1.2967715009e+01 -3.5430798533e-01 1.1135629779e+01 1.0415369525e-02 1.1960320156e-02
4.7050127374e+01 4.4294929321e+01 3.9738537526e+01 9.4144122010e-01 1.8154956407e-02 8.1556048967e+01 1.4415527340e+02 -6.9214852898e-01 1.2757821875e+01 3.5724667294e-03 3.6103649311e-03
6.0043277719e+01 3.3400725859e+01 3.8656443097e+01 5.5627752395e-01 4.3602793617e-02 1.9956343444e+02 1.0762422018e+01 9.1079517439e-01 1.6581053253e+01 9.4701374856e-03 1.1272861972e-02
4.0644830644e+01 3.2418826491e+01 3.1560311692e+01 7.9761253712e-01 4.9651749029e-02 2.2823580095e+02 1.7982874130e+01 -8.7951378467e-01 9.4784856004e+00 8.8355177851e-03 9.7096930635e-03
4.1033848471e+01 3.0784057977e+01 3.0876944915e+01 7.5021132856e-01 1.9638675557e-02 8.8319003966e+01 2.8138035384e+01 -2.1315958761e-01 9.2172971536e+00 7.7114347686e-03 8.1678383431e-03
3.5822895173e+01 3.1150128618e+01 2.9066472851e+01 8.6955921533e-01 4.6784974884e-02 2.1461767836e+02 3.5469236127e+01 -9.6582490511e-01 8.2620310227e+00 7.2226267249e-03 7.5540922381e-03
2.6180821689e+01 2.1867717959e+01 2.0813063225e+01 8.3525712901e-01 1.2093856282e-02 5.4081636080e+01 3.1940461905e+02 -9.8904083433e-01 1.0385898591e+01 3.9862983587e-03 4.0051817583e-03
6.4720170143e+01 6.3340018863e+01 5.5737550074e+01 9.7867509810e-01 2.1262062946e-02 9.5735373358e+01 4.7974433149e+01 -1.6276946247e-01 1.3400124624e+01 4.3600239682e-03 4.5047166370e-03
3.5327496757e+01 3.3533845397e+01 2.9961436871e+01 9.4922789540e-01 5.5772240320e-02 2.5748698667e+02 4.0686335964e+00 -8.9477900148e-01 1.1120181347e+01 1.5877951743e-02 7.3389919589e-02
3.2909576093e+01 2.8811430843e+01 2.6794500694e+01 8.7547256039e-01 3.7326695676e-02 1.7006511560e+02 3.0058721182e+01 -8.1657799856e-01 8.3132799213e+00 8.1321623637e-03 8.5795116115e-03
3.3236126978e+01 2.7326147591e+01 2.6210352149e+01 8.2218206741e-01 3.5558422802e-02 1.6180039722e+02 1.6923229523e+01 8.0275817532e-01 9.6563410493e+00 1.0237875948e-02 1.1327313829e-02
2.8867427247e+01 2.1344734750e+01 2.1560435109e+01 7.3940550944e-01 1.3962046516e-02 6.2523752417e+01 5.1470555047e+01 -6.1255495469e-01 1.1475576490e+01 7.7230111339e-03 7.9608990017e-03
6.8891136528e+01 5.3971034684e+01 5.3004265291e+01 7.8342494265e-01 5.0462230328e-02 2.3209545483e+02 2.4614282624e+01 5.9679975000e-01 1.1647344027e+01 5.6776486215e-03 6.0680705333e-03
4.8281061278e+01 4.8218424483e+01 4.2003830225e+01 9.9870266325e-01 3.3793890571e-02 1.5357354916e+02 4.1381580738e+01 4.3280763845e-01 9.0513262593e+00 5.4580976910e-03 5.6701863848e-03
3.2995124213e+01 3.1179525108e+01 2.7920221379e+01 9.4497371511e-01 1.5249749483e-02 6.8356337059e+01 1.9239633685e+02 5.7841880503e-01 8.5755548526e+00 4.0044198045e-03 4.0360936055e-03
3.1108579571e+01 2.6356989019e+01 2.4910591770e+01 8.4725787490e-01 2.9416010489e-02 1.3325059132e+02 2.8577086933e+01 -7.0955829694e-01 8.5987236706e+00 8.7157478513e-03 9.2227935863e-03
3.0331975029e+01 2.9607242548e+01 2.6087771200e+01 9.7610665048e-01 1.3277124145e-02 5.9425956885e+01 1.3032163641e+02 -9.3770531789e-01 1.6361834324e+01 4.8410134237e-03 4.8979385262e-03
6.6197274081e+01 6.5988081364e+01 5.7536931359e+01 9.9683985905e-01 6.2966820250e-02 2.9217755781e+02 4.4738108617e+01 -9.5126762332e-01 1.2131204480e+01 4.2793236408e-03 4.4322976448e-03
4.0747904830e+01 2.1152177498e+01 2.5289367868e+01 5.1909853000e-01 3.0508059623e-02 1.3830830032e+02 4.6402759947e+01 8.5595301143e-01 8.7709720815e+00 7.1940501211e-03 7.4413990054e-03
4.3678902264e+01 3.8044401822e+01 3.5470580963e+01 8.7100178462e-01 1.6369926891e-02 7.3439146984e+01 1.8024998314e+02 -8.9412862838e-01 1.4357684996e+01 3.5309572798e-03 3.5607974390e-03
6.0388089308e+01 5.3425093972e+01 4.9428728169e+01 8.8469588266e-01 5.7618903806e-02 2.6635970500e+02 2.3725235898e+01 8.4094063152e-01 1.2655739579e+01 5.9878910583e-03 6.4171843459e-03
2.8850957361e+01 2.3510091740e+01 2.2648897365e+01 8.1488081817e-01 1.0600392031e-02 4.7349710755e+01 1.7117488520e+02 -3.7839755323e-01 8.2287122638e+00 4.7820503800e-03 4.8246412599e-03
8.4500008095e+01 8.0483140540e+01 7.1787541708e+01 9.5246311041e-01 1.8606019960e-01 9.3433009624e+02 3.5050613632e+00 -5.8972268922e-01 8.9382745652e+00 9.0429993478e-03 1.0000000000e+00
6.8242581837e+01 6.0516506612e+01 5.5924485947e+01 8.8678512716e-01 5.0763204623e-02 2.3352982309e+02 6.8736216455e+01 -7.1139331362e-01 9.1310253188e+00 3.7349461850e-03 3.8198711594e-03
6.3606406462e+01 4.6851564722e+01 4.7412795618e+01 7.3658562601e-01 2.9521201380e-02 1.3373743001e+02 2.9184494676e+01 8.7002991886e-01 2.2452719564e+01 5.7830492365e-03 6.1117276238e-03
3.7126941945e+01 3.2979066898e+01 3.0451274689e+01 8.8827856996e-01 1.9774476396e-02 8.8938731658e+01 2.4486653074e+02 -9.7642615924e-01 9.7146191148e+00 3.4554427198e-03 3.4768508618e-03
3.5216172482e+01 3.0165537746e+01 2.8357025850e+01 8.5658195142e-01 1.3679862701e-02 6.1247098799e+01 4.0690095610e+01 -7.1476345134e-01 1.9783483138e+01 7.1082311211e-03 7.3894819108e-03
3.2555011488e+01 2.9376288062e+01 2.6914531473e+01 9.0235839948e-01 1.7600056146e-02 7.9030523451e+01 1.2203171285e+02 9.8951761148e-01 1.3798529565e+01 4.8530639191e-03 4.9140974034e-03
2.1778998920e+01 2.1660067791e+01 1.8907866956e+01 9.9453918294e-01 1.7682505507e-02 7.9405646468e+01 8.2133750188e+01 -7.7322516136e-01 8.2264214975e+00 7.0196562275e-03 7.1523204262e-03
5.7617462245e+01 4.4578494020e+01 4.4047470042e+01 7.7369763059e-01 3.7303429264e-02 1.6995623828e+02 3.1389043935e+01 -4.7466382484e-01 1.0015309008e+01 5.8645841321e-03 6.1721671201e-03
8.0695601840e+01 5.3992375047e+01 5.7232617980e+01 6.6908696157e-01 2.3218180571e-02 1.0469507052e+02 1.6858452134e+02 8.8066458148e-01 1.3026229023e+01 2.6736631714e-03 2.6978478892e-03
3.7200567069e+01 3.0607458851e+01 2.9347416825e+01 8.2276860981e-01 3.9380039088e-02 1.7968783277e+02 1.1153690576e+01 6.6218350908e-01 9.5723356951e+00 1.1128166452e-02 1.3144884620e-02
3.0468276507e+01 2.6033663664e+01 2.4502885728e+01 8.5445147044e-01 1.2921225618e-02 5.7817525899e+01 1.8456611145e+02 9.9685060182e-01 1.4589457667e+01 4.4194496517e-03 4.4559117852e-03
3.0404161366e+01 3.0034349342e+01 2.6306798799e+01 9.8783679579e-01 1.8961818100e-02 8.5231993693e+01 1.9069116111e+02 -8.5016170693e-01 9.0057580136e+00 4.1605963680e-03 4.1938040814e-03
2.7748310862e+01 1.5917735959e+01 1.8156909686e+01 5.7364702444e-01 1.3868715940e-02 6.2101447960e+01 2.9691827399e+01 6.8991837047e-01 1.1646156390e+01 1.0569199858e-02 1.1158551820e-02
7.9625708953e+01 6.3139039587e+01 6.1643398384e+01 7.9294791113e-01 2.0110254914e-01 1.0187500572e+03 3.2689013558e+00 9.5839228537e-01 9.9378512050e+00 1.0129858958e-02 1.0000000000e+00
3.0759587670e+01 1.6787176481e+01 1.9604271399e+01 5.4575427543e-01 1.2923842041e-02 5.7829347335e+01 1.2361911429e+02 -9.5370371582e-01 1.2657195464e+01 5.9045111256e-03 5.9777925193e-03
3.0633126052e+01 2.9175690812e+01 2.6024023191e+01 9.5242290198e-01 1.2869633494e-02 5.7584433392e+01 3.3149285804e+02 8.7241112005e-01 1.0053012193e+01 3.4171412762e-03 3.4327332990e-03
7.3219416965e+01 5.2796239216e+01 5.3982457503e+01 7.2106882852e-01 6.2896652879e-02 2.9183763808e+02 8.8191916806e+01 -9.5651314469e-01 8.1334360178e+00 3.4527898230e-03 3.5134156961e-03
4.0694636021e+01 4.0631752701e+01 3.5399354058e+01 9.9845475163e-01 2.4791904680e-02 1.1192169506e+02 1.2398610864e+02 6.9028241830e-01 9.1901445696e+00 4.0470304048e-03 4.0971063771e-03
5.1585310045e+01 4.2153100319e+01 4.0553638309e+01 8.1715318337e-01 7.4518682556e-02 3.4856330054e+02 4.2297522972e+00 8.5213837896e-01 1.2936087332e+01 1.2809296276e-02 3.8187473227e-02
2.4667736275e+01 2.4438487889e+01 2.1374446046e+01 9.9070654949e-01 2.7348278728e-02 1.2369563543e+02 1.2153922509e+01 -7.1359942545e-01 9.3032240712e+00 1.3232570479e-02 1.5369170269e-02
2.4528927861e+01 2.2705081937e+01 2.0541399101e+01 9.2564510223e-01 1.3791159806e-02 6.1750564491e+01 8.1284609510e+01 4.8574530405e-01 8.2580337493e+00 6.7074284139e-03 6.8355629371e-03
5.6267551626e+01 2.2938522156e+01 3.0672019690e+01 4.0766874500e-01 2.7156403630e-02 1.2281041366e+02 6.7381806833e+01 8.7095213192e-01 1.1267736482e+01 5.5555927584e-03 5.6845640861e-03
5.7631789608e+01 5.6695903348e+01 4.9762017896e+01 9.8376093703e-01 3.6053550170e-02 1.6411250978e+02 5.9107696673e+01 -9.1745516813e-01 1.5652561336e+01 4.2892278092e-03 4.4034293150e-03
6.7149266313e+01 6.5698813383e+01 5.7821349334e+01 9.7839957144e-01 1.7020761425e-01 8.4670455645e+02 3.6917329636e+00 -8.5322484975e-01 9.8322660527e+00 1.0238584633e-02 1.0000000000e+00
7.3666823315e+01 6.6061186396e+01 6.0711965391e+01 8.9675627946e-01 1.3758248365e-01 6.7081425837e+02 2.2374485097e+00 -8.6801543063e-01 1.0767632327e+01 1.2196286187e-02 1.0000000000e+00
3.7292701787e+01 3.1201945694e+01 2.9672353071e+01 8.3667699573e-01 1.5252843851e-02 6.8370366210e+01 2.5726369490e+02 8.9559237888e-01 1.1056452237e+01 3.4570043638e-03 3.4773788981e-03
6.0123405955e+01 3.8548872548e+01 4.1705575847e+01 6.4116248798e-01 4.2439986149e-02 1.9407879366e+02 1.9085214898e+00 -8.2006255562e-01 1.6093296933e+01 1.7288451967e-02 1.0000000000e+00
3.1598181726e+01 3.0977657462e+01 2.7236108957e+01 9.8036202623e-01 3.5801435645e-02 1.6293500197e+02 1.6408775754e+01 -9.5967460081e-01 1.2007720306e+01 1.0110059077e-02 1.1226875581e-02
3.4065431503e+01 3.1086293302e+01 2.8323343365e+01 9.1254658846e-01 4.0199199170e-02 1.8353438205e+02 9.0413818485e+00 8.0548238057e-01 1.1115994914e+01 1.2303949599e-02 1.5317098324e-02
3.2868081707e+01 2.9554127179e+01 2.7124870344e+01 8.9917408148e-01 1.2579056703e-02 5.6271944973e+01 1.7920323047e+02 -9.7699286129e-01 1.6382549366e+01 4.1943838539e-03 4.2300409305e-03
3.3691045781e+01 2.3920657248e+01 2.4641685895e+01 7.1000043759e-01 1.3524424358e-02 6.0544093915e+01 9.8868181836e+01 7.4665754835e-01 1.3502611887e+01 5.5633212658e-03 5.6501519668e-03
5.3421773193e+01 4.1558799916e+01 4.0954518203e+01 7.7793748563e-01 2.8720282484e-02 1.3003249660e+02 1.6948675547e+02 8.7955648482e-01 9.1790498980e+00 3.2780862673e-03 3.3075778521e-03
3.5971123547e+01 2.9689548333e+01 2.8423234086e+01 8.2537172615e-01 3.2976310914e-02 1.4976863072e+02 5.8805174522e+01 7.9499203692e-01 8.1785797936e+00 6.1099478810e-03 6.2735049854e-03
3.5899597740e+01 3.5374254235e+01 3.1022734701e+01 9.8536631224e-01 3.0805343600e-02 1.3968649818e+02 4.8349261334e+01 -8.9968855145e-01 1.1525043982e+01 6.2336022718e-03 6.4387695850e-03
7.6243037131e+01 4.4370449461e+01 5.0268651524e+01 5.8196067642e-01 9.1792881169e-02 4.3443461165e+02 3.4076759158e+01 -9.6008145156e-01 8.2207374958e+00 5.0710798929e-03 5.3141727762e-03
3.1320693763e+01 2.5887624597e+01 2.4766367265e+01 8.2653420110e-01 1.8586066431e-02 8.3519583721e+01 1.9895720948e+02 -8.9158086059e-01 8.9106714385e+00 4.2532737689e-03 4.2857909218e-03
7.3589401528e+01 6.9542904332e+01 6.2272073031e+01 9.4501250027e-01 1.0063471875e-01 4.7909836808e+02 2.2944746599e+01 -8.7079494218e-01 1.0026965648e+01 5.1192246218e-03 5.5004992576e-03
7.7140463978e+01 7.6460218515e+01 6.6857793551e+01 9.9118172969e-01 1.4468591569e-01 7.0859246641e+02 1.1688366537e+01 7.0461640110e-01 8.1052718247e+00 6.1533847761e-03 7.2000245315e-03
3.4480428309e+01 3.3056205053e+01 2.9389182511e+01 9.5869473420e-01 5.6610639682e-02 2.6151256950e+02 1.2140054168e+01 9.4683056793e-01 9.0340348771e+00 1.0660411163e-02 1.2384299717e-02
7.8619629344e+01 6.7159690294e+01 6.3218563351e+01 8.5423565151e-01 7.6740765295e-02 3.5950559007e+02 2.5137516833e+01 8.2632608954e-01 1.2214974327e+01 4.9682391341e-03 5.3018586415e-03
8.0912708683e+01 3.6277995096e+01 4.6431998663e+01 4.4835966669e-01 4.6906698302e-02 2.1519482694e+02 9.3545091834e+01 -8.8851734532e-01 8.7920101301e+00 3.7461444353e-03 3.8080419606e-03
2.9552042391e+01 2.3473484367e+01 2.2898236604e+01 7.9431005331e-01 1.8703882865e-02 8.4056406315e+01 9.7592923343e+01 7.8013518242e-01 9.3772781927e+00 5.8342175621e-03 5.9265010169e-03
5.6148047116e+01 4.7393881152e+01 4.4875666183e+01 8.4408779266e-01 4.1714886236e-02 1.9066313982e+02 3.4939246393e+01 9.9768303064e-01 1.6116095281e+01 5.5536474385e-03 5.8127243967e-03
4.3390257362e+01 4.0341475214e+01 3.6417353802e+01 9.2973579018e-01 5.8382101101e-02 2.7003301737e+02 2.6529461269e+00 8.5510226419e-01 1.1546061320e+01 1.6474160256e-02 1.0000000000e+00
3.7324109396e+01 3.2221756123e+01 3.0173725332e+01 8.6329604764e-01 3.6855448224e-02 1.6786055874e+02 5.7750124177e+01 9.7496961979e-01 9.5701747509e+00 5.9121634250e-03 6.0734641781e-03
5.0563001208e+01 4.3523379295e+01 4.0815762940e+01 8.6077523595e-01 1.0672828813e-01 5.1015595504e+02 6.2430161103e+00 8.8344528805e-01 8.5767187064e+00 1.0823176508e-02 1.5887864039e-02
3.3688578016e+01 2.8508969954e+01 2.6960247264e+01 8.4625032081e-01 1.1964403858e-02 5.3497524442e+01 3.8592315437e+02 7.8445122761e-01 9.0883853558e+00 3.1590189962e-03 3.1713856387e-03
4.6526635914e+01 1.4032157823e+01 2.1501077497e+01 3.0159407718e-01 1.8789957879e-02 8.4448659767e+01 5.1192883304e+00 -4.0571300726e-01 1.0769693170e+01 1.8328486182e-02 3.2413576386e-02
2.8567785672e+01 2.7339472448e+01 2.4327998853e+01 9.5700355506e-01 1.1281026378e-02 5.0415872899e+01 3.1526132104e+01 -8.0187304914e-01 2.3352790844e+01 8.6210036756e-03 9.0709942827e-03
4.2597490657e+01 4.0877630407e+01 3.6325401726e+01 9.5962531539e-01 9.4584096342e-02 4.4848263989e+02 4.7666200558e+00 8.4396751821e-01 8.5111414299e+00 1.2969689147e-02 2.5735994311e-02
4.7398527261e+01 3.9214538212e+01 3.7498205931e+01 8.2733663846e-01 4.1184744254e-02 1.8816801544e+02 5.8476822431e+01 9.0690488808e-01 1.0188249541e+01 5.1237791521e-03 5.2617462647e-03
6.6829131537e+01 5.3737346298e+01 5.2107460169e+01 8.0410062291e-01 2.9022276396e-02 1.3142897982e+02 6.3565336535e+01 3.8098029734e-01 1.0370475780e+01 4.0727259278e-03 4.1732097847e-03
3.6184287370e+01 3.1386155931e+01 2.9322671668e+01 8.6739737639e-01 1.3268461052e-02 5.9386795227e+01 9.1830796345e+01 2.7185126840e-01 9.5562336930e+00 5.1312133497e-03 5.2176284105e-03
4.6600961044e+01 4.2819083078e+01 3.8880546959e+01 9.1884549413e-01 7.1186688443e-02 3.3221334791e+02 1.7750872442e+01 9.9987681577e-01 9.8886173864e+00 7.6951111320e-03 8.4683429927e-03
3.5956437773e+01 3.5288360824e+01 3.1009463627e+01 9.8141982380e-01 2.2764494476e-02 1.0261476863e+02 7.4577757461e+01 -5.5869048468e-01 9.1457505762e+00 5.3259681159e-03 5.4372163179e-03
7.2252078295e+01 6.0666750937e+01 5.7592157306e+01 8.3965406074e-01 1.2520432871e-01 6.0568527778e+02 7.0194945783e+00 7.7512935286e-01 9.9139663226e+00 8.2662652850e-03 1.1342236132e-02
3.7970780472e+01 2.1651673309e+01 2.4767525833e+01 5.7021933814e-01 2.2386885118e-02 1.0088434528e+02 1.3810117575e+02 8.9086109890e-01 8.5835256274e+00 4.8658704604e-03 4.9197987673e-03
3.4627110828e+01 2.6327689851e+01 2.6235891307e+01 7.6032014285e-01 1.3335215943e-02 5.9688574850e+01 1.6322891663e+02 4.1887913171e-01 8.1460583846e+00 4.4331888471e-03 4.4746277970e-03
2.7442749025e+01 2.6776996639e+01 2.3598380073e+01 9.7574031720e-01 2.3007600279e-02 1.0372931993e+02 6.6172481396e+01 -8.2692427976e-01 9.3523779111e+00 6.6060377776e-03 6.7623206548e-03
3.2132039999e+01 3.1418916383e+01 2.7660070498e+01 9.7780646309e-01 3.6663783219e-02 1.6696433980e+02 1.5129987426e+01 9.3890603213e-01 1.1957504328e+01 1.0316901275e-02 1.1575859174e-02
4.3402156449e+01 2.5623004878e+01 2.8832568623e+01 5.9036248366e-01 4.8638770778e-02 2.2341776698e+02 7.2996979170e+00 7.7760087981e-01 9.6709516766e+00 1.3117864237e-02 1.7667481548e-02
3.2556176990e+01 2.8789342058e+01 2.6641735683e+01 8.8429738135e-01 1.9392382075e-02 8.7195355944e+01 4.6367017607e+01 7.2473741556e-01 1.2646309696e+01 7.0129762835e-03 7.2542972329e-03
3.6807159279e+01 2.6907390659e+01 2.7329683792e+01 7.3103687395e-01 4.4309977627e-02 2.0290331214e+02 2.8904326675e+01 -9.8576364228e-01 8.6971980238e+00 8.1169832584e-03 8.5832679401e-03
3.8721223545e+01 2.5095517503e+01 2.7010971974e+01 6.4810755459e-01 2.0234007018e-02 9.1036712069e+01 8.7811697926e+01 8.6166532735e-01 1.1853633208e+01 5.4693862884e-03 5.5658500069e-03
3.0939039963e+01 2.8934106714e+01 2.6043762767e+01 9.3519730244e-01 3.3949415661e-02 1.5429784047e+02 2.3079140129e+01 -9.0231359009e-01 1.0327363065e+01 9.1587561194e-03 9.8363574979e-03
3.3950498494e+01 2.7605924405e+01 2.6622840787e+01 8.1312280024e-01 2.7533666649e-02 1.2455115925e+02 5.3229922251e+00 -7.1019618114e-01 1.4924491012e+01 1.5720116911e-02 2.6495994444e-02
6.1584166785e+01 4.5562119178e+01 4.6009590410e+01 7.3983495364e-01 1.3926658932e-01 6.7974443130e+02 6.8619423502e+00 -9.3900381099e-01 8.0627536877e+00 9.5187958680e-03 1.3213012089e-02
3.7284289695e+01 2.4399612131e+01 2.6140320639e+01 6.5442073138e-01 1.2988485706e-02 5.8121432857e+01 1.1662780420e+02 -8.5182966669e-01 1.5944431425e+01 5.0413612489e-03 5.1077719584e-03
2.5363094200e+01 2.0320276074e+01 1.9739105852e+01 8.0117496368e-01 1.8003364655e-02 8.0865903331e+01 9.7093473804e+01 8.7881800743e-01 9.1194653164e+00 6.4165494758e-03 6.5185814808e-03
6.0928570960e+01 5.1726653809e+01 4.8839471815e+01 8.4897205029e-01 7.0698282673e-02 3.2982261486e+02 2.2535630700e+01 -9.3091478604e-01 1.1432821354e+01 6.1033856000e-03 6.5674109023e-03
2.6093554626e+01 2.3041123141e+01 2.1337548035e+01 8.8301971393e-01 3.8557455011e-02 1.7582960302e+02 7.7798930640e+00 -9.7901722778e-01 9.7000114197e+00 1.5553252874e-02 2.0388323967e-02
2.9594621440e+01 2.9559133324e+01 2.5748161705e+01 9.9880085929e-01 1.7544391494e-02 7.8777289504e+01 7.7186929160e+01 9.1646363209e-01 1.4271696003e+01 5.9245393223e-03 6.0439508727e-03
4.2921418615e+01 2.2827728412e+01 2.6983857465e+01 5.3184934581e-01 3.0033399441e-02 1.3610899794e+02 1.0997641182e+02 9.6472616789e-01 8.2469809154e+00 4.9999000758e-03 5.0698510549e-03
2.7745349495e+01 2.4708364402e+01 2.2785851879e+01 8.9054075192e-01 1.3294386344e-02 5.9503992448e+01 1.0662769709e+01 3.8457699351e-01 1.4182663196e+01 1.3469265553e-02 1.6066623822e-02
2.7196701937e+01 2.4986865183e+01 2.2689768064e+01 9.1874614947e-01 3.6870505827e-02 1.6793097773e+02 1.6790605252e+01 9.7757892337e-01 9.2949268665e+00 1.1227918466e-02 1.2434117617e-02
3.0773168971e+01 2.8805851156e+01 2.5916305397e+01 9.3607035346e-01 1.9055171069e-02 8.5657576321e+01 2.2533023783e+01 -6.5943218271e-01 1.3902474474e+01 9.3542010187e-03 1.0065472011e-02
6.4603116747e+01 5.1672836822e+01 5.0235587243e+01 7.9985052461e-01 3.1459605270e-02 1.4272167847e+02 2.7318513504e+01 5.0673973762e-01 1.5045180675e+01 5.7109653669e-03 6.0602857526e-03
3.0566389218e+01 2.4635674340e+01 2.3861299587e+01 8.0597267034e-01 2.1321263992e-02 9.6006161781e+01 3.6637989918e+01 5.8018514989e-01 8.9894850562e+00 8.1971160994e-03 8.5603037313e-03
4.5227648092e+01 3.0346191401e+01 3.2124074235e+01 6.7096549746e-01 8.8538318348e-02 4.1811492082e+02 5.1706409231e+00 9.2907998034e-01 8.1401855711e+00 1.3631546735e-02 2.3793886781e-02
3.3334249459e+01 3.3098227458e+01 2.8916196102e+01 9.9291953458e-01 3.4429322046e-02 1.5653379737e+02 7.5896472440e+01 -8.7969838583e-01 8.0903913902e+00 5.4882818500e-03 5.6008528099e-03
6.6966593789e+01 4.7914300570e+01 4.9175009874e+01 7.1549556068e-01 4.7212012418e-02 2.1664288725e+02 7.8621900660e+01 8.3031856877e-01 9.4181149678e+00 3.8568255597e-03 3.9330906721e-03
7.1250419237e+01 5.7011715514e+01 5.5415496321e+01 8.0015972010e-01 6.2675646854e-02 2.9076719763e+02 4.9099193247e+01 -8.9981776649e-01 1.0690621207e+01 4.2315345123e-03 4.3685517124e-03
5.8338513593e+01 4.8256683733e+01 4.6148774443e+01 8.2718397781e-01 3.5398791041e-02 1.6105530131e+02 1.5721859567e+01 -8.9068897707e-01 2.2413742485e+01 7.3907648506e-03 8.2509633723e-03
3.4011924933e+01 3.2583376465e+01 2.8979284674e+01 9.5799859986e-01 4.4562124379e-02 2.0409493037e+02 3.5703048977e+01 9.6882927166e-01 8.6439221762e+00 7.2279900111e-03 7.5573432224e-03
2.6829930437e+01 2.1936191164e+01 2.1098171480e+01 8.1760149231e-01 1.8857966444e-02 8.4758617312e+01 7.3426877282e+01 8.5714217856e-01 9.9789550948e+00 6.8312637955e-03 6.9762790097e-03
6.8972693293e+01 5.1309919868e+01 5.1675720654e+01 7.4391643155e-01 9.7393960465e-02 4.6267262411e+02 1.2181407300e+01 8.7487418430e-01 1.0250120171e+01 7.3072421860e-03 8.4835875390e-03
5.9243056796e+01 5.2853398171e+01 4.8697632601e+01 8.9214502137e-01 1.0756767507e-01 5.1445169490e+02 6.2675022906e+00 7.8487853369e-01 9.6588831954e+00 9.6735633340e-03 1.4163367270e-02
6.0326491736e+01 5.0776051639e+01 4.8145466364e+01 8.4168746064e-01 6.3623009650e-02 2.9535792099e+02 1.3616250722e+00 7.5186303786e-01 1.0886262844e+01 1.7713717509e-02 1.0000000000e+00
5.0535042706e+01 3.5033295481e+01 3.6507454947e+01 6.9324756851e-01 1.7091360335e-02 7.6717094156e+01 7.7903530004e+01 -7.6811541091e-01 1.8310773624e+01 4.7478650308e-03 4.8426473867e-03
3.2252866191e+01 2.4633437719e+01 2.4493703699e+01 7.6375964768e-01 2.7933522268e-02 1.2639717574e+02 7.1057732647e+01 -9.0686943185e-01 8.6142276004e+00 6.2651187589e-03 6.4027307331e-03
7.4713373774e+01 6.0257406003e+01 5.8344149926e+01 8.0651432213e-01 2.2175434628e-01 1.1366281472e+03 4.5233435773e+00 -9.8279610622e-01 8.8868434979e+00 9.1835405096e-03 2.0618753197e-02
3.8186737854e+01 2.7463319792e+01 2.8115922268e+01 7.1918475720e-01 2.5494779353e-02 1.1515463118e+02 9.4284107873e+00 -9.4844659127e-01 1.9831851410e+01 1.2276588237e-02 1.5100449016e-02
3.6076800762e+01 2.5379612078e+01 2.6261187299e+01 7.0348843416e-01 2.9811103219e-02 1.3507951485e+02 2.1684716801e+01 -8.9072696127e-01 1.1903464664e+01 9.3501403635e-03 1.0093144651e-02
2.9549916363e+01 1.9681989626e+01 2.0908641816e+01 6.6605906373e-01 1.4059613265e-02 6.2965287201e+01 2.5886640770e+02 -9.7732596073e-01 9.7696137248e+00 4.2956020235e-03 4.3207605649e-03
4.8691011141e+01 4.8017783813e+01 4.2093723974e+01 9.8617347817e-01 5.3664801616e-02 2.4738795222e+02 3.2913707696e+01 7.9391964926e-01 9.6106300467e+00 5.8692086880e-03 6.1614359026e-03
3.7447826601e+01 3.3527272931e+01 3.0837112571e+01 8.9530624269e-01 3.2251502230e-02 1.4639912397e+02 5.2728454054e+01 8.2794117834e-01 9.8652378890e+00 6.0515529132e-03 6.2332599209e-03
2.9735295605e+01 2.1698750606e+01 2.2058402396e+01 7.2973044875e-01 1.5739924334e-02 7.0579475149e+01 2.9725185242e+01 -9.2298393818e-01 1.7104725500e+01 9.3438566726e-03 9.8642356841e-03
4.3686618174e+01 4.1207893253e+01 3.6933577820e+01 9.4326123137e-01 7.1894496325e-02 3.3568070705e+02 3.7759221557e+00 8.8085779197e-01 1.1640521270e+01 1.4192330541e-02 1.0000000000e+00
1.4257658763e+01 1.3374686334e+01 1.2020306573e+01 9.3807030710e-01 1.3083706699e-02 5.8551729836e+01 2.8814488157e+01 -8.9242425769e-01 8.9783533454e+00 1.3838566500e-02 1.4636279708e-02
7.3902322397e+01 3.9648523171e+01 4.6675930718e+01 5.3649901497e-01 5.9744591626e-02 2.7659999023e+02 1.9311171406e+01 7.2192159481e-01 1.0635214712e+01 6.6958950637e-03 7.3048064627e-03
3.7320981533e+01 3.0106827976e+01 2.9147615014e+01 8.0669979030e-01 3.5276956376e-02 1.6048673899e+02 8.7393865678e+00 -7.3135713952e-01 1.2180751099e+01 1.2276601371e-02 1.5443214741e-02
3.0369382144e+01 2.8181833119e+01 2.5464545812e+01 9.2796860292e-01 2.0443383393e-02 9.1993082865e+01 6.9666160641e+01 -8.5778343934e-01 1.1731977684e+01 6.1884873689e-03 6.3272443022e-03
2.2433116824e+01 1.6228843968e+01 1.6567216455e+01 7.2343241893e-01 1.0545784226e-02 4.7103845236e+01 3.6454845520e+02 9.0737984623e-01 8.3714333586e+00 4.3790918704e-03 4.3972475454e-03
4.8306078407e+01 4.3636952605e+01 3.9958571517e+01 9.0334289273e-01 8.4474726633e-02 3.9782998755e+02 1.2222939793e+01 -9.0003997932e-01 8.7033801523e+00 8.6339891253e-03 1.0017681232e-02
8.5985106929e+01 7.0144001649e+01 6.7538512048e+01 8.1576919717e-01 1.0684248180e-01 5.1074011583e+02 2.0021642024e+01 -6.1751300809e-01 8.1557808775e+00 5.1031113062e-03 5.5479468471e-03
3.0790027111e+01 2.1252871428e+01 2.2193424310e+01 6.9025179325e-01 1.5000304610e-02 6.7225622394e+01 2.0742356117e+01 -4.0270118970e-01 1.0665444977e+01 1.0657796046e-02 1.1549361406e-02
3.4443359182e+01 3.0163362497e+01 2.8047593956e+01 8.7573811653e-01 1.4578601932e-02 6.5315023307e+01 6.5367260253e+01 -6.5495896934e-01 1.4892513570e+01 5.9882140815e-03 6.1317035346e-03
3.3796754430e+01 2.9151220845e+01 2.7310062442e+01 8.6254497914e-01 2.1677635619e-02 9.7636714731e+01 1.5038921436e+01 6.5414344131e-01 1.4395280606e+01 1.0518204772e-02 1.1811373135e-02
5.0301221077e+01 3.4104131945e+01 3.5921736141e+01 6.7799809258e-01 1.7733621932e-02 7.9638235604e+01 9.5015274867e+01 7.7023261866e-01 1.6067171695e+01 4.4501900330e-03 4.5225485290e-03
3.3889319420e+01 1.7439850088e+01 2.0935845722e+01 5.1461198947e-01 1.0853665009e-02 4.8490306121e+01 2.7581037276e+02 -7.4302026549e-01 9.5695134125e+00 4.1995718911e-03 4.2226417138e-03
2.5340426605e+01 1.9005035312e+01 1.9065127986e+01 7.4998876727e-01 1.3780951322e-02 6.1704381741e+01 7.1457556838e+00 9.1177881872e-01 2.1416992928e+01 1.7489918042e-02 2.3790795527e-02
8.0734559714e+01 5.5294938303e+01 5.7958921607e+01 6.8489799782e-01 1.9656850685e-01 9.9317521000e+02 7.1393135256e+00 -9.8694792619e-01 8.2131917091e+00 7.8729665670e-03 1.0713874836e-02
3.0408882072e+01 2.9430468680e+01 2.6042411983e+01 9.6782474972e-01 2.5510761399e-02 1.1522818007e+02 8.4168011161e+01 -7.8496901479e-01 8.4232189092e+00 5.6669868073e-03 5.7714100976e-03
7.7387855190e+01 5.8113854748e+01 5.8261617975e+01 7.5094282695e-01 2.2938920437e-01 1.1807760128e+03 2.9878366894e+00 -9.8323062982e-01 8.1146295744e+00 1.0696506559e-02 1.0000000000e+00
5.0039355571e+01 4.7608361600e+01 4.2487829673e+01 9.5141835975e-01 1.8066562540e-02 8.1153603153e+01 2.6332704214e+01 -3.0374398381e-01 1.6727750297e+01 6.4820069821e-03 6.8951274736e-03
5.3669941084e+01 4.6687936899e+01 4.3556320731e+01 8.6990848055e-01 5.0795899813e-02 2.3368567527e+02 1.9564928424e+00 7.7381980834e-01 1.3959720672e+01 1.6586716483e-02 1.0000000000e+00
2.7168419496e+01 1.1870524449e+01 1.5375206471e+01 4.3692362931e-01 2.7000612609e-02 1.2209184572e+02 5.9987312771e+00 -9.7459544953e-01 8.5048292772e+00 2.1191108651e-02 3.1999489712e-02
5.5073593824e+01 4.5165431413e+01 4.3375288973e+01 8.2009232151e-01 4.1823408092e-02 1.9117412535e+02 1.7146215908e+01 3.8437207054e-01 9.3873880759e+00 7.4081510226e-03 8.1841324654e-03
3.1286583378e+01 1.5676035019e+01 1.9054877354e+01 5.0104656138e-01 1.7584087051e-02 7.8957873495e+01 6.6767096875e+01 -9.9004662222e-01 1.1115364747e+01 7.5504792385e-03 7.7274452521e-03
8.1819227116e+01 8.0826880889e+01 7.0794249218e+01 9.8787147885e-01 1.0324499620e-01 4.9237488359e+02 2.9936821728e+01 6.8944171159e-01 8.1795769143e+00 4.2699706719e-03 4.5059175681e-03
3.5792591165e+01 3.1637315688e+01 2.9283646040e+01 8.8390682704e-01 5.6480466072e-02 2.6088724511e+02 1.9594343663e+01 9.9160377169e-01 8.3411324059e+00 8.9293035097e-03 9.7275605439e-03
8.3714572117e+01 8.1489284058e+01 7.1901326440e+01 9.7341815166e-01 1.3734794413e-01 6.6957189043e+02 1.7921712428e+01 8.0410934622e-01 8.8998103466e+00 5.0293229388e-03 5.5289427147e-03
3.4549967156e+01 2.5107173402e+01 2.5574949798e+01 7.2669167207e-01 1.4109380937e-02 6.3190533563e+01 1.0009019183e+02 4.4183806214e-01 9.2630991381e+00 5.4086226012e-03 5.4919787932e-03
3.5754879795e+01 3.5473867899e+01 3.1003823672e+01 9.9214060017e-01 1.2457685878e-02 5.5723900313e+01 4.3431120355e+02 -7.7799639877e-01 8.3471019535e+00 2.7685365943e-03 2.7781594018e-03
6.3351968915e+01 5.6476778101e+01 5.2055403153e+01 8.9147628824e-01 4.4905375535e-02 2.0571775975e+02 8.5967292424e+01 9.5064528331e-01 1.1207495167e+01 3.6043880294e-03 3.6693681404e-03
5.5392973843e+01 4.8022820219e+01 4.4877022159e+01 8.6694786156e-01 1.7186545168e-02 7.7149841089e+01 1.0758112477e+02 8.6045793316e-01 2.1007329316e+01 3.6972542248e-03 3.7501627060e-03
2.3566647389e+01 1.9108435659e+01 1.8453505895e+01 8.1082537298e-01 1.9074766912e-02 8.5746918296e+01 8.6396516956e+01 -8.9633771012e-01 8.3542412499e+00 6.9872546278e-03 7.1125746532e-03
7.5722368418e+01 7.2117661000e+01 6.4328153456e+01 9.5239573863e-01 7.1315652820e-02 3.3284487512e+02 1.2964705877e+01 -2.7954756173e-01 8.6767944397e+00 6.3195427720e-03 7.2572258913e-03
4.8465285921e+01 4.3295431205e+01 3.9865053326e+01 8.9332870698e-01 4.9210841137e-02 2.2613789603e+02 1.0525831150e+01 3.9809727265e-01 8.4015547289e+00 9.3360924616e-03 1.1169220289e-02
8.5378089128e+01 7.1706781908e+01 6.8063946337e+01 8.3987335206e-01 1.0038842286e-01 4.7784777931e+02 2.1235368355e+01 -8.7579092495e-01 1.1471437384e+01 4.9857885624e-03 5.3916732875e-03
3.4435098134e+01 3.2163483756e+01 2.8968476020e+01 9.3403200513e-01 1.7167974693e-02 7.7065407802e+01 1.8650134157e+02 9.4104825426e-01 1.2045089125e+01 3.9544952110e-03 3.9867776600e-03
4.3117410116e+01 2.9500663764e+01 3.0937251476e+01 6.8419377889e-01 1.0728761234e-02 4.7927757677e+01 1.7995805059e+01 7.2109220752e-01 3.5152448272e+01 9.1576447745e-03 1.0062915281e-02
2.9399560391e+01 2.8542595046e+01 2.5217477736e+01 9.7085108300e-01 3.7449624209e-02 1.7064042970e+02 4.6212329059e+01 -9.7315081642e-01 8.0825638933e+00 7.1877610620e-03 7.4359778086e-03
5.4231062868e+01 4.6883880985e+01 4.3873262806e+01 8.6452078395e-01 1.6288329400e-02 7.3068614738e+01 4.7486449550e+01 1.7814619930e-01 1.3874544056e+01 5.0985485677e-03 5.2695977662e-03
4.6935084740e+01 4.6204202926e+01 4.0539731774e+01 9.8442781517e-01 4.0448452015e-02 1.8470567107e+02 2.4821664835e+00 -8.4222809151e-01 1.8646992783e+01 1.5965067287e-02 1.0000000000e+00
3.9977482957e+01 3.4987184312e+01 3.2543431172e+01 8.7517226509e-01 5.3823258928e-02 2.4814630514e+02 4.2760157919e+00 -5.5645237365e-01 8.9606157464e+00 1.4817043483e-02 4.1404836033e-02
3.4306260498e+01 2.5205463574e+01 2.5538791104e+01 7.3471906318e-01 1.6476000504e-02 7.3920891233e+01 2.6770020688e+01 2.2045645079e-01 8.8073340823e+00 8.8637308958e-03 9.4183221871e-03
2.3635901384e+01 2.2402118548e+01 2.0030575579e+01 9.4780047453e-01 3.5795870116e-02 1.6290901271e+02 5.1674387781e+00 -7.8781726923e-01 8.1488896710e+00 1.8894601553e-02 3.3006782958e-02
1.7497483797e+01 1.7178131509e+01 1.5092670082e+01 9.8174867358e-01 1.2651405862e-02 5.6598681470e+01 8.1006453989e+01 7.0727114338e-01 8.0680759333e+00 8.1486301121e-03 8.3048499583e-03
4.4590414510e+01 4.1824028508e+01 3.7590937407e+01 9.3796007433e-01 3.7571560728e-02 1.7121119854e+02 1.3126472564e+01 7.8339631418e-01 1.5261588673e+01 8.9779456140e-03 1.0288898341e-02
5.2987877165e+01 4.6299248449e+01 4.3099446198e+01 8.7377058539e-01 8.9571211601e-02 4.2328721338e+02 1.1042446007e+01 8.0218446800e-01 8.3970027226e+00 8.5298558679e-03 1.0097058029e-02
3.4128983966e+01 2.3907065260e+01 2.4788497728e+01 7.0049156118e-01 1.4091506311e-02 6.3109631859e+01 5.1804107532e+01 -9.5368954264e-01 1.9771239527e+01 7.0604043495e-03 7.2764021229e-03
4.1353374373e+01 3.2771801708e+01 3.2004689290e+01 7.9248192451e-01 1.4661807490e-02 6.5691906634e+01 3.2626457856e+02 -7.9056801405e-01 9.1362141382e+00 3.0173291610e-03 3.0313193905e-03
3.1704589203e+01 2.1110145920e+01 2.2429366023e+01 6.6583880915e-01 4.8932794250e-02 2.2481555156e+02 5.2087996974e+00 9.1895828371e-01 8.2966446394e+00 1.7414708446e-02 3.0116878085e-02
4.1339400961e+01 3.9951301714e+01 3.5377642788e+01 9.6642188288e-01 3.3224189573e-02 1.5092176551e+02 4.0451648072e+01 8.8452875670e-01 1.2983370977e+01 6.1304520421e-03 6.3745516401e-03
6.2061511694e+01 4.3154132147e+01 4.4904594486e+01 6.9534452142e-01 5.0613630368e-02 2.3281691677e+02 5.2013976092e+01 7.6287948494e-01 9.0015102770e+00 4.7565502786e-03 4.9014461428e-03
3.5819898683e+01 2.9488501380e+01 2.8266525212e+01 8.2324357310e-01 5.6264722275e-02 2.5985109939e+02 1.5554373410e+01 9.7562216402e-01 8.3505813419e+00 9.9557228495e-03 1.1129805986e-02
4.7036533565e+01 2.5812705657e+01 3.0066044663e+01 5.4877993127e-01 2.7901474914e-02 1.2624918359e+02 2.0771291573e+01 -6.0665621958e-01 1.1053573984e+01 8.7418744023e-03 9.4719835431e-03
3.7870562996e+01 2.9682525275e+01 2.9144225803e+01 7.8378885673e-01 4.7506417100e-02 2.1803977558e+02 5.5485898456e+00 5.8517658266e-01 8.5489725500e+00 1.4451369317e-02 2.3321223486e-02
5.1661409992e+01 4.6490752702e+01 4.2652031867e+01 8.9991257902e-01 2.1898075571e-02 9.8645744367e+01 1.3695527719e+02 4.3688052547e-01 8.3517714282e+00 3.4762550865e-03 3.5151113272e-03
7.2665204811e+01 7.0581501441e+01 6.2343834136e+01 9.7132460611e-01 2.0547650680e-01 1.0435266721e+03 8.2459118322e+00 9.6717803398e-01 8.0680007846e+00 7.0935081770e-03 9.0983254351e-03
3.6269671162e+01 2.3815747767e+01 2.5473632868e+01 6.5662982333e-01 2.1313864804e-02 9.5972316264e+01 1.8291075377e+01 -9.1479517386e-01 1.7047298989e+01 1.0210563429e-02 1.1200568879e-02
3.7575300036e+01 3.5360980059e+01 3.1729799538e+01 9.4106979919e-01 2.6861111400e-02 1.2144854865e+02 6.1671692868e+01 8.2282767756e-01 1.1567331651e+01 5.6237582699e-03 5.7669718780e-03
4.0383822242e+01 4.0044540892e+01 3.5008104626e+01 9.9159858254e-01 1.9395083825e-02 8.7207679761e+01 3.6864204178e+01 4.4155123641e-01 1.3283593116e+01 6.4435389972e-03 6.7271345603e-03
2.7621791725e+01 1.4903896670e+01 1.7498496532e+01 5.3957023565e-01 1.6034805768e-02 7.1917653915e+01 1.8439056661e+01 5.3880318860e-01 8.8845740367e+00 1.2914434831e-02 1.4154689903e-02
3.4471080199e+01 1.8216235537e+01 2.1597669991e+01 5.2844980291e-01 2.2404673210e-02 1.0096583931e+02 5.7039823980e+01 7.6131571767e-01 8.3421298258e+00 7.3847423481e-03 7.5888572903e-03
3.0290247155e+01 2.9921704279e+01 2.6208184988e+01 9.8783295249e-01 1.2556877600e-02 5.6171788820e+01 8.3125297959e+01 -1.8563584629e-01 8.4003128140e+00 5.7162413079e-03 5.8229391297e-03
6.8388370364e+01 5.5432233841e+01 5.3541211935e+01 8.1055058844e-01 5.2845950257e-02 2.4347161722e+02 2.5274986311e+01 6.4518697389e-01 1.1838598269e+01 5.5783210008e-03 5.9506117673e-03
7.4471458129e+01 7.0366351776e+01 6.3013927014e+01 9.4487678292e-01 1.8252375976e-01 9.1466212671e+02 1.9385031750e+00 8.7165211862e-01 8.3903941133e+00 1.2273453627e-02 1.0000000000e+00
3.4450300081e+01 2.6274463823e+01 2.6143453462e+01 7.6267735726e-01 2.7210221335e-02 1.2305867880e+02 1.7645758833e+01 8.9896959435e-01 1.3749469522e+01 1.0145925889e-02 1.1172688192e-02
4.4056967069e+01 2.9907043360e+01 3.1482466935e+01 6.7882664988e-01 1.8251167757e-02 8.1994145992e+01 2.0093266675e+01 -9.9438991117e-01 2.7668848409e+01 8.6511629436e-03 9.4021433763e-03
3.4889673635e+01 3.3747793855e+01 2.9871231427e+01 9.6727169784e-01 2.8185772321e-02 1.2756228310e+02 1.9496553654e+01 5.1067016505e-01 9.7898702162e+00 8.9868729444e-03 9.7950041331e-03
3.7033333973e+01 3.6710826381e+01 3.2098641811e+01 9.9129142431e-01 5.8957886631e-02 2.7280676330e+02 6.6275526156e+00 6.5887378603e-01 8.3158962214e+00 1.2641830349e-02 1.7884863050e-02
3.8887166646e+01 3.8727052746e+01 3.3783464941e+01 9.9588260307e-01 3.2385824448e-02 1.4702330381e+02 8.5690146844e+01 9.4482704490e-01 1.0438942080e+01 4.7640934422e-03 4.8502678758e-03
5.2735478234e+01 2.6552741737e+01 3.2202205896e+01 5.0350812445e-01 8.9029777504e-02 4.2057512194e+02 6.0944186409e+00 9.6760904257e-01 8.0961821672e+00 1.2793600225e-02 1.9096051255e-02
2.4313814647e+01 1.5575211146e+01 1.6857824985e+01 6.4059101265e-01 1.8988423209e-02 8.5353276604e+01 6.6589891027e+01 -9.6083333102e-01 8.5850495241e+00 8.1524075913e-03 8.3440121056e-03
4.2434573184e+01 4.2094084831e+01 3.6792877232e+01 9.9197615700e-01 3.7285401060e-02 1.6987187606e+02 5.8940798227e+01 -8.8717854009e-01 1.0750807073e+01 5.1817442898e-03 5.3201192928e-03
3.1893812249e+01 2.8541339913e+01 2.6257329294e+01 8.9488643409e-01 6.3070075525e-02 2.9267782578e+02 7.5084122605e+00 9.8040187134e-01 8.1458180007e+00 1.3644493669e-02 1.8149784923e-02
4.1582366959e+01 2.1792329669e+01 2.5938481116e+01 5.2407621939e-01 2.7294501908e-02 1.2344750987e+02 1.1789516384e+02 9.5638592303e-01 8.4023726827e+00 5.0013247552e-03 5.0664827796e-03
2.1742558185e+01 2.0886941853e+01 1.8551082267e+01 9.6064785362e-01 2.0176145876e-02 9.0772470527e+01 4.5010444531e+01 7.5092440896e-01 8.0242500331e+00 8.8874157095e-03 9.2030663749e-03
3.8317665448e+01 3.7852479733e+01 3.3154239427e+01 9.8785975844e-01 3.5708167917e-02 1.6249949781e+02 8.8023494100e+01 8.7997979507e-01 8.5942177646e+00 4.7625107869e-03 4.8462986329e-03
2.6414005847e+01 2.3869662879e+01 2.1853597586e+01 9.0367447549e-01 2.6533199027e-02 1.1993691695e+02 6.3982190771e+00 8.2333977750e-01 1.2724691735e+01 1.6608813748e-02 2.3996751812e-02
7.1592351866e+01 7.0544730575e+01 6.1866741986e+01 9.8536685464e-01 1.6413078801e-01 8.1348532863e+02 8.3730285368e+00 8.1491300483e-01 8.3084311513e+00 7.2431568600e-03 9.2409259045e-03
5.1482927903e+01 5.1172728087e+01 4.4683224771e+01 9.9397470524e-01 6.2383836033e-02 2.8935428944e+02 9.8709220341e-01 9.7316348314e-01 1.0510755296e+01 2.0954165544e-02 1.0000000000e+00
3.6625925018e+01 3.4144604496e+01 3.0781935520e+01 9.3225234528e-01 1.8853134265e-02 8.4736593030e+01 2.7068649910e+02 9.1846959389e-01 9.0843584909e+00 3.3074331586e-03 3.3259495934e-03
3.3373149780e+01 3.3129985172e+01 2.8946938590e+01 9.9271376512e-01 4.1803367240e-02 1.9107975533e+02 4.3129295170e+00 -8.1368970836e-01 1.2892498708e+01 1.6005283082e-02 4.2806581465e-02
3.2114799710e+01 2.8402258674e+01 2.6282053548e+01 8.8439781440e-01 3.5913422134e-02 1.6345798664e+02 1.5586585709e+01 6.9589844896e-01 8.6710959765e+00 1.0538405331e-02 1.1778045183e-02
3.2482669821e+01 2.3358467659e+01 2.3914801962e+01 7.1910553497e-01 1.8616396167e-02 8.3657770266e+01 6.6759207071e+01 7.3161816104e-01 1.0508002673e+01 6.5472005963e-03 6.7006709715e-03
4.0822935601e+01 3.4908828389e+01 3.2843398405e+01 8.5512783133e-01 4.5658756420e-02 2.0928228150e+02 5.0515820931e+00 9.1147846826e-01 1.5645719058e+01 1.3907102974e-02 2.5051328258e-02
3.2735096198e+01 2.2982464091e+01 2.3803877614e+01 7.0207412717e-01 2.7392119512e-02 1.2389793037e+02 3.7961083850e+01 -8.5742288343e-01 9.5554870892e+00 8.0710270860e-03 8.4151663002e-03
4.4252935736e+01 3.3030715154e+01 3.3212266361e+01 7.4640731974e-01 2.5631868977e-02 1.1578556835e+02 2.8159977885e+00 8.3784545784e-01 2.2256073215e+01 1.7403130022e-02 1.0000000000e+00
2.4044625876e+01 2.2451457866e+01 2.0224335798e+01 9.3374120197e-01 1.4876317433e-02 6.6663752863e+01 5.7544611402e+01 7.6156123341e-01 1.1513821364e+01 7.7044098678e-03 7.9153971972e-03
3.7401762006e+01 3.4690265220e+01 3.1353235313e+01 9.2750350143e-01 5.6758259080e-02 2.6222183042e+02 5.6354404123e+00 -9.0907489039e-01 1.1521386497e+01 1.3650907908e-02 2.1709332140e-02
4.0425373019e+01 2.7870179204e+01 2.9120430706e+01 6.8942293225e-01 4.1941198738e-02 1.9172884044e+02 1.6382534104e+01 -9.6289986422e-01 1.1258917418e+01 9.6661206106e-03 1.0735976206e-02
3.9127627285e+01 2.8014361406e+01 2.8742179935e+01 7.1597393836e-01 2.9300449895e-02 1.3271584414e+02 7.7371662423e+01 9.4288017752e-01 1.0004632465e+01 5.4864175037e-03 5.5967246616e-03
3.1378595913e+01 2.6108532452e+01 2.4896337199e+01 8.3204909884e-01 3.8063431885e-02 1.7351456789e+02 1.8986663584e+01 8.4413740125e-01 8.5915086484e+00 1.0110622690e-02 1.1048588275e-02
3.5741770687e+01 3.4372504293e+01 3.0512026571e+01 9.6169002355e-01 2.9442955585e-02 1.3337529019e+02 1.1439012713e+01 5.3417321100e-01 1.1386347131e+01 1.0823163072e-02 1.2718376221e-02
3.3136482615e+01 2.9209057637e+01 2.7072807360e+01 8.8147731236e-01 2.8678222150e-02 1.2983804848e+02 4.6174011528e+01 8.0027423665e-01 9.5507558421e+00 6.9145451411e-03 7.1535378060e-03
3.1667219053e+01 2.9394710577e+01 2.6556654528e+01 9.2823782628e-01 1.3408413221e-02 6.0019512992e+01 3.4612557396e+01 4.8314867954e-01 1.4636600622e+01 7.8701759409e-03 8.2410911944e-03
3.9336668735e+01 3.5740080462e+01 3.2634034680e+01 9.0856906829e-01 2.6612024794e-02 1.2030022822e+02 7.4731189502e+01 8.1893143684e-01 1.1243578575e+01 5.1426188085e-03 5.2498081630e-03
4.5172930199e+01 2.8325160133e+01 3.0972422204e+01 6.2703836143e-01 3.3782108688e-02 1.5351868655e+02 2.0946270985e+01 -5.3878207863e-01 8.7234661977e+00 8.5236990953e-03 9.2286956523e-03
4.1275105209e+01 2.9198663610e+01 3.0131808504e+01 7.0741584937e-01 1.5654059442e-02 7.0189927581e+01 1.0696681646e+02 -4.5172788760e-01 9.8651414825e+00 4.7571348438e-03 4.8256117948e-03
2.9618058404e+01 2.9131523150e+01 2.5571188344e+01 9.8357301999e-01 3.0436198241e-02 1.3797524077e+02 2.2473898010e+00 9.6974219723e-01 1.2314957054e+01 2.2236110822e-02 1.0000000000e+00
3.9502290493e+01 2.5708495829e+01 2.7615663368e+01 6.5081025702e-01 3.6424020207e-02 1.6584355412e+02 4.1918518731e+01 8.4194205114e-01 8.3140834537e+00 7.0483169708e-03 7.3184378344e-03
6.5871193908e+01 3.4756016000e+01 4.1237490441e+01 5.2763604145e-01 9.5981126633e-02 4.5553170551e+02 4.1776971591e+00 7.3076342841e-01 9.1299362584e+00 1.2578672803e-02 4.1101341471e-02
4.3592702494e+01 4.3376452290e+01 3.7855382912e+01 9.9503930265e-01 1.7048505425e-02 7.6522278968e+01 4.6738073130e+01 1.6837281225e-01 1.1201581771e+01 5.6218062396e-03 5.8136224319e-03
3.7888114676e+01 3.3175736175e+01 3.0850655121e+01 8.7562383242e-01 2.8034950974e-02 1.2686561015e+02 5.2841155863e+01 -9.2621819069e-01 1.2578223285e+01 6.0605349197e-03 6.2421018234e-03
3.5992455094e+01 3.2253713542e+01 2.9652346240e+01 8.9612429764e-01 2.8098190703e-02 1.2715770841e+02 1.5466083235e+01 5.8358168783e-01 1.1308548482e+01 9.8479215079e-03 1.1017461671e-02
4.1422102598e+01 3.6546580996e+01 3.3858155569e+01 8.8229661711e-01 2.9639549816e-02 1.3428525084e+02 1.3830830843e+01 -4.2787223644e-01 1.0776330465e+01 9.4435399465e-03 1.0733258502e-02
8.2059679123e+01 7.1421893276e+01 6.6613991262e+01 8.7036525172e-01 3.9725596230e-02 1.8130994088e+02 1.1377872624e+02 7.5240357080e-01 9.5913204916e+00 2.7899423097e-03 2.8276379589e-03
4.1608325584e+01 2.4869534626e+01 2.7821038178e+01 5.9770573021e-01 1.0713027220e-02 4.7856901404e+01 6.5277148990e+02 -9.7542330085e-01 8.0977355074e+00 2.5454205965e-03 2.5512944657e-03
2.7524514100e+01 2.3292720789e+01 2.2027323145e+01 8.4625365971e-01 1.3300141984e-02 5.9530011866e+01 1.5812155828e+02 9.9664239949e-01 1.3495468186e+01 5.0045115316e-03 5.0528287526e-03
2.9365769317e+01 2.8097199811e+01 2.5004895345e+01 9.5680108046e-01 2.3288579382e-02 1.0501799488e+02 4.5660293575e+01 -8.6102220149e-01 1.1404146571e+01 7.3211490807e-03 7.5772286123e-03
6.5330122117e+01 5.4469283080e+01 5.1888145021e+01 8.3375449662e-01 6.9107215068e-02 3.2204478224e+02 3.0743425606e+01 8.8423706791e-01 1.0762036971e+01 5.2354952267e-03 5.5164346286e-03
3.9853703244e+01 3.5466554060e+01 3.2718263613e+01 8.8991865681e-01 1.5688995387e-02 7.0348417290e+01 3.3419299765e+02 8.6251665771e-01 9.1492556941e+00 2.9474901801e-03 2.9608296723e-03
8.1980106953e+01 6.6484270812e+01 6.4199549679e+01 8.1098053275e-01 7.3815568246e-02 3.4510735737e+02 6.3885230458e+00 -8.3241352491e-01 2.0755721351e+01 8.2386683329e-03 1.1914714928e-02
2.9272789929e+01 2.6992206720e+01 2.4466612572e+01 9.2209204470e-01 2.4632365962e-02 1.1118833752e+02 6.8799727360e+01 -9.8997761208e-01 1.0710709954e+01 6.3586076331e-03 6.5030501625e-03
6.0999230298e+01 4.9838054130e+01 4.7950604230e+01 8.1702759012e-01 1.7446612829e-01 8.7010687214e+02 4.7860745871e+00 -9.9850268420e-01 8.3657483449e+00 1.0417939520e-02 2.0510451548e-02
4.2687187271e+01 4.2155633646e+01 3.6929113014e+01 9.8754770088e-01 4.9893674106e-02 2.2938744798e+02 1.8655757226e+01 6.3313935142e-01 8.6199992972e+00 7.8984985033e-03 8.6466179950e-03
7.4023773163e+01 5.7515550093e+01 5.6713020357e+01 7.7698754920e-01 1.5621300895e-01 7.7051433484e+02 3.4817033143e+00 7.9097488916e-01 9.4426220421e+00 1.0673293200e-02 1.0000000000e+00
2.8247835352e+01 2.5956876783e+01 2.3568674404e+01 9.1889790701e-01 2.1970628937e-02 9.8977916722e+01 8.3530413779e+01 -8.2941041608e-01 9.1562826796e+00 6.0620640917e-03 6.1746492870e-03
4.0812830064e+01 2.7148746890e+01 2.8858596782e+01 6.6520128224e-01 2.8871725082e-02 1.3073272383e+02 1.7390588627e+01 -9.9522233594e-01 1.6337906726e+01 9.5808736024e-03 1.0567520302e-02
4.0576623980e+01 4.0381224610e+01 3.5238827177e+01 9.9518443500e-01 1.1931848283e-02 5.3350645790e+01 5.3828961054e+01 6.1893267562e-02 1.3136142580e+01 5.5934762699e-03 5.7578071146e-03
2.8072489149e+01 1.5246790793e+01 1.7845937698e+01 5.4312215463e-01 1.7345306600e-02 7.7871766319e+01 5.8752478306e+01 7.4559626348e-01 8.2544195474e+00 8.2538405059e-03 8.4749954919e-03
3.6667983199e+01 3.6642610065e+01 3.1910286838e+01 9.9930803028e-01 4.1472609640e-02 1.8952263335e+02 2.2189071017e+01 -7.1312862528e-01 9.0097908201e+00 8.1495189232e-03 8.7802159613e-03
5.3261622766e+01 4.3812377782e+01 4.2013237129e+01 8.2258811330e-01 1.1640923106e-01 5.5995703413e+02 7.0065920002e+00 9.1589398148e-01 8.2003646931e+00 1.0123943309e-02 1.3903906187e-02
3.5096056965e+01 3.2574855573e+01 2.9430936963e+01 9.2816283053e-01 6.7006212328e-02 3.1179858725e+02 6.2291024102e+00 -9.5323266828e-01 9.1723613580e+00 1.3595785169e-02 1.9987804232e-02
3.4518485116e+01 3.2227019414e+01 2.9032117784e+01 9.3361627273e-01 2.8124758705e-02 1.2728043134e+02 4.6045239221e+01 -7.1930802889e-01 9.6783691136e+00 6.6282462322e-03 6.8580255426e-03
3.5718382387e+01 3.2301233514e+01 2.9562400668e+01 9.0433080546e-01 1.8999234742e-02 8.5402563756e+01 2.4761449683e+02 -7.8239576367e-01 8.0061943045e+00 3.5069836798e-03 3.5284672996e-03
3.6733365077e+01 2.6646264675e+01 2.7166162359e+01 7.2539677809e-01 4.5943112508e-02 2.1062862891e+02 3.0436071204e+00 -7.9495191929e-01 8.9826311380e+00 1.8931708049e-02 1.0000000000e+00
3.5206844302e+01 2.6838848521e+01 2.6711129915e+01 7.6231906192e-01 5.4134085081e-02 2.4963433973e+02 8.7677631456e+00 8.5513785502e-01 8.1736658407e+00 1.2803976462e-02 1.6090152802e-02
3.8671696779e+01 3.6251278525e+01 3.2591693721e+01 9.3741111832e-01 1.5247194786e-02 6.8344754701e+01 1.2019807445e+02 8.8325664267e-01 1.7399071306e+01 4.3367059039e-03 4.3920971557e-03
2.9767576000e+01 2.9015696581e+01 2.5584393804e+01 9.7474166458e-01 1.6150603396e-02 7.2443305191e+01 9.7565965026e+01 -8.5953198582e-01 1.3440441468e+01 5.4525619322e-03 5.5388330301e-03
3.6310197693e+01 2.8940487613e+01 2.8184066776e+01 7.9703470241e-01 3.7146364083e-02 1.6922132968e+02 1.2485328937e+01 7.7232928818e-01 1.0609192403e+01 1.0955152551e-02 1.2662447838e-02
3.8947520604e+01 3.1458594858e+01 3.0437529884e+01 8.0771752269e-01 2.5353302114e-02 1.1450363095e+02 8.8259763621e+01 6.5278066017e-01 8.5175995002e+00 5.0504825036e-03 5.1390911096e-03
8.3976439631e+01 7.1849030743e+01 6.7580178361e+01 8.5558557923e-01 4.4278774551e-02 2.0275587841e+02 9.9558723146e+00 -9.2795783999e-01 3.4611040808e+01 6.8745398435e-03 8.3352544245e-03
2.6589101360e+01 2.2651634592e+01 2.1350940830e+01 8.5191425937e-01 1.3117714769e-02 5.8705424652e+01 2.4687970499e+01 3.1357313164e-01 9.9405375014e+00 1.0240369866e-02 1.0942169956e-02
3.5115757108e+01 3.0414048833e+01 2.8435311411e+01 8.6610830401e-01 4.4206316119e-02 2.0241353852e+02 8.8784677390e+00 7.6213501747e-01 9.7477745181e+00 1.2327962219e-02 1.5431628642e-02
4.6526158601e+01 4.3603895626e+01 3.9206634718e+01 9.3719096819e-01 5.1549962390e-02 2.3728206449e+02 4.5776665324e+00 7.1292734746e-01 1.4782281909e+01 1.2873177622e-02 2.7976821131e-02
3.0274539245e+01 2.0430516791e+01 2.1567702449e+01 6.7484154342e-01 2.3568040856e-02 1.0630022872e+02 1.7652271539e+01 -5.8723946716e-01 8.6131826337e+00 1.1466216636e-02 1.2626079615e-02
3.1646562901e+01 2.9855677885e+01 2.6756783415e+01 9.4340980973e-01 4.1570656348e-02 1.8998413800e+02 2.9014928814e+01 -8.7443158980e-01 8.0232801243e+00 8.2268963805e-03 8.6974985814e-03
4.2779765380e+01 4.1933626823e+01 3.6871438384e+01 9.8022105663e-01 4.9983553470e-02 2.2981540080e+02 2.8415795272e+01 7.2699425791e-01 8.5220670759e+00 6.7517359901e-03 7.1470003704e-03
5.2938789810e+01 3.3385401409e+01 3.6405907660e+01 6.3064156792e-01 9.8746757274e-02 4.6952149265e+02 3.5663659790e+00 9.0449990132e-01 8.4621353937e+00 1.4405973413e-02 1.0000000000e+00
4.8374559179e+01 4.3927903675e+01 4.0121008533e+01 9.0807863514e-01 1.0681649226e-01 5.1060715874e+02 7.9256654053e+00 -9.4392104784e-01 8.2981450275e+00 1.0002940332e-02 1.3018129822e-02
7.6847180952e+01 6.1650464343e+01 5.9848062819e+01 8.0224757211e-01 1.1591117239e-01 5.5738122439e+02 7.4423511510e+00 -5.6921778687e-01 8.5995868078e+00 7.9360538656e-03 1.0596811941e-02
5.8893754719e+01 4.5365442279e+01 4.4921449397e+01 7.7029291978e-01 4.6935377944e-02 2.1533082469e+02 4.1044652936e+01 7.0830668623e-01 9.9460704989e+00 5.2085399555e-03 5.4127148273e-03
2.9989240404e+01 2.5021129918e+01 2.3827282639e+01 8.3433690155e-01 2.0085792993e-02 9.0359889536e+01 1.1528973851e+02 7.4118923697e-01 8.2883549826e+00 5.3417030064e-03 5.4129069638e-03
3.3373951755e+01 3.1593542396e+01 2.8265999776e+01 9.4665272571e-01 4.3238519081e-02 1.9784430907e+02 1.8931244746e+01 -8.3257764084e-01 8.8340871841e+00 9.3207009908e-03 1.0188371198e-02
3.3388637343e+01 3.3089412365e+01 2.8935900060e+01 9.9103811951e-01 1.3255706200e-02 5.9329137616e+01 4.4864255745e+02 -9.0143835496e-01 8.5634676501e+00 2.8542074404e-03 2.8638091611e-03
5.1793823402e+01 2.8237665493e+01 3.2992245649e+01 5.4519368602e-01 2.1785053739e-02 9.8128364166e+01 5.7467973441e+01 -6.6000817978e-01 1.2641194553e+01 5.6529988586e-03 5.8080247356e-03
3.5508715438e+01 3.5215580604e+01 3.0784220570e+01 9.9174470744e-01 3.0826401721e-02 1.3978414492e+02 1.0900476498e+01 8.7886100189e-01 1.6651333083e+01 1.0950466662e-02 1.2998553560e-02
4.0259183689e+01 3.8887468507e+01 3.4444372111e+01 9.6592789381e-01 7.8024292723e-02 3.6584015950e+02 3.7087618620e+00 -7.3940295688e-01 8.2104499289e+00 1.4871957131e-02 1.0000000000e+00
3.3330206979e+01 3.1075632021e+01 2.8013652692e+01 9.3235640690e-01 3.3850940050e-02 1.5383921419e+02 5.2615672812e+01 -9.7321261759e-01 9.7828157777e+00 6.4248098397e-03 6.6181611582e-03
3.9424980179e+01 3.4685900067e+01 3.2179424805e+01 8.7979499063e-01 1.7095831445e-02 7.6737420192e+01 1.6853588205e+02 5.9621999834e-01 9.4196008939e+00 3.8465688166e-03 3.8813733044e-03
6.1566663360e+01 5.9256030154e+01 5.2579590495e+01 9.6246940991e-01 4.0182094435e-02 1.8345401829e+02 1.8942247021e+01 9.0315209394e-01 2.2249367655e+01 6.3340257405e-03 6.9232604195e-03
7.8128025186e+01 2.5123093600e+01 3.7406667968e+01 3.2156314639e-01 1.5272630222e-02 6.8460074558e+01 1.1638625024e+02 -6.0767006625e-01 1.4605063961e+01 4.0271731234e-03 4.0803365485e-03
4.1919443035e+01 3.2939144402e+01 3.2301922079e+01 7.8577247257e-01 3.5770073901e-02 1.6278855515e+02 6.5090839784e+00 -2.2890823340e-01 8.0730767895e+00 1.2854152926e-02 1.8377871748e-02
6.5814545763e+01 3.9460207667e+01 4.4078205595e+01 5.9956666433e-01 8.7359602962e-02 4.1222043640e+02 8.6899160394e+00 9.1740773850e-01 1.0750408739e+01 9.2133318174e-03 1.1610760177e-02
4.9308515795e+01 4.3552028313e+01 4.0326631329e+01 8.8325571377e-01 5.6357750571e-02 2.6029784690e+02 2.9000810767e+01 -8.2099352568e-01 9.3315487974e+00 6.3116089841e-03 6.6728460170e-03
3.3621664712e+01 2.6280349808e+01 2.5838180459e+01 7.8164927387e-01 1.5818466561e-02 7.0935844788e+01 1.6331405506e+02 -9.0278118251e-01 1.2002936015e+01 4.4679997270e-03 4.5097419220e-03
4.9015404758e+01 2.6065462473e+01 3.0812927412e+01 5.3178103091e-01 2.3736100261e-02 1.0707157341e+02 4.9926393320e+01 -7.3240509896e-01 1.2188590373e+01 6.2118549823e-03 6.4094646007e-03
2.5206085489e+01 2.5088605781e+01 2.1891964241e+01 9.9533923233e-01 1.7807301212e-02 7.9973520557e+01 1.5166538093e+02 -8.9328800222e-01 9.1511489931e+00 5.0888469321e-03 5.1401086811e-03
2.6466900731e+01 2.5281755885e+01 2.2517821763e+01 9.5522162349e-01 1.5707855749e-02 7.0433982220e+01 3.6056452882e+01 4.6795242019e-01 9.8576024572e+00 8.5801054446e-03 8.9669128889e-03
8.2565308490e+01 7.1009873963e+01 6.6620149331e+01 8.6004491792e-01 5.8946016667e-02 2.7274956051e+02 8.4011724064e+01 -9.7407172227e-01 1.0337546199e+01 3.0902501930e-03 3.1473025455e-03
2.8546211028e+01 2.4053792009e+01 2.2795129309e+01 8.4262643420e-01 4.5491817431e-02 2.0849211516e+02 3.3189136287e+00 9.1990099436e-01 8.0513782219e+00 2.0455993411e-02 1.0000000000e+00
4.5033836504e+01 4.2488308195e+01 3.8076887511e+01 9.4347520649e-01 3.6123895643e-02 1.6444113439e+02 7.2748726865e+01 8.3686679421e-01 1.0080762940e+01 4.6901908197e-03 4.7907200012e-03
3.8221651970e+01 3.0062937963e+01 2.9467275498e+01 7.8654208841e-01 3.4645141494e-02 1.5753982475e+02 3.4192671622e+01 -6.5564706338e-01 8.0922611918e+00 7.3133056715e-03 7.6625890609e-03
7.5183010249e+01 6.8870769465e+01 6.2630785104e+01 9.1604165936e-01 9.1563026876e-02 4.3327989495e+02 9.4366059664e+00 -4.3542574142e-01 8.8881292902e+00 7.1547076000e-03 8.7983224825e-03
4.3715106952e+01 2.6240334525e+01 2.9295185154e+01 6.0025781370e-01 2.5271393256e-02 1.1412679208e+02 1.8255774376e+02 -9.2478070333e-01 8.2157458797e+00 3.9388887622e-03 3.9717490916e-03
4.8413753568e+01 4.5805400126e+01 4.0992407191e+01 9.4612370969e-01 2.4150575356e-02 1.0897469585e+02 5.4100759392e+01 -6.4481553251e-01 1.4583080817e+01 5.0414151300e-03 5.1887423386e-03
6.8549034128e+01 6.0602763226e+01 5.6088802640e+01 8.8407902455e-01 2.7781602783e-02 1.2569568362e+02 1.3725615415e+02 -7.8686849499e-01 1.1628012137e+01 2.9164912506e-03 2.9490177359e-03
6.1310406524e+01 5.9248413622e+01 5.2467063198e+01 9.6636797864e-01 8.4098351945e-02 3.9595633317e+02 3.4577598963e+01 8.9541999217e-01 8.7202175380e+00 4.9320279689e-03 5.1647264670e-03
3.3290205351e+01 2.1762641214e+01 2.3327107453e+01 6.5372505171e-01 2.5200787019e-02 1.1380198891e+02 1.7883618734e+01 -9.7603585862e-01 1.3785986114e+01 1.0853787864e-02 1.1934757538e-02
4.1976344412e+01 4.0632056585e+01 3.5951681559e+01 9.6797510965e-01 4.3160378729e-02 1.9747565241e+02 4.3902089273e+01 -9.6310657570e-01 1.0819252778e+01 5.8505253437e-03 6.0639197781e-03
7.2163432176e+01 5.8245251909e+01 5.6374840036e+01 8.0712973528e-01 1.1277050672e-01 5.4117273908e+02 1.9236868762e+01 -9.3337709942e-01 9.1161332071e+00 5.7801421497e-03 6.3081645688e-03
3.0555531393e+01 2.2595016611e+01 2.2822328604e+01 7.3947385566e-01 1.8645014490e-02 8.3788164992e+01 4.3815777427e+01 9.0471758200e-01 1.3433106764e+01 7.8944165077e-03 8.1829666582e-03
5.2417396387e+01 1.5860020384e+01 2.4266776801e+01 3.0257169332e-01 1.9446451871e-02 8.7442000292e+01 1.6979039598e+02 -9.6820901420e-01 9.6687797063e+00 4.5692298060e-03 4.6102625447e-03
4.5736159739e+01 3.9416648497e+01 3.6942292218e+01 8.6182680668e-01 5.0172787347e-02 2.3071659149e+02 2.8898075064e+01 9.3669522773e-01 1.0647298182e+01 6.7004585527e-03 7.0854624971e-03
5.7270361561e+01 5.2920567467e+01 4.7918529427e+01 9.2404807695e-01 4.9068010380e-02 2.2545855465e+02 2.3706205874e+01 -5.7908537857e-01 1.0530456709e+01 6.1380513888e-03 6.5785118088e-03
3.4250226178e+01 1.3591934022e+01 1.8399442524e+01 3.9684216833e-01 1.2484824196e-02 5.5846433622e+01 1.0398756779e+01 1.3366080009e-01 8.5760789520e+00 1.5548266230e-02 1.8653664012e-02
3.8123813461e+01 3.4522679846e+01 3.1574579167e+01 9.0554109655e-01 1.5902470993e-02 7.1317043736e+01 1.0679680747e+02 8.9627215501e-01 1.7221281235e+01 4.6221379110e-03 4.6887803747e-03
5.2890054978e+01 4.9843706212e+01 4.4693870873e+01 9.4240223862e-01 5.4775729442e-02 2.5270807482e+02 2.2827698575e+00 5.5860299225e-01 1.1238045120e+01 1.5368001112e-02 1.0000000000e+00
3.0319076541e+01 2.0525371563e+01 2.1634929820e+01 6.7697878381e-01 1.4654485829e-02 6.5658740981e+01 8.9691122002e+01 -4.8572571265e-01 8.0435784141e+00 6.2548752534e-03 6.3628071867e-03
2.9136690299e+01 1.7308375022e+01 1.9419140010e+01 5.9404053255e-01 1.0176532966e-02 4.5441859211e+01 1.5879083894e+02 4.9871426655e-01 8.6854528188e+00 5.4165051334e-03 5.4685757215e-03
4.3540295663e+01 4.3039519963e+01 3.7685297168e+01 9.8849856915e-01 6.3606803695e-02 2.9527934248e+02 3.6599298526e+00 -7.8907348513e-01 1.2044487879e+01 1.4248619874e-02 1.0000000000e+00
6.3594066950e+01 5.3244736030e+01 5.0617250057e+01 8.3725948951e-01 8.5360938483e-02 4.0224515361e+02 4.1936553385e+01 -9.5338734159e-01 8.1555586733e+00 4.6884361778e-03 4.8680337664e-03
1.6082789325e+01 1.4889886957e+01 1.3469637795e+01 9.2582739570e-01 1.4650560064e-02 6.5640958203e+01 3.3940446855e+01 -7.8706647517e-01 8.0691191096e+00 1.2108947576e-02 1.2691958058e-02
2.9299529980e+01 1.8192090158e+01 1.9985846836e+01 6.2090040934e-01 1.5927064974e-02 7.1428656298e+01 3.7367200963e+01 9.3796112980e-01 1.4302574034e+01 9.1200265338e-03 9.5155774482e-03
4.3099392355e+01 3.8261618900e+01 3.5339257930e+01 8.8775309372e-01 1.3856395773e-02 6.2045705734e+01 2.8063216863e+02 9.0727892361e-01 1.2811673459e+01 3.0024309552e-03 3.0186382315e-03
6.4565116417e+01 3.6784814958e+01 4.2095455836e+01 5.6973203177e-01 2.4791777617e-02 1.1192111091e+02 8.8329921168e+01 7.3589768190e-01 1.3279613834e+01 4.1241648966e-03 4.1964623115e-03
3.3971968714e+01 2.7857173646e+01 2.6754449269e+01 8.2000468919e-01 1.5599067975e-02 6.9940470931e+01 3.7550525167e+01 2.5785994853e-01 9.4054216641e+00 7.5877985814e-03 7.9151573659e-03
3.7599069691e+01 3.6909941201e+01 3.2430266084e+01 9.8167166114e-01 7.0645349023e-02 3.2956359610e+02 2.8543293571e+00 -8.6121314420e-01 8.3262730937e+00 1.7109373995e-02 1.0000000000e+00
3.5957117370e+01 3.3122632734e+01 3.0038322697e+01 9.2117041512e-01 1.0889406483e-02 4.8651299826e+01 1.6157545979e+02 5.8729532549e-01 1.4065827442e+01 4.0953676024e-03 4.1340473529e-03
3.9794573750e+01 1.9435072810e+01 2.3907721566e+01 4.8838499773e-01 1.3051447149e-02 5.8405944385e+01 7.6688653865e+01 -2.9160298438e-01 8.3392537526e+00 6.2379303086e-03 6.3645060196e-03
3.3875230048e+01 2.2003013218e+01 2.3657568100e+01 6.4953103453e-01 2.3006657644e-02 1.0372499754e+02 9.6829334416e+01 -8.8064290174e-01 8.8711548713e+00 5.7182453917e-03 5.8094287535e-03
2.5478475735e+01 2.1288518716e+01 2.0258320593e+01 8.3554914891e-01 1.4838402652e-02 6.6491955958e+01 3.1550462650e+02 -9.8552071041e-01 8.2892576900e+00 4.0660094674e-03 4.0855106513e-03
2.0579778452e+01 2.0264861016e+01 1.7778027818e+01 9.8469772465e-01 1.7904908356e-02 8.0417747424e+01 1.3924884429e+02 -9.9362387463e-01 8.2013184508e+00 5.9841800162e-03 6.0499448154e-03
4.0590841603e+01 3.3200468898e+01 3.1925839013e+01 8.1793004498e-01 7.9012850561e-02 3.7072596963e+02 7.3093678190e+00 9.3673596295e-01 8.2683362932e+00 1.2084681993e-02 1.6266187272e-02
3.5587337696e+01 3.3852110033e+01 3.0213949178e+01 9.5124030694e-01 1.0601443835e-02 4.7354446581e+01 1.5643838869e+02 -3.9920718345e-01 1.1623007438e+01 4.1309492756e-03 4.1712693227e-03
7.4168457446e+01 6.4492239769e+01 6.0179052834e+01 8.6953729375e-01 1.2234792836e-01 5.9078380011e+02 8.4809009962e+00 8.2305188026e-01 1.0601373097e+01 7.5036394783e-03 9.5318171254e-03
3.7230596849e+01 3.3366487028e+01 3.0673895765e+01 8.9621144574e-01 6.7633939221e-02 3.1485697798e+02 5.3089347868e+00 8.6282208505e-01 9.1159991280e+00 1.4062042417e-02 2.3772886747e-02
7.8918666072e+01 6.4450431027e+01 6.2022922646e+01 8.1666903705e-01 1.8060725418e-01 9.0403217072e+02 5.6666844946e+00 -8.1181365531e-01 8.7644059761e+00 8.2987237704e-03 1.3131510135e-02
3.0814005340e+01 2.3344607834e+01 2.3303831674e+01 7.5759731902e-01 2.0780807667e-02 9.3534953126e+01 1.9478565210e+02 9.6179153899e-01 8.1648970142e+00 4.4474593516e-03 4.4821997524e-03
3.7508392522e+01 3.5590080881e+01 3.1804809224e+01 9.4885646887e-01 2.9586584699e-02 1.3404007021e+02 2.6414737712e+01 9.9272103446e-01 1.6138683448e+01 7.7047062551e-03 8.1940446521e-03
8.3814905003e+01 5.9687528525e+01 6.1397552476e+01 7.1213501372e-01 3.8570020629e-02 1.7588850735e+02 2.5305362995e+01 4.3268411270e-02 9.8833337860e+00 5.1623714828e-03 5.5064362498e-03
5.9419173144e+01 5.2075272115e+01 4.8404333555e+01 8.7640519651e-01 2.5772681565e-02 1.1643376937e+02 8.7793687482e+01 -5.7207163252e-01 1.1878184730e+01 3.7858412634e-03 3.8526263965e-03
4.0250610105e+01 3.9754044302e+01 3.4823243552e+01 9.8766314839e-01 5.2639449676e-02 2.4248466211e+02 5.5817470665e+00 7.3834095972e-01 1.1943699010e+01 1.2861419291e-02 2.0637225750e-02
3.8522509724e+01 3.4252880533e+01 3.1611863309e+01 8.8916534200e-01 1.9330590125e-02 8.6913510116e+01 2.1536065879e+02 8.9768107658e-01 1.0141781604e+01 3.5430732676e-03 3.5680708109e-03
3.6395973174e+01 3.2894464801e+01 3.0114179538e+01 9.0379407206e-01 3.0438198593e-02 1.3798451145e+02 1.6166350356e+01 -9.1511336469e-01 1.5383589257e+01 9.5790101270e-03 1.0656510270e-02
7.3336497594e+01 6.2901314140e+01 5.9091960452e+01 8.5770818356e-01 8.1255827842e-02 3.8183411999e+02 3.8673602089e+00 -5.3512662916e-01 1.4070229148e+01 1.0428689124e-02 1.0000000000e+00
3.7349809767e+01 3.0457135635e+01 2.9331321810e+01 8.1545624529e-01 2.6356241998e-02 1.1912146410e+02 6.1494094209e+01 -8.2027382531e-01 1.0741765301e+01 5.9151343473e-03 6.0662237872e-03
3.5117124469e+01 2.7496653470e+01 2.7011287826e+01 7.8299843412e-01 3.9090591718e-02 1.7832971266e+02 3.7371195098e+00 -9.5888647082e-01 1.3705133691e+01 1.7664249224e-02 1.0000000000e+00
2.9694912677e+01 2.6465441387e+01 2.4396681077e+01 8.9124496425e-01 4.3621802769e-02 1.9965316818e+02 1.4732991689e+01 -9.8343978066e-01 9.0074648122e+00 1.1223813877e-02 1.2639481622e-02
2.5956683257e+01 2.4509766101e+01 2.1955961902e+01 9.4425646985e-01 2.8029706739e-02 1.2684138871e+02 1.6696666541e+01 7.3805855004e-01 9.0116115578e+00 1.1546776102e-02 1.2795676956e-02
3.7425782085e+01 3.1987250312e+01 3.0102354960e+01 8.5468488646e-01 1.1978039783e-02 5.3559046783e+01 1.8071437642e+02 -8.9926776017e-01 1.7338225350e+01 3.9191442954e-03 3.9521785935e-03
3.9607729016e+01 3.2339570104e+01 3.1124731356e+01 8.1649644924e-01 1.8097904715e-02 8.1296294048e+01 3.3675656117e+01 2.9866944365e-01 1.0575726257e+01 7.1798892649e-03 7.5285466752e-03
3.2812512467e+01 1.5677898831e+01 1.9483421787e+01 4.7780244949e-01 1.3488666530e-02 6.0382394008e+01 5.3055458764e+01 -6.0666663909e-01 1.0303401284e+01 8.1370949662e-03 8.3798338791e-03
4.9513065433e+01 3.6557431415e+01 3.6952721709e+01 7.3833908474e-01 8.3637942409e-02 3.9366553159e+02 6.9036272050e+00 7.5988099614e-01 8.0080254529e+00 1.1237898292e-02 1.5550210603e-02
8.2273289057e+01 8.1439810602e+01 7.1259157351e+01 9.8986939182e-01 2.0127369102e-01 1.0197175735e+03 1.3926940699e+01 9.9986870012e-01 8.3103474873e+00 5.3724599976e-03 6.0997677934e-03
2.9491617884e+01 2.8892330343e+01 2.5411482932e+01 9.7967939420e-01 1.4556910895e-02 6.5216780395e+01 9.1780956794e+01 4.5031281108e-01 9.2713470517e+00 5.6081808566e-03 5.7026814417e-03
4.0265247049e+01 3.6570142624e+01 3.3398114837e+01 9.0823092626e-01 3.3994177053e-02 1.5450632681e+02 1.4260810740e+02 9.8067993535e-01 8.1784132785e+00 3.9601955618e-03 4.0026717515e-03
4.7722986612e+01 4.3466411631e+01 3.9640577434e+01 9.1080660948e-01 6.4518493855e-02 2.9970247921e+02 1.7244409282e+01 -8.7953641800e-01 9.9229732687e+00 7.7155942885e-03 8.5182480262e-03
3.2385011511e+01 2.8059159077e+01 2.6228915845e+01 8.6642424281e-01 1.4080039280e-02 6.3057732466e+01 2.0790883443e+01 1.9336394661e-01 1.1046838320e+01 9.5981057448e-03 1.0398849772e-02
2.6250265462e+01 2.2214536627e+01 2.1007640960e+01 8.4625950391e-01 3.3135952302e-02 1.5051123837e+02 8.7022869955e+00 9.7143958458e-01 1.0679534072e+01 1.5108591932e-02 1.9031393665e-02
3.7755425912e+01 3.7454323223e+01 3.2736629911e+01 9.9202491610e-01 3.6190191907e-02 1.6475087240e+02 5.8018749032e+01 9.0024061083e-01 9.8975673227e+00 5.6109539467e-03 5.7632922588e-03
3.2420549459e+01 3.0117327548e+01 2.7199032446e+01 9.2895796188e-01 2.6093886928e-02 1.1791286111e+02 1.1481832918e+02 -8.6807258495e-01 8.5086431736e+00 4.9071426987e-03 4.9728292427e-03
3.9653258005e+01 3.0728483148e+01 3.0338911687e+01 7.7492959455e-01 2.1022660376e-02 9.4640572110e+01 5.8051288914e+01 -6.7119272113e-01 1.2003520956e+01 5.9373709233e-03 6.0984765875e-03
3.7866889094e+01 3.6356185864e+01 3.2299438839e+01 9.6010490257e-01 1.9738454094e-02 8.8774331769e+01 1.3873010938e+00 8.1393970953e-01 1.8342195510e+01 2.3176847388e-02 1.0000000000e+00
4.0234987470e+01 3.9409818860e+01 3.4665182693e+01 9.7949126714e-01 1.6826362675e-02 7.5512631343e+01 1.8534287237e+02 -9.4833283449e-01 1.4306439204e+01 3.5437828560e-03 3.5728960200e-03
4.3343420143e+01 2.5939742710e+01 2.9000652135e+01 5.9847013974e-01 2.0232444063e-02 9.1029574039e+01 1.7051441001e+02 8.8314719470e-01 1.0057480266e+01 4.0791392075e-03 4.1156127171e-03
3.8731884391e+01 3.7906531516e+01 3.3356486625e+01 9.7869060883e-01 3.0579348100e-02 1.3863873816e+02 9.2393219441e+00 3.3020657363e-01 1.0079745887e+01 1.1082611776e-02 1.3709733120e-02
3.1858629372e+01 2.0653219113e+01 2.2226825648e+01 6.4827707657e-01 1.0486251865e-02 4.6835830308e+01 5.1909088163e+01 4.8230048080e-01 1.3434440286e+01 7.5696284068e-03 7.8007097895e-03
3.4368737929e+01 2.5704192580e+01 2.5820507071e+01 7.4789457305e-01 1.0323421315e-02 4.6102888284e+01 3.7127215515e+02 6.8683118182e-01 9.4352343321e+00 3.2962516373e-03 3.3096685216e-03
2.9042642254e+01 2.4004570793e+01 2.2964951247e+01 8.2652847433e-01 3.6683290212e-02 1.6705554285e+02 1.7877209222e+01 -9.9482771286e-01 9.5149799166e+00 1.0885880952e-02 1.1970510602e-02
3.4849272689e+01 3.4719965814e+01 3.0281707115e+01 9.9628953876e-01 1.9588561238e-02 8.8090338080e+01 7.0701512874e+01 -9.4719394714e-01 1.6368858164e+01 5.5256282035e-03 5.6476339877e-03
8.3979992083e+01 5.4628636183e+01 5.8694804381e+01 6.5049584822e-01 3.7160746725e-02 1.6928861943e+02 1.7228474179e+02 9.8947118170e-01 8.8662862091e+00 2.5885085560e-03 2.6114119262e-03
3.4922949735e+01 3.2162326019e+01 2.9170883272e+01 9.2095101540e-01 1.4483107136e-02 6.4882532452e+01 1.8129140195e+02 -9.6181604131e-01 1.4873789017e+01 3.9859586657e-03 4.0194475482e-03
7.4233794343e+01 5.4015618018e+01 5.4987190246e+01 7.2764188462e-01 1.6378489571e-01 8.1160072752e+02 7.5051423177e+00 -9.6002469871e-01 8.6751336995e+00 8.1250724167e-03 1.0809913503e-02
2.8235179731e+01 2.5542306094e+01 2.3372776065e+01 9.0462700566e-01 1.8001520987e-02 8.0857510679e+01 1.2592802448e+02 -6.8165727942e-01 8.1917171173e+00 5.2370671623e-03 5.3008463187e-03
8.0473666403e+01 7.4606014959e+01 6.7444353934e+01 9.2708606794e-01 1.6582110573e-01 8.2270473363e+02 1.4107477027e+01 -9.8448998815e-01 9.1501193137e+00 5.6382105641e-03 6.3891599664e-03
2.6778567963e+01 2.6576891633e+01 2.3224113614e+01 9.9246874105e-01 2.8612450676e-02 1.2953400532e+02 9.1644825914e+00 -6.5427901637e-01 9.8968496114e+00 1.3955999135e-02 1.7304791008e-02
3.2297564657e+01 2.2791549151e+01 2.3547945163e+01 7.0567392287e-01 1.6126284858e-02 7.2332906284e+01 2.2984999701e+01 4.4350582991e-01 1.1021977027e+01 9.8756596942e-03 1.0609717775e-02
3.5082777108e+01 2.0219527634e+01 2.3012846233e+01 5.7633771613e-01 3.3031032439e-02 1.5002316131e+02 6.0969877012e+00 7.0119464909e-01 9.7311214022e+00 1.6309858139e-02 2.4337164185e-02
3.7343325820e+01 3.4680058423e+01 3.1324271805e+01 9.2868156924e-01 4.5208289239e-02 2.0715051437e+02 2.6587226063e+01 -7.5232039697e-01 8.0608803839e+00 7.6867182776e-03 8.1713678753e-03
8.4079281125e+01 4.9160887844e+01 5.5572276710e+01 5.8469681456e-01 1.0386134646e-01 4.9551581411e+02 1.4732804225e+01 8.9909170612e-01 1.0198094150e+01 6.4782210670e-03 7.2953367393e-03
2.9492169639e+01 2.9063354436e+01 2.5486952085e+01 9.8546003199e-01 1.3698546539e-02 6.1331611567e+01 8.5332642336e+01 5.1202132356e-01 1.0940705394e+01 5.7558682085e-03 5.8604330428e-03
7.0231238814e+01 6.1889896493e+01 5.7371419025e+01 8.8123031200e-01 5.1964875751e-02 2.3926249001e+02 1.3794321447e+00 -3.4046837299e-01 1.0615977204e+01 1.5907341156e-02 1.0000000000e+00
3.5392231470e+01 2.8417352181e+01 2.7575141582e+01 8.0292626377e-01 3.6457177359e-02 1.6599852671e+02 1.7064347847e+01 -6.3810549760e-01 8.3040561661e+00 9.8819786395e-03 1.0923068215e-02
3.1157473977e+01 3.0705920303e+01 2.6926745564e+01 9.8550737217e-01 2.4674719470e-02 1.1138300903e+02 3.2177632294e+01 -8.3573806852e-01 1.2615519926e+01 7.9635512842e-03 8.3699984265e-03
8.4685200321e+01 6.0323941904e+01 6.2043924774e+01 7.1233157240e-01 1.1750449082e-01 5.6562658479e+02 1.1696019068e+01 8.5078366653e-01 1.0610617525e+01 6.5435530900e-03 7.6555801035e-03
3.4032019014e+01 3.2177196979e+01 2.8805662338e+01 9.4549773747e-01 4.3841603242e-02 2.0069091847e+02 1.1279802041e+01 -9.1607152000e-01 1.1132681014e+01 1.1181173757e-02 1.3176668258e-02
3.4735778084e+01 3.3649881502e+01 2.9762083749e+01 9.6873838325e-01 2.9109047971e-02 1.3183034093e+02 6.4260005067e+01 -6.7965919235e-01 8.3218053971e+00 5.7559233621e-03 5.8963309231e-03
7.0907100381e+01 6.6023922360e+01 5.9557198118e+01 9.3113273571e-01 3.7320834206e-02 1.7003768598e+02 2.2003954995e+00 -1.9689656693e-01 1.6077702519e+01 1.3158408453e-02 1.0000000000e+00
8.4070205540e+01 5.9776585311e+01 6.1535238991e+01 7.1103174933e-01 2.6099481231e-02 1.1793862789e+02 2.4499682641e+02 9.7698404994e-01 8.4130931035e+00 2.2171226626e-03 2.2308514233e-03
3.3385392329e+01 3.1034541806e+01 2.8017994000e+01 9.2958445719e-01 1.6594989447e-02 7.4461381244e+01 8.8660925318e+01 -3.4543241119e-01 8.0462542927e+00 5.3383312516e-03 5.4315525688e-03
7.5301674510e+01 7.1584286187e+01 6.3911254443e+01 9.5063339100e-01 1.6465380253e-01 8.1633626181e+02 3.8797300012e+00 9.8452715316e-01 1.3632756725e+01 9.4680667273e-03 1.0000000000e+00
8.6184779064e+01 7.2311498829e+01 6.8671881746e+01 8.3902865001e-01 1.4567820656e-01 7.1389295888e+02 2.8297522253e+00 -4.5365070548e-01 8.1731612093e+00 1.0294709338e-02 1.0000000000e+00
8.1391173388e+01 1.6806302866e+01 3.0423532010e+01 2.0648802771e-01 2.4303750399e-02 1.0967830929e+02 1.7513170788e+01 2.6942486485e-01 8.8232893184e+00 9.2711787124e-03 1.0217926436e-02
3.4162400104e+01 3.0305911916e+01 2.8001170047e+01 8.8711307824e-01 4.4969794238e-02 2.0602240472e+02 4.3294285433e+00 7.3365239665e-01 1.0422249507e+01 1.6286746229e-02 4.2789315172e-02
4.5307782323e+01 3.2120212313e+01 3.3112435497e+01 7.0893366805e-01 1.1654948321e-02 5.2101663808e+01 3.6090620951e+02 7.1385140452e-01 9.8688390564e+00 2.8494310370e-03 2.8613648931e-03
2.7705106144e+01 2.5391497347e+01 2.3085300396e+01 9.1649161042e-01 3.1272555566e-02 1.4185365041e+02 3.0726783486e+01 8.6303321545e-01 8.5636180358e+00 8.8850261706e-03 9.3620857175e-03
4.0725191645e+01 3.5375514525e+01 3.3026443137e+01 8.6863960845e-01 2.7475846803e-02 1.2428430924e+02 1.8996908265e+02 -9.6713251311e-01 8.4999437450e+00 3.5955783359e-03 3.6243870612e-03
3.8893247255e+01 3.1200891173e+01 3.0289240360e+01 8.0221872369e-01 6.2006573842e-02 2.8752843813e+02 4.3570434669e+00 -8.4599231482e-01 9.8304142552e+00 1.5314014066e-02 3.9130517575e-02
3.5069134941e+01 2.2682544032e+01 2.4437522046e+01 6.4679508264e-01 2.3485804846e-02 1.0592285713e+02 3.9323151946e+01 -5.8021025710e-01 8.2655512575e+00 7.8539974082e-03 8.1763896648e-03
3.3384274089e+01 2.8892082927e+01 2.7022643643e+01 8.6543990293e-01 1.6889270829e-02 7.5798517955e+01 5.4923982388e+01 3.6811893501e-01 9.0487415951e+00 6.5333217821e-03 6.7212325394e-03
3.9179375867e+01 2.0242240313e+01 2.4254971123e+01 5.1665550725e-01 2.6686731348e-02 1.2064459176e+02 9.4418013664e+01 9.8135738312e-01 8.8181259461e+00 5.6705603401e-03 5.7633625173e-03
2.8137693741e+01 2.5401571764e+01 2.3267781204e+01 9.0275955087e-01 2.1236285272e-02 9.5617472324e+01 1.0666932257e+02 9.7484738250e-01 1.0074619385e+01 5.5780212099e-03 5.6585443811e-03
6.9189303536e+01 2.9904662428e+01 3.8927568353e+01 4.3221510984e-01 8.1461391459e-02 3.8285371951e+02 2.3979305610e+00 8.0843973161e-01 8.5080890752e+00 1.6192515904e-02 1.0000000000e+00
3.3404415548e+01 3.0779929266e+01 2.7909822507e+01 9.2143295312e-01 2.2873865440e-02 1.0311614603e+02 6.1777230195e+01 8.5535795689e-01 1.2095568635e+01 6.1041206301e-03 6.2592889499e-03
2.8995158445e+01 1.4836723136e+01 1.7858297948e+01 5.1169657047e-01 2.4176931489e-02 1.0909575234e+02 9.7087625980e+00 -8.3859552849e-01 9.8356116959e+00 1.6138006222e-02 1.9693961773e-02
6.4130023189e+01 6.0141811748e+01 5.4059023949e+01 9.3781054110e-01 1.4419186013e-01 7.0595549769e+02 2.0293255757e+00 8.3527452178e-01 8.0465153519e+00 1.3553748913e-02 1.0000000000e+00
6.1379124721e+01 5.8780417718e+01 5.2287799144e+01 9.5766138707e-01 6.1260123943e-02 2.8391847637e+02 3.8676039701e+01 9.7553587577e-01 1.2328277071e+01 4.8027625296e-03 5.0034642765e-03
3.2839536567e+01 1.3232072408e+01 1.7788046545e+01 4.0293115529e-01 1.3810970855e-02 6.1840190828e+01 5.6265795794e+01 6.7833126202e-01 9.6355300819e+00 8.4241441759e-03 8.6603586531e-03
3.1544906748e+01 1.4622010220e+01 1.8428739197e+01 4.6352998715e-01 1.5202461404e-02 6.8141951807e+01 5.4543002242e+00 2.6170806065e-01 8.6756377829e+00 1.9752106769e-02 3.2426142550e-02
3.1782920223e+01 3.1654345952e+01 2.7612605844e+01 9.9595461116e-01 5.8481247389e-02 2.7051048668e+02 1.1469467747e+01 9.5475857739e-01 8.2436091561e+00 1.1310268570e-02 1.3283668246e-02
4.0590784775e+01 3.8901626816e+01 3.4591706886e+01 9.5838567871e-01 3.1161550191e-02 1.4133862450e+02 1.3348675431e+02 8.2216730053e-01 8.0372640934e+00 3.9782744316e-03 4.0239219581e-03
3.6782367716e+01 2.9434336868e+01 2.8609011345e+01 8.0022953106e-01 1.0139584260e-02 4.5275604960e+01 4.3147425180e+02 -8.1612686186e-01 1.0511771943e+01 2.9225369543e-03 2.9327622510e-03
4.8118137912e+01 2.3635490367e+01 2.8997147954e+01 4.9119711179e-01 5.3376222742e-02 2.4600727038e+02 8.4074314554e+00 9.2386391372e-01 1.0069320600e+01 1.2361900540e-02 1.5749414323e-02
6.4354094775e+01 5.6918563616e+01 5.2667837991e+01 8.8445908243e-01 6.2383562974e-02 2.8935296758e+02 1.9351932841e+01 -5.0936977446e-01 9.1082818057e+00 6.1945154625e-03 6.7564384337e-03
3.9466130162e+01 2.0816761796e+01 2.4702665306e+01 5.2745890490e-01 2.1227993104e-02 9.5579546833e+01 3.8362803234e+01 5.3876584083e-01 8.8503767948e+00 7.8847474889e-03 8.2171449007e-03
3.8642780483e+01 2.8613175528e+01 2.8882481650e+01 7.4045333100e-01 4.7146599755e-02 2.1633259388e+02 1.2705570198e+01 -8.1175657898e-01 9.0303878883e+00 1.0654220665e-02 1.2277092818e-02
2.8228368787e+01 2.4981133613e+01 2.3108987379e+01 8.8496553951e-01 3.7802580212e-02 1.7229283648e+02 1.8690297376e+01 -9.7141792163e-01 9.0015467859e+00 1.0656875087e-02 1.1664052999e-02
5.7430848654e+01 5.2076523761e+01 4.7597447162e+01 9.0676918384e-01 4.2778737701e-02 1.9567568554e+02 2.6067375586e+01 3.1992988563e-01 8.3637839923e+00 5.9706877531e-03 6.3555676109e-03
4.2227427452e+01 3.0339526119e+01 3.1075224317e+01 7.1847914848e-01 1.4394286143e-02 6.4480321712e+01 1.6596973257e+02 8.1004975259e-01 1.4046958522e+01 3.9606981095e-03 3.9970987423e-03
2.9919134248e+01 2.7600804521e+01 2.5012596387e+01 9.2251347558e-01 2.4827538346e-02 1.1208551667e+02 1.7355181867e+01 8.1434617007e-01 1.3020453482e+01 1.0510631940e-02 1.1595676459e-02
3.9024987458e+01 3.5568229608e+01 3.2426729226e+01 9.1142193565e-01 4.8544775622e-02 2.2297103249e+02 1.2917645313e+01 -9.8900899472e-01 1.2255907902e+01 9.8411455713e-03 1.1308254950e-02
7.1949642988e+01 4.1529851489e+01 4.7233478942e+01 5.7720719332e-01 3.0341803783e-02 1.3753779767e+02 5.5386398466e+01 -7.6355726898e-01 1.5352863898e+01 4.5564335019e-03 4.6863329535e-03
6.0674214250e+01 4.8662824599e+01 4.7246258642e+01 8.0203468970e-01 2.3622174586e-02 1.0654866664e+02 8.8128422366e+01 -6.1598133268e-01 1.3381687749e+01 3.8431320036e-03 3.9106619060e-03
1.9186164855e+01 1.9085817127e+01 1.6658779022e+01 9.9476978702e-01 2.1005757980e-02 9.4563290912e+01 3.6740409409e+01 -9.4999720357e-01 8.7376789652e+00 1.0252319857e-02 1.0705195532e-02
4.3749343529e+01 4.3739753521e+01 3.8081841085e+01 9.9978079652e-01 1.8157009437e-02 8.1565396764e+01 2.0670494872e+01 -4.2294310543e-01 1.8106534046e+01 7.6003087083e-03 8.2386703498e-03
6.7828885783e+01 5.8002217590e+01 5.4570504368e+01 8.5512561383e-01 7.5298694262e-02 3.5240082818e+02 6.8685386530e+00 9.1122923230e-01 1.7501946189e+01 8.8673159729e-03 1.2302504973e-02
3.6146578258e+01 3.3763802936e+01 3.0409045978e+01 9.3408019689e-01 4.5733591790e-02 2.0963655559e+02 3.7259549985e+01 9.1035920267e-01 8.3184015241e+00 6.8975003653e-03 7.1975915207e-03
3.0016152033e+01 2.4774587944e+01 2.3717856692e+01 8.2537521521e-01 2.7446357045e-02 1.2414821668e+02 1.0664177615e+01 -6.2151378507e-01 9.8615293810e+00 1.3021959972e-02 1.5532600003e-02
3.3691073306e+01 3.0839637915e+01 2.8055704581e+01 9.1536525522e-01 5.6189958332e-02 2.5949210241e+02 9.6842439093e+00 -8.8316685184e-01 8.4736331790e+00 1.1947969067e-02 1.4590375524e-02
7.4820583180e+01 7.1531533721e+01 6.3684152520e+01 9.5604084706e-01 5.8737625201e-02 2.7174544298e+02 5.7995806991e+01 7.1175723169e-01 9.5946886222e+00 3.6528740146e-03 3.7520913535e-03
4.6891726080e+01 1.3542204127e+01 2.1155104617e+01 2.8879730517e-01 1.9406950256e-02 8.7261808123e+01 8.4337416737e+01 8.1582418541e-01 8.9466131013e+00 6.4723411864e-03 6.5913566998e-03
3.6301916251e+01 3.5393684004e+01 3.1204317690e+01 9.7498114863e-01 1.3161196608e-02 5.8901946168e+01 1.3697463389e+02 9.8573018376e-01 2.0298883961e+01 4.2486153414e-03 4.2960978783e-03
7.0193269222e+01 6.9327835408e+01 6.0728686119e+01 9.8767070085e-01 6.8652075895e-02 3.1982279376e+02 8.2059550541e+01 9.8117505008e-01 8.6191213365e+00 3.2845693125e-03 3.3467023513e-03
8.1476943428e+01 7.8714022355e+01 6.9714721455e+01 9.6608953458e-01 2.2253621277e-01 1.1411352269e+03 3.8228223508e+00 8.8218040231e-01 1.0556991419e+01 8.7480308589e-03 1.0000000000e+00
6.0460425316e+01 5.7037146224e+01 5.1117736325e+01 9.4337983774e-01 1.0656589195e-01 5.0932534826e+02 1.7908140982e+01 8.8284150613e-01 8.3133862281e+00 6.3340829354e-03 6.9638880065e-03
3.2807171036e+01 3.1554415553e+01 2.8008638982e+01 9.6181458374e-01 2.9785202561e-02 1.3495958665e+02 3.9745567465e+01 -7.7319148138e-01 9.7007682742e+00 7.1558844936e-03 7.4462611183e-03
3.3163919320e+01 2.3517307286e+01 2.4240647615e+01 7.0912328121e-01 1.5040916213e-02 6.7409683328e+01 1.3231584242e+02 -6.4000302153e-01 9.5313114033e+00 5.0341244325e-03 5.0924090777e-03
3.5029177672e+01 2.2024409778e+01 2.4051598258e+01 6.2874469919e-01 4.1365177157e-02 1.8901702169e+02 9.4887196592e+00 -9.9833929962e-01 1.0473768808e+01 1.3373682763e-02 1.6421099381e-02
2.8990752033e+01 2.0392217391e+01 2.1101771695e+01 7.0340422241e-01 1.3068371315e-02 5.8482426204e+01 3.9777955409e+00 3.5356577479e-01 1.3365780566e+01 2.0456497347e-02 1.0000000000e+00
4.0142910290e+01 2.8603879531e+01 2.9415063648e+01 7.1255121576e-01 3.4899281881e-02 1.5872487354e+02 2.5708209275e+00 7.0481336944e-01 1.1083031477e+01 1.9318632647e-02 1.0000000000e+00
5.3411278306e+01 4.1132300533e+01 4.0734573723e+01 7.7010515078e-01 4.9642498539e-02 2.2819177289e+02 2.2481891978e+01 -7.8607833471e-01 1.1091790010e+01 6.9279629716e-03 7.4561213691e-03
3.7010158578e+01 3.2463402106e+01 3.0162343020e+01 8.7714841961e-01 5.3697354212e-02 2.4754373092e+02 1.8692133358e+01 9.2275337729e-01 8.5855734993e+00 8.9368725371e-03 9.7813954493e-03
4.5623816928e+01 4.1287555355e+01 3.7773841135e+01 9.0495618594e-01 5.6167294238e-02 2.5938328239e+02 7.8963687541e+00 -6.9254371863e-01 1.0765919552e+01 1.0710458057e-02 1.3958726832e-02
3.9513183986e+01 3.4232601235e+01 3.2000864866e+01 8.6635896633e-01 4.1303111645e-02 1.8872495570e+02 6.9855222065e+01 -9.1797641391e-01 8.1093238280e+00 5.2921770200e-03 5.4105025963e-03
4.8254512372e+01 2.3722590536e+01 2.9092507435e+01 4.9161393142e-01 3.6050859693e-02 1.6409994164e+02 1.0476030362e+01 -4.7880068890e-01 8.3524968201e+00 1.1478114928e-02 1.3746860356e-02
3.4616661269e+01 2.0851014770e+01 2.3240176956e+01 6.0234043394e-01 1.6465311036e-02 7.3872340507e+01 8.6433160913e+00 -1.4902210719e-01 9.5120334862e+00 1.4365908608e-02 1.8135421518e-02
2.8063387712e+01 2.1025995073e+01 2.1102819217e+01 7.4923224838e-01 1.0272456463e-02 4.5873519074e+01 2.5696112293e+02 -5.3799386236e-01 8.2146260372e+00 4.2927301672e-03 4.3180603299e-03
3.9597046015e+01 2.7760651807e+01 2.8772527993e+01 7.0107885816e-01 1.8003227879e-02 8.0865280704e+01 1.8478022937e+02 7.6374999058e-01 9.4737931407e+00 3.9830929804e-03 4.0159163486e-03
8.5781007572e+01 8.2383657570e+01 7.3179995440e+01 9.6039507931e-01 2.6303225281e-01 1.3788799496e+03 3.1897138600e+00 7.9803162048e-01 8.3995849660e+00 8.8998888764e-03 1.0000000000e+00
6.7013037920e+01 5.6965831675e+01 5.3752010724e+01 8.5007087342e-01 4.5873570819e-02 2.1029931996e+02 4.5292679904e+01 4.5223742716e-01 8.6387806115e+00 4.4899245877e-03 4.6483321397e-03
7.3466543425e+01 4.6877857746e+01 5.0833409558e+01 6.3808443355e-01 2.4988051894e-02 1.1282356316e+02 7.2554523195e+01 5.1701407297e-01 1.3133722511e+01 3.9457451503e-03 4.0305533412e-03
2.9546150700e+01 2.8490187194e+01 2.5256765194e+01 9.6426053881e-01 2.5898939268e-02 1.1701508155e+02 6.0325082512e+00 4.8507833331e-01 1.0884617575e+01 1.5516993531e-02 2.3333623274e-02
8.5270360115e+01 4.4866347838e+01 5.3302959955e+01 5.2616580694e-01 1.4494382904e-01 7.0996960985e+02 2.9007487800e+00 9.8451383798e-01 1.0575161120e+01 1.1954179058e-02 1.0000000000e+00
4.7687671059e+01 3.8176755214e+01 3.7098847774e+01 8.0055818131e-01 2.9885735592e-02 1.3542511093e+02 1.0939252928e+02 8.3031675360e-01 9.8911691583e+00 4.1063593665e-03 4.1641238951e-03
5.1546180376e+01 4.7560299925e+01 4.3096721546e+01 9.2267360217e-01 5.1567021753e-02 2.3736346885e+02 2.4855816292e+01 -7.4615559659e-01 1.0621381276e+01 6.4336804572e-03 6.8712349866e-03
6.1286522832e+01 4.0381937490e+01 4.3121517029e+01 6.5890403996e-01 9.8228871515e-02 4.6689825193e+02 4.8132672484e+00 7.4951595439e-01 9.3939331064e+00 1.1584810847e-02 2.2566616943e-02
5.5422855685e+01 5.0246599809e+01 4.5929048953e+01 9.0660430951e-01 3.2818593129e-02 1.4903513531e+02 6.6314297750e+01 -4.9488679055e-01 9.2559712310e+00 4.3276124819e-03 4.4297647807e-03
2.5717807206e+01 1.7211160128e+01 1.8242164201e+01 6.6923124471e-01 1.3668472320e-02 6.1195577742e+01 7.4305419543e+01 -6.9820417629e-01 9.5782439543e+00 7.4718883156e-03 7.6285545157e-03
3.9009167278e+01 2.8020955498e+01 2.8703560327e+01 7.1831719191e-01 1.3407715003e-02 6.0016356052e+01 2.7313813052e+02 -9.7668256378e-01 1.2904483906e+01 3.4550344634e-03 3.4742018459e-03
4.5195332049e+01 4.2763593416e+01 3.8268785609e+01 9.4619491610e-01 1.0818324867e-01 5.1760471867e+02 3.7945910397e+00 8.6811092776e-01 8.2913037613e+00 1.3569808316e-02 1.0000000000e+00
5.6506669123e+01 5.5503767015e+01 4.8753028932e+01 9.8225161518e-01 4.7447908594e-02 2.1776212048e+02 8.4324415830e+01 -8.6657355176e-01 9.3304295079e+00 3.7766302471e-03 3.8460872233e-03
3.4424605126e+01 3.2368398059e+01 2.9056808421e+01 9.4026926208e-01 2.5652801289e-02 1.1588191752e+02 8.0113617231e+01 9.9868374579e-01 1.2085482485e+01 5.3904582879e-03 5.4949934866e-03
3.1359250738e+01 1.7420052430e+01 2.0174462037e+01 5.5549963790e-01 1.6829513453e-02 7.5526949450e+01 2.3019328477e+01 -7.9551498426e-01 1.3210046010e+01 1.0866875287e-02 1.1673235161e-02
3.3551548912e+01 2.3804636272e+01 2.4530614235e+01 7.0949440618e-01 2.2109823050e-02 9.9615289456e+01 1.7465815929e+01 -5.9323947598e-01 1.0980085525e+01 1.0631539885e-02 1.1720732380e-02
8.0943970834e+01 7.3375638739e+01 6.7074526737e+01 9.0649912505e-01 1.0590718079e-01 5.0595787251e+02 2.6574891398e+00 5.8468939733e-01 1.2210301555e+01 1.0935061923e-02 1.0000000000e+00
6.5918109198e+01 6.5186608010e+01 5.7065576776e+01 9.8890287970e-01 1.0925048264e-01 5.2307658829e+02 1.3125038357e+01 -9.3052661192e-01 1.0760037634e+01 6.6336969349e-03 7.6024808097e-03
2.9277215855e+01 2.2109078519e+01 2.2105013779e+01 7.5516328562e-01 1.5288104603e-02 6.8530234835e+01 5.1547531468e+01 6.0938042597e-01 1.0772052899e+01 7.5930758098e-03 7.8265920538e-03
3.7975580084e+01 2.9908268076e+01 2.9297065231e+01 7.8756579913e-01 2.8094021895e-02 1.2713845227e+02 4.3978472248e+01 8.9386519052e-01 1.2038972556e+01 6.7053290705e-03 6.9494482524e-03
5.9735451873e+01 5.8179913424e+01 5.1320284375e+01 9.7395954327e-01 4.1482844093e-02 1.8957080388e+02 1.6200099474e+01 7.2593952118e-01 1.8073402142e+01 6.8137842553e-03 7.5782904183e-03
4.2719098949e+01 2.7406257787e+01 2.9642039156e+01 6.4154578306e-01 6.6949646804e-02 3.1152311264e+02 4.6690739894e+00 8.6621323910e-01 9.0030868906e+00 1.5080880862e-02 3.1248950607e-02
3.2237540264e+01 2.4938127005e+01 2.4642978017e+01 7.7357412510e-01 1.8577238206e-02 8.3479362238e+01 2.0355003613e+02 9.0987101321e-01 8.9544039361e+00 4.2302357993e-03 4.2618370553e-03
3.2852549066e+01 2.7260004762e+01 2.6029388422e+01 8.2976832961e-01 1.2218510328e-02 5.4644202938e+01 4.4887182169e+01 6.1537434403e-01 1.7228014928e+01 7.2345823566e-03 7.4922826087e-03
4.4343784330e+01 4.0546300513e+01 3.6906171829e+01 9.1436265815e-01 2.3467761136e-02 1.0584006262e+02 5.9922121567e+01 -9.1007398574e-01 1.7374926961e+01 5.1831326167e-03 5.3191672892e-03
4.0001683898e+01 3.6645072885e+01 3.3324033431e+01 9.1608825714e-01 4.8565051567e-02 2.2306739395e+02 4.0917103315e+01 -9.3257525237e-01 8.7256082812e+00 6.2785712224e-03 6.5255151011e-03
4.5829779206e+01 4.5194515710e+01 3.9619467709e+01 9.8613863067e-01 2.4073057286e-02 1.0861867386e+02 7.7956539643e+00 -8.0342072953e-01 2.9943985906e+01 1.0649428451e-02 1.3948853975e-02
2.5703853988e+01 2.4186011295e+01 2.1703762675e+01 9.4094882837e-01 1.3563765232e-02 6.0722006564e+01 3.3774671686e+02 9.5969312567e-01 9.0519133574e+00 3.7993364085e-03 3.8163487026e-03
4.6812336240e+01 2.3474875523e+01 2.8523505930e+01 5.0146772001e-01 5.5218018485e-02 2.5482835183e+02 1.2369746966e+01 9.2348072027e-01 8.6438539189e+00 1.0794306544e-02 1.2497206038e-02
7.3299354011e+01 5.6315687917e+01 5.5835015819e+01 7.6829719274e-01 8.2077510150e-02 3.8591125090e+02 9.2941704541e+00 -3.8290951375e-01 8.0285650262e+00 7.7734466382e-03 9.5999371348e-03
3.8308580258e+01 2.2602546952e+01 2.5440915468e+01 5.9001264990e-01 1.2183085681e-02 5.4484320001e+01 5.3200664957e+01 -8.7642119787e-01 2.1598779541e+01 6.8858405782e-03 7.0906613950e-03
7.6601992896e+01 7.1753172299e+01 6.4533938478e+01 9.3670111685e-01 1.4781173059e-01 7.2530871608e+02 1.2264392340e+01 -9.7022391230e-01 1.0001479689e+01 6.1679623104e-03 7.1520390503e-03
3.2679246728e+01 2.6050958364e+01 2.5367936491e+01 7.9717132347e-01 1.5020042526e-02 6.7315077695e+01 1.3048150213e+02 9.5688295830e-01 1.4322240511e+01 4.9188665229e-03 4.9766346920e-03
5.9592509138e+01 4.7358544789e+01 4.6186706957e+01 7.9470633934e-01 2.0827709158e-02 9.3749330826e+01 1.0515907311e+02 -9.5135036988e-01 1.9741429070e+01 3.6543471926e-03 3.7078787331e-03
4.1580954834e+01 3.8152407749e+01 3.4667444529e+01 9.1754525363e-01 7.0121970802e-02 3.2700351191e+02 1.8546030990e+01 -9.8405541427e-01 8.4442231045e+00 8.1372878916e-03 8.9134248765e-03
3.8732118565e+01 3.0905465907e+01 3.0081202203e+01 7.9792861977e-01 3.5824418673e-02 1.6304232762e+02 4.2867145110e+01 8.1512441079e-01 9.0517511234e+00 6.6280488244e-03 6.8760482997e-03
8.4869840471e+01 8.1359689865e+01 7.2336245993e+01 9.5864077762e-01 4.6466081260e-02 2.1310610586e+02 1.2729512537e+02 8.9721714846e-01 8.7128396247e+00 2.5304084331e-03 2.5608864737e-03
5.8041467961e+01 2.1044153460e+01 2.9682631640e+01 3.6257100656e-01 4.3661311427e-02 1.9983967847e+02 2.0911936073e+01 -8.7074239902e-01 9.4626999133e+00 8.7068118598e-03 9.4283240993e-03
6.1639911417e+01 4.9420791600e+01 4.7990020823e+01 8.0176610354e-01 4.2952975177e-02 1.9649733974e+02 7.4052086342e+00 -4.3116198937e-01 1.4133064270e+01 9.5215897383e-03 1.2741837283e-02
3.4387188683e+01 1.8572857322e+01 2.1795938093e+01 5.4010979186e-01 2.5478810460e-02 1.1508114452e+02 6.7878133117e+01 -9.3269143324e-01 8.5307481616e+00 6.8660683774e-03 7.0242466324e-03
2.6960935959e+01 2.4202810955e+01 2.2231460549e+01 8.9769921161e-01 1.9957457999e-02 8.9773963125e+01 7.2507942987e+01 -6.6274813250e-01 8.0929334636e+00 6.6383074902e-03 6.7810838045e-03
3.6035283537e+01 3.3838521093e+01 3.0396299309e+01 9.3903856919e-01 3.5432620453e-02 1.6121318928e+02 3.0000109451e+01 -6.6369611541e-01 8.6070931988e+00 7.5298371080e-03 7.9449460939e-03
3.1067928185e+01 2.6057905538e+01 2.4750533721e+01 8.3873972488e-01 1.1495945932e-02 5.1384702123e+01 1.1372803159e+02 5.4341678737e-01 1.1931877844e+01 5.2708113837e-03 5.3420592488e-03
3.4331524282e+01 3.4157914277e+01 2.9811644726e+01 9.9494313146e-01 1.8859514226e-02 8.4765671876e+01 1.5254886490e+02 -8.6346211310e-01 1.1402907605e+01 4.1838848563e-03 4.2257820107e-03
3.3645470795e+01 3.0296243801e+01 2.7786406344e+01 9.0045533871e-01 2.4444182758e-02 1.1032352544e+02 1.6896901815e+01 5.8033983757e-01 1.1611992353e+01 9.9435774516e-03 1.1003688649e-02
7.3300382949e+01 6.0543848752e+01 5.7940979081e+01 8.2596906478e-01 9.1294448369e-02 4.3193105037e+02 8.8905589258e+00 -7.2523877198e-01 1.1767861055e+01 7.6823216045e-03 9.6123914245e-03
8.2337399909e+01 7.5217213367e+01 6.8495558019e+01 9.1352427269e-01 2.1793956862e-01 1.1146838176e+03 2.0808312601e+00 -9.7515356837e-01 9.3022173612e+00 1.1137220715e-02 1.0000000000e+00
3.6036373471e+01 3.2097352412e+01 2.9597412552e+01 8.9069318914e-01 4.8050083628e-02 2.2062082898e+02 7.0960121632e+00 -6.8650084936e-01 9.2020198750e+00 1.3047220343e-02 1.7807271562e-02
2.6540903839e+01 2.2933957262e+01 2.1466434108e+01 8.6409857787e-01 1.7061510305e-02 7.6581396874e+01 7.6463793501e+00 9.9035306840e-01 2.2121642344e+01 1.5800937258e-02 2.0858380978e-02
4.6232801439e+01 3.6354377745e+01 3.5638681529e+01 7.8633300629e-01 4.0491221777e-02 1.8490669537e+02 9.0603034625e+00 -3.7294519654e-01 8.8616416903e+00 1.0647978932e-02 1.3247364970e-02
3.2412449901e+01 2.5028285532e+01 2.4753794278e+01 7.7218123309e-01 2.2966928258e-02 1.0354282627e+02 1.4509162817e+02 8.8777816631e-01 8.1820463170e+00 4.7765601753e-03 4.8268985301e-03
3.4318021490e+01 3.1992775317e+01 2.8842150946e+01 9.3224416582e-01 2.8613108437e-02 1.2953704583e+02 8.1151084525e+01 8.0959556050e-01 8.7801944577e+00 5.3797309631e-03 5.4826770772e-03
3.7831767534e+01 3.3265161988e+01 3.0870068699e+01 8.7929177399e-01 4.5995641825e-02 2.1087739790e+02 3.1634913962e+01 -8.4831894448e-01 8.2563093981e+00 7.2642549333e-03 7.6419955387e-03
7.8989009943e+01 6.8957984998e+01 6.4219883017e+01 8.7300733416e-01 3.9547623526e-02 1.8047440752e+02 1.6016922193e+01 6.4853775434e-01 2.2755268577e+01 5.9550087749e-03 6.6324973787e-03
7.0732109721e+01 6.6622537859e+01 5.9754965330e+01 9.4189948697e-01 1.2104597398e-01 5.8400767152e+02 5.0098254196e+00 -5.8193429367e-01 9.7024419400e+00 9.1883786113e-03 1.6752514102e-02
3.1882981349e+01 2.1313913550e+01 2.2602476083e+01 6.6850440730e-01 1.5729642466e-02 7.0532826283e+01 4.3717498989e+01 -9.1879298840e-01 1.5950705414e+01 7.9632648746e-03 8.2550306922e-03
4.2662369600e+01 3.4239355039e+01 3.3231895505e+01 8.0256571213e-01 2.8298188286e-02 1.2808165174e+02 3.2993114073e+01 -8.7555977198e-01 1.4832258749e+01 6.9018519186e-03 7.2445898614e-03
6.8902618363e+01 6.5878828102e+01 5.8649313357e+01 9.5611501664e-01 2.6662386923e-02 1.2053237088e+02 3.2255399964e+01 -9.4505123909e-02 1.2633460725e+01 4.8852660093e-03 5.1339434567e-03
2.2689480487e+01 1.8446872801e+01 1.7791117392e+01 8.1301433109e-01 1.0777285381e-02 4.8146290921e+01 2.7400227067e+02 -9.9112288729e-01 1.0764952883e+01 4.6609693322e-03 4.6867444624e-03
3.6137961031e+01 1.9134428232e+01 2.2665527612e+01 5.2948278449e-01 1.5635915248e-02 7.0107618214e+01 1.6507916789e+02 -7.7808181008e-01 9.2434879696e+00 4.8302678526e-03 4.8749037952e-03
4.2920764949e+01 4.0469088065e+01 3.6278713782e+01 9.4287900303e-01 5.3453053963e-02 2.4637481088e+02 7.7270999975e+00 -7.5957181510e-01 1.1635031140e+01 1.1091687520e-02 1.4579401087e-02
3.8065524182e+01 2.8817357165e+01 2.8777203200e+01 7.5704611413e-01 1.3975861591e-02 6.2586268160e+01 1.1219703496e+02 -2.6759996163e-01 8.2259049962e+00 4.8139890779e-03 4.8799723161e-03
2.5470707736e+01 1.8935012619e+01 1.9076389575e+01 7.4340347411e-01 1.4765649618e-02 6.6162329255e+01 2.7749329588e+00 -7.8218501206e-01 1.3587724829e+01 2.4912215061e-02 1.0000000000e+00
2.7080205400e+01 1.1384449723e+01 1.5009493254e+01 4.2039746579e-01 1.2369147071e-02 5.5324169559e+01 2.3981349125e+02 9.8211704099e-01 8.1258889134e+00 5.4438049565e-03 5.4782508907e-03
3.5286476359e+01 3.1668414093e+01 2.9092718444e+01 8.9746603687e-01 3.4286695231e-02 1.5586911976e+02 1.3834419377e+01 6.3698828410e-01 9.9585112524e+00 1.0352485132e-02 1.1765874051e-02
5.0208268993e+01 4.9732801977e+01 4.3501287051e+01 9.9053010539e-01 8.1444155223e-02 3.8276821737e+02 2.2938893357e+01 8.8168915669e-01 8.1961019927e+00 6.4772355676e-03 6.9597940899e-03
3.2615696401e+01 2.7634003821e+01 2.6117481963e+01 8.4726088573e-01 1.9253692919e-02 8.6562801618e+01 9.9595809003e+01 -9.5461550517e-01 1.2674215409e+01 5.3311615845e-03 5.4137434961e-03
4.8783808653e+01 4.1703762546e+01 3.9242148722e+01 8.5486893496e-01 2.2737584235e-02 1.0249141910e+02 5.1397039636e+01 -5.7780972274e-01 1.3848191813e+01 5.2859229875e-03 5.4489887912e-03
6.5531618127e+01 3.8349281728e+01 4.3332898040e+01 5.8520272846e-01 1.2002725584e-01 5.7871267109e+02 3.9326983309e+00 -7.5976620551e-01 8.1794435357e+00 1.2306450278e-02 1.0000000000e+00
4.2822721319e+01 3.9555015441e+01 3.5823129364e+01 9.2369224147e-01 2.1416956364e-02 9.6443912523e+01 1.5726627846e+02 -6.9389371704e-01 9.5522424604e+00 3.6819532840e-03 3.7176983446e-03
3.5154337599e+01 2.0774186711e+01 2.3365501009e+01 5.9094234539e-01 2.4017227218e-02 1.0836228435e+02 4.0356233088e+01 8.9529223383e-01 1.0892620362e+01 7.9965523449e-03 8.3157646187e-03
7.5923966030e+01 7.2049637808e+01 6.4382755900e+01 9.4897094522e-01 1.0592277862e-01 5.0603758177e+02 1.8303662246e+01 6.3740103418e-01 8.2467714759e+00 5.4407656104e-03 5.9678657760e-03
3.8031197329e+01 2.7724893873e+01 2.8198027950e+01 7.2900397096e-01 4.7635042252e-02 2.1865025047e+02 6.6720695970e+00 -7.3743173205e-01 9.3438387632e+00 1.3765914227e-02 1.9401479984e-02
3.9093058429e+01 3.8123250239e+01 3.3607169299e+01 9.7519231729e-01 4.5416733329e-02 2.0813678103e+02 5.5505886623e+01 -9.7393532265e-01 8.9279115605e+00 5.5810734516e-03 5.7398237179e-03
7.9811461972e+01 6.2223766330e+01 6.1253896718e+01 7.7963446342e-01 5.4870011079e-02 2.5315994393e+02 2.4989951906e+01 6.3257890630e-01 1.3136121346e+01 5.1439980225e-03 5.4917218717e-03
8.5368927376e+01 6.8565671523e+01 6.6523744401e+01 8.0316894718e-01 1.2751752188e-01 6.1778816667e+02 1.5156297478e+01 6.8904996316e-01 8.1514612485e+00 5.6527637043e-03 6.3410798134e-03
3.2252718471e+01 1.8255554849e+01 2.0955803301e+01 5.6601600468e-01 2.9673460017e-02 1.3444223412e+02 4.6630636624e+00 6.0225358887e-01 8.4133463672e+00 1.9160930411e-02 3.9818522151e-02
3.0825363569e+01 1.6555277893e+01 1.9479895483e+01 5.3706675204e-01 1.4748305141e-02 6.6083750780e+01 1.3442409838e+02 -7.0255464403e-01 8.1564886535e+00 5.7382071236e-03 5.8035797100e-03
3.8495832771e+01 3.5611044703e+01 3.2227554927e+01 9.2506232856e-01 3.2629069705e-02 1.4815393786e+02 4.0529480032e+01 -8.8761608344e-01 1.1854830908e+01 6.4960489822e-03 6.7541720466e-03
2.4935718512e+01 2.3210989233e+01 2.0940931829e+01 9.3083298248e-01 1.3531609911e-02 6.0576588626e+01 4.3580501359e+01 -7.1913450662e-01 1.3519313959e+01 8.3736604541e-03 8.6814935267e-03
7.9538153733e+01 5.1071838654e+01 5.5215234203e+01 6.4210490509e-01 1.3114159142e-01 6.3681292198e+02 1.3081844011e+01 8.9048163310e-01 8.3459372416e+00 6.6978427851e-03 7.6801649452e-03
8.3467927251e+01 5.5198157447e+01 5.8839974416e+01 6.6130979006e-01 1.8010942138e-01 9.0127423752e+02 3.9492488072e+00 8.5116374067e-01 9.7966576767e+00 9.8227046682e-03 1.0000000000e+00
7.9647350582e+01 4.7901763360e+01 5.3429143431e+01 6.0142318620e-01 7.2788033525e-02 3.4006239322e+02 4.5323808458e+01 -9.9377431014e-01 1.0159854359e+01 4.4347154823e-03 4.5910606807e-03
3.9981948701e+01 2.9927175552e+01 3.0050454225e+01 7.4851718148e-01 4.9765801498e-02 2.2877868321e+02 1.7699119471e+01 8.6934756552e-01 8.8215708073e+00 9.1642980816e-03 1.0088377727e-02
3.3183807683e+01 3.2499914831e+01 2.8588641117e+01 9.7939076618e-01 3.7952101455e-02 1.7299308361e+02 3.4585939082e+01 -7.9495191018e-01 8.3426008116e+00 7.4063057633e-03 7.7556516628e-03
3.4929231039e+01 2.4660574469e+01 2.5473049226e+01 7.0601538411e-01 1.3746703476e-02 6.1549451037e+01 1.4898596747e+02 -6.8578200182e-01 1.1092559975e+01 4.6718053244e-03 4.7197284292e-03
3.9207708760e+01 3.4667402081e+01 3.2083078030e+01 8.8419862259e-01 1.4600222724e-02 6.5412951203e+01 1.5323938547e+02 5.4896688738e-01 1.0877756042e+01 3.9999077871e-03 4.0397787970e-03
7.2358549323e+01 6.1545947400e+01 5.8056995277e+01 8.5056911693e-01 8.4693044339e-02 3.9891721009e+02 2.9161776063e+01 -7.8595852431e-01 9.1467692982e+00 4.9333238114e-03 5.2139501739e-03
2.7892243489e+01 2.2894644404e+01 2.1977591152e+01 8.2082477206e-01 1.6676039689e-02 7.4829594372e+01 2.8021753727e+01 5.1910351833e-01 1.0229212538e+01 9.5693695606e-03 1.0138350527e-02
1.4771223557e+01 1.4366074419e+01 1.2681274244e+01 9.7257172797e-01 1.2794284132e-02 5.7244038098e+01 9.8924352879e+01 9.9690782357e-01 8.3347153983e+00 8.4285807330e-03 8.5600547192e-03
7.4704127364e+01 4.5625029651e+01 5.0518969044e+01 6.1074309093e-01 7.1363058894e-02 3.3307704475e+02 1.8976960896e+01 8.8825558970e-01 1.1905900206e+01 6.3711272270e-03 6.9625349830e-03
4.6673816122e+01 3.6403571285e+01 3.5828928070e+01 7.7995703608e-01 2.2261684259e-02 1.0031081182e+02 2.2617846956e+02 -9.2102388800e-01 9.4738411493e+00 3.2109170307e-03 3.2324742018e-03
4.4453365816e+01 2.5738638770e+01 2.9230524314e+01 5.7900314851e-01 1.0716045994e-02 4.7870495965e+01 3.8334106109e+02 7.2535157775e-01 9.9123468877e+00 3.0132498006e-03 3.0251258294e-03
7.9333782105e+01 6.8175649298e+01 6.3986522394e+01 8.5935206275e-01 5.1797821697e-02 2.3846499032e+02 1.0542290286e+02 9.5840060321e-01 9.6058410659e+00 2.9228541528e-03 2.9655602057e-03
6.7254494907e+01 4.9159780806e+01 4.9934131866e+01 7.3095160217e-01 7.0845424130e-02 3.3054271058e+02 1.7788809156e+01 6.6284101378e-01 9.3606509671e+00 6.5771535937e-03 7.2363660436e-03
6.7406999793e+01 4.8169279682e+01 4.9466518772e+01 7.1460352530e-01 5.4498858412e-02 2.5138142770e+02 4.1743590227e+00 -9.0346791778e-01 2.4692012538e+01 1.1504060447e-02 3.7846931111e-02
2.7760748477e+01 2.1587296366e+01 2.1277650202e+01 7.7761939250e-01 2.8656308175e-02 1.2973674312e+02 3.9386091820e+00 -8.9518719858e-01 1.1929665469e+01 2.0232331653e-02 1.0000000000e+00
3.4580078414e+01 2.9369683188e+01 2.7724731911e+01 8.4932378799e-01 1.9584337965e-02 8.8071068531e+01 1.0484410402e+02 -6.3151166799e-01 9.1175081318e+00 5.0368633535e-03 5.1108746765e-03
8.4380981671e+01 6.2013329029e+01 6.2825062874e+01 7.3492068711e-01 3.2719385639e-02 1.4857383635e+02 1.5588364574e+02 -8.1130800096e-01 9.2686950407e+00 2.5825485625e-03 2.6078467993e-03
4.5739567576e+01 3.9363430948e+01 3.6918328268e+01 8.6059910564e-01 3.8035212393e-02 1.7338237696e+02 3.4765298075e+01 -5.4319992252e-01 8.4247656023e+00 6.2998787120e-03 6.5953674966e-03
6.5566643111e+01 5.9180871985e+01 5.4214094036e+01 9.0260640436e-01 5.3771795843e-02 2.4789999289e+02 2.7945123817e+01 6.0275774765e-01 1.0832755168e+01 5.3274483040e-03 5.6451774860e-03
2.8092639993e+01 2.2057538586e+01 2.1638904193e+01 7.8517143961e-01 2.3773243365e-02 1.0724207491e+02 3.7716002288e+01 8.6069342688e-01 9.7922538165e+00 8.6064534398e-03 8.9759994157e-03
4.8877628956e+01 4.4799286556e+01 4.0728856807e+01 9.1656014239e-01 8.3897178097e-02 3.9495521648e+02 3.3366894095e+00 8.0540372347e-01 1.0228951305e+01 1.3887398033e-02 1.0000000000e+00
2.4553998476e+01 1.9898690536e+01 1.9221550902e+01 8.1040530143e-01 2.8444853214e-02 1.2875937798e+02 8.2160667866e+00 8.1412965134e-01 9.3459196812e+00 1.6365936459e-02 2.1018394555e-02
6.1104993913e+01 4.5151802144e+01 4.5622568632e+01 7.3892163720e-01 2.0401992329e-02 9.1803997311e+01 2.5042061923e+02 9.7207729432e-01 1.0968932366e+01 2.6604191584e-03 2.6765321034e-03
2.9257904385e+01 2.7611279680e+01 2.4741296355e+01 9.4372034703e-01 5.0941517306e-02 2.3437989151e+02 4.1512763185e+00 9.8669816732e-01 9.8127733918e+00 1.7812587140e-02 6.1678103674e-02
5.4683001108e+01 3.8288210832e+01 3.9708250232e+01 7.0018488482e-01 3.2722868514e-02 1.4859003007e+02 8.7439721866e+01 -9.7177675096e-01 1.2367520928e+01 4.2730661407e-03 4.3487614478e-03
7.2433654319e+01 7.0671238738e+01 6.2284353838e+01 9.7566855355e-01 1.2566790427e-02 5.6216552652e+01 6.6456553209e+01 4.6900193901e-01 3.0316093887e+01 3.6190319022e-03 3.7042674576e-03
3.2365628642e+01 2.5528358614e+01 2.4988343717e+01 7.8874904290e-01 2.0504151367e-02 9.2270708021e+01 3.8128112248e+00 1.6577142421e-01 9.0827072776e+00 1.8614809663e-02 1.0000000000e+00
4.0044732504e+01 3.0321583657e+01 3.0276481488e+01 7.5719281315e-01 1.1696659458e-02 5.2289772668e+01 5.2880870644e+02 -8.8395138981e-01 8.3150600652e+00 2.6111777995e-03 2.6186233238e-03
2.5707135510e+01 1.3755004058e+01 1.6213341122e+01 5.3506560669e-01 1.0096529120e-02 4.5081885811e+01 1.2724557526e+02 7.5606902199e-01 1.0351394818e+01 6.5884402256e-03 6.6678276789e-03
4.2788284998e+01 4.1673679280e+01 3.6760363693e+01 9.7395068024e-01 1.8162953746e-02 8.1592462384e+01 1.2017901257e+02 -8.4749395931e-01 1.5704934309e+01 4.0154740597e-03 4.0667706546e-03
3.7467672662e+01 3.2878807218e+01 3.0541839361e+01 8.7752467347e-01 1.5918796736e-02 7.1391132877e+01 3.7581483511e+02 -9.9802881903e-01 9.2277019861e+00 2.9441447461e-03 2.9559825099e-03
7.7555485230e+01 6.5216074451e+01 6.1865989440e+01 8.4089570529e-01 1.7604832294e-01 8.7882738755e+02 3.6812571450e+00 7.1427562266e-01 8.9851497738e+00 9.7948768172e-03 1.0000000000e+00
2.9472716488e+01 2.9372666995e+01 2.5613896444e+01 9.9660535217e-01 1.3266749486e-02 5.9379058122e+01 1.0923766581e+02 -3.2693741568e-01 8.2833212622e+00 5.2318639037e-03 5.3055680590e-03
2.0330198365e+01 1.4830353838e+01 1.5078729141e+01 7.2947413358e-01 1.6266965182e-02 7.2971607684e+01 6.2183704166e+01 9.6337816982e-01 8.8591208634e+00 8.9832643405e-03 9.2100584777e-03
2.7461660884e+01 2.5654479729e+01 2.3104081321e+01 9.3419257621e-01 2.0997850751e-02 9.4527138105e+01 2.4996338028e+01 -6.3860205213e-01 1.0351594269e+01 9.6554193223e-03 1.0307917921e-02
3.3306782019e+01 2.9999993653e+01 2.7510739440e+01 9.0071726640e-01 3.7829260944e-02 1.7241777864e+02 1.2442737460e+01 6.8931062658e-01 9.1816745823e+00 1.1131652929e-02 1.2874248927e-02
2.7125215720e+01 2.2853395512e+01 2.1658956302e+01 8.4251479316e-01 1.1544067254e-02 5.1601669270e+01 3.1116632503e+01 4.9451472778e-01 1.3665190921e+01 9.3145003583e-03 9.8077271882e-03
1.8096139800e+01 1.4509148696e+01 1.4088965806e+01 8.0178142165e-01 1.9751082322e-02 8.8831963951e+01 6.9506538872e+00 9.6498254871e-01 9.9176911188e+00 2.1271730058e-02 2.9332095184e-02
3.2263279304e+01 1.9959404707e+01 2.1965536615e+01 6.1864153729e-01 1.5824060673e-02 7.0961228525e+01 2.6613487181e+02 -9.1957390477e-01 8.4573093470e+00 4.1177253731e-03 4.1411765674e-03
3.2108801344e+01 3.0181908899e+01 2.7098036393e+01 9.3998865220e-01 3.9607684208e-02 1.8075635300e+02 9.9274083423e+00 7.4138768515e-01 9.6598459370e+00 1.2217369860e-02 1.4824049661e-02
3.6141900628e+01 3.5003153495e+01 3.0962923028e+01 9.6849232848e-01 3.9998928109e-02 1.8259356111e+02 2.0952580653e+01 -7.9424425529e-01 1.0004000170e+01 8.4924870751e-03 9.1946569985e-03
6.6381769662e+01 5.1145580167e+01 5.0639145959e+01 7.7047629836e-01 8.8994914315e-02 4.2040055092e+02 3.6204927719e+01 9.4273397450e-01 8.2025080717e+00 4.9423980670e-03 5.1642199324e-03
2.8589679670e+01 2.8536590680e+01 2.4865640531e+01 9.9814307153e-01 3.9521189546e-02 1.8035032477e+02 2.9877089396e+01 -9.4946572166e-01 8.2479691447e+00 8.5290029018e-03 9.0013331306e-03
8.3568544587e+01 4.3209251922e+01 5.1756286927e+01 5.1705162673e-01 4.5509540869e-02 2.0857599632e+02 2.3408786837e+01 -7.2915529491e-01 1.4918572451e+01 5.8897479242e-03 6.3185059897e-03
3.1820436891e+01 1.6458401060e+01 1.9710829708e+01 5.1722737548e-01 1.3322280997e-02 5.9630097352e+01 4.1109292937e+00 1.9644166856e-01 9.7929992593e+00 2.1081933016e-02 8.1704427040e-02
3.2836683557e+01 3.1538723288e+01 2.8014188112e+01 9.6047224844e-01 1.6205474982e-02 7.2692420342e+01 3.4649378924e+00 1.8807518556e-01 1.3466936112e+01 1.8011928558e-02 1.0000000000e+00
4.0901302341e+01 3.3829700873e+01 3.2353480975e+01 8.2710571393e-01 7.3967910793e-02 3.4585588793e+02 1.0112615627e+01 -9.6648770473e-01 8.4763549448e+00 1.0642085181e-02 1.2853321943e-02
2.9700650344e+01 2.9460763673e+01 2.5751247116e+01 9.9192318456e-01 1.7211727559e-02 7.7264340059e+01 8.5993989938e+01 -6.0815446552e-01 9.9206891047e+00 5.6900252017e-03 5.7925723880e-03
3.9079038113e+01 3.1732245321e+01 3.0622899425e+01 8.1200169843e-01 5.4011348315e-02 2.4904668154e+02 5.8792083836e+00 6.9837739445e-01 9.1592919478e+00 1.3657428202e-02 2.0947051152e-02
3.6648683156e+01 3.6152344778e+01 3.1687604172e+01 9.8645685642e-01 6.9428985435e-02 3.2361645147e+02 1.4946160414e+01 -9.9215895419e-01 8.1174962956e+00 9.3367618443e-03 1.0493532642e-02
4.0520529509e+01 2.9052148302e+01 2.9786829172e+01 7.1697356016e-01 2.8421285826e-02 1.2865046551e+02 4.2435010283e+01 6.6695661165e-01 9.5121776062e+00 6.7243768419e-03 6.9787241972e-03
3.8329999576e+01 1.9416358433e+01 2.3481132395e+01 5.0655775237e-01 3.4100535009e-02 1.5500176577e+02 7.3748540007e+00 -6.1124216487e-01 8.4153365548e+00 1.4986909432e-02 2.0092038277e-02
3.8906944355e+01 3.1850744660e+01 3.0614932098e+01 8.1863906785e-01 4.2165566149e-02 1.9278571000e+02 1.8215111944e+01 -6.3952365859e-01 8.1195172961e+00 9.0020213501e-03 9.8791737536e-03
1.9539847491e+01 1.9353740380e+01 1.6929184839e+01 9.9047550852e-01 2.1448253844e-02 9.6587098012e+01 3.4578082957e+01 -8.5316573634e-01 8.0062808724e+00 1.0380365374e-02 1.0870114953e-02
3.3991330767e+01 2.3463725361e+01 2.4501542703e+01 6.9028557667e-01 1.2226483491e-02 5.4680189575e+01 6.8640454042e+00 3.8267256923e-01 1.8703792381e+01 1.5193531621e-02 2.1086710101e-02
4.0288210205e+01 3.9327915594e+01 3.4651906508e+01 9.7616437648e-01 1.6311787770e-02 7.3175134074e+01 1.3367568383e+02 5.0383114716e-01 1.0511197686e+01 4.0080190502e-03 4.0539415006e-03
6.4198391352e+01 4.8460984824e+01 4.8461445101e+01 7.5486291483e-01 4.8074404298e-02 2.2073633576e+02 9.7777074720e+01 9.8289413683e-01 9.5354173925e+00 3.5847927773e-03 3.6413857673e-03
3.1918779212e+01 2.9456163962e+01 2.6689181564e+01 9.2284744872e-01 1.0154106731e-02 4.5340949119e+01 4.0221696087e+02 6.0332912391e-01 8.3751997215e+00 3.1336197391e-03 3.1453865778e-03
4.2719314020e+01 4.2033697510e+01 3.6889442432e+01 9.8395066669e-01 2.9297709366e-02 1.3270316363e+02 4.8506184011e+01 8.7398341654e-01 1.4413720111e+01 5.5923570408e-03 5.7757870470e-03
6.7587097830e+01 3.7891516126e+01 4.3692871327e+01 5.6063238907e-01 2.1057794260e-02 9.4801217459e+01 1.8973882288e+02 -6.2405774739e-01 8.9670152301e+00 3.0317898740e-03 3.0561112916e-03
6.0353130204e+01 2.4985134401e+01 3.3174175079e+01 4.1398241180e-01 3.9100140763e-02 1.7837450916e+02 1.9582772929e+01 -6.7028838095e-01 9.8583747009e+00 8.3475102780e-03 9.0942733679e-03
3.4705757095e+01 3.4238252053e+01 3.0008795067e+01 9.8652946711e-01 2.4730881319e-02 1.1164116681e+02 1.3508099075e+02 -9.0484909879e-01 9.6587677014e+00 4.3454665905e-03 4.3947265862e-03
3.6637169782e+01 2.1348481446e+01 2.4171813540e+01 5.8270007136e-01 2.4953962198e-02 1.1266680337e+02 8.8931462911e+01 9.6903178916e-01 9.4469581568e+00 5.8179027574e-03 5.9191796323e-03
5.9551391234e+01 5.9250663994e+01 5.1711399240e+01 9.9495012233e-01 3.5111725170e-02 1.5971581446e+02 2.1522357166e+01 9.9562879102e-01 2.6308261318e+01 6.1196784981e-03 6.6102075587e-03
3.3490654241e+01 3.2971947812e+01 2.8928470557e+01 9.8451190516e-01 2.5375031742e-02 1.1460361011e+02 4.4087206614e+01 9.2122342614e-01 1.3481552037e+01 6.7635295613e-03 7.0091190748e-03
7.9531963095e+01 7.7395310389e+01 6.8298965137e+01 9.7313466657e-01 4.0752799705e-02 1.8613640979e+02 6.9068737893e+01 -9.6145492107e-01 1.7168387587e+01 3.3100846743e-03 3.3849716046e-03
2.5160398744e+01 2.4185183513e+01 2.1473878346e+01 9.6124007251e-01 1.5386532551e-02 6.8976541057e+01 7.5692676756e+01 8.8291043327e-01 1.2716233364e+01 6.6940178262e-03 6.8317035877e-03
3.8251685556e+01 2.9662795384e+01 2.9276901708e+01 7.7546374630e-01 1.0423011149e-02 4.6551146460e+01 4.4124045277e+02 7.0980476483e-01 8.9743459148e+00 2.8561090354e-03 2.8658793486e-03
4.4399728843e+01 3.5173366063e+01 3.4356055836e+01 7.9219776741e-01 2.9277392389e-02 1.3260915795e+02 1.9395584962e+01 5.3033361024e-01 1.1569287873e+01 8.2451266034e-03 8.9910898234e-03
3.3669799499e+01 2.0906214127e+01 2.2967260303e+01 6.2091887801e-01 1.2295979423e-02 5.4993875482e+01 7.9762828762e+01 4.2987085641e-01 9.9101349419e+00 6.3057260244e-03 6.4285678881e-03
6.6707985269e+01 5.6779251177e+01 5.3542183306e+01 8.5116123577e-01 6.7556567027e-02 3.1447987336e+02 4.2349909373e+01 7.2424447520e-01 8.4335123942e+00 4.5569231330e-03 4.7296582009e-03
3.8478335251e+01 2.1645934928e+01 2.4919860688e+01 5.6254863385e-01 1.3843104940e-02 6.1985572893e+01 6.2235113672e+01 -5.0561209320e-01 1.1493243836e+01 6.5702925743e-03 6.7360246678e-03
4.5753817449e+01 1.9086629276e+01 2.5253684144e+01 4.1715927414e-01 2.2487795014e-02 1.0134667983e+02 2.1799666000e+01 4.1517505210e-01 8.4832129303e+00 9.6053402828e-03 1.0363990350e-02
7.9454717952e+01 7.1107218292e+01 6.5414946360e+01 8.9494016371e-01 9.9005123433e-02 4.7083080174e+02 3.0828091008e+00 8.5029619255e-01 1.8013958394e+01 1.0547336799e-02 1.0000000000e+00
8.4580311824e+01 5.6079594122e+01 5.9704961369e+01 6.6303366484e-01 1.8823723222e-01 9.4647177863e+02 4.0372580267e+00 8.3329341001e-01 9.4661266000e+00 9.6120786713e-03 5.5704760747e-02
3.0787399562e+01 2.4943146211e+01 2.4097716184e+01 8.1017385572e-01 3.0403444185e-02 1.3782344518e+02 6.0183080660e+00 6.9196956048e-01 1.1199458358e+01 1.5949730372e-02 2.4026247988e-02
5.0962365424e+01 4.7819823965e+01 4.2971330515e+01 9.3833603616e-01 2.7330086181e-02 1.2361169311e+02 2.0338469624e+02 -9.2845154561e-01 9.1488599419e+00 2.9733489893e-03 2.9955791920e-03
3.6174071824e+01 2.9904592869e+01 2.8606776490e+01 8.2668583769e-01 1.0590144930e-02 4.7303572806e+01 5.6599949552e+01 6.6472842029e-02 1.1435043342e+01 6.2583844476e-03 6.4327808564e-03
2.7319429754e+01 2.0626326796e+01 2.0624625877e+01 7.5500575895e-01 2.3772646877e-02 1.0723933672e+02 4.6590879328e+01 9.7538170411e-01 9.8455299868e+00 8.1929329760e-03 8.4734157317e-03
3.2355331498e+01 2.9632574741e+01 2.6950557401e+01 9.1584828122e-01 2.0783303625e-02 9.3546361302e+01 6.9780145016e+01 -6.6553693453e-01 9.9207643876e+00 5.9680571601e-03 6.1016439896e-03
6.1995016210e+01 6.0159368475e+01 5.3163579688e+01 9.7039039834e-01 6.6469948159e-02 3.0918778787e+02 1.0599888789e+01 5.8104755627e-01 1.1406619835e+01 7.6993839699e-03 9.1963975642e-03
2.6484615187e+01 1.7368247494e+01 1.8588750998e+01 6.5578628843e-01 2.0899121045e-02 9.4075768922e+01 2.3941607685e+01 -6.7758140349e-01 8.2854222903e+00 1.1241974655e-02 1.2039682385e-02
3.5002190289e+01 2.9652383282e+01 2.8026769749e+01 8.4715793604e-01 2.8414830364e-02 1.2862063338e+02 1.0473643945e+01 4.9638256529e-01 1.0265183085e+01 1.1804448602e-02 1.4138442804e-02
3.4713126958e+01 2.9755068547e+01 2.7961709035e+01 8.5717050450e-01 1.6792884588e-02 7.5360500684e+01 4.2782420212e+01 6.7671683295e-01 1.4962906609e+01 7.0238237541e-03 7.2871887900e-03
3.2174159172e+01 3.0667608182e+01 2.7344034232e+01 9.5317512472e-01 1.9284068651e-02 8.6701332860e+01 2.5582683143e+02 9.7403641490e-01 8.9756043340e+00 3.6367824089e-03 3.6583381985e-03
2.9449966398e+01 2.9304242919e+01 2.5574160616e+01 9.9505182867e-01 1.4463986100e-02 6.4795941635e+01 2.6268963863e+02 9.3565944459e-01 1.0771542870e+01 3.7657880707e-03 3.7875191836e-03
4.4930599522e+01 3.3705215785e+01 3.3808002862e+01 7.5016171927e-01 1.1491413585e-02 5.1364267691e+01 1.7240128160e+02 -6.9580152278e-01 1.6230131939e+01 3.7109020070e-03 3.7437138644e-03
3.9763085070e+01 3.6144560972e+01 3.2995651734e+01 9.0899790365e-01 4.8752556971e-02 2.2395863930e+02 6.5303092991e+00 6.3007810153e-01 1.0068827936e+01 1.2570845719e-02 1.7938021856e-02
3.4702494259e+01 1.8450845950e+01 2.1813234695e+01 5.3168644918e-01 3.2206309888e-02 1.4618914700e+02 3.0403863938e+01 9.5526852012e-01 8.5441164004e+00 9.2367318701e-03 9.7384832619e-03
5.3603461906e+01 5.1922279458e+01 4.5925751457e+01 9.6863668150e-01 8.4698347197e-02 3.9894362200e+02 9.3787980670e+00 -7.2686989021e-01 9.2605024345e+00 8.7400168025e-03 1.0766151751e-02
2.9637488189e+01 2.6232198689e+01 2.4264447380e+01 8.8510195339e-01 2.6699354479e-02 1.2070278234e+02 5.0757944539e+01 -8.7288242021e-01 9.4479529271e+00 7.1548111373e-03 7.3784715170e-03
3.6812330140e+01 3.1761022576e+01 2.9751001790e+01 8.6278218346e-01 2.6325779950e-02 1.1898110986e+02 1.4509438280e+02 -9.0993534655e-01 8.7711910629e+00 4.2492276440e-03 4.2940077747e-03
7.3990556641e+01 5.2482534746e+01 5.4089757092e+01 7.0931396016e-01 9.6426549721e-02 4.5778170392e+02 2.6954907480e+00 -6.6965833038e-01 1.0819119126e+01 1.2509715758e-02 1.0000000000e+00
3.6257617782e+01 2.5028698696e+01 2.6135440123e+01 6.9030179661e-01 1.3730114962e-02 6.1474410598e+01 2.7364389916e+02 -9.7225979260e-01 1.1719175229e+01 3.6602097643e-03 3.6804774785e-03
3.6283742885e+01 2.6096583231e+01 2.6715783182e+01 7.1923625172e-01 1.1416804547e-02 5.1027907014e+01 3.8065983139e+02 8.4551748040e-01 1.0234163313e+01 3.1945379507e-03 3.2072178147e-03
4.4067783055e+01 3.6288157511e+01 3.4779879632e+01 8.2346228913e-01 7.4044432663e-02 3.4623193067e+02 1.2063553410e+01 -9.2321811910e-01 8.4923450892e+00 9.5202547983e-03 1.1072721229e-02
4.5363264916e+01 4.0135232146e+01 3.7131830054e+01 8.8475184095e-01 5.4890401041e-02 2.5325767558e+02 7.3230638772e+00 -6.7996270736e-01 1.0831776503e+01 1.1144610008e-02 1.4988137731e-02
7.7970690430e+01 3.7472545462e+01 4.6442228053e+01 4.8059784075e-01 4.6033345421e-02 2.1105596606e+02 4.5264766923e+01 -6.5885481257e-01 9.5702949981e+00 4.9201010773e-03 5.0937996520e-03
3.0079272185e+01 2.6246691462e+01 2.4449129882e+01 8.7258399407e-01 1.6923734253e-02 7.5955148467e+01 3.0044875663e+02 -9.8150481049e-01 8.6674207267e+00 3.6773669564e-03 3.6958961624e-03
3.7508328740e+01 2.9923877125e+01 2.9128215067e+01 7.9779286707e-01 1.5133445713e-02 6.7829089093e+01 4.4371588172e+01 -3.9555455058e-01 1.2159370252e+01 6.7605689605e-03 7.0043715327e-03
3.2026718884e+01 2.7077316432e+01 2.5618129351e+01 8.4546020870e-01 1.5623268682e-02 7.0050249607e+01 1.4380590763e+01 -7.0622564512e-01 1.9673448748e+01 1.1173891112e-02 1.2626629330e-02
2.8228222889e+01 2.3783126088e+01 2.2539893630e+01 8.4253005163e-01 1.5709327481e-02 7.0440659217e+01 4.1680427255e+01 -9.6829139269e-01 1.6954657642e+01 8.1212030283e-03 8.4343476263e-03
4.1529391840e+01 2.4823198182e+01 2.7768754922e+01 5.9772602203e-01 3.2365120523e-02 1.4692708734e+02 2.7246091465e+01 6.0448677167e-01 8.0227696936e+00 8.2758589956e-03 8.7835672957e-03
2.7902530982e+01 2.6351163917e+01 2.3603704924e+01 9.4440048949e-01 1.1586109816e-02 5.1791241521e+01 3.7228224174e+01 4.7338014510e-01 1.4139806789e+01 8.2528552231e-03 8.6122409578e-03
5.9257105128e+01 5.9121478034e+01 5.1527230545e+01 9.9771120958e-01 1.2160315388e-01 5.8690633181e+02 4.2501354620e+00 6.3378368082e-01 8.9989593423e+00 1.0717591235e-02 3.1005054843e-02
3.9955028322e+01 3.4365122393e+01 3.2239796094e+01 8.6009505777e-01 2.6211840403e-02 1.1845618644e+02 1.0561918930e+02 -8.2950822569e-01 1.0001612118e+01 4.5524885757e-03 4.6188783969e-03
7.4539707557e+01 6.4422671456e+01 6.0294319873e+01 8.6427319836e-01 2.1536876752e-01 1.0999386028e+03 5.0970463871e+00 -9.2794629930e-01 8.5297333301e+00 8.6309972462e-03 1.5353983727e-02
3.1014982714e+01 2.0676724951e+01 2.1955725912e+01 6.6666891746e-01 1.0015885148e-02 4.4719075780e+01 1.0959545545e+02 -4.5504328189e-01 1.0815555744e+01 5.7653547519e-03 5.8463024554e-03
3.3744031757e+01 2.5373747723e+01 2.5421743390e+01 7.5194771939e-01 1.9072757769e-02 8.5737758030e+01 3.6205765514e+01 7.9811242493e-01 1.4086095958e+01 7.9249679763e-03 8.2806429031e-03
3.8125887432e+01 2.8965829181e+01 2.8875517421e+01 7.5974176949e-01 1.5145392018e-02 6.7883241936e+01 1.2096229265e+02 -5.5016030358e-01 1.0536889597e+01 4.6667627772e-03 4.7259843223e-03
5.0410435720e+01 4.1904469651e+01 3.9977360280e+01 8.3126576973e-01 3.9606542650e-02 1.8075099391e+02 2.5915698130e+00 6.5477099639e-01 1.5328033780e+01 1.5854688068e-02 1.0000000000e+00
2.6075765617e+01 1.6871837742e+01 1.8174057116e+01 6.4703134666e-01 1.9138684435e-02 8.6038350832e+01 4.3154265007e+01 8.1102522959e-01 8.9006080083e+00 9.1513172588e-03 9.4912924414e-03
7.6420789837e+01 6.0645631720e+01 5.9186193931e+01 7.9357504482e-01 1.4586946562e-01 7.1491525328e+02 3.5058344981e+00 -7.9854891811e-01 1.0801199502e+01 1.0423816066e-02 1.0000000000e+00
3.2564938050e+01 2.4264068825e+01 2.4418237753e+01 7.4509795744e-01 1.1390669553e-02 5.0910091205e+01 6.3964543778e+01 7.2607526001e-01 1.7657528788e+01 6.5962592318e-03 6.7579426954e-03
7.5285010186e+01 7.5217820819e+01 6.5510154320e+01 9.9910753327e-01 1.4558805128e-01 7.1341114492e+02 2.4665577966e+01 9.9882069841e-01 8.2435881249e+00 4.7076137299e-03 5.0305703116e-03
8.3954831740e+01 7.3384352918e+01 6.8300222699e+01 8.7409326417e-01 1.3112479726e-01 6.3672458257e+02 4.0482130884e+00 5.9651736856e-01 1.2063143947e+01 9.1041431818e-03 4.7948605838e-02
4.7706840146e+01 3.7572178385e+01 3.6804403038e+01 7.8756375962e-01 4.2369790889e-02 1.9374798281e+02 9.3623793466e+01 9.8575260793e-01 8.7620016375e+00 4.3421008753e-03 4.4137832341e-03
7.7363585641e+01 5.8637991423e+01 5.8522196307e+01 7.5795338255e-01 2.1771835730e-02 9.8067861608e+01 2.5294072784e+02 7.8172657725e-01 8.0679899096e+00 2.2665594589e-03 2.2801486965e-03
4.2433629413e+01 4.2214275407e+01 3.6844992158e+01 9.9483065649e-01 7.6292854382e-02 3.5729744260e+02 3.9742582526e+00 7.4644160147e-01 9.6615837831e+00 1.3907742234e-02 1.0000000000e+00
3.3636795988e+01 3.2738076824e+01 2.8888163300e+01 9.7328166558e-01 4.1442164769e-02 1.8937934243e+02 2.8523060935e+01 -8.2161909724e-01 8.4089672755e+00 7.8931483391e-03 8.3533044336e-03
8.1820315500e+01 7.9231459647e+01 7.0090987828e+01 9.6835925361e-01 5.3809149565e-02 2.4807877332e+02 4.7672999529e+00 8.9880030005e-01 3.8196498117e+01 8.8065027011e-03 1.7470032487e-02
3.9398328775e+01 3.6449153574e+01 3.2984576669e+01 9.2514466240e-01 4.3348903569e-02 1.9836515712e+02 2.0745547461e+01 9.6897879817e-01 1.2095564101e+01 8.1773221310e-03 8.8612642435e-03
7.5652428728e+01 5.2152549928e+01 5.4494101852e+01 6.8937046443e-01 3.7339533348e-02 1.7012519219e+02 1.0356625197e+01 -2.2378582917e-01 1.3399890039e+01 7.7811695373e-03 9.3441918879e-03
3.5653907954e+01 3.1114449726e+01 2.8981937757e+01 8.7267992517e-01 5.6268425628e-02 2.5986888286e+02 1.6063922596e+01 -9.1232641299e-01 8.0157365079e+00 9.6836217817e-03 1.0781370393e-02
3.8403636518e+01 3.6212821245e+01 3.2461897434e+01 9.4295292134e-01 1.2188584304e-02 5.4509136518e+01 3.9047625532e+01 -1.2987420917e-01 1.3360235884e+01 6.6401160821e-03 6.9147531833e-03
6.9368771138e+01 4.5207408842e+01 4.8529442483e+01 6.5169683852e-01 8.4197984156e-02 3.9645223323e+02 4.1746018917e+00 9.6130884170e-01 1.6832262855e+01 1.1441788285e-02 3.7623240853e-02
4.1037339922e+01 3.1821796087e+01 3.1408379567e+01 7.7543515605e-01 5.7518284894e-02 2.6587569756e+02 2.7301359874e+00 7.4813786668e-01 8.2903278112e+00 1.7886207023e-02 1.0000000000e+00
4.0786367337e+01 3.4077486606e+01 3.2429116220e+01 8.3551168762e-01 1.1389857560e-02 5.0906430835e+01 4.9028566655e+02 -9.6478764915e-01 1.0034426314e+01 2.5739121925e-03 2.5818313811e-03
6.0119826396e+01 5.2568951885e+01 4.8918382385e+01 8.7440292223e-01 2.9101974197e-02 1.3179761940e+02 7.0441831902e+01 9.5585621653e-01 1.8300762681e+01 4.0764084259e-03 4.1667609168e-03
3.9161787823e+01 3.7925015958e+01 3.3548797757e+01 9.6841891206e-01 2.3103932730e-02 1.0417107749e+02 2.6313994051e+02 -9.7128288995e-01 8.3659523205e+00 3.1593864861e-03 3.1775867268e-03
3.3638338099e+01 2.3777129567e+01 2.4546557411e+01 7.0684614373e-01 1.4509845557e-02 6.5003623186e+01 1.2969631829e+02 -9.7460141828e-01 1.4603089179e+01 5.0340623316e-03 5.0935491085e-03
8.5103860996e+01 7.0976370783e+01 6.7603355270e+01 8.3399707079e-01 1.8025673198e-01 9.0209017792e+02 8.1086672051e+00 7.8182802860e-01 8.3003760558e+00 6.8762115319e-03 8.8729374501e-03
5.2181205666e+01 4.5572326008e+01 4.2432897827e+01 8.7334750944e-01 1.2082977138e-01 5.8288339910e+02 2.3321264846e+00 9.8348725330e-01 8.0508912141e+00 1.5161327762e-02 1.0000000000e+00
2.9752586788e+01 2.6744805224e+01 2.4550074926e+01 8.9890688882e-01 2.3274154319e-02 1.0495182341e+02 6.3434014400e+00 5.5645317592e-01 1.2571634524e+01 1.5524653027e-02 2.2552786913e-02
8.0672538132e+01 5.9442420969e+01 6.0144570122e+01 7.3683588425e-01 8.2996929085e-02 3.9047830810e+02 3.2423977906e+01 6.7049964353e-01 8.1315198091e+00 4.6420103133e-03 4.8769594006e-03
5.4368422988e+01 2.6168193253e+01 3.2409595368e+01 4.8131234667e-01 2.8156855956e-02 1.2742870119e+02 1.7030597343e+01 9.0756650349e-01 1.7872902880e+01 8.9846553473e-03 9.9334704845e-03
4.0912706170e+01 4.0622324166e+01 3.5489913202e+01 9.9290240048e-01 4.0844434627e-02 1.8656730362e+02 4.4576717572e+00 8.5549957720e-01 1.8869099122e+01 1.3925906817e-02 3.2698755552e-02
4.5158313547e+01 3.9233173686e+01 3.6624774992e+01 8.6879182603e-01 4.8040504573e-02 2.2057533598e+02 5.0226055148e+01 9.8110596226e-01 9.6994904041e+00 5.4824754620e-03 5.6557803554e-03
3.5498440908e+01 3.4478039861e+01 3.0455146191e+01 9.7125504610e-01 7.5533722856e-02 3.5355787548e+02 4.1706043985e+00 -8.3172529997e-01 8.0448224185e+00 1.5391933161e-02 5.1035392442e-02
6.6859462965e+01 6.2981246697e+01 5.6486193069e+01 9.4199450465e-01 6.5762998156e-02 3.0574878061e+02 1.3119987870e+01 -7.3260709823e-01 1.3946434927e+01 6.8461098808e-03 7.8464110385e-03
7.8603967466e+01 4.7267420522e+01 5.2725222080e+01 6.0133631986e-01 5.6490079814e-02 2.6093342364e+02 2.3269506078e+01 -5.1387273844e-01 9.5223007678e+00 5.7969313249e-03 6.2218118496e-03
3.8896335314e+01 3.7491027457e+01 3.3242778321e+01 9.6387043033e-01 1.7425988990e-02 7.8238712433e+01 2.0755962613e+02 -9.7133752484e-01 1.2851509129e+01 3.4853153200e-03 3.5108420268e-03
3.9965359435e+01 3.4646576231e+01 3.2377608471e+01 8.6691516655e-01 2.4524740286e-02 1.1069370578e+02 1.2340494004e+02 8.9435283089e-01 1.0770816618e+01 4.2873755577e-03 4.3406810127e-03
5.3222748939e+01 4.0401767506e+01 4.0292172327e+01 7.5910711700e-01 8.1151194934e-02 3.8131523947e+02 1.3619339244e+01 9.9232837785e-01 9.7489376863e+00 8.2636189270e-03 9.4145448870e-03
3.8690813288e+01 3.6527995826e+01 3.2724644046e+01 9.4409997417e-01 7.0861667573e-02 3.3062221272e+02 2.3164451538e+00 9.2698406834e-01 8.1616830429e+00 1.8396376728e-02 1.0000000000e+00
6.6770586543e+01 5.4412745322e+01 5.2418298533e+01 8.1492088267e-01 1.8653344932e-01 9.3696728516e+02 2.6918466769e+00 -9.9421491470e-01 8.0837039125e+00 1.2149266457e-02 1.0000000000e+00
5.4272877730e+01 5.2985333059e+01 4.6682811254e+01 9.7627646213e-01 6.2640890375e-02 2.9059888316e+02 1.5459871673e+01 -9.0597895034e-01 1.3292182891e+01 7.2653047030e-03 8.1285603023e-03
4.6872197574e+01 4.5963498353e+01 4.0406760693e+01 9.8061325759e-01 9.4817752199e-02 4.4966077874e+02 2.7787455962e+00 -8.0494386625e-01 8.3327750464e+00 1.4854397155e-02 1.0000000000e+00
3.9075293883e+01 3.0955439662e+01 3.0236102070e+01 7.9219979138e-01 4.7444485707e-02 2.1774587768e+02 1.4259456996e+01 7.8773126486e-01 9.0098378560e+00 9.9133767533e-03 1.1216015255e-02
3.7586744118e+01 2.2710446207e+01 2.5275328548e+01 6.0421424467e-01 1.6426107304e-02 7.3694286759e+01 1.2064973176e+02 -8.0909178997e-01 1.1475658478e+01 5.0727150755e-03 5.1372588693e-03
8.2783476486e+01 8.1664213144e+01 7.1578024865e+01 9.8647962867e-01 1.0630697961e-01 5.0800141965e+02 5.0431969520e+00 -2.3880426111e-01 9.0635675855e+00 8.2555577170e-03 1.4906434474e-02
5.9242638032e+01 5.3165294780e+01 4.8842532814e+01 8.9741605955e-01 5.2754655549e-02 2.4303524680e+02 8.0207661414e+01 -7.9708158428e-01 8.0005684022e+00 3.8316555026e-03 3.9058711538e-03
2.8256018754e+01 1.7984724855e+01 1.9525578009e+01 6.3649182186e-01 1.7718001699e-02 7.9567158824e+01 2.6968291571e+01 -7.8866932041e-01 1.1502775655e+01 1.0446146391e-02 1.1094376142e-02
3.6977278892e+01 3.0875642185e+01 2.9391168942e+01 8.3498956955e-01 2.3043108263e-02 1.0389214388e+02 8.0365768570e+01 5.3017579521e-01 8.0071705833e+00 5.3542646525e-03 5.4577605098e-03
3.6049342581e+01 3.5953707962e+01 3.1341114931e+01 9.9734711891e-01 3.4069206638e-02 1.5485582356e+02 1.1171381558e+01 8.4780482281e-01 1.4854515914e+01 1.0708179220e-02 1.2644587090e-02
4.3469787320e+01 2.7394062384e+01 2.9882809422e+01 6.3018625286e-01 6.0111293821e-02 2.7836945093e+02 1.5759563359e+01 9.7857623529e-01 8.4150599785e+00 9.5468175169e-03 1.0654694220e-02
3.3508694365e+01 1.1046559693e+01 1.6264883058e+01 3.2966249214e-01 1.6252276445e-02 7.2904913304e+01 3.2825987637e+01 8.8319712423e-01 1.0449451463e+01 1.0887577754e-02 1.1431253917e-02
2.2187649880e+01 1.9313488474e+01 1.8012384766e+01 8.7046120601e-01 1.0875815311e-02 4.8590078808e+01 2.0454302132e+02 -7.1705258869e-01 8.9565836236e+00 5.1606969200e-03 5.1990593091e-03
2.8958421995e+01 2.4831261968e+01 2.3330519646e+01 8.5747980231e-01 2.0393205929e-02 9.1763860133e+01 1.3726509520e+02 9.2477630751e-01 9.1746720361e+00 5.0687773881e-03 5.1253037202e-03
3.8473017982e+01 3.4112999301e+01 3.1526452373e+01 8.8667333862e-01 3.7023469024e-02 1.6864641555e+02 8.1339159656e+01 -9.7705150538e-01 8.9520353307e+00 5.0584627648e-03 5.1550293784e-03
3.3132088788e+01 2.8288351742e+01 2.6634913492e+01 8.5380526179e-01 5.6954975861e-02 2.6316720381e+02 4.9835465191e+00 -8.0866476559e-01 8.3271543653e+00 1.5827103336e-02 2.9085751678e-02
8.3976151432e+01 3.9600471082e+01 4.9513830715e+01 4.7156806315e-01 2.1401831071e-02 9.6374716876e+01 2.4484131743e+02 7.0916831886e-01 8.0703199433e+00 2.5476338044e-03 2.5634192742e-03
6.4576911394e+01 4.6661772095e+01 4.7661963594e+01 7.2257670873e-01 7.5430601829e-02 3.5305016749e+02 5.8240910219e+00 -6.5164843516e-01 1.1558402278e+01 1.0265113006e-02 1.5864699587e-02
3.4580975761e+01 3.1464655349e+01 2.8709611431e+01 9.0988338692e-01 2.3949685647e-02 1.0805213949e+02 3.5563754174e+01 -9.8176532730e-01 1.5970815436e+01 7.3722776994e-03 7.7096345303e-03
4.8978598009e+01 4.6337928221e+01 4.1469818626e+01 9.4608523120e-01 1.0513568426e-02 4.6958806616e+01 7.7287900439e+01 9.5605548918e-01 4.1487911804e+01 4.4152723605e-03 4.5041434088e-03
3.5308339373e+01 3.1574773755e+01 2.9058100927e+01 8.9425824935e-01 1.1292205887e-02 5.0466261011e+01 1.9942757311e+01 3.6148601889e-01 1.9227291642e+01 9.1603351056e-03 9.9625273083e-03
3.5978578535e+01 3.2906945381e+01 2.9948381006e+01 9.1462605586e-01 4.7797438077e-02 2.1942115866e+02 6.8846844440e+00 -9.3842621943e-01 1.2507113992e+01 1.3101093679e-02 1.8154203510e-02
3.5282000097e+01 3.3331727069e+01 2.9851379527e+01 9.4472328605e-01 1.9935546589e-02 8.9673935319e+01 1.7663144723e+02 -7.3439637629e-01 8.7323759060e+00 3.9542081233e-03 3.9883206530e-03
8.6199111175e+01 6.5842584469e+01 6.5465615208e+01 7.6384296278e-01 3.2910411312e-02 1.4946213272e+02 6.1584380596e+01 -1.4397494798e-01 8.6448345638e+00 3.5651009636e-03 3.6560239985e-03
4.7616102104e+01 3.3141029342e+01 3.4469558721e+01 6.9600466812e-01 3.6355078171e-02 1.6552135023e+02 7.7177842733e+00 5.1241605359e-01 1.1751844679e+01 1.1574995084e-02 1.5222079424e-02
3.0957282126e+01 2.3243421479e+01 2.3304336610e+01 7.5082241990e-01 1.4767034905e-02 6.6168605327e+01 1.0355116153e+02 -7.5402315000e-01 1.1533534742e+01 5.6573193246e-03 5.7415140794e-03
3.7794354679e+01 2.5281897233e+01 2.6802097444e+01 6.6893316336e-01 2.0070257114e-02 9.0288953077e+01 1.5362605274e+01 8.8408848920e-01 1.9541588835e+01 1.0568105118e-02 1.1833609435e-02
2.9705912401e+01 2.5356745789e+01 2.3877585726e+01 8.5359255920e-01 2.9499384834e-02 1.3363645388e+02 1.4856082991e+01 -9.6015398158e-01 1.2519886088e+01 1.1437241961e-02 1.2864946803e-02
2.5467718708e+01 2.3025215206e+01 2.1075629407e+01 9.0409413856e-01 2.8651051262e-02 1.2971244159e+02 9.8093193510e+00 9.3142394991e-01 1.1589186937e+01 1.4455255527e-02 1.7593140925e-02
4.6894047201e+01 4.6644464930e+01 4.0714828291e+01 9.9467774087e-01 1.0373086012e-02 4.6326422909e+01 4.4245871133e+02 -6.8087656571e-01 8.7667727871e+00 2.3217848674e-03 2.3297053334e-03
8.5455410454e+01 8.1595319725e+01 7.2689756183e+01 9.5482918275e-01 5.0643077073e-02 2.3295725537e+02 5.1384285332e+01 -6.6111149805e-01 1.2404254652e+01 3.5361372500e-03 3.6452524276e-03
4.1648489279e+01 2.9279241046e+01 3.0306251865e+01 7.0300847768e-01 1.9328730869e-02 8.6905030061e+01 3.0846211882e+02 9.5504345130e-01 8.3634303277e+00 3.1791864257e-03 3.1947855390e-03
2.8444685560e+01 1.7862121204e+01 1.9517830169e+01 6.2795987551e-01 2.6561591699e-02 1.2006777524e+02 5.6991389950e+00 7.5455891048e-01 1.0042060407e+01 1.8614738230e-02 2.9305528748e-02
3.3798437372e+01 2.8836412768e+01 2.7160609062e+01 8.5318775098e-01 1.7960443418e-02 8.0670525393e+01 1.5085958289e+01 6.5997373132e-01 1.7322127984e+01 1.0566031481e-02 1.1860056929e-02
3.6800407976e+01 2.6052493786e+01 2.6875471615e+01 7.0794035227e-01 1.6888466263e-02 7.5794861431e+01 2.1157094398e+01 -6.8847957933e-02 8.6802926627e+00 9.3752174446e-03 1.0141704574e-02
3.5708518021e+01 2.6416522486e+01 2.6676886827e+01 7.3978210101e-01 3.0834013186e-02 1.3981944008e+02 4.1474102987e+01 9.5892084116e-01 1.0648638901e+01 7.2556602482e-03 7.5369233192e-03
3.2677607283e+01 2.1052415262e+01 2.2724163309e+01 6.4424592290e-01 1.4125990470e-02 6.3265711290e+01 2.3190421412e+02 -8.9422159703e-01 1.0127968426e+01 4.2493022032e-03 4.2771179341e-03
3.9741337059e+01 3.5480888950e+01 3.2679314940e+01 8.9279555181e-01 1.2504078913e-02 5.5933374365e+01 5.6821033553e+00 5.3391581592e-01 3.4879662626e+01 1.3620286448e-02 2.1499700537e-02
2.4186036173e+01 1.9524583271e+01 1.8896026551e+01 8.0726676877e-01 3.1523297777e-02 1.4301730417e+02 1.1511865593e+01 9.5146097997e-01 8.9530010471e+00 1.4549067013e-02 1.7074946726e-02
6.3804083327e+01 5.0615777965e+01 4.9406074685e+01 7.9329997903e-01 1.4702005892e-01 7.2106970085e+02 2.7676226760e+00 9.2959390143e-01 8.6544498955e+00 1.2743421874e-02 1.0000000000e+00
3.2569091319e+01 2.0178875799e+01 2.2191181225e+01 6.1957134763e-01 2.7413485276e-02 1.2399652321e+02 1.9507974893e+01 9.5002302443e-01 1.1334825077e+01 1.0823995956e-02 1.1796659209e-02
3.1274252488e+01 3.1222406496e+01 2.7203239608e+01 9.9834221482e-01 1.7078502706e-02 7.6658643058e+01 9.4268426943e+01 9.8917051049e-01 1.5764093048e+01 5.3125001682e-03 5.3995846178e-03
4.1396521808e+01 1.7456856288e+01 2.2982837925e+01 4.2169862408e-01 2.9967240459e-02 1.3580257299e+02 4.0191427841e+00 -8.5788661528e-01 1.2629921972e+01 1.9119599399e-02 1.4199626248e-01
6.1014238042e+01 5.6801169664e+01 5.1242777833e+01 9.3094942241e-01 2.8458092203e-02 1.2882056121e+02 1.0608163627e+02 -8.9753876833e-01 1.4624676514e+01 3.3975716500e-03 3.4468973042e-03
3.3824369474e+01 1.6320339669e+01 2.0189721043e+01 4.8250240648e-01 2.0621041652e-02 9.2804803176e+01 1.0532397590e+02 9.9757577308e-01 9.0372907239e+00 6.1266948978e-03 6.2162988743e-03
3.5194522627e+01 3.3830011145e+01 3.0037628068e+01 9.6122943628e-01 4.2322150383e-02 1.9352348451e+02 6.5946747754e+00 -7.6007167409e-01 1.1783316332e+01 1.3333094982e-02 1.8916787826e-02
7.9003512788e+01 7.6232138306e+01 6.7557319390e+01 9.6492087018e-01 7.9862275758e-02 3.7492899484e+02 4.2169093930e+01 9.4382661311e-01 1.1327884432e+01 3.9187486208e-03 4.0679753481e-03
3.9125336946e+01 3.8585646303e+01 3.3824691247e+01 9.8620610876e-01 5.2593754501e-02 2.4226630217e+02 7.0479185826e+00 -5.4089506807e-01 8.4925696475e+00 1.2000898701e-02 1.6433699398e-02
4.0499648457e+01 3.9388277538e+01 3.4769201463e+01 9.7255850452e-01 2.0657599905e-02 9.2971863824e+01 4.1564856007e+01 2.2030403645e-01 9.1404636131e+00 6.1816106012e-03 6.4206774174e-03
3.1322200535e+01 2.4208840301e+01 2.3932528679e+01 7.7289717478e-01 1.6303052429e-02 7.3135468370e+01 6.5080320447e+01 8.4358173450e-01 1.3694698085e+01 6.6163691157e-03 6.7756406784e-03
3.6871479480e+01 3.4410842933e+01 3.1005244262e+01 9.3326450196e-01 2.9724378895e-02 1.3467797129e+02 6.9951134300e+01 7.0715887794e-01 8.5814463072e+00 5.4328174520e-03 5.5541140952e-03
7.3979568260e+01 6.8517302311e+01 6.1970665978e+01 9.2616520916e-01 7.8988224874e-02 3.7060418668e+02 7.0847755197e+01 -9.8672500909e-01 8.3701596732e+00 3.4064080059e-03 3.4814598391e-03
7.8297884315e+01 7.4120437565e+01 6.6314021512e+01 9.4664674804e-01 5.6209923432e-02 2.5958796613e+02 6.6322530347e+01 -5.8131006073e-01 8.1532173240e+00 3.3919588857e-03 3.4720149219e-03
3.0632431080e+01 1.5841876108e+01 1.8973622768e+01 5.1716026282e-01 2.2266222411e-02 1.0033159886e+02 1.2586459994e+01 -6.4151500833e-01 8.8170443311e+00 1.4113524210e-02 1.6289922417e-02
3.3616403503e+01 2.2403208987e+01 2.3792981496e+01 6.6643681812e-01 2.8481801906e-02 1.2893013713e+02 4.6298483135e+00 -9.3474825223e-01 1.5680026774e+01 1.7759461089e-02 3.7523542295e-02
7.2439816068e+01 6.9800729620e+01 6.1901004810e+01 9.6356856503e-01 1.9527711601e-01 9.8591126307e+02 5.8814137144e+00 -8.3631701511e-01 8.2453203588e+00 8.1308538444e-03 1.2466949167e-02
4.5615471352e+01 3.9211299027e+01 3.6796579665e+01 8.5960525816e-01 2.8855063863e-02 1.3065567971e+02 8.8806280123e+00 5.5778882852e-01 1.6387171747e+01 1.0590179746e-02 1.3255353689e-02
3.8989756711e+01 3.2330773044e+01 3.0881405384e+01 8.2921197185e-01 1.3978355712e-02 6.2597554653e+01 1.2295226796e+01 -4.6721289601e-01 2.1789675007e+01 1.0554579872e-02 1.2232960000e-02
6.4463322253e+01 6.3908789009e+01 5.5876581279e+01 9.9139769368e-01 1.1278734722e-01 5.4125949308e+02 1.1653488730e+01 9.7279474589e-01 1.1029249409e+01 7.0141250499e-03 8.2119670269e-03
4.3410803416e+01 2.2148311865e+01 2.6695401395e+01 5.1020276342e-01 1.2042262324e-02 5.3848821768e+01 2.0681552544e+02 7.9853328411e-01 1.3058294718e+01 4.0161056241e-03 4.0456271397e-03
3.5783584429e+01 2.0339928415e+01 2.3301881413e+01 5.6841506350e-01 1.8708854069e-02 8.4079059303e+01 1.1692891344e+02 8.8364665253e-01 1.0102443594e+01 5.3926142795e-03 5.4634647335e-03
4.7465620235e+01 2.3657232435e+01 2.8827303784e+01 4.9840773843e-01 3.3234449909e-02 1.5096950541e+02 7.1943779218e+01 8.2456181313e-01 8.0044656708e+00 5.6143109306e-03 5.7360481913e-03
3.1501767593e+01 2.5662238357e+01 2.4725958923e+01 8.1462852145e-01 1.4736110747e-02 6.6028505763e+01 6.6440850566e+01 6.4105262001e-01 1.2417272788e+01 6.4389660799e-03 6.5906542250e-03
3.2499766047e+01 2.6457684741e+01 2.5500664867e+01 8.1408846768e-01 2.5281459024e-02 1.1417309936e+02 1.1403501746e+02 8.8111283092e-01 8.3269923452e+00 5.1245976819e-03 5.1936779882e-03
3.2553511752e+01 1.8009774132e+01 2.0897609484e+01 5.5323598477e-01 3.1854680897e-02 1.4455583297e+02 1.4879538490e+01 -7.8143965033e-01 8.0223292747e+00 1.2405884333e-02 1.3951466102e-02
3.2386685425e+01 2.8007894766e+01 2.6205266940e+01 8.6479657917e-01 1.5012758758e-02 6.7282066223e+01 6.1554144731e+01 -7.2629137291e-01 1.4773822563e+01 6.3886882915e-03 6.5517069002e-03
7.1572196465e+01 6.9689635232e+01 6.1481231123e+01 9.7369703145e-01 8.6279458255e-02 4.0682640067e+02 3.1615721534e+01 8.2126811397e-01 9.6109552735e+00 4.6134891635e-03 4.8535501170e-03
6.4789717816e+01 4.5931235659e+01 4.7350281704e+01 7.0892785471e-01 5.0547572880e-02 2.3250211694e+02 1.2798386965e+01 8.0179410622e-01 1.5748781341e+01 7.7853133533e-03 8.9600031868e-03
3.0885817406e+01 2.8154007591e+01 2.5665550359e+01 9.1155131887e-01 1.4143884290e-02 6.3346704004e+01 1.7675827127e+02 6.5438146709e-01 9.7566831518e+00 4.3601054212e-03 4.3976921665e-03
3.7585187178e+01 3.0533250907e+01 2.9459198185e+01 8.1237458688e-01 6.9041128045e-02 3.2172206459e+02 6.5326920907e+00 -8.8872491222e-01 8.2471125921e+00 1.3331425416e-02 1.9019222553e-02
3.7075684139e+01 3.6285371052e+01 3.1930030353e+01 9.7868378950e-01 1.5872244961e-02 7.1179877305e+01 4.0727829126e+01 -8.2865273746e-01 2.2420588784e+01 6.5888937343e-03 6.8493365189e-03
3.4977841845e+01 3.0885208003e+01 2.8602089199e+01 8.8299352887e-01 4.9915492328e-02 2.2949132878e+02 4.4818675924e+00 6.7472133977e-01 9.1220011242e+00 1.5818071953e-02 3.6505036355e-02
2.9776477139e+01 2.5561455605e+01 2.4003288857e+01 8.5844458650e-01 2.5674867481e-02 1.1598348897e+02 5.4664137104e+01 9.7959151283e-01 1.0608841336e+01 7.0102259432e-03 7.2128634134e-03
3.5857809192e+01 2.4987267449e+01 2.5973855602e+01 6.9684311485e-01 1.0496765845e-02 4.6883162558e+01 9.5277808817e+01 -3.0856864869e-01 1.0877851595e+01 5.4686387964e-03 5.5573045457e-03
4.0910593169e+01 2.2417394628e+01 2.6129639039e+01 5.4796063540e-01 1.6911181946e-02 7.5898099406e+01 3.1574709999e+02 -9.1565204743e-01 8.2659560027e+00 3.4626469103e-03 3.4792414122e-03
3.7875305771e+01 3.3633403552e+01 3.1060210281e+01 8.8800348584e-01 4.7824953703e-02 2.1955179478e+02 8.3431302801e+00 8.9804095184e-01 1.1990474248e+01 1.1915551642e-02 1.5220764494e-02
3.1330622684e+01 2.3160300693e+01 2.3397157499e+01 7.3922248296e-01 1.4997507035e-02 6.7212943558e+01 8.0537694560e+01 -4.8174644652e-01 8.8595756933e+00 6.2001685967e-03 6.3197504649e-03
3.4834094957e+01 2.9299864654e+01 2.7791019347e+01 8.4112604878e-01 3.9723997061e-02 1.8130243230e+02 2.2150725878e+01 9.9861569215e-01 1.0730542134e+01 8.8999213117e-03 9.5900617510e-03
3.8685180292e+01 2.6361998816e+01 2.7699254679e+01 6.8144955294e-01 2.9955929213e-02 1.3575018619e+02 4.2527505835e+01 8.4900430264e-01 1.0153913888e+01 7.0244984705e-03 7.2895791186e-03
7.4727430867e+01 4.5063660974e+01 5.0199455761e+01 6.0304041570e-01 1.0248161007e-01 4.8848784253e+02 3.1859219098e+00 5.7319116068e-01 8.6898050659e+00 1.2268418828e-02 1.0000000000e+00
2.9998643170e+01 2.1157853644e+01 2.1865719533e+01 7.0529368692e-01 1.7729926039e-02 7.9621418027e+01 7.9282938656e+01 -7.8112980356e-01 9.9720862117e+00 6.4953961263e-03 6.6227266920e-03
7.0489162520e+01 5.1343930256e+01 5.2241281586e+01 7.2839466976e-01 1.5489743598e-01 7.6340892201e+02 4.7690020966e+00 -9.1332932204e-01 9.6107693660e+00 9.9922237570e-03 1.9808411376e-02
6.6784288207e+01 3.2222192575e+01 3.9862534630e+01 4.8248163512e-01 2.7734101230e-02 1.2547637523e+02 1.4974029802e+01 -3.1329164022e-01 1.2021076112e+01 8.2868634983e-03 9.3111836887e-03
4.8793338900e+01 4.3885207278e+01 4.0272758003e+01 8.9940980199e-01 9.0484384975e-02 4.2786546252e+02 1.5232530663e+01 9.9360354012e-01 8.5155916154e+00 7.8838246338e-03 8.8378652053e-03
3.6418925836e+01 3.0465963073e+01 2.8974745109e+01 8.3654205536e-01 4.5249373940e-02 2.0734488704e+02 1.6473280319e+01 -9.1081598297e-01 9.8283807679e+00 9.6572505073e-03 1.0718975403e-02
6.4923816865e+01 5.8354456245e+01 5.3568505960e+01 8.9881431905e-01 7.3231687740e-02 3.4223982403e+02 4.0782095076e+00 8.0689735291e-01 1.8830852905e+01 1.0920506461e-02 4.8105698289e-02
3.1787515595e+01 2.8129815066e+01 2.6022174600e+01 8.8493279639e-01 1.2007580648e-02 5.3692333050e+01 6.2004019503e+01 -8.4715264805e-01 2.0893961557e+01 6.4111170541e-03 6.5734651401e-03
6.5313837239e+01 6.4499402948e+01 5.6503160205e+01 9.8753044797e-01 1.1232281760e-01 5.3886708574e+02 6.7070884583e+00 -8.7753219669e-01 1.2172171022e+01 8.5709850931e-03 1.2044605635e-02
8.3282003409e+01 7.4649137854e+01 6.8620206612e+01 8.9634176411e-01 9.0108617804e-02 4.2598091099e+02 4.4507848311e+01 -8.1868407840e-01 8.6666745585e+00 3.7805579268e-03 3.9164485977e-03
3.4291918434e+01 3.3996291203e+01 2.9723835442e+01 9.9137909911e-01 2.7756984252e-02 1.2558202126e+02 8.2863771787e+00 4.8986355943e-01 1.1956121908e+01 1.2428305733e-02 1.5913466559e-02
2.7323837249e+01 2.3367287160e+01 2.1983842621e+01 8.5519786066e-01 4.1753919479e-02 1.9084692277e+02 9.8004415361e+00 -9.4988141822e-01 8.6661766148e+00 1.3972871294e-02 1.7010022161e-02
4.6884540604e+01 4.1871872980e+01 3.8559490132e+01 8.9308485145e-01 2.1793045247e-02 9.8164944117e+01 5.8805048322e+00 7.3288446201e-01 3.1925429668e+01 1.2056086996e-02 1.8487744570e-02
7.5881290737e+01 7.1817048482e+01 6.4260223980e+01 9.4643946861e-01 5.6608385456e-02 2.6150173978e+02 1.3355032399e+01 -1.2157926775e-01 9.2296797446e+00 6.3080293928e-03 7.2088929605e-03
8.0286579229e+01 7.1618547976e+01 6.5991286204e+01 8.9203636104e-01 2.2531156589e-01 1.1571596097e+03 2.6938203015e+00 9.7485047490e-01 9.4152902835e+00 1.0308590932e-02 1.0000000000e+00
3.5664884528e+01 2.5501096253e+01 2.6180492665e+01 7.1501973412e-01 1.4560357170e-02 6.5232389029e+01 2.9658728218e+02 9.9679386693e-01 1.0838294514e+01 3.5457142407e-03 3.5638148770e-03
2.7602242755e+01 1.9211021154e+01 1.9981270922e+01 6.9599493506e-01 4.3236839377e-02 1.9783638402e+02 6.2815759639e+00 9.7770710975e-01 8.1508816426e+00 1.7509197743e-02 2.5597872921e-02
6.4967557326e+01 6.1594669012e+01 5.5065929868e+01 9.4808349809e-01 6.7783682852e-02 3.1558692124e+02 9.2794444620e+00 -3.8536753278e-01 9.5195749164e+00 7.9112678921e-03 9.7745381858e-03
3.2196966132e+01 2.2071779990e+01 2.3124983316e+01 6.8552359560e-01 3.1750531794e-02 1.4407221705e+02 4.7487442869e+00 -8.5095797262e-01 1.2347466525e+01 1.7871813266e-02 3.5728155134e-02
6.7955936547e+01 5.6745991211e+01 5.4016062078e+01 8.3504097058e-01 5.0747784211e-02 2.3345631910e+02 4.9635489148e+01 -5.7697863032e-01 8.8380271946e+00 4.3125610049e-03 4.4506029368e-03
4.0010495137e+01 3.8294502175e+01 3.4074407791e+01 9.5711142899e-01 5.9526990576e-02 2.7555039696e+02 8.4827649459e+00 9.5316872594e-01 1.1575853505e+01 1.1098300826e-02 1.4097051688e-02
3.6751455138e+01 2.1396983430e+01 2.4236429620e+01 5.8220778877e-01 1.9865997436e-02 8.9356457559e+01 5.2256304752e+00 2.8355138044e-01 1.0552991709e+01 1.6865001544e-02 2.9050496853e-02
7.0350147003e+01 6.1187133946e+01 5.7088062012e+01 8.6975133036e-01 9.6460078227e-02 4.5795111791e+02 5.6470471480e+00 5.0751619981e-01 9.8277129583e+00 9.1653991992e-03 1.4548548086e-02
2.7090164977e+01 1.2707991637e+01 1.5927974465e+01 4.6909982452e-01 1.6595509249e-02 7.4463742576e+01 3.4943326740e+01 -9.0376267993e-01 1.0033378156e+01 1.0773112338e-02 1.1275612847e-02
4.7043968627e+01 3.9486914333e+01 3.7492125532e+01 8.3936188816e-01 8.6338462484e-02 4.0712087064e+02 4.1728544647e+00 7.5641280381e-01 8.9989604877e+00 1.3429737283e-02 4.4320000406e-02
3.6456039248e+01 2.9158046261e+01 2.8347667245e+01 7.9981388167e-01 2.8236874796e-02 1.2779836933e+02 2.5751318126e+01 6.9576726294e-01 1.0663893383e+01 8.3654514101e-03 8.9121417905e-03
6.4373186286e+01 5.1507678801e+01 5.0066109529e+01 8.0014182571e-01 7.5753548201e-02 3.5464038952e+02 1.2917214517e+01 -8.6968699350e-01 1.2249648771e+01 7.3823906159e-03 8.4829985427e-03
4.0980851333e+01 3.0096081458e+01 3.0500630865e+01 7.3439375901e-01 4.5227198105e-02 2.0723997130e+02 2.3389832072e+01 -7.7307348560e-01 8.2556316155e+00 8.2004158500e-03 8.7979354724e-03
3.4430815012e+01 3.3710970001e+01 2.9658448617e+01 9.7909300110e-01 3.8649092033e-02 1.7625919699e+02 1.8344133514e+01 8.1130210218e-01 1.0330737018e+01 9.1774810110e-03 1.0064265288e-02
2.9434943599e+01 2.8710775952e+01 2.5307038921e+01 9.7539768867e-01 2.2332274050e-02 1.0063416428e+02 7.9015745724e+01 -8.4452737975e-01 1.0125155447e+01 5.9191214241e-03 6.0355618358e-03
1.8949829739e+01 1.1207359441e+01 1.2600477285e+01 5.9142269854e-01 1.6534389402e-02 7.4186102511e+01 5.2542448341e+00 -8.8080566968e-01 8.5582333552e+00 2.5382606016e-02 4.3434437661e-02
5.3894805378e+01 5.1311067462e+01 4.5776942036e+01 9.5205961136e-01 1.5583671962e-02 6.9870633943e+01 2.2943970715e+02 -4.9371036981e-01 9.0036282912e+00 2.7514933708e-03 2.7697003368e-03
3.1167281847e+01 2.9150482663e+01 2.6237216537e+01 9.3529114301e-01 3.2724112611e-02 1.4859581455e+02 1.1277406451e+01 8.8612285424e-01 1.2680149871e+01 1.1933792508e-02 1.4064221844e-02
8.5831851216e+01 8.3679097792e+01 7.3776785712e+01 9.7491894450e-01 5.9973240504e-02 2.7770319710e+02 2.7082217228e+01 -5.7361020820e-01 1.3199693229e+01 4.4300131647e-03 4.7036232330e-03
3.9235294395e+01 3.3114474228e+01 3.1356634113e+01 8.4399708830e-01 1.4306594921e-02 6.4083278773e+01 2.7411107606e+02 -9.0129268796e-01 1.1799773156e+01 3.2631466653e-03 3.2811846095e-03
3.3427908415e+01 1.7980240721e+01 2.1141530774e+01 5.3788111711e-01 1.2821215821e-02 5.7365699253e+01 8.5075233799e+01 4.8489523963e-01 9.0651658457e+00 6.4800192941e-03 6.5981077282e-03
7.7058916564e+01 2.3663074167e+01 3.5967609791e+01 3.0707769097e-01 2.7214510880e-02 1.2307846761e+02 2.5267881814e+01 5.5796887105e-01 1.2679680621e+01 7.2648136189e-03 7.7498126078e-03
3.2537809520e+01 2.9241538377e+01 2.6845064611e+01 8.9869412872e-01 2.5690111125e-02 1.1605365788e+02 1.6867853336e+01 6.8178543157e-01 1.1954580610e+01 1.0158928955e-02 1.1244251888e-02
4.4873032080e+01 4.3319000357e+01 3.8380659674e+01 9.6536824790e-01 4.5675349637e-02 2.0936083143e+02 1.9823093074e+01 -6.7291551733e-01 1.0170227407e+01 7.5559338076e-03 8.2222969759e-03
5.5457974594e+01 4.5899348194e+01 4.3882492521e+01 8.2764198529e-01 7.1567787414e-02 3.3407985774e+02 8.1915880220e+00 -5.0265187464e-01 8.1372127013e+00 9.5326438779e-03 1.2255595987e-02
4.1409522687e+01 3.3641327707e+01 3.2457337225e+01 8.1240558991e-01 3.8299784015e-02 1.7462193587e+02 5.6915286595e+01 7.6183006924e-01 8.0182090296e+00 5.6746308296e-03 5.8318390366e-03
3.3153348693e+01 3.1540273312e+01 2.8149029029e+01 9.5134502411e-01 2.3815111942e-02 1.0743427916e+02 6.7154673532e+00 -4.3600439359e-01 1.2672618254e+01 1.3946462249e-02 1.9585106014e-02
7.9940741789e+01 7.7993192363e+01 6.8738465324e+01 9.7563758625e-01 4.5176684727e-02 2.0700100012e+02 7.8684786438e+01 6.2496549120e-01 9.7745044578e+00 3.1312535714e-03 3.1931198800e-03
6.0292797026e+01 5.6655730100e+01 5.0875256510e+01 9.3967659314e-01 8.6395750505e-02 4.0740679616e+02 1.4469738641e+01 7.3630316303e-01 9.1785349125e+00 6.9612754180e-03 7.8593319833e-03
5.1799514324e+01 4.6720439276e+01 4.2814879240e+01 9.0194743879e-01 3.0932756416e-02 1.4027735735e+02 1.6807112510e+01 -1.0829495627e-01 9.3581016542e+00 7.5743464142e-03 8.3870816258e-03
2.9791247285e+01 2.6623271749e+01 2.4509355375e+01 8.9366086267e-01 1.5863764433e-02 7.1141393573e+01 1.7409586007e+02 -7.0538196413e-01 8.8923896384e+00 4.5083796164e-03 4.5478485141e-03
3.2248270743e+01 2.6207838201e+01 2.5281136725e+01 8.1268972250e-01 1.8041821126e-02 8.1040968041e+01 2.4393734677e+02 9.1316336127e-01 8.6839695762e+00 3.8912577327e-03 3.9154588415e-03
3.4699379177e+01 2.7362090767e+01 2.6786636163e+01 7.8854698315e-01 2.1665076845e-02 9.7579238610e+01 1.7040961412e+02 8.3966479296e-01 8.3384274395e+00 4.2839436902e-03 4.3222723978e-03
5.6257552192e+01 4.0111328963e+01 4.1236459126e+01 7.1299456517e-01 1.9955896475e-02 8.9766834504e+01 1.6373702759e+01 7.7880525202e-01 2.9987672229e+01 7.8831797632e-03 8.7562698805e-03
2.9721967905e+01 2.8758779755e+01 2.5451080592e+01 9.6759339245e-01 2.2791843253e-02 1.0274013321e+02 1.3581480417e+02 -8.7659413769e-01 8.5997408025e+00 4.8126264081e-03 4.8668812071e-03
2.8963462526e+01 2.5818048947e+01 2.3797839850e+01 8.9140063704e-01 4.8480800332e-02 2.2266700717e+02 4.0459167018e+00 9.2286405694e-01 9.0201486366e+00 1.8454535957e-02 9.8968154898e-02
3.0509966834e+01 2.5877360930e+01 2.4444475807e+01 8.4816090004e-01 1.7124621967e-02 7.6868307477e+01 3.2405576276e+01 4.0795847627e-01 9.5569251496e+00 8.4764992320e-03 8.9057926873e-03
3.2775325780e+01 2.1918273559e+01 2.3239389511e+01 6.6874311810e-01 2.9638427747e-02 1.3428005648e+02 3.3717700883e+01 9.2780723116e-01 9.5237156030e+00 8.5537312144e-03 8.9685375159e-03
3.6198249675e+01 2.2109801547e+01 2.4480356842e+01 6.1079753153e-01 1.1000494447e-02 4.9151738684e+01 3.0846303783e+02 9.3687756013e-01 1.2570146924e+01 3.6516477189e-03 3.6695649743e-03
3.4466233188e+01 1.8893560478e+01 2.2018196830e+01 5.4817596037e-01 3.1012486112e-02 1.4064714700e+02 3.3904736892e+01 -8.9183960194e-01 8.1775825929e+00 8.8215429802e-03 9.2467624712e-03
3.9270502037e+01 3.8698689621e+01 3.3936966632e+01 9.8543913659e-01 3.4943505294e-02 1.5893112914e+02 6.1965101082e+00 -7.0993397658e-01 1.6149011246e+01 1.2701997312e-02 1.8740330688e-02
4.5249144647e+01 3.5047964535e+01 3.4611779062e+01 7.7455529399e-01 6.2020631104e-02 2.8759645544e+02 4.2988234302e+00 5.7868673262e-01 8.8415371296e+00 1.4160108873e-02 3.8485063083e-02
8.1421392100e+01 7.2819758720e+01 6.7012003739e+01 8.9435659157e-01 8.3378061638e-02 3.9237305503e+02 1.3106370072e+01 5.6867429194e-01 1.1219425106e+01 6.0923091396e-03 6.9836643261e-03
3.5031226522e+01 2.2528945306e+01 2.4338471820e+01 6.4311037732e-01 1.9838580988e-02 8.9231315890e+01 4.2674126296e+01 -6.3278186576e-01 1.0142864201e+01 7.6532083908e-03 7.9409522879e-03
3.8359985291e+01 3.7571751090e+01 3.3049070903e+01 9.7945165526e-01 2.3690659363e-02 1.0686299419e+02 8.7723503637e+01 9.3574304742e-01 1.3660096279e+01 4.8130708815e-03 4.8980472803e-03
7.7564842563e+01 3.5336508909e+01 4.4894517214e+01 4.5557378499e-01 3.6890511696e-02 1.6802454028e+02 1.2890508066e+02 8.8020648877e-01 8.9981318489e+00 3.4128374294e-03 3.4534194064e-03
4.0471672482e+01 3.8127535462e+01 3.4194030711e+01 9.4207956144e-01 2.7099184074e-02 1.2254647649e+02 1.1680869096e+02 6.5479741355e-01 8.0335678583e+00 4.2231925525e-03 4.2787371425e-03
7.1873034363e+01 3.4690840664e+01 4.2908811146e+01 4.8266837446e-01 2.4195672865e-02 1.0918183625e+02 2.0180967375e+02 8.7486545597e-01 9.8302219053e+00 2.9904504706e-03 3.0129854464e-03
3.9825207737e+01 1.4787931715e+01 2.0633830720e+01 3.7132089336e-01 3.7200049101e-02 1.6947250398e+02 5.8493441991e+00 -8.1897322163e-01 8.4505580925e+00 1.7690049836e-02 2.7243480614e-02
7.1030069338e+01 6.1050680766e+01 5.7294343103e+01 8.5950473279e-01 1.1057301478e-01 5.2986690278e+02 8.8098695404e+00 8.4979605766e-01 1.1145524424e+01 7.6783941351e-03 9.6346062053e-03
3.2439582167e+01 2.0407310448e+01 2.2279873598e+01 6.2908672322e-01 1.2375828278e-02 5.5354331715e+01 7.6892794582e+01 8.3674881948e-01 1.5638057173e+01 6.5152272719e-03 6.6470655499e-03
5.5511818603e+01 4.9120797851e+01 4.5441965064e+01 8.8487098941e-01 6.9916539797e-02 3.2599912484e+02 4.2191325399e+00 5.1387559715e-01 1.0915715170e+01 1.1973129417e-02 3.6299553898e-02
8.4088977271e+01 6.4131919007e+01 6.3812549525e+01 7.6266736840e-01 1.6247202563e-01 8.0445365855e+02 1.0949837301e+01 9.7447304431e-01 9.4247493643e+00 6.4300224426e-03 7.6251760382e-03
3.4262182650e+01 3.3869283399e+01 2.9655351331e+01 9.8853256796e-01 3.6276252139e-02 1.6515299107e+02 2.9844013672e+00 -7.0948758540e-01 1.1729441541e+01 1.8159866210e-02 1.0000000000e+00
3.6150759790e+01 3.3829833265e+01 3.0440714948e+01 9.3579867926e-01 2.4397876037e-02 1.1011075488e+02 2.1271616559e+02 9.1732438823e-01 8.0348605669e+00 3.6332339067e-03 3.6591904316e-03
2.9363965062e+01 2.0399089456e+01 2.1236057015e+01 6.9469805637e-01 1.4196542911e-02 6.3585064910e+01 7.5232322941e+00 4.6292924890e-02 9.4136734601e+00 1.6033249867e-02 2.1309352738e-02
3.7469511298e+01 3.5939089531e+01 3.1944615884e+01 9.5915554505e-01 2.7601491805e-02 1.2486421386e+02 9.7031693366e+01 7.0107091694e-01 8.4204300539e+00 4.7226867602e-03 4.7978332288e-03
3.4913487617e+01 2.7515443391e+01 2.6944161321e+01 7.8810354592e-01 1.7045150804e-02 7.6507029633e+01 8.8661532390e+01 7.1353116608e-01 1.1840777677e+01 5.4687990532e-03 5.5642980067e-03
3.7547185280e+01 1.8279477811e+01 2.2519376844e+01 4.8684016324e-01 1.1530773682e-02 5.1541730285e+01 2.6000517269e+01 4.1179865813e-01 1.3524965408e+01 9.7239525223e-03 1.0352583470e-02
3.2934596819e+01 2.7743865893e+01 2.6295696755e+01 8.4239275937e-01 2.2094077045e-02 9.9543181717e+01 1.1616085251e+02 -7.9838970453e-01 8.9352546210e+00 5.0022293495e-03 5.0683959290e-03
8.2399708667e+01 8.1444976787e+01 7.1316088664e+01 9.8841340709e-01 1.1845561999e-01 5.7055584151e+02 2.3274813320e+01 9.0789208289e-01 1.0248473088e+01 4.6313701841e-03 4.9707337920e-03
3.1105248222e+01 3.0907672039e+01 2.6992526932e+01 9.9364813997e-01 2.6274772280e-02 1.1874610516e+02 1.6034943478e+01 -7.0842801724e-01 1.2303347374e+01 1.0314625338e-02 1.1486486976e-02
3.7833636505e+01 3.2148575382e+01 3.0340753264e+01 8.4973527136e-01 4.1743731516e-02 1.9079895311e+02 3.3892645433e+01 -9.1744737869e-01 9.3840695299e+00 7.1740460204e-03 7.5199867836e-03
6.7158730203e+01 6.0039985431e+01 5.5262342148e+01 8.9400120058e-01 9.7640163951e-02 4.6391826081e+02 3.4769874882e+01 9.3689888970e-01 8.3026745126e+00 4.7278508969e-03 4.9495737047e-03
3.9618322248e+01 3.4610523355e+01 3.2221667118e+01 8.7359891563e-01 1.5849679227e-02 7.1077477464e+01 3.5378464817e+01 -1.4211966213e-01 1.0584670479e+01 6.9068927943e-03 7.2247520925e-03
6.6586511552e+01 3.4508400233e+01 4.1289611264e+01 5.1824910825e-01 6.3783264593e-02 2.9613504562e+02 2.5484070544e+00 5.0185525634e-01 8.3893560673e+00 1.5412966204e-02 1.0000000000e+00
3.0310585067e+01 2.9241894829e+01 2.5916713505e+01 9.6474201222e-01 2.9480941125e-02 1.3355109111e+02 4.5008479283e+01 8.2945867199e-01 9.1614235138e+00 7.1706985653e-03 7.4253891573e-03
3.1485255966e+01 2.7229144629e+01 2.5476268063e+01 8.6482208239e-01 3.5770487165e-02 1.6279048489e+02 1.4341149615e+01 9.9788210585e-01 1.1828293990e+01 1.1087334920e-02 1.2533802471e-02
5.8810618079e+01 3.9061595381e+01 4.1551963462e+01 6.6419290694e-01 9.4859317643e-02 4.4987039484e+02 1.1656767211e+01 9.0847132702e-01 8.3756423802e+00 8.5258027051e-03 9.9812522988e-03
3.4847249140e+01 2.0492001254e+01 2.3101760124e+01 5.8805219235e-01 2.4029695035e-02 1.0841953876e+02 3.6687902930e+01 -6.2677931542e-01 8.1141044264e+00 8.3464375256e-03 8.7156961789e-03
7.7855878793e+01 2.0174267051e+01 3.3065993509e+01 2.5912323339e-01 2.6780437695e-02 1.2107658790e+02 3.3461572364e+01 -6.7451579552e-01 1.2367350515e+01 6.8933271079e-03 7.2304078618e-03
5.0831547817e+01 2.9997669219e+01 3.3761274515e+01 5.9013881157e-01 3.4775886215e-02 1.5814943055e+02 5.4424033976e+01 8.1818932592e-01 9.9685512817e+00 5.6423303721e-03 5.8061859422e-03
6.7208012831e+01 5.7930877685e+01 5.4290049514e+01 8.6196385288e-01 3.9952184572e-02 1.8237400981e+02 8.1221447482e+01 -6.4702957171e-01 9.5798219126e+00 3.5971679503e-03 3.6659413319e-03
4.2196854419e+01 3.8002712437e+01 3.4851574185e+01 9.0060534037e-01 2.1849048968e-02 9.8421304794e+01 3.1157846847e+01 2.0425466974e-01 9.2826602960e+00 6.8719064474e-03 7.2352622506e-03
4.0173760540e+01 2.3862347614e+01 2.6773700867e+01 5.9397843999e-01 3.1729543048e-02 1.4397476452e+02 1.9942305789e+01 5.9172891991e-01 8.3254082959e+00 9.5215698536e-03 1.0355418297e-02
3.4448519297e+01 2.3536482980e+01 2.4699271290e+01 6.8323641946e-01 1.3961658403e-02 6.2521996151e+01 3.3483527502e+02 -9.9026548675e-01 1.0044763607e+01 3.5149406419e-03 3.5308174845e-03
3.5355358003e+01 3.0247476265e+01 2.8451299653e+01 8.5552736483e-01 1.0815713141e-02 4.8319365330e+01 1.4004885578e+02 2.5367693814e-01 9.4641941083e+00 4.4702529383e-03 4.5190937301e-03
3.1671202856e+01 2.6259293009e+01 2.5083440389e+01 8.2912206172e-01 2.8534125861e-02 1.2917196878e+02 3.8968321348e+01 -9.9081807695e-01 1.1182398771e+01 7.7294790733e-03 8.0498737327e-03
8.0566562919e+01 2.6275837181e+01 3.8875690150e+01 3.2613824183e-01 1.7552021369e-02 7.8811998701e+01 3.2276059804e+02 9.7627751643e-01 9.9245947523e+00 2.6780509969e-03 2.6906040854e-03
3.2318965486e+01 2.8765322896e+01 2.6534451751e+01 8.9004466770e-01 2.6283509545e-02 1.1878635864e+02 9.8274819127e+01 8.5372517283e-01 8.5585305976e+00 5.2824023767e-03 5.3653608277e-03
3.7319978900e+01 3.1410728899e+01 2.9783894108e+01 8.4165987830e-01 3.7833044371e-02 1.7243549628e+02 4.9542982791e+01 9.7250715931e-01 9.5965533454e+00 6.3093457636e-03 6.5117029828e-03
2.5475919507e+01 2.4610599037e+01 2.1797518886e+01 9.6603378852e-01 3.0861460406e-02 1.3994671889e+02 2.6804477589e+00 8.9261508489e-01 9.3247624314e+00 2.2992615878e-02 1.0000000000e+00
7.3181665438e+01 6.2804353885e+01 5.8984292194e+01 8.5819793126e-01 7.5633448475e-02 3.5404892967e+02 1.7987931939e+01 9.3067067173e-01 1.4398954910e+01 5.8857574388e-03 6.4678919644e-03
4.5177411569e+01 3.6548928584e+01 3.5335007408e+01 8.0900891207e-01 3.6875057686e-02 1.6795226543e+02 3.1626116552e+00 -9.5682869036e-01 2.0645051859e+01 1.5920118056e-02 1.0000000000e+00
8.0854982172e+01 6.6394104268e+01 6.3722273063e+01 8.2115044100e-01 5.2561283045e-02 2.4211114152e+02 9.6358525113e+01 -9.4464185002e-01 9.9798202572e+00 3.0295301748e-03 3.0780822155e-03
2.1219835561e+01 1.8486830459e+01 1.7234155171e+01 8.7120517052e-01 1.8427153703e-02 8.2795655227e+01 4.1746744167e+01 -7.3698524809e-01 8.0052363082e+00 9.5826865687e-03 9.9515550722e-03
5.8019779964e+01 5.7900838928e+01 5.0457348164e+01 9.9794999161e-01 1.0243782913e-01 4.8826502388e+02 4.8718525406e+00 -5.0661863199e-01 8.3217097294e+00 1.0428848577e-02 1.9881791873e-02
6.1028440835e+01 5.7431225232e+01 5.1534030829e+01 9.4105673430e-01 7.3627679672e-02 3.4418437262e+02 1.2703461963e+01 6.4967158126e-01 1.0223494320e+01 7.3047873178e-03 8.4177078102e-03
2.8485252736e+01 2.3329984639e+01 2.2419670192e+01 8.1901975224e-01 1.0097689831e-02 4.5087108067e+01 1.3567903802e+01 -2.4275376029e-01 1.4561570255e+01 1.2455411671e-02 1.4198552433e-02
4.7428336109e+01 4.3458196662e+01 3.9515351250e+01 9.1629182525e-01 5.9189498732e-02 2.7392310967e+02 2.9905906356e+01 -9.9105795270e-01 1.0282755038e+01 6.3084793231e-03 6.6574666660e-03
6.1910631462e+01 5.5354719221e+01 5.0946926611e+01 8.9410684261e-01 2.9640775254e-02 1.3429092372e+02 4.6976994191e+01 9.7700983095e-01 2.2799082810e+01 4.6247307849e-03 4.7816733175e-03
3.8315616943e+01 2.6005238426e+01 2.7377364324e+01 6.7871120188e-01 1.8500125071e-02 8.3128056107e+01 1.1143809643e+02 7.4571689368e-01 1.0648436168e+01 4.9652104401e-03 5.0337417098e-03
5.4270363769e+01 3.1258229112e+01 3.5587214515e+01 5.7597235288e-01 2.3413945037e-02 1.0559313744e+02 1.6322889828e+02 -8.4135016387e-01 1.0059532545e+01 3.6415059205e-03 3.6755446686e-03
4.0989395179e+01 3.9054806456e+01 3.4829049662e+01 9.5280270141e-01 1.1667343077e-02 5.2157560449e+01 9.7071995497e+01 8.8441623949e-01 2.6563291097e+01 4.5175026052e-03 4.5893535021e-03
8.4952412929e+01 3.8387571906e+01 4.8955223642e+01 4.5187147230e-01 1.0831035819e-01 5.1825606916e+02 3.4068051102e+00 7.7281755873e-01 1.0341008292e+01 1.2113028522e-02 1.0000000000e+00
5.4407865885e+01 4.2828266258e+01 4.1963313748e+01 7.8717048649e-01 7.3268345187e-02 3.4241979195e+02 1.3142336930e+01 -9.5610109151e-01 1.1028470703e+01 8.2022350136e-03 9.3980548220e-03
3.6811139223e+01 2.7720212747e+01 2.7753089583e+01 7.5303870872e-01 1.1848137734e-02 5.2973007582e+01 2.1649228831e+02 -9.0919019639e-01 1.5108969440e+01 3.8535691807e-03 3.8806134230e-03
3.1986739278e+01 2.9273938226e+01 2.6633872378e+01 9.1518982200e-01 3.6200238834e-02 1.6479781443e+02 3.2248203706e+00 -7.2191193684e-01 1.0362962436e+01 1.8866112432e-02 1.0000000000e+00
3.8262109210e+01 3.6088250622e+01 3.2346271487e+01 9.4318508223e-01 3.3524241246e-02 1.5231814893e+02 9.7690150856e+00 -8.1815976626e-01 1.5776388147e+01 1.1044247770e-02 1.3456033380e-02
3.9519573484e+01 2.3347174156e+01 2.6262964366e+01 5.9077495272e-01 2.8163256283e-02 1.2745826764e+02 5.3899529904e+01 -9.9706068255e-01 1.1038684542e+01 6.6519310148e-03 6.8470883673e-03
3.3961976889e+01 2.9942656359e+01 2.7750032978e+01 8.8165233894e-01 2.3636896980e-02 1.0661623603e+02 4.2931116136e+01 -8.1936470526e-01 1.2418969910e+01 7.0185965514e-03 7.2807903443e-03
3.7853546506e+01 2.8082971102e+01 2.8320738599e+01 7.4188480854e-01 6.8167111158e-02 3.1745663288e+02 6.6871371653e+00 -9.1307419980e-01 8.0599115215e+00 1.3551606900e-02 1.9075335879e-02
3.5858374672e+01 3.2620044618e+01 2.9766950516e+01 9.0969110889e-01 2.8135174468e-02 1.2732854511e+02 7.1230854105e+01 -6.9631895245e-01 8.4925430811e+00 5.5405749506e-03 5.6619646744e-03
4.6094668239e+01 4.3723608372e+01 3.9079326463e+01 9.4856108184e-01 9.8008619379e-02 4.6578310601e+02 5.1801643429e+00 -9.4746319094e-01 9.9318026173e+00 1.1986610797e-02 2.0873573120e-02
4.7182476030e+01 4.2272424125e+01 3.8867078875e+01 8.9593484027e-01 4.6598286692e-02 2.1373268682e+02 6.9903766559e+01 9.1319017298e-01 8.8201095857e+00 4.6706984140e-03 4.7750530808e-03
3.5297031336e+01 2.3533474051e+01 2.4988145056e+01 6.6672672346e-01 2.7809363233e-02 1.2582385684e+02 2.2665898897e+00 -8.0749074819e-01 1.0916361562e+01 2.2523027662e-02 1.0000000000e+00
3.5415690373e+01 2.9499519807e+01 2.8114936160e+01 8.3295057914e-01 1.1750355273e-02 5.2531947226e+01 6.7046918661e+01 4.2647111795e-01 1.3807643338e+01 5.9329698615e-03 6.0714196416e-03
3.0072994647e+01 2.8691441138e+01 2.5570222660e+01 9.5405999553e-01 2.6072555531e-02 1.1781461280e+02 2.5531940962e+01 6.0810756104e-01 9.1291682800e+00 8.9628048971e-03 9.5541968926e-03
3.8929037102e+01 2.6530275751e+01 2.7875005837e+01 6.8150351836e-01 3.3087535108e-02 1.5028599729e+02 4.1436480192e+01 -7.1664082679e-01 8.0576137296e+00 7.0519157676e-03 7.3255470018e-03
7.9736306228e+01 6.1035272876e+01 6.0623248698e+01 7.6546401210e-01 4.3373819192e-02 1.9848273215e+02 1.3435878983e+02 -9.0214436112e-01 8.7397399363e+00 2.7742557747e-03 2.8058771993e-03
3.5593609807e+01 3.2757693402e+01 2.9720892680e+01 9.2032512519e-01 4.4426558477e-02 2.0345420943e+02 2.6116930515e+01 -8.0956436291e-01 8.2243444229e+00 8.0004164688e-03 8.5150377014e-03
3.8164615747e+01 3.5321676077e+01 3.1958033814e+01 9.2550849485e-01 6.0888313426e-02 2.8212165642e+02 1.4621502192e+01 -9.3768449414e-01 8.8656407706e+00 9.4111494926e-03 1.0609500584e-02
3.6404831099e+01 3.5158006198e+01 3.1143860478e+01 9.6575111425e-01 6.5328132487e-02 3.0363491534e+02 1.6459624575e+01 9.8352430710e-01 8.1376595860e+00 9.1249053954e-03 1.0129114576e-02
6.5052604674e+01 5.4024588530e+01 5.1564163519e+01 8.3047540989e-01 9.5148602789e-02 4.5132956316e+02 6.8719594680e+00 8.2023366068e-01 1.1790364765e+01 9.0808683186e-03 1.2595509335e-02
5.0221252031e+01 4.5762995917e+01 4.1725466126e+01 9.1122769875e-01 2.6562517728e-02 1.2007204328e+02 1.1160740317e+02 -5.7896745786e-01 9.0874460732e+00 3.7946283035e-03 3.8469213861e-03
3.9104587078e+01 2.2021757248e+01 2.5339738018e+01 5.6315023106e-01 1.7478179772e-02 7.8476100933e+01 2.1305408289e+02 -7.6044422451e-01 8.1230387092e+00 4.0893805728e-03 4.1185489519e-03
3.9807186973e+01 3.9727477018e+01 3.4619452406e+01 9.9799759889e-01 5.1616929742e-02 2.3760163195e+02 5.1018078025e+01 -9.4021770386e-01 8.0890962665e+00 5.6336272167e-03 5.8087851549e-03
7.5721868962e+01 7.1134044137e+01 6.3885310105e+01 9.3941215546e-01 5.4711353249e-02 2.5239956795e+02 1.4111134778e+01 -3.5010595998e-01 1.1798157923e+01 6.2087028217e-03 7.0353650685e-03
4.4213722392e+01 3.5677109746e+01 3.4535731378e+01 8.0692390996e-01 4.7832858398e-02 2.1958932485e+02 3.0011452819e+01 -8.0339062645e-01 8.8141301521e+00 6.8998188914e-03 7.2800371440e-03
3.2287937964e+01 2.9324726920e+01 2.6781233333e+01 9.0822544792e-01 1.7307466699e-02 7.7699684199e+01 4.1149935196e+01 3.4359971347e-01 9.1813810740e+00 7.3194855250e-03 7.6056216459e-03
3.4831618711e+01 3.0688300283e+01 2.8450717625e+01 8.8104720419e-01 4.2961359853e-02 1.9653688445e+02 4.8420802768e+00 -8.1548143823e-01 1.2210004136e+01 1.5481314951e-02 2.9832337227e-02
3.5850253945e+01 2.4375903246e+01 2.5639806398e+01 6.7993669678e-01 3.2217984540e-02 1.4624338960e+02 2.7569276001e+01 8.8997955408e-01 1.0056053498e+01 8.6612860220e-03 9.1856956161e-03
3.8450359628e+01 3.5104675728e+01 3.1976928170e+01 9.1298692827e-01 2.8371964720e-02 1.2842254868e+02 3.2711307109e+01 -7.0853122475e-01 1.1743090995e+01 7.0923829147e-03 7.4479032275e-03
7.9569521279e+01 7.3010079918e+01 6.6340455076e+01 9.1756339292e-01 3.8706902264e-02 1.7653023926e+02 7.0465668537e+01 -9.1179143160e-01 1.6649850596e+01 3.3497275632e-03 3.4239472210e-03
5.0983623397e+01 3.3299761567e+01 3.5708754206e+01 6.5314623300e-01 3.0718684146e-02 1.3928468804e+02 1.3294992389e+02 -9.0291802610e-01 9.1537432297e+00 3.9069776634e-03 3.9519919785e-03
2.6813393161e+01 2.4828395017e+01 2.2458461356e+01 9.2596990122e-01 1.1832041815e-02 5.2900400458e+01 4.3826789765e+02 -9.7488410117e-01 9.3138539629e+00 3.3764716162e-03 3.3881008466e-03
5.1162740322e+01 4.6336048066e+01 4.2376377547e+01 9.0566001300e-01 2.8297617745e-02 1.2807901560e+02 1.3369711281e+02 -8.9618219025e-01 1.1229578416e+01 3.5083129003e-03 3.5485033172e-03
4.6331947630e+01 4.1199167166e+01 3.8021470051e+01 8.8921725231e-01 5.2622820582e-02 2.4240519641e+02 2.9940918294e+01 -7.5084009403e-01 8.5131907224e+00 6.4845937151e-03 6.8428604754e-03
5.1693224342e+01 5.0429170184e+01 4.4447267658e+01 9.7554700497e-01 9.3454524024e-02 4.4279182139e+02 2.1003065385e+01 9.8932726681e-01 8.4595298820e+00 6.5601098990e-03 7.1009983595e-03
6.6938640226e+01 6.5239760083e+01 5.7528287537e+01 9.7462033681e-01 1.8179984624e-02 8.1670008658e+01 3.3923340812e+01 9.7525370964e-01 4.7726367291e+01 4.8771657018e-03 5.1121161446e-03
2.9454053264e+01 2.6343179716e+01 2.4241831322e+01 8.9438215788e-01 1.9804559574e-02 8.9076032978e+01 1.4211395873e+02 7.8922891891e-01 8.3977127980e+00 4.8865852809e-03 4.9391835865e-03
4.3118561287e+01 4.1579243177e+01 3.6859553871e+01 9.6430033693e-01 6.5448700921e-02 3.0422087407e+02 1.7075722718e+01 -7.9150613486e-01 8.1354443965e+00 8.0998494368e-03 8.9525028500e-03
4.0537457359e+01 3.7329402232e+01 3.3858989463e+01 9.2086195496e-01 5.0673029413e-02 2.3310000946e+02 8.7970984067e+00 8.9061697588e-01 1.2449099863e+01 1.1049177845e-02 1.3870441098e-02
2.5206885642e+01 1.1106189192e+01 1.4329728106e+01 4.4060140349e-01 1.5598339513e-02 6.9937166561e+01 1.9978231066e+01 -7.4766498015e-01 8.7911302960e+00 1.4202405178e-02 1.5443563703e-02
4.6485107985e+01 2.9228315344e+01 3.1918024260e+01 6.2876728937e-01 3.8843169993e-02 1.7716921435e+02 9.9032475972e+00 -8.0960362679e-01 1.3243435979e+01 1.1044292135e-02 1.3408968640e-02
7.1461703464e+01 5.7733442372e+01 5.5853610395e+01 8.0789345305e-01 9.8312156611e-02 4.6732000484e+02 8.1117558586e+00 -4.8806139062e-01 8.0743991269e+00 8.1029286572e-03 1.0454417671e-02
3.3487061105e+01 1.9998892020e+01 2.2381120950e+01 5.9721251612e-01 1.5918662520e-02 7.1390523771e+01 6.4009837557e+01 -7.0157929837e-01 1.1067540458e+01 6.9440883573e-03 7.1141716718e-03
7.8426844509e+01 6.6241375045e+01 6.2702061697e+01 8.4462629421e-01 3.5692928589e-02 1.6242834472e+02 1.6270407974e+01 -5.4318591215e-01 2.1388246770e+01 6.0231795124e-03 6.6954241889e-03
6.3902369524e+01 5.3661428948e+01 5.0939279210e+01 8.3974083196e-01 2.0758483119e-02 9.3432917051e+01 1.0204135049e+02 -4.7323136434e-01 1.2433408952e+01 3.4765205274e-03 3.5290465776e-03
4.1552130876e+01 3.4910488192e+01 3.3131393255e+01 8.4016120128e-01 2.8453792808e-02 1.2880069167e+02 1.8196639237e+01 2.5065344146e-01 8.1656320232e+00 8.6428852390e-03 9.4860598619e-03
7.8585956096e+01 2.9476277138e+01 4.0940746364e+01 3.7508326681e-01 3.9366300053e-02 1.7962335531e+02 7.2282849665e+00 3.9573916228e-01 1.2017086594e+01 1.0634198836e-02 1.4387275243e-02
4.0319535307e+01 3.4489455843e+01 3.2443698487e+01 8.5540310871e-01 2.8392036796e-02 1.2851530144e+02 2.5116562705e+00 9.2876374114e-01 2.0183512445e+01 1.8402634594e-02 1.0000000000e+00
3.3354485728e+01 2.6140526660e+01 2.5667586685e+01 7.8371847415e-01 2.9618199577e-02 1.3418641630e+02 4.2619625718e+01 -7.9942196576e-01 8.8482974377e+00 7.3625600711e-03 7.6397551576e-03
2.2645777522e+01 2.1285168536e+01 1.9111047266e+01 9.3991776237e-01 1.4659607709e-02 6.5681942030e+01 1.0320316301e+02 -8.5426779366e-01 1.0297380158e+01 6.4125804756e-03 6.5083460523e-03
6.0750494350e+01 3.8909084093e+01 4.2116927900e+01 6.4047353868e-01 3.9962204857e-02 1.8242107322e+02 5.2970357734e+00 6.5034267492e-01 1.8623766978e+01 1.1735105610e-02 1.9890346975e-02
2.6152458742e+01 1.7942133647e+01 1.8791216719e+01 6.8605915124e-01 1.2757552493e-02 5.7078114506e+01 1.4691907627e+02 -8.8789739847e-01 1.0803871373e+01 5.6833405120e-03 5.7424757897e-03
2.2954978877e+01 2.0846149163e+01 1.9039019734e+01 9.0813192532e-01 1.6922674076e-02 7.5950330022e+01 9.8169501078e+01 8.7153801873e-01 9.1852137945e+00 6.5402854325e-03 6.6431119336e-03
6.0952570500e+01 3.3703893583e+01 3.9117690368e+01 5.5295278454e-01 3.9983653115e-02 1.8252181391e+02 1.1506015239e+01 -6.7780795109e-01 1.3880060901e+01 9.1875362391e-03 1.0783689606e-02
3.4102087289e+01 2.7425888550e+01 2.6591967760e+01 8.0422902910e-01 1.8136157994e-02 8.1470457867e+01 1.3305081465e+02 -8.7252915237e-01 1.1336590508e+01 4.7322366612e-03 4.7867169911e-03
3.3821614132e+01 3.3760116542e+01 2.9416642238e+01 9.9818170745e-01 1.8966225489e-02 8.5252085032e+01 2.7885288505e+02 -9.5737282290e-01 8.9695403721e+00 3.3646082833e-03 3.3828876580e-03
3.0498203334e+01 2.7986242573e+01 2.5428645881e+01 9.1763577896e-01 1.3478841695e-02 6.0337966776e+01 7.5451370484e+01 -6.7730483232e-01 1.4106792860e+01 6.0371833843e-03 6.1617713934e-03
3.3557121215e+01 2.7860383020e+01 2.6595284148e+01 8.3023757735e-01 2.1784396464e-02 9.8125355605e+01 8.8615468184e+01 -9.0410727580e-01 1.1289874474e+01 5.4986012781e-03 5.5946721805e-03
6.6792809757e+01 5.1306791405e+01 5.0873668442e+01 7.6814842184e-01 5.5118014808e-02 2.5434883751e+02 4.7937695770e+01 -8.9007990312e-01 1.1168666701e+01 4.5242386084e-03 4.6745031374e-03
3.3759643404e+01 3.3356245427e+01 2.9213254186e+01 9.8805088158e-01 1.9138647386e-02 8.6038181897e+01 1.2544492744e+02 -8.3706765795e-01 1.1648806235e+01 4.5589788076e-03 4.6147185662e-03
3.1903880933e+01 1.9560902965e+01 2.1619090424e+01 6.1311985858e-01 2.8487383635e-02 1.2895593399e+02 6.1159936102e+01 -9.6904222760e-01 8.0788239697e+00 7.1630481044e-03 7.3470602425e-03
4.8093490916e+01 3.2293947491e+01 3.4173292517e+01 6.7148270745e-01 1.4035098443e-02 6.2854340266e+01 1.7536891729e+02 6.5256982814e-01 1.2611884360e+01 3.6567993249e-03 3.6885768908e-03
6.8301627747e+01 6.5870526817e+01 5.8390317348e+01 9.6440639836e-01 1.2222345172e-01 5.9013551748e+02 5.7426446215e+00 5.2058272426e-01 8.1810501700e+00 8.8509758383e-03 1.3842190499e-02
2.9008520471e+01 2.0896344025e+01 2.1376123847e+01 7.2035194093e-01 1.6597821884e-02 7.4474248333e+01 1.7586236177e+02 -9.9277701537e-01 1.0045607645e+01 4.8899798845e-03 4.9323526476e-03
2.1063751918e+01 1.8507904342e+01 1.7181415511e+01 8.7866133318e-01 2.1668513710e-02 9.7594967564e+01 1.1977814994e+01 7.6019638225e-01 9.1486108053e+00 1.5303774187e-02 1.7823117240e-02
3.4304418653e+01 2.1989257917e+01 2.3792740042e+01 6.4100366017e-01 1.4412660932e-02 6.4563524480e+01 6.8204028653e+01 3.2261389741e-01 8.0691227246e+00 6.5325092307e-03 6.6822533545e-03
6.5400065322e+01 6.0062291403e+01 5.4551331957e+01 9.1838274332e-01 1.1549850149e-01 5.5524813460e+02 1.0868247329e+01 -7.2830777782e-01 8.2133388390e+00 7.2977579829e-03 8.6682624465e-03
7.5619612690e+01 7.3636696571e+01 6.4960701764e+01 9.7377775357e-01 9.8561764887e-02 4.6858426552e+02 6.4726878508e+00 -4.8373638390e-01 1.0503838342e+01 8.0230962467e-03 1.1509600919e-02
7.5552757181e+01 6.8737526908e+01 6.2721886847e+01 9.0979508191e-01 1.0861642398e-01 5.1982484831e+02 5.0287291523e+00 8.0514569754e-01 1.4853377207e+01 8.9639337213e-03 1.6252964470e-02
3.1737560098e+01 2.7975910047e+01 2.5929861284e+01 8.8147639452e-01 1.7061799740e-02 7.6582712609e+01 7.5265837103e+01 -4.3264263849e-01 8.4330319497e+00 5.9563378274e-03 6.0795720722e-03
3.4079574266e+01 3.3652426489e+01 2.9481362177e+01 9.8746616452e-01 5.6987294997e-02 2.6332254541e+02 4.7501892725e+00 9.7709125867e-01 1.1664169517e+01 1.5123187244e-02 3.0214878601e-02
3.5721074711e+01 2.1234297904e+01 2.3816092811e+01 5.9444734167e-01 2.7565180110e-02 1.2469660939e+02 2.6733502391e+01 8.4635829451e-01 1.0262671422e+01 9.2013142240e-03 9.7779075898e-03
4.0371622422e+01 2.8738588741e+01 2.9567631721e+01 7.1185122165e-01 1.3828188007e-02 6.1918084362e+01 1.9332005141e+02 8.1455647399e-01 1.3055845752e+01 3.8599247748e-03 3.8903076659e-03
2.4913017894e+01 2.1753741689e+01 2.0256977943e+01 8.7318773590e-01 3.6124718083e-02 1.6444497668e+02 4.2453731928e+00 -9.5206608187e-01 9.4602788458e+00 2.0193454003e-02 5.8815784513e-02
3.4627971117e+01 3.3428691742e+01 2.9617863434e+01 9.6536674439e-01 2.2082449195e-02 9.9489933843e+01 4.2535370473e+01 -8.8576916164e-01 1.5493064168e+01 6.7684562318e-03 7.0238241564e-03
3.5332851800e+01 3.2801246967e+01 2.9632515784e+01 9.2834983016e-01 2.6420796096e-02 1.1941891813e+02 1.0556420893e+02 7.9825445418e-01 8.7963963614e+00 4.7991934039e-03 4.8692184035e-03
3.4810313217e+01 3.2125291146e+01 2.9107276015e+01 9.2286705222e-01 1.7814618948e-02 8.0006822626e+01 2.2177426659e+02 -8.4010213999e-01 9.5753187425e+00 3.6932623245e-03 3.7185564413e-03
3.6580795302e+01 2.9288200801e+01 2.8459763913e+01 8.0064417843e-01 1.5785721795e-02 7.0787266949e+01 2.2828615879e+01 -1.0642260212e-01 9.9847252117e+00 8.7972113754e-03 9.4562287959e-03
3.8632805781e+01 1.2788336096e+01 1.8794632239e+01 3.3102271083e-01 2.5906372474e-02 1.1704930859e+02 1.1406642213e+01 9.2053770021e-01 1.0455582756e+01 1.4698502343e-02 1.7282209122e-02
3.8927907175e+01 2.1713608059e+01 2.5098156402e+01 5.5779027526e-01 2.7343269826e-02 1.2367252361e+02 7.9141343306e+01 -9.0534692745e-01 8.7519925987e+00 5.9281759547e-03 6.0446026754e-03
5.7436750437e+01 5.1301276596e+01 4.7240504865e+01 8.9317860440e-01 6.2350075262e-02 2.8919085925e+02 5.1300289880e+00 -9.2809455016e-01 1.9512893786e+01 1.0908422393e-02 1.9237484561e-02
3.1548618496e+01 2.7001801670e+01 2.5393224394e+01 8.5587905135e-01 3.7243654656e-02 1.6967653367e+02 1.5446830311e+01 8.2031537183e-01 9.2300601328e+00 1.0795228239e-02 1.2079240492e-02
7.8943790765e+01 6.9488491888e+01 6.4451472586e+01 8.8022745317e-01 7.3962167126e-02 3.4582766395e+02 1.4894568018e+00 -8.3876200552e-01 1.7209644782e+01 1.4187198135e-02 1.0000000000e+00
3.4777056992e+01 2.9165391051e+01 2.7703747910e+01 8.3863884911e-01 3.3218606588e-02 1.5089578895e+02 2.6392028345e+01 7.5590783035e-01 9.3999703054e+00 8.3832368984e-03 8.9161833177e-03
5.2714385935e+01 2.9835355825e+01 3.4249408884e+01 5.6598128377e-01 3.1539005936e-02 1.4309021692e+02 4.2823469120e+01 -4.8862299724e-01 8.1218025834e+00 6.1298993143e-03 6.3595100237e-03
4.6583860557e+01 4.2210614845e+01 3.8593761085e+01 9.0612101143e-01 1.0159446659e-02 4.5364976589e+01 5.2088653903e+02 8.2604858178e-01 8.8325026757e+00 2.2585264011e-03 2.2650648399e-03
4.4995845768e+01 3.6555273745e+01 3.5268540716e+01 8.1241441562e-01 1.7053952990e-02 7.6547042508e+01 2.4428718109e+02 7.1692438141e-01 9.3075968724e+00 3.1604637404e-03 3.1800913124e-03
8.1534931152e+01 7.1322797292e+01 6.6356850634e+01 8.7475142597e-01 2.4027162237e-01 1.2442249518e+03 6.8813698900e+00 -9.8579281380e-01 8.2447181342e+00 7.1724255079e-03 9.9413303333e-03
3.1463176866e+01 2.6139178604e+01 2.4944146936e+01 8.3078637338e-01 1.3566214499e-02 6.0733083314e+01 6.9488723245e+01 -4.0377281151e-01 9.9868528174e+00 6.3014410794e-03 6.4431064712e-03
4.0399069259e+01 3.1972831446e+01 3.1244780568e+01 7.9142495191e-01 4.4429063020e-02 2.0346604550e+02 1.9500608373e+01 -9.7073752961e-01 1.1225254833e+01 8.6520180292e-03 9.4298481006e-03
2.7622117134e+01 1.6164445302e+01 1.8265118363e+01 5.8519936118e-01 1.2148599562e-02 5.4328681036e+01 1.2205221283e+02 8.6573659050e-01 1.1340109068e+01 6.2040371607e-03 6.2820474519e-03
4.1051362815e+01 3.9801785767e+01 3.5188333137e+01 9.6956064396e-01 2.1006320412e-02 9.4565862436e+01 1.4664805528e+01 3.0802207543e-01 1.3476505887e+01 9.0661974680e-03 1.0216365855e-02
3.8410078001e+01 3.2733117051e+01 3.0848415262e+01 8.5220126473e-01 4.8570626866e-02 2.2309389104e+02 8.4157271001e+00 9.1413126517e-01 1.1875372937e+01 1.1922498736e-02 1.5184511228e-02
3.0149977929e+01 2.7623711453e+01 2.5118598031e+01 9.1621000580e-01 1.0212767690e-02 4.5604909756e+01 1.4642426974e+02 -5.1256126483e-01 1.1973997604e+01 4.7540165278e-03 4.8036525456e-03
6.8620212030e+01 5.1076230452e+01 5.1426419421e+01 7.4433215726e-01 3.4292688501e-02 1.5589704726e+02 9.3348937866e+01 -7.5287975380e-01 1.1207896947e+01 3.5439381705e-03 3.6026214572e-03
7.5508348613e+01 7.2361984652e+01 6.4346814920e+01 9.5833091282e-01 1.0588375410e-02 4.7295605546e+01 1.1903371161e+02 -3.6454903215e-01 2.1558204907e+01 2.8533572910e-03 2.8901672302e-03
3.8680990912e+01 3.5060790383e+01 3.2051536312e+01 9.0640879556e-01 2.0168567756e-02 9.0737864251e+01 6.4791929080e+01 7.0150442992e-01 1.3333875151e+01 5.5083928769e-03 5.6416095744e-03
6.9148426553e+01 5.8304428468e+01 5.5235767544e+01 8.4317794887e-01 2.0571757564e-02 9.2579603214e+01 1.0159074281e+02 -3.7118908954e-01 1.1645964428e+01 3.3108193148e-03 3.3610699204e-03
4.7592004773e+01 4.6725497749e+01 4.1051998379e+01 9.8179301276e-01 1.4988044983e-02 6.7170061169e+01 3.9166297179e+02 8.1749435485e-01 8.0973113085e+00 2.4110517452e-03 2.4203510106e-03
8.2328368895e+01 4.8797359774e+01 5.4806228699e+01 5.9271622199e-01 5.9209581415e-02 2.7401992222e+02 6.8476316491e+01 -7.6153097753e-01 8.1791273525e+00 3.7688661117e-03 3.8549013984e-03
5.8274271673e+01 4.4455094583e+01 4.4228286476e+01 7.6285972020e-01 1.1977308621e-01 5.7739253052e+02 6.8708598854e+00 -9.2664735865e-01 8.6941088452e+00 9.8576352980e-03 1.3674057674e-02
4.5686696469e+01 4.5512416728e+01 3.9696632703e+01 9.9618532845e-01 1.8367543259e-02 8.2524142683e+01 3.4364977464e+01 8.1027634839e-01 2.5950738198e+01 6.1194985016e-03 6.4101692336e-03
2.9526120697e+01 2.6697453508e+01 2.4435546002e+01 9.0419780444e-01 1.9688023127e-02 8.8544187605e+01 2.6359324461e+01 -6.4824470509e-01 1.1840124425e+01 9.1467021236e-03 9.7289928679e-03
4.6811657754e+01 2.7828570491e+01 3.1211336049e+01 5.9447949135e-01 6.6112960615e-02 3.0745080261e+02 4.8219956683e+00 7.2962619690e-01 8.4122359648e+00 1.4434058058e-02 2.8023503536e-02
6.2690147072e+01 4.3932354466e+01 4.5542879627e+01 7.0078563407e-01 6.6381809795e-02 3.0875886043e+02 3.1767769654e+00 -8.6734683206e-01 1.5860710414e+01 1.3326541666e-02 1.0000000000e+00
3.8064955523e+01 3.1060012579e+01 2.9902615986e+01 8.1597396220e-01 4.0429319059e-02 1.8461574716e+02 3.8192941861e+00 -7.0372494439e-01 1.1961721105e+01 1.6428615772e-02 1.0000000000e+00
3.7452403261e+01 3.3416110241e+01 3.0787235014e+01 8.9222873119e-01 1.5072114259e-02 6.7551087399e+01 1.2386217423e+02 4.4684046587e-01 9.8092783041e+00 4.4440249731e-03 4.4990694400e-03
3.7693893834e+01 3.6968327689e+01 3.2496777981e+01 9.8075109596e-01 3.6832265531e-02 1.6775214451e+02 2.0924146521e+01 -7.4277616466e-01 1.0886769656e+01 8.2596155160e-03 8.9436067985e-03
4.2333898452e+01 2.9967850190e+01 3.0915519692e+01 7.0789252315e-01 2.8735292495e-02 1.3010189184e+02 2.5116147991e+01 -9.3453962682e-01 1.5312712312e+01 7.9962844778e-03 8.5337538621e-03
4.3166749961e+01 4.1477582190e+01 3.6834781162e+01 9.6086877580e-01 3.2063670092e-02 1.4552648834e+02 1.1939935066e+01 4.6501324486e-01 1.2133646473e+01 9.4529452111e-03 1.1015685319e-02
4.1567053096e+01 4.0029428355e+01 3.5509363545e+01 9.6300856985e-01 8.6671931404e-02 4.0878550401e+02 7.5180505035e+00 9.3324669767e-01 8.6395713424e+00 1.1139236955e-02 1.4809201106e-02
2.2457447880e+01 2.1104043687e+01 1.8950256741e+01 9.3973472851e-01 1.5384820691e-02 6.8968778339e+01 7.7043331012e+00 8.7323651373e-01 1.8071976123e+01 1.7050671825e-02 2.2438864589e-02
7.3879623411e+01 6.2610045521e+01 5.9167232977e+01 8.4746026889e-01 2.5909626510e-02 1.1706429228e+02 1.4065202607e+02 5.4225012424e-01 9.3029207376e+00 2.7981566111e-03 2.8285947895e-03
4.6124903980e+01 2.1218201933e+01 2.6836619183e+01 4.6001617569e-01 7.1414065219e-02 3.3332686224e+02 4.4650240385e+00 9.9561543695e-01 8.3250395939e+00 1.6276409234e-02 3.8013621829e-02
7.0342004998e+01 6.2866401775e+01 5.7872691585e+01 8.9372490559e-01 5.6414303641e-02 2.6056945734e+02 3.3932069769e+01 -6.1173108554e-01 1.0437751671e+01 4.7478762398e-03 4.9765341752e-03
8.5601219806e+01 7.3874945700e+01 6.9190603691e+01 8.6301276859e-01 6.1870390443e-02 2.8686956764e+02 4.9532421109e+01 -7.5548013406e-01 1.1151825680e+01 3.6729330748e-03 3.7907602663e-03
3.4122183687e+01 2.7391736277e+01 2.6582703442e+01 8.0275449334e-01 2.5510464915e-02 1.1522681565e+02 8.4789367936e+01 -8.3854343782e-01 9.1265558004e+00 5.5793125632e-03 5.6813413986e-03
6.9744728017e+01 6.5878010781e+01 5.9004429428e+01 9.4455900330e-01 8.2612354428e-02 3.8856736142e+02 2.6034936371e+00 -6.9101051075e-01 1.4401368336e+01 1.2098695640e-02 1.0000000000e+00
3.8843791335e+01 2.9696846716e+01 2.9514099785e+01 7.6451977767e-01 1.3855607868e-02 6.2042140913e+01 1.2446872096e+02 9.4221072988e-01 1.8204846688e+01 4.5579507414e-03 4.6141249410e-03
3.3697197845e+01 3.0834048386e+01 2.8055666600e+01 9.1503301039e-01 1.8407018930e-02 8.2703943084e+01 5.2682907952e+01 -6.4190818420e-01 1.2405529227e+01 6.4763581253e-03 6.6709980881e-03
2.4228847541e+01 2.0891403033e+01 1.9575186941e+01 8.6225327050e-01 3.2138085679e-02 1.4587218258e+02 3.9672279506e+00 9.1651962595e-01 9.4816730150e+00 2.1212200997e-02 1.0000000000e+00
4.6688532759e+01 4.0817563409e+01 3.7986275993e+01 8.7425243409e-01 7.2002154337e-02 3.3620837003e+02 4.3258591012e+00 7.1332242260e-01 1.0362734472e+01 1.3251181985e-02 3.4945846212e-02
3.0136302816e+01 2.1616945420e+01 2.2158637647e+01 7.1730582057e-01 1.4024974799e-02 6.2808524780e+01 1.9083316754e+02 6.9193886212e-01 8.6204127926e+00 4.6444118971e-03 4.6814531843e-03
5.0925030049e+01 3.9730642381e+01 3.9098053075e+01 7.8017906603e-01 4.8935136785e-02 2.2482669019e+02 1.0297005996e+01 7.4455571495e-01 1.2691778640e+01 9.5299204972e-03 1.1459893975e-02
4.1636367458e+01 4.1382973955e+01 3.6136065227e+01 9.9391413038e-01 8.0542405781e-02 3.7829756817e+02 3.7827271064e+00 7.2379828872e-01 8.5029193579e+00 1.4305554316e-02 1.0000000000e+00
8.2289980971e+01 7.1267673047e+01 6.6633009812e+01 8.6605528652e-01 7.3858727710e-02 3.4531940536e+02 4.2083355487e+01 6.8303710945e-01 9.0816474544e+00 3.9694605855e-03 4.1209484017e-03
3.7819222388e+01 2.6612541608e+01 2.7533369605e+01 7.0367765193e-01 1.1945609551e-02 5.3412730647e+01 2.6252833128e+02 8.0496201133e-01 1.2003461036e+01 3.6024199720e-03 3.6232212506e-03
3.5217070082e+01 1.8688738104e+01 2.2114280170e+01 5.3067271243e-01 3.1427730802e-02 1.4257374467e+02 7.6377098310e+00 -7.3935895570e-01 9.6680255315e+00 1.5381185258e-02 2.0313766961e-02
4.5280598618e+01 4.1743704997e+01 3.7841973742e+01 9.2188942441e-01 3.3350165373e-02 1.5150796102e+02 1.3210847973e+02 9.1563692267e-01 8.9923366288e+00 3.7707993548e-03 3.8145273282e-03
3.2805393950e+01 2.7147334663e+01 2.5956234062e+01 8.2752655569e-01 1.3176728020e-02 5.8972145368e+01 3.7916775558e+02 9.0544819611e-01 9.3223001582e+00 3.2539034627e-03 3.2668701587e-03
2.7987624695e+01 2.1840384609e+01 2.1490231147e+01 7.8035863519e-01 1.4808215191e-02 6.6355179449e+01 2.1827860696e+02 8.6229708640e-01 9.0838666856e+00 4.4993615201e-03 4.5306761946e-03
2.3917542752e+01 1.0780229935e+01 1.3764055982e+01 4.5072481095e-01 1.6322911509e-02 7.3225645832e+01 2.8464924735e+01 9.3670643596e-01 9.0944634207e+00 1.2748031750e-02 1.3492904449e-02
3.8474496683e+01 2.7608146716e+01 2.8294931015e+01 7.1757005539e-01 2.3811989605e-02 1.0741994519e+02 4.1993422018e+01 4.4077956849e-01 8.0563985930e+00 6.9907252929e-03 7.2581268990e-03
3.2690707189e+01 3.0755605308e+01 2.7601194631e+01 9.4080575039e-01 2.3386797442e-02 1.0546858303e+02 9.2970153908e+01 6.4603008559e-01 8.0749967245e+00 5.2715351401e-03 5.3591919064e-03
3.4444143188e+01 2.8815449121e+01 2.7404330063e+01 8.3658487205e-01 1.9176894451e-02 8.6212582751e+01 1.3440828040e+02 -6.6692681507e-01 8.7361954238e+00 4.6234696313e-03 4.6761488880e-03
4.2973414801e+01 3.2419064121e+01 3.2429077803e+01 7.5439813826e-01 1.1593929649e-02 5.1826502894e+01 9.0838910882e+01 6.5308508935e-01 1.9644966736e+01 4.8429029414e-03 4.9253811815e-03
3.8596883775e+01 3.5271005278e+01 3.2113741736e+01 9.1383038805e-01 2.0306523171e-02 9.1367911891e+01 1.7985668468e+02 -8.7497481962e-01 1.0539339856e+01 3.7513258571e-03 3.7830987600e-03
6.4980913065e+01 3.9203368669e+01 4.3662145977e+01 6.0330590661e-01 4.4726828276e-02 2.0487352542e+02 5.5818198061e+01 -8.4916835521e-01 1.0570722613e+01 4.7308308796e-03 4.8646039439e-03
3.7311521135e+01 2.1250494351e+01 2.4322263683e+01 5.6954242831e-01 1.2997220431e-02 5.8160901934e+01 2.2484962334e+02 8.8324648256e-01 1.1741701688e+01 4.1229068950e-03 4.1507525231e-03
6.7257619463e+01 6.1689263756e+01 5.6064567656e+01 9.1720855197e-01 6.6587530751e-02 3.0976008272e+02 7.5125996466e+01 -9.3782479293e-01 8.5085421693e+00 3.5733148870e-03 3.6473882469e-03
3.0650382406e+01 2.8609322236e+01 2.5775920494e+01 9.3340832937e-01 1.0890229997e-02 4.8655009360e+01 1.3434630733e+02 -2.5244538222e-01 8.6306816470e+00 4.8293338452e-03 4.8843846104e-03
4.2631548997e+01 4.2461196966e+01 3.7038679898e+01 9.9600408536e-01 7.7417244779e-02 3.6284292651e+02 3.9533565538e+00 -8.4389313553e-01 1.0682160087e+01 1.3880619834e-02 1.0000000000e+00
3.1725443014e+01 2.8638078505e+01 2.6233487433e+01 9.0268490473e-01 3.1469898751e-02 1.4276945336e+02 5.6309340789e+01 -9.9872881448e-01 9.7732807865e+00 6.5351823448e-03 6.7182809002e-03
3.1799946159e+01 3.0959010772e+01 2.7314479721e+01 9.7355544620e-01 3.0641558630e-02 1.3892712503e+02 2.1252513777e+01 6.0204875572e-01 8.8109971035e+00 9.1876409259e-03 9.9348939350e-03
3.9056115518e+01 3.8141949521e+01 3.3599582207e+01 9.7659352486e-01 7.4032619627e-02 3.4617387681e+02 5.9304311475e+00 -8.9734811496e-01 9.5878261149e+00 1.2696055126e-02 1.9339969346e-02
6.5740521371e+01 5.2278561559e+01 5.0968707078e+01 7.9522584349e-01 1.1551502125e-01 5.5533350549e+02 1.5401479739e+00 9.8322749056e-01 9.3037495631e+00 1.5843383139e-02 1.0000000000e+00
5.3213884543e+01 5.1451072579e+01 4.5550314247e+01 9.6687308249e-01 5.7050119180e-02 2.6362452830e+02 1.9244825624e+01 -7.7404274552e-01 1.1469699812e+01 6.8184577261e-03 7.4410285689e-03
3.6953725192e+01 3.3944757526e+01 3.0826993663e+01 9.1857471335e-01 1.6310388113e-02 7.3168778436e+01 2.4974448532e+02 7.7723618670e-01 9.4914051586e+00 3.4110361073e-03 3.4317517519e-03
7.3968844687e+01 5.7232361698e+01 5.6549235259e+01 7.7373604982e-01 9.6906198561e-02 4.6020594245e+02 2.3341255859e+00 -7.1457248672e-01 1.1457287984e+01 1.2838122609e-02 1.0000000000e+00
2.7956048995e+01 2.4656702763e+01 2.2846952156e+01 8.8198095399e-01 3.2936082973e-02 1.4958152782e+02 3.8498123965e+01 9.7876160786e-01 8.5568402657e+00 8.2095117721e-03 8.5542879079e-03
3.9674498690e+01 2.8298446667e+01 2.9086884697e+01 7.1326538713e-01 4.8132454279e-02 2.2101204943e+02 1.1189114423e+01 -8.2912568705e-01 9.4024569475e+00 1.1118635385e-02 1.3124918287e-02
3.8836869976e+01 3.1283571460e+01 3.0308706431e+01 8.0551217128e-01 3.5091585848e-02 1.5962186200e+02 4.2212812408e+01 -7.1468710882e-01 8.3589069413e+00 6.6380080223e-03 6.8905042510e-03
3.1704970398e+01 3.0304957515e+01 2.6983132976e+01 9.5584247942e-01 2.2736855308e-02 1.0248807796e+02 1.5793720583e+02 -9.5379380188e-01 9.3280208714e+00 4.3848414963e-03 4.4272262642e-03
3.1873257124e+01 3.0286993288e+01 2.7046247221e+01 9.5023213883e-01 1.5770296208e-02 7.0717276558e+01 3.5256054797e+01 -7.8950214611e-01 1.8333593267e+01 7.7160320770e-03 8.0724684581e-03
4.3968646811e+01 2.5733839167e+01 2.9076287593e+01 5.8527703338e-01 5.2276895397e-02 2.4075252109e+02 6.4067188946e+00 -6.4052776239e-01 8.0329993650e+00 1.3673800774e-02 1.9739816494e-02
8.3467597192e+01 7.9959562808e+01 7.1116135164e+01 9.5797130260e-01 2.3441533059e-01 1.2100044809e+03 3.5861083341e+00 -8.8206352344e-01 1.0152963407e+01 8.7961688549e-03 1.0000000000e+00
7.1150373929e+01 4.2574709581e+01 4.7602095985e+01 5.9837646987e-01 4.3294160158e-02 1.9810684103e+02 2.8540772953e+01 -3.2462402600e-01 8.0757837091e+00 5.7690002982e-03 6.1050907135e-03
2.9595670411e+01 2.7384650881e+01 2.4779712069e+01 9.2529246680e-01 1.6468273829e-02 7.3885797203e+01 6.7060479451e+01 8.0934131305e-01 1.3501221164e+01 6.4010606983e-03 6.5504021733e-03
5.0890896206e+01 5.0502002022e+01 4.4133432776e+01 9.9235827598e-01 1.2132162829e-01 5.8544149957e+02 6.2785551881e+00 -9.3678554949e-01 8.9112640314e+00 1.0201455913e-02 1.4918914278e-02
3.8874154801e+01 3.8767383043e+01 3.3795403905e+01 9.9725339989e-01 4.0388086821e-02 1.8442196585e+02 1.7244598358e+01 -6.8187612361e-01 1.0255662978e+01 8.6475424817e-03 9.5471349906e-03
4.4855031250e+01 4.0870912668e+01 3.7266005566e+01 9.1117788860e-01 4.9638689385e-02 2.2817364324e+02 3.7153467211e+01 -8.1706786062e-01 8.8789750985e+00 6.0666727032e-03 6.3314322428e-03
6.4328530511e+01 3.2457266575e+01 3.9324844833e+01 5.0455476470e-01 3.2445078262e-02 1.4729868709e+02 1.2404531908e+01 -7.6875905228e-01 1.8662292661e+01 8.9432292857e-03 1.0348905807e-02
4.3376996644e+01 2.9276966299e+01 3.0904339732e+01 6.7494221741e-01 1.6531335793e-02 7.4172231990e+01 2.2505890130e+02 8.0252071223e-01 1.0265844601e+01 3.5407643178e-03 3.5646557102e-03
3.8587600280e+01 3.0545122313e+01 2.9846750258e+01 7.9157869604e-01 7.4524278224e-02 3.4859081675e+02 5.4029082370e+00 9.7308442423e-01 8.9270707303e+00 1.4153524256e-02 2.3467345425e-02
5.6637302094e+01 4.2960880438e+01 4.2860294992e+01 7.5852625124e-01 4.8583479561e-02 2.2315497533e+02 2.4952799393e+01 -5.4577359808e-01 8.7851660468e+00 6.4578753871e-03 6.8951484062e-03
8.0065139046e+01 5.3818334592e+01 5.6921827601e+01 6.7218186633e-01 7.6083704213e-02 3.5626678615e+02 2.4732360847e+01 6.9305371245e-01 9.4845151309e+00 5.3394078570e-03 5.7045895482e-03
3.0737104084e+01 1.8455623361e+01 2.0601309151e+01 6.0043468344e-01 1.2471940550e-02 5.5788261537e+01 9.9605697361e+01 -7.6395548819e-01 1.2092959021e+01 6.2089125165e-03 6.3050813338e-03
3.3511021240e+01 3.1715292796e+01 2.8378488843e+01 9.4641379530e-01 1.6445293203e-02 7.3781423128e+01 7.7866328472e+01 -5.1321170495e-01 1.0641914999e+01 5.5605635660e-03 5.6716249453e-03
3.7492870669e+01 3.4681871525e+01 3.1387280101e+01 9.2502576905e-01 3.6891688575e-02 1.6803004434e+02 1.2024662901e+01 -6.9837551206e-01 1.1415292503e+01 1.0389364395e-02 1.2090834349e-02
3.0331616109e+01 2.7032901666e+01 2.4919783206e+01 8.9124501541e-01 3.0016670931e-02 1.3603151469e+02 5.5702847905e+01 9.7339112010e-01 9.4088567568e+00 6.7818611990e-03 6.9740490470e-03
6.6242167753e+01 4.7333938043e+01 4.8610144235e+01 7.1455901352e-01 8.5927498676e-02 4.0507033693e+02 3.4011821532e+01 -9.6681123136e-01 8.5105557853e+00 5.1997168623e-03 5.4494951698e-03
3.9979565396e+01 3.4015764963e+01 3.2082641897e+01 8.5082878280e-01 4.5346600169e-02 2.0780491008e+02 6.7915287888e+00 -7.3540828826e-01 1.1645981695e+01 1.2632124329e-02 1.7630857267e-02
6.5946793689e+01 4.5268718529e+01 4.7398222812e+01 6.8644305503e-01 1.0474622757e-01 5.0002919725e+02 3.9417750112e+00 9.1738230905e-01 1.2583929492e+01 1.1725893358e-02 1.0000000000e+00
2.6177929802e+01 2.4445342116e+01 2.2019568733e+01 9.3381494644e-01 1.1153851702e-02 4.9842732278e+01 2.0702674633e+02 6.5485505799e-01 9.9700253740e+00 4.5304833734e-03 4.5637515310e-03
7.3677775287e+01 6.1039331400e+01 5.8328823081e+01 8.2846328030e-01 8.5173929574e-02 4.0131305876e+02 2.3991216065e+01 8.9426150868e-01 1.1049868030e+01 5.2909912273e-03 5.6655481496e-03
3.1942592949e+01 1.7789081555e+01 2.0577262581e+01 5.5690787480e-01 1.4716789846e-02 6.5940977127e+01 3.8350272535e+01 -4.7551594549e-01 9.3222824642e+00 8.8751314435e-03 9.2494124111e-03
3.5526486942e+01 3.3098566825e+01 2.9848350265e+01 9.3165887408e-01 2.9900488495e-02 1.3549343074e+02 1.5660868063e+01 3.9743321090e-01 8.4503170878e+00 9.7508518629e-03 1.0891166930e-02
2.2603005865e+01 2.2530015561e+01 1.9645257784e+01 9.9677077005e-01 1.2157644082e-02 5.4369498999e+01 2.9694124997e+02 -8.2659707088e-01 8.5579024628e+00 4.2472039015e-03 4.2688595081e-03
4.0601365160e+01 4.0513953510e+01 3.5307468579e+01 9.9784707609e-01 3.1017178985e-02 1.4066891404e+02 1.3202223005e+02 -9.5410077612e-01 9.5019897935e+00 3.9443032010e-03 3.9900737287e-03
3.2471620468e+01 3.1681008125e+01 2.7921508752e+01 9.7565220547e-01 2.6081200264e-02 1.1785442841e+02 6.3206685408e+01 6.4396060872e-01 8.2949413752e+00 6.0385717243e-03 6.1884420650e-03
3.5988424110e+01 2.4229905561e+01 2.5607252849e+01 6.7326942372e-01 3.7037277229e-02 1.6871100666e+02 1.2989620045e+01 7.1808206063e-01 8.7212943820e+00 1.1461032039e-02 1.3157379262e-02
4.1527359793e+01 3.5780974860e+01 3.3538731296e+01 8.6162412055e-01 4.5846113562e-02 2.1016930699e+02 3.4686170063e+01 -8.4085897264e-01 8.8616687959e+00 6.6638943253e-03 6.9772329738e-03
3.5313985262e+01 2.4178918875e+01 2.5347616736e+01 6.8468394874e-01 3.4305619729e-02 1.5595730512e+02 2.0628762828e+01 8.1518704092e-01 9.2440171719e+00 9.7135289606e-03 1.0531300515e-02
3.4327224399e+01 3.3816332462e+01 2.9660205552e+01 9.8511700418e-01 2.1540875693e-02 9.7010879670e+01 4.6990212642e+01 7.5393553481e-01 1.3375432493e+01 6.5166481527e-03 6.7377276882e-03
3.8252145341e+01 2.8858052199e+01 2.8866623223e+01 7.5441656780e-01 4.7738643516e-02 2.1914203573e+02 1.6039526559e+01 8.5326025369e-01 8.7918933923e+00 9.7626635486e-03 1.0871428738e-02
3.2096498157e+01 2.0513044998e+01 2.2226944478e+01 6.3910539079e-01 2.8218627520e-02 1.2771406750e+02 3.1201582056e+01 -9.0909546731e-01 9.4431116299e+00 9.0625672484e-03 9.5410168235e-03
2.7109528575e+01 1.9425688024e+01 1.9922446862e+01 7.1656310697e-01 1.7875752048e-02 8.0285045406e+01 1.1239676865e+02 8.8035252917e-01 8.9086842318e+00 6.0393424299e-03 6.1219702304e-03
6.7407384979e+01 4.4139489037e+01 4.7274765974e+01 6.5481681348e-01 4.1382776429e-02 1.8909984436e+02 2.8961349393e+01 -8.4949891939e-01 1.5727001239e+01 5.7688445215e-03 6.0995157829e-03
3.1109893239e+01 2.1262126120e+01 2.2309162271e+01 6.8345223676e-01 1.0171996599e-02 4.5421446900e+01 6.0540885418e+02 9.4922565175e-01 8.4404158486e+00 3.0067916651e-03 3.0142755039e-03
5.0996980818e+01 4.4035826902e+01 4.1232119566e+01 8.6349870514e-01 4.3926890289e-02 2.0109367096e+02 3.9063201872e+01 9.5880403214e-01 1.2880817178e+01 5.6081124471e-03 5.8399659196e-03
3.4928730138e+01 3.1177321704e+01 2.8718696014e+01 8.9259820158e-01 3.1363257895e-02 1.4227453745e+02 3.3171526856e+01 -8.6421553144e-01 1.1040260965e+01 7.5317944980e-03 7.9036158756e-03
3.0277352908e+01 2.8199486690e+01 2.5434235312e+01 9.3137226282e-01 2.5621004750e-02 1.1573556262e+02 1.3772334870e+02 9.3633532215e-01 8.1025934223e+00 4.7812274921e-03 4.8343660558e-03
3.1623446014e+01 2.8416103842e+01 2.6088958937e+01 8.9857708200e-01 2.3865208348e-02 1.0766426982e+02 1.8017888454e+02 -9.8348550065e-01 8.3784170041e+00 4.2593622108e-03 4.2953725533e-03
7.3362646520e+01 7.0345232133e+01 6.2535939456e+01 9.5886988093e-01 6.9221795400e-02 3.2260436870e+02 2.4899707284e+00 -7.1365199892e-01 1.8729755569e+01 1.1956373586e-02 1.0000000000e+00
4.1061604071e+01 3.8566693527e+01 3.4639810260e+01 9.3923981782e-01 2.9834403041e-02 1.3518740414e+02 1.0305026377e+02 8.5649664508e-01 9.8192489388e+00 4.3834192933e-03 4.4489811592e-03
3.4906947487e+01 2.7344820706e+01 2.6856031236e+01 7.8336327507e-01 1.5595259597e-02 6.9923195817e+01 1.2417337926e+02 8.7595593985e-01 1.3716010045e+01 4.8340205675e-03 4.8937421059e-03
3.3575542978e+01 1.9300642339e+01 2.1994032444e+01 5.7484229969e-01 1.5893362998e-02 7.1275710803e+01 7.4846618781e+00 -4.2716782260e-01 1.2849387350e+01 1.5699490491e-02 2.0911726305e-02
3.4091466059e+01 3.3222991827e+01 2.9297393205e+01 9.7452517206e-01 2.7214970062e-02 1.2308058595e+02 2.7380411585e+01 -5.8417623159e-01 9.9189628436e+00 8.0135380531e-03 8.5024627139e-03
4.6194886170e+01 4.2518804674e+01 3.8575080339e+01 9.2042232807e-01 3.4394103905e-02 1.5636965939e+02 7.7789697874e+01 8.9775825808e-01 1.1142464516e+01 4.5415532843e-03 4.6323545955e-03
3.4616779866e+01 3.4523420200e+01 3.0094987134e+01 9.9730305170e-01 4.7658738122e-02 2.1876272638e+02 4.8456399637e+00 6.2181117537e-01 9.5998748059e+00 1.4901082307e-02 2.8676749979e-02
4.6683876493e+01 3.2177677854e+01 3.3624814721e+01 6.8926747886e-01 1.5785147032e-02 7.0784659051e+01 1.4118205477e+02 -5.6867019964e-01 1.1177602658e+01 4.0025782607e-03 4.0459513399e-03
7.3120311070e+01 6.8504270687e+01 6.1606378303e+01 9.3687061344e-01 1.8391817798e-02 8.2634705041e+01 2.2896745803e+02 9.0043687561e-01 1.2093311728e+01 2.2831935015e-03 2.2983332114e-03
5.8599678997e+01 4.1828688919e+01 4.2978416727e+01 7.1380406233e-01 1.0192737531e-01 4.8566797799e+02 1.0993660080e+01 -9.6310515607e-01 8.7889727021e+00 8.4989497826e-03 1.0069999115e-02
7.6343083117e+01 3.3327895497e+01 4.3184531036e+01 4.3655422516e-01 2.6581774287e-02 1.2016079751e+02 3.1932971173e+01 -7.5572838500e-01 1.9127140134e+01 5.9378592140e-03 6.2434655499e-03
3.7522671400e+01 1.9918765948e+01 2.3566150531e+01 5.3084615793e-01 1.5072469325e-02 6.7552696762e+01 4.9784381422e+01 -4.5646154292e-01 9.8550322606e+00 7.3921328688e-03 7.6279998544e-03
5.9854893953e+01 5.5509009062e+01 5.0172286773e+01 9.2739298988e-01 2.8237913904e-02 1.2780317004e+02 2.8007768330e+01 9.3248090344e-01 2.7117225953e+01 5.6733928904e-03 6.0109121090e-03
4.4213006973e+01 3.6434429221e+01 3.4907528454e+01 8.2406585109e-01 2.5838449194e-02 1.1673656169e+02 6.9693773824e+00 -7.6050442394e-01 2.3171772174e+01 1.2008097458e-02 1.6535693872e-02
6.7369035221e+01 3.4280789376e+01 4.1369984513e+01 5.0885082834e-01 3.2439752474e-02 1.4727393444e+02 1.2781353060e+02 -9.0081062700e-01 9.9270648210e+00 3.6129390361e-03 3.6562754367e-03
6.5733702609e+01 6.5366742688e+01 5.7064514995e+01 9.9441747678e-01 1.5595989905e-01 7.6914652354e+02 7.0373468017e+00 9.4753413502e-01 9.6043146616e+00 8.1672213028e-03 1.1192247050e-02
7.8173634860e+01 5.4965106196e+01 5.6888900109e+01 7.0311565139e-01 1.2029766198e-01 5.8011756369e+02 4.9841492514e+00 -4.7600808439e-01 8.0183790248e+00 9.4972637529e-03 1.7450074134e-02
3.3931779463e+01 1.9402983230e+01 2.2165779720e+01 5.7182333310e-01 2.0831888709e-02 9.3768435460e+01 7.6464781192e+00 3.2236702920e-01 8.6804316410e+00 1.5451634392e-02 2.0397167527e-02
4.5459354890e+01 2.5560084423e+01 2.9433091702e+01 5.6226236569e-01 2.4595607453e-02 1.1101939221e+02 4.3219837669e+01 -8.1219102865e-01 1.2705600518e+01 6.7440663676e-03 6.9942046859e-03
2.9933322580e+01 2.9259467960e+01 2.5763155070e+01 9.7748814492e-01 2.3619253946e-02 1.0653526235e+02 9.7742108400e+01 -9.6060773938e-01 1.0318135429e+01 5.4004403160e-03 5.4857282567e-03
3.2760070709e+01 3.2495991687e+01 2.8404071836e+01 9.9193899721e-01 2.6703131575e-02 1.2072019434e+02 1.5267545943e+02 -9.2462213087e-01 8.2200050576e+00 4.2903364297e-03 4.3332633024e-03
2.3205502776e+01 1.8257344818e+01 1.7893089536e+01 7.8676790561e-01 1.2383911102e-02 5.5390821843e+01 1.3153612853e+01 -3.7419264359e-01 1.0294414636e+01 1.4488043496e-02 1.6597949324e-02
5.5618784463e+01 5.5562726281e+01 4.8394556021e+01 9.9899209983e-01 9.7491537003e-02 4.6316625661e+02 3.3351127470e+00 -5.8949810454e-01 8.9554390336e+00 1.2373875490e-02 1.0000000000e+00
4.4306452074e+01 2.7456589532e+01 3.0191728113e+01 6.1969731827e-01 2.7376059034e-02 1.2382382088e+02 1.8978304357e+01 8.7299904326e-01 1.5725015936e+01 9.0222183245e-03 9.8596469841e-03
3.9557032238e+01 3.7710428451e+01 3.3621088730e+01 9.5331793913e-01 4.2949872822e-02 1.9648270820e+02 3.8185767369e+01 -9.0230100034e-01 9.8383156659e+00 6.4292552310e-03 6.7016499275e-03
3.2552672820e+01 1.4607035776e+01 1.8688524969e+01 4.4872001316e-01 1.0312538365e-02 4.6053907695e+01 1.1857824885e+02 -8.9429776751e-01 1.4259893470e+01 6.1894153248e-03 6.2695763480e-03
3.3652275846e+01 3.2757145741e+01 2.8903228502e+01 9.7340060717e-01 2.8314828340e-02 1.2815853689e+02 3.6092018720e+01 9.4251210573e-01 1.3061472481e+01 7.2815069533e-03 7.6094202530e-03
7.8431295063e+01 5.1334314574e+01 5.4992868037e+01 6.5451315744e-01 1.3397231516e-01 6.5172645584e+02 7.6082845198e+00 9.3299215966e-01 1.0118871772e+01 8.2152389505e-03 1.0867131909e-02
3.4010024372e+01 3.1716255831e+01 2.8588113818e+01 9.3255610417e-01 5.1851612622e-02 2.3872176337e+02 5.6220707652e+00 8.1949857036e-01 1.0013161974e+01 1.4516841676e-02 2.3137001880e-02
4.6691730752e+01 3.1230697747e+01 3.3110100578e+01 6.6886999570e-01 5.8450155252e-02 2.7036074623e+02 6.2716214770e+00 -8.1089735352e-01 1.0576561904e+01 1.2662194612e-02 1.8531067431e-02
7.5674199311e+01 7.1064135847e+01 6.3833737125e+01 9.3908011574e-01 2.7575308456e-01 1.4552662469e+03 3.2182986680e+00 9.8452702150e-01 8.1361422366e+00 9.6006425917e-03 1.0000000000e+00
2.9698860904e+01 2.6304950729e+01 2.4323320016e+01 8.8572254719e-01 5.3943023335e-02 2.4871958637e+02 7.5046425896e+00 -9.9490464985e-01 8.6346914705e+00 1.4392856517e-02 1.9149363832e-02
7.6904861642e+01 6.8763739302e+01 6.3287039215e+01 8.9414034216e-01 1.0011063005e-01 4.7643770411e+02 2.9455161139e+01 8.2120187232e-01 8.8174646199e+00 4.6159995168e-03 4.8756815998e-03
6.0075074855e+01 4.3672743709e+01 4.4478187757e+01 7.2696944306e-01 9.8412029637e-02 4.6782581412e+02 2.4616528511e+00 7.3832796789e-01 8.2273543152e+00 1.4609671888e-02 1.0000000000e+00
3.1173848229e+01 2.6799873426e+01 2.5148243659e+01 8.5969089312e-01 1.5828523933e-02 7.0981481079e+01 1.0309570670e+02 7.4760651662e-01 1.1666269292e+01 5.3997727908e-03 5.4804994558e-03
3.8126952429e+01 3.0687740468e+01 2.9742808019e+01 8.0488312107e-01 4.3406211382e-02 1.9863559459e+02 2.1748990127e+01 -7.4143214568e-01 8.1858476166e+00 8.5700620416e-03 9.2487599819e-03
4.0715871673e+01 3.3801893949e+01 3.2267914549e+01 8.3018961797e-01 2.5132423554e-02 1.1348753439e+02 1.0276914486e+02 -6.7925556087e-01 8.8969170768e+00 4.5999479965e-03 4.6689418536e-03
5.9453590239e+01 4.3761331650e+01 4.4300912431e+01 7.3605868837e-01 3.4707544283e-02 1.5783076787e+02 1.1937294230e+02 -9.6990538557e-01 1.0892072369e+01 3.5465991189e-03 3.5922191656e-03
5.6597921407e+01 4.3653316593e+01 4.3198899901e+01 7.7128833546e-01 3.5760198882e-02 1.6274244409e+02 9.0803573971e+01 8.9491638867e-01 1.1091519800e+01 3.9895572225e-03 4.0575296253e-03
7.8480516595e+01 6.9151382221e+01 6.4106429656e+01 8.8112802032e-01 2.3403320853e-01 1.2077777360e+03 2.9819783962e+00 9.4410787787e-01 8.7874110710e+00 1.0059786996e-02 1.0000000000e+00
3.9660339946e+01 3.9518998565e+01 3.4464742978e+01 9.9643620348e-01 6.8945454778e-02 3.2125491942e+02 7.6251574272e+00 7.4383789099e-01 8.3750726336e+00 1.1405670458e-02 1.5073584788e-02
7.3941463397e+01 7.3195766504e+01 6.4044212180e+01 9.8991503740e-01 1.5194513960e-01 7.4749942251e+02 6.8852256857e+00 9.6358774088e-01 1.1680540815e+01 7.6781505385e-03 1.0639188880e-02
5.7370744815e+01 3.2669071308e+01 3.7394647724e+01 5.6943781039e-01 3.2451929403e-02 1.4733052939e+02 3.5235216813e+01 5.4664470887e-01 1.0005478913e+01 6.2392133035e-03 6.5276144044e-03
3.0744380314e+01 2.7714927645e+01 2.5404869115e+01 9.0146320600e-01 1.0144448642e-02 4.5297492192e+01 2.5829752466e+02 -5.4204667496e-01 9.8175024890e+00 3.8156003011e-03 3.8379973116e-03
3.2002249013e+01 2.7155034641e+01 2.5645836665e+01 8.4853519607e-01 1.7684574625e-02 7.9415060999e+01 8.2348685586e+01 -6.5786671919e-01 1.0346729736e+01 5.7963646783e-03 5.9056140357e-03
4.9558843421e+01 3.5367515902e+01 3.6343515197e+01 7.1364691869e-01 5.5785359638e-02 2.5754994461e+02 2.2928076019e+01 7.6949647029e-01 8.3919866590e+00 7.3583642858e-03 7.9068629719e-03
3.7781100221e+01 3.7576486687e+01 3.2801149769e+01 9.9458423569e-01 3.0690957610e-02 1.3915614004e+02 2.9221361548e+01 4.1335302526e-01 8.0317895315e+00 7.2718869209e-03 7.6846056697e-03
2.5434183795e+01 1.9317862567e+01 1.9260322138e+01 7.5952358931e-01 2.5100673854e-02 1.1334150437e+02 2.2459538543e+01 7.9679234846e-01 8.4296967452e+00 1.1233152145e-02 1.2090496535e-02
3.4631475564e+01 1.4579486421e+01 1.9209477944e+01 4.2098946647e-01 2.6464012881e-02 1.1961806892e+02 1.4323588484e+01 -9.4874791275e-01 1.0363182284e+01 1.3308044624e-02 1.5046905034e-02
4.5584984637e+01 3.3165947150e+01 3.3764271987e+01 7.2756297746e-01 3.1487225483e-02 1.4284987308e+02 1.5255378007e+02 9.6772811542e-01 8.4996937607e+00 3.8409296309e-03 3.8793911916e-03
3.6440146542e+01 1.0635257836e+01 1.6536289655e+01 2.9185551776e-01 1.0951938701e-02 4.8932990271e+01 1.8476834681e+02 9.9500398107e-01 1.1281797229e+01 5.6552920858e-03 5.7018985432e-03
6.1410317378e+01 6.0081348474e+01 5.2878522350e+01 9.7835919172e-01 4.4260633967e-02 2.0267016752e+02 1.2124594071e+01 -3.2230266621e-01 1.1656676429e+01 7.4428695033e-03 8.6484838843e-03
3.6651560244e+01 3.5220164496e+01 3.1276539434e+01 9.6094584409e-01 3.5600988205e-02 1.6199910329e+02 4.2022335665e+01 -9.4667494455e-01 1.1043398577e+01 6.5179151610e-03 6.7670475282e-03
3.3361372761e+01 1.8348136239e+01 2.1349486736e+01 5.4998145223e-01 1.5668051839e-02 7.0253404228e+01 4.5133536821e+01 -6.9862130060e-01 1.1590715542e+01 8.1544835531e-03 8.4432607954e-03
3.5873280968e+01 3.5347781883e+01 3.0999755551e+01 9.8535123994e-01 4.0240216464e-02 1.8372710274e+02 2.8188711135e+01 7.8271552538e-01 9.0839625030e+00 7.5916310359e-03 8.0400458747e-03
4.8759433404e+01 3.7540255313e+01 3.7181908480e+01 7.6990753774e-01 7.8352221488e-02 3.6746022736e+02 5.8216957350e+00 7.3592156781e-01 8.7926854412e+00 1.1970009147e-02 1.8505874201e-02
4.7691409196e+01 3.6133359501e+01 3.6069043500e+01 7.5764923095e-01 4.6223921225e-02 2.1195869349e+02 2.7223374274e+01 -7.1578674795e-01 8.9494842509e+00 6.9717686273e-03 7.3998719211e-03
3.5857170962e+01 1.5995259425e+01 2.0520434989e+01 4.4608258254e-01 2.3408000863e-02 1.0556586488e+02 2.4904460574e+01 7.9063556403e-01 9.5158190550e+00 1.0397279267e-02 1.1102838544e-02
2.8997910624e+01 2.8889708272e+01 2.5196996798e+01 9.9626861555e-01 2.6946821101e-02 1.2184377588e+02 6.4228820047e+01 -8.3056151606e-01 8.7641271818e+00 6.3967820584e-03 6.5529016539e-03
3.5358870628e+01 2.7670293113e+01 2.7189359551e+01 7.8255590807e-01 3.4209467919e-02 1.5550927626e+02 3.2426118936e+01 -8.4018391929e-01 9.2795359619e+00 7.8470324630e-03 8.2441706947e-03
3.3769192575e+01 3.3699005116e+01 2.9367219683e+01 9.9792155352e-01 1.7482645182e-02 7.8496412588e+01 3.0202345774e+02 9.2019775035e-01 8.8916364965e+00 3.2718006796e-03 3.2881996068e-03
3.3719631890e+01 2.9401750856e+01 2.7397965219e+01 8.7194756314e-01 3.2974986459e-02 1.4976247042e+02 5.9259427044e+01 -9.7003690714e-01 9.4096587921e+00 6.2338540184e-03 6.3993855952e-03
7.8293391532e+01 6.2293267578e+01 6.0717084436e+01 7.9563889568e-01 3.2146818532e-02 1.4591275304e+02 6.9049213306e+01 -4.8752882402e-01 1.1645741367e+01 3.5816114959e-03 3.6626652891e-03
5.4711957736e+01 3.5823534774e+01 3.8369544293e+01 6.5476609240e-01 7.4128817136e-02 3.4664665421e+02 1.6724027422e+01 -9.7076733216e-01 9.2352202014e+00 7.9207450669e-03 8.7757579971e-03
3.6334169313e+01 3.6074442807e+01 3.1517435725e+01 9.9285172852e-01 1.7140022872e-02 7.6938325243e+01 4.8357964712e+00 -2.5094012881e-01 1.7663274954e+01 1.4758355780e-02 2.8505310828e-02
4.2791346063e+01 2.3248523931e+01 2.7207557616e+01 5.4329966384e-01 2.2496977230e-02 1.0138875295e+02 8.6298818422e+01 7.9795317720e-01 1.0092395669e+01 5.4726689836e-03 5.5709389479e-03
8.3321553643e+01 6.8049608390e+01 6.5484899420e+01 8.1671074788e-01 1.7591256912e-01 8.7807861426e+02 7.8262612192e+00 7.7605879081e-01 8.2062762465e+00 7.1246780206e-03 9.3176767265e-03
2.0219499643e+01 1.6802934300e+01 1.6032465968e+01 8.3102621712e-01 1.7154247399e-02 7.7002996204e+01 3.8915459869e+01 -9.7749615236e-01 1.0308399201e+01 1.0301084877e-02 1.0728700351e-02
3.5962476928e+01 2.9765485326e+01 2.8456894579e+01 8.2768173578e-01 1.9464019217e-02 8.7522139550e+01 2.1393471264e+01 -2.8780699029e-01 9.7873033319e+00 8.9942642216e-03 9.7202238003e-03
4.5837494808e+01 1.9643686605e+01 2.5671013853e+01 4.2855061534e-01 2.0313623851e-02 9.1400344396e+01 7.9576150460e+01 6.5820536688e-01 9.1277397428e+00 5.8582338511e-03 5.9726355330e-03
2.6498393635e+01 2.4733166203e+01 2.2283943164e+01 9.3338360596e-01 2.1202697575e-02 9.5463856699e+01 1.0058245672e+02 -8.5653846527e-01 8.6443748015e+00 5.8584793871e-03 5.9483142297e-03
5.7098466334e+01 3.6057844274e+01 3.9294526977e+01 6.3150285093e-01 4.8853280038e-02 2.2443748686e+02 8.9850122820e+00 5.0901453171e-01 1.0001952464e+01 9.9987793862e-03 1.2470723555e-02
1.8234287496e+01 1.8194871559e+01 1.5856701330e+01 9.9783836151e-01 1.0165871260e-02 4.5393884899e+01 5.1498361450e+01 -8.7505507806e-01 1.4383690782e+01 9.3782056677e-03 9.6669126960e-03
7.7639647947e+01 6.4338974626e+01 6.1473794914e+01 8.2868709902e-01 9.5640427075e-02 4.5381152191e+02 3.2443019042e+01 -8.7359958975e-01 9.0990844022e+00 4.5449224230e-03 4.7748096532e-03
5.2597031205e+01 3.8988792633e+01 3.9334620056e+01 7.4127363732e-01 5.8799639794e-02 2.7204422639e+02 2.3293353848e+01 8.2117239869e-01 9.2695952361e+00 6.9496953759e-03 7.4584722659e-03
3.4606961384e+01 3.1197871594e+01 2.8597067634e+01 9.0149121293e-01 3.8562127675e-02 1.7585150712e+02 4.2608136463e+01 -9.0984926572e-01 8.7797838267e+00 6.8452576688e-03 7.1030510851e-03
2.8444185037e+01 2.3657730290e+01 2.2563642242e+01 8.3172466568e-01 3.2098760102e-02 1.4568949286e+02 1.4532282627e+01 -8.4768943295e-01 9.5441129166e+00 1.1928587381e-02 1.3459169588e-02
3.5043089822e+01 2.7283512061e+01 2.6876140924e+01 7.7857038861e-01 2.4436389009e-02 1.1028771366e+02 5.3784070216e+01 8.4524596645e-01 1.1157611516e+01 6.5768536377e-03 6.7702452536e-03
6.4770544948e+01 4.5133853958e+01 4.6916430981e+01 6.9682683685e-01 1.0263823439e-01 4.8928506106e+02 5.5154605939e+00 9.9075131507e-01 1.2487420539e+01 1.0416667794e-02 1.6908992859e-02
3.2759197227e+01 2.8614019433e+01 2.6641059587e+01 8.7346522062e-01 1.9711344656e-02 8.8650614427e+01 4.5031761743e+00 -7.7853784182e-01 2.2740476221e+01 1.6810598501e-02 3.8239107879e-02
4.4777596922e+01 3.5939316639e+01 3.4880720659e+01 8.0261825353e-01 3.6314655016e-02 1.6533244514e+02 2.8031552018e+00 -5.4174072262e-01 1.2098691475e+01 1.6797895820e-02 1.0000000000e+00
3.5362159417e+01 2.9238592155e+01 2.7967241133e+01 8.2683276805e-01 1.7167934208e-02 7.7065223734e+01 2.5968832844e+02 -7.7408138988e-01 8.2107260484e+00 3.5704639428e-03 3.5913085892e-03
3.7245297723e+01 3.3302115743e+01 3.0649948318e+01 8.9412940098e-01 5.0808078877e-02 2.3374373246e+02 2.7819337749e+01 9.0835068600e-01 8.1977385125e+00 7.6351922929e-03 8.0928481856e-03
6.0351639856e+01 3.9401276041e+01 4.2260486993e+01 6.5286173060e-01 5.7938935628e-02 2.6789958433e+02 3.4348598495e+01 7.4041972321e-01 8.3183201385e+00 5.7472213437e-03 6.0203510584e-03
3.2921754679e+01 2.4410656708e+01 2.4623933002e+01 7.4147495921e-01 4.3326697440e-02 1.9826037138e+02 4.6930878138e+00 -8.6077816253e-01 1.0199931973e+01 1.7140072296e-02 3.5116728991e-02
6.2650586014e+01 5.1945568920e+01 4.9619247952e+01 8.2913141320e-01 2.9523544141e-02 1.3374827348e+02 2.4809926157e+01 -5.6882008158e-02 1.0186953502e+01 5.9738890616e-03 6.3810221616e-03
3.4709764859e+01 3.4363015058e+01 3.0065219118e+01 9.9001002161e-01 1.2257212530e-02 5.4818888177e+01 3.0245772518e+02 -8.7955088404e-01 1.2316541504e+01 3.2327673720e-03 3.2489471777e-03
6.1990520837e+01 1.1194664021e+01 2.1474208953e+01 1.8058670697e-01 3.0195759279e-02 1.3686111327e+02 3.6903654747e+00 -9.1605096254e-01 1.1371296874e+01 2.0594281428e-02 1.0000000000e+00
3.5119739911e+01 1.7523239590e+01 2.1341813560e+01 4.9895698643e-01 1.5418881751e-02 6.9123237625e+01 6.7545810001e+01 5.4488250148e-01 8.7830214473e+00 7.0129136249e-03 7.1753039080e-03
2.9176790249e+01 2.5469728255e+01 2.3720541284e+01 8.7294483178e-01 1.7570285882e-02 7.8895087690e+01 1.9568479160e+02 -7.8038898677e-01 8.0716737949e+00 4.3995292345e-03 4.4337350725e-03
5.0311049662e+01 1.4911682581e+01 2.3026833444e+01 2.9638981259e-01 1.5684533559e-02 7.0328175396e+01 1.3357514162e+02 9.0312430806e-01 1.1590119400e+01 5.1778917283e-03 5.2372637617e-03
4.4117339590e+01 3.9777294758e+01 3.6458592473e+01 9.0162496487e-01 5.3241345150e-02 2.4536214271e+02 3.6324871321e+01 8.7733592154e-01 8.6821274341e+00 6.1892687075e-03 6.4660575841e-03
2.8289400292e+01 1.5971973598e+01 1.8356269138e+01 5.6459215938e-01 2.4127392111e-02 1.0886821656e+02 1.6571405721e+01 9.5933735083e-01 1.0456325826e+01 1.2981488331e-02 1.4398435414e-02
6.6889224079e+01 4.8836240204e+01 4.9633310268e+01 7.3010624471e-01 7.8453550873e-02 3.6796096082e+02 2.1228805448e+01 -7.4783471073e-01 8.7995059035e+00 6.1512656140e-03 6.6522088656e-03
8.1903851449e+01 7.3942985700e+01 6.7730017180e+01 9.0280230285e-01 1.8631891729e-01 9.3577165130e+02 6.4955783443e+00 -8.8615675252e-01 9.8045350095e+00 7.4400337830e-03 1.0650436047e-02
4.2110889212e+01 3.5611662757e+01 3.3688570886e+01 8.4566399388e-01 4.1710434646e-02 1.9064218072e+02 1.8191762492e+01 -6.1799739822e-01 9.0379019743e+00 8.4859252126e-03 9.3140510954e-03
7.7109272442e+01 6.5400544025e+01 6.1779419563e+01 8.4815407997e-01 1.6563971236e-01 8.2171460113e+02 9.6710223948e+00 9.5356054633e-01 9.0777700957e+00 6.8625970294e-03 8.3833506728e-03
3.3283709057e+01 2.7854239016e+01 2.6485711081e+01 8.3687304706e-01 2.9460081601e-02 1.3345454994e+02 6.9754526717e+00 7.1826349782e-01 1.3240833087e+01 1.4233702248e-02 1.9591835824e-02
2.9174189562e+01 2.6188052140e+01 2.4055725813e+01 8.9764454584e-01 1.7886801107e-02 8.0335333425e+01 8.6915895918e+00 -8.6347151531e-01 2.1181604780e+01 1.4017960159e-02 1.7664527298e-02
3.4937975354e+01 2.0083233260e+01 2.2886152883e+01 5.7482533137e-01 1.5678167111e-02 7.0299293075e+01 8.0943284310e+01 -8.6054968817e-01 1.2904601087e+01 6.2718745766e-03 6.3922117499e-03
6.8161911956e+01 6.7411303800e+01 5.9010584320e+01 9.8898786530e-01 2.7442526414e-02 1.2413053908e+02 4.4149533689e+01 -6.5075783570e-01 2.0406754022e+01 4.3240806931e-03 4.4808550535e-03
3.0637985342e+01 2.8355405495e+01 2.5655292349e+01 9.2549837003e-01 1.6506616821e-02 7.4059952370e+01 2.1290381986e+02 7.1105112938e-01 8.2188112703e+00 4.0613691139e-03 4.0903584094e-03
3.5252621700e+01 3.1945855612e+01 2.9207318093e+01 9.0619800944e-01 2.8822334979e-02 1.3050434152e+02 2.0519832985e+01 -5.6931561596e-01 9.8833904033e+00 8.9373860900e-03 9.6944591085e-03
6.7059814656e+01 6.6672088578e+01 5.8209898262e+01 9.9421820534e-01 1.2011760005e-01 5.7918200539e+02 1.1579745515e+01 -9.4863664247e-01 1.0686028394e+01 6.8252855220e-03 8.0008747231e-03
3.0293705339e+01 2.5074115085e+01 2.3971506121e+01 8.2770050095e-01 4.2716598736e-02 1.9538270356e+02 8.0342596219e+00 9.9517231194e-01 1.0453923962e+01 1.4252877077e-02 1.8454224364e-02
6.7356847594e+01 5.7730346406e+01 5.4253652327e+01 8.5708207062e-01 9.2679738822e-02 4.3889294527e+02 2.5734576847e+01 7.9275631943e-01 8.2004080403e+00 5.3690900418e-03 5.7202219238e-03
5.2865231063e+01 4.9682304833e+01 4.4610601202e+01 9.3979168981e-01 6.9194715152e-02 3.2247210696e+02 5.1258350098e+01 -9.7713278058e-01 8.3144710180e+00 4.7500667180e-03 4.8970212099e-03
5.2286271046e+01 4.3002071474e+01 4.1239963612e+01 8.2243523232e-01 7.0813605240e-02 3.3038698056e+02 1.7439068768e+01 -8.3847310792e-01 9.0877227765e+00 7.4680017830e-03 8.2344994659e-03
5.1346785460e+01 3.0029958366e+01 3.3942258167e+01 5.8484592749e-01 4.3196671955e-02 1.9764687450e+02 1.1818195415e+01 -5.7465892647e-01 9.3783594493e+00 9.9202410960e-03 1.1582810981e-02
4.7798530340e+01 1.8939159389e+01 2.5656116079e+01 3.9622890608e-01 4.0882977946e-02 1.8674856173e+02 1.1777782807e+01 -8.4355248748e-01 9.3551803153e+00 1.1848173457e-02 1.3842970785e-02
3.2609783045e+01 2.8686661018e+01 2.6615197325e+01 8.7969493627e-01 5.4266129160e-02 2.5026666866e+02 4.3427594296e+00 -9.0456419626e-01 9.6857332593e+00 1.6699697843e-02 4.3276262705e-02
6.1646316842e+01 2.8271639410e+01 3.5808455623e+01 4.5861035758e-01 4.7298446966e-02 2.1705294300e+02 3.9080264292e+00 4.3284239923e-01 9.8707227551e+00 1.4492778409e-02 1.0000000000e+00
3.3310337112e+01 3.1932629707e+01 2.8391052145e+01 9.5864024433e-01 1.8076725761e-02 8.1199872330e+01 2.5596717475e+02 -9.2895831739e-01 9.3948913376e+00 3.5542698051e-03 3.5753248528e-03
4.6003017474e+01 3.5938487648e+01 3.5343282542e+01 7.8122022469e-01 3.2802029982e-02 1.4895811484e+02 1.0715877790e+02 -9.3903634475e-01 9.7686221008e+00 4.2580215745e-03 4.3192012874e-03
3.0660626428e+01 2.9766778990e+01 2.6299102670e+01 9.7084705886e-01 4.7459357800e-02 2.1781645154e+02 1.3881872153e+01 -8.6920098789e-01 8.2559776849e+00 1.0925816649e-02 1.2411012462e-02
1.6804436723e+01 1.5573434503e+01 1.4081060289e+01 9.2674540417e-01 1.5658296776e-02 7.0209150152e+01 1.8743777465e+01 9.8259860654e-01 1.1135056350e+01 1.4705674930e-02 1.6090816928e-02
4.3442455894e+01 4.1997257664e+01 3.7183410761e+01 9.6673304488e-01 5.7204015071e-02 2.6436438053e+02 6.5070052644e+00 -9.5281506670e-01 1.4566780248e+01 1.1623456407e-02 1.6621492127e-02
4.7824241834e+01 3.6353256947e+01 3.6230610198e+01 7.6014288054e-01 4.0830077799e-02 1.8649979006e+02 1.0163132755e+02 9.5053513932e-01 8.3342016123e+00 4.2559911579e-03 4.3205607745e-03
6.1099133002e+01 6.0800169042e+01 5.3059561537e+01 9.9510690340e-01 6.1898492517e-02 2.8700551897e+02 2.9223089359e+00 -2.3409898220e-02 8.3805340795e+00 1.2531246775e-02 1.0000000000e+00
3.6018165897e+01 3.3650005356e+01 3.0303804595e+01 9.3425094025e-01 1.5467271426e-02 6.9342687312e+01 1.0225556400e+02 -6.1356862226e-01 1.2516476318e+01 4.8215448133e-03 4.8942357043e-03
3.5390803281e+01 3.1919621751e+01 2.9251788675e+01 9.0191854357e-01 1.7556855755e-02 7.8833991091e+01 4.2029168741e+01 -7.4254755138e-01 1.6414560849e+01 6.8709968244e-03 7.1335791756e-03
3.1472290024e+01 2.8259813870e+01 2.5954760320e+01 8.9792683813e-01 1.9685717152e-02 8.8533664580e+01 8.1411658389e+01 -9.1814214506e-01 1.2659860745e+01 5.7708019267e-03 5.8808656024e-03
3.1123216213e+01 2.6062102449e+01 2.4774188709e+01 8.3738461572e-01 3.1522833765e-02 1.4301515038e+02 5.9194407583e+01 9.3263443385e-01 8.3927029520e+00 6.6472430557e-03 6.8239550875e-03
8.0355095776e+01 6.0428530566e+01 6.0540059648e+01 7.5201864900e-01 1.1352630177e-01 5.4506789587e+02 2.1787967636e+01 8.9370483987e-01 9.0338895178e+00 5.2738150452e-03 5.6906095900e-03
3.4469733823e+01 3.3657414983e+01 2.9651534234e+01 9.7643385224e-01 3.8008393524e-02 1.7325675190e+02 5.1072606316e+01 9.5240634304e-01 9.2261169474e+00 6.2545376800e-03 6.4487810106e-03
3.3602209394e+01 3.0317564448e+01 2.7778592699e+01 9.0224913760e-01 1.1913733530e-02 5.3268921840e+01 1.5679134591e+02 -4.3639869889e-01 1.0021001687e+01 4.3465169603e-03 4.3888438352e-03
3.5569490052e+01 2.8042468030e+01 2.7455450272e+01 7.8838543903e-01 1.5139388630e-02 6.7856028337e+01 1.5265034302e+02 -8.9055851663e-01 1.3512546367e+01 4.4138001760e-03 4.4579697629e-03
8.1839909596e+01 6.2194389435e+01 6.1992139492e+01 7.5995183453e-01 1.4775508867e-01 7.2500530679e+02 5.6182592658e+00 6.6169437145e-01 8.8934009224e+00 8.4762531583e-03 1.3517972141e-02
7.6531441140e+01 6.6977992280e+01 6.2299867064e+01 8.7516962026e-01 2.3529030977e-01 1.2151060954e+03 3.4822114286e+00 -9.0922973879e-01 8.5571671305e+00 9.6563938369e-03 1.0000000000e+00
5.5718765611e+01 5.4539167154e+01 4.7989256765e+01 9.7882942228e-01 3.5395940100e-02 1.6104199580e+02 2.1232527424e+01 -8.4438353102e-02 8.6898870765e+00 6.4437481343e-03 6.9684040607e-03
3.4992766778e+01 1.8993222934e+01 2.2237704521e+01 5.4277568432e-01 3.0159899731e-02 1.3669498266e+02 4.9674385760e+00 8.6653349994e-01 1.2407107029e+01 1.8024965039e-02 3.3290118833e-02
3.7444984219e+01 3.2831533270e+01 3.0510466210e+01 8.7679388722e-01 1.0498173705e-02 4.6889500570e+01 1.8237835455e+02 -6.3657125636e-01 1.4803104415e+01 3.8765065542e-03 3.9088787568e-03
3.0612179353e+01 3.0450971673e+01 2.6579169111e+01 9.9473387118e-01 1.6577791219e-02 7.4383254939e+01 1.7515884393e+02 -6.1165709031e-01 8.2087375139e+00 4.2739797038e-03 4.3111658219e-03
3.8075150325e+01 3.5272739411e+01 3.1898551710e+01 9.2639790283e-01 2.0781909630e-02 9.3539989819e+01 4.9164453799e+01 -4.6510649789e-01 1.0498420052e+01 6.1250773808e-03 6.3231283990e-03
4.2795478588e+01 3.4396163614e+01 3.3360356277e+01 8.0373358936e-01 1.8228932095e-02 8.1892890733e+01 4.5890686198e+01 8.3933428729e-02 8.5829423340e+00 6.1214099545e-03 6.3343800907e-03
4.3892265243e+01 3.5957810859e+01 3.4550447465e+01 8.1922887006e-01 2.5608467582e-02 1.1567785767e+02 1.6096410156e+02 -8.5873708357e-01 9.2323379564e+00 3.7239197248e-03 3.7592271597e-03
2.4072585733e+01 1.3104076548e+01 1.5321575262e+01 5.4435683367e-01 1.4021229342e-02 6.2791574541e+01 7.6626370236e+00 6.1560553709e-01 1.0705917968e+01 1.9529218140e-02 2.5757517062e-02
4.2281920462e+01 4.1230372112e+01 3.6347378575e+01 9.7513007124e-01 2.2282159211e-02 1.0040459855e+02 9.7796933708e+01 5.3524018124e-01 9.6577925024e+00 4.3578407553e-03 4.4266234470e-03
3.0877294749e+01 1.5392290901e+01 1.8754538491e+01 4.9849868732e-01 1.5434762357e-02 6.9195255271e+01 2.0498690175e+02 -9.2984080399e-01 8.3311589291e+00 5.0138858922e-03 5.0510751426e-03
7.4973260787e+01 4.7383114764e+01 5.1616990871e+01 6.3200018602e-01 7.7184584237e-02 3.6169479950e+02 4.3868199273e+01 -9.4782958443e-01 8.9652501156e+00 4.5754920750e-03 4.7425181615e-03
6.0867284970e+01 5.6629502181e+01 5.1103518924e+01 9.3037667458e-01 5.4098708073e-02 2.4946494629e+02 1.0028548018e+02 -9.6525192514e-01 8.5079827975e+00 3.4227400501e-03 3.4753847275e-03
6.6295019676e+01 5.9177095764e+01 5.4509385578e+01 8.9263259976e-01 9.8454303577e-02 4.6803992977e+02 5.2504812970e+00 -9.9901908605e-01 1.6299506707e+01 9.6841782293e-03 1.6585688018e-02
4.8591234128e+01 4.8484495855e+01 4.2254635058e+01 9.9780334303e-01 8.8873849313e-02 4.1979439822e+02 1.1716659717e+01 9.0715232739e-01 9.0801751761e+00 8.4496138061e-03 9.8821691905e-03
3.8223533950e+01 3.6254228489e+01 3.2404727875e+01 9.4847924149e-01 4.0242108175e-02 1.8373599125e+02 2.3988203953e+01 -6.5838882887e-01 8.6869267580e+00 7.8448083469e-03 8.4002328214e-03
3.3653748928e+01 2.5361496769e+01 2.5382369082e+01 7.5360093830e-01 2.4767610340e-02 1.1181000949e+02 7.7169614080e+01 9.4321247882e-01 1.0251629383e+01 5.9518901092e-03 6.0718808490e-03
3.5877067161e+01 3.5752923750e+01 3.1178708277e+01 9.9653975589e-01 1.1551514371e-02 5.1635247867e+01 3.7355820833e+02 -5.9709965032e-01 8.2567649103e+00 2.9208386018e-03 2.9326541287e-03
3.3217563466e+01 3.1416741070e+01 2.8120609376e+01 9.4578704129e-01 1.4503938915e-02 6.4976873267e+01 1.9474477385e+02 -9.1976121313e-01 1.3306922606e+01 3.9702881069e-03 4.0013077876e-03
4.3150675619e+01 4.2545348632e+01 3.7300244386e+01 9.8597178424e-01 3.6192547102e-02 1.6476187646e+02 2.6545653643e+00 1.1321286991e-01 8.1084167635e+00 1.6441942334e-02 1.0000000000e+00
3.3745113052e+01 2.3973606291e+01 2.4688983899e+01 7.1043194473e-01 4.5289542380e-02 2.0753493542e+02 6.0209568294e+00 -7.1655768032e-01 8.0991464080e+00 1.5567138409e-02 2.3442259308e-02
6.6923424264e+01 4.5755383206e+01 4.8000279076e+01 6.8369757987e-01 8.5934708253e-02 4.0510630065e+02 2.8194307440e+01 8.6824295200e-01 8.0739819230e+00 5.6228375121e-03 5.9548883348e-03
2.6048258980e+01 2.2643436965e+01 2.1132050939e+01 8.6928792373e-01 1.0278864240e-02 4.5902356553e+01 1.7970353524e+02 -7.1231484282e-01 1.1720984909e+01 4.9045332993e-03 4.9461095697e-03
4.6734069723e+01 2.9109341540e+01 3.1931257251e+01 6.2287195855e-01 2.9026553583e-02 1.3144876274e+02 7.5475472440e+01 -7.3307591856e-01 9.1149372291e+00 5.1861124311e-03 5.2931015943e-03
2.6830865154e+01 2.5580000643e+01 2.2805356718e+01 9.5337964305e-01 2.8978481979e-02 1.3122642799e+02 3.7966398462e+00 -5.1193259491e-01 8.3388116174e+00 1.9638982846e-02 1.0000000000e+00
6.3274000176e+01 6.2729817036e+01 5.4845733231e+01 9.9139957741e-01 6.8574122502e-02 3.1944235633e+02 1.5157366769e+01 -8.0109289121e-01 1.3340664091e+01 6.5950735897e-03 7.3980611140e-03
4.1994274525e+01 4.0558842504e+01 3.5926812381e+01 9.6581838747e-01 7.1214323844e-02 3.3234866725e+02 4.3142094067e+00 5.8702972244e-01 8.2846554530e+00 1.3741159294e-02 3.6698992247e-02
5.2368386733e+01 5.0578343988e+01 4.4802037861e+01 9.6581825684e-01 8.0227972175e-02 3.7673987234e+02 1.4943431255e+01 9.4620451416e-01 1.0469632227e+01 7.4729766784e-03 8.3990454792e-03
5.0960134428e+01 4.0071829407e+01 3.9282856317e+01 7.8633680733e-01 6.2031874513e-02 2.8765085857e+02 3.2502312470e+01 9.7506818329e-01 9.3578838076e+00 6.1268890221e-03 6.4361747249e-03
3.4825038247e+01 2.0374305381e+01 2.3024905971e+01 5.8504760962e-01 1.7895856772e-02 8.0376549439e+01 1.0005440387e+02 8.4829334966e-01 1.0546599982e+01 5.7629374687e-03 5.8517869373e-03
3.1867670708e+01 2.8010273566e+01 2.5998436225e+01 8.7895578634e-01 2.6390550216e-02 1.1927954696e+02 5.7674403751e+01 8.1915086805e-01 9.4640924484e+00 6.5334061329e-03 6.7119020905e-03
8.2846029591e+01 7.8033424282e+01 6.9989243962e+01 9.4190904098e-01 5.0615660899e-02 2.3282659380e+02 4.3259795778e+01 -2.6186313343e-01 8.0734077264e+00 3.8622651541e-03 4.0053755888e-03
2.7544399947e+01 2.2481543780e+01 2.1640964351e+01 8.1619290393e-01 3.2620252122e-02 1.4811294586e+02 1.0048961991e+01 7.7316234050e-01 8.8787977336e+00 1.4056089432e-02 1.7003160024e-02
3.6032853291e+01 3.2454187928e+01 2.9761852447e+01 9.0068326443e-01 3.0450686035e-02 1.3804238534e+02 8.9550904874e+00 -4.0658009609e-01 9.6414754528e+00 1.2042454624e-02 1.5034774351e-02
8.3180368682e+01 6.7204805209e+01 6.5014719939e+01 8.0794069892e-01 1.3524860869e-01 6.5846584612e+02 1.2749810907e+01 7.5516270138e-01 8.5937458599e+00 6.0924597344e-03 7.0162825686e-03
3.6442899439e+01 2.7861202659e+01 2.7689807305e+01 7.6451662980e-01 2.5590917995e-02 1.1559708376e+02 3.9321787484e+00 3.3845148262e-01 1.0613490429e+01 1.7203803016e-02 1.0000000000e+00
3.9549806163e+01 3.2259060730e+01 3.1062902370e+01 8.1565660771e-01 3.6450888211e-02 1.6596913143e+02 7.2590690752e+01 -8.7721944402e-01 8.3904927690e+00 5.3299258819e-03 5.4444257199e-03
3.6603718840e+01 3.5909398780e+01 3.1561431390e+01 9.8103143390e-01 6.9126468981e-02 3.2213880857e+02 4.0807169587e+00 9.6749948061e-01 1.0615861414e+01 1.5232755016e-02 6.6327379387e-02
4.7830637341e+01 4.3820947355e+01 3.9847837930e+01 9.1616900361e-01 4.7740977553e-02 2.1915311597e+02 2.1546230628e+01 -7.9572514636e-01 1.1476185208e+01 7.1448780638e-03 7.7168511446e-03
3.1151918918e+01 2.5184072644e+01 2.4356185430e+01 8.0842765129e-01 2.4656731924e-02 1.1130033053e+02 8.5724318208e+01 -9.6518292710e-01 9.7169408557e+00 5.8717077931e-03 5.9778733520e-03
3.6860452827e+01 2.7433933324e+01 2.7623241234e+01 7.4426468533e-01 6.8285503855e-02 3.1803413850e+02 5.8892337309e+00 9.7325466145e-01 8.5150657839e+00 1.4435188662e-02 2.2109930466e-02
3.4062231869e+01 3.4033831122e+01 2.9640529904e+01 9.9916621003e-01 1.9805804000e-02 8.9081712739e+01 2.4978024786e+02 9.1333665388e-01 8.8193382386e+00 3.4880628893e-03 3.5092432603e-03
3.9544097036e+01 2.7814310656e+01 2.8782705629e+01 7.0337452974e-01 1.5909304717e-02 7.1348056183e+01 3.7909529284e+02 -9.8823140862e-01 8.8614053245e+00 3.0454291456e-03 3.0575674151e-03
4.0965200642e+01 2.3620460708e+01 2.6877869937e+01 5.7659819402e-01 1.5192055108e-02 6.8094775826e+01 1.8713709595e+02 6.2728881200e-01 8.9511152092e+00 4.1437769892e-03 4.1774879932e-03
4.0646598711e+01 1.5491632529e+01 2.1360976043e+01 3.8112986131e-01 1.2450686105e-02 5.5692296158e+01 1.3078100526e+02 -7.2542282411e-01 1.1109303039e+01 5.4808085725e-03 5.5450257068e-03
2.8818949848e+01 2.6075252359e+01 2.3858256719e+01 9.0479536892e-01 2.7189387641e-02 1.2296256912e+02 5.4929789231e+01 -7.9254650771e-01 8.1489341505e+00 7.0175739647e-03 7.2193902553e-03
7.8686563087e+01 5.6500883328e+01 5.7887689466e+01 7.1804995811e-01 1.5497619438e-01 7.6383401940e+02 1.2522165240e+01 -9.5510314890e-01 8.2026307280e+00 6.5247883158e-03 7.5377196595e-03
3.0464440373e+01 2.5577058519e+01 2.4281993166e+01 8.3957092944e-01 2.2192788231e-02 9.9995249934e+01 1.7946668396e+02 9.3536377517e-01 8.0180663220e+00 4.4659729464e-03 4.5038822373e-03
3.6782211942e+01 3.3506808703e+01 3.0555194091e+01 9.1095143371e-01 3.5687417726e-02 1.6240261464e+02 9.8206969779e+01 9.5756882291e-01 8.2113620997e+00 4.8102902761e-03 4.8858880654e-03
2.2113005294e+01 2.0852147727e+01 1.8692003995e+01 9.4298117554e-01 1.8242707582e-02 8.1955620230e+01 1.8066065281e+01 6.8673536901e-01 1.0278722834e+01 1.2471104512e-02 1.3698216431e-02
3.3261707983e+01 2.7909449727e+01 2.6503800398e+01 8.3908648774e-01 1.7597131841e-02 7.9017219465e+01 1.4349003160e+01 1.8634539362e-01 9.7721228904e+00 1.0934780693e-02 1.2360364603e-02
7.2499281374e+01 4.2455226288e+01 4.7957188651e+01 5.8559513258e-01 8.1591908768e-02 3.8350122401e+02 2.3547456276e+01 -8.7510005977e-01 9.0568718506e+00 6.0341836989e-03 6.4705125380e-03
3.6334691311e+01 3.4748737042e+01 3.0931617180e+01 9.5635151390e-01 3.5473581790e-02 1.6140437325e+02 4.7001311850e+01 7.4431844206e-01 8.4984545186e+00 6.2938439322e-03 6.5073111407e-03
3.6991822986e+01 3.2569753221e+01 3.0204958159e+01 8.8045818216e-01 2.4664578151e-02 1.1133639490e+02 1.0193057295e+02 8.0765585512e-01 9.8391110584e+00 4.8099891022e-03 4.8827434506e-03
7.7188819206e+01 6.4824269011e+01 6.1533205676e+01 8.3981423318e-01 2.8166452444e-02 1.2747303247e+02 2.2876432480e+01 -3.6107681956e-02 1.3989907884e+01 5.3878689611e-03 5.7905213460e-03
5.3582493908e+01 3.9919432592e+01 4.0175404486e+01 7.4500885793e-01 6.9670063787e-02 3.2479441208e+02 9.0436250364e+00 7.5494506939e-01 9.8026478721e+00 9.7170844122e-03 1.2095835831e-02
6.7260274114e+01 6.1932881650e+01 5.6177195056e+01 9.2079436882e-01 1.2464077922e-01 6.0274149804e+02 3.9492545834e+00 -5.4862907112e-01 8.9882363943e+00 1.0420028223e-02 1.0000000000e+00
3.9081767648e+01 3.0921717564e+01 3.0221690383e+01 7.9120570602e-01 2.6223315953e-02 1.1850905081e+02 7.0308989513e+01 -7.2494142524e-01 9.6178777052e+00 5.5216169912e-03 5.6442429062e-03
3.7121847361e+01 2.4870912533e+01 2.6346600502e+01 6.6998046437e-01 2.2413326642e-02 1.0100548475e+02 1.0703596977e+02 -9.1661629938e-01 1.0321807625e+01 5.1508352304e-03 5.2249301564e-03
7.2606546996e+01 7.0423701424e+01 6.2248830977e+01 9.6993596774e-01 6.1410784592e-02 2.8464681250e+02 3.3385652252e+01 9.0246387353e-01 1.4493960460e+01 4.5506832607e-03 4.7737624881e-03
3.4776103424e+01 2.4748044370e+01 2.5465631221e+01 7.1163937108e-01 1.4052378928e-02 6.2932546286e+01 2.3977768490e+00 2.8720794039e-01 1.2070311850e+01 2.1977747821e-02 1.0000000000e+00
3.8891857367e+01 2.9443939036e+01 2.9402421861e+01 7.5707207188e-01 1.2633398888e-02 5.6517356779e+01 2.7694116098e+02 -5.9670124243e-01 9.0214526224e+00 3.3874924229e-03 3.4060244422e-03
8.4185292632e+01 7.5172629638e+01 6.9231357816e+01 8.9294254718e-01 5.3035152035e-02 2.4437613402e+02 4.8759916049e+01 5.8505860732e-01 1.0723263256e+01 3.7126248147e-03 3.8337271045e-03
3.7807083827e+01 2.8339076458e+01 2.8436385694e+01 7.4957054579e-01 3.5590196708e-02 1.6194872473e+02 4.1344499216e+00 8.5094185153e-01 1.5091474823e+01 1.6504415095e-02 5.9641228602e-02
3.0948476815e+01 1.7589387326e+01 2.0151986458e+01 5.6834420096e-01 1.4543452568e-02 6.5155826604e+01 1.9849003243e+02 -9.6508658307e-01 1.0009609570e+01 4.8545715628e-03 4.8917743476e-03
3.5446500648e+01 3.2053775512e+01 2.9336643614e+01 9.0428603463e-01 2.6585611338e-02 1.2017848292e+02 1.3662299523e+02 -8.2867397760e-01 8.0661018353e+00 4.3837503995e-03 4.4328719099e-03
8.5812752970e+01 4.9031385816e+01 5.6033685352e+01 5.7137644602e-01 1.2301365806e-01 5.9425252022e+02 1.8758387937e+00 -9.1785417999e-01 1.0371556118e+01 1.3810233920e-02 1.0000000000e+00
3.5715719282e+01 9.1781913428e+00 1.5098451819e+01 2.5697904249e-01 1.3605193460e-02 6.0909370145e+01 3.5101626532e+00 7.3484907064e-01 1.0419272033e+01 2.6419357381e-02 1.0000000000e+00
4.1801283477e+01 4.0925037310e+01 3.6006298575e+01 9.7903781670e-01 6.6106818263e-02 3.0742092296e+02 1.6873774071e+01 -9.5129295698e-01 9.3085323677e+00 8.2528539063e-03 9.1341688859e-03
3.0905564338e+01 2.9069880085e+01 2.6091152076e+01 9.4060343848e-01 2.7474000371e-02 1.2427578796e+02 3.8087801996e+01 -9.9204662393e-01 1.2282212120e+01 7.6113372534e-03 7.9347099833e-03
3.3361153946e+01 2.7966158356e+01 2.6570121457e+01 8.3828510253e-01 3.2344110541e-02 1.4682945142e+02 2.3852451523e+01 9.7053365298e-01 1.1824617341e+01 8.9425132992e-03 9.5797499615e-03
3.8115878243e+01 3.6635083991e+01 3.2529584495e+01 9.6115019985e-01 3.4891583754e-02 1.5868897120e+02 2.5731717028e+01 7.5706899466e-01 1.1051826927e+01 7.6473611164e-03 8.1475516176e-03
8.5861445275e+01 4.9200670916e+01 5.6150654354e+01 5.7302402444e-01 5.5262865356e-02 2.5504341187e+02 3.4512872590e+01 -7.4826450257e-01 1.2042270956e+01 4.8109479041e-03 5.0383972800e-03
3.4297995478e+01 2.0630328672e+01 2.3009419477e+01 6.0150246056e-01 1.5409575430e-02 6.9081034772e+01 1.3471157672e+02 -9.6730466662e-01 1.2557299484e+01 5.1647829574e-03 5.2234946035e-03
2.8576887510e+01 2.5416025391e+01 2.3453420218e+01 8.8939095910e-01 1.3838345799e-02 6.1964041000e+01 2.3562608863e+02 -9.0646834865e-01 1.0703486008e+01 4.1421675910e-03 4.1688486568e-03
6.5840574999e+01 4.7632526266e+01 4.8625015579e+01 7.2345246479e-01 9.4826651198e-02 4.4970565584e+02 1.3958761230e+00 -9.4829315696e-01 9.5328935554e+00 1.7128722248e-02 1.0000000000e+00
3.4162663791e+01 1.6971122993e+01 2.0711702219e+01 4.9677399563e-01 1.7206563317e-02 7.7240859004e+01 9.9991126768e+01 8.1281250440e-01 9.3232023735e+00 6.1612609450e-03 6.2563133505e-03
2.8964823683e+01 2.5389638520e+01 2.3597685217e+01 8.7656803292e-01 1.8385521975e-02 8.2606029311e+01 1.1550831018e+02 -7.6160920745e-01 9.1568241768e+00 5.3759134616e-03 5.4474345071e-03
7.5681820741e+01 6.4266159676e+01 6.0672379131e+01 8.4916244147e-01 1.6603983159e-01 8.2389889049e+02 7.5742326980e+00 -9.5927370837e-01 9.6730261158e+00 7.6050748830e-03 1.0078871940e-02
6.1701117321e+01 5.6195141195e+01 5.1250141952e+01 9.1076375330e-01 9.9145030484e-02 4.7153997104e+02 2.3240165501e+01 -8.7051786470e-01 8.1108727017e+00 5.7592010666e-03 6.1819237764e-03
3.4971261895e+01 2.3149289859e+01 2.4665131782e+01 6.6195180283e-01 1.7586544101e-02 7.8969051511e+01 2.2932585156e+01 8.5496651143e-01 1.7552889816e+01 9.5932688376e-03 1.0308198575e-02
3.1813949298e+01 3.1727654904e+01 2.7658059058e+01 9.9728752965e-01 2.1823810602e-02 9.8305771952e+01 8.0686348329e+01 -9.0143913274e-01 1.2114686227e+01 5.5574062662e-03 5.6643867405e-03
3.9007343491e+01 3.6216854409e+01 3.2716191982e+01 9.2846246803e-01 1.9923254786e-02 8.9617823388e+01 1.4032121623e+01 -8.8464957060e-01 2.6143892649e+01 9.6531285371e-03 1.0947552737e-02
5.5395669336e+01 5.1827088729e+01 4.6640390947e+01 9.3558015185e-01 9.4037072663e-02 4.4572574403e+02 1.0458512625e+01 8.7471877442e-01 9.7485351619e+00 8.2651003916e-03 9.9026097104e-03
3.4849342455e+01 3.2633639993e+01 2.9354670519e+01 9.3642053751e-01 3.4820127817e-02 1.5835573524e+02 8.0187009372e+00 8.1135004648e-01 1.3928107372e+01 1.2626789439e-02 1.6360622029e-02
3.7880085730e+01 3.2274911269e+01 3.0419626967e+01 8.5202846422e-01 1.2430166689e-02 5.5599652364e+01 4.3979613383e+01 -9.3372991175e-01 2.9484422459e+01 6.6126740270e-03 6.8534132686e-03
3.2472570451e+01 2.6912654130e+01 2.5712732874e+01 8.2878114533e-01 1.0857090761e-02 4.8505736685e+01 1.3400896007e+02 3.7238113770e-01 9.9870860635e+00 4.8414093458e-03 4.8967396204e-03
3.5248937486e+01 1.6313766439e+01 2.0575624512e+01 4.6281583511e-01 3.3699350952e-02 1.5313334894e+02 5.4096923184e+00 8.3487918565e-01 9.4873214225e+00 1.8286853590e-02 3.0280083935e-02
3.8814046023e+01 3.1191431629e+01 3.0254371151e+01 8.0361196074e-01 3.1921740229e-02 1.4486726041e+02 8.6070132005e+01 -8.9875726145e-01 8.9602206599e+00 5.0971716541e-03 5.1889502961e-03
3.9507103319e+01 2.6226735434e+01 2.7905760014e+01 6.6384860522e-01 6.8515770398e-02 3.1915760449e+02 6.9591992374e+00 9.6455897038e-01 8.2056699962e+00 1.3471447782e-02 1.8564517704e-02
3.1934041581e+01 3.1655419083e+01 2.7678601567e+01 9.9127506306e-01 5.5554236654e-02 2.5644097587e+02 5.7830984366e+00 7.6434739238e-01 8.3571650000e+00 1.4624973504e-02 2.2736026276e-02
3.0073444723e+01 2.2514894272e+01 2.2605491929e+01 7.4866362932e-01 2.0821608367e-02 9.3721444456e+01 4.6127828990e+00 -8.0600723312e-01 1.7078190813e+01 1.8448337148e-02 3.9328136509e-02
6.1088587902e+01 5.5651073104e+01 5.0747714986e+01 9.1098967934e-01 3.2996181255e-02 1.4986105295e+02 8.4703417291e+01 6.4954233148e-01 1.0795783229e+01 3.7090346321e-03 3.7769328721e-03
2.4887920080e+01 2.3978613212e+01 2.1265974729e+01 9.6346392687e-01 1.7990265902e-02 8.0806276361e+01 8.1727720355e+01 9.6360142165e-01 1.1451910125e+01 6.5333985128e-03 6.6575079666e-03
4.0982326911e+01 3.4072341675e+01 3.2503012507e+01 8.3139109570e-01 2.6223552398e-02 1.1851014004e+02 1.7381520304e+01 1.7228404876e-01 8.0768007340e+00 8.9106490176e-03 9.8288498592e-03
3.2463556832e+01 3.1704925618e+01 2.7928611839e+01 9.7663129714e-01 5.7793434577e-02 2.6719940402e+02 5.3409214654e+00 -9.5252500311e-01 1.0148419090e+01 1.4963503350e-02 2.5125406889e-02
3.2025097642e+01 2.7842006380e+01 2.5982261214e+01 8.6938084283e-01 1.3169696788e-02 5.8940365259e+01 2.2437975686e+02 6.6158217341e-01 9.5773452660e+00 3.9589261937e-03 3.9857210043e-03
2.6339571769e+01 1.7048218796e+01 1.8361118149e+01 6.4724737919e-01 1.1457366064e-02 5.1210766270e+01 1.9788646884e+02 -9.7568942426e-01 1.1625450859e+01 5.1610196693e-03 5.2006932456e-03
4.0009901590e+01 2.5329734508e+01 2.7570429410e+01 6.3308664860e-01 2.6806035977e-02 1.2119460877e+02 8.6633459887e+01 9.9297849079e-01 1.0565580340e+01 5.4054413092e-03 5.5021167567e-03
8.2901282822e+01 7.6852966541e+01 6.9477254511e+01 9.2704194585e-01 7.7329135552e-02 3.6240808774e+02 7.5844954492e+00 -6.9212086893e-02 8.8201164089e+00 7.3380188641e-03 9.7194305759e-03
8.1022933686e+01 4.9323527515e+01 5.4698750635e+01 6.0876007904e-01 1.9074953727e-02 8.5747770041e+01 1.2735014379e+01 -3.8251426311e-01 2.9610998886e+01 7.2640904623e-03 8.3672390096e-03
3.9753453891e+01 3.9543091825e+01 3.4515680524e+01 9.9470833236e-01 4.3399689505e-02 1.9860481656e+02 5.7008570496e+01 8.9017613432e-01 8.7461743561e+00 5.4406554262e-03 5.5911223178e-03
3.4388693510e+01 1.4680246275e+01 1.9218880031e+01 4.2689165471e-01 1.9051220012e-02 8.5639562851e+01 2.5431479266e+01 -9.9612943740e-01 1.3238001159e+01 1.0775906859e-02 1.1490095323e-02
5.0234094074e+01 3.4903365478e+01 3.6332509037e+01 6.9481427148e-01 3.9750269262e-02 1.8142579032e+02 5.5910186680e+01 -6.7620190905e-01 8.0024634939e+00 5.3192006103e-03 5.4693504480e-03
4.6056943056e+01 3.5764994451e+01 3.5275892529e+01 7.7653860803e-01 1.2380452272e-02 5.5375206806e+01 8.4465369068e+01 9.8627597995e-01 2.9793115716e+01 4.7195722118e-03 4.8062213030e-03
2.4032182125e+01 2.2730369638e+01 2.0345116568e+01 9.4583045016e-01 2.4133144031e-02 1.0889463446e+02 2.6676841550e+01 -9.6872677463e-01 1.0857955972e+01 1.0182629970e-02 1.0822233586e-02
3.4761730172e+01 2.9767136292e+01 2.7986736368e+01 8.5631918044e-01 4.5743154183e-02 2.0968182700e+02 7.9059821784e+00 -8.2797285586e-01 1.0215724092e+01 1.2992762563e-02 1.6925288963e-02
3.6479223095e+01 3.3921329507e+01 3.0619342030e+01 9.2988080966e-01 4.4049099424e-02 2.0167086342e+02 2.0318944690e+01 8.6608689231e-01 9.7851881009e+00 8.6299807453e-03 9.3694312941e-03
7.3848168168e+01 5.0979524570e+01 5.3232776196e+01 6.9032889826e-01 4.0163008110e-02 1.8336434661e+02 2.6406718816e+01 6.6356575854e-01 1.5510347109e+01 5.5491632590e-03 5.9017195568e-03
2.9801131376e+01 2.3715807006e+01 2.3113416415e+01 7.9580223673e-01 2.3704230436e-02 1.0692528563e+02 3.8915509751e+00 7.3908335632e-01 1.3836760343e+01 1.9357558063e-02 1.0000000000e+00
5.9698679795e+01 5.9538181882e+01 5.1900802128e+01 9.9731153330e-01 2.3944633651e-02 1.0802894239e+02 2.3040388052e+01 2.6427474609e-01 1.5991354624e+01 5.9921197212e-03 6.4362918639e-03
8.3202549131e+01 6.1156002914e+01 6.1952228270e+01 7.3502559180e-01 1.2458747963e-01 6.0246317708e+02 6.1185328564e+00 -7.2698723191e-01 1.0880499001e+01 8.3180523075e-03 1.2380870522e-02
3.5666911646e+01 2.6172895378e+01 2.6534856293e+01 7.3381445632e-01 2.5480384362e-02 1.1508838733e+02 6.0577644119e+01 8.8408226418e-01 1.0618106824e+01 6.3363409761e-03 6.5007559144e-03
3.4722319764e+01 3.4293014333e+01 3.0039971549e+01 9.8763603832e-01 3.6666066425e-02 1.6697501458e+02 5.1640635373e+01 8.0110592985e-01 8.2346281779e+00 6.1831872917e-03 6.3729815874e-03
3.7054651172e+01 2.7927443452e+01 2.7948956965e+01 7.5368253564e-01 4.3590204932e-02 1.9950401015e+02 2.5470833002e+01 -9.3107155412e-01 8.8864729156e+00 8.3964327298e-03 8.9519502151e-03
2.4841475062e+01 2.2801390378e+01 2.0714938651e+01 9.1787586373e-01 2.4251522603e-02 1.0943838212e+02 8.6284623329e+01 -9.6821715132e-01 8.1650333168e+00 6.4828249759e-03 6.5992535911e-03
4.3453182036e+01 4.0217600436e+01 3.6387136328e+01 9.2553867293e-01 1.0516622572e-02 4.6972556377e+01 4.6131193076e+02 7.8533219638e-01 9.5149297136e+00 2.4518316566e-03 2.4598518764e-03
7.8016480506e+01 4.5337811298e+01 5.1399310143e+01 5.8113120463e-01 1.0590281161e-01 5.0593554505e+02 8.6456314569e+00 -7.9138513972e-01 9.5412436329e+00 8.2975631392e-03 1.0473879006e-02
3.6741477750e+01 2.2371611702e+01 2.4807077532e+01 6.0889253977e-01 1.2934611012e-02 5.7878003840e+01 2.9538272728e+02 -8.7471175952e-01 1.0360046154e+01 3.6764460536e-03 3.6952913234e-03
3.5697852920e+01 2.5544629675e+01 2.6215277945e+01 7.1557888180e-01 2.5703927598e-02 1.1611725861e+02 1.1505626577e+02 9.2967818247e-01 8.8533004345e+00 5.0187329454e-03 5.0857708693e-03
2.1840572053e+01 2.1366989702e+01 1.8805827933e+01 9.7831639438e-01 1.6559321604e-02 7.4299355315e+01 1.2085260489e+02 8.9050582559e-01 8.8834309424e+00 6.0979519275e-03 6.1754072443e-03
2.8946171134e+01 2.5501336964e+01 2.3642687588e+01 8.8099171549e-01 2.4269227638e-02 1.0951971454e+02 1.5093704227e+02 -9.9215387392e-01 8.1000238022e+00 4.8395273571e-03 4.8885172542e-03
4.5444666301e+01 2.7432468471e+01 3.0544317579e+01 6.0364550351e-01 2.5528211279e-02 1.1530848581e+02 3.6770271959e+01 -4.2960904381e-01 8.4503913966e+00 6.9973831234e-03 7.3062066527e-03
3.0371033379e+01 2.8730630406e+01 2.5713600565e+01 9.4598791049e-01 2.3240275665e-02 1.0479641876e+02 1.9843030775e+01 -7.6757246504e-01 1.3233347251e+01 9.8339934841e-03 1.0700241231e-02
4.2588925361e+01 3.2695790966e+01 3.2428865410e+01 7.6770640933e-01 2.4176494146e-02 1.0909374354e+02 6.1874753989e+01 -5.6137954693e-01 9.6766478256e+00 5.5499182630e-03 5.6907657597e-03
3.4552748682e+01 3.1009421165e+01 2.8487549502e+01 8.9745164560e-01 3.5964490902e-02 1.6369650855e+02 2.1856165767e+00 -7.0781554948e-01 9.3838970104e+00 2.0932954309e-02 1.0000000000e+00
3.5830453553e+01 1.1727638373e+01 1.7323388235e+01 3.2730923585e-01 1.5474237552e-02 6.9374280346e+01 1.4091055497e+01 -6.4460045820e-01 1.0929400111e+01 1.4379815976e-02 1.6297872925e-02
6.8416665044e+01 5.5695878024e+01 5.3681895026e+01 8.1406888201e-01 2.8249395876e-02 1.2785621758e+02 1.3633631489e+02 -9.4872330528e-01 1.3430455092e+01 3.0042597059e-03 3.0379957763e-03
3.5859583907e+01 3.4971187519e+01 3.0827973797e+01 9.7522569169e-01 4.0949237275e-02 1.8706018282e+02 1.2681086099e+01 -6.9857345591e-01 9.9314434046e+00 1.0274317705e-02 1.1843263346e-02
6.2615612747e+01 4.7792017438e+01 4.7536037988e+01 7.6326039691e-01 7.7112795668e-02 3.6134060735e+02 2.0096512520e+01 8.6992330519e-01 9.8883337867e+00 6.4557674390e-03 7.0160668262e-03
5.4288525605e+01 4.1266164358e+01 4.1127365317e+01 7.6012682051e-01 5.1458115543e-02 2.3684381921e+02 7.7563204980e+00 -9.2576648075e-01 1.7062241620e+01 1.0252931286e-02 1.3456526207e-02
3.3297052347e+01 3.2842540510e+01 2.8788114176e+01 9.8634978758e-01 2.5347256078e-02 1.1447581338e+02 4.1796081165e+01 7.2520829668e-01 1.0985596240e+01 6.9213735313e-03 7.1874623773e-03
3.4887844228e+01 2.5824198397e+01 2.6071476162e+01 7.4020619413e-01 1.5069805665e-02 6.7540623552e+01 9.4401406237e+00 7.6978936981e-01 2.4824796171e+01 1.2946141880e-02 1.5918549377e-02
4.8009250915e+01 4.4655335706e+01 4.0302892345e+01 9.3014023037e-01 3.2571278695e-02 1.4788528293e+02 1.1513337439e+02 9.6582026344e-01 1.0964201555e+01 3.8188721658e-03 3.8698478961e-03
8.5486134003e+01 4.5966175627e+01 5.4056358394e+01 5.3770329145e-01 2.0052629209e-02 9.0208466418e+01 1.7422473281e+02 5.3175746012e-01 9.6714338237e+00 2.7421184587e-03 2.7661064669e-03
3.1007424928e+01 2.5815214681e+01 2.4609375008e+01 8.3254945358e-01 3.0927238518e-02 1.4025176666e+02 3.3487375988e+01 -7.6531599169e-01 8.2501030998e+00 8.2677045671e-03 8.6716516014e-03
8.0233881539e+01 6.3138279978e+01 6.1872457092e+01 7.8692790087e-01 1.0472066101e-01 4.9989872728e+02 9.2613607091e+00 7.2224832773e-01 1.1028217008e+01 7.2060794069e-03 8.9082072891e-03
3.2922076985e+01 2.8945672235e+01 2.6862699659e+01 8.7921768267e-01 3.5199230220e-02 1.6012406732e+02 4.1493743660e+00 9.6256936250e-01 1.5651311102e+01 1.7083181797e-02 5.9423566914e-02
5.8232445449e+01 5.1934791535e+01 4.7858993537e+01 8.9185317798e-01 5.7019902829e-02 2.6347928139e+02 4.8462324308e+01 8.3030819397e-01 9.4768433015e+00 4.6758971438e-03 4.8294144634e-03
3.3330290983e+01 2.3698686792e+01 2.4396016277e+01 7.1102549943e-01 2.3113770824e-02 1.0421619610e+02 1.5285923249e+02 -9.1564722201e-01 8.0833628314e+00 4.7264447669e-03 4.7736772108e-03
3.3812978783e+01 2.2667219210e+01 2.4005445153e+01 6.7037037332e-01 2.9886059078e-02 1.3542660897e+02 9.3492471587e+00 9.7957763161e-01 1.4137997891e+01 1.3557907390e-02 1.6715684066e-02
4.6627178465e+01 3.6038849653e+01 3.5627112017e+01 7.7291508599e-01 2.6122086912e-02 1.1804274943e+02 3.6719499152e+01 6.0669570088e-01 1.2446711629e+01 6.3565603968e-03 6.6375218834e-03
6.9566688823e+01 6.3172647107e+01 5.7697675485e+01 9.0808759445e-01 1.5594714560e-01 7.6907761324e+02 2.2626062771e+00 9.1442846539e-01 9.4062885318e+00 1.2413155308e-02 1.0000000000e+00
3.8317184633e+01 3.3214136454e+01 3.1040641295e+01 8.6682089961e-01 2.5531944002e-02 1.1532566436e+02 5.4015481478e+01 -6.9038276912e-01 1.0636871246e+01 5.9968954173e-03 6.1724367619e-03
6.6342675471e+01 5.4644416590e+01 5.2366730235e+01 8.2366917224e-01 2.7577064398e-02 1.2475146293e+02 6.6277613050e+01 -4.0822891143e-01 1.1119947541e+01 4.0005021530e-03 4.0949876483e-03
6.5383196354e+01 5.0729898537e+01 5.0056657299e+01 7.7588587536e-01 5.0407281980e-02 2.3183364763e+02 2.7371379481e+01 4.1669247495e-01 8.3934409576e+00 5.6548651831e-03 6.0000087322e-03
3.9713772177e+01 2.9018982164e+01 2.9480934090e+01 7.3070324406e-01 1.8761628723e-02 8.4319555187e+01 1.0932953065e+01 9.1964483560e-01 2.6764991381e+01 1.1321019796e-02 1.3429744758e-02
3.2267543771e+01 2.9887243385e+01 2.7030628522e+01 9.2623236516e-01 2.3624625066e-02 1.0655991318e+02 1.4841234040e+02 -9.3540320722e-01 9.0597918806e+00 4.4809638946e-03 4.5271103933e-03
3.5520459199e+01 2.1493176898e+01 2.3904065104e+01 6.0509287838e-01 1.6620787519e-02 7.4578577722e+01 2.5723600047e+02 8.9350894371e-01 8.5767779305e+00 3.9539130936e-03 3.9772187932e-03
3.8948116218e+01 3.8180722045e+01 3.3570282712e+01 9.8029701440e-01 1.5873358387e-02 7.1184929949e+01 1.4367278607e+02 -7.5925066891e-01 1.3805664458e+01 3.9802348172e-03 4.0226033730e-03
3.3146866905e+01 2.7050253011e+01 2.6040729540e+01 8.1607269517e-01 1.9866848477e-02 8.9360342190e+01 9.5436183065e+01 -9.1859839291e-01 1.1968139716e+01 5.4250713732e-03 5.5128804052e-03
3.0602321209e+01 2.8199023056e+01 2.5569109805e+01 9.2146680193e-01 2.2397583333e-02 1.0093335763e+02 8.4268040005e+01 -9.0705250655e-01 1.0704739249e+01 5.7406691648e-03 5.8463203247e-03
4.9857796379e+01 3.0952515042e+01 3.4006666133e+01 6.2081594635e-01 3.2097282627e-02 1.4568262935e+02 5.1542373035e+01 8.5208865904e-01 1.1487852185e+01 5.7419070340e-03 5.9185114150e-03
7.2393838202e+01 6.7446909424e+01 6.0823505508e+01 9.3166643873e-01 4.3446116217e-02 1.9882391940e+02 2.5554048938e+01 4.4498546427e-01 1.2862285864e+01 5.1586364941e-03 5.4986869821e-03
8.4324930935e+01 8.1343007342e+01 7.2097140110e+01 9.6463769896e-01 1.0078664119e-01 4.7986995104e+02 2.7357723687e+01 7.9492700739e-01 1.0014115239e+01 4.3727285266e-03 4.6397657705e-03
3.6947449337e+01 2.8397238906e+01 2.8149733551e+01 7.6858455497e-01 3.4220477097e-02 1.5556057154e+02 5.9329908056e+01 -8.5019237982e-01 8.2598724802e+00 6.1219316540e-03 6.2842886423e-03
7.1115987116e+01 4.9001600426e+01 5.1213585726e+01 6.8903775949e-01 5.4822575537e-02 2.5293258973e+02 6.3443588220e+01 8.4458109602e-01 9.4977687987e+00 4.0566960227e-03 4.1569852785e-03
4.9780378191e+01 3.9543775696e+01 3.8573408203e+01 7.9436471022e-01 7.7100200508e-02 3.6127846836e+02 6.3993826609e+00 8.5371416345e-01 1.0403095431e+01 1.1298710677e-02 1.6322750770e-02
2.4775064666e+01 2.2879136673e+01 2.0722990054e+01 9.2347434736e-01 4.2397810216e-02 1.9388002632e+02 5.2894505706e+00 -9.1407561708e-01 8.3654477142e+00 1.8263671570e-02 3.1007395442e-02
5.9413806280e+01 3.2491039196e+01 3.7907304593e+01 5.4686008574e-01 4.6478627928e-02 2.1316556531e+02 1.8463818998e+01 8.4674441816e-01 1.2227289235e+01 7.8165817641e-03 8.5660643683e-03
6.8856272565e+01 6.7891970255e+01 5.9521353985e+01 9.8599543261e-01 2.0659551760e-01 1.0498818500e+03 2.8368992602e+00 8.8927098510e-01 8.1568303724e+00 1.0888240544e-02 1.0000000000e+00
3.9271150195e+01 3.4830196375e+01 3.2184925383e+01 8.8691561621e-01 4.4139059803e-02 2.0209580717e+02 1.3687654883e+01 -7.6149285228e-01 1.0289645015e+01 9.7004207050e-03 1.1042870145e-02
4.3776997571e+01 3.9108805466e+01 3.6009433091e+01 8.9336426974e-01 2.8498706443e-02 1.2900826480e+02 1.0567127663e+02 7.6628952232e-01 9.5478777663e+00 4.2417919533e-03 4.3036195128e-03
3.4942378809e+01 2.7867635664e+01 2.7130998431e+01 7.9753115311e-01 2.0234458875e-02 9.1038775706e+01 8.3489734421e+01 5.9475542414e-01 8.9061055355e+00 5.5584632102e-03 5.6617475149e-03
3.5134073314e+01 2.5800445836e+01 2.6148136936e+01 7.3434257410e-01 4.8045749623e-02 2.2060024578e+02 4.5562464778e+00 6.5210931133e-01 8.0064486174e+00 1.6645809475e-02 3.6627509987e-02
3.4021825504e+01 3.1806580340e+01 2.8634004398e+01 9.3488752789e-01 2.5441903816e-02 1.1491131163e+02 1.5521760584e+02 -9.7486258429e-01 9.0841895147e+00 4.2456790221e-03 4.2874507211e-03
5.2178426425e+01 4.7727960429e+01 4.3434983574e+01 9.1470678014e-01 5.1082395508e-02 2.3505164340e+02 2.3920617591e+01 -8.2553757870e-01 1.1963061297e+01 6.4969321688e-03 6.9584006143e-03
5.2514267598e+01 4.7937359898e+01 4.3669624687e+01 9.1284449142e-01 5.4924509806e-02 2.5342116911e+02 7.7136586759e+00 6.0974109742e-01 1.2151164859e+01 9.8758062257e-03 1.2990308716e-02
3.7852543907e+01 3.6002435497e+01 3.2135141417e+01 9.5112327418e-01 7.1573050941e-02 3.3410564331e+02 6.1606239005e+00 7.7155698359e-01 8.0329566199e+00 1.2887991258e-02 1.9090939574e-02
3.9378626806e+01 3.2564210046e+01 3.1146062960e+01 8.2695138678e-01 1.0555598972e-02 4.7148033555e+01 3.8102716740e+02 8.4990751523e-01 1.1911026725e+01 2.9029206087e-03 2.9144317864e-03
3.5191090802e+01 2.5509978916e+01 2.6016353686e+01 7.2489878360e-01 1.6957133432e-02 7.6106949732e+01 1.8683874694e+02 -7.6021119557e-01 9.1046518999e+00 4.2269534617e-03 4.2613968692e-03
4.4990146895e+01 3.6353964666e+01 3.5167078521e+01 8.0804280883e-01 2.3322751289e-02 1.0517475570e+02 7.9675050075e+01 9.6680257049e-01 1.5856273297e+01 4.8010009069e-03 4.8946359823e-03
5.6636796939e+01 5.0223437152e+01 4.6413021818e+01 8.8676337410e-01 1.1609406876e-02 5.1896294372e+01 3.3554955998e+02 9.7189276493e-01 1.4338539731e+01 2.3712593169e-03 2.3819472087e-03
3.5816850247e+01 2.5950848055e+01 2.6472263919e+01 7.2454299794e-01 4.4035361666e-02 2.0160597531e+02 9.7643786660e+00 8.1677275379e-01 9.2215825139e+00 1.2441208840e-02 1.5159927414e-02
4.1029854636e+01 2.7852098570e+01 2.9319303586e+01 6.7882518270e-01 1.7928224423e-02 8.0523872251e+01 2.5861983809e+02 -8.8707139872e-01 9.2158364071e+00 3.4703901377e-03 3.4907351540e-03
4.9842923658e+01 3.5801993334e+01 3.6674661262e+01 7.1829641415e-01 2.6295793802e-02 1.1884295432e+02 1.3534042682e+02 -6.5509330124e-01 8.2010567670e+00 3.8270245852e-03 3.8703226506e-03
3.8982743458e+01 2.0366847912e+01 2.4276953445e+01 5.2245804438e-01 2.3426237466e-02 1.0564953728e+02 1.4855253100e+01 5.1791771302e-01 9.6811879941e+00 1.1361456617e-02 1.2779799863e-02
1.9794628962e+01 1.8693698404e+01 1.6744791753e+01 9.4438235944e-01 1.2661766352e-02 5.6645473418e+01 9.1072244675e+01 -9.2683303210e-01 1.1335386823e+01 7.3082075924e-03 7.4323428940e-03
3.7754484087e+01 2.0688345982e+01 2.4114060083e+01 5.4797056514e-01 1.2987984751e-02 5.8119169239e+01 5.1354765360e+01 -3.7270213681e-01 1.0476918776e+01 7.2115947936e-03 7.4342594590e-03
6.9287487989e+01 6.5986169644e+01 5.8860235412e+01 9.5235332611e-01 1.0776665110e-01 5.1547061876e+02 1.7194199811e+01 8.7103131941e-01 9.7375731803e+00 5.8848253530e-03 6.4991740971e-03
3.1786210625e+01 2.4498872182e+01 2.4252261778e+01 7.7073899974e-01 1.9577730309e-02 8.8040919988e+01 1.2402440246e+02 9.1855332646e-01 1.0262267468e+01 5.1418889931e-03 5.2054921164e-03
4.7479472144e+01 3.8318948596e+01 3.7089913543e+01 8.0706349219e-01 2.7412829209e-02 1.2399349573e+02 1.1716904886e+02 -6.2169412624e-01 8.2005276894e+00 4.0085785706e-03 4.0611344242e-03
