# FullPop+Madau LISA events with joint-polarization SNR above threshold
# summary = {'model': 'fullpop_madau_joint_polarization_snr', 'Tobs_yr': 4.0, 'rho_thr': 8.0, 'z_max': 0.3, 't_merger_min_yr': 0.1, 't_merger_max_yr': 2000.0, 'n_samples': 300000000, 'n_workers': 32, 'n_freq': 2000, 'n_snr_above_threshold': 2189, 'detected_fraction': 7.2966666666666665e-06, 'max_snr': 39.56252721867359}
# columns: m1_msun m2_msun chirp_mass_msun q redshift dl_mpc t_merger_yr cos_iota snr f_start_hz f_end_hz
4.0594166748e+01 3.1431882619e+01 3.1045774330e+01 7.7429554877e-01 2.8005427159e-02 1.2672925150e+02 9.8463282652e+01 7.9733780278e-01 8.9414323380e+00 4.7801792979e-03 4.8551026400e-03
8.2086102921e+01 7.4760856372e+01 6.8182217610e+01 9.1076142869e-01 1.6646517845e-01 8.2622188509e+02 7.0565896832e+00 -6.5521447212e-01 8.1934453082e+00 7.2586917728e-03 9.9338477879e-03
3.2323887933e+01 1.6228625495e+01 1.9707922918e+01 5.0206291795e-01 1.6096569188e-02 7.2198011375e+01 1.0105499136e+02 9.1370403872e-01 1.0432155161e+01 6.3347091491e-03 6.4313795415e-03
3.9242991364e+01 2.1847042452e+01 2.5275443300e+01 5.5671195524e-01 1.4785471380e-02 6.6252133434e+01 2.8034962125e+02 -8.4946055603e-01 9.2061123014e+00 3.7013709663e-03 3.7213714935e-03
1.3527142674e+01 1.0460127982e+01 1.0338312944e+01 7.7326958355e-01 1.2209068783e-02 5.4601589355e+01 1.3085691548e+01 -9.5680967831e-01 9.3349558839e+00 2.0454885460e-02 2.3453710535e-02
3.3661061900e+01 2.2053795346e+01 2.3614159217e+01 6.5517230001e-01 3.3330995102e-02 1.5141875046e+02 3.1020469465e+01 9.6659154912e-01 9.2026376564e+00 8.7180657687e-03 9.1812844863e-03
5.1671401655e+01 4.3868084441e+01 4.1419301230e+01 8.4898189396e-01 3.5846488670e-02 1.6314539287e+02 9.7388111502e+00 9.7090358610e-01 2.4041747471e+01 9.4606213374e-03 1.1535891541e-02
3.7011704485e+01 3.6745190321e+01 3.2104301650e+01 9.9279919238e-01 3.1897831381e-02 1.4475622294e+02 1.3011270291e+02 9.7995305140e-01 8.7768102873e+00 4.2065485093e-03 4.2560941437e-03
4.1442193342e+01 3.8633675179e+01 3.4829314139e+01 9.3223046520e-01 4.3778084853e-02 2.0039099511e+02 1.2747278405e+01 -4.6262701317e-01 8.1453520060e+00 9.4851347707e-03 1.0923773877e-02
3.1924825567e+01 3.0921040654e+01 2.7351064743e+01 9.6855785753e-01 2.4988617653e-02 1.1282616484e+02 2.0373857043e+01 -7.4759336685e-01 1.2957458126e+01 9.3585803287e-03 1.0157944134e-02
3.6217363967e+01 2.7758147999e+01 2.7553808818e+01 7.6643203587e-01 2.2639464474e-02 1.0204170443e+02 5.3142680049e+01 9.3734242794e-01 1.3716141801e+01 6.5116242223e-03 6.7055369608e-03
3.8766359606e+01 3.4827277572e+01 3.1978395902e+01 8.9838916849e-01 3.0842661040e-02 1.3985954155e+02 8.7769352773e+00 -2.1595299698e-01 8.3997769518e+00 1.1598090565e-02 1.4569983927e-02
3.1959640510e+01 2.1852823263e+01 2.2923930763e+01 6.8376311229e-01 1.5068498469e-02 6.7534698620e+01 2.5795964950e+01 -2.9415988069e-01 9.1824084834e+00 9.6238435059e-03 1.0251547570e-02
2.8408841815e+01 2.5914913047e+01 2.3615873541e+01 9.1221293764e-01 1.8318189490e-02 8.2299364981e+01 1.1736389696e+02 -8.7728338666e-01 1.0388418322e+01 5.3415291160e-03 5.4114420004e-03
6.8211536752e+01 5.6222466174e+01 5.3860802640e+01 8.2423690847e-01 8.3065089272e-02 3.9081709083e+02 5.8085053954e+00 7.9933362025e-01 1.4714144883e+01 9.4774604903e-03 1.4679835983e-02
4.3439411874e+01 3.7319406322e+01 3.5031054199e+01 8.5911398685e-01 5.4892845913e-02 2.5326939433e+02 7.4961361881e+00 -5.0984774996e-01 8.0769688389e+00 1.1456928988e-02 1.5250589933e-02
3.9669491622e+01 3.5531224783e+01 3.2673502516e+01 8.9568137452e-01 3.4576862725e-02 1.5722151502e+02 6.5297156387e+01 9.6442193805e-01 1.0616836004e+01 5.3794312135e-03 5.5084775834e-03
4.0065956379e+01 2.2876995067e+01 2.6152624290e+01 5.7098337677e-01 3.5453693661e-02 1.6131154553e+02 7.8568896243e+00 -7.0696394550e-01 1.0420527766e+01 1.3670928934e-02 1.7851637786e-02
5.5103401324e+01 5.3720565528e+01 4.7363793527e+01 9.7490471071e-01 6.2328806777e-02 2.8908790583e+02 3.5671309224e+01 -9.1354021690e-01 1.0522957156e+01 5.2630221900e-03 5.5030706492e-03
8.3169689535e+01 7.2500587660e+01 6.7568273891e+01 8.7171886856e-01 1.2710948475e-01 6.1565098267e+02 1.3494458653e+01 -7.9656608928e-01 9.8036442510e+00 5.8484982231e-03 6.6726959265e-03
3.9555970769e+01 3.5166536894e+01 3.2457472820e+01 8.8903233091e-01 6.0167471295e-02 2.7864060159e+02 1.0277158630e+01 -9.2095062663e-01 9.8690921059e+00 1.0642351771e-02 1.2803504059e-02
5.8424813982e+01 4.8866861925e+01 4.6478688795e+01 8.3640594799e-01 7.3702081186e-02 3.4454983655e+02 2.0312766645e+01 -6.7203607077e-01 8.0173340083e+00 6.5338821824e-03 7.0939291224e-03
3.8141801791e+01 2.2724861622e+01 2.5460420513e+01 5.9579937378e-01 5.2611114871e-02 2.4234925923e+02 9.1378001372e+00 -8.8110095122e-01 8.0119552217e+00 1.3002344542e-02 1.6135998258e-02
5.5850092914e+01 2.2669607573e+01 3.0372812873e+01 4.0590098226e-01 4.8180872347e-02 2.2124203208e+02 1.7688489953e+01 8.6681191014e-01 9.2065614020e+00 9.1140400009e-03 1.0033712133e-02
3.4205818582e+01 3.2519269347e+01 2.9032646712e+01 9.5069408348e-01 5.1938991357e-02 2.3913890872e+02 4.9490800243e+00 -8.0349080251e-01 1.0305670394e+01 1.5080850178e-02 2.8014568770e-02
6.2561311072e+01 4.6710917352e+01 4.6960485995e+01 7.4664223865e-01 6.3938639466e-02 2.9688866064e+02 4.3007262783e+00 2.4451035018e-01 8.8998544440e+00 1.1686563933e-02 3.1692080318e-02
3.4168058853e+01 2.9698250121e+01 2.7717645546e+01 8.6918166023e-01 2.3758550879e-02 1.0717462951e+02 1.6316000011e+01 3.8665980236e-01 9.3978534275e+00 1.0094723604e-02 1.1217560964e-02
2.8589879996e+01 2.3300078343e+01 2.2445287046e+01 8.1497643034e-01 4.2639884040e-02 1.9502103233e+02 4.3613131894e+00 -8.9491656369e-01 9.1420318675e+00 1.8675708165e-02 4.7525547219e-02
3.6161174586e+01 3.3719109775e+01 3.0394866811e+01 9.3246721548e-01 4.2296764908e-02 1.9340386551e+02 4.1292222908e+01 -8.7052921264e-01 8.3573270486e+00 6.6523543211e-03 6.9114491904e-03
2.8500436193e+01 1.2896446475e+01 1.6436124126e+01 4.5249996832e-01 2.0504289201e-02 9.2271337757e+01 2.1633479074e+01 -7.9226853290e-01 8.3603925016e+00 1.2614337625e-02 1.3619466200e-02
3.8127283099e+01 3.7920775929e+01 3.3101693859e+01 9.9458374283e-01 1.5110240363e-02 6.7723901496e+01 5.9779718184e+01 3.0641993638e-01 1.1583442636e+01 5.5813068842e-03 5.7281579244e-03
3.5810606139e+01 3.2983110434e+01 2.9913843277e+01 9.2104306492e-01 3.5560435909e-02 1.6180979464e+02 2.7844297752e+01 8.4484988402e-01 1.0538624651e+01 7.8205960140e-03 8.2888971730e-03
3.6646312783e+01 2.8546624833e+01 2.8113241333e+01 7.7897672822e-01 1.7493162782e-02 7.8544254153e+01 2.8849468077e+02 -8.7629470144e-01 8.4998299986e+00 3.4205232874e-03 3.4384793758e-03
3.4094092155e+01 2.9678417624e+01 2.7678670246e+01 8.7048563981e-01 1.7290954480e-02 7.7624595622e+01 4.4923963368e+01 -4.3825856808e-01 1.0533289243e+01 6.9382104062e-03 7.1851378958e-03
8.0461281389e+01 6.3056619297e+01 6.1916922462e+01 7.8368897697e-01 9.4005536233e-02 4.4556686217e+02 3.0223243406e+01 7.3687603684e-01 8.2504037750e+00 4.6507692375e-03 4.9050709047e-03
3.1518603224e+01 1.5502855755e+01 1.9007630527e+01 4.9186366681e-01 2.5064655234e-02 1.1317584791e+02 6.4379378864e+00 -8.0516361767e-01 1.0679663788e+01 1.8096357790e-02 2.6045801653e-02
3.8332705103e+01 2.9551153314e+01 2.9250482752e+01 7.7091228586e-01 1.5105123961e-02 6.7700709832e+01 1.9389938016e+02 -7.7072522177e-01 1.1265213022e+01 3.8786183599e-03 3.9090558601e-03
3.1173286912e+01 3.0643269724e+01 2.6906032248e+01 9.8299771243e-01 2.9849319608e-02 1.3525647683e+02 2.4421457697e+01 -7.7917948502e-01 1.0538696273e+01 8.8077871090e-03 9.4188661522e-03
3.0065673535e+01 2.7725381016e+01 2.5130258298e+01 9.2216064889e-01 3.8350281687e-02 1.7485857714e+02 9.9321333492e+00 -7.5199288840e-01 9.1092814602e+00 1.2814207918e-02 1.5546356775e-02
6.1245753176e+01 3.5030126665e+01 4.0013552724e+01 5.7196009272e-01 5.0091568426e-02 2.3032977346e+02 8.7420702508e+00 4.5988001278e-01 9.4642340106e+00 9.9808827913e-03 1.2554121321e-02
5.2269537382e+01 3.5305366332e+01 3.7254410304e+01 6.7544822664e-01 2.4852857404e-02 1.1220192319e+02 1.1367503201e+02 -5.3171693747e-01 8.2407012835e+00 4.0494573573e-03 4.1042218038e-03
3.4031867833e+01 3.2640993194e+01 2.9013469920e+01 9.5913022918e-01 1.6114423057e-02 7.2279058681e+01 1.6328372888e+02 -9.1764201765e-01 1.3358661797e+01 4.1553080161e-03 4.1941362295e-03
4.3581424253e+01 2.6524636699e+01 2.9418424112e+01 6.0862253020e-01 3.1886666314e-02 1.4470437142e+02 2.3394887369e+01 -6.1266251014e-01 9.2058695562e+00 8.4546036957e-03 9.0704929775e-03
2.9055600076e+01 1.6277444001e+01 1.8776154879e+01 5.6021709955e-01 2.1542166060e-02 9.7016784011e+01 7.0649223541e+00 -6.6579200100e-01 1.0248116186e+01 1.7648838243e-02 2.4139267719e-02
3.6486600041e+01 2.4325153595e+01 2.5829493313e+01 6.6668731993e-01 1.7345886773e-02 7.7874404811e+01 2.8922617766e+02 -8.9407717846e-01 8.2226304823e+00 3.6034318964e-03 3.6222998636e-03
4.1263876519e+01 2.3636415920e+01 2.6979982178e+01 5.7281132831e-01 1.1400221047e-02 5.0953148537e+01 4.2280108462e+02 -7.0661015911e-01 8.1838059585e+00 3.0524022784e-03 3.0633024600e-03
4.2731346654e+01 2.7451261760e+01 2.9671495306e+01 6.4241508657e-01 4.1144763834e-02 1.8797992082e+02 4.0663353543e+01 8.5933426209e-01 8.2758756723e+00 6.7969323979e-03 7.0660560426e-03
4.6777441430e+01 3.3683858947e+01 3.4463356520e+01 7.2008767297e-01 4.4811207897e-02 2.0527247627e+02 4.5559445854e+00 5.6260555745e-01 1.1707012664e+01 1.4034815519e-02 3.0887787907e-02
3.5936400083e+01 3.0840230853e+01 2.8964525162e+01 8.5818921155e-01 3.7109622285e-02 1.6904943791e+02 7.3721781217e+00 -8.6746592822e-01 1.3944738773e+01 1.3122463926e-02 1.7595328527e-02
5.2183700068e+01 5.0564127509e+01 4.4716922057e+01 9.6896401448e-01 8.4926812900e-02 4.0008170464e+02 1.1866662408e+01 -9.3899157350e-01 1.0497378267e+01 8.1353699510e-03 9.4913739581e-03
3.3038298012e+01 2.7467449949e+01 2.6202472754e+01 8.3138211112e-01 3.1288854374e-02 1.4192927797e+02 1.4437399909e+00 9.9683160234e-01 9.8777635166e+00 2.5839597637e-02 1.0000000000e+00
2.5994149442e+01 1.6488778766e+01 1.7930630982e+01 6.3432653577e-01 3.3725796021e-02 1.5325647793e+02 5.9431450363e+00 -9.7965546031e-01 8.8337015051e+00 1.9238182508e-02 2.9257061676e-02
3.7565515672e+01 2.9976387599e+01 2.9176052474e+01 7.9797620405e-01 1.8603104151e-02 8.3597209217e+01 2.4244817799e+02 8.0738571203e-01 8.4319640438e+00 3.5648720106e-03 3.5871809592e-03
3.3981371971e+01 3.1834538277e+01 2.8629746347e+01 9.3682321905e-01 1.2023560666e-02 5.3764436189e+01 1.5661175274e+02 5.1175046680e-01 1.1252527404e+01 4.2668417360e-03 4.3084412291e-03
3.6440191705e+01 2.9522993376e+01 2.8522284121e+01 8.1017667566e-01 1.9210584263e-02 8.6366211285e+01 7.4787249253e+01 6.7308738098e-01 1.1308161948e+01 5.6179810033e-03 5.7349873284e-03
3.9143938702e+01 3.5380664052e+01 3.2389061753e+01 9.0386060331e-01 4.0378757835e-02 1.8437812346e+02 1.2830855459e+01 -9.1268729187e-01 1.3570205728e+01 9.9215890764e-03 1.1413689386e-02
2.8684656998e+01 2.0229601154e+01 2.0907162491e+01 7.0524117321e-01 1.6701238820e-02 7.4944083550e+01 1.3732255042e+02 -9.8062269851e-01 1.0495109142e+01 5.4398542730e-03 5.5004929015e-03
4.5512480069e+01 3.2302189637e+01 3.3281675574e+01 7.0974356019e-01 4.3861505647e-02 2.0078489972e+02 3.5795675449e+01 9.1462815246e-01 9.8279432362e+00 6.6252800643e-03 6.9263220592e-03
3.4611518785e+01 3.2853034933e+01 2.9353680381e+01 9.4919368136e-01 2.2942363977e-02 1.0343019683e+02 5.0053539072e+01 -8.6565352675e-01 1.3783083933e+01 6.4000979117e-03 6.6031480625e-03
6.3043349080e+01 6.0437996187e+01 5.3734019612e+01 9.5867362805e-01 7.5230373514e-02 3.5206454947e+02 1.1656001977e+01 6.6540844756e-01 1.1036098006e+01 7.3429463464e-03 8.5965797355e-03
3.8753701725e+01 3.7212771368e+01 3.3058164121e+01 9.6023785372e-01 1.4090962413e-02 6.3107170174e+01 5.3846276929e+01 4.3017966536e-01 1.4972958922e+01 5.8128629740e-03 5.9835812613e-03
5.1960527874e+01 4.0853957361e+01 4.0051746563e+01 7.8624985221e-01 4.4460037752e-02 2.0361243043e+02 7.2733807078e+01 -8.7798162096e-01 9.0313002168e+00 4.5219298243e-03 4.6188731852e-03
6.7669000015e+01 6.4725864346e+01 5.7611123229e+01 9.5650688397e-01 7.1257360268e-02 3.3255940869e+02 7.1358515012e+00 -7.7605053893e-01 1.6879432058e+01 8.4699035658e-03 1.1528885711e-02
3.2803644076e+01 2.1297751080e+01 2.2904025041e+01 6.4924954771e-01 2.4434020037e-02 1.1027682846e+02 4.8439054331e+01 -9.7167564341e-01 1.0776275202e+01 7.5591853740e-03 7.8074922794e-03
4.7362447160e+01 4.2364901732e+01 3.8983356997e+01 8.9448295584e-01 3.0780459878e-02 1.3957111585e+02 8.8611075539e+01 -9.3738418951e-01 1.2396029586e+01 4.3061024411e-03 4.3813419970e-03
2.7448382497e+01 2.2080740240e+01 2.1406521643e+01 8.0444595385e-01 1.2182325419e-02 5.4480888784e+01 1.3684595855e+02 9.8854488171e-01 1.4885963974e+01 5.3821490220e-03 5.4423576611e-03
2.8957253919e+01 2.3697274742e+01 2.2781710091e+01 8.1835366048e-01 3.5014681966e-02 1.5926312015e+02 7.0506067522e+00 6.6842418361e-01 8.4882731209e+00 1.5523969782e-02 2.1254108252e-02
2.6461050546e+01 2.6233442106e+01 2.2936353370e+01 9.9139835967e-01 1.6987659947e-02 7.6245701084e+01 1.3679790810e+02 6.8818408771e-01 8.3230669361e+00 5.1403289607e-03 5.1978530396e-03
4.6990440456e+01 4.6890816755e+01 4.0864163064e+01 9.9787991556e-01 1.0111307813e-01 4.8152833112e+02 4.9949637651e+00 9.3266787637e-01 1.0224358924e+01 1.1796061654e-02 2.1602744929e-02
3.5611475012e+01 2.5642475370e+01 2.6236332437e+01 7.2006215303e-01 1.4241837369e-02 6.3790106561e+01 6.5122165940e+01 7.0512285244e-01 1.4963027317e+01 6.2534477474e-03 6.4038818868e-03
3.1200875105e+01 2.2054961421e+01 2.2768289473e+01 7.0686996268e-01 1.3422569331e-02 6.0083519470e+01 3.6999137711e+00 3.8637867965e-01 1.4877609467e+01 2.0040026053e-02 1.0000000000e+00
5.4093692478e+01 3.8390822546e+01 3.9555840978e+01 7.0970977922e-01 9.5494594284e-02 4.5307543232e+02 4.2517463105e+00 9.7873330070e-01 1.1261419782e+01 1.2829063387e-02 3.7029388217e-02
4.1400172152e+01 3.8300370373e+01 3.4660180249e+01 9.2512587225e-01 2.3491547349e-02 1.0594920736e+02 1.1541808061e+02 -7.4882085745e-01 1.0523988294e+01 4.2157138715e-03 4.2718445688e-03
5.6714731674e+01 5.1213493505e+01 4.6905218477e+01 9.0300160105e-01 3.5499442679e-02 1.6152508266e+02 8.6380255673e+01 8.8069805437e-01 1.2103678888e+01 3.8617434238e-03 3.9310192612e-03
1.3311785653e+01 1.2937009651e+01 1.1424054220e+01 9.7184630127e-01 1.5059263703e-02 6.7492841908e+01 8.5760372217e+00 9.8402643563e-01 9.3448843610e+00 2.2477264821e-02 2.8447386817e-02
2.4046140616e+01 2.1975777276e+01 2.0007868931e+01 9.1390038955e-01 1.8730319807e-02 8.4176877156e+01 5.8356788786e+01 9.1383189204e-01 1.0629027774e+01 7.6974864351e-03 7.9052030561e-03
4.0589684136e+01 3.9362552045e+01 3.4796312998e+01 9.6976738998e-01 2.6526216808e-02 1.1990473759e+02 9.7310867835e+01 6.7905773553e-01 9.2951597588e+00 4.4750273301e-03 4.5460228143e-03
7.3923853664e+01 3.4584278732e+01 4.3401579517e+01 4.6783652390e-01 8.1236778877e-02 3.8173965003e+02 2.4293273167e+01 9.9958380427e-01 9.0926807330e+00 6.3492439624e-03 6.7923841399e-03
4.8098458666e+01 3.7326085408e+01 3.6827278749e+01 7.7603495919e-01 2.7084947872e-02 1.2248081240e+02 1.1120204851e+01 3.0915516381e-01 1.1997957377e+01 9.7390916233e-03 1.1511344831e-02
3.6171352007e+01 3.3983002721e+01 3.0518625400e+01 9.3950048408e-01 2.1640579560e-02 9.7467128068e+01 8.8874987041e+01 -6.2569246239e-01 9.6510107251e+00 5.0403880360e-03 5.1281876456e-03
4.7164874559e+01 2.7730402123e+01 3.1264682650e+01 5.8794605905e-01 4.0230150142e-02 1.8367980488e+02 2.5897744356e+01 6.6598700061e-01 8.2117688100e+00 7.7953003296e-03 8.3014950110e-03
4.5210022173e+01 2.6381014692e+01 2.9849976874e+01 5.8352138363e-01 1.9357195289e-02 8.7034858637e+01 2.9760361711e+02 9.6031058654e-01 8.5284509006e+00 3.2528378974e-03 3.2693861801e-03
3.0394770895e+01 2.8901543089e+01 2.5800397886e+01 9.5087221378e-01 3.2827929975e-02 1.4907855348e+02 3.8740679748e+00 4.8255899155e-01 8.8393594625e+00 1.8002136213e-02 1.0000000000e+00
3.1109774037e+01 2.6595593626e+01 2.5025380218e+01 8.5489510771e-01 1.2085704511e-02 5.4044850563e+01 1.3274053208e+01 9.5458370909e-01 3.2899266974e+01 1.1709697494e-02 1.3395098602e-02
3.4426003309e+01 2.8778474556e+01 2.7379345111e+01 8.3595165835e-01 1.4131022386e-02 6.3288487013e+01 9.6780071406e+01 -2.8629324976e-01 8.3121285546e+00 5.2487128488e-03 5.3324528868e-03
2.7438281467e+01 2.6452814726e+01 2.3452755431e+01 9.6408423968e-01 2.2837705287e-02 1.0295037219e+02 2.0556067970e+00 6.8318961504e-01 9.6515583317e+00 2.4381917007e-02 1.0000000000e+00
4.7113402397e+01 3.0654886216e+01 3.2932598393e+01 6.5066169405e-01 2.0389821834e-02 9.1748401373e+01 2.2946065185e+00 -9.3870191730e-01 2.7623520749e+01 1.8952219903e-02 1.0000000000e+00
8.2886439446e+01 6.0750029139e+01 6.1626150604e+01 7.3293085751e-01 2.1953075628e-02 9.8897548892e+01 4.6343610272e+01 -8.0752919605e-01 3.1107332461e+01 4.1464558619e-03 4.2892147332e-03
3.5718150086e+01 2.4371725514e+01 2.5592038515e+01 6.8233448416e-01 1.6482464048e-02 7.3950248512e+01 9.1611971534e+01 7.9822004847e-01 1.2578492307e+01 5.5806614230e-03 5.6748771696e-03
7.8900054011e+01 7.0690397856e+01 6.4995286289e+01 8.9594866242e-01 1.0218718704e-01 4.8698963000e+02 3.7045280700e+01 -8.4987302826e-01 8.2774832189e+00 4.1608795829e-03 4.3430410979e-03
5.9813549297e+01 2.2302182769e+01 3.1060103095e+01 3.7286171831e-01 4.8119017227e-02 2.2094822700e+02 3.1616059811e+01 9.4030625248e-01 8.7732023406e+00 7.2288948085e-03 7.6050428666e-03
3.4326884767e+01 3.2599446254e+01 2.9119731463e+01 9.4967680510e-01 4.6419483368e-02 2.1288528442e+02 5.5423207719e+00 8.5912107308e-01 1.1986333173e+01 1.4474485383e-02 2.3384171544e-02
4.0049268177e+01 3.5211710468e+01 3.2677968651e+01 8.7920983507e-01 4.4792094543e-02 2.0518210339e+02 8.0295662857e+00 9.6887928165e-01 1.4875608079e+01 1.1731623832e-02 1.5193079064e-02
3.8308604933e+01 2.5132444063e+01 2.6893329056e+01 6.5605218740e-01 2.9570523553e-02 1.3396572527e+02 1.3989591184e+01 -6.4804429273e-01 1.0496466133e+01 1.0859402814e-02 1.2321183723e-02
4.0059284193e+01 3.2848988859e+01 3.1548575325e+01 8.2000938162e-01 1.8021203883e-02 8.0947111304e+01 2.1073917864e+02 -8.4754666154e-01 1.0426432901e+01 3.5793642977e-03 3.6051790453e-03
3.4326113145e+01 3.4314514280e+01 2.9877567923e+01 9.9966209793e-01 2.1257061695e-02 9.5712498465e+01 1.5646529666e+02 -7.8261889956e-01 9.1736158767e+00 4.1325087870e-03 4.1728369943e-03
4.4527757475e+01 4.0980281813e+01 3.7181085848e+01 9.2033114032e-01 4.7226614714e-02 2.1671215889e+02 1.4420402902e+01 6.3463580405e-01 9.8624807218e+00 8.6761591043e-03 9.8002541602e-03
5.1453335549e+01 4.8129730928e+01 4.3317070853e+01 9.3540545847e-01 8.4315741457e-02 3.9703842660e+02 2.0734657927e+01 -8.9953709910e-01 8.2835233779e+00 6.7340314031e-03 7.2976016090e-03
4.3270658325e+01 3.6260252642e+01 3.4456202063e+01 8.3798708053e-01 6.2884674891e-02 2.9177961487e+02 8.8973026918e+00 8.6092043694e-01 9.9840590780e+00 1.0804455535e-02 1.3515773909e-02
3.2628633287e+01 2.7498533669e+01 2.6057389403e+01 8.4277307685e-01 1.8611908936e-02 8.3637325421e+01 2.1114979505e+02 7.9790476068e-01 8.1904378849e+00 4.0293682600e-03 4.0583712218e-03
5.6955735546e+01 4.5383641093e+01 4.4203181347e+01 7.9682301804e-01 1.8048188067e-02 8.1069953105e+01 4.5509182200e+01 -3.8457464960e-01 1.6236469839e+01 5.1507437269e-03 5.3315441830e-03
2.0730761270e+01 1.8689041281e+01 1.7130832761e+01 9.0151254158e-01 2.6381866288e-02 1.1923953306e+02 1.2840194213e+01 -8.3870564549e-01 8.0806974746e+00 1.4894527894e-02 1.7132388420e-02
7.6929434460e+01 7.3427096068e+01 6.5425172505e+01 9.5447336359e-01 1.6583128947e-01 8.2276032688e+02 1.4265074953e+01 9.8219155216e-01 8.7750959163e+00 5.7224249635e-03 6.4739908538e-03
4.3525387105e+01 2.7589318907e+01 3.0012231598e+01 6.3386728396e-01 3.5407698929e-02 1.6109687531e+02 1.0438321660e+02 -9.8193598422e-01 8.1339304816e+00 4.7553029512e-03 4.8254939802e-03
4.3435806153e+01 3.7268651209e+01 3.5005431280e+01 8.5801679559e-01 5.0095454088e-02 2.3034827857e+02 1.5582271462e+01 8.7114908793e-01 1.1046432401e+01 8.7363811636e-03 9.7643976769e-03
3.0646708231e+01 9.7998859295e+00 1.4628052861e+01 3.1976960970e-01 1.9357961134e-02 8.7038351795e+01 4.6513444698e+00 7.5889007682e-01 8.1140455040e+00 2.4162008290e-02 5.0500530937e-02
8.0538831527e+01 3.5063242560e+01 4.5490563350e+01 4.3535822280e-01 4.8814673946e-02 2.2425394190e+02 2.8408956848e+01 -9.3409662513e-01 1.4066839661e+01 5.9256700622e-03 6.2726671345e-03
2.6730265307e+01 2.1928142215e+01 2.1055787396e+01 8.2034884291e-01 4.8394982860e-02 2.2225922420e+02 5.2825423148e+00 9.9034147650e-01 8.1650174040e+00 1.8026829902e-02 3.0651984095e-02
3.4636227203e+01 3.4112596234e+01 2.9923621873e+01 9.8488198598e-01 2.7024150863e-02 1.2220040289e+02 5.1867550578e+01 6.9434957999e-01 9.7939176636e+00 6.2242651027e-03 6.4144368241e-03
3.8917366309e+01 2.9597368465e+01 2.9490431602e+01 7.6051827943e-01 2.1543452239e-02 9.7022669203e+01 1.7317832801e+01 -9.7602223513e-01 2.2025361878e+01 9.5093193272e-03 1.0493537660e-02
6.2636842910e+01 5.6676599513e+01 5.1856393827e+01 9.0484444745e-01 1.4262411138e-01 6.9759712341e+02 6.1650869668e+00 8.2659966479e-01 8.4887057124e+00 9.1780935525e-03 1.3588653614e-02
3.2681795641e+01 2.1813637409e+01 2.3149860502e+01 6.6745529068e-01 2.4614997428e-02 1.1110850910e+02 2.8416485626e+01 -6.7015188227e-01 8.9240013306e+00 9.1704083848e-03 9.7072537192e-03
3.1437169335e+01 2.0858012836e+01 2.2199208123e+01 6.6348253602e-01 1.1530057481e-02 5.1538501059e+01 4.8032610494e+02 -9.9015641227e-01 9.0932864036e+00 3.2867903227e-03 3.2971137249e-03
3.7657551984e+01 2.7463217866e+01 2.7926608624e+01 7.2928845396e-01 1.9533600316e-02 8.7839576925e+01 9.5595474381e+01 -5.2116863810e-01 8.3051172021e+00 5.1909208222e-03 5.2747957578e-03
3.6054640312e+01 2.3323732537e+01 2.5126377100e+01 6.4689960391e-01 2.8877083763e-02 1.3075750360e+02 7.6684596792e+00 5.4814886153e-01 9.9979149678e+00 1.4201912622e-02 1.8725394755e-02
4.6193431372e+01 4.5106322007e+01 3.9737145184e+01 9.7646614826e-01 7.1255579181e-02 3.3255068680e+02 3.0894113837e+01 9.8228419991e-01 8.4823624636e+00 6.1664645571e-03 6.4955836283e-03
6.6781447877e+01 6.0442943074e+01 5.5295117335e+01 9.0508584339e-01 8.1110639760e-02 3.8111414235e+02 3.7984702568e+00 -6.5143043751e-01 1.4673478296e+01 1.0945091355e-02 1.0000000000e+00
3.5263637217e+01 3.4120470435e+01 3.0196267760e+01 9.6758227817e-01 2.2033000636e-02 9.9263502115e+01 3.4891974586e+01 2.6815711164e-01 8.0100718084e+00 7.2029814436e-03 7.5394948765e-03
3.8603724638e+01 3.6704259908e+01 3.2767190304e+01 9.5079581706e-01 5.8916465300e-02 2.7260715279e+02 1.5956674508e+01 -9.9620136545e-01 9.8035824683e+00 8.9769598492e-03 1.0002965594e-02
3.7681517598e+01 3.1648328976e+01 3.0040243870e+01 8.3988997772e-01 2.4670595286e-02 1.1136405232e+02 1.7278710395e+02 -9.2358700741e-01 8.8232918477e+00 3.9598083418e-03 3.9947415814e-03
4.4013932663e+01 4.3554114254e+01 3.8115575698e+01 9.8955288971e-01 4.3984723227e-02 2.0136680326e+02 7.3498788110e+01 -9.1263099549e-01 8.9673725353e+00 4.6472152011e-03 4.7457667478e-03
4.6527726004e+01 4.2991587746e+01 3.8929052932e+01 9.2399933198e-01 3.9946216217e-02 1.8234597786e+02 7.0255589382e+01 -9.4634915847e-01 1.0626213485e+01 4.6758703854e-03 4.7797958628e-03
2.9509023610e+01 2.3119383676e+01 2.2704639463e+01 7.8346826997e-01 1.2943903139e-02 5.7919988273e+01 2.5555930600e+02 8.8673860989e-01 1.0481513069e+01 4.1025024824e-03 4.1268444017e-03
3.3034201357e+01 2.5724688916e+01 2.5338076846e+01 7.7872894937e-01 3.0018214155e-02 1.3603866253e+02 1.5732539837e+00 9.8582975770e-01 1.0077253976e+01 2.5570226913e-02 1.0000000000e+00
5.8216815389e+01 4.4367695364e+01 4.4162416642e+01 7.6211134304e-01 1.4008469827e-02 6.2733831474e+01 3.3964217749e+02 6.8678644607e-01 8.6416422168e+00 2.4313844145e-03 2.4422101730e-03
4.5925393384e+01 4.4426096174e+01 3.9321272070e+01 9.6735363381e-01 5.7319898686e-02 2.6492158907e+02 3.8430446260e+01 -8.8724179699e-01 8.7661667108e+00 5.7662866726e-03 6.0089144456e-03
2.9499980131e+01 2.7717416677e+01 2.4890812049e+01 9.3957407953e-01 2.2057924086e-02 9.9377627980e+01 2.0718248366e+02 -9.8643012755e-01 8.1726238961e+00 4.1671750616e-03 4.1977520680e-03
4.5521555063e+01 2.6755526302e+01 3.0170202932e+01 5.8775510339e-01 1.5561589875e-02 6.9770471395e+01 3.1324914388e+01 -7.5547111693e-01 2.1151433988e+01 7.5341492956e-03 7.9301860774e-03
3.5389124749e+01 2.9860336503e+01 2.8278952963e+01 8.4377154605e-01 3.0304197376e-02 1.3736353827e+02 5.8117047156e+01 7.7197521643e-01 8.6423364963e+00 6.1665025969e-03 6.3336266884e-03
3.7815173566e+01 3.2839927170e+01 3.0662832177e+01 8.6843253840e-01 5.4197281659e-02 2.4993695977e+02 6.8192170811e+00 -9.0452506969e-01 1.1070133752e+01 1.2906588116e-02 1.7974784815e-02
3.3389798652e+01 3.2955115474e+01 2.8877557380e+01 9.8698155737e-01 1.1853541550e-02 5.2997384064e+01 1.3880937336e+02 4.1982043016e-01 1.0782269364e+01 4.4408374385e-03 4.4897989035e-03
2.8801659115e+01 2.1247884800e+01 2.1486214179e+01 7.3773127843e-01 1.0488669228e-02 4.6846712824e+01 8.5676110291e+00 -1.8467689645e-01 1.3759203553e+01 1.5193794464e-02 1.9235577647e-02
5.3495361480e+01 1.9469602629e+01 2.7414545734e+01 3.6394936104e-01 5.1241488854e-02 2.3581040423e+02 3.9827505242e+00 7.6841570592e-01 9.0923888345e+00 1.6964843694e-02 1.0000000000e+00
2.5627089882e+01 2.2596203080e+01 2.0940617505e+01 8.8173113623e-01 1.6363471485e-02 7.3409831522e+01 1.2271680478e+01 -1.9864985834e-01 8.0300178530e+00 1.3444902150e-02 1.5588308934e-02
3.9212235450e+01 3.4102532470e+01 3.1819008809e+01 8.6969110734e-01 4.5068682378e-02 2.0649011268e+02 1.1404533212e+01 -7.1535099868e-01 9.8813247821e+00 1.0456154698e-02 1.2294600909e-02
3.6146376393e+01 3.5185176840e+01 3.1045479123e+01 9.7340813523e-01 5.0666823046e-02 2.3307042919e+02 5.0791887304e+00 -9.0221818552e-01 1.2894899637e+01 1.4332872768e-02 2.5620912989e-02
2.6503599079e+01 2.6349578926e+01 2.3005564722e+01 9.9418870803e-01 1.2752434621e-02 5.7054996855e+01 2.5732787064e+02 8.3399000155e-01 1.0137891500e+01 4.0588505606e-03 4.0827661631e-03
2.4780483946e+01 1.7319486081e+01 1.7977550339e+01 6.9891637788e-01 1.1952369210e-02 5.3443227756e+01 2.7490687399e+02 -9.4166429019e-01 9.3190732674e+00 4.6216231248e-03 4.6470957191e-03
3.5781265771e+01 2.4517247859e+01 2.5693018469e+01 6.8519789144e-01 1.9509264551e-02 8.7728550560e+01 5.2553938795e+01 -4.7967595498e-01 8.6109072002e+00 6.8440760281e-03 7.0503004828e-03
2.9252099467e+01 2.2915004493e+01 2.2505405759e+01 7.8336272988e-01 1.1800139949e-02 5.2756499380e+01 1.6865519502e+02 -7.8278076260e-01 1.2110597513e+01 4.8242783507e-03 4.8678979458e-03
4.1099285243e+01 2.3170433310e+01 2.6647702749e+01 5.6376730577e-01 1.3075171246e-02 5.8513156242e+01 8.6228644302e+00 6.0824246528e-01 2.4879397588e+01 1.3227811711e-02 1.6711508517e-02
4.0826143484e+01 3.9211976122e+01 3.4830112472e+01 9.6046240903e-01 3.2334650753e-02 1.4678549159e+02 1.4770110930e+01 9.0285644604e-01 1.7678864331e+01 9.0373732749e-03 1.0173691477e-02
4.5878460127e+01 4.5644710141e+01 3.9837617801e+01 9.9490501673e-01 4.6790359033e-02 2.1464320514e+02 3.5649679039e+01 -8.9439275909e-01 1.1204609946e+01 5.9197615312e-03 6.1899420033e-03
6.1345269647e+01 4.2071213483e+01 4.4069864804e+01 6.8581022996e-01 1.2178898996e-01 5.8787353008e+02 4.4892363423e+00 7.8781274781e-01 8.4677170587e+00 1.1576386273e-02 2.6580807448e-02
6.1536156971e+01 3.5044642355e+01 4.0111882319e+01 5.6949676548e-01 4.3123799331e-02 1.9730308887e+02 9.1931394649e+01 -9.9889368550e-01 9.5334757238e+00 4.1411049710e-03 4.2107668682e-03
3.6545276255e+01 3.3621253860e+01 3.0509921692e+01 9.1998904661e-01 2.3959827354e-02 1.0809870737e+02 2.5949439239e+01 3.5702397036e-01 9.0089217216e+00 7.9876723930e-03 8.5051984198e-03
3.2558297929e+01 2.9801771659e+01 2.7111962006e+01 9.1533567645e-01 2.3862704319e-02 1.0765277352e+02 1.2451825841e+02 -9.3913008853e-01 9.6852676949e+00 4.7761909861e-03 4.8350309244e-03
5.2597576867e+01 5.0456625570e+01 4.4845329813e+01 9.5929562874e-01 4.3784649765e-02 2.0042199233e+02 2.7358446441e+01 4.9004493077e-01 9.3059560180e+00 6.0821394859e-03 6.4535574416e-03
6.8383893424e+01 6.3719981451e+01 5.7458537455e+01 9.3179809251e-01 7.7653336200e-02 3.6400832917e+02 3.3804172043e+01 7.7755218594e-01 9.2093991605e+00 4.7169454207e-03 4.9450514752e-03
3.9133193900e+01 3.4991459102e+01 3.2204152435e+01 8.9416312890e-01 2.6206124402e-02 1.1842985488e+02 1.2872441766e+02 -8.6971236986e-01 9.5912934489e+00 4.2299121203e-03 4.2802820587e-03
3.4585678959e+01 2.9683232716e+01 2.7876889431e+01 8.5825213236e-01 2.1696311480e-02 9.7722188066e+01 1.5771789299e+02 -8.6394254604e-01 9.1823060558e+00 4.3014169712e-03 4.3430541886e-03
2.7687600846e+01 2.1550834888e+01 2.1231897334e+01 7.7835689007e-01 2.1019280898e-02 9.4625120296e+01 7.3095329105e+01 7.6563599644e-01 8.1740722866e+00 6.8068771924e-03 6.9520560724e-03
3.7139903509e+01 3.4781431472e+01 3.1285376501e+01 9.3649762617e-01 2.4235603901e-02 1.0936525743e+02 1.2464247162e+01 4.4792792882e-01 1.2498753538e+01 1.0350413243e-02 1.1967042485e-02
2.4858138673e+01 2.0986803383e+01 1.9869670009e+01 8.4426286536e-01 1.0426417512e-02 4.6566479830e+01 3.4421405545e+02 -8.0499025048e-01 9.1906774782e+00 3.9941597071e-03 4.0117056192e-03
5.3198047148e+01 3.0087962855e+01 3.4550844997e+01 5.6558397287e-01 2.3380411999e-02 1.0543928703e+02 4.2646567743e+01 8.0552731397e-01 1.6139634337e+01 6.1362684805e-03 6.3671383413e-03
5.5505211816e+01 4.7551875054e+01 4.4697710070e+01 8.5671009078e-01 1.2250949777e-02 5.4790620097e+01 5.0937098844e+01 1.0341232917e-01 1.7315562925e+01 4.9209561929e-03 5.0742134845e-03
4.1300877118e+01 3.7888716645e+01 3.4430860685e+01 9.1738285695e-01 8.0113713855e-02 3.7617399182e+02 4.5706784477e+00 7.8503240363e-01 8.7131764709e+00 1.3737798513e-02 2.9975269174e-02
4.2222996285e+01 3.4190946595e+01 3.3040117440e+01 8.0977073168e-01 3.3962125791e-02 1.5435703945e+02 8.1927766210e+00 -8.8040275978e-01 1.7954875698e+01 1.1639054241e-02 1.4962915140e-02
6.1173727080e+01 5.1860529448e+01 4.9000342541e+01 8.4775821130e-01 6.4813903613e-02 3.0113681166e+02 3.2249214791e+01 8.4474159690e-01 1.0128840300e+01 5.3432506273e-03 5.6152982976e-03
4.0219431018e+01 4.0027213948e+01 3.4929260743e+01 9.9522079093e-01 4.8974954441e-02 2.2501602634e+02 1.5155758640e+01 -9.7614500338e-01 1.2654563035e+01 8.8457068406e-03 9.9228632488e-03
6.2166598266e+01 4.6378490627e+01 4.6644688029e+01 7.4603552262e-01 3.6681278010e-02 1.6704613489e+02 4.0028448564e+01 -5.3707766203e-01 1.0838834392e+01 5.1671706375e-03 5.3752541409e-03
8.5778006454e+01 7.4121504766e+01 6.9378144164e+01 8.6410850322e-01 9.0987441567e-02 4.3038975483e+02 3.7657770463e+01 -7.2914754205e-01 8.5377147918e+00 3.9955240381e-03 4.1673715274e-03
5.6346640867e+01 4.2819893617e+01 4.2681054559e+01 7.5993693605e-01 9.8324764868e-02 4.6738385631e+02 3.6448194246e+00 -6.5607215847e-01 8.2680160742e+00 1.2940126985e-02 1.0000000000e+00
6.7680312511e+01 3.7758613256e+01 4.3640210844e+01 5.5789655596e-01 3.9768242169e-02 1.8151018257e+02 7.7464002072e+01 -7.0417747338e-01 8.7835408127e+00 4.1975284764e-03 4.2818175334e-03
4.0440763046e+01 3.9448031245e+01 3.4770395576e+01 9.7545219906e-01 2.1065994308e-02 9.4838712348e+01 1.6490463694e+01 4.7591314674e-01 1.5850246725e+01 8.7406506993e-03 9.7003885395e-03
2.7628671662e+01 2.6689072346e+01 2.3638926251e+01 9.6599187510e-01 1.7086044173e-02 7.6692926616e+01 1.3243769317e+02 7.1582419153e-01 8.9335766707e+00 5.1056435298e-03 5.1647006687e-03
3.0702774906e+01 1.3754343922e+01 1.7610928026e+01 4.4798373972e-01 1.4614445086e-02 6.5477370805e+01 1.1831946320e+02 -8.3963513059e-01 8.8643070574e+00 6.4116915215e-03 6.4949172882e-03
6.6919739186e+01 6.0486257791e+01 5.5371794612e+01 9.0386272461e-01 8.7708159096e-02 4.1396259416e+02 8.0029526636e+00 6.3596908183e-01 1.0747051685e+01 8.2380852903e-03 1.0681997121e-02
2.6018803235e+01 1.4774036071e+01 1.6933826126e+01 5.6782150728e-01 1.3630308639e-02 6.1022961820e+01 8.9887522762e+01 -8.8224444159e-01 1.0228543113e+01 7.2884769730e-03 7.4139608211e-03
3.2498900998e+01 2.9061104716e+01 2.6745378367e+01 8.9421807579e-01 1.4855281157e-02 6.6568433518e+01 1.1775360833e+02 6.4918561026e-01 1.1309726807e+01 4.9462079371e-03 5.0107272225e-03
7.3791580631e+01 6.9015882620e+01 6.2118839658e+01 9.3528126149e-01 7.6786503064e-02 3.5973114229e+02 3.1709136964e+00 -9.1494909730e-01 2.2988689990e+01 1.0917696030e-02 1.0000000000e+00
3.1769323923e+01 2.1320294198e+01 2.2567257237e+01 6.7109688105e-01 1.9165081005e-02 8.6158714176e+01 2.0804802826e+01 8.2904280131e-01 1.4297021291e+01 1.0508296537e-02 1.1384294931e-02
3.0168124834e+01 1.3456109638e+01 1.7263749922e+01 4.4603732292e-01 2.0725686677e-02 9.3283024377e+01 1.8381320116e+01 9.6703259428e-01 1.1021589523e+01 1.3001751715e-02 1.4255045170e-02
3.6310589138e+01 2.2580099536e+01 2.4788266797e+01 6.2185990566e-01 1.3045846819e-02 5.8380636415e+01 1.7341340197e+02 4.7310235553e-01 8.2299063368e+00 4.4909964036e-03 4.5304703529e-03
6.3287246411e+01 3.2196734606e+01 3.8858918844e+01 5.0873969768e-01 7.2285858330e-02 3.3759923348e+02 1.6082089779e+01 -8.4445462053e-01 8.5144724565e+00 7.9830069042e-03 8.8867234173e-03
7.9419216232e+01 4.6011461659e+01 5.2238923903e+01 5.7934922859e-01 7.9583457842e-02 3.7354888619e+02 6.3682868001e+00 8.3978798859e-01 1.4905072212e+01 9.3514883169e-03 1.3551156329e-02
2.9860316008e+01 2.4872504873e+01 2.3704936053e+01 8.3296187709e-01 4.5103583703e-02 2.0665519944e+02 7.9702466767e+00 -9.1651700940e-01 9.0223918529e+00 1.4375402180e-02 1.8668754978e-02
3.4720766055e+01 2.6328250480e+01 2.6270663728e+01 7.5828541451e-01 3.3261417567e-02 1.5109498543e+02 2.0486729919e+01 6.2958320739e-01 8.0677824385e+00 9.5294473684e-03 1.0338190016e-02
3.9849551233e+01 2.1428330077e+01 2.5199174227e+01 5.3773077522e-01 5.0617177169e-02 2.3283382000e+02 8.8297286094e+00 9.9157844732e-01 9.2665777243e+00 1.3271537264e-02 1.6641040063e-02
3.8987394023e+01 3.0072398355e+01 2.9758450225e+01 7.7133645654e-01 5.7665624936e-02 2.6658446974e+02 8.1395000956e+00 -8.6266228792e-01 9.1471908953e+00 1.2280679744e-02 1.5824904373e-02
1.8025550147e+01 1.4124395323e+01 1.3870080688e+01 7.8357637951e-01 1.5573723630e-02 6.9825508718e+01 2.4815204054e+01 9.1393672090e-01 9.6711167845e+00 1.3363109341e-02 1.4273614517e-02
6.8001693460e+01 6.2475968216e+01 5.6732562608e+01 9.1874135831e-01 4.4719847254e-02 2.0484052088e+02 7.6837805525e+01 6.3109115919e-01 8.9515587633e+00 3.5629520821e-03 3.6351034030e-03
3.7349404633e+01 2.2086546760e+01 2.4833449963e+01 5.9134936626e-01 3.2300426262e-02 1.4662645458e+02 2.2658115657e+01 8.5528983213e-01 9.7477848606e+00 9.5100947591e-03 1.0228650686e-02
4.4289456164e+01 3.8283488755e+01 3.5827751933e+01 8.6439283909e-01 7.4232201629e-02 3.4715481771e+02 5.7991850741e+00 -9.9139749095e-01 1.1586907172e+01 1.2298001772e-02 1.9074085490e-02
2.3175232649e+01 2.0888804648e+01 1.9148984930e+01 9.0134174548e-01 1.2183262152e-02 5.4485116452e+01 1.0256962737e+02 -5.8778443582e-01 9.1335196849e+00 6.4292547350e-03 6.5258788494e-03
3.8816322971e+01 2.3631279032e+01 2.6205823967e+01 6.0879746518e-01 4.2824846173e-02 1.9589310077e+02 1.0032030242e+01 7.2945138888e-01 8.4169409645e+00 1.2402784200e-02 1.5009498552e-02
4.0481550674e+01 3.5545370968e+01 3.3008868191e+01 8.7806347277e-01 3.5514933861e-02 1.6159739207e+02 1.2178620248e+01 8.0389809698e-01 1.4225248464e+01 1.0027775091e-02 1.1642569838e-02
2.6288113601e+01 2.5036563826e+01 2.2332391980e+01 9.5239103899e-01 3.6077686977e-02 1.6422526320e+02 1.1998430794e+01 8.8191421338e-01 9.0975730130e+00 1.2868986555e-02 1.4982670185e-02
4.5273178559e+01 3.6766001547e+01 3.5478738581e+01 8.1209234070e-01 2.7527347507e-02 1.2452199409e+02 1.9620166216e+01 4.0923625475e-01 1.0941790421e+01 8.0548278364e-03 8.7737983562e-03
2.4551461275e+01 2.0452986379e+01 1.9491683815e+01 8.3306594871e-01 1.9877552919e-02 8.9409203759e+01 8.9807418058e+01 -8.4315107414e-01 8.0115133711e+00 6.6516638660e-03 6.7662892709e-03
3.0959109861e+01 2.6923804065e+01 2.5121458775e+01 8.6965691797e-01 1.4027332835e-02 6.2819196228e+01 3.6401560722e+02 9.6948442374e-01 9.4139743873e+00 3.3704793344e-03 3.3844739223e-03
3.6785899479e+01 2.5863719161e+01 2.6769467179e+01 7.0308785507e-01 2.3030623609e-02 1.0383489381e+02 1.6608470071e+02 -9.5061350518e-01 8.9148797339e+00 4.3235641454e-03 4.3632717121e-03
7.1440874589e+01 6.5159704148e+01 5.9383393495e+01 9.1207875776e-01 8.7966457368e-02 4.1525410683e+02 2.4839372663e+01 7.6802065949e-01 9.4012057038e+00 5.1560567120e-03 5.5069822778e-03
3.1938546805e+01 2.8747929388e+01 2.6371488812e+01 9.0010135913e-01 3.4783948907e-02 1.5818702703e+02 3.0010766337e+01 -8.5864914332e-01 9.1453219151e+00 8.2309815516e-03 8.6845656986e-03
6.1433437322e+01 4.7804939535e+01 4.7103318577e+01 7.7815830627e-01 1.2335440992e-02 5.5172008797e+01 1.0591418806e+02 7.1355943050e-01 2.5994618496e+01 3.6189115877e-03 3.6715359316e-03
5.1660809425e+01 4.9851349727e+01 4.4177309583e+01 9.6497422867e-01 6.0032481455e-02 2.7798908273e+02 4.7340929789e+01 -8.6308560441e-01 8.6577848819e+00 4.9503160410e-03 5.1169348335e-03
3.1016791897e+01 1.7417693721e+01 2.0068807954e+01 5.6155690695e-01 2.6288357950e-02 1.1880869595e+02 2.6085703313e+01 -8.0712659544e-01 8.3041961801e+00 1.0343092875e-02 1.1009299034e-02
8.2911806129e+01 4.7732989733e+01 5.4355386074e+01 5.7570799578e-01 6.8899101403e-02 3.2102860990e+02 3.4444969399e+00 7.4640548805e-01 1.7998746647e+01 1.1558101561e-02 1.0000000000e+00
3.7699341056e+01 3.6819102984e+01 3.2433321130e+01 9.7665110192e-01 4.4805693405e-02 2.0524640208e+02 5.5854422147e+01 -9.1784504629e-01 8.1828203717e+00 5.6951781199e-03 5.8561099616e-03
8.0041248666e+01 6.7739254401e+01 6.4057374178e+01 8.4630431846e-01 9.2579778827e-02 4.3839019406e+02 2.8990894791e+01 -7.0680784371e-01 8.5208865633e+00 4.6284300427e-03 4.8934328603e-03
8.5608380504e+01 7.2516763023e+01 6.8544502440e+01 8.4707551522e-01 8.0349439142e-02 3.7734154367e+02 7.8223365938e+01 -9.9240601438e-01 8.2082215304e+00 3.0793496628e-03 3.1405625793e-03
3.3471051804e+01 2.3752236868e+01 2.4474270889e+01 7.0963520976e-01 1.2278653172e-02 5.4915666419e+01 7.5016704870e+01 -9.8925719804e-01 2.0831067042e+01 6.2012658252e-03 6.3300100304e-03
3.5084936472e+01 3.1918129992e+01 2.9125671328e+01 9.0973885667e-01 2.9339463674e-02 1.3289636737e+02 3.8885110884e+01 -9.6859478505e-01 1.2809356203e+01 7.0425572316e-03 7.3351516612e-03
8.3476818283e+01 6.5188091694e+01 6.4120780303e+01 7.8091251002e-01 5.5603842957e-02 2.5667896685e+02 1.1692923241e+02 9.6621556398e-01 8.2794518926e+00 2.8014780891e-03 2.8382849938e-03
6.5371910523e+01 5.8997710258e+01 5.4049656539e+01 9.0249328474e-01 9.2602636015e-02 4.3850514944e+02 4.5021374041e+00 4.1867395059e-01 9.2760321477e+00 1.0347947684e-02 2.3554711483e-02
2.9851887466e+01 2.8417699864e+01 2.5354090889e+01 9.5195655202e-01 2.2302127300e-02 1.0049606624e+02 2.4678592631e+00 -8.2280217095e-01 1.4825343519e+01 2.1691197566e-02 1.0000000000e+00
3.2413050282e+01 2.7398579912e+01 2.5924575036e+01 8.4529470921e-01 2.0339316520e-02 9.1517698997e+01 8.2685488626e+01 9.1685527583e-01 1.2163638709e+01 5.7391766093e-03 5.8468921558e-03
2.3379496649e+01 1.8116769736e+01 1.7887421801e+01 7.7489990517e-01 1.5109737508e-02 6.7721622147e+01 6.4831556635e+01 9.4299568806e-01 1.1468757858e+01 7.9540416503e-03 8.1462818234e-03
5.9967091065e+01 5.5425685031e+01 5.0180930101e+01 9.2426836197e-01 4.0633628962e-02 1.8557611628e+02 3.7605219133e+00 -6.0282763354e-02 1.2895732913e+01 1.1955144911e-02 1.0000000000e+00
7.7195768089e+01 7.2479448450e+01 6.5111101805e+01 9.3890442759e-01 5.5403076067e-02 2.5571586553e+02 5.4095688678e+01 -6.8401043963e-01 1.0410995665e+01 3.7052189167e-03 3.8135086530e-03
2.3016787323e+01 2.1675572799e+01 1.9442965913e+01 9.4172885619e-01 2.6348603250e-02 1.1908626790e+02 4.9634337363e+00 -8.5343770508e-01 1.1221100114e+01 1.9654704823e-02 3.6345585368e-02
4.3843633294e+01 3.5437295129e+01 3.4275714430e+01 8.0826547588e-01 1.0546188295e-02 4.7105664441e+01 1.4924331588e+02 -3.5455004376e-01 1.2608791661e+01 3.8859390259e-03 3.9257307268e-03
4.6868723010e+01 2.4449774853e+01 2.9164487803e+01 5.2166505258e-01 3.7154556142e-02 1.6925965638e+02 2.6499297328e+01 -9.6765524924e-01 1.1269450140e+01 8.0867070954e-03 8.5984711652e-03
8.5091134696e+01 7.7112398545e+01 7.0500639126e+01 9.0623305025e-01 1.2519670438e-02 5.6003776535e+01 9.0554159288e+01 -1.0160280439e-02 1.7380881179e+01 2.9825124477e-03 3.0334716297e-03
3.4577762462e+01 2.8803806862e+01 2.7450829250e+01 8.3301534892e-01 1.5578909955e-02 6.9849033591e+01 1.6870462015e+02 -9.5580373748e-01 1.3456134956e+01 4.2506457590e-03 4.2890673030e-03
4.4886827920e+01 3.1264723491e+01 3.2506360954e+01 6.9652334416e-01 4.2923711545e-02 1.9635932705e+02 7.3160568064e+01 9.4507192240e-01 8.0393836896e+00 5.1455142200e-03 5.2551573799e-03
4.1072602018e+01 2.5797063168e+01 2.8185624431e+01 6.2808446263e-01 2.1416405428e-02 9.6441392059e+01 7.8875802430e+01 8.0065581661e-01 1.1394688679e+01 5.5404847713e-03 5.6496771172e-03
5.0388487016e+01 5.0254709760e+01 4.3807449383e+01 9.9734508289e-01 1.0218734139e-01 4.8699041528e+02 1.2914174325e+01 9.4457457110e-01 8.4119206912e+00 7.9048500240e-03 9.0837088383e-03
4.1680234624e+01 3.8215039661e+01 3.4737172347e+01 9.1686239307e-01 6.9154034314e-02 3.2227342769e+02 5.0726642521e+00 7.3729285101e-01 9.3835370176e+00 1.3222405889e-02 2.3678277237e-02
4.4444406424e+01 1.5340122791e+01 2.2124313567e+01 3.4515305806e-01 1.2226128431e-02 5.4678587011e+01 6.1432344259e+01 6.0116419498e-01 1.2719520638e+01 7.1191762024e-03 7.3012117880e-03
2.1268107535e+01 1.6643129057e+01 1.6354026868e+01 7.8253925647e-01 1.2994060465e-02 5.8146623125e+01 1.0067666749e+02 -8.4331287313e-01 9.5615924395e+00 7.1417176713e-03 7.2511245096e-03
4.3322328895e+01 2.6171926898e+01 2.9129881272e+01 6.0412095946e-01 1.2426681486e-02 5.5583917184e+01 5.0097436054e+01 8.7070046629e-01 2.5229091641e+01 6.4703235068e-03 6.6754111331e-03
3.9759735369e+01 3.7451255728e+01 3.3590007134e+01 9.4193926042e-01 2.2489631524e-02 1.0135509472e+02 1.6051474215e+01 4.3461255469e-01 1.3581312064e+01 9.0143520552e-03 1.0037199274e-02
4.0925166044e+01 3.8954815142e+01 3.4757086759e+01 9.5185478540e-01 4.4038193159e-02 2.0161934931e+02 4.9158693293e+01 -9.9967823391e-01 1.0209421102e+01 5.7242787323e-03 5.9093931445e-03
6.3397398233e+01 3.5540223914e+01 4.0982897820e+01 5.6059436041e-01 2.5019624735e-02 1.1296875618e+02 1.8463210508e+02 -9.6959647518e-01 1.0938865628e+01 3.1803232029e-03 3.2065525528e-03
3.5981620627e+01 3.0893144306e+01 2.9007696729e+01 8.5858123584e-01 1.8948102042e-02 8.5169469068e+01 1.2611423275e+02 7.2185410193e-01 1.0244086229e+01 4.5705491689e-03 4.6261271654e-03
3.5328451115e+01 2.6403210132e+01 2.6531829930e+01 7.4736393188e-01 2.7794612683e-02 1.2575575121e+02 7.2402272895e+01 -8.8262925218e-01 9.2197482875e+00 5.9185824825e-03 6.0460722075e-03
2.7109060533e+01 2.4142067652e+01 2.2263460631e+01 8.9055345988e-01 2.1400598198e-02 9.6369076758e+01 1.1331811220e+01 6.7571944949e-01 1.2167863406e+01 1.3291240196e-02 1.5648529315e-02
4.0981097339e+01 3.4182589791e+01 3.2556035447e+01 8.3410625899e-01 5.4006715560e-02 2.4902450200e+02 3.1962452863e+01 -9.9098315792e-01 8.7181793874e+00 6.9664078805e-03 7.3245881829e-03
4.0090339228e+01 3.3797885814e+01 3.2021561974e+01 8.4304314866e-01 1.8387958337e-02 8.2617126232e+01 3.1137322821e+01 4.4385096789e-01 1.3217809369e+01 7.2626131562e-03 7.6469061942e-03
4.1887477412e+01 2.5557153475e+01 2.8311868739e+01 6.1013828127e-01 1.7641384135e-02 7.9218549317e+01 1.3088452305e+02 5.1817800723e-01 8.2597444197e+00 4.5799482665e-03 4.6335669085e-03
2.5853843986e+01 2.3915764287e+01 2.1643763928e+01 9.2503707766e-01 1.6624207180e-02 7.4594113024e+01 5.0629796435e+01 9.9609570019e-01 1.4897330502e+01 7.7394509677e-03 7.9820354327e-03
3.4484782592e+01 2.6727430752e+01 2.6386586209e+01 7.7505000011e-01 2.2536824397e-02 1.0157134006e+02 8.8073505372e+00 -1.4897492805e-01 8.2816935357e+00 1.3127738285e-02 1.6473740448e-02
3.7165618319e+01 3.6776272367e+01 3.2184541869e+01 9.8952402867e-01 5.0456105162e-02 2.3206626987e+02 7.5142632639e+00 -6.2939266739e-01 9.0591177344e+00 1.2101036332e-02 1.6091336157e-02
3.7784119021e+01 1.5447258700e+01 2.0628273979e+01 4.0882939976e-01 4.3142389417e-02 1.9739078663e+02 6.5365116779e+00 -9.7848973274e-01 8.5277679398e+00 1.6910713213e-02 2.4117254436e-02
8.6174606443e+01 5.2055343993e+01 5.7941048135e+01 6.0406825330e-01 1.2601565637e-01 6.0992664902e+02 1.7291508259e+01 -9.8231553679e-01 9.2267037667e+00 5.8701835243e-03 6.4788609366e-03
8.3321938909e+01 7.1304578707e+01 6.7060884368e+01 8.5577195683e-01 1.8382041762e-01 9.2186553974e+02 3.1833194970e+00 8.2908594476e-01 1.0483039526e+01 9.7947581734e-03 1.0000000000e+00
3.3858038722e+01 3.0622135829e+01 2.8024193605e+01 9.0442733796e-01 5.4127686969e-02 2.4960370347e+02 1.9433522802e+01 -9.8188570929e-01 8.1535819158e+00 9.2192894857e-03 1.0051476854e-02
5.5981674699e+01 4.1572302890e+01 4.1904531077e+01 7.4260556002e-01 6.4285568161e-02 2.9857192129e+02 3.2423932159e+01 8.5787483029e-01 8.6368566184e+00 5.8819541970e-03 6.1796618307e-03
3.6673865727e+01 3.0820197410e+01 2.9245708662e+01 8.4038583875e-01 3.1608497485e-02 1.4341279617e+02 7.7984069874e+00 -7.9151814720e-01 1.5009023527e+01 1.2813945401e-02 1.6781644597e-02
2.9659269838e+01 2.4099643134e+01 2.3249442555e+01 8.1255011555e-01 3.0362206950e-02 1.3763234512e+02 2.4177169574e+01 -7.9138065063e-01 8.7295353953e+00 9.6831610734e-03 1.0362668631e-02
2.4542828977e+01 2.4481879659e+01 2.1339224070e+01 9.9751661398e-01 2.5652497450e-02 1.1588051897e+02 2.8754571361e+01 -9.0652921604e-01 1.0016721151e+01 9.6005002941e-03 1.0155192799e-02
6.4071455177e+01 3.7768805121e+01 4.2529942910e+01 5.8947943381e-01 5.7733092350e-02 2.6690906471e+02 7.1258470128e+00 -5.6220837821e-01 1.0800230605e+01 1.0326133855e-02 1.4064961289e-02
2.6428093611e+01 2.5572692404e+01 2.2630981684e+01 9.6763288264e-01 1.3617494755e-02 6.0965006276e+01 7.2514587045e+01 -7.6282198341e-01 1.3573893349e+01 6.5902257908e-03 6.7319544617e-03
4.2278041272e+01 3.8759577569e+01 3.5233760816e+01 9.1677798693e-01 3.3879523042e-02 1.5397232601e+02 5.9626955937e+00 -5.8363693311e-01 1.5227373855e+01 1.2596116503e-02 1.9107673114e-02
5.9024239875e+01 4.0511427753e+01 4.2419839852e+01 6.8635238403e-01 4.2487716625e-02 1.9430375246e+02 2.4350979619e+01 -6.6312186685e-01 1.1504404152e+01 6.5834281043e-03 7.0416796933e-03
3.1895838982e+01 2.3276397060e+01 2.3661689728e+01 7.2976280930e-01 1.5699543468e-02 7.0396271106e+01 1.7937411452e+02 9.0744709944e-01 1.0717476255e+01 4.5577861714e-03 4.5964950948e-03
8.1194557334e+01 7.9401198228e+01 6.9898132435e+01 9.7791281627e-01 1.6541770999e-01 8.2050305660e+02 2.7393542700e+00 -6.5979677066e-01 9.5456247614e+00 1.0196724286e-02 1.0000000000e+00
7.7771705627e+01 5.4431066525e+01 5.6461572341e+01 6.9988263838e-01 1.2496480887e-01 6.0443388349e+02 5.4475635130e+00 5.7433874204e-01 8.3680222891e+00 9.2052892350e-03 1.5131228572e-02
8.1809136924e+01 4.7783562632e+01 5.4042084871e+01 5.8408589099e-01 8.8357953044e-02 4.1721240095e+02 9.6065556256e+00 -5.2497049348e-01 8.5115621280e+00 7.8076070645e-03 9.5547600664e-03
2.9853015453e+01 2.8333298378e+01 2.5316696519e+01 9.4909334779e-01 2.8913068497e-02 1.3092391021e+02 9.6802520517e+00 -9.7323464343e-01 1.5486010211e+01 1.2952308176e-02 1.5818555259e-02
6.9092924838e+01 6.4726148357e+01 5.8210911748e+01 9.3679850012e-01 1.8186631369e-01 9.1101330338e+02 6.3736166532e+00 9.7244912705e-01 9.0937002620e+00 8.2564440734e-03 1.1958006990e-02
7.0547524202e+01 5.7076576998e+01 5.5179438752e+01 8.0905145352e-01 1.7215655888e-01 8.5740228726e+02 3.9638566083e+00 9.1101492369e-01 9.9290503672e+00 1.0254150898e-02 1.0000000000e+00
3.4278571397e+01 2.1596079826e+01 2.3561102993e+01 6.3001691569e-01 2.5489276461e-02 1.1512930744e+02 3.3345149913e+01 6.9182056595e-01 8.6902287475e+00 8.5374716983e-03 8.9565427915e-03
6.9711388578e+01 4.9925247120e+01 5.1215514004e+01 7.1617060194e-01 5.8310230618e-02 2.6968694222e+02 1.4799265154e+01 4.7656177162e-01 9.7958366979e+00 6.9874965247e-03 7.8639154408e-03
2.5880350490e+01 2.3324279271e+01 2.1382862246e+01 9.0123506171e-01 2.2834979212e-02 1.0293787503e+02 4.6698298306e+01 -9.1524020952e-01 1.0072553043e+01 8.0077999696e-03 8.2812739036e-03
6.4710667165e+01 6.1152246858e+01 5.4758736800e+01 9.4501029796e-01 3.9788462956e-02 1.8160513232e+02 8.1234986220e+01 8.8319588066e-01 1.2641161769e+01 3.5780224952e-03 3.6464180348e-03
8.0137310509e+01 6.0449143392e+01 6.0470875035e+01 7.5431959231e-01 6.6666617837e-02 3.1014506238e+02 2.0172584002e+00 2.1379269901e-01 9.2354764557e+00 1.3232771714e-02 1.0000000000e+00
7.3913466434e+01 5.2229631124e+01 5.3927665365e+01 7.0663214221e-01 5.3885117256e-02 2.4844239348e+02 3.9776219887e+01 -5.7195086487e-01 9.0703178463e+00 4.6820265366e-03 4.8718596340e-03
6.5435238306e+01 6.2380148712e+01 5.5615805116e+01 9.5331124829e-01 6.1224537561e-02 2.8374646280e+02 5.2318234394e+01 8.4645118332e-01 1.0070427294e+01 4.1261726251e-03 4.2510934506e-03
3.4194167770e+01 2.9263659859e+01 2.7521453512e+01 8.5580851259e-01 3.0606845622e-02 1.3876620419e+02 1.6936716190e+01 -8.7106151436e-01 1.2841427496e+01 9.9570811268e-03 1.1015620877e-02
3.5844362904e+01 3.4098651968e+01 3.0433084779e+01 9.5129747625e-01 2.5377202104e-02 1.1461359623e+02 1.6809477111e+02 9.6681442103e-01 9.1920218789e+00 3.9668373688e-03 4.0028258328e-03
3.7375628296e+01 3.6510322356e+01 3.2158081280e+01 9.7684839078e-01 2.9877178362e-02 1.3538548357e+02 1.1185198685e+01 -8.5323608701e-01 1.7580446890e+01 1.0559227028e-02 1.2465479044e-02
3.0120828020e+01 1.9492216166e+01 2.0995088041e+01 6.4713414097e-01 2.2593128696e-02 1.0182935475e+02 5.5698507337e+00 -3.8848131927e-01 8.4276907528e+00 1.7982147381e-02 2.8912523678e-02
4.0599775463e+01 3.8520965537e+01 3.4425036421e+01 9.4879750191e-01 6.1439151190e-02 2.8478396077e+02 1.3394201675e+01 -8.5884355654e-01 9.1134250750e+00 9.2810259290e-03 1.0601500640e-02
7.8520560424e+01 6.0430436716e+01 5.9864745495e+01 7.6961290635e-01 2.0682810274e-01 1.0512036062e+03 3.6204868358e+00 -9.1868870058e-01 9.2577343626e+00 9.8997170324e-03 1.0000000000e+00
4.2015525862e+01 3.5030665411e+01 3.3370651022e+01 8.3375525336e-01 1.4173698037e-02 6.3481654587e+01 3.7250299738e+02 7.9868165747e-01 8.7116680015e+00 2.7978468589e-03 2.8091971533e-03
6.8734126629e+01 6.4703065150e+01 5.8050101759e+01 9.4135283772e-01 2.8927732822e-02 1.3099172587e+02 3.8595935208e+00 2.1949587946e-01 2.5250587808e+01 1.0885546649e-02 1.0000000000e+00
4.8145896294e+01 4.5705863794e+01 4.0834781295e+01 9.4932003165e-01 2.1160926966e-02 9.5272826431e+01 8.8735280716e+01 -8.7807246612e-01 1.7658156587e+01 4.2053955994e-03 4.2787693536e-03
3.3599656401e+01 2.0728966185e+01 2.2842400861e+01 6.1693982633e-01 4.4244912998e-02 2.0259589058e+02 5.2824897767e+00 8.2265736401e-01 8.4744563575e+00 1.7174779515e-02 2.9203536901e-02
6.7982622288e+01 6.7284027227e+01 5.8877286690e+01 9.8972391713e-01 2.2640324877e-01 1.1634738087e+03 3.9308769610e+00 -8.7826211243e-01 8.2453258612e+00 9.6022724470e-03 1.0000000000e+00
3.4296361352e+01 2.5645382792e+01 2.5763713688e+01 7.4775812306e-01 2.4894310130e-02 1.1239251478e+02 4.1122970716e+01 -9.4152006937e-01 1.2403022976e+01 7.4659374385e-03 7.7580041134e-03
3.2801652780e+01 3.1958325111e+01 2.8185549373e+01 9.7429008608e-01 3.9968233848e-02 1.8244939060e+02 1.1161753399e+01 -6.9981717718e-01 9.3455137714e+00 1.1405569442e-02 1.3470520299e-02
2.6419448104e+01 2.6135802982e+01 2.2875601910e+01 9.8926377567e-01 1.6853647912e-02 7.5636626075e+01 1.8747892033e+01 -3.5838467548e-01 9.5751188992e+00 1.0849737061e-02 1.1871419412e-02
3.6274337471e+01 3.3654584868e+01 3.0412692375e+01 9.2777944999e-01 1.8752744608e-02 8.4279068673e+01 2.0653628042e+02 9.7903216682e-01 1.1311950663e+01 3.6884578355e-03 3.7156080383e-03
2.5622409234e+01 2.1687062189e+01 2.0507031274e+01 8.4640995274e-01 1.2031433574e-02 5.3799960022e+01 1.3070092749e+02 5.5937868565e-01 8.9911670725e+00 5.6251064399e-03 5.6910555269e-03
3.1193218508e+01 2.8682013855e+01 2.6034692641e+01 9.1949517322e-01 1.8000520842e-02 8.0852957880e+01 1.2097357435e+01 2.1289658527e-01 9.9813585387e+00 1.1785527249e-02 1.3700272872e-02
2.6268780922e+01 2.5079506300e+01 2.2343445690e+01 9.5472669155e-01 2.8695259783e-02 1.2991681334e+02 8.3653402033e+00 -5.2317098384e-01 8.1125323208e+00 1.4794194893e-02 1.8880604841e-02
6.0096937678e+01 4.6910067297e+01 4.6151795049e+01 7.8057333883e-01 8.3443312725e-02 3.9269753184e+02 7.3888097158e+00 -8.2493464397e-01 1.1351876080e+01 9.5352825795e-03 1.2772658626e-02
2.0823961561e+01 2.0682446564e+01 1.8066587477e+01 9.9320422308e-01 1.0880894900e-02 4.8612959515e+01 4.6262526373e+01 -8.0836257979e-01 1.5167458700e+01 8.9944511060e-03 9.3046999811e-03
3.9380179475e+01 3.0376761334e+01 3.0058964173e+01 7.7137183576e-01 4.3766628771e-02 2.0033690416e+02 9.1388683642e+00 -7.6079077857e-01 1.0516294808e+01 1.1782167658e-02 1.4621251473e-02
3.2142419012e+01 1.8387882291e+01 2.1001764602e+01 5.7207524687e-01 2.3148442733e-02 1.0437521050e+02 8.2111606883e+01 9.9890051913e-01 9.0934345605e+00 6.5523564493e-03 6.6762237324e-03
6.5325197030e+01 4.6272711738e+01 4.7721292366e+01 7.0834400571e-01 8.6234082064e-02 4.0659995821e+02 3.5331758176e+00 -6.8071908769e-01 1.1234979541e+01 1.2294518107e-02 1.0000000000e+00
6.5284666583e+01 6.0314381895e+01 5.4618777245e+01 9.2386750292e-01 6.7213748142e-02 3.1280946146e+02 3.4966523141e+01 -7.2844979149e-01 9.3851018726e+00 4.8367674652e-03 5.0622106155e-03
3.5098917570e+01 2.2861201024e+01 2.4547643438e+01 6.5133635470e-01 2.8000550717e-02 1.2670672972e+02 3.7675752337e+00 -7.6661676649e-01 1.3207452033e+01 1.8821123606e-02 1.0000000000e+00
8.2324242800e+01 6.6405423893e+01 6.4292343736e+01 8.0663267143e-01 5.1685144256e-02 2.3792718046e+02 7.7354833625e+01 -6.1801132487e-01 8.2461155958e+00 3.2731041411e-03 3.3389263813e-03
4.4910250775e+01 4.2198387812e+01 3.7894183888e+01 9.3961594700e-01 2.2807640712e-02 1.0281254974e+02 5.5942615147e+01 -9.9833299124e-01 2.0632896055e+01 5.2334506121e-03 5.3810897743e-03
2.7798321894e+01 2.7220881947e+01 2.3946916655e+01 9.7922752500e-01 2.6603012925e-02 1.2025869006e+02 1.1419266917e+02 -9.8984520541e-01 8.2617792699e+00 5.3229063223e-03 5.3945583331e-03
3.7526630539e+01 2.3340297065e+01 2.5620717885e+01 6.2196623383e-01 2.6215321618e-02 1.1847222325e+02 8.1664366274e+01 -9.1756634723e-01 9.3742631346e+00 5.7878184698e-03 5.8978530684e-03
6.9638561497e+01 4.8630302588e+01 5.0498673806e+01 6.9832434132e-01 3.7117143072e-02 1.6908462223e+02 2.7762112976e+01 2.4575234754e-01 9.2582796186e+00 5.6387609423e-03 5.9775260947e-03
7.0326289220e+01 6.9475791713e+01 6.0851038856e+01 9.8790640716e-01 1.0108615253e-01 4.8139151797e+02 2.1345918430e+01 -9.1823708209e-01 1.0500178251e+01 5.3348457240e-03 5.7665484387e-03
5.3206037605e+01 4.7770989976e+01 4.3876358733e+01 8.9784904358e-01 6.4444892860e-02 2.9934520290e+02 2.5579396773e+01 6.8246968802e-01 8.0395705936e+00 6.2461984799e-03 6.6574805241e-03
2.6488533064e+01 1.9610772774e+01 1.9796694996e+01 7.4034952132e-01 2.4603529621e-02 1.1105580242e+02 2.5750815916e+01 9.0786651273e-01 9.7352094098e+00 1.0493159706e-02 1.1178912926e-02
4.2543882660e+01 2.8985805258e+01 3.0459041266e+01 6.8131546643e-01 2.0891151498e-02 9.4039336839e+01 1.4850375218e+02 9.5342803900e-01 1.1682666616e+01 4.1647066354e-03 4.2075693070e-03
3.4347310874e+01 2.6174169520e+01 2.6054184396e+01 7.6204421407e-01 1.5221455859e-02 6.8228063274e+01 2.9788936974e+02 9.9798955953e-01 1.0317875637e+01 3.5491650571e-03 3.5672033738e-03
3.4163750855e+01 3.2637696645e+01 2.9067913148e+01 9.5533118666e-01 6.5948625972e-02 3.0665147428e+02 8.0272178557e+00 9.4481256421e-01 8.5159215669e+00 1.2466370195e-02 1.6146373394e-02
2.9574955101e+01 2.0535661417e+01 2.1383250535e+01 6.9435985102e-01 1.3117966260e-02 5.8706561258e+01 2.7338973971e+02 -9.3003665173e-01 9.9382109715e+00 4.1523487801e-03 4.1753632138e-03
4.5218231224e+01 3.8503562325e+01 3.6301200254e+01 8.5150527306e-01 4.5568022297e-02 2.0885279056e+02 1.9504793642e+01 -8.1500309533e-01 1.1232228230e+01 7.8717616385e-03 8.5792672870e-03
4.4970403723e+01 2.2086880434e+01 2.7098640776e+01 4.9114258725e-01 1.1607948038e-02 5.1889715963e+01 1.3092621612e+02 -8.9809064229e-01 1.8640367794e+01 4.7240112566e-03 4.7792984892e-03
3.5308562759e+01 3.4711269509e+01 3.0476571525e+01 9.8308361476e-01 4.3216826084e-02 1.9774196018e+02 2.2298474922e+01 -9.2082670064e-01 1.0246684984e+01 8.3628561175e-03 9.0064205971e-03
8.3176053512e+01 8.2694980572e+01 7.2199196687e+01 9.9421620865e-01 1.0385340253e-01 4.9547531710e+02 2.3918913809e+00 -5.1322156993e-01 1.2170332126e+01 1.0876529547e-02 1.0000000000e+00
7.4469044975e+01 6.7467743215e+01 6.1691337468e+01 9.0598373107e-01 4.1741994300e-02 1.9079077357e+02 4.0396365465e+01 -1.7279918138e-01 8.2269621500e+00 4.3107432800e-03 4.4826389777e-03
3.7457293483e+01 3.5813671988e+01 3.1883410035e+01 9.5612012128e-01 3.2734320791e-02 1.4864327829e+02 3.6409539187e+01 6.2065234913e-01 8.8812350833e+00 6.8076025221e-03 7.1112764624e-03
4.7116127030e+01 4.3217813124e+01 3.9276179127e+01 9.1726158001e-01 3.1275088264e-02 1.4186540218e+02 3.6919380307e+01 -8.1285657377e-01 1.4840109746e+01 5.9499113162e-03 6.2113574752e-03
4.7441633399e+01 3.7699898939e+01 3.6768134790e+01 7.9465853594e-01 4.6873583283e-02 2.1503780343e+02 5.5531414100e+01 9.1179731866e-01 8.9830495578e+00 5.2706608068e-03 5.4205090059e-03
8.4372392180e+01 7.8215177140e+01 7.0709435457e+01 9.2702334401e-01 1.0970729041e-01 5.2542080240e+02 2.2980954137e+01 7.4557156039e-01 9.2076064988e+00 4.7014204419e-03 5.0509474181e-03
7.2435532125e+01 6.4495702608e+01 5.9482464631e+01 8.9038764148e-01 1.6868904562e-01 8.3838385200e+02 4.1838555525e+00 -6.7500732413e-01 8.6196742252e+00 9.6056007600e-03 3.1005376292e-02
5.5000518210e+01 1.6935331002e+01 2.5710303745e+01 3.0791220798e-01 4.5299491284e-02 2.0758200814e+02 1.0813697114e+01 -8.9967021337e-01 9.1995605661e+00 1.2185348403e-02 1.4489710796e-02
3.2952854891e+01 2.6713683190e+01 2.5800606919e+01 8.1066369753e-01 3.6519657183e-02 1.6629056951e+02 1.2039871112e+01 -8.6792614386e-01 1.0748907082e+01 1.1740399851e-02 1.3659904716e-02
5.9982627158e+01 4.9888410221e+01 4.7581534488e+01 8.3171432438e-01 5.3742214459e-02 2.4775841837e+02 7.4487108973e+00 4.0548737946e-01 1.0852407336e+01 9.4903517496e-03 1.2667515164e-02
6.5774060559e+01 4.6735667780e+01 4.8126452328e+01 7.1054861723e-01 9.3529991854e-02 4.4317178721e+02 8.6212220963e+00 9.8857447322e-01 1.2167702939e+01 8.7161227616e-03 1.1012294964e-02
3.7931561503e+01 2.5103089077e+01 2.6749819950e+01 6.6179951687e-01 2.5036889100e-02 1.1304815205e+02 8.6672252413e+01 -7.7419711269e-01 8.6587399083e+00 5.5135077319e-03 5.6120703343e-03
3.5203037899e+01 2.4604155272e+01 2.5538917030e+01 6.9892136421e-01 4.5060774750e-02 2.0645270991e+02 7.5029470418e+00 7.8784666960e-01 8.8430343656e+00 1.4036013340e-02 1.8676398776e-02
3.6872456790e+01 3.6067838308e+01 3.1746789359e+01 9.7817833275e-01 2.7364202717e-02 1.2376911217e+02 1.7852431367e+02 -9.5087136246e-01 8.4252233431e+00 3.7726288251e-03 3.8048243837e-03
3.0380065879e+01 2.9078870150e+01 2.5873567661e+01 9.5716942371e-01 1.1205650260e-02 5.0076160741e+01 3.5601697985e+01 -5.2426209447e-01 1.7706219645e+01 7.9260963669e-03 8.2883762633e-03
3.2057483643e+01 3.1603655459e+01 2.7709275308e+01 9.8584329986e-01 1.2511682716e-02 5.5967708472e+01 1.1453048566e+02 3.8752189709e-01 1.0141156065e+01 4.8956411098e-03 4.9613424769e-03
2.5883409097e+01 2.2811578361e+01 2.1145075282e+01 8.8132047348e-01 1.7222008230e-02 7.7311085300e+01 1.5151888637e+02 8.5874377977e-01 8.7823500121e+00 5.2042133167e-03 5.2566888197e-03
3.4113693634e+01 3.1927349267e+01 2.8727126067e+01 9.3591006620e-01 3.0865903944e-02 1.3996732502e+02 1.9524322613e+01 6.8232911042e-01 1.0504345348e+01 9.1890534978e-03 1.0013987003e-02
2.7509868745e+01 2.1561387473e+01 2.1170625918e+01 7.8376918743e-01 1.2683741739e-02 5.6744725088e+01 3.7598554719e+02 -9.9686025655e-01 9.3106727808e+00 3.7087439547e-03 3.7236491845e-03
3.2880003703e+01 3.0318098586e+01 2.7481439879e+01 9.2208318650e-01 1.7518802936e-02 7.8660886994e+01 1.5418614709e+02 9.8184456799e-01 1.2795658122e+01 4.3882365466e-03 4.4317049142e-03
2.1768685473e+01 2.0928024677e+01 1.8580499427e+01 9.6138210563e-01 1.3371385755e-02 5.9852100628e+01 7.5048715658e+01 5.9779251863e-01 8.8557529303e+00 7.3603888055e-03 7.5131298251e-03
3.2247934419e+01 2.5735065634e+01 2.5047026362e+01 7.9803764481e-01 1.6709491963e-02 7.4981581621e+01 9.5053096754e+01 -5.3191075168e-01 8.7201788394e+00 5.5777973898e-03 5.6684532055e-03
4.8177405053e+01 3.8457518624e+01 3.7424516522e+01 7.9824802896e-01 3.0540122741e-02 1.3845691582e+02 1.7338357661e+02 -9.4581879310e-01 8.6147311054e+00 3.4348246360e-03 3.4650205619e-03
3.6827485077e+01 3.5708168583e+01 3.1568465896e+01 9.6960649113e-01 5.4711325999e-02 2.5239943737e+02 2.3448163461e+00 -8.8658027093e-01 9.4659649974e+00 1.8907669449e-02 1.0000000000e+00
7.6341293536e+01 7.4407762455e+01 6.5610860754e+01 9.7467253970e-01 7.1747561770e-02 3.3496065578e+02 5.6179340515e+00 4.3778677920e-01 1.4344852382e+01 8.5390951827e-03 1.3618923725e-02
4.3913603168e+01 3.3164200961e+01 3.3157005396e+01 7.5521475280e-01 3.7208018879e-02 1.6950979351e+02 2.1462518326e+01 8.5288712071e-01 1.2410218811e+01 8.0772729660e-03 8.7267982598e-03
3.3823787610e+01 1.4923652029e+01 1.9242790409e+01 4.4121764838e-01 1.4642082455e-02 6.5602557007e+01 1.1117327293e+02 7.6866886183e-01 9.2555251890e+00 6.2095127187e-03 6.2954275839e-03
1.8889754601e+01 1.2864356153e+01 1.3520994360e+01 6.8102293675e-01 1.1112608056e-02 4.9656882064e+01 1.2289178893e+02 9.2724924253e-01 9.1601727415e+00 7.4725627337e-03 7.5658668922e-03
3.6924570759e+01 3.2926469145e+01 3.0344626420e+01 8.9172246198e-01 5.5871265999e-02 2.5796222550e+02 1.1767128694e+01 -8.7861271333e-01 8.9579718758e+00 1.0576971283e-02 1.2359903387e-02
6.2174298903e+01 5.9363419311e+01 5.2885384626e+01 9.5479032909e-01 9.5578790057e-02 4.5350039382e+02 1.2149316533e+01 -9.1245874425e-01 1.1185341143e+01 7.2169176272e-03 8.3827834240e-03
3.2562586507e+01 3.1813920118e+01 2.8019228127e+01 9.7700838695e-01 1.0541388883e-02 4.7084056570e+01 1.4864776918e+02 8.2168215832e-01 1.8568338264e+01 4.4142296544e-03 4.4596155377e-03
6.3781322237e+01 4.7656819078e+01 4.7894359509e+01 7.4719082964e-01 5.6257204813e-02 2.5981500088e+02 4.4446565078e+01 9.7888586764e-01 1.1620075513e+01 4.8300055844e-03 5.0038737332e-03
3.2589799180e+01 3.0518285585e+01 2.7451627060e+01 9.3643674872e-01 2.9232590644e-02 1.3240187201e+02 1.1486312784e+01 -6.7269300690e-01 1.1792937281e+01 1.1545878717e-02 1.3556395868e-02
3.0003952940e+01 2.5028233308e+01 2.3836464996e+01 8.3416453018e-01 1.1596355197e-02 5.1837440315e+01 5.5924046992e+02 -9.6720515233e-01 8.2237900989e+00 2.9693786423e-03 2.9773825249e-03
4.5240697993e+01 3.7756247160e+01 3.5949963086e+01 8.3456376306e-01 3.5055413918e-02 1.5945312207e+02 4.8425675398e+01 7.0155937938e-01 9.6726917033e+00 5.6670047835e-03 5.8532112285e-03
4.3934341638e+01 3.8669160377e+01 3.5867542959e+01 8.8015795696e-01 3.9759697650e-02 1.8147006130e+02 6.1297450816e+00 4.2476465971e-01 1.0834845639e+01 1.2284520477e-02 1.8261071410e-02
2.5360740808e+01 2.4403066965e+01 2.1656141854e+01 9.6223793892e-01 1.7952918267e-02 8.0636272088e+01 6.3095028564e+01 8.4593634665e-01 1.1141471711e+01 7.1179441814e-03 7.2949303691e-03
4.2180244541e+01 4.2074205406e+01 3.6673844576e+01 9.9748604741e-01 5.0111806890e-02 2.3042615839e+02 4.5004689845e+01 -8.3407835980e-01 8.2807822696e+00 5.7010400192e-03 5.9035491086e-03
6.8339437214e+01 6.0798741168e+01 5.6095582227e+01 8.8965820684e-01 1.3415071146e-01 6.5266789572e+02 1.4135256786e+01 8.8129118793e-01 8.0474116473e+00 6.4314250240e-03 7.2858976458e-03
3.4101893621e+01 2.6103050393e+01 2.5927188364e+01 7.6544284264e-01 1.5064678002e-02 6.7517382227e+01 2.8103827131e+02 -7.2953548492e-01 8.0473208827e+00 3.6389658667e-03 3.6585805250e-03
3.2646224637e+01 3.0790361440e+01 2.7598195733e+01 9.4315228735e-01 3.0328977495e-02 1.3747836257e+02 1.2333921649e+02 -9.6517143278e-01 8.0149996283e+00 4.7216894591e-03 4.7804267915e-03
7.7263490496e+01 7.6318316616e+01 6.6848845191e+01 9.8776687573e-01 2.2793765524e-01 1.1723591785e+03 5.3553970244e+00 -8.7250265469e-01 8.5661602441e+00 7.8923252383e-03 1.3212253670e-02
3.4357940575e+01 2.5391304788e+01 2.5654337319e+01 7.3902289727e-01 1.0619726393e-02 4.7436766362e+01 9.8124239932e+01 7.8631220704e-01 1.8848948532e+01 5.4501916114e-03 5.5359203097e-03
3.0965262693e+01 1.6421442315e+01 1.9437496956e+01 5.3031819809e-01 1.7960536221e-02 8.0670947820e+01 2.1311034346e+01 4.7038614411e-01 8.1168968348e+00 1.1440947547e-02 1.2368515029e-02
7.9968673468e+01 6.8740507405e+01 6.4507768541e+01 8.5959294338e-01 1.1721343356e-01 5.6411924656e+02 5.7790957755e+00 -9.4113312858e-01 1.5670409754e+01 8.3201408503e-03 1.2942059430e-02
4.2345617872e+01 3.2372170417e+01 3.2173875258e+01 7.6447509906e-01 1.8900708117e-02 8.4953433604e+01 2.5046589109e+02 -8.7152302402e-01 9.3099409245e+00 3.3122110196e-03 3.3322679041e-03
7.7519892511e+01 5.0096060033e+01 5.3994440618e+01 6.4623490062e-01 1.2281387264e-01 5.9321128242e+02 1.7805622660e+01 -9.5679652214e-01 8.3926891163e+00 6.0785682304e-03 6.6871217971e-03
4.9148383094e+01 1.9705139423e+01 2.6550213357e+01 4.0093159088e-01 1.9816814551e-02 8.9131967110e+01 3.0812991280e+01 3.3401670581e-01 8.4738229889e+00 8.1898638180e-03 8.6282437019e-03
6.3709722727e+01 4.9491242665e+01 4.8805685609e+01 7.7682401597e-01 1.4969047719e-01 7.3538287250e+02 4.3679417210e+00 -8.6777033813e-01 8.9105487455e+00 1.0805872395e-02 2.7327286478e-02
5.3417985788e+01 4.6400746005e+01 4.3319663370e+01 8.6863526058e-01 4.8375337534e-02 2.2216588125e+02 1.0351072937e+01 -6.2915364700e-01 1.2776775598e+01 8.9238047930e-03 1.0717707792e-02
4.0257290464e+01 3.4136792520e+01 3.2250219381e+01 8.4796547723e-01 4.6330895497e-02 2.1246551654e+02 2.9880270393e+00 8.9263500991e-01 1.3029910046e+01 1.7120855834e-02 1.0000000000e+00
3.3480554041e+01 1.5920362107e+01 1.9828978687e+01 4.7551071252e-01 1.1084793027e-02 4.9531549722e+01 1.0065743493e+02 -5.6384506751e-01 1.0211080491e+01 6.3394063867e-03 6.4365413781e-03
8.3591000080e+01 7.6875225239e+01 6.9773550984e+01 9.1965911600e-01 1.4857997901e-01 7.2942574906e+02 2.6851393370e+01 9.7069507809e-01 8.0839276692e+00 4.3767389148e-03 4.6496572838e-03
4.1753687608e+01 3.9466122286e+01 3.5336146205e+01 9.4521285537e-01 3.6471272878e-02 1.6606440967e+02 3.7741415648e+01 -8.8068460388e-01 1.2028203551e+01 6.2842526975e-03 6.5538911268e-03
3.8383551972e+01 3.4109206985e+01 3.1488439945e+01 8.8864123388e-01 5.7675869804e-02 2.6663375733e+02 4.7869773200e+00 6.6237773373e-01 8.9893347902e+00 1.4465481401e-02 2.8468859803e-02
3.5861993294e+01 2.0054908856e+01 2.3152849563e+01 5.5922460001e-01 2.6400468388e-02 1.1932524862e+02 6.0950598595e+01 8.9977606534e-01 8.8258017973e+00 6.8802337795e-03 7.0576168265e-03
3.8367185026e+01 2.8161495823e+01 2.8547469055e+01 7.3399953122e-01 2.1553398670e-02 9.7068181623e+01 9.5829192231e+01 7.9392139742e-01 1.0669413759e+01 5.1090614977e-03 5.1914064103e-03
3.0706311355e+01 2.8567196524e+01 2.5780126082e+01 9.3033631404e-01 1.0501256048e-02 4.6903376956e+01 1.5560168584e+02 -6.3830754905e-01 1.3640949411e+01 4.5711628874e-03 4.6160238842e-03
3.4328942517e+01 3.4170562133e+01 2.9816045541e+01 9.9538638908e-01 2.1845018730e-02 9.8402855422e+01 1.6391238381e+01 3.4895008791e-01 1.0693292655e+01 9.6392758452e-03 1.0705471607e-02
3.8436065651e+01 3.4734701088e+01 3.1800501888e+01 9.0370074302e-01 4.3278374740e-02 1.9803235847e+02 1.7654818224e+01 6.6494836106e-01 8.6373517582e+00 8.8884423891e-03 9.7873959837e-03
3.2591387230e+01 3.1828280720e+01 2.8037928202e+01 9.7658563887e-01 2.0940648864e-02 9.4265616523e+01 1.7393651391e+02 9.9906988741e-01 1.0526371773e+01 4.1334025026e-03 4.1696223250e-03
3.8964804826e+01 3.6097726253e+01 3.2644255663e+01 9.2641876211e-01 1.3438804654e-02 6.0156928713e+01 6.3316605567e+01 -9.4727392796e-01 2.6884813284e+01 5.5156785329e-03 5.6523226772e-03
5.8934701627e+01 4.1026862703e+01 4.2667483530e+01 6.9614100980e-01 4.9790231372e-02 2.2889497869e+02 6.8665396102e+01 8.3857394708e-01 8.4399078693e+00 4.4273544891e-03 4.5281316165e-03
5.6350427221e+01 5.5557298320e+01 4.8709198682e+01 9.8592505965e-01 8.6676985988e-02 4.0881074111e+02 2.8984488055e+00 -7.3783860028e-01 1.1386533663e+01 1.3070402783e-02 1.0000000000e+00
8.1607033118e+01 7.4709368095e+01 6.7961144139e+01 9.1547707642e-01 1.4559292294e-01 7.1343717918e+02 3.9122626368e+00 -7.9275267021e-01 1.3603240450e+01 9.1770556418e-03 1.0000000000e+00
6.0785280919e+01 5.4528182004e+01 5.0104376831e+01 8.9706226869e-01 6.1407583039e-02 2.8463133379e+02 2.7863373546e+01 -8.0067093861e-01 1.0968318530e+01 5.5774341260e-03 5.9111590679e-03
2.4966582627e+01 1.9396822034e+01 1.9127087104e+01 7.7691137487e-01 1.3661252797e-02 6.1162922790e+01 2.3827568838e+01 7.7772234521e-01 1.4728990083e+01 1.1112257388e-02 1.1905047764e-02
2.2136013283e+01 1.8895895873e+01 1.7793270920e+01 8.5362687629e-01 1.1820290493e-02 5.2847392485e+01 3.9663688216e+01 9.1085251349e-01 1.5872257529e+01 9.6144367648e-03 1.0005445088e-02
6.0198122163e+01 5.0166411423e+01 4.7800416554e+01 8.3335508849e-01 4.5983017494e-02 2.1081760981e+02 6.6174446759e+01 6.8716901636e-01 8.7159234596e+00 4.1909663773e-03 4.2901114320e-03
4.3888195825e+01 3.3456485434e+01 3.3297431652e+01 7.6231170601e-01 1.9647428937e-02 8.8358946349e+01 2.6250174791e+02 -9.7741708910e-01 9.8836856620e+00 3.1838909923e-03 3.2022774609e-03
1.9343218798e+01 1.8617131881e+01 1.6519574945e+01 9.6246297345e-01 1.2787846832e-02 5.7214958970e+01 1.6657449928e+02 -8.0224001734e-01 8.1409893289e+00 5.8765062944e-03 5.9303146938e-03
3.9813134821e+01 3.0679145989e+01 3.0373404355e+01 7.7057850699e-01 3.3521837296e-02 1.5230695905e+02 3.8418589138e+01 7.6901269001e-01 9.5823714800e+00 6.8739996830e-03 7.1633329621e-03
5.7867274522e+01 5.4006574219e+01 4.8661117566e+01 9.3328352968e-01 4.3891830199e-02 2.0092810039e+02 1.8781919178e+01 -5.4202296589e-01 1.2273433904e+01 6.6545664983e-03 7.2798628638e-03
5.0427971698e+01 4.9120629297e+01 4.3326561252e+01 9.7407505482e-01 2.7647896790e-02 1.2507841877e+02 1.5203788218e+02 -9.4129829841e-01 1.1290968673e+01 3.2984865257e-03 3.3316304276e-03
8.0819274589e+01 7.6293092509e+01 6.8353070122e+01 9.4399625457e-01 5.7391949011e-02 2.6526807518e+02 2.9537292241e+01 9.8999303751e-01 1.9619378624e+01 4.5046439755e-03 4.7572821497e-03
6.6474909903e+01 6.3478858155e+01 5.6547621554e+01 9.5492958543e-01 1.8712882617e-02 8.4097416879e+01 8.3705681920e+01 -7.4518508681e-01 2.3237867745e+01 3.5123380034e-03 3.5774281841e-03
8.2553198269e+01 7.9966707167e+01 7.0730146518e+01 9.6866879592e-01 1.7101949612e-01 8.5115839068e+02 1.0406542754e+01 -9.7835556474e-01 1.0402284690e+01 6.1175198693e-03 7.3380626890e-03
3.3339406975e+01 2.5746543279e+01 2.5462980349e+01 7.7225558625e-01 3.0220639213e-02 1.3697638234e+02 1.8949465645e+01 5.7466734200e-01 8.1159262582e+00 1.0024141867e-02 1.0956237584e-02
7.8710640969e+01 7.7843864478e+01 6.8143053118e+01 9.8898781054e-01 2.0024594807e-01 1.0139098023e+03 1.9588453801e+00 7.9598070320e-01 8.0299236471e+00 1.1534221479e-02 1.0000000000e+00
3.2462803293e+01 2.6458394541e+01 2.5486804733e+01 8.1503726903e-01 1.4788687049e-02 6.6266702546e+01 3.6528233445e+02 -8.6406217260e-01 8.0531264633e+00 3.3342880159e-03 3.3480839592e-03
2.9294634028e+01 2.8877076709e+01 2.5319924994e+01 9.8574628655e-01 1.7992118090e-02 8.0814707654e+01 3.0799185485e+00 -1.1771268930e-01 9.1218423070e+00 2.0031536483e-02 1.0000000000e+00
4.4325432095e+01 3.9228210978e+01 3.6287563603e+01 8.8500459271e-01 5.0585524029e-02 2.3268297136e+02 3.8869016568e+01 -9.6432966452e-01 9.7343312102e+00 6.0614446917e-03 6.3133896201e-03
3.4700846328e+01 2.0356983311e+01 2.2975674773e+01 5.8664227145e-01 1.1219176111e-02 5.0137117504e+01 2.8137446436e+02 6.0717726446e-01 8.4785960569e+00 3.9320407061e-03 3.9532095145e-03
3.7418825041e+01 3.4211039540e+01 3.1141177102e+01 9.1427348407e-01 2.6975275846e-02 1.2197499800e+02 6.0491372558e+01 8.0729147800e-01 1.1151310381e+01 5.7309460561e-03 5.8798745809e-03
4.4030749726e+01 3.8261091442e+01 3.5713852874e+01 8.6896297884e-01 2.8254248948e-02 1.2787863938e+02 7.7171869562e+01 -7.8618926894e-01 1.1122045123e+01 4.7977525914e-03 4.8944728632e-03
3.3584178677e+01 3.3207359030e+01 2.9072150169e+01 9.8877984627e-01 2.9263171391e-02 1.3254335968e+02 1.0470886314e+02 -8.3386223160e-01 8.1269061878e+00 4.8632288837e-03 4.9347836407e-03
2.7436180581e+01 2.1617246325e+01 2.1170959619e+01 7.8791019256e-01 1.6877116431e-02 7.5743280132e+01 1.1992897551e+01 -4.8663554956e-01 1.1236653541e+01 1.3464603232e-02 1.5677471298e-02
4.2937525645e+01 3.7359762481e+01 3.4850137549e+01 8.7009584086e-01 2.2390911736e-02 1.0090279257e+02 1.5958232918e+02 -7.3705641150e-01 9.3290205095e+00 3.7231713168e-03 3.7587826984e-03
3.7483561753e+01 1.5606180737e+01 2.0667139292e+01 4.1634732686e-01 2.8819142185e-02 1.3048957843e+02 2.9289523938e+01 9.9976017613e-01 9.3856599926e+00 9.7082622404e-03 1.0257838827e-02
4.3383002591e+01 4.0780831870e+01 3.6613421025e+01 9.4001865787e-01 2.0362928806e-02 9.1625555051e+01 4.9991571848e+00 1.4507191878e-01 1.6613223903e+01 1.3246086372e-02 2.4227644849e-02
3.2007318173e+01 3.1482493360e+01 2.7634412555e+01 9.8360297450e-01 1.6127795672e-02 7.2339764813e+01 9.1290666578e+01 8.1276204245e-01 1.4259276251e+01 5.3273563255e-03 5.4176221129e-03
3.4068270476e+01 2.4877096442e+01 2.5281330767e+01 7.3021307199e-01 1.3779939083e-02 6.1699802452e+01 4.8103443173e+02 -9.8414768985e-01 8.0754635976e+00 3.0244047868e-03 3.0338900002e-03
5.3154842941e+01 4.9423836245e+01 4.4614512745e+01 9.2980871565e-01 4.8902243230e-02 2.2467028640e+02 4.3179211829e+01 7.5447782575e-01 9.8187504351e+00 5.1263794157e-03 5.3167088337e-03
3.5027477166e+01 1.6450088313e+01 2.0607374115e+01 4.6963383160e-01 1.1517473073e-02 5.1481760755e+01 1.0609024782e+02 -4.9245537866e-01 9.2595047322e+00 6.0662445768e-03 6.1543064554e-03
3.6518586823e+01 2.1682445056e+01 2.4332525864e+01 5.9373724295e-01 1.5983498479e-02 7.1684778475e+01 8.9662762605e+00 2.3570028266e-01 1.1247218319e+01 1.3772730347e-02 1.7188501252e-02
2.1692409212e+01 1.8842257813e+01 1.7591347843e+01 8.6861065681e-01 1.6732592245e-02 7.5086539934e+01 8.8563722671e+01 8.8833212121e-01 8.8364227260e+00 7.1430490228e-03 7.2679267978e-03
2.6448610602e+01 2.4080313581e+01 2.1964989000e+01 9.1045665662e-01 1.2514113761e-02 5.5978685661e+01 6.0695396327e+01 3.0160300824e-01 8.4824067823e+00 7.1825687022e-03 7.3685625125e-03
7.5363532360e+01 5.0846253578e+01 5.3682596939e+01 6.7467980848e-01 7.0985284274e-02 3.3122729838e+02 1.6447521546e+01 -7.5589621377e-01 1.1646892345e+01 6.4732507627e-03 7.1862781465e-03
7.4434187886e+01 4.2017280066e+01 4.8293784564e+01 5.6448899705e-01 6.5921247350e-02 3.0651832048e+02 7.5959951162e+00 6.4852134202e-01 1.2232462376e+01 9.2670448397e-03 1.2266717347e-02
3.1556318240e+01 2.3576885821e+01 2.3695234663e+01 7.4713677437e-01 1.6864909460e-02 7.5687804380e+01 5.2902431159e+01 -6.3508517864e-01 1.0911750364e+01 7.1930770069e-03 7.4083100907e-03
3.7324643370e+01 1.7826080650e+01 2.2157495852e+01 4.7759547152e-01 1.5785444880e-02 7.0786010492e+01 1.9666057098e+02 8.4420029965e-01 8.9900188577e+00 4.5874896053e-03 4.6229773214e-03
4.1941873540e+01 3.3073324697e+01 3.2377667319e+01 7.8855143813e-01 1.5174666425e-02 6.8015947459e+01 9.8259885950e+01 -3.1147561936e-01 9.4925069829e+00 4.6966499457e-03 4.7704208761e-03
3.3263978138e+01 3.2417971361e+01 2.8586883091e+01 9.7456687912e-01 2.5492568849e-02 1.1514445865e+02 1.7339996363e+02 9.1658032835e-01 8.1041764415e+00 4.0769960457e-03 4.1128339300e-03
6.4256306797e+01 5.5555189724e+01 5.1985776906e+01 8.6458734548e-01 1.0777624372e-01 5.1551974702e+02 1.1185293059e+01 7.4216454197e-01 8.3140277098e+00 7.4725290818e-03 8.8215255112e-03
4.9570624978e+01 4.1973801347e+01 3.9682153875e+01 8.4674747123e-01 4.2792383207e-02 1.9574002674e+02 3.7683269588e+01 -8.1441025347e-01 1.0975787538e+01 5.8259847975e-03 6.0763771660e-03
7.4943282374e+01 7.2085125367e+01 6.3983319866e+01 9.6186239891e-01 1.6674127484e-01 8.2773030453e+02 1.6198409654e+00 9.5104578384e-01 9.4042939537e+00 1.3113474277e-02 1.0000000000e+00
7.8118341557e+01 7.2621740429e+01 6.5561072744e+01 9.2963750871e-01 2.1226716428e-01 1.0821953708e+03 4.2072587539e+00 -9.4204780474e-01 1.0758545147e+01 8.8159331603e-03 2.7263126981e-02
2.6747640486e+01 1.8732561410e+01 1.9425182538e+01 7.0034444423e-01 1.7436792806e-02 7.8287851837e+01 9.4852579638e+01 9.9919253494e-01 1.0525143623e+01 6.5404400768e-03 6.6469731942e-03
2.8671461531e+01 2.3623533428e+01 2.2635223543e+01 8.2393893324e-01 2.7333850295e-02 1.2362906095e+02 3.0128454782e+01 8.1937320959e-01 9.1381850992e+00 9.0833109109e-03 9.5817062898e-03
2.8014839790e+01 2.7827837458e+01 2.4306773520e+01 9.9332488303e-01 4.8305943901e-02 2.2183618372e+02 5.7635102145e+00 9.9703412553e-01 1.0141279489e+01 1.5950653877e-02 2.4868202722e-02
2.6212173606e+01 2.4581282964e+01 2.2095457354e+01 9.3778117499e-01 2.0285103085e-02 9.1270077237e+01 4.4900361465e+00 3.3597170933e-01 9.4640844999e+00 1.8909790433e-02 4.3395516449e-02
6.5658876938e+01 6.1660974286e+01 5.5386392000e+01 9.3911101075e-01 3.5260700149e-02 1.6041088387e+02 5.6075190553e+01 -8.8619284827e-01 1.7522716850e+01 4.0935368742e-03 4.2087309696e-03
7.6915931398e+01 5.6950081069e+01 5.7487354663e+01 7.4041983284e-01 8.8859894353e-02 4.1972453381e+02 1.6559864826e+01 5.7090009189e-01 8.1532748224e+00 6.1225768304e-03 6.7914291899e-03
3.5559597938e+01 2.9506543084e+01 2.8174362239e+01 8.2977718520e-01 1.9587930896e-02 8.8087462007e+01 1.3359592363e+02 -7.3439317106e-01 9.5404127292e+00 4.5532768046e-03 4.6054784290e-03
6.7781518980e+01 3.6100404063e+01 4.2644793905e+01 5.3259951395e-01 4.2233406401e-02 1.9310533189e+02 2.9751887194e+01 4.5350148152e-01 8.4464777102e+00 6.0877725451e-03 6.4264770988e-03
2.9615129734e+01 2.7049165193e+01 2.4634208084e+01 9.1335629577e-01 2.4352378434e-02 1.0990171590e+02 4.4628757906e+01 6.9145551390e-01 8.9076532168e+00 7.4485665432e-03 7.7155283683e-03
5.2461203345e+01 3.0833376937e+01 3.4769004432e+01 5.8773674583e-01 1.9750895047e-02 8.8831109268e+01 2.1266567574e+02 -9.2048797612e-01 1.0917937717e+01 3.3533605339e-03 3.3773233520e-03
4.2949214389e+01 4.2392790089e+01 3.7146317560e+01 9.8704459889e-01 4.9154602847e-02 2.2587039596e+02 1.4684040076e+01 -6.4773514862e-01 9.5764816374e+00 8.6125473320e-03 9.7033766947e-03
3.6662238630e+01 3.0182786091e+01 2.8931647547e+01 8.2326631486e-01 5.0273730639e-02 2.3119740913e+02 4.8490951112e+00 -9.5412736352e-01 1.2459594788e+01 1.5244938844e-02 2.9301497911e-02
4.3428323336e+01 3.4926370590e+01 3.3864362826e+01 8.0423023287e-01 2.0223199716e-02 9.0987355352e+01 5.1922546901e+01 -5.6136363246e-01 1.2845427747e+01 5.7828034704e-03 5.9592892977e-03
3.3156141841e+01 1.9116083497e+01 2.1753219732e+01 5.7654728310e-01 1.4495475076e-02 6.4938542755e+01 1.2595696226e+02 8.1697889396e-01 1.0940363043e+01 5.4888187269e-03 5.5556481150e-03
3.2282515257e+01 2.5150627136e+01 2.4767216154e+01 7.7907892045e-01 2.0629107189e-02 9.2841659583e+01 2.2650663781e+01 -6.2828652273e-01 1.1661508343e+01 9.5951038105e-03 1.0320355750e-02
3.3385206115e+01 3.0160025781e+01 2.7616896249e+01 9.0339492520e-01 2.0929638803e-02 9.4215282069e+01 8.4410090544e+01 -7.6301088513e-01 1.0680642906e+01 5.4722531561e-03 5.5727891432e-03
4.4771900126e+01 3.3703243737e+01 3.3748922552e+01 7.5277671133e-01 4.1198071136e-02 1.8823071631e+02 3.1520309488e+00 -4.2097510011e-01 9.1979976348e+00 1.6361703699e-02 1.0000000000e+00
4.5846863724e+01 4.1957493720e+01 3.8174054421e+01 9.1516606179e-01 5.0388277498e-02 2.3174310329e+02 3.1284740521e+01 -9.4686743130e-01 1.0889788826e+01 6.3712139228e-03 6.7065931477e-03
5.6790422426e+01 4.8656230458e+01 4.5734251491e+01 8.5676824330e-01 2.5836010310e-02 1.1672533263e+02 2.3156235398e+02 -8.3865007635e-01 8.0627329750e+00 2.7264375985e-03 2.7443113957e-03
7.1461339569e+01 6.9516883634e+01 6.1357331330e+01 9.7279009956e-01 8.5535590409e-02 4.0311585359e+02 9.7567367633e-01 6.4665359745e-01 9.2322550152e+00 1.7030893843e-02 1.0000000000e+00
1.5691061158e+01 1.3582840860e+01 1.2702512576e+01 8.6564195519e-01 1.2720704537e-02 5.6911674586e+01 3.5038844628e+01 9.1629755451e-01 9.8032622658e+00 1.2426605175e-02 1.3004512795e-02
3.0647682943e+01 1.3098002260e+01 1.7138569881e+01 4.2737332818e-01 1.7563262693e-02 7.8863137508e+01 1.2616717189e+02 -9.9602180767e-01 8.2619981850e+00 6.3548580738e-03 6.4321001611e-03
3.4254474851e+01 3.0508147441e+01 2.8132932563e+01 8.9063246695e-01 1.1233530569e-02 5.0201809883e+01 4.9577668355e+02 9.5596081020e-01 9.7705426468e+00 2.8015405606e-03 2.8100640965e-03
3.6980335108e+01 3.1701172642e+01 2.9789261556e+01 8.5724406091e-01 3.5249137151e-02 1.6035692943e+02 5.5788700076e+01 8.9522065619e-01 9.1679379360e+00 6.0433189805e-03 6.2143002089e-03
3.4853931647e+01 2.7815120772e+01 2.7071293629e+01 7.9804829635e-01 2.8400132738e-02 1.2855271341e+02 9.8093242441e+01 -9.1250101070e-01 8.6311719401e+00 5.2135870078e-03 5.2956207063e-03
7.1770614490e+01 5.6944710055e+01 5.5579416004e+01 7.9342653618e-01 1.1347001834e-01 5.4477770911e+02 2.4200555062e+01 9.1011811078e-01 8.0442862266e+00 5.3486099592e-03 5.7235329542e-03
7.7586566317e+01 6.5465749419e+01 6.1998534945e+01 8.4377686148e-01 1.8551441926e-01 9.3129025270e+02 7.1834072634e+00 -8.5250133410e-01 8.1802926981e+00 7.5747210189e-03 1.0277938144e-02
8.1991364736e+01 7.9650479197e+01 7.0349845134e+01 9.7144960879e-01 2.3843643800e-01 1.2334823360e+03 3.6432745891e+00 9.2105421436e-01 1.0322329758e+01 8.7856871959e-03 1.0000000000e+00
2.1283220825e+01 1.7536823648e+01 1.6802804165e+01 8.2397414338e-01 1.2560507109e-02 5.6188178692e+01 3.6875689303e+01 6.9220046855e-01 1.1075082579e+01 1.0236263782e-02 1.0686634319e-02
6.7878317698e+01 6.7838077382e+01 5.9073988977e+01 9.9940716981e-01 4.7483611630e-02 2.1793154844e+02 1.8521739845e+01 7.7500675118e-02 8.6868877341e+00 5.9132380997e-03 6.4781207571e-03
3.0693526385e+01 2.9601673452e+01 2.6239846055e+01 9.6442725676e-01 2.2651850667e-02 1.0209847084e+02 1.5212490771e+02 8.6975832789e-01 8.4749028861e+00 4.5254830017e-03 4.5709295328e-03
2.8042926262e+01 2.5144336242e+01 2.3109820689e+01 8.9663739108e-01 4.1081305714e-02 1.8768139272e+02 9.0238295941e+00 -9.7707463353e-01 9.8773059537e+00 1.3974889932e-02 1.7407319101e-02
3.4686645787e+01 2.8837054446e+01 2.7509377573e+01 8.3135897955e-01 3.8430129747e-02 1.7523279359e+02 3.2263460999e+01 7.9727360365e-01 8.0233967530e+00 7.7847175067e-03 8.1808788580e-03
3.6240007346e+01 3.5143085190e+01 3.1066893283e+01 9.6973173471e-01 2.1385347113e-02 9.6299307299e+01 5.4506777522e+01 -4.8187980931e-01 9.7928059079e+00 5.9885564460e-03 6.1621882989e-03
2.9559051030e+01 2.2553903230e+01 2.2436658679e+01 7.6301174916e-01 3.3885879371e-02 1.5400192834e+02 6.1035376660e+00 -7.5690809406e-01 9.7444009779e+00 1.6555160344e-02 2.4684261721e-02
3.1178152461e+01 2.6955746930e+01 2.5224069663e+01 8.6457165681e-01 4.4630956118e-02 2.0442029324e+02 1.7761232861e+01 9.5050849222e-01 8.5050786620e+00 1.0241935750e-02 1.1270364415e-02
5.1901043188e+01 3.7545911239e+01 3.8329233122e+01 7.2341342162e-01 1.5323703114e-02 6.8691643268e+01 4.6324006096e+02 -9.9667660500e-01 8.0195392831e+00 2.3627038676e-03 2.3704001791e-03
6.7372746237e+01 5.0532684419e+01 5.0690574137e+01 7.5004637990e-01 1.3283508601e-01 6.4572939174e+02 3.5266296810e+00 8.2634828882e-01 9.7043198426e+00 1.1540565961e-02 1.0000000000e+00
4.2871693377e+01 4.2123759435e+01 3.6994700753e+01 9.8255413111e-01 4.5963968702e-02 2.1072739780e+02 2.1123928980e+01 -8.9398199536e-01 1.2147490784e+01 7.5482292037e-03 8.1664688420e-03
3.7714473824e+01 3.5575900386e+01 3.1885188163e+01 9.4329568409e-01 2.3183409376e-02 1.0453558470e+02 9.1244697691e+01 -6.7904266105e-01 9.9698164277e+00 4.8515312502e-03 4.9337774545e-03
8.5120247110e+01 4.7822858004e+01 5.5089379154e+01 5.6182705793e-01 5.4554044822e-02 2.5164581813e+02 3.1214756520e+01 8.6132870002e-01 1.4065084037e+01 5.0576679260e-03 5.3245587484e-03
3.4903464179e+01 3.1655291002e+01 2.8929962303e+01 9.0693837264e-01 2.6699718653e-02 1.2070446114e+02 1.2519705409e+01 2.7294113337e-01 8.2361125237e+00 1.0834986699e-02 1.2517481464e-02
3.6686030838e+01 3.2034096312e+01 2.9829854250e+01 8.7319602530e-01 4.6589313647e-02 2.1369015596e+02 1.3795612944e+01 -8.9111520604e-01 1.0168016778e+01 1.0127464406e-02 1.1515074305e-02
6.5647885302e+01 5.0507439627e+01 5.0042365632e+01 7.6936887449e-01 7.6303067377e-02 3.5734777750e+02 1.8178391677e+01 -9.3382805999e-01 1.1725814783e+01 6.4944472055e-03 7.1287826447e-03
6.0953239151e+01 5.6920903437e+01 5.1271666673e+01 9.3384542363e-01 1.2821846151e-01 6.2146177620e+02 4.3498741025e+00 -6.6852635479e-01 8.8005546997e+00 1.0618736327e-02 2.7323395644e-02
3.5181433348e+01 3.2200475719e+01 2.9295224335e+01 9.1526901137e-01 3.2446179536e-02 1.4730380550e+02 2.9511079738e+01 5.8049666232e-01 8.1384293849e+00 7.7671407409e-03 8.2031805793e-03
4.7850528681e+01 4.6707772001e+01 4.1155284047e+01 9.7611820157e-01 2.7591015609e-02 1.2481585782e+02 6.0914872719e+01 -7.0899153905e-01 1.3244277581e+01 4.8000504433e-03 4.9238792145e-03
3.5578805426e+01 3.4414159168e+01 3.0461145950e+01 9.6726572902e-01 7.3877621529e-02 3.4541223678e+02 4.7323280967e+00 9.6093967209e-01 9.4119390196e+00 1.4691953048e-02 2.9577942692e-02
6.2522273118e+01 5.9772437256e+01 5.3215714780e+01 9.5601829996e-01 7.1362342298e-02 3.3307353514e+02 1.9658162082e+01 -7.1087328635e-01 1.0291808490e+01 6.0863507694e-03 6.6283857623e-03
4.9154012331e+01 3.7704350229e+01 3.7411742233e+01 7.6706556476e-01 2.6973829791e-02 1.2196832923e+02 1.6315560965e+01 2.3470001977e-01 1.0167752306e+01 8.3529603580e-03 9.2820915972e-03
4.1294043856e+01 3.2602519758e+01 3.1897621493e+01 7.8952112007e-01 3.7435833695e-02 1.7057588422e+02 2.8733902917e+01 -7.9436266031e-01 1.0183232172e+01 7.4164836706e-03 7.8453312069e-03
3.6277877860e+01 2.2601790883e+01 2.4790070647e+01 6.2301855059e-01 1.4862136266e-02 6.6599494985e+01 8.6615227003e+01 7.1866982065e-01 1.2501366741e+01 5.8196235313e-03 5.9237291968e-03
3.1544021858e+01 2.7586767316e+01 2.5668943322e+01 8.7454819301e-01 1.0779184665e-02 4.8154844853e+01 1.6444965468e+02 4.0241948513e-01 9.6238554619e+00 4.4886754508e-03 4.5303162751e-03
3.4056675818e+01 2.8661760082e+01 2.7178408579e+01 8.4159006697e-01 1.5622017335e-02 7.0044573179e+01 4.5864115078e+01 1.7650912065e-01 8.3436321963e+00 6.9706099129e-03 7.2132742284e-03
8.2239542792e+01 7.1874113263e+01 6.6899625629e+01 8.7396051611e-01 4.6343048382e-02 2.1252309920e+02 1.2997098033e+02 -9.2731562282e-01 8.7963983173e+00 2.6365877625e-03 2.6676766600e-03
5.3254624434e+01 4.6803654798e+01 4.3444184593e+01 8.7886555010e-01 1.8731358103e-02 8.4181608674e+01 3.4557077729e+02 9.9558012048e-01 8.8544350404e+00 2.4334632179e-03 2.4441108524e-03
2.9053194505e+01 2.5526949237e+01 2.3697839228e+01 8.7862796749e-01 1.1820080421e-02 5.2846444898e+01 2.0211904166e+02 -7.4534803116e-01 1.1350682491e+01 4.3645101197e-03 4.3973484839e-03
7.5464127454e+01 4.6173134654e+01 5.1081615221e+01 6.1185541013e-01 1.9779151940e-02 8.8960070709e+01 1.4730914616e+02 8.7153205076e-01 1.6381579211e+01 3.0258882285e-03 3.0572876942e-03
3.2791254776e+01 2.2159002639e+01 2.3377119699e+01 6.7575952156e-01 1.4048498330e-02 6.2914983749e+01 2.2256058499e+02 8.2338792899e-01 9.8679862014e+00 4.2398116944e-03 4.2687450956e-03
2.6182344243e+01 2.2230445814e+01 2.0988528825e+01 8.4906246776e-01 2.8189433326e-02 1.2757919585e+02 3.7329826777e+01 8.8857464766e-01 8.2226966058e+00 8.7824420633e-03 9.1637638264e-03
7.7957944532e+01 7.6517637527e+01 6.7235895187e+01 9.8152456413e-01 1.7201080184e-01 8.5660149616e+02 1.1730152150e+01 8.4179723701e-01 8.0938235190e+00 6.0339106148e-03 7.0553282399e-03
3.0240660373e+01 1.2545569604e+01 1.6641335976e+01 4.1485766017e-01 2.1946551951e-02 9.8867680756e+01 2.1304541289e+01 7.9908465647e-01 8.0357083405e+00 1.2577908771e-02 1.3598013767e-02
4.3959784766e+01 3.2978408878e+01 3.3078267596e+01 7.5019495780e-01 3.5204772704e-02 1.6014992734e+02 1.4779115035e+00 -7.4910044661e-01 1.0514056638e+01 2.2090062431e-02 1.0000000000e+00
7.2038343660e+01 3.0832484179e+01 4.0316692355e+01 4.2800101463e-01 1.8248375562e-02 8.1981430902e+01 1.1280105308e+02 5.8169810642e-01 1.2825695003e+01 3.8812058055e-03 3.9341117588e-03
7.9067206798e+01 4.9349221670e+01 5.4080650288e+01 6.2414272198e-01 1.7404703004e-02 7.8141898864e+01 1.9319040873e+02 -8.9456272193e-01 1.5472920063e+01 2.6414438232e-03 2.6622497565e-03
2.8554268795e+01 2.8394761304e+01 2.4788388437e+01 9.9441388284e-01 2.0641554903e-02 9.2898541710e+01 1.3754192329e+02 8.5063499422e-01 8.9345025256e+00 4.8759205563e-03 4.9301844871e-03
3.1606120748e+01 2.5442850059e+01 2.4657702550e+01 8.0499755925e-01 1.7774786756e-02 7.9825555799e+01 1.6090484769e+01 -6.6028545725e-01 1.5176272312e+01 1.0957327290e-02 1.2196961820e-02
5.3073203554e+01 2.8052679649e+01 3.3256604488e+01 5.2856578782e-01 1.7908634516e-02 8.0434707079e+01 2.4578435250e+02 -8.2618987454e-01 9.6609338485e+00 3.2694237760e-03 3.2896029419e-03
3.8456565265e+01 2.5239574379e+01 2.7002805573e+01 6.5631379727e-01 1.6213998852e-02 7.2731120230e+01 2.1542839387e+02 9.6640310669e-01 1.1479810137e+01 3.9168401687e-03 3.9444659584e-03
3.2649280249e+01 1.9256350608e+01 2.1678322014e+01 5.8979403102e-01 3.0023978643e-02 1.3606536239e+02 3.1481989623e+01 9.7206820983e-01 9.1600798061e+00 9.1643529053e-03 9.6434416032e-03
5.6812965620e+01 4.7553444968e+01 4.5213228269e+01 8.3701747390e-01 8.0659128742e-02 3.7887596701e+02 1.5071859491e+00 -8.9644808475e-01 9.6701370378e+00 1.7559485103e-02 1.0000000000e+00
3.0298019035e+01 2.2846628708e+01 2.2858614746e+01 7.5406344824e-01 1.6327489463e-02 7.3246434090e+01 1.5275915382e+02 7.6156026127e-01 9.0246235734e+00 4.9444249425e-03 4.9938686800e-03
3.1867413045e+01 1.6171410144e+01 1.9540620433e+01 5.0745914396e-01 1.7535569985e-02 7.8737159911e+01 1.0299217892e+02 -8.2931398618e-01 8.6195710749e+00 6.3177754042e-03 6.4123237873e-03
8.2729667996e+01 7.5870277657e+01 6.8957128137e+01 9.1708669326e-01 1.8463024738e-01 9.2636912800e+02 2.3628946490e+00 8.9145773473e-01 1.0437325979e+01 1.0759147683e-02 1.0000000000e+00
7.1504569778e+01 6.5930778656e+01 5.9763154391e+01 9.2204986143e-01 7.8447660382e-02 3.6793185038e+02 6.5247643535e+00 -3.4928403567e-01 9.8600454298e+00 8.5248857190e-03 1.2170756086e-02
3.5139750703e+01 3.1116563126e+01 2.8775887377e+01 8.8550893229e-01 4.4722270606e-02 2.0485197785e+02 3.5369543144e+00 6.1306654290e-01 8.8294026218e+00 1.7274926689e-02 1.0000000000e+00
2.3965837378e+01 2.0176654916e+01 1.9129062874e+01 8.4189234023e-01 1.1596371686e-02 5.1837514664e+01 4.6331457487e+01 3.4244175222e-01 8.6742357947e+00 8.6702008569e-03 8.9687916739e-03
2.9414426982e+01 2.9374547611e+01 2.5589380409e+01 9.9864422409e-01 3.5713332877e-02 1.6252361357e+02 3.2024114209e+01 8.1471672193e-01 8.0418106600e+00 8.1809687704e-03 8.6007078691e-03
4.1873220191e+01 3.8289486390e+01 3.4850985758e+01 9.1441465967e-01 5.0439262592e-02 2.3198602027e+02 9.6694383674e+00 8.7351812836e-01 1.2437072957e+01 1.0474999634e-02 1.2796817331e-02
3.5281562255e+01 2.8378171830e+01 2.7513533458e+01 8.0433433263e-01 1.9095938845e-02 8.5843448905e+01 8.5232404956e+01 -5.0682503736e-01 8.5294809542e+00 5.4713319509e-03 5.5708485465e-03
3.9157376850e+01 3.7045030687e+01 3.3153729613e+01 9.4605496251e-01 3.4248751294e-02 1.5569231371e+02 1.4755596051e+02 9.9079334848e-01 8.0132842339e+00 3.9272503417e-03 3.9679337208e-03
2.9930225293e+01 1.8668531037e+01 2.0464778485e+01 6.2373506561e-01 2.7556111773e-02 1.2465475388e+02 2.0133457247e+01 9.8776509680e-01 1.0453990596e+01 1.1251061210e-02 1.2225456375e-02
4.4351646972e+01 4.2579530792e+01 3.7829557489e+01 9.6004396002e-01 1.1916507839e-01 5.7423613266e+02 4.9597535470e+00 9.4584993496e-01 8.0000212911e+00 1.2286263481e-02 2.2746127210e-02
7.1348320806e+01 5.6723489263e+01 5.5309191123e+01 7.9502206391e-01 1.0098023347e-01 4.8085336950e+02 1.2041100634e+01 6.6154856733e-01 8.5011118518e+00 7.0195683169e-03 8.1670819495e-03
5.6290476649e+01 4.0096720891e+01 4.1240355421e+01 7.1231802034e-01 5.0932083263e-02 2.3433491157e+02 2.2031172074e+01 6.9656943475e-01 9.9718239544e+00 6.9218309075e-03 7.4619288293e-03
2.6290297570e+01 1.7260587115e+01 1.8463381490e+01 6.5653829400e-01 1.3327643515e-02 5.9654340580e+01 1.5778853788e+02 -8.5961858134e-01 9.6155203178e+00 5.5924774306e-03 5.6465872942e-03
2.4559709535e+01 1.9478560093e+01 1.9015248099e+01 7.9311036089e-01 1.7537387341e-02 7.8745427132e+01 9.7687596018e+01 8.7292922415e-01 8.8778534393e+00 6.5550080201e-03 6.6585892455e-03
4.0507316100e+01 3.6423805331e+01 3.3429575244e+01 8.9919078423e-01 7.5256709163e-02 3.5219417161e+02 6.4389370714e+00 9.9951303332e-01 1.0176151461e+01 1.2340664287e-02 1.7760027450e-02
3.5224544322e+01 3.0913647743e+01 2.8714874249e+01 8.7761668287e-01 1.9139504424e-02 8.6042089757e+01 9.9476446785e+01 -5.6649861635e-01 9.1165791431e+00 5.0270452799e-03 5.1050124209e-03
4.1468387339e+01 3.1323107453e+01 3.1313604680e+01 7.5534906138e-01 3.0001047664e-02 1.3595915238e+02 3.0393142302e+00 -2.4043079915e-01 8.7486465211e+00 1.7499401069e-02 1.0000000000e+00
8.2175822328e+01 5.9010279666e+01 6.0456729462e+01 7.1809782968e-01 3.6730506018e-02 1.6727630607e+02 6.9076577553e+01 4.8064061349e-01 1.0068470184e+01 3.5807797507e-03 3.6617812715e-03
2.9834252783e+01 2.3194855293e+01 2.2864475063e+01 7.7745722214e-01 2.9115568730e-02 1.3186050465e+02 5.1842418636e+01 9.6746063666e-01 8.8440447089e+00 7.3561047998e-03 7.5809731028e-03
3.1848723205e+01 1.6607738134e+01 1.9813954885e+01 5.2145695220e-01 1.0943427076e-02 4.8894646197e+01 1.0023379811e+02 -9.4751833484e-01 1.5996456938e+01 6.3530044362e-03 6.4507709096e-03
4.1119125591e+01 2.9575757655e+01 3.0276819622e+01 7.1927010194e-01 5.6075199404e-02 2.5894112943e+02 7.1426521481e+00 -8.9981886512e-01 1.0350209266e+01 1.2770862958e-02 1.7375265115e-02
2.9278607126e+01 2.7679471670e+01 2.4780716466e+01 9.4538211981e-01 1.3977634573e-02 6.2594291322e+01 4.5604373560e+02 9.7541169789e-01 8.1239191696e+00 3.1239524228e-03 3.1342899906e-03
3.4410148706e+01 3.4151311920e+01 2.9842853880e+01 9.9247789398e-01 3.9184185438e-02 1.7876880537e+02 2.1409599460e+01 -8.9612081301e-01 1.0815410302e+01 8.6245111646e-03 9.3200211911e-03
4.1694352077e+01 2.8333659039e+01 2.9810796319e+01 6.7955628586e-01 2.5558313744e-02 1.1544702450e+02 1.1016959497e+02 -9.1152920086e-01 1.0167206370e+01 4.7077552371e-03 4.7735004985e-03
3.7158577249e+01 3.3324946391e+01 3.0625247026e+01 8.9683052630e-01 2.9783635423e-02 1.3495233045e+02 3.8605220665e+01 9.9524261062e-01 1.3814712872e+01 6.8416757354e-03 7.1281469260e-03
2.4444578876e+01 2.4054169894e+01 2.1109485744e+01 9.8402881129e-01 1.9102585250e-02 8.5873752921e+01 4.0703131102e+01 7.2055855940e-01 9.8860075072e+00 8.5187444063e-03 8.8556889107e-03
5.6450565424e+01 4.3662314947e+01 4.3148632992e+01 7.7346107376e-01 3.1771374275e-02 1.4416899331e+02 1.3652356552e+02 9.3543307386e-01 1.0415907229e+01 3.4345813899e-03 3.4730957267e-03
8.5207229038e+01 6.9622363282e+01 6.6982958860e+01 8.1709455955e-01 1.5278434313e-01 7.5201671534e+02 6.7718985538e+00 -6.1280457646e-01 8.3641546337e+00 7.5090341322e-03 1.0496850099e-02
3.4590923302e+01 3.3447788765e+01 2.9610553317e+01 9.6695276019e-01 4.3083251045e-02 1.9711181222e+02 1.0622288658e+01 -7.9231109086e-01 1.0436155395e+01 1.1245674827e-02 1.3425772029e-02
3.2551317533e+01 1.6149919522e+01 1.9721291929e+01 4.9613719954e-01 1.3394614394e-02 5.9957123250e+01 2.1278964207e+02 9.7283624330e-01 1.0429349584e+01 4.7972581610e-03 4.8315187102e-03
4.6775535427e+01 2.3630690135e+01 2.8613757432e+01 5.0519336485e-01 2.8665376000e-02 1.2977866207e+02 2.8649255510e+01 -8.0670393441e-01 1.1729618292e+01 7.9886355186e-03 8.4520816181e-03
7.9548384810e+01 4.4395506822e+01 5.1302343582e+01 5.5809438404e-01 5.2640039374e-02 2.4248748013e+02 4.3061996156e+01 -7.3125028020e-01 1.0333046580e+01 4.6921809550e-03 4.8668969335e-03
6.7621124962e+01 6.3497196080e+01 5.7038682813e+01 9.3901419292e-01 4.6527131249e-02 2.1339543517e+02 9.5995089804e+01 9.9097997789e-01 1.1195772062e+01 3.2630773856e-03 3.3155761943e-03
3.5035740085e+01 2.9029505363e+01 2.7738697226e+01 8.2856835026e-01 2.8659758546e-02 1.2975269351e+02 4.3380971135e+00 -8.1264515271e-01 1.7380683940e+01 1.6532361197e-02 4.3045877231e-02
3.1736909824e+01 2.0494948411e+01 2.2097329164e+01 6.4577643271e-01 1.5941686609e-02 7.1495014212e+01 9.2189510096e+01 6.9307423749e-01 9.7066308073e+00 6.1046367126e-03 6.2070328029e-03
7.4269543325e+01 6.5194054347e+01 6.0550686776e+01 8.7780335557e-01 1.1404212560e-01 5.4772826853e+02 1.7346263520e+01 -7.8945014152e-01 8.6986827021e+00 5.7422300351e-03 6.3353837745e-03
4.3375372054e+01 4.2101694755e+01 3.7201097503e+01 9.7063593374e-01 4.8591317144e-02 2.2319222510e+02 5.0705095330e+01 -8.0894911762e-01 8.1139180998e+00 5.4081675195e-03 5.5774140748e-03
3.8909816581e+01 3.5556909909e+01 3.2374082146e+01 9.1382877211e-01 2.8006379788e-02 1.2673365122e+02 4.6781907621e+01 6.0522526377e-01 9.6225660590e+00 6.1556047196e-03 6.3654248022e-03
6.0224566431e+01 5.7468359052e+01 5.1211962112e+01 9.5423450026e-01 8.2408614074e-02 3.8755534958e+02 3.5351527657e+01 -8.3239745986e-01 8.0317748058e+00 4.9706823861e-03 5.1996255380e-03
7.7763562430e+01 5.3650508347e+01 5.6037870054e+01 6.8991834570e-01 1.1696695399e-01 5.6284316319e+02 4.4461332169e+00 7.3057173349e-01 1.1551783308e+01 1.0025385959e-02 2.3743531693e-02
3.0423389974e+01 2.5176090986e+01 2.4071513353e+01 8.2752418478e-01 2.1722339889e-02 9.7841315488e+01 1.0638147544e+02 9.4791742042e-01 9.9689288738e+00 5.4647879148e-03 5.5438956406e-03
3.8141992640e+01 3.2031117733e+01 3.0405429161e+01 8.3978616522e-01 1.5571117567e-02 6.9813687833e+01 6.1973515853e+01 -6.0274906633e-01 1.4627483261e+01 5.8050373456e-03 5.9521134974e-03
7.0361338982e+01 6.4754030414e+01 5.8751585295e+01 9.2030696617e-01 4.7927179606e-02 2.2003717612e+02 6.5776085982e+01 6.0592511743e-01 9.0793229769e+00 3.6880860796e-03 3.7758863435e-03
2.5556103019e+01 2.5214605310e+01 2.2098634464e+01 9.8663733245e-01 1.1786097552e-02 5.2693159925e+01 7.7380395620e+01 -8.3156709234e-01 1.6135099823e+01 6.5354470011e-03 6.6668300374e-03
3.8380284073e+01 3.1570343819e+01 3.0274304479e+01 8.2256670533e-01 1.1034669805e-02 4.9305711536e+01 2.8748195995e+02 -9.3580079932e-01 1.5068576526e+01 3.2831568389e-03 3.3004531224e-03
6.8143839588e+01 5.0703530135e+01 5.1060018016e+01 7.4406623463e-01 5.4947751285e-02 2.5353257675e+02 1.1770572793e+01 8.0602129039e-01 1.6444112801e+01 7.6436659240e-03 8.9316338100e-03
3.4521521689e+01 3.1555063530e+01 2.8726709044e+01 9.1406931058e-01 4.2352758778e-02 1.9366772001e+02 3.5639995253e+01 8.7304960351e-01 8.1385665420e+00 7.2820935949e-03 7.6145495475e-03
3.4638816790e+01 3.3810641856e+01 2.9791740400e+01 9.7609113097e-01 1.4640877261e-02 6.5597097855e+01 6.2092416257e+01 5.2174605403e-01 1.3723038675e+01 5.8786301704e-03 6.0272722532e-03
3.8828127122e+01 3.4187171711e+01 3.1704652414e+01 8.8047439435e-01 4.4934581938e-02 2.0585587754e+02 6.1861957886e+00 -7.2859456257e-01 1.1751663424e+01 1.3182698167e-02 1.9471741096e-02
8.3712237229e+01 2.6159309431e+01 3.9452278173e+01 3.1249086509e-01 1.5108090882e-02 6.7714158293e+01 3.4745656961e+02 8.6646905575e-01 9.6195189084e+00 2.5850432296e-03 2.5962922236e-03
6.8139783698e+01 5.8581236186e+01 5.4970012742e+01 8.5972148731e-01 7.7608093399e-02 3.6378497317e+02 5.0306739941e+01 8.4574267179e-01 8.0202359503e+00 4.1777673479e-03 4.3096052241e-03
3.3459445001e+01 2.2481499925e+01 2.3782661255e+01 6.7190295371e-01 2.3535366990e-02 1.0615028674e+02 1.2061095723e+02 -9.6652429878e-01 8.8753302381e+00 5.2471519567e-03 5.3139372039e-03
4.9987092068e+01 4.2853002773e+01 4.0267657320e+01 8.5728137005e-01 4.1688263735e-02 1.9053779691e+02 7.2854764680e+00 1.4744512797e-01 8.4139629427e+00 1.0698309888e-02 1.4421569363e-02
3.6290594440e+01 3.4255755199e+01 3.0691751112e+01 9.4392929431e-01 3.1657470881e-02 1.4364014936e+02 9.5782139478e+01 9.7615683183e-01 9.5565197568e+00 4.8538996770e-03 4.9321716161e-03
8.1155099110e+01 7.4856774148e+01 6.7841684347e+01 9.2239150675e-01 1.3283352560e-01 6.4572116828e+02 2.7138457661e+00 6.7738085276e-01 1.1352074746e+01 1.0611752450e-02 1.0000000000e+00
8.1743459895e+01 7.5466355476e+01 6.8364069047e+01 9.2320970476e-01 1.9662314481e-01 9.9348274208e+02 8.7156307052e+00 9.0968698794e-01 8.7040625017e+00 6.5889751737e-03 8.2956898869e-03
8.5106089920e+01 4.0038791711e+01 5.0116685637e+01 4.7045742260e-01 1.1377408607e-01 5.4634565038e+02 1.2181946217e+01 8.9724608199e-01 8.7145739668e+00 7.3797191104e-03 8.5676625607e-03
3.5044337532e+01 3.3978115921e+01 3.0039466163e+01 9.6957506732e-01 7.2773135120e-02 3.3998929407e+02 4.5255386914e+00 -8.7234562833e-01 8.5699441421e+00 1.5080624448e-02 3.3811848935e-02
3.6046425202e+01 2.8050867981e+01 2.7638671581e+01 7.7818723558e-01 5.5641015853e-02 2.5685731769e+02 1.2927138608e+01 -9.8148859164e-01 8.6384517583e+00 1.0825836222e-02 1.2438206148e-02
5.8543941085e+01 5.5026005572e+01 4.9405725533e+01 9.3990948599e-01 9.0093972095e-02 4.2590747724e+02 1.7007739603e+01 8.4257931796e-01 9.1154792182e+00 6.6589002091e-03 7.3632457080e-03
3.5321418725e+01 2.5220579262e+01 2.5909830266e+01 7.1403075449e-01 1.3421312827e-02 6.0077838169e+01 4.2531169161e+01 -9.3357813640e-02 8.7885885484e+00 7.3981200020e-03 7.6772741091e-03
5.6019550466e+01 5.3400214341e+01 4.7611341289e+01 9.5324246439e-01 6.4127727988e-02 2.9780600329e+02 1.3663549707e+01 9.2984408878e-01 1.4157918967e+01 7.5100755334e-03 8.5517377863e-03
3.0206144072e+01 2.7645616074e+01 2.5151831900e+01 9.1523155051e-01 1.7883035776e-02 8.0318196033e+01 2.9265693000e+02 9.2564900394e-01 8.0295159556e+00 3.6464394126e-03 3.6653066177e-03
2.8973609312e+01 1.9841968884e+01 2.0798917430e+01 6.8482903427e-01 3.2134344754e-02 1.4585480341e+02 6.7752003743e+00 -8.6607578692e-01 1.0173629727e+01 1.6709534016e-02 2.3352036628e-02
2.1988413501e+01 1.6395932210e+01 1.6494045082e+01 7.4566235573e-01 1.2647947090e-02 5.6583060489e+01 3.8816711984e+01 -8.0385521975e-01 1.2050213067e+01 1.0157753596e-02 1.0580575609e-02
6.8218907112e+01 5.0338284484e+01 5.0897484692e+01 7.3789344647e-01 6.3705539388e-02 2.9575811230e+02 4.0044631180e+01 8.9010220525e-01 1.0414119983e+01 4.8141325405e-03 5.0079148384e-03
7.9318256548e+01 7.7836043347e+01 6.8401731097e+01 9.8131308900e-01 1.3360006596e-01 6.4976260588e+02 1.1895604220e+01 -8.2329104382e-01 1.0207538173e+01 6.0631240797e-03 7.0704471755e-03
2.3320566454e+01 2.3219478898e+01 2.0257674005e+01 9.9566530443e-01 1.3236805962e-02 5.9243702132e+01 3.2940249080e+00 -1.4837667041e-01 8.8615459375e+00 2.2520878571e-02 1.0000000000e+00
3.4605979648e+01 3.4320151760e+01 3.0001531703e+01 9.9174050582e-01 7.4480074213e-02 3.4837345277e+02 5.5602537597e+00 -9.9364529962e-01 9.1252231042e+00 1.3957146663e-02 2.2478064218e-02
3.3862438901e+01 3.2159111122e+01 2.8726070316e+01 9.4969860902e-01 4.1686422942e-02 1.9052913035e+02 5.4888510221e+00 5.3061636799e-01 8.9001814235e+00 1.4692880195e-02 2.3965873487e-02
3.4921536210e+01 2.7288341357e+01 2.6833073378e+01 7.8141869797e-01 3.7099859210e-02 1.6900376411e+02 1.1633045186e+01 9.0266067470e-01 1.1669345789e+01 1.1600556974e-02 1.3586330798e-02
5.7551739684e+01 4.8815755648e+01 4.6111504983e+01 8.4820642983e-01 2.2881852355e-02 1.0315276268e+02 1.1000922365e+01 -7.9468273185e-01 3.4401416016e+01 8.5184994367e-03 1.0091733850e-02
4.0747382052e+01 3.4342140185e+01 3.2541710157e+01 8.4280605171e-01 3.3151955489e-02 1.5058568999e+02 2.4568320861e+01 -8.1033818615e-01 1.2497560739e+01 7.7875721015e-03 8.3242155874e-03
7.4028527740e+01 5.5888904613e+01 5.5885783032e+01 7.5496442142e-01 1.9022685693e-01 9.5759089696e+02 4.4157820186e+00 8.3534282026e-01 8.3224733992e+00 9.6763363093e-03 2.3470058681e-02
2.9755028169e+01 2.4156523063e+01 2.3314199516e+01 8.1184675498e-01 4.7397165052e-02 2.1752133230e+02 1.3424752048e+01 -9.8780319304e-01 8.0300489787e+00 1.1929533232e-02 1.3621880898e-02
8.0297222253e+01 7.2060615740e+01 6.6201241512e+01 8.9742351876e-01 9.1844455989e-02 4.3469375206e+02 1.3432808091e+01 -5.2103670925e-01 9.4126691261e+00 6.0529400433e-03 6.9109627372e-03
3.7380872181e+01 3.7322932900e+01 3.2516708061e+01 9.9845002864e-01 5.8016134253e-02 2.6827113445e+02 8.2774966644e+00 -8.3127885254e-01 9.8643172937e+00 1.1543415378e-02 1.4785987141e-02
4.2773797848e+01 2.4794826875e+01 2.8143254616e+01 5.7967326080e-01 1.6969431783e-02 7.6162848348e+01 2.8207017296e+02 -8.2700055152e-01 8.4286273872e+00 3.4483426957e-03 3.4668611927e-03
7.9783135152e+01 7.5787841155e+01 6.7689400117e+01 9.4992307598e-01 6.8309914525e-02 3.1815322185e+02 1.8365169353e+01 -9.6575638776e-01 1.9196329964e+01 5.3816002991e-03 5.9008966590e-03
7.9944082993e+01 7.2163553598e+01 6.6104699943e+01 9.0267535628e-01 1.1912359845e-01 5.7402087461e+02 8.7766390079e+00 -8.6139605011e-01 1.2604411205e+01 6.9980760807e-03 8.7913554608e-03
2.2939673745e+01 2.2672170864e+01 1.9853298779e+01 9.8833885417e-01 2.8827160951e-02 1.3052665634e+02 7.7618375035e+00 -7.5395240542e-01 9.1282501430e+00 1.6380403700e-02 2.1492468250e-02
3.7100676128e+01 3.2342975003e+01 3.0141895812e+01 8.7176241455e-01 3.1440656890e-02 1.4263373562e+02 4.1605568191e+01 9.3360465756e-01 1.1810052816e+01 6.7120423784e-03 6.9713506589e-03
4.8849527148e+01 2.7352487082e+01 3.1558839250e+01 5.5993350762e-01 2.9354997606e-02 1.3296824824e+02 4.0536946798e+01 -9.6452739354e-01 1.3895243161e+01 6.5943611877e-03 6.8563388680e-03
3.3982495133e+01 2.2018475209e+01 2.3702076305e+01 6.4793580115e-01 2.3145724709e-02 1.0436274465e+02 5.9629815589e+01 -7.8865958375e-01 9.2258876360e+00 6.8496678829e-03 7.0303663538e-03
5.7605455082e+01 3.9504466834e+01 4.1382161286e+01 6.8577649075e-01 5.1480042338e-02 2.3694843752e+02 1.7300521084e+01 6.1682432443e-01 9.6577128937e+00 7.5598760001e-03 8.3432665795e-03
3.4589378145e+01 2.2339839691e+01 2.4084999440e+01 6.4585837874e-01 2.8323870380e-02 1.2820031628e+02 1.8131344756e+01 -6.8226130075e-01 9.2620752992e+00 1.0564200581e-02 1.1599227994e-02
3.3992093483e+01 2.2475783101e+01 2.3960471255e+01 6.6120620409e-01 3.7434222095e-02 1.7056834133e+02 3.0503799846e+01 9.4104069232e-01 8.1831858673e+00 8.6721755574e-03 9.1415583532e-03
4.0297941454e+01 3.8773621255e+01 3.4410221707e+01 9.6217374527e-01 6.8650083228e-02 3.1981306844e+02 1.0039977193e+01 -9.7491794091e-01 9.9813191064e+00 1.0299570127e-02 1.2461795905e-02
2.1680234045e+01 2.1511724329e+01 1.8800220149e+01 9.9222749552e-01 2.0397852162e-02 9.1785084538e+01 2.3854872837e+00 -9.3034261147e-01 1.0267146626e+01 2.6515299328e-02 1.0000000000e+00
4.4081879387e+01 3.3106250036e+01 3.3188830747e+01 7.5101720925e-01 3.3858012947e-02 1.5387215238e+02 4.5790884425e+01 -9.6405577189e-01 1.2358830415e+01 6.0879429574e-03 6.3002404630e-03
3.6833149606e+01 3.6062963883e+01 3.1727751073e+01 9.7908987607e-01 5.1504078934e-02 2.3706312578e+02 1.1724776175e+01 7.2632915858e-01 8.6913807036e+00 1.0327022558e-02 1.2076250740e-02
2.3230489736e+01 1.5414050407e+01 1.6404668378e+01 6.6352670916e-01 1.5401684093e-02 6.9045249123e+01 7.1683855813e+01 9.2915524060e-01 9.7002143093e+00 8.0841506781e-03 8.2601036947e-03
4.3039107993e+01 4.2471071505e+01 3.7219481971e+01 9.8680185267e-01 2.3240199679e-02 1.0479607021e+02 2.2830016189e+02 -9.7948450229e-01 9.7665182484e+00 3.1225791962e-03 3.1433460797e-03
2.2301110299e+01 2.1274541813e+01 1.8961087471e+01 9.5396783067e-01 1.6922549373e-02 7.5949763251e+01 1.0931375161e+02 -7.9476530488e-01 8.1505653854e+00 6.2979360102e-03 6.3865951519e-03
3.6059008164e+01 3.0974490023e+01 2.9077186912e+01 8.5899450929e-01 1.1096076736e-02 4.9582392605e+01 1.2175611499e+02 2.2566177640e-01 9.6803637411e+00 4.6467166573e-03 4.7052904160e-03
3.7914843109e+01 2.5437533282e+01 2.6928860266e+01 6.7091226540e-01 4.8223713256e-02 2.2144553620e+02 6.0314688742e+00 6.6421901666e-01 8.1253343655e+00 1.4709303646e-02 2.2121876206e-02
3.6152798982e+01 3.4322617817e+01 3.0663792536e+01 9.4937650150e-01 5.3412564738e-02 2.4618111628e+02 4.8467187653e+00 5.4628589390e-01 8.0559628996e+00 1.4676164945e-02 2.8232759093e-02
3.2054978013e+01 3.0547075457e+01 2.7239639571e+01 9.5295886476e-01 4.1686759707e-02 1.9053071585e+02 1.5725734606e+01 -8.9681960382e-01 9.7970341735e+00 1.0235406059e-02 1.1426327229e-02
2.8990235878e+01 2.6117283570e+01 2.3947803147e+01 9.0089931244e-01 1.4196786317e-02 6.3586166738e+01 6.7875508372e+01 -8.9674948102e-01 1.6445331727e+01 6.5186984102e-03 6.6688801244e-03
6.3585287513e+01 5.6152323944e+01 5.1998223507e+01 8.8310246191e-01 5.3448214293e-02 2.4635165805e+02 4.7077494130e+01 -7.8613040987e-01 1.0589699928e+01 4.4976916726e-03 4.6499766272e-03
3.1922573688e+01 2.9091183207e+01 2.6523450184e+01 9.1130444215e-01 1.6314545211e-02 7.3187655254e+01 4.2221831917e+01 -4.9070991946e-01 1.1515845692e+01 7.2976493566e-03 7.5751734694e-03
3.5608948250e+01 2.6274198945e+01 2.6566766568e+01 7.3785383272e-01 2.4611110503e-02 1.1109064448e+02 8.8141057087e+01 8.2800063659e-01 9.2251681135e+00 5.5038653060e-03 5.6005626027e-03
3.9372132447e+01 3.7031577030e+01 3.3237916919e+01 9.4055299340e-01 5.6966109110e-02 2.6322071491e+02 4.6970629942e+00 -8.8980224224e-01 1.2767084264e+01 1.4090505090e-02 2.8816049741e-02
5.5637161456e+01 3.6012217382e+01 3.8784928170e+01 6.4726913523e-01 2.7909350513e-02 1.2628555185e+02 7.6928692906e+01 4.5288457803e-01 8.1974662213e+00 4.5630106286e-03 4.6553003044e-03
1.8943977728e+01 1.0890245428e+01 1.2409730734e+01 5.7486582722e-01 1.3272460268e-02 5.9404873686e+01 2.2019009472e+01 -7.3925267021e-01 8.2229776905e+00 1.5003452330e-02 1.6174887809e-02
4.1830127072e+01 3.6998535227e+01 3.4234768652e+01 8.8449492787e-01 5.9298904132e-02 2.7445055118e+02 5.9964987854e+00 -9.2380748335e-01 1.2479876954e+01 1.2604638263e-02 1.9038869143e-02
4.6970894943e+01 3.5415064775e+01 3.5435574993e+01 7.5397892287e-01 7.9339394973e-02 3.7234120691e+02 8.7869207280e+00 -8.8783471717e-01 8.5573670195e+00 1.0564733147e-02 1.3267106307e-02
7.3696387448e+01 6.7721366243e+01 6.1489697924e+01 9.1892382501e-01 7.6207290373e-02 3.5687576470e+02 7.1020079516e+01 9.2032205268e-01 8.0526794251e+00 3.4254401151e-03 3.5007206808e-03
2.6309893016e+01 2.3409105392e+01 2.1597220644e+01 8.8974536604e-01 1.3210047592e-02 5.9122749318e+01 5.2749846133e+01 -3.1540726617e-01 8.3087905752e+00 7.6476314128e-03 7.8771647514e-03
3.6877200963e+01 3.0443640332e+01 2.9142232085e+01 8.2554097211e-01 1.9070565238e-02 8.5727761679e+01 6.4915296392e+01 4.7629580985e-01 9.5768642265e+00 5.8456954074e-03 5.9867888137e-03
7.3701232828e+01 7.1055502915e+01 6.2996399120e+01 9.6410195853e-01 5.1197780817e-02 2.3560193212e+02 6.0723183007e+01 -7.0458207710e-01 1.0549083424e+01 3.6310956905e-03 3.7250784190e-03
4.9298400984e+01 1.7507473981e+01 2.4927048705e+01 3.5513269461e-01 2.9626949834e-02 1.3422692263e+02 2.7254255309e+01 -8.3251774057e-01 9.9338720184e+00 8.8672437265e-03 9.4110504615e-03
2.5630692475e+01 2.2926790336e+01 2.1096525094e+01 8.9450530291e-01 2.3536727126e-02 1.0615652833e+02 1.8517311905e+01 -5.8809432757e-01 8.2921050977e+00 1.1419117491e-02 1.2510277457e-02
5.8212504395e+01 4.8572005550e+01 4.6252982259e+01 8.3439127134e-01 2.5520064499e-02 1.1527099343e+02 2.3987246736e+02 8.9605034964e-01 8.4249952523e+00 2.6722411869e-03 2.6891457142e-03
8.2479611156e+01 7.8041439549e+01 6.9838793355e+01 9.4619068221e-01 7.8891052476e-02 3.7012367080e+02 7.8553918404e+00 -2.2172846955e-01 9.6605196955e+00 7.2120935078e-03 9.4183233685e-03
3.3899042343e+01 3.1151995922e+01 2.8284801649e+01 9.1896389305e-01 7.2754664606e-02 3.3989867027e+02 5.7828798537e+00 9.6779834306e-01 8.2798033695e+00 1.4283453039e-02 2.2205803668e-02
7.7940771476e+01 6.9927800610e+01 6.4250064156e+01 8.9719153769e-01 5.4547412876e-02 2.5161404437e+02 6.7978202357e+01 8.8121092466e-01 1.1439828832e+01 3.4311903906e-03 3.5101157083e-03
7.1129615995e+01 4.8673573563e+01 5.1040220516e+01 6.8429405786e-01 1.0952643087e-01 5.2449253020e+02 1.8978530007e+00 -9.6952491198e-01 1.0587305056e+01 1.4686418765e-02 1.0000000000e+00
7.5095752656e+01 5.7398298975e+01 5.7051801397e+01 7.6433482513e-01 3.7620963825e-02 1.7144247558e+02 1.0769596675e+02 9.2626892051e-01 1.2007597955e+01 3.1416181065e-03 3.1865261119e-03
7.3798905637e+01 7.2262957873e+01 6.3572900444e+01 9.7918739105e-01 3.8488940322e-02 1.7550844221e+02 4.8826680383e+01 -7.7563846630e-01 1.7205668385e+01 3.9480087350e-03 4.0766022268e-03
3.4714574761e+01 3.4407465306e+01 3.0086759100e+01 9.9115329924e-01 2.8866867148e-02 1.3071025978e+02 1.8486050847e+01 9.3041278375e-01 1.5890037154e+01 9.1231553520e-03 9.9966703711e-03
3.4874454446e+01 2.1355445783e+01 2.3616534849e+01 6.1235211052e-01 1.2902175175e-02 5.7731454181e+01 1.6087216328e+02 6.3927650919e-01 1.0038738398e+01 4.7615747336e-03 4.8067466928e-03
3.1304870720e+01 2.6738933728e+01 2.5171113365e+01 8.5414611570e-01 1.5666416429e-02 7.0245985108e+01 3.0145767649e+01 -5.4797837339e-01 1.3184067537e+01 8.5590864685e-03 9.0284203326e-03
3.0984295575e+01 1.1261141541e+01 1.5866402409e+01 3.6344675041e-01 1.3255806818e-02 5.9329592449e+01 5.8501642552e+01 -6.3808982589e-01 8.1933493737e+00 8.9198847215e-03 9.1599619053e-03
4.5190581346e+01 3.5520306271e+01 3.4827985369e+01 7.8601127079e-01 7.6600916598e-02 3.5881601819e+02 3.8965337266e+00 -7.3114149434e-01 8.6002286715e+00 1.4510316705e-02 1.0000000000e+00
6.4965166450e+01 5.2170486064e+01 5.0620384878e+01 8.0305321937e-01 3.0756293537e-02 1.3945906381e+02 7.7501465720e+01 5.7458655499e-01 1.1056703042e+01 3.8459499282e-03 3.9231403420e-03
2.9902163774e+01 2.3350642746e+01 2.2968486208e+01 7.8090143987e-01 2.4743180869e-02 1.1169770663e+02 7.6803691584e+01 -9.6456986459e-01 9.3329845779e+00 6.3468805693e-03 6.4754668785e-03
3.8095309588e+01 3.2792381012e+01 3.0751939359e+01 8.6079838611e-01 4.6231113083e-02 2.1199276478e+02 1.0090903790e+01 -6.5248857217e-01 8.8321281142e+00 1.1175304889e-02 1.3504468704e-02
3.8827169900e+01 3.0157427935e+01 2.9741823603e+01 7.7670940252e-01 1.4031787963e-02 6.2839358306e+01 3.3864428380e+01 7.4368146040e-01 2.2244666916e+01 7.3897519389e-03 7.7464181900e-03
2.3308847690e+01 1.9314969676e+01 1.8455186245e+01 8.2865399153e-01 2.3409988798e-02 1.0557498573e+02 5.3349882714e+00 -7.8295952069e-01 1.0740918894e+01 1.9798880743e-02 3.3286002906e-02
4.7742472897e+01 3.8076355639e+01 3.7069749772e+01 7.9753630947e-01 5.8941303931e-02 2.7272684951e+02 1.5560123070e+01 -8.4490744624e-01 9.8667868896e+00 8.3894529626e-03 9.3783752783e-03
2.8852015787e+01 2.4282792877e+01 2.3025499156e+01 8.4163245494e-01 2.0270333256e-02 9.1202618918e+01 2.2002811669e+01 7.6921777069e-01 1.2819443303e+01 1.0154621251e-02 1.0948141979e-02
3.8224400853e+01 2.4953655383e+01 2.6765272165e+01 6.5282005279e-01 2.0126069131e-02 9.0543796925e+01 1.6638280309e+01 4.0357359041e-01 1.0756161820e+01 1.0265122479e-02 1.1380119054e-02
8.5446298717e+01 6.0103264761e+01 6.2194590044e+01 7.0340395856e-01 1.4205244784e-01 6.9455285675e+02 1.0292592372e+01 9.4240866841e-01 1.0224980729e+01 6.7619941613e-03 8.1322455144e-03
3.5651813587e+01 2.2594788769e+01 2.4581015925e+01 6.3376267559e-01 1.3030640572e-02 5.8311920235e+01 5.3619066484e+01 1.3008745743e-01 8.1487033199e+00 7.0111138391e-03 7.2179441282e-03
2.5960846959e+01 1.6617275398e+01 1.7992433390e+01 6.4008987934e-01 1.8082608353e-02 8.1226653786e+01 1.3585454456e+01 -6.5213360957e-01 1.0034724205e+01 1.4214197733e-02 1.6200200932e-02
4.8967208213e+01 2.8993424115e+01 3.2579757015e+01 5.9209877740e-01 4.3847335685e-02 2.0071798741e+02 3.2498455821e+01 8.3688559423e-01 9.0639036229e+00 6.9619628795e-03 7.3134488331e-03
4.8357655242e+01 3.6201603279e+01 3.6348257034e+01 7.4862197305e-01 2.3212518457e-02 1.0466909943e+02 1.1266727985e+02 -7.6924853196e-01 1.1512071422e+01 4.1301485040e-03 4.1865164058e-03
3.4012976873e+01 1.9689508961e+01 2.2362936965e+01 5.7888226116e-01 2.4060216592e-02 1.0855970346e+02 1.4786259953e+01 9.0824928912e-01 1.3305454411e+01 1.1976086045e-02 1.3479854454e-02
6.5011773678e+01 6.4831783738e+01 5.6517625863e+01 9.9723142548e-01 4.7917315640e-02 2.1999033784e+02 2.5732700711e+01 3.3142776470e-01 9.2955630417e+00 5.3724131126e-03 5.7237911202e-03
8.5186951367e+01 4.9194992092e+01 5.5938162888e+01 5.7749445546e-01 5.0883079581e-02 2.3410127936e+02 2.7620355054e+01 -8.6106164343e-01 1.6006468651e+01 5.2561850593e-03 5.5737721438e-03
5.8089681973e+01 5.6125249172e+01 4.9706111776e+01 9.6618275855e-01 7.2061771143e-02 3.3650060049e+02 2.0867722974e+01 8.8011034545e-01 1.1131895661e+01 6.2083199912e-03 6.7240520942e-03
4.3340115171e+01 2.9990332917e+01 3.1279942134e+01 6.9197630874e-01 2.6933437906e-02 1.2178205968e+02 3.2552361889e+00 -2.4883015283e-01 1.0118882160e+01 1.7098072571e-02 1.0000000000e+00
3.3003804526e+01 3.0999047188e+01 2.7842456249e+01 9.3925678063e-01 1.6723008063e-02 7.5042992865e+01 1.5094020111e+02 8.5129828275e-01 1.1951365629e+01 4.3896007659e-03 4.4340351682e-03
6.0547215354e+01 4.5317344044e+01 4.5505621997e+01 7.4846289426e-01 3.6525112375e-02 1.6631606935e+02 4.0158517270e+01 4.8228274705e-01 9.8701691907e+00 5.2417471154e-03 5.4520987200e-03
2.2595814092e+01 2.0668612343e+01 1.8809506338e+01 9.1470978913e-01 1.5202611050e-02 6.8142630218e+01 6.7459095926e+01 8.3251363165e-01 1.0686774530e+01 7.5936263240e-03 7.7696992878e-03
3.5607225289e+01 3.4732067884e+01 3.0614111821e+01 9.7542191512e-01 1.9379502829e-02 8.7136608948e+01 1.8854806178e+02 -8.5352037459e-01 1.0132647089e+01 3.7995003626e-03 3.8301758116e-03
4.0040721640e+01 3.7348384477e+01 3.3661096904e+01 9.3276002398e-01 3.2056863587e-02 1.4549487084e+02 7.5089129365e+01 9.7772600012e-01 1.1412386126e+01 5.0183322411e-03 5.1224132612e-03
3.2452536495e+01 3.1488964397e+01 2.7828362353e+01 9.7030826548e-01 3.4680217871e-02 1.5770335967e+02 2.1972771533e+01 7.8165982037e-01 9.7806020145e+00 8.9465440740e-03 9.6467600388e-03
2.9906773695e+01 2.8238634700e+01 2.5296758273e+01 9.4422203440e-01 2.0674807703e-02 9.3050501562e+01 1.2514848073e+02 9.5587721554e-01 1.0540478924e+01 4.9878798481e-03 5.0490112327e-03
3.6740043794e+01 3.5279432139e+01 3.1340560707e+01 9.6024469477e-01 1.3197593362e-02 5.9066455519e+01 8.6189024137e+01 -5.3629972965e-01 1.4707044566e+01 5.0408141641e-03 5.1314486731e-03
3.3816488162e+01 2.7589849268e+01 2.6563424354e+01 8.1586973595e-01 1.6694633227e-02 7.4914071432e+01 7.4940580292e+01 7.2272564132e-01 1.2682653902e+01 5.8780087612e-03 6.0001705797e-03
3.4362495167e+01 3.1800432933e+01 2.8773168643e+01 9.2544015730e-01 5.0727868756e-02 2.3336139100e+02 1.0972505227e+01 7.7381057206e-01 8.3236098945e+00 1.1259195375e-02 1.3346002773e-02
4.3581959442e+01 3.6592691560e+01 3.4738674928e+01 8.3962933352e-01 2.7949878875e-02 1.2647271187e+02 9.3236550264e+01 -9.9241296042e-01 1.2617490145e+01 4.5481541592e-03 4.6235596017e-03
4.5292302584e+01 2.5967004276e+01 2.9627801818e+01 5.7332047157e-01 2.7528182344e-02 1.2452584715e+02 1.3652043825e+01 -5.1319959653e-01 1.0896454459e+01 1.0328526832e-02 1.1762652793e-02
3.6948181178e+01 2.9570934180e+01 2.8739921165e+01 8.0033531387e-01 3.2533112440e-02 1.4770787024e+02 1.3052286858e+01 4.6591006602e-01 8.4604591737e+00 1.0673203475e-02 1.2243142440e-02
7.9267184313e+01 5.9286582395e+01 5.9553356131e+01 7.4793349743e-01 1.1653538929e-01 5.6060972113e+02 6.3026250227e+00 5.4942343190e-01 8.7930379556e+00 8.4696113723e-03 1.2355215557e-02
7.3609813033e+01 6.6265124758e+01 6.0783325852e+01 9.0022134316e-01 4.4903086335e-02 2.0570693430e+02 3.1655213910e+01 1.9892123966e-01 8.5566356792e+00 4.7584551316e-03 5.0057201364e-03
3.8490924513e+01 3.4004493183e+01 3.1482896238e+01 8.8344184022e-01 5.5068382678e-02 2.5411087684e+02 1.0364177460e+01 -9.0280866952e-01 1.0111722020e+01 1.0845463662e-02 1.3021779389e-02
3.4005659498e+01 1.5580790326e+01 1.9742939192e+01 4.5818227190e-01 1.0621461341e-02 4.7444578325e+01 3.6422939191e+01 5.5823963713e-02 8.0525037428e+00 9.3090404927e-03 9.7241331531e-03
3.7583174624e+01 2.8250041282e+01 2.8308608029e+01 7.5166724376e-01 6.9146379974e-02 3.2223604618e+02 6.9510667132e+00 9.5136927319e-01 8.1890403556e+00 1.3352240422e-02 1.8411166462e-02
4.2593355225e+01 2.9559476385e+01 3.0787361952e+01 6.9399267162e-01 3.9688502105e-02 1.8113577705e+02 1.9313682386e+00 7.1417304399e-01 9.1999877399e+00 2.0841261936e-02 1.0000000000e+00
5.0774032076e+01 4.1583755923e+01 3.9961751522e+01 8.1899652682e-01 3.0546333666e-02 1.3848570481e+02 6.3688155185e+01 6.2083071203e-01 1.0276593497e+01 4.7995853445e-03 4.9177637453e-03
2.7107758999e+01 2.6795688868e+01 2.3462366600e+01 9.8848779307e-01 2.4320005860e-02 1.0975298828e+02 1.2826807599e+01 9.7736715072e-01 1.5579526003e+01 1.2256644953e-02 1.4100668441e-02
4.2881564510e+01 4.0733089692e+01 3.6380972639e+01 9.4989747126e-01 3.0511261048e-02 1.3832313892e+02 2.3496019709e+01 -4.5165556592e-01 1.0249024407e+01 7.3976448315e-03 7.9338978583e-03
8.3147512028e+01 7.0738233235e+01 6.6720977744e+01 8.5075586160e-01 4.6828548581e-02 2.1482427097e+02 2.5338748325e+01 -3.1603599585e-01 1.1269665209e+01 4.8743317458e-03 5.1987168621e-03
4.0662171815e+01 3.5467099791e+01 3.3044517423e+01 8.7223820589e-01 5.0535388814e-02 2.3244405631e+02 3.5080052452e+00 -9.8896966729e-01 1.4825869219e+01 1.5838146007e-02 1.0000000000e+00
3.0201884995e+01 2.3136605250e+01 2.2971643514e+01 7.6606494112e-01 3.0949933872e-02 1.4035702358e+02 2.9049697393e+01 -9.7088087519e-01 9.7567019518e+00 9.1038294108e-03 9.6239040530e-03
2.7312721801e+01 1.8417719570e+01 1.9449991852e+01 6.7432750586e-01 2.7319897249e-02 1.2356468127e+02 2.9906314215e+01 -9.6947313723e-01 8.8258529254e+00 1.0014262158e-02 1.0568246394e-02
8.4125933372e+01 8.0714718969e+01 7.1732623699e+01 9.5945109591e-01 1.2439495182e-01 6.0145797092e+02 1.2807391864e+01 9.3687837259e-01 1.2710088960e+01 5.7540777980e-03 6.6214902855e-03
3.7030130725e+01 1.9566580326e+01 2.3199779990e+01 5.2839619905e-01 2.5720371889e-02 1.1619295751e+02 2.9632460225e+01 8.8506520783e-01 1.0794732250e+01 9.0092226913e-03 9.5127011619e-03
2.2979777024e+01 2.0944199545e+01 1.9094373619e+01 9.1141874541e-01 1.6884435858e-02 7.5776544451e+01 5.1595243082e+00 -3.0571262522e-01 8.7155719016e+00 1.9705228905e-02 3.4490950372e-02
3.5427290595e+01 2.5204013033e+01 2.5938520443e+01 7.1142931366e-01 2.2060270200e-02 9.9388371179e+01 1.3658348185e+02 -8.0318912289e-01 8.3477401310e+00 4.7479688283e-03 4.8011872477e-03
2.4721654023e+01 2.0085240076e+01 1.9377768476e+01 8.1245535016e-01 3.1223944232e-02 1.4162810094e+02 6.4579760358e+00 -8.9988948600e-01 9.8207077744e+00 1.7791973073e-02 2.5558988166e-02
3.6384792450e+01 3.6049606747e+01 3.1528498429e+01 9.9078775280e-01 4.8962668335e-02 2.2495760383e+02 2.0399807337e+01 7.9775541734e-01 8.4927777874e+00 8.4361907966e-03 9.1557017784e-03
4.3142051980e+01 2.6755724141e+01 2.9410190171e+01 6.2017736554e-01 5.7017872049e-02 2.6346951984e+02 1.7058828022e+01 -9.7962562998e-01 8.5103666558e+00 9.3772867036e-03 1.0365590915e-02
3.0510698286e+01 2.6967671832e+01 2.4961832936e+01 8.8387593034e-01 2.2876709935e-02 1.0312918680e+02 8.4110602087e+01 -7.8850704188e-01 8.9730357290e+00 5.8299437340e-03 5.9374455932e-03
8.3232276318e+01 6.8223007558e+01 6.5535511608e+01 8.1967009164e-01 1.3582066364e-01 6.6148962767e+02 8.6595069550e+00 -7.6169221404e-01 9.9197005012e+00 7.0063893673e-03 8.8394800334e-03
3.6505384320e+01 3.2861812374e+01 3.0143816212e+01 9.0019083450e-01 4.0414491315e-02 1.8454605916e+02 3.2941304956e+01 8.4316017145e-01 8.9491481118e+00 7.2864342783e-03 7.6488925630e-03
7.1205373995e+01 5.2534495508e+01 5.3121762031e+01 7.3778835165e-01 7.5260112447e-02 3.5221092265e+02 2.6587498902e+01 -9.6668841778e-01 1.1656559064e+01 5.4284448670e-03 5.7707058029e-03
2.7402733222e+01 1.8992771375e+01 1.9794026775e+01 6.9309770019e-01 1.6079401418e-02 7.2120080615e+01 1.4523297382e+02 8.9548915741e-01 9.2136523366e+00 5.5142018084e-03 5.5722562337e-03
7.5765854386e+01 6.4761414272e+01 6.0942713657e+01 8.5475726231e-01 1.7257392660e-02 7.7471980357e+01 1.8670488919e+02 -8.5198878212e-01 1.5471772900e+01 2.4832300604e-03 2.5034794310e-03
4.2404954507e+01 3.0052421529e+01 3.0985686572e+01 7.0870071382e-01 6.5419212667e-02 3.0407755361e+02 9.5525768833e+00 9.4335477128e-01 8.9303549111e+00 1.1225340154e-02 1.3758124826e-02
6.7716257744e+01 4.3084560005e+01 4.6784304087e+01 6.3625134408e-01 2.8267350826e-02 1.2793917249e+02 1.2977503298e+02 -9.5126633465e-01 1.2943916547e+01 3.3349949060e-03 3.3743796276e-03
1.6094452305e+01 1.4320758276e+01 1.3211957388e+01 8.8979469474e-01 1.0803033339e-02 4.8262255795e+01 4.8931990260e+01 7.5411608762e-01 9.4668821764e+00 1.0710317607e-02 1.1058374892e-02
3.8394194796e+01 3.5028716957e+01 3.1918873516e+01 9.1234409635e-01 7.0594410198e-02 3.2931435518e+02 1.1540930539e+01 9.5176036486e-01 8.2847189996e+00 1.0233757066e-02 1.2004416657e-02
7.4722564848e+01 6.9788925164e+01 6.2858279887e+01 9.3397389805e-01 4.2617895555e-02 1.9491737472e+02 1.0794444745e+02 7.7342657024e-01 9.3649681812e+00 2.9455461775e-03 2.9875519461e-03
3.4507138363e+01 3.3672960226e+01 2.9674446058e+01 9.7582592539e-01 3.0114605221e-02 1.3648515372e+02 1.3041007121e+02 9.5874867438e-01 8.4318186302e+00 4.4196356204e-03 4.4715697672e-03
8.3665513278e+01 7.6845590275e+01 6.9790810551e+01 9.1848585234e-01 1.0796075178e-01 5.1646480635e+02 8.2092034439e+00 -4.1659625797e-01 8.8985962897e+00 6.9800128863e-03 8.9669373925e-03
6.1729007892e+01 5.8480182014e+01 5.2301154248e+01 9.4736954328e-01 2.3356835504e-02 1.0533112195e+02 5.1815629644e+01 7.5020846766e-01 2.2318417582e+01 4.4021158773e-03 4.5367574198e-03
5.2303650349e+01 5.1839982129e+01 4.5330609822e+01 9.9113506961e-01 5.7970954514e-02 2.6805368377e+02 2.8242502766e+01 6.5707352062e-01 8.7154516169e+00 5.9195846325e-03 6.2684964083e-03
3.8325503025e+01 1.1004549649e+01 1.7235098385e+01 2.8713386076e-01 1.0621533091e-02 4.7444901392e+01 1.0330613104e+01 -6.8733402355e-02 8.8478649041e+00 1.6255375651e-02 1.9532243595e-02
3.6364847084e+01 3.3368429183e+01 3.0319532672e+01 9.1760125118e-01 5.2205481816e-02 2.4041143467e+02 1.5320928098e+01 -8.0939891186e-01 8.2838107779e+00 9.6061513667e-03 1.0760329404e-02
3.0685189743e+01 2.7662125893e+01 2.5356216069e+01 9.0148133757e-01 4.4713116324e-02 2.0480869901e+02 1.3473907483e+01 -9.3606400340e-01 9.0094032110e+00 1.1322301765e-02 1.2921007655e-02
1.9375984226e+01 1.7667735260e+01 1.6103633419e+01 9.1183679003e-01 1.0132795577e-02 4.5245059628e+01 3.9164797550e+01 -8.2648566480e-01 1.4896819799e+01 1.0292498652e-02 1.0716827258e-02
4.3740580590e+01 4.1962659051e+01 3.7294868351e+01 9.5935304209e-01 2.3969084902e-02 1.0814121604e+02 1.1133799580e+02 7.6948281720e-01 1.1477615167e+01 4.0805576337e-03 4.1369305986e-03
4.2428901669e+01 3.6658168769e+01 3.4314560105e+01 8.6399051888e-01 2.4601591204e-02 1.1104689344e+02 1.1280668137e+02 8.1376464515e-01 1.0818869823e+01 4.2758678135e-03 4.3341505491e-03
6.7800886547e+01 6.1235628602e+01 5.6079122150e+01 9.0316855311e-01 7.7788128968e-02 3.6467385374e+02 5.8780260283e+01 -9.1565689446e-01 8.1355630089e+00 3.8915695999e-03 3.9957893234e-03
3.1988319454e+01 3.0576670033e+01 2.7224674215e+01 9.5586984734e-01 3.4332837023e-02 1.5608413779e+02 3.5504313176e+01 9.4177429164e-01 1.0066323182e+01 7.5779362452e-03 7.9253346503e-03
8.5576661683e+01 7.6878372145e+01 7.0590958224e+01 8.9835675560e-01 1.1400043983e-01 5.4751321420e+02 5.6287476236e+00 -9.0995864414e-01 1.7682148999e+01 7.9569165274e-03 1.2667883046e-02
8.4351199598e+01 8.3843404555e+01 7.3210553306e+01 9.9397999027e-01 5.3662163351e-02 2.4737532724e+02 6.6052841707e+01 5.3436426099e-01 8.5827070919e+00 3.1982654517e-03 3.2740717580e-03
3.1348024520e+01 3.0940600751e+01 2.7112002918e+01 9.8700320753e-01 2.0872768711e-02 9.3955303157e+01 2.2751138169e+01 3.4976935460e-01 9.1128324634e+00 9.0513072264e-03 9.7320003650e-03
3.1916746594e+01 1.5095096962e+01 1.8848259700e+01 4.7295224522e-01 1.2294514736e-02 5.4987263946e+01 7.4976755179e+01 8.5827171583e-01 1.3230483865e+01 7.3023377239e-03 7.4540251244e-03
2.1460588183e+01 2.0832523725e+01 1.8406710221e+01 9.7073405200e-01 1.4677856630e-02 6.5764607268e+01 1.6730892576e+02 8.0742034395e-01 8.0688347864e+00 5.4769131312e-03 5.5268388082e-03
3.9236058476e+01 2.1572629329e+01 2.5104983847e+01 5.4981642313e-01 2.8869879872e-02 1.3072419119e+02 7.4494312528e+01 -8.6948515827e-01 8.1362291482e+00 6.0575823159e-03 6.1842596202e-03
2.2042476872e+01 2.1477557541e+01 1.8941280039e+01 9.7437133156e-01 1.7661503237e-02 7.9310087332e+01 1.2406071545e+02 -8.9485276740e-01 8.3759564888e+00 6.0072397916e-03 6.0815247140e-03
3.9720966129e+01 3.1427822373e+01 3.0716162322e+01 7.9121495362e-01 3.6640613739e-02 1.6685601637e+02 6.9683986431e+01 -9.6469295772e-01 9.1540476431e+00 5.4497162327e-03 5.5718760399e-03
4.6940893936e+01 4.4786236297e+01 3.9913332737e+01 9.5409849582e-01 5.0545335970e-02 2.3249145734e+02 6.5345819354e+01 9.7178224301e-01 9.1251880691e+00 4.7003594431e-03 4.8130279530e-03
5.8473006299e+01 4.4366250233e+01 4.4256096230e+01 7.5874754937e-01 4.1155622220e-02 1.8803100490e+02 1.1488492354e+02 -9.9950212920e-01 9.6656624605e+00 3.5862588546e-03 3.6342356592e-03
4.3372817088e+01 2.6326837632e+01 2.9236384854e+01 6.0698934032e-01 2.1071749926e-02 9.4865030298e+01 8.1324143467e+00 -6.1678314920e-01 1.8051875856e+01 1.2697726679e-02 1.6367480739e-02
3.8151364622e+01 3.2641686708e+01 3.0702339870e+01 8.5558372633e-01 3.7120664149e-02 1.6910109493e+02 6.2454216326e+01 -9.3354300394e-01 9.0669883912e+00 5.6781858784e-03 5.8208891055e-03
1.3954042772e+01 1.2050343974e+01 1.1282630695e+01 8.6357367333e-01 1.1892484730e-02 5.3173061573e+01 1.4610930271e+01 -7.6424437915e-01 8.7843900605e+00 1.8586648154e-02 2.0955485671e-02
3.2238072691e+01 2.2641895908e+01 2.3446949334e+01 7.0233404226e-01 1.4140081143e-02 6.3329489658e+01 1.8426033787e+02 -6.5096691142e-01 8.7435539973e+00 4.5422246686e-03 4.5797628776e-03
5.2151647555e+01 3.9850573565e+01 3.9615204604e+01 7.6412875591e-01 3.6461154263e-02 1.6601711477e+02 5.5652664689e+01 8.7599159647e-01 1.2018697594e+01 5.0580040592e-03 5.2014764400e-03
3.3722934842e+01 2.7788142497e+01 2.6624426500e+01 8.2401317165e-01 1.6862188023e-02 7.5675436686e+01 1.6616746539e+02 9.3466813494e-01 1.1899265065e+01 4.3538856605e-03 4.3938514464e-03
3.6779767205e+01 3.5101596405e+01 3.1277947422e+01 9.5437244637e-01 3.4922662978e-02 1.5883392011e+02 4.1553189535e+01 9.4540049808e-01 1.1277153986e+01 6.5479109884e-03 6.8012203081e-03
7.8171746569e+01 5.3436815212e+01 5.6063137728e+01 6.8358220914e-01 1.1771489135e-01 5.6671652875e+02 6.8768346198e+00 -7.3698002714e-01 9.7856581417e+00 8.5068691345e-03 1.1794984739e-02
7.3312849614e+01 6.5671048737e+01 6.0386454806e+01 8.9576450898e-01 1.9106566368e-01 9.6228507747e+02 5.3424158245e+00 9.6532485278e-01 9.6926015709e+00 8.5796996729e-03 1.4401776615e-02
3.9658861400e+01 3.2110932117e+01 3.1031841833e+01 8.0967861870e-01 2.1339465445e-02 9.6089420778e+01 1.0333861069e+02 -8.3238103700e-01 1.1943447101e+01 4.7147776847e-03 4.7850934154e-03
5.9442946447e+01 5.7813457468e+01 5.1032900008e+01 9.7258734508e-01 8.4775436147e-02 3.9932759804e+02 3.2567716712e+01 8.7007616694e-01 8.3552328358e+00 5.1301692640e-03 5.3885710348e-03
3.6875199451e+01 2.6376006334e+01 2.7073991489e+01 7.1527765887e-01 1.5952334043e-02 7.1543336760e+01 1.7113711321e+02 -9.6260421453e-01 1.2980717087e+01 4.2635921556e-03 4.3015739550e-03
8.2677326947e+01 4.1491841055e+01 5.0397236782e+01 5.0185271570e-01 4.4438076496e-02 2.0350864206e+02 2.5029086194e+00 -6.3690087126e-01 1.8961946869e+01 1.3857917828e-02 1.0000000000e+00
3.1078309749e+01 2.9319158616e+01 2.6276141343e+01 9.4339617738e-01 2.6715559112e-02 1.2077748461e+02 1.5494845314e+01 -7.3129423360e-01 1.2099191845e+01 1.0622290958e-02 1.1880910812e-02
2.7912087458e+01 1.2186371019e+01 1.5789722325e+01 4.3659833888e-01 1.3143922144e-02 5.8823870588e+01 4.9126452760e+01 -6.1341547319e-01 8.3107116293e+00 9.5532016068e-03 9.8623525173e-03
3.9805507416e+01 3.8475531957e+01 3.4067899844e+01 9.6658815461e-01 4.8489049744e-02 2.2270620879e+02 5.2415262233e+01 9.7552029600e-01 8.6773268866e+00 5.6435943997e-03 5.8141214142e-03
5.8515780151e+01 5.3231191817e+01 4.8575397246e+01 9.0968951759e-01 3.5324825022e-02 1.6071011464e+02 1.4388434380e+02 -8.1269536235e-01 8.5097439238e+00 3.1205600730e-03 3.1537278184e-03
3.0985801751e+01 2.3937321408e+01 2.3669655030e+01 7.7252548121e-01 1.7352870505e-02 7.7906165360e+01 2.2131365340e+01 -7.1178347052e-01 1.4491241797e+01 9.9770684241e-03 1.0751513081e-02
5.9232148369e+01 5.5298876546e+01 4.9817238120e+01 9.3359565826e-01 6.4887608776e-02 3.0149476575e+02 1.2061636225e+01 6.6351386321e-01 1.1433634945e+01 7.6465629940e-03 8.8937497782e-03
3.5984332123e+01 2.7027746728e+01 2.7093755710e+01 7.5109763427e-01 5.6773888270e-02 2.6229693150e+02 6.9226872310e+00 -8.9792763088e-01 8.8162845566e+00 1.3844767719e-02 1.9130235302e-02
6.8562393706e+01 4.6361719881e+01 4.8895070156e+01 6.7619750967e-01 5.3355701312e-02 2.4590910762e+02 1.4513563009e+01 3.1019590528e-01 8.2226488252e+00 7.2670040058e-03 8.2009553033e-03
5.2516941916e+01 3.0229625023e+01 3.4426218161e+01 5.7561662809e-01 1.4511031702e-02 6.5008995009e+01 2.2779198205e+02 -9.6302919453e-01 1.4781775133e+01 3.2989636019e-03 3.3209530856e-03
2.4238217323e+01 2.0336815561e+01 1.9313093390e+01 8.3903924491e-01 1.4267557666e-02 6.3906544853e+01 2.6445671331e+02 9.3494501166e-01 8.4632846514e+00 4.4774942323e-03 4.5031578972e-03
3.4898183749e+01 3.0058336263e+01 2.8179683315e+01 8.6131520421e-01 1.9951704230e-02 8.9747696274e+01 8.9833191961e+01 -6.7760861163e-01 1.0163687903e+01 5.2821363624e-03 5.3731343109e-03
3.1130851898e+01 2.3426560164e+01 2.3462212567e+01 7.5251908433e-01 2.0113775579e-02 9.0487661425e+01 1.3102204988e+02 8.7584750248e-01 9.0360970663e+00 5.1407988481e-03 5.2009189774e-03
4.0726894298e+01 3.6388290098e+01 3.3502543890e+01 8.9347078201e-01 6.2050374013e-02 2.8774037327e+02 6.4180198974e+00 -8.3814776265e-01 1.0389787542e+01 1.2434577477e-02 1.7931184472e-02
6.3552417630e+01 5.0812650050e+01 4.9408728167e+01 7.9953921416e-01 9.1591393309e-02 4.3342238159e+02 2.4736125761e+01 -9.1001186846e-01 8.5681361662e+00 5.7810470223e-03 6.1763660229e-03
2.8603768078e+01 2.4118385923e+01 2.2848845647e+01 8.4318911610e-01 2.1142026783e-02 9.5186393701e+01 1.3907929987e+02 9.4098363364e-01 8.7593013140e+00 5.1077343055e-03 5.1639369801e-03
7.6547966796e+01 6.3176137811e+01 6.0483619453e+01 8.2531438071e-01 1.2926262976e-01 6.2693959040e+02 3.7265200716e+00 9.3478161201e-01 1.4718733705e+01 1.0142884692e-02 1.0000000000e+00
5.5933529881e+01 5.1160045196e+01 4.6559596192e+01 9.1465790386e-01 6.1419173790e-02 2.8468737249e+02 9.4713485459e+00 7.7616575361e-01 1.3545849955e+01 8.7514744130e-03 1.0751034766e-02
6.2637096479e+01 5.2204037908e+01 4.9739559392e+01 8.3343642733e-01 6.2514628504e-02 2.8998750194e+02 5.8161081658e+01 9.9423712532e-01 9.8804437948e+00 4.2489882737e-03 4.3640524558e-03
3.2281561828e+01 2.4287499839e+01 2.4326891293e+01 7.5236446021e-01 1.8805596026e-02 8.4519929849e+01 6.6579450106e+01 -7.9056816812e-01 1.1361122352e+01 6.4834618006e-03 6.6358663328e-03
4.5813864124e+01 3.6717023645e+01 3.5661149018e+01 8.0143913523e-01 1.9159352435e-02 8.6132592590e+01 1.5231355082e+02 -9.4371997962e-01 1.4246638114e+01 3.7421431603e-03 3.7796757064e-03
3.1219665125e+01 2.4618707057e+01 2.4100693451e+01 7.8856409760e-01 2.7752753127e-02 1.2556248680e+02 3.7371092641e+01 -8.5191177728e-01 9.5632143977e+00 8.0541729728e-03 8.4034566833e-03
8.3779187842e+01 7.4958585528e+01 6.8966543516e+01 8.9471606802e-01 6.9193432812e-02 3.2246584403e+02 4.3516459604e+00 -4.3432180915e-01 1.7696530297e+01 9.1225540567e-03 2.3432677549e-02
3.8378138259e+01 3.5334651864e+01 3.2052526055e+01 9.2069739355e-01 4.4854854649e-02 2.0547885827e+02 5.7341329437e+01 -9.8250664843e-01 8.5442018149e+00 5.6809562161e-03 5.8371104745e-03
4.3244613100e+01 3.1320212237e+01 3.1955618401e+01 7.2425696501e-01 4.6180212067e-02 2.1175162938e+02 1.2856788033e+01 -8.6600106498e-01 1.1125000485e+01 9.9632260007e-03 1.1457663652e-02
3.5591628341e+01 3.3836781418e+01 3.0208885186e+01 9.5069495257e-01 6.4138693785e-02 2.9785920962e+02 2.9448739627e+00 9.9560212869e-01 9.4796873050e+00 1.7744454073e-02 1.0000000000e+00
3.6907427642e+01 2.4028270662e+01 2.5806399545e+01 6.5104159778e-01 2.6106408104e-02 1.1797053264e+02 3.6797918871e+01 8.4533323456e-01 1.1034319878e+01 7.7698410778e-03 8.1124773978e-03
7.5275310753e+01 4.8306200578e+01 5.2239927074e+01 6.4172701639e-01 7.3992994671e-02 3.4597915074e+02 2.4406981633e+01 -9.3677449495e-01 1.1605974309e+01 5.6685953801e-03 6.0621432727e-03
6.2192477557e+01 4.0777398163e+01 4.3646797555e+01 6.5566447527e-01 3.8747676736e-02 1.7672142278e+02 4.0816925194e+01 -6.5712898496e-01 1.0974084564e+01 5.3403116814e-03 5.5509062660e-03
3.7338607306e+01 3.1598229123e+01 2.9881489749e+01 8.4626158828e-01 1.9708401564e-02 8.8637183553e+01 2.3034183463e+01 4.4880863583e-02 8.2808735884e+00 8.4841245007e-03 9.1132124951e-03
2.9807589961e+01 2.1851893140e+01 2.2164582112e+01 7.3309828702e-01 3.1448513881e-02 1.4267020105e+02 6.6267263163e+00 6.8701870007e-01 9.3665468078e+00 1.6199129088e-02 2.2919136164e-02
7.5610050994e+01 5.7419869658e+01 5.7252594672e+01 7.5942112065e-01 1.0222381102e-01 4.8717596760e+02 2.3371687422e+01 -7.8826549395e-01 8.1605445497e+00 5.3532973320e-03 5.7437079175e-03
3.4114010929e+01 2.2845267780e+01 2.4206083448e+01 6.6967404764e-01 1.4336186409e-02 6.4217255543e+01 1.9139525309e+02 9.6565455792e-01 1.2403711312e+01 4.3891460139e-03 4.4240471315e-03
4.0996487500e+01 4.0947518664e+01 3.5668192720e+01 9.9880553582e-01 5.6454016398e-02 2.6076020013e+02 1.0284665046e+01 8.0917873857e-01 1.0539310583e+01 1.0052338895e-02 1.2091568139e-02
3.5237211458e+01 1.8293306580e+01 2.1870361319e+01 5.1914739627e-01 3.8792170243e-02 1.7693005647e+02 7.8738854719e+00 9.1782741346e-01 9.3589905326e+00 1.5244368625e-02 1.9889566179e-02
3.6257812443e+01 2.1947194657e+01 2.4404858778e+01 6.0530939896e-01 2.0629479129e-02 9.2843359219e+01 9.4058086183e+01 -8.2468673187e-01 9.7331229351e+00 5.6778241407e-03 5.7711115793e-03
8.3461900086e+01 6.3042655411e+01 6.3023632839e+01 7.5534651555e-01 6.5466231686e-02 3.0430608068e+02 2.8471493378e+01 -6.0005821887e-01 1.0422443453e+01 4.7820591999e-03 5.0614052766e-03
3.7013860798e+01 3.5199779582e+01 3.1420909440e+01 9.5098913820e-01 4.3752286650e-02 2.0026918771e+02 3.7426166483e+01 8.2699938616e-01 8.2593288116e+00 6.7545258677e-03 7.0469819514e-03
6.9302566947e+01 6.5570210277e+01 5.8679807222e+01 9.4614403427e-01 8.4022399588e-02 3.9557833626e+02 2.1813413680e+01 7.4495511206e-01 9.8936266071e+00 5.4663199198e-03 5.8977481929e-03
4.0466053692e+01 3.7642949037e+01 3.3972262981e+01 9.3023523677e-01 2.9151017151e-02 1.3202448678e+02 1.1882866057e+02 -8.9833203627e-01 9.6877961331e+00 4.2079740385e-03 4.2623552179e-03
3.3357220714e+01 2.3925165504e+01 2.4525770799e+01 7.1724097488e-01 1.8540979763e-02 8.3314173855e+01 4.2236842092e+01 -7.7746740405e-01 1.2997204526e+01 7.6521895682e-03 7.9430857993e-03
2.9875440230e+01 2.8199300889e+01 2.5265862978e+01 9.4389574422e-01 1.1236619952e-02 5.0215733230e+01 1.9019550422e+02 -7.2839062229e-01 1.2777354534e+01 4.2914476820e-03 4.3257903602e-03
4.6821028798e+01 3.6867915016e+01 3.6117701183e+01 7.8742214690e-01 2.8730777870e-02 1.3008101938e+02 4.0184232442e+01 3.9718938412e-01 8.6040780329e+00 6.0832577460e-03 6.3272112548e-03
3.7509525766e+01 1.8395696368e+01 2.2585213906e+01 4.9042732458e-01 2.2092622731e-02 9.9536521869e+01 1.2533154013e+02 9.5153699853e-01 8.6743115712e+00 5.3465860780e-03 5.4120158894e-03
3.3421629806e+01 3.2618475356e+01 2.8743074327e+01 9.7596902203e-01 1.9413286820e-02 8.7290712550e+01 2.1390860531e+01 -4.3379571423e-01 1.1924479281e+01 8.9388768610e-03 9.6604676069e-03
6.8065767263e+01 5.9924586151e+01 5.5575685093e+01 8.8039242870e-01 2.5801355614e-02 1.1656578037e+02 2.6536918593e+01 -1.0534558782e-01 1.3280111128e+01 5.4388771566e-03 5.7825278546e-03
4.0645248650e+01 4.0274385981e+01 3.5221872851e+01 9.9087562061e-01 1.0832579104e-01 5.1833515868e+02 4.6395998668e+00 -9.9847657252e-01 8.4805618787e+00 1.3253043318e-02 2.7863147787e-02
3.6769004962e+01 3.0626703160e+01 2.9189242710e+01 8.3294892510e-01 1.5312664073e-02 6.8641589864e+01 3.0965245137e+02 9.8905209640e-01 1.0682413338e+01 3.2580193005e-03 3.2739432145e-03
3.8661105158e+01 2.7247290262e+01 2.8168933332e+01 7.0477266883e-01 3.5697051275e-02 1.6244759357e+02 9.3633680599e+00 -9.6701053019e-01 1.4582364813e+01 1.2218186324e-02 1.5057562654e-02
3.0790488166e+01 2.9065556782e+01 2.6040872388e+01 9.4397843339e-01 1.7706674480e-02 7.9515617568e+01 4.4816321997e+01 -5.9446203058e-01 1.1628915763e+01 7.2124583544e-03 7.4698038475e-03
3.2594931743e+01 1.6327695354e+01 1.9849200776e+01 5.0092742892e-01 1.6877583319e-02 7.5745401972e+01 1.8044132211e+01 4.0676771061e-01 8.4977322303e+00 1.2027141801e-02 1.3212282183e-02
3.2870566978e+01 2.8749957582e+01 2.6749863109e+01 8.7464136538e-01 1.8430347375e-02 8.2810202374e+01 9.3904831576e+00 2.1308748228e-01 1.0748829797e+01 1.2738834819e-02 1.5686544939e-02
3.8330554337e+01 2.2193101742e+01 2.5204195033e+01 5.7899245461e-01 2.9954330099e-02 1.3574278013e+02 7.0169382499e+01 -9.2370582439e-01 8.4966000024e+00 6.1756634827e-03 6.3130988239e-03
6.8353401288e+01 6.6284921919e+01 5.8596434220e+01 9.6973845734e-01 1.7538054602e-01 8.7514513550e+02 4.8100289662e+00 9.2777761141e-01 1.0129056047e+01 9.1692603519e-03 1.7883477913e-02
2.9237721441e+01 2.3737851694e+01 2.2909511508e+01 8.1189130083e-01 1.8976871430e-02 8.5300615712e+01 1.2866156899e+02 9.0247467718e-01 9.6536071318e+00 5.2573250521e-03 5.3199607122e-03
4.3017063513e+01 4.0215188072e+01 3.6204302941e+01 9.3486595289e-01 1.2210143993e-02 5.4606442190e+01 3.3929776832e+02 9.5538268398e-01 1.3220739029e+01 2.7569797079e-03 2.7692677446e-03
3.9690609156e+01 2.0463492676e+01 2.4544119994e+01 5.1557517286e-01 1.7607895422e-02 7.9066188154e+01 9.9015082166e+01 -6.7196212201e-01 9.4749937503e+00 5.5600382274e-03 5.6466852300e-03
3.1838341061e+01 3.0276504421e+01 2.7026799256e+01 9.5094478582e-01 1.6363553260e-02 7.3410202881e+01 1.6086750063e+02 -9.8685420820e-01 1.3302408460e+01 4.3673481463e-03 4.4087813908e-03
6.8566328192e+01 5.8928450165e+01 5.5304830766e+01 8.5943715697e-01 1.2414524752e-01 6.0015456656e+02 1.9975061508e+01 9.9227267356e-01 8.5292651702e+00 5.7312157903e-03 6.2321637455e-03
3.7280570747e+01 2.7350431523e+01 2.7731915171e+01 7.3363768244e-01 2.3398308303e-02 1.0552139479e+02 9.7844164239e+01 9.3510864134e-01 1.1004565302e+01 5.1562004969e-03 5.2375437989e-03
6.2243650273e+01 6.1082600657e+01 5.3678013852e+01 9.8134669783e-01 1.5308876897e-01 7.5365638192e+02 5.0888505123e+00 9.2476667687e-01 9.9302638178e+00 9.5973508223e-03 1.7110813509e-02
4.7318445228e+01 4.5744780480e+01 4.0501171755e+01 9.6674310111e-01 1.9976065946e-02 8.9858912796e+01 2.9760195507e+02 8.3718933211e-01 8.1558711680e+00 2.6870227583e-03 2.7006926257e-03
5.6296178385e+01 4.1527327110e+01 4.1995145613e+01 7.3765801342e-01 3.3532483171e-02 1.5235651361e+02 2.9582376462e+01 -7.6428474748e-01 1.5212704604e+01 6.1920054766e-03 6.5386922453e-03
3.6783372127e+01 3.5790750104e+01 3.1586175667e+01 9.7301438215e-01 8.0875025936e-02 3.7994602828e+02 5.2490382111e+00 9.2916867200e-01 8.6245151642e+00 1.3759273776e-02 2.3572710128e-02
6.9791429281e+01 5.1821127859e+01 5.2238378518e+01 7.4251420831e-01 8.4156226500e-02 3.9624438509e+02 1.1805584836e+01 6.6154267766e-01 9.4827483676e+00 7.3996632403e-03 8.6415714912e-03
3.1988244989e+01 2.9209340161e+01 2.6604826977e+01 9.1312731198e-01 2.9926144111e-02 1.3561224377e+02 2.1658793306e+01 9.2225710837e-01 1.2467785136e+01 9.2779883058e-03 1.0016276006e-02
4.3036630802e+01 3.8021899872e+01 3.5201688988e+01 8.8347761346e-01 2.0430183569e-02 9.1932781268e+01 1.0536351004e+01 -1.5155725686e-01 1.2857378569e+01 1.0264083066e-02 1.2276603573e-02
6.1229067138e+01 5.2875540068e+01 4.9507026147e+01 8.6356925786e-01 5.7603797654e-02 2.6628703571e+02 1.0652767628e+01 -3.3247674657e-01 8.7342327558e+00 8.0770667554e-03 9.6366527442e-03
3.4184206837e+01 3.3206347990e+01 2.9329736891e+01 9.7139442634e-01 1.8780079006e-02 8.4403638128e+01 2.1555600264e+02 -9.8089835665e-01 1.0752475769e+01 3.7129390101e-03 3.7391109643e-03
3.3787652730e+01 2.7572875760e+01 2.6543991719e+01 8.1606366623e-01 7.0388951028e-02 3.2830922013e+02 4.7506159679e+00 -9.7615965995e-01 8.1231395922e+00 1.6021276466e-02 3.2003439945e-02
8.2465358037e+01 4.9588005988e+01 5.5314504000e+01 6.0131923475e-01 1.9876402767e-02 8.9403953732e+01 1.7836280294e+02 8.1506151279e-01 1.3414911494e+01 2.6795695323e-03 2.7024579718e-03
4.2756478038e+01 3.7239346933e+01 3.4720736093e+01 8.7096385488e-01 4.1308117105e-02 1.8874850931e+02 3.2859998801e+01 -9.6895685106e-01 1.1895485885e+01 6.6729105513e-03 7.0057480765e-03
7.9324495720e+01 6.7384518134e+01 6.3604685363e+01 8.4947931307e-01 1.2995473098e-01 6.3057394994e+02 2.4815275835e+01 9.4324723640e-01 8.4005333179e+00 4.8256656922e-03 5.1544648601e-03
4.7659143663e+01 4.5021729112e+01 4.0322088657e+01 9.4466089089e-01 1.0649580581e-01 5.0896692824e+02 3.2623422615e+00 9.4861303645e-01 9.3092070668e+00 1.3912788306e-02 1.0000000000e+00
2.3450013482e+01 2.0399103266e+01 1.9030944116e+01 8.6989729372e-01 2.0728215851e-02 9.3294583445e+01 7.7609794268e+01 -9.0694758082e-01 8.3178855942e+00 7.1280462616e-03 7.2709031158e-03
3.2849368667e+01 2.9811949418e+01 2.7236452232e+01 9.0753492770e-01 1.1857559296e-02 5.3015508143e+01 2.6154897676e+02 -6.3588026966e-01 9.8859202818e+00 3.6321992159e-03 3.6532518176e-03
3.3461731067e+01 2.3465267569e+01 2.4317598948e+01 7.0125683343e-01 3.5263868724e-02 1.6042566900e+02 1.9528231463e+01 -8.1892020500e-01 8.6766840189e+00 1.0169856085e-02 1.1082625334e-02
3.0425279216e+01 2.9953080764e+01 2.6280243177e+01 9.8448006184e-01 2.1067034857e-02 9.4843470311e+01 1.0337451065e+02 -8.8623212093e-01 1.0730999345e+01 5.2310445808e-03 5.3090320254e-03
4.9471300875e+01 4.0729241491e+01 3.9040373315e+01 8.2329028691e-01 3.8531496220e-02 1.7570791827e+02 1.6182951921e+01 -3.8215914107e-01 9.0340830857e+00 8.1015024517e-03 9.0116646674e-03
2.0032874789e+01 1.8807362062e+01 1.6896094240e+01 9.3882491954e-01 2.6379641532e-02 1.1922928189e+02 9.9270196338e+00 -9.1058141405e-01 8.9659047661e+00 1.6545492249e-02 2.0075812718e-02
6.1039152665e+01 2.9024285597e+01 3.6150334193e+01 4.7550276060e-01 1.3545217016e-02 6.0638124011e+01 1.1860393338e+01 4.0996266335e-01 2.5920857245e+01 9.6975366651e-03 1.1315063232e-02
4.6656763452e+01 4.4124702747e+01 3.9496480923e+01 9.4573003961e-01 6.9773593948e-02 3.2530039492e+02 1.2791126635e+01 -8.9240845961e-01 1.0092859367e+01 8.6233005118e-03 9.9253908885e-03
3.5486028753e+01 3.4503177160e+01 3.0460966549e+01 9.7230313935e-01 3.1939948545e-02 1.4495182598e+02 8.4197102891e+01 8.6757955387e-01 8.7964435828e+00 5.1175311731e-03 5.2117961715e-03
7.4840374082e+01 6.0022110559e+01 5.8276048479e+01 8.0200174431e-01 1.1277229485e-01 5.4118195057e+02 4.3621258827e+00 5.5092264598e-01 1.0246711545e+01 9.8763999814e-03 2.5113841865e-02
4.0164461661e+01 2.9547364987e+01 2.9919555132e+01 7.3565943039e-01 1.6389244971e-02 7.3526876438e+01 4.6755935766e+01 -1.7355471198e-02 8.1661391549e+00 6.5139956632e-03 6.7361630626e-03
3.1219711841e+01 1.1331425996e+01 1.5975182883e+01 3.6295741786e-01 1.0395219353e-02 4.6426047669e+01 1.3930691901e+02 8.0666397928e-01 1.0189108905e+01 6.4264374446e-03 6.4970325151e-03
3.0319059480e+01 1.6033617293e+01 1.9003490547e+01 5.2882963943e-01 1.5335930007e-02 6.8747083596e+01 3.9172479853e+01 9.8925854938e-01 1.4499102271e+01 9.2501949238e-03 9.6314719260e-03
2.3791053721e+01 1.7941929857e+01 1.7950386844e+01 7.5414607808e-01 1.4479373694e-02 6.4865625132e+01 8.1788192413e+01 -9.3145185473e-01 1.1176355828e+01 7.2771883923e-03 7.4153211897e-03
8.3917434944e+01 7.6219146312e+01 6.9606798288e+01 9.0826353741e-01 7.6707042705e-02 3.5933929812e+02 3.1748663996e+01 5.1048819033e-01 8.4256190345e+00 4.2860323059e-03 4.5080290539e-03
3.2247680699e+01 2.9990915460e+01 2.7069545683e+01 9.3001775043e-01 2.1297366496e-02 9.5896850685e+01 1.4655930928e+02 8.1466291966e-01 8.8894085495e+00 4.5044832629e-03 4.5514697715e-03
4.3431550081e+01 3.1639031848e+01 3.2190161289e+01 7.2848037402e-01 4.6522648624e-02 2.1337419021e+02 5.1018286452e+01 9.6853520011e-01 8.4751015126e+00 5.9136235850e-03 6.0974862364e-03
3.9795270490e+01 2.7523985473e+01 2.8714271809e+01 6.9163961280e-01 2.1940607402e-02 9.8840464357e+01 3.6334077062e+01 -8.9845236503e-01 1.5893504904e+01 7.3215119985e-03 7.6488457424e-03
3.9735557026e+01 3.6943905197e+01 3.3350123943e+01 9.2974423823e-01 4.3889132954e-02 2.0091536303e+02 5.6447300251e+00 -4.9005526264e-01 9.8867720758e+00 1.3226948397e-02 2.1003436941e-02
7.7106502721e+01 5.5788338364e+01 5.6948073206e+01 7.2352313223e-01 4.9877524853e-02 2.2931056022e+02 2.8262094971e+00 9.7509600943e-01 3.1142690997e+01 1.2227370316e-02 1.0000000000e+00
8.2811893205e+01 6.5857821833e+01 6.4205989577e+01 7.9527009085e-01 1.8412612475e-01 9.2356520134e+02 1.0888236261e+01 -9.5458717781e-01 8.3051847358e+00 6.3453155650e-03 7.5339336003e-03
5.7596882362e+01 4.0647114331e+01 4.1994847922e+01 7.0571726566e-01 2.4198418193e-02 1.0919444644e+02 6.7327498818e+01 2.9614019562e-01 8.8762442673e+00 4.5746828564e-03 4.6809720307e-03
2.9539320895e+01 2.1366038891e+01 2.1813332056e+01 7.2330839855e-01 4.2977124137e-02 1.9661123488e+02 1.2373299556e+01 9.6220346289e-01 8.0183136479e+00 1.2856290415e-02 1.4883720689e-02
7.3083069709e+01 5.8373915597e+01 5.6789053484e+01 7.9873376733e-01 5.7357122927e-02 2.6510059429e+02 5.1723507404e+00 8.0003615984e-03 1.0284556203e+01 9.7215116715e-03 1.6961732266e-02
5.5660148913e+01 2.8850841536e+01 3.4517479157e+01 5.1833928043e-01 3.9845125888e-02 1.8187121582e+02 5.3107767625e+01 -8.2208334568e-01 9.0510770715e+00 5.5989506979e-03 5.7658001965e-03
2.2894972468e+01 2.0482548285e+01 1.8846101358e+01 8.9463083273e-01 1.3741009059e-02 6.1523691348e+01 7.4200244283e+01 -6.4174693387e-01 9.2807266889e+00 7.3248866094e-03 7.4786967399e-03
6.7486446147e+01 5.2015336371e+01 5.1491305778e+01 7.7075234127e-01 7.9233084922e-02 3.7181527617e+02 1.7898637342e+01 9.3851763163e-01 1.1817728410e+01 6.4059350695e-03 7.0432878358e-03
3.6557280806e+01 3.6384028822e+01 3.1749441619e+01 9.9526080770e-01 6.1991984280e-02 2.8745784657e+02 8.5602715828e+00 -8.4682296874e-01 9.0323305131e+00 1.1543222919e-02 1.4618014763e-02
7.6754911518e+01 5.4266029842e+01 5.6016038477e+01 7.0700400494e-01 3.1103321243e-02 1.4106849504e+02 7.1686839198e+01 -5.8594279449e-01 1.2541009021e+01 3.7163948115e-03 3.7972793214e-03
2.8577234697e+01 2.7804897938e+01 2.4538985519e+01 9.7297370556e-01 1.4837629089e-02 6.6488450941e+01 2.1338654618e+01 -2.0623589243e-01 9.6796309646e+00 9.9043248499e-03 1.0706110972e-02
3.4741213051e+01 2.2692381553e+01 2.4333346130e+01 6.5318333931e-01 1.0226357199e-02 4.5666062677e+01 2.0889262214e+02 -3.6359845356e-01 8.2793508714e+00 4.2443554687e-03 4.2752404171e-03
3.1629504932e+01 2.3979819841e+01 2.3929491050e+01 7.5814717596e-01 1.1888397449e-02 5.3154622862e+01 3.5443631223e+02 7.4878102432e-01 8.6200626078e+00 3.5140069472e-03 3.5289949037e-03
8.6287734798e+01 7.0145628567e+01 6.7655628220e+01 8.1292699051e-01 7.6174432745e-02 3.5671384737e+02 1.7261262635e+01 -5.0280981581e-01 1.0371281051e+01 5.4846877424e-03 6.0545906895e-03
4.1791169235e+01 3.5882261930e+01 3.3691791346e+01 8.5860871058e-01 5.1235342074e-02 2.3578108549e+02 4.4368111821e+00 6.4635399635e-01 1.1053928027e+01 1.4322014304e-02 3.4162178132e-02
3.6475479033e+01 2.6337749178e+01 2.6911479485e+01 7.2206725934e-01 4.5545142582e-02 2.0874449759e+02 9.0099868146e+00 -9.1811484738e-01 1.0370878509e+01 1.2679407447e-02 1.5800899020e-02
2.3941692484e+01 2.0238705705e+01 1.9149464112e+01 8.4533312417e-01 2.1188340165e-02 9.5398194393e+01 4.7267502004e+01 -8.7956525919e-01 9.0602602359e+00 8.5491060315e-03 8.8373288153e-03
4.0837722827e+01 1.7906600745e+01 2.3155364355e+01 4.3848186199e-01 1.0370939148e-02 4.6316759795e+01 4.7596209179e+02 9.8569668512e-01 1.0374721675e+01 3.2145731686e-03 3.2247628584e-03
4.1699105725e+01 3.7151778057e+01 3.4253305962e+01 8.9094903622e-01 1.3875496229e-02 6.2132125613e+01 3.1089087673e+01 6.6641389397e-01 2.5056594920e+01 6.9865585168e-03 7.3568753966e-03
5.1879394704e+01 5.0161931812e+01 4.4408517286e+01 9.6689508614e-01 2.3747116533e-02 1.0712214149e+02 2.7863909479e+02 9.6106897829e-01 8.3797271313e+00 2.5941382725e-03 2.6082427294e-03
2.8930816335e+01 1.3849801824e+01 1.7196225728e+01 4.7872143197e-01 1.9049464982e-02 8.5631561432e+01 8.1038134247e+01 -9.4528953033e-01 8.2091156381e+00 7.4798769555e-03 7.6232178836e-03
3.2400349129e+01 3.2349528934e+01 2.8184010993e+01 9.9843149238e-01 3.1525944164e-02 1.4302958782e+02 6.1547852376e+01 9.4741803446e-01 9.8262575198e+00 6.0435073871e-03 6.1977346123e-03
5.7771181538e+01 5.3779056672e+01 4.8517739408e+01 9.3089764205e-01 4.5074970149e-02 2.0651985389e+02 5.3075430855e+01 5.9430030659e-01 8.8794163813e+00 4.5126397792e-03 4.6472035488e-03
4.4566015647e+01 1.5523183707e+01 2.2296232264e+01 3.4831885871e-01 3.2219275161e-02 1.4624938612e+02 6.2957175973e+00 8.7804765060e-01 1.1528514526e+01 1.6444725390e-02 2.4006241266e-02
5.8713771414e+01 3.4109149530e+01 3.8675458862e+01 5.8093950887e-01 9.0668766619e-02 4.2879049249e+02 1.1814047300e+01 9.2994733818e-01 8.1254079502e+00 8.8933627860e-03 1.0384533935e-02
3.6976108426e+01 2.4688125576e+01 2.6196237757e+01 6.6767776887e-01 1.8236536527e-02 8.1927518913e+01 1.6088569015e+00 7.1953400894e-01 1.3257730006e+01 2.5013355840e-02 1.0000000000e+00
6.8332926758e+01 5.7334300326e+01 5.4448048318e+01 8.3904353357e-01 7.0628588087e-02 3.2948158394e+02 1.5951184949e+01 6.5909066615e-01 1.0739950030e+01 6.4917257745e-03 7.2339984215e-03
3.6570031830e+01 1.4756530405e+01 1.9824275377e+01 4.0351428934e-01 1.6093977466e-02 7.2186246479e+01 2.1615991613e+01 -9.4295034740e-01 1.6030298027e+01 1.1253770581e-02 1.2151323498e-02
2.2837469223e+01 2.2449223655e+01 1.9711308709e+01 9.8299962379e-01 1.5009456689e-02 6.7267100715e+01 4.1114610589e+01 9.3320664856e-01 1.4486671618e+01 8.8803729932e-03 9.2278480532e-03
3.4606327243e+01 2.4697692690e+01 2.5378754754e+01 7.1367563847e-01 4.9749714127e-02 2.2870210330e+02 4.7646969302e+00 8.8510552945e-01 9.6044505746e+00 1.6660382429e-02 3.3085651562e-02
3.4122118966e+01 1.7913006224e+01 2.1304108291e+01 5.2496758016e-01 1.6861857371e-02 7.5673934025e+01 1.4366378714e+02 -8.2975119379e-01 8.9249052580e+00 5.2855133926e-03 5.3417798898e-03
2.7705271968e+01 1.9714262053e+01 2.0286835579e+01 7.1157078249e-01 2.4883086284e-02 1.1234090859e+02 9.1146609964e+00 -6.0512760421e-01 8.8600963357e+00 1.5252381191e-02 1.8942357368e-02
5.7232674334e+01 5.4984414181e+01 4.8833560017e+01 9.6071719208e-01 6.3630921479e-02 2.9539628402e+02 4.3221221229e+01 7.8051535841e-01 8.6005497323e+00 4.8011029377e-03 4.9791703881e-03
3.8820721255e+01 3.3556986450e+01 3.1404144472e+01 8.6440914453e-01 2.3417127056e-02 1.0560773701e+02 1.4877325451e+02 -6.9648802636e-01 8.0810113217e+00 4.0768444322e-03 4.1187253891e-03
4.4160028304e+01 4.4159100702e+01 3.8443133750e+01 9.9997899452e-01 9.1607177307e-02 4.3350166789e+02 2.6019172673e+00 -8.7420410351e-01 8.3323380617e+00 1.5735569251e-02 1.0000000000e+00
7.5937959634e+01 6.8700604201e+01 6.2862966014e+01 9.0469383866e-01 2.9853707182e-02 1.3527679422e+02 5.4176935498e+01 -6.7941487434e-01 1.8634810919e+01 3.8437826897e-03 3.9559444984e-03
7.5729112846e+01 7.1056562119e+01 6.3853322733e+01 9.3829914874e-01 2.4584648863e-02 1.1096902730e+02 1.5424380690e+02 -8.3926749662e-01 1.2934368852e+01 2.5793528145e-03 2.6048932741e-03
4.3232266656e+01 4.2855792142e+01 3.7471574063e+01 9.9129181641e-01 5.6764401289e-02 2.6225134466e+02 1.8750127960e+01 7.0683637180e-01 8.4382437803e+00 7.7802595380e-03 8.5127965202e-03
2.7712345702e+01 2.7211585388e+01 2.3905837178e+01 9.8193006396e-01 2.9845474055e-02 1.3523866947e+02 5.5998421574e+01 9.3297348956e-01 8.6173169315e+00 6.9471601348e-03 7.1429386337e-03
3.5252648918e+01 3.3230690685e+01 2.9793511189e+01 9.4264379287e-01 1.0993835765e-02 4.9121739729e+01 9.8939491795e+01 4.2791050743e-01 1.3847080813e+01 4.9472429968e-03 5.0244008699e-03
2.9448091414e+01 2.7833509031e+01 2.4921377294e+01 9.4517191759e-01 2.2936776122e-02 1.0340457657e+02 3.6114390222e+01 6.0881102390e-01 9.1839172733e+00 8.0126766132e-03 8.3732747639e-03
3.9313926170e+01 3.8227124690e+01 3.3747724420e+01 9.7235581419e-01 3.8395235518e-02 1.7506925295e+02 3.5654327706e+01 -7.9514196642e-01 1.0025349288e+01 6.5993195865e-03 6.9004727419e-03
8.3403477029e+01 5.8890448939e+01 6.0827524247e+01 7.0609105323e-01 5.6330971729e-02 2.6016924186e+02 1.1230438237e+02 9.6542241597e-01 8.2901002467e+00 2.9382204887e-03 2.9784539199e-03
4.0894397476e+01 3.7198813038e+01 3.3946349809e+01 9.0963103343e-01 2.5599284418e-02 1.1563559089e+02 1.0377542160e+01 -2.4046646515e-01 1.0727773142e+01 1.0526368235e-02 1.2634818177e-02
3.7492747691e+01 3.6868807430e+01 3.2366379565e+01 9.8335837462e-01 2.3221665135e-02 1.0471105369e+02 1.0903446575e+02 5.7411657086e-01 8.2975139129e+00 4.4956698656e-03 4.5591239565e-03
8.3186330448e+01 7.2710025474e+01 6.7673800305e+01 8.7406218165e-01 7.3923966414e-02 3.4563995362e+02 4.2196509703e+01 -5.7916064422e-01 8.1010283924e+00 3.9270888919e-03 4.0765291342e-03
4.5041653964e+01 2.3567274262e+01 2.8072305688e+01 5.2323287863e-01 1.0037504242e-02 4.4816333860e+01 3.5613118972e+01 9.2951098489e-01 3.4886764546e+01 7.5367177063e-03 7.8810802183e-03
3.3328378459e+01 3.2280203083e+01 2.8553420153e+01 9.6855006381e-01 1.7896677138e-02 8.0380283284e+01 1.3113540741e+02 7.4157462859e-01 1.0746545938e+01 4.5517102582e-03 4.6048941633e-03
2.8892827826e+01 1.3667034352e+01 1.7063910273e+01 4.7302515470e-01 1.4281721655e-02 6.3970668505e+01 9.2887708734e+01 -8.3711278980e-01 9.3086532151e+00 7.1620636357e-03 7.2812656721e-03
2.4146057604e+01 2.2887820139e+01 2.0463892297e+01 9.4789056313e-01 1.6792910169e-02 7.5360616924e+01 2.2296357511e+01 -3.7941980772e-01 8.1826527429e+00 1.0900465733e-02 1.1739403619e-02
5.4287427147e+01 4.5927497272e+01 4.3438692354e+01 8.4600615070e-01 8.0341180035e-02 3.7730063032e+02 1.6005277903e+01 -9.8561778777e-01 1.0264286372e+01 7.4246073277e-03 8.2700400973e-03
3.5767436068e+01 2.0791209176e+01 2.3567891751e+01 5.8128877721e-01 4.3139217688e-02 1.9737582400e+02 8.3988538110e+00 -8.1316164057e-01 8.2702303784e+00 1.4163606571e-02 1.8051115269e-02
5.1877538099e+01 2.0173340981e+01 2.7562998127e+01 3.8886465551e-01 4.8175192133e-02 2.2121505065e+02 7.6762581743e+00 7.2107615218e-01 8.4954108040e+00 1.3243855861e-02 1.7454936937e-02
5.8861993020e+01 5.6230420035e+01 5.0081166407e+01 9.5529249264e-01 1.1944110480e-01 5.7566881789e+02 1.0353313069e+01 8.8920818518e-01 8.6650418403e+00 7.8224660136e-03 9.3944929271e-03
3.6104293764e+01 2.3354591549e+01 2.5160271642e+01 6.4686465555e-01 1.1180738278e-02 4.9963893479e+01 4.9586123515e+01 -7.0462184544e-01 1.9535597339e+01 7.1235358227e-03 7.3517955874e-03
6.4217713086e+01 4.9631714601e+01 4.9066185703e+01 7.7286642915e-01 1.2614356057e-01 6.1059564665e+02 3.0782842626e+00 8.1830781959e-01 9.1164418745e+00 1.2439987307e-02 1.0000000000e+00
4.3068455040e+01 3.0322201748e+01 3.1363452266e+01 7.0404665594e-01 1.8338310055e-02 8.2391000488e+01 1.8494653520e+02 9.2756153298e-01 1.1926571157e+01 3.7720805114e-03 3.8031366195e-03
3.5565079867e+01 1.4025092191e+01 1.9040510350e+01 3.9435008281e-01 2.8221923636e-02 1.2772929529e+02 7.7441905856e+00 8.7851672569e-01 1.0058537047e+01 1.6834542876e-02 2.2108440554e-02
3.5828947491e+01 3.1291790666e+01 2.9135826031e+01 8.7336617058e-01 2.5191863820e-02 1.1376094272e+02 1.3263356037e+02 -8.2363113329e-01 8.5124956480e+00 4.4555918791e-03 4.5070521194e-03
7.8414913702e+01 7.3792376197e+01 6.6215400142e+01 9.4105027620e-01 4.4978797835e-02 2.0606498611e+02 7.0076198529e+01 9.6093750736e-01 1.5098912670e+01 3.3480369195e-03 3.4226484616e-03
4.3481840178e+01 2.5889999773e+01 2.9015317991e+01 5.9542097730e-01 4.2945851996e-02 1.9646374499e+02 1.1683987677e+01 9.7585933182e-01 1.2088133803e+01 1.0990524009e-02 1.2860861485e-02
4.5723816689e+01 3.9281624730e+01 3.6873113059e+01 8.5910642581e-01 1.7774737496e-02 7.9825331636e+01 1.6323051072e+02 6.5343464659e-01 1.0979664900e+01 3.5739158350e-03 3.6073224534e-03
7.2516861320e+01 2.6601815659e+01 3.7323216815e+01 3.6683628021e-01 1.0929790199e-01 5.2331987328e+02 5.2036135393e+00 9.1291987503e-01 8.1040461313e+00 1.2236700141e-02 2.1188297239e-02
7.8634613358e+01 6.1431204495e+01 6.0413672863e+01 7.8122345709e-01 1.0196299798e-01 4.8584916495e+02 1.0725503728e+01 7.6931238889e-01 1.1046233227e+01 6.9334629475e-03 8.2596192765e-03
3.4815558950e+01 3.3910798547e+01 2.9911773801e+01 9.7401275665e-01 1.4596170472e-02 6.5394596940e+01 1.4491776328e+02 -7.7202196701e-01 1.3667975694e+01 4.2674212740e-03 4.3124490130e-03
4.2937382039e+01 3.1517868751e+01 3.1948934297e+01 7.3404262800e-01 1.0506092912e-02 4.6925152132e+01 4.7102475591e+02 -9.9569026412e-01 1.1660641301e+01 2.6388048440e-03 2.6472576334e-03
3.0751110465e+01 2.9732108464e+01 2.6322366263e+01 9.6686292021e-01 1.9648432188e-02 8.8363524299e+01 8.5168262961e+00 9.3499787525e-01 2.3686307158e+01 1.3337731089e-02 1.6918957804e-02
4.1338384750e+01 1.9062302705e+01 2.4082908885e+01 4.6112838759e-01 1.2757435263e-02 5.7077584972e+01 3.6010996452e+02 -7.8766335898e-01 8.3510702190e+00 3.4773513728e-03 3.4919475063e-03
3.1066822510e+01 2.1634449819e+01 2.2495797544e+01 6.9638437636e-01 3.3391685976e-02 1.5170118912e+02 5.2826649004e+00 -9.4620731700e-01 1.2400111440e+01 1.7453071617e-02 2.9675586793e-02
2.5148207027e+01 1.7874706117e+01 1.8403804005e+01 7.1077457321e-01 1.9396081298e-02 8.7212229668e+01 1.0344575264e+02 9.6772524011e-01 8.3879248879e+00 6.5406648276e-03 6.6381078450e-03
3.5602175393e+01 3.1245045801e+01 2.9022709104e+01 8.7761619778e-01 1.6866011809e-02 7.5692814072e+01 7.1150051208e+01 8.2513599448e-01 1.5863678876e+01 5.6702732285e-03 5.7946513702e-03
7.0116502119e+01 6.9473754219e+01 6.0759415207e+01 9.9083314370e-01 1.6574831568e-01 8.2230738827e+02 2.2421874838e+00 -8.8280539630e-01 9.2712583022e+00 1.1995884700e-02 1.0000000000e+00
3.5140001733e+01 3.3261271841e+01 2.9759905004e+01 9.4653586227e-01 4.1481610051e-02 1.8956499557e+02 3.5172992881e+01 -8.8627704678e-01 8.8315073088e+00 7.1620983419e-03 7.4937955263e-03
4.1028499303e+01 3.8399882487e+01 3.4550487019e+01 9.3593192876e-01 3.7268452319e-02 1.6979256708e+02 4.3776201510e+00 -8.7082956515e-01 2.0176235005e+01 1.4288631157e-02 3.5814526856e-02
2.0603372258e+01 2.0446872040e+01 1.7868000826e+01 9.9240414551e-01 1.3071338168e-02 5.8495833877e+01 2.7597106388e+02 -9.0535401084e-01 8.1448082279e+00 4.6293969093e-03 4.6548129646e-03
2.9329190465e+01 2.9046110424e+01 2.5408967021e+01 9.9034818091e-01 2.1410794055e-02 9.6415720822e+01 1.3848179447e+02 9.3317750602e-01 9.6229449835e+00 4.7866462100e-03 4.8395476949e-03
6.0614851853e+01 4.0306956920e+01 4.2852723673e+01 6.6496833182e-01 4.8161904001e-02 2.2115193188e+02 1.5449194536e+01 8.2896403277e-01 1.4208309178e+01 7.7326223685e-03 8.6521868872e-03
4.1998834138e+01 2.2778425516e+01 2.6679153607e+01 5.4235851979e-01 2.5496100478e-02 1.1516071090e+02 4.3620649446e+01 -8.0346740301e-01 1.0741075262e+01 7.1424121484e-03 7.4047237144e-03
3.1395351311e+01 3.1037696336e+01 2.7175027302e+01 9.8860802764e-01 1.1630070698e-02 5.1989476281e+01 5.7173573596e+01 6.1416106620e-01 1.7791587671e+01 6.4339497773e-03 6.6113473539e-03
5.9750041570e+01 3.9236728880e+01 4.1966540736e+01 6.5668119802e-01 5.2641641790e-02 2.4249513772e+02 1.6502683837e+01 -9.7613510710e-01 1.4538075371e+01 7.6225091015e-03 8.4587209987e-03
3.5988038149e+01 1.1904774726e+01 1.7501430322e+01 3.3079810232e-01 1.0183198232e-02 4.5471851193e+01 1.1504266666e+02 -4.9196345053e-01 8.4117471750e+00 6.5227027563e-03 6.6098405700e-03
3.7393203731e+01 3.4637161971e+01 3.1325489186e+01 9.2629565041e-01 1.4463966444e-02 6.4795852623e+01 5.2973428649e+01 3.3016226153e-01 1.2134798719e+01 6.0473472488e-03 6.2280414897e-03
4.0375176476e+01 3.3647311068e+01 3.2060193777e+01 8.3336629098e-01 6.3263742892e-02 2.9361631926e+02 6.9251659056e+00 -8.4844356090e-01 9.5108457961e+00 1.2413091518e-02 1.7148843504e-02
3.0827803375e+01 2.3665727021e+01 2.3472993022e+01 7.6767477506e-01 1.8618429182e-02 8.3667033186e+01 7.2216638093e+01 -9.5052414424e-01 1.2741185048e+01 6.4316035847e-03 6.5705144768e-03
3.3299832419e+01 2.2496421642e+01 2.3736259760e+01 6.7557161726e-01 1.4126746067e-02 6.3269131304e+01 1.7781911117e+02 9.0631256739e-01 1.1971691327e+01 4.5681305102e-03 4.6072719145e-03
3.0592578447e+01 2.3731291699e+01 2.3418783705e+01 7.7572054741e-01 1.6480693540e-02 7.3942206875e+01 3.8815339832e+01 -7.6426416770e-01 1.3884691627e+01 8.1401011604e-03 8.4789502073e-03
3.3903766092e+01 2.3029347388e+01 2.4235096734e+01 6.7925631994e-01 1.8541440367e-02 8.3316272248e+01 1.5841277304e+02 -8.2781786174e-01 8.9759064955e+00 4.6960721014e-03 4.7413265932e-03
8.3905140085e+01 6.6918807391e+01 6.5149036151e+01 7.9755313349e-01 1.8268358673e-02 8.2072431085e+01 1.8171487959e+02 -9.4941568676e-01 1.6528454391e+01 2.4046003536e-03 2.4247553083e-03
3.9041555945e+01 1.6297793378e+01 2.1556921755e+01 4.1744733231e-01 1.4550867668e-02 6.5189410006e+01 1.0421445829e+02 -9.2123248041e-01 1.2803435584e+01 5.9263172247e-03 6.0139386276e-03
4.0543548965e+01 3.0885333006e+01 3.0748905344e+01 7.6178168402e-01 3.7542505617e-02 1.7107518657e+02 2.4170298927e+00 5.4976350551e-01 8.9389327516e+00 1.9199625675e-02 1.0000000000e+00
2.9877402107e+01 2.9004689299e+01 2.5626540655e+01 9.7079020443e-01 1.1117009311e-02 4.9676714254e+01 5.3436592698e+02 9.1572362541e-01 8.6589063412e+00 2.8876801215e-03 2.8958279920e-03
3.3904643957e+01 2.1669466488e+01 2.3479559250e+01 6.3912974624e-01 3.1158709350e-02 1.4132544506e+02 5.0687837715e+01 -9.6122591115e-01 8.5455091609e+00 7.2873926796e-03 7.5155310552e-03
3.7198774344e+01 3.1617659322e+01 2.9835723613e+01 8.4996508298e-01 1.0032179177e-02 4.4792377634e+01 1.5300834774e+02 -6.7329017228e-01 1.7262064767e+01 4.1998396065e-03 4.2417679098e-03
7.0438730766e+01 5.9652463840e+01 5.6391593173e+01 8.4687022596e-01 1.3685679005e-01 6.6697125747e+02 9.3641752782e+00 -8.4878813283e-01 8.7547234765e+00 7.4695526002e-03 9.2051751229e-03
3.4572393688e+01 3.1960249651e+01 2.8933222849e+01 9.2444422389e-01 4.5627874425e-02 2.0913609527e+02 9.6078193643e+00 -8.3937510695e-01 1.0335077855e+01 1.1829127268e-02 1.4475689511e-02
4.4237716754e+01 4.1912005877e+01 3.7482445073e+01 9.4742696848e-01 1.9816753962e-02 8.9131690569e+01 8.5857545533e+01 -2.6536167193e-01 8.4366486696e+00 4.4955727738e-03 4.5767262739e-03
4.2238845202e+01 2.5494266881e+01 2.8387851999e+01 6.0357395564e-01 2.5142030789e-02 1.1353172336e+02 5.5922552234e+01 5.8206472354e-01 8.4389151054e+00 6.2607702428e-03 6.4374574778e-03
2.8605981400e+01 2.6156721640e+01 2.3808230705e+01 9.1437945354e-01 3.1359809371e-02 1.4225853423e+02 8.9667977040e+00 5.2597097225e-01 8.0341273735e+00 1.3830755371e-02 1.7260613879e-02
3.5510873172e+01 2.5918475765e+01 2.6345552021e+01 7.2987435819e-01 1.2355472576e-02 5.5262437294e+01 2.6626535124e+00 -2.9029879462e-01 1.5468687749e+01 2.0708685660e-02 1.0000000000e+00
3.7981553532e+01 1.2444967360e+01 1.8374185250e+01 3.2765819726e-01 1.1514012690e-02 5.1466158844e+01 3.7042787632e+02 -8.6860766296e-01 8.0424994663e+00 4.0777385176e-03 4.0943744370e-03
3.4555583503e+01 2.5589321508e+01 2.5828931015e+01 7.4052639005e-01 1.1196346627e-02 5.0034232903e+01 4.2973933877e+02 -9.9723438358e-01 1.1043782138e+01 3.1180288098e-03 3.1289824148e-03
2.9105570755e+01 2.7698137477e+01 2.4716141585e+01 9.5164385230e-01 4.2358673457e-02 1.9369559237e+02 5.3299129893e+00 -6.7304618852e-01 8.3956627081e+00 1.6312744591e-02 2.7454489380e-02
7.0876051277e+01 6.1630190188e+01 5.7508037318e+01 8.6954886845e-01 1.0276473738e-01 4.8992907032e+02 1.2044023329e+01 -8.8847495718e-01 1.1322892236e+01 6.8430428941e-03 7.9613389147e-03
8.0060884992e+01 3.9055493095e+01 4.8069235067e+01 4.8782240039e-01 1.4609053162e-01 7.1609713023e+02 5.6194563836e+00 -9.3889834265e-01 8.7462577312e+00 9.9450402198e-03 1.5857270594e-02
5.8501178190e+01 4.4349677093e+01 4.4257967279e+01 7.5809887024e-01 5.2533336386e-02 2.4197760745e+02 1.0688905107e+01 6.0104009800e-01 1.1603899772e+01 8.6781810786e-03 1.0345953637e-02
3.9338782986e+01 2.5851907410e+01 2.7640824346e+01 6.5716083334e-01 1.0931335022e-02 4.8840173457e+01 1.5134695840e+02 -6.7896482809e-01 1.4907287718e+01 4.4208950050e-03 4.4655236771e-03
3.6712429594e+01 3.4990488810e+01 3.1199706979e+01 9.5309651790e-01 3.3866643057e-02 1.5391234288e+02 4.4211074301e+01 7.3945349147e-01 9.1009762357e+00 6.4115375975e-03 6.6436495473e-03
6.7998342827e+01 6.0056519591e+01 5.5610382035e+01 8.8320563552e-01 1.3535723352e-01 6.5903987125e+02 8.2651678252e+00 9.3215062987e-01 9.8838553858e+00 7.9026201624e-03 1.0127784229e-02
6.7421246343e+01 6.7367786519e+01 5.8670328705e+01 9.9920707748e-01 1.2263856246e-01 5.9229779862e+02 1.4372635325e+01 8.6584681624e-01 9.0475520457e+00 6.2543623995e-03 7.0680689672e-03
5.3485627939e+01 5.2851827459e+01 4.6285079257e+01 9.8815007874e-01 9.7197224320e-02 4.6167752686e+02 1.1686835686e+01 8.3082331375e-01 8.6331360216e+00 7.9516237326e-03 9.3043668195e-03
2.7352555376e+01 2.6422223074e+01 2.3402628067e+01 9.6598737158e-01 3.0474484408e-02 1.3815268336e+02 3.4744523695e+00 9.3357203593e-01 1.2886949215e+01 1.9959501317e-02 1.0000000000e+00
7.7459653819e+01 4.9705057381e+01 5.3754194311e+01 6.4168964010e-01 5.6788185798e-02 2.6236563507e+02 1.7623054426e+01 4.3195445370e-01 9.5460808148e+00 6.3553592953e-03 6.9995096582e-03
3.1547188103e+01 2.8134530509e+01 2.5926979986e+01 8.9182371553e-01 1.7986614130e-02 8.0789653293e+01 3.0807021973e+02 9.4720611971e-01 8.1037285160e+00 3.5094846625e-03 3.5267265325e-03
4.8524165395e+01 4.4941282714e+01 4.0647318869e+01 9.2616292002e-01 3.7397618053e-02 1.7039702523e+02 3.5306345974e+01 -9.6351027853e-01 1.5408246638e+01 5.9001796308e-03 6.1723121450e-03
3.6313343871e+01 3.4283274633e+01 3.0713714581e+01 9.4409577798e-01 1.8244151754e-02 8.1962196633e+01 5.4440391930e+01 4.2567593424e-01 1.0531911393e+01 6.0458881585e-03 6.2214076017e-03
3.3386972995e+01 3.2779647567e+01 2.8799238518e+01 9.8180950911e-01 3.5688767808e-02 1.6240891812e+02 4.6487843052e+01 -8.7435151104e-01 8.9789876195e+00 6.6074981476e-03 6.8342374994e-03
5.2876794692e+01 4.3263045158e+01 4.1595719863e+01 8.1818584901e-01 7.5207275011e-02 3.5195086388e+02 1.6896353441e+01 7.8302393711e-01 8.2269002058e+00 7.4973942549e-03 8.2967426840e-03
1.9970614095e+01 1.5219499706e+01 1.5149243403e+01 7.6209472744e-01 1.6166694047e-02 7.2516354117e+01 1.5813905515e+01 9.9840936262e-01 1.2529529473e+01 1.4968684278e-02 1.6698434051e-02
4.0309161953e+01 3.4492348268e+01 3.2440971072e+01 8.5569499830e-01 2.7550838819e-02 1.2463041646e+02 3.9433405180e+01 6.0533236761e-01 1.0313770924e+01 6.5563315907e-03 6.8246468271e-03
3.0792210694e+01 2.8280335207e+01 2.5684913996e+01 9.1842497078e-01 2.5884060970e-02 1.1694657383e+02 6.4422395967e+01 -9.8087553716e-01 1.0916691181e+01 6.3175206015e-03 6.4712215053e-03
3.0783058011e+01 2.1604094906e+01 2.2380188650e+01 7.0181769786e-01 2.6897041680e-02 1.2161422556e+02 7.6824773842e+00 -6.0879018788e-01 9.8050862702e+00 1.5275259802e-02 2.0125610173e-02
8.1358658147e+01 5.5246291474e+01 5.8147474568e+01 6.7904624698e-01 1.5912719766e-02 7.1363554291e+01 3.1227931287e+02 8.4553300142e-01 9.1256515944e+00 2.1103282017e-03 2.1205551170e-03
4.5252288447e+01 3.3850433773e+01 3.4000443745e+01 7.4803805364e-01 2.4170285441e-02 1.0906522591e+02 5.9769293743e+01 -4.5230255892e-01 8.9994648537e+00 5.4585962645e-03 5.6022449132e-03
6.0706166154e+01 2.2488481334e+01 3.1412079177e+01 3.7044805757e-01 3.4720669236e-02 1.5789196413e+02 4.4586695678e+01 7.7796475563e-01 9.3292221030e+00 6.3609045693e-03 6.5891133308e-03
2.9322241737e+01 2.0273087326e+01 2.1153492523e+01 6.9138940699e-01 2.6874653821e-02 1.2151099265e+02 2.0345967774e+01 -9.0119437776e-01 1.0214628402e+01 1.0981942452e-02 1.1921463030e-02
4.1110529008e+01 3.9928787830e+01 3.5269910734e+01 9.7125453731e-01 3.2782687727e-02 1.4886817348e+02 1.0432646271e+01 -8.5143735554e-01 1.8421000230e+01 1.0212674575e-02 1.2243097215e-02
4.1282064336e+01 1.9225433373e+01 2.4178017533e+01 4.6570910837e-01 1.3201158820e-02 5.9082571481e+01 1.6212197096e+02 8.3900666441e-01 1.2598917818e+01 4.6776994168e-03 4.7217276368e-03
5.5757969580e+01 4.9465524367e+01 4.5702840926e+01 8.8714716012e-01 4.4889059530e-02 2.0564060336e+02 4.6753398130e+01 9.8356288192e-01 1.3610350012e+01 4.9131207507e-03 5.0806981237e-03
6.4895995146e+01 5.5332026750e+01 5.2133339393e+01 8.5262621562e-01 4.1168833541e-02 1.8809315956e+02 1.2187153192e+02 -8.2465406438e-01 8.6081087078e+00 3.1663538843e-03 3.2062283884e-03
2.9381102000e+01 2.1391159514e+01 2.1769885389e+01 7.2805844772e-01 2.7101882354e-02 1.2255892239e+02 1.2542570880e+01 -9.7347200441e-01 1.2670136232e+01 1.2930259447e-02 1.4933323697e-02
8.1562632516e+01 8.0390813508e+01 7.0492117459e+01 9.8563289375e-01 8.5569882607e-02 4.0328683413e+02 2.9563977874e+01 -5.9287657835e-01 8.7663151807e+00 4.3452093301e-03 4.5886625063e-03
8.3332541942e+01 7.7123916905e+01 6.9779970881e+01 9.2549579201e-01 5.9063847535e-02 2.7331744150e+02 1.8818559138e+01 -7.5015643574e-01 1.7998615169e+01 5.2606907868e-03 5.7538749890e-03
2.2419184426e+01 1.7070252359e+01 1.6998854741e+01 7.6141272738e-01 2.5204505794e-02 1.1381909522e+02 7.4967874461e+00 -7.2357373156e-01 8.0264591220e+00 1.8326253439e-02 2.4393601483e-02
8.2709431466e+01 2.5234610416e+01 3.8467259632e+01 3.0509955114e-01 1.4353530285e-02 6.4295783433e+01 2.0563393199e+02 -4.4462422231e-01 9.3307383822e+00 3.1985992380e-03 3.2222483850e-03
7.7967822168e+01 7.5720817003e+01 6.6888285447e+01 9.7118035232e-01 1.6915365116e-01 8.4092820008e+02 3.8458409609e+00 -8.7213338957e-01 1.2589098384e+01 9.2105478682e-03 1.0000000000e+00
2.5279534453e+01 2.3548747272e+01 2.1237717519e+01 9.3153405636e-01 2.2108592699e-02 9.9609655087e+01 1.7058220223e+01 -6.1665051026e-01 9.3917053366e+00 1.1737282284e-02 1.2974367575e-02
3.7295761488e+01 3.4776541207e+01 3.1348288810e+01 9.3245290671e-01 1.1048262081e-02 4.9366952040e+01 3.6431381348e+02 7.0415922571e-01 1.0029972585e+01 2.9393499821e-03 2.9515444092e-03
6.0537795399e+01 5.5214150866e+01 5.0319989160e+01 9.1206081263e-01 8.4432440648e-02 3.9761943735e+02 5.3422400423e+00 -9.4848911054e-01 1.5996221249e+01 1.0196123067e-02 1.7115714026e-02
3.4189176247e+01 2.5702698668e+01 2.5754127136e+01 7.5177882270e-01 1.0260354606e-02 4.5819056787e+01 1.5549159409e+02 4.4468295572e-01 1.0952451835e+01 4.5759424986e-03 4.6208827737e-03
3.4496945079e+01 1.6291187862e+01 2.0355772285e+01 4.7225016083e-01 1.2698934887e-02 5.6813346716e+01 9.4493001630e+01 5.2092373733e-01 8.8821841972e+00 6.3795627786e-03 6.4838828521e-03
3.1016293459e+01 2.9274732811e+01 2.6230052929e+01 9.4385013638e-01 1.7000553849e-02 7.6304309260e+01 1.5419895128e+02 -6.6607257249e-01 8.9085696037e+00 4.5192356507e-03 4.5639978655e-03
4.8341299125e+01 3.0373509950e+01 3.3180023572e+01 6.2831389515e-01 5.5378412042e-02 2.5559756720e+02 4.2517454820e+00 4.6519769319e-01 8.0013091671e+00 1.4656489478e-02 4.2304060122e-02
7.0298308825e+01 6.3543760385e+01 5.8169073299e+01 9.0391591842e-01 5.6650516014e-02 2.6170414797e+02 1.2459454549e+01 7.7189453656e-01 1.7765398791e+01 6.8899950537e-03 7.9666852801e-03
3.7797895729e+01 2.9757902725e+01 2.9154757884e+01 7.8728993110e-01 3.5909954251e-02 1.6344179016e+02 3.5908581974e+01 8.3175861517e-01 9.3026689636e+00 7.2227360453e-03 7.5498057092e-03
4.5722611105e+01 3.9430051492e+01 3.6943273440e+01 8.6237532240e-01 2.0963224511e-02 9.4368827636e+01 3.5951270027e+01 2.7855870756e-01 1.0789602674e+01 6.2832882435e-03 6.5674500003e-03
2.5450155471e+01 1.3365471210e+01 1.5892913081e+01 5.2516265472e-01 1.4129199498e-02 6.3280236142e+01 4.1778730837e+00 -7.7183743872e-01 1.2579245052e+01 2.3960839480e-02 7.8265237581e-02
3.9163874325e+01 3.1505681177e+01 3.0543460591e+01 8.0445772335e-01 6.5152339751e-02 3.0278073298e+02 5.5197939451e+00 -9.2404411711e-01 9.9255351785e+00 1.3915327723e-02 2.2570711384e-02
4.3190544910e+01 3.7131429752e+01 3.4842662799e+01 8.5971200014e-01 3.3940854035e-02 1.5425796426e+02 2.1248982611e+01 -3.7680394677e-01 8.1709160077e+00 7.8757068773e-03 8.5163801734e-03
4.1484485243e+01 4.0552082885e+01 3.5705722555e+01 9.7752407069e-01 2.9035121481e-02 1.3148839151e+02 2.4377495245e+01 -8.4727926057e-01 1.6684805235e+01 7.3887304459e-03 7.9024030781e-03
3.0861810114e+01 2.9150037681e+01 2.6108920110e+01 9.4453428277e-01 2.2421375434e-02 1.0104236048e+02 3.4632572272e+01 5.1002690210e-01 8.9030416119e+00 7.9086470360e-03 8.2811409039e-03
2.8606321046e+01 2.5679330581e+01 2.3587961642e+01 8.9768029030e-01 1.4344322878e-02 6.4254094791e+01 1.0903834562e+01 2.0588542471e-01 1.1129708833e+01 1.3062645414e-02 1.5504739262e-02
7.9955961256e+01 5.7327736546e+01 5.8776753257e+01 7.1699139933e-01 8.8675935387e-02 4.1880366973e+02 4.5955307194e+01 9.6410398719e-01 8.8354422526e+00 4.1184114302e-03 4.2614806289e-03
3.7579753806e+01 3.4694792188e+01 3.1429238473e+01 9.2323096012e-01 1.2910947641e-02 5.7771088714e+01 2.8643478321e+00 5.5003536765e-01 2.8729367070e+01 1.8039329141e-02 1.0000000000e+00
4.3833357187e+01 3.5646748906e+01 3.4375031850e+01 8.1323337279e-01 4.6680387807e-02 2.1412185774e+02 4.2614749301e+01 -9.0002901873e-01 8.9859240321e+00 6.0715561938e-03 6.3001739149e-03
6.4873173888e+01 5.8563068436e+01 5.3644455735e+01 9.0273166744e-01 2.0091164928e-02 9.0384418041e+01 3.3267321177e+01 -2.6700500842e-01 1.7506851594e+01 5.1263902360e-03 5.3786679547e-03
3.6770970982e+01 2.4980453955e+01 2.6286566186e+01 6.7935257863e-01 1.7090934101e-02 7.6715156469e+01 4.0607846854e+01 4.9074099278e-01 1.0990658312e+01 7.4431793073e-03 7.7383237877e-03
7.1361166772e+01 7.0089794225e+01 6.1567122453e+01 9.8218397197e-01 1.2196281736e-01 5.8877841328e+02 1.9473764257e+01 -9.0132196085e-01 9.0205067393e+00 5.4174816914e-03 5.9053096731e-03
6.8739762523e+01 4.1705800507e+01 4.6324745139e+01 6.0672017150e-01 3.0364410440e-02 1.3764255617e+02 9.7322796474e+01 -4.9927377504e-01 8.4115329122e+00 3.7332566351e-03 3.7924765916e-03
8.4818921840e+01 6.4688160287e+01 6.4366245234e+01 7.6266190237e-01 6.9507513144e-02 3.2400011455e+02 2.2629679947e+01 -4.2122473245e-01 8.7606501997e+00 5.1317451319e-03 5.5200429986e-03
4.6068576323e+01 4.4219071688e+01 3.9290085997e+01 9.5985322789e-01 3.1005028318e-02 1.4061255567e+02 1.0769842139e+02 -8.7815697972e-01 1.0641779050e+01 3.9822396269e-03 4.0391626039e-03
5.1171824238e+01 4.8632009264e+01 4.3425259560e+01 9.5036692531e-01 1.6917256259e-02 7.5925706459e+01 1.3358664320e+02 2.1874304195e-01 8.5432950405e+00 3.4803031865e-03 3.5202063982e-03
7.2448823046e+01 6.1237138604e+01 5.7944280366e+01 8.4524683810e-01 1.2973316881e-01 6.2941017779e+02 2.0713563240e+01 9.6240127911e-01 8.2723695020e+00 5.4743637879e-03 5.9330542078e-03
3.5262157052e+01 1.3062897013e+01 1.8246289334e+01 3.7045087723e-01 1.5193774253e-02 6.8102569359e+01 5.5964918629e+01 8.0891170893e-01 1.0521852168e+01 8.3008984303e-03 8.5349741338e-03
7.1649529864e+01 7.0313626663e+01 6.1789769741e+01 9.8135503187e-01 5.8233710969e-02 2.6931851631e+02 1.5858300009e+01 6.4762910935e-01 1.4909570059e+01 6.0553346731e-03 6.7526769701e-03
6.2733695289e+01 5.7335653242e+01 5.2199813359e+01 9.1395306745e-01 7.6512541290e-02 3.5838031642e+02 1.5282061684e+01 9.2971833601e-01 1.2932355693e+01 6.7499022718e-03 7.5634517267e-03
2.9351801576e+01 1.0198586327e+01 1.4664751027e+01 3.4746031859e-01 1.8818594803e-02 8.4579172371e+01 2.9165903643e+01 -9.4886254404e-01 8.6628969511e+00 1.2123003518e-02 1.2812498319e-02
3.2312603382e+01 2.5030524929e+01 2.4717746171e+01 7.7463659096e-01 1.4701969100e-02 6.5873837042e+01 1.9516391419e+02 8.2756819521e-01 1.0578368181e+01 4.2996075426e-03 4.3331270008e-03
3.8960510208e+01 3.0412155740e+01 2.9920264465e+01 7.8058925763e-01 2.3040900006e-02 1.0388201755e+02 2.4514783746e+01 9.6031358519e-01 1.8884169797e+01 8.2646354675e-03 8.8355608849e-03
7.8965717817e+01 5.9546295522e+01 5.9576983906e+01 7.5407780956e-01 1.4666271161e-01 7.1915745927e+02 1.4596034519e+01 9.9871385026e-01 8.8883854231e+00 6.0780082522e-03 6.8536292028e-03
4.0812301032e+01 3.9490442923e+01 3.4948116487e+01 9.6761128200e-01 5.4391574644e-02 2.5086750185e+02 3.1520274591e+00 -9.6582863824e-01 1.4055432157e+01 1.5883032789e-02 1.0000000000e+00
4.1302929878e+01 2.6674420272e+01 2.8758926008e+01 6.4582392462e-01 1.9387140857e-02 8.7171448678e+01 1.2093654807e+01 1.1211457030e-02 9.3849193039e+00 1.1066665188e-02 1.2865349977e-02
3.9620470914e+01 3.3992237488e+01 3.1929276066e+01 8.5794632685e-01 6.6778189453e-02 3.1068823719e+02 3.8964821509e+00 -6.9056068187e-01 8.1556980358e+00 1.5408273689e-02 1.0000000000e+00
3.3930546658e+01 2.0439570146e+01 2.2780618739e+01 6.0239436611e-01 1.8866161069e-02 8.4795967421e+01 1.1568032872e+02 -8.8882845869e-01 9.8556623476e+00 5.4909408620e-03 5.5638809361e-03
4.1484519268e+01 2.9370066547e+01 3.0297095973e+01 7.0797654318e-01 2.5557829928e-02 1.1544479782e+02 5.7321767678e+01 -9.7113288453e-01 1.3781977241e+01 5.9542241403e-03 6.1179485131e-03
6.5483618356e+01 4.9971418982e+01 4.9708428464e+01 7.6311328294e-01 8.1376029427e-02 3.8243029033e+02 2.7136271487e+01 -7.8499488697e-01 8.1937903375e+00 5.5954522629e-03 5.9402742562e-03
5.2717183151e+01 5.1113225662e+01 4.5188339056e+01 9.6957429452e-01 4.0528604516e-02 1.8508240960e+02 3.4519092854e+01 5.0404228751e-01 9.5678701960e+00 5.5586998748e-03 5.8214494928e-03
4.1030478840e+01 4.0707403071e+01 3.5578146065e+01 9.9212595665e-01 4.7836343364e-02 2.1960587097e+02 7.7279457783e+00 5.0078105057e-01 9.2395752165e+00 1.1264806500e-02 1.4806304130e-02
4.6238912428e+01 4.1214386843e+01 3.7990816941e+01 8.9133555871e-01 1.9210183084e-02 8.6364381831e+01 5.5602944824e+01 -3.0108657857e-01 1.0848407810e+01 5.2486193703e-03 5.3976387998e-03
7.8255268763e+01 7.4175193261e+01 6.6320686207e+01 9.4786197061e-01 3.7777341284e-02 1.7217465036e+02 1.5908056873e+02 9.2206472218e-01 8.8122052759e+00 2.4701229478e-03 2.4938250130e-03
7.1398873842e+01 5.1096087388e+01 5.2435300316e+01 7.1564276351e-01 8.7165026011e-02 4.1124822506e+02 3.1558518068e+01 8.4485459541e-01 8.2482696016e+00 5.0968575663e-03 5.3625984112e-03
3.9739874072e+01 3.3312452831e+01 3.1649951441e+01 8.3826266712e-01 2.8283522689e-02 1.2801389106e+02 1.2906494423e+02 9.8427282146e-01 9.8398446724e+00 4.2664231606e-03 4.3170908921e-03
3.8975699667e+01 3.3655305604e+01 3.1512587467e+01 8.6349458487e-01 2.8194997559e-02 1.2760490112e+02 1.0941580426e+02 9.9803283043e-01 1.0689539741e+01 4.5516200563e-03 4.6156341333e-03
5.9891170008e+01 5.9451165779e+01 5.1946345144e+01 9.9265327045e-01 1.6743833265e-01 8.3154049759e+02 3.5986037239e+00 -9.8290130625e-01 9.6934604872e+00 1.1069484396e-02 1.0000000000e+00
7.5289228974e+01 6.2702353455e+01 5.9763977817e+01 8.3281970487e-01 7.2839887129e-02 3.4031682423e+02 1.8801407315e+01 6.0332088633e-01 1.0325467438e+01 5.7509600925e-03 6.2906874713e-03
4.0558803398e+01 3.2949535365e+01 3.1790205506e+01 8.1238923746e-01 3.3592095917e-02 1.5263401350e+02 4.1695713832e+01 -6.3522988896e-01 8.4443521804e+00 6.4786555602e-03 6.7283671491e-03
6.4906416346e+01 6.1503766763e+01 5.4999304232e+01 9.4757606759e-01 2.0921899190e-02 9.4179899536e+01 3.6805588972e+01 -8.7078679956e-01 3.4399383685e+01 4.8569038561e-03 5.0710364392e-03
3.4644124593e+01 3.0159702267e+01 2.8126380936e+01 8.7055749342e-01 2.3172473247e-02 1.0448542537e+02 1.9986590613e+01 -7.2140930694e-01 1.4111476661e+01 9.2731980532e-03 1.0083193675e-02
4.7315996312e+01 3.9028294082e+01 3.7375396611e+01 8.2484354393e-01 4.2717770945e-02 1.9538823024e+02 1.0825574847e+01 -5.5060492462e-01 1.0682894070e+01 9.6556444344e-03 1.1478844291e-02
3.7429169470e+01 2.0982646837e+01 2.4195919712e+01 5.6059611083e-01 1.4753657139e-02 6.6107997582e+01 1.6481284899e+02 9.8688425763e-01 1.3088695083e+01 4.6423178033e-03 4.6852874238e-03
3.9835731419e+01 3.0168540046e+01 3.0121135901e+01 7.5732361302e-01 3.2322729923e-02 1.4673009608e+02 2.1911647035e+00 9.1372665475e-01 1.4402281288e+01 2.0241296989e-02 1.0000000000e+00
8.2040984394e+01 7.8425188483e+01 6.9825678003e+01 9.5592695605e-01 8.6912249513e-02 4.0998556601e+02 3.6341685468e+01 -8.2274640260e-01 1.0156578046e+01 4.0423863208e-03 4.2230742929e-03
2.4579564829e+01 1.0521764381e+01 1.3757291660e+01 4.2806959579e-01 1.0738640065e-02 4.7972246674e+01 3.4110220308e+00 -7.9536967354e-01 1.1553499978e+01 2.8353499112e-02 1.0000000000e+00
3.9539448105e+01 2.5760956122e+01 2.7657465203e+01 6.5152543488e-01 2.9704406513e-02 1.3458550388e+02 8.4361767827e+01 9.7006781700e-01 9.4426918366e+00 5.4392375309e-03 5.5392261451e-03
8.4626046928e+01 6.5154385304e+01 6.4532368912e+01 7.6990935615e-01 1.8550110912e-01 9.3121613937e+02 6.9122557931e+00 -8.2414138719e-01 8.4620599392e+00 7.4948610335e-03 1.0364179857e-02
3.5781584452e+01 3.1589343323e+01 2.9256717200e+01 8.8283802427e-01 1.9275105547e-02 8.6660455183e+01 1.6235744926e+02 -9.9469164467e-01 1.2213138316e+01 4.1344765090e-03 4.1733342970e-03
3.3543862319e+01 3.0687884622e+01 2.7925313986e+01 9.1485841226e-01 4.5645274862e-02 2.0921846304e+02 1.1654838747e+01 -7.0050509351e-01 8.0279065818e+00 1.1249076350e-02 1.3169846040e-02
3.5254810830e+01 3.3043027581e+01 2.9709650387e+01 9.3726293812e-01 4.3672912877e-02 1.9989444787e+02 4.4161074210e+01 -9.0817617627e-01 8.0417971251e+00 6.5745670877e-03 6.8128688227e-03
4.1011261525e+01 3.8864088407e+01 3.4752688978e+01 9.4764430455e-01 3.8157835751e-02 1.7395682957e+02 3.2762662329e+01 8.7786876898e-01 1.1720487083e+01 6.6891536747e-03 7.0238861269e-03
4.1493623532e+01 4.0770130322e+01 3.5805716814e+01 9.8256374960e-01 5.0707442223e-02 2.3326402947e+02 2.4153572022e+01 8.6872407669e-01 9.9367480792e+00 7.3056080337e-03 7.8188407551e-03
7.7188636160e+01 6.3170624426e+01 6.0728549487e+01 8.1839280455e-01 9.3547032873e-02 4.4325759025e+02 1.4712330469e+01 -8.1319491672e-01 1.1443390126e+01 6.1680261613e-03 6.9473675077e-03
4.3183675399e+01 2.5550346464e+01 2.8720730806e+01 5.9166678678e-01 2.1735750214e-02 9.7902693927e+01 7.7013807203e+01 8.3071637210e-01 1.1949754602e+01 5.5239370785e-03 5.6355339772e-03
7.2786965112e+01 5.5634873082e+01 5.5298410941e+01 7.6435214734e-01 4.1099843643e-02 1.8776859860e+02 2.6960593363e+01 -8.4971708416e-01 1.9421230206e+01 5.3736460270e-03 5.7072110425e-03
2.9984177937e+01 1.9763274701e+01 2.1100680557e+01 6.5912344647e-01 2.2940977917e-02 1.0342384174e+02 2.1714064534e+01 9.0468975460e-01 1.1764338552e+01 1.0759718815e-02 1.1613403354e-02
4.4124177556e+01 3.2703752916e+01 3.2995955023e+01 7.4117535391e-01 3.5714153560e-02 1.6252744545e+02 3.1532974962e+01 7.4762763021e-01 1.0281952998e+01 7.0197396380e-03 7.3860617088e-03
6.3933970411e+01 4.1289484564e+01 4.4516413803e+01 6.4581449109e-01 1.3223475005e-01 6.4256662616e+02 4.3042499523e+00 -8.8790424277e-01 8.9897477738e+00 1.1619134528e-02 3.1381513964e-02
3.1005319564e+01 3.0629785872e+01 2.6827640309e+01 9.8788808831e-01 4.8907498839e-02 2.2469527554e+02 3.3960559180e+00 9.3282309634e-01 1.0147996578e+01 1.8280176728e-02 1.0000000000e+00
3.1790255812e+01 2.7958452689e+01 2.5942904003e+01 8.7946611235e-01 3.7914910712e-02 1.7281889600e+02 2.0766327944e+01 -9.5585264888e-01 1.0008228430e+01 9.5290178420e-03 1.0325088836e-02
4.0256246239e+01 3.2223026877e+01 3.1315330519e+01 8.0044787798e-01 2.0560185004e-02 9.2526725607e+01 1.5331651666e+02 -9.7436784161e-01 1.2247914968e+01 4.0453176187e-03 4.0856206141e-03
2.4173573000e+01 1.4294789443e+01 1.6072758737e+01 5.9133953609e-01 1.6136270039e-02 7.2378235549e+01 6.1375633960e+01 -9.8036086187e-01 9.8865760525e+00 8.6750254873e-03 8.8970584685e-03
3.7382085874e+01 2.0847351699e+01 2.4099061793e+01 5.5768294388e-01 3.2564882410e-02 1.4785554966e+02 1.8818378499e+01 -8.5079959670e-01 9.6869257597e+00 1.0387331445e-02 1.1361143831e-02
3.8075915194e+01 3.1655121592e+01 3.0197526958e+01 8.3136863371e-01 2.8380653951e-02 1.2846270115e+02 6.6013389409e+01 6.4271860629e-01 8.2322337831e+00 5.6491152331e-03 5.7830959094e-03
4.9725423283e+01 4.2268582403e+01 3.9884651066e+01 8.5003967010e-01 7.4378106377e-02 3.4787209390e+02 7.8428905702e+00 8.5260217159e-01 1.0587624997e+01 1.0268697089e-02 1.3418289102e-02
7.5853711994e+01 3.8199701983e+01 4.6323400229e+01 5.0359700243e-01 1.1249072111e-01 5.3973166862e+02 6.4924618075e+00 8.0083936194e-01 8.7219132032e+00 9.8221531069e-03 1.4064507657e-02
3.1755351697e+01 3.1151402098e+01 2.7380240622e+01 9.8098117117e-01 2.1268415553e-02 9.5764429375e+01 1.3438682561e+02 7.6772221950e-01 8.8500402869e+00 4.6203646920e-03 4.6730171527e-03
3.6559022155e+01 3.5206722230e+01 3.1231199187e+01 9.6301050068e-01 7.0478444477e-02 3.2874700200e+02 3.8489052735e+00 7.6410617133e-01 8.1019019617e+00 1.5660844152e-02 1.0000000000e+00
3.5076774582e+01 3.4932034872e+01 3.0473026101e+01 9.9587363116e-01 5.5711263268e-02 2.5719438000e+02 5.1058642101e+00 -8.4807374332e-01 1.0797746649e+01 1.4428852991e-02 2.5607642919e-02
7.3347251710e+01 5.5548722455e+01 5.5460896043e+01 7.5733883902e-01 5.8354124378e-02 2.6989829822e+02 5.4963621263e+01 -9.6133663741e-01 1.1611032152e+01 4.0644923532e-03 4.1813060600e-03
5.8235062407e+01 5.7326808645e+01 5.0299361650e+01 9.8440366124e-01 1.2732470971e-01 6.1677814863e+02 2.7747635632e+00 8.0209022751e-01 8.8425428094e+00 1.2726348505e-02 1.0000000000e+00
7.1423659083e+01 7.1312523901e+01 6.2129509651e+01 9.9844400044e-01 1.0849703309e-01 5.1921282810e+02 2.1805553695e+01 7.9571590073e-01 8.7327430405e+00 5.2022088699e-03 5.6129626013e-03
1.8664242122e+01 1.7430636897e+01 1.5700195176e+01 9.3390542105e-01 1.0476425075e-02 4.6791592354e+01 2.4129570812e+01 6.4177741558e-01 1.2554382147e+01 1.2537043158e-02 1.3418787536e-02
3.2102345500e+01 3.0234824775e+01 2.7119215082e+01 9.4182603497e-01 1.5119659148e-02 6.7766595500e+01 6.0164338573e+00 -7.3767370064e-01 2.7920085500e+01 1.4955367579e-02 2.2533584336e-02
4.7532566690e+01 3.9323162587e+01 3.7603141492e+01 8.2728885320e-01 5.9218900424e-02 2.7406484722e+02 5.9764594052e+00 -6.3112388262e-01 1.0245110917e+01 1.1902086336e-02 1.8023188481e-02
8.0183163149e+01 6.5889903035e+01 6.3216027724e+01 8.2174237642e-01 6.1537687886e-02 2.8526041073e+02 8.2545504445e+00 1.5464743370e-01 1.0000660717e+01 7.6108659107e-03 9.7582957479e-03
2.2725550348e+01 1.6948113270e+01 1.7048296857e+01 7.4577350209e-01 1.1351868172e-02 5.0735184144e+01 2.6762726700e+02 8.9567508158e-01 8.9467740081e+00 4.8276114460e-03 4.8549506555e-03
4.1419678214e+01 2.1352091480e+01 2.5611523351e+01 5.1550597207e-01 2.2754019952e-02 1.0256675557e+02 7.0317754148e+01 8.8996983637e-01 1.0963506925e+01 6.1360973695e-03 6.2723521845e-03
2.7613658443e+01 2.6890767502e+01 2.3721925297e+01 9.7382125436e-01 3.1146398132e-02 1.4126833056e+02 1.8214789625e+01 7.5782264268e-01 9.0146285128e+00 1.0628397015e-02 1.1664044419e-02
2.9654663984e+01 1.9258887628e+01 2.0708502002e+01 6.4943874051e-01 1.4468683464e-02 6.4817213719e+01 9.2994643269e+00 4.2405760038e-01 1.2356929240e+01 1.5040315184e-02 1.8571272918e-02
4.0446472829e+01 3.7451337649e+01 3.3876906304e+01 9.2594817370e-01 3.1713134434e-02 1.4389857995e+02 1.1434320082e+02 9.0059624595e-01 9.0615970972e+00 4.2699980284e-03 4.3273992186e-03
3.9142486096e+01 3.6043927690e+01 3.2693426144e+01 9.2083899835e-01 6.0457278780e-02 2.8003972830e+02 1.1376155449e+01 -8.9928394559e-01 9.4379165378e+00 1.0196506863e-02 1.1995364859e-02
7.9456299022e+01 6.1827021693e+01 6.0920830665e+01 7.7812612032e-01 2.0831615285e-01 1.0596668651e+03 3.2551742160e+00 9.8762192146e-01 9.7452899364e+00 1.0182722434e-02 1.0000000000e+00
5.4337396501e+01 4.4902485611e+01 4.2961978860e+01 8.2636431817e-01 6.7819738053e-02 3.1576269775e+02 1.6301237060e+01 7.8014836090e-01 9.5328612983e+00 7.4790966148e-03 8.3119143458e-03
2.9927946953e+01 2.4792268843e+01 2.3692252832e+01 8.2839858285e-01 2.9040922406e-02 1.3151522258e+02 9.7919211253e+00 -7.9606629797e-01 1.1635495266e+01 1.3441443171e-02 1.6366766088e-02
4.0258612975e+01 2.1491050879e+01 2.5359632562e+01 5.3382492071e-01 4.1325068901e-02 1.8882827862e+02 7.3025552626e+00 -8.1272885438e-01 9.8515289950e+00 1.4273710138e-02 1.9220786630e-02
2.8837610509e+01 1.8479272308e+01 1.9997847720e+01 6.4080455979e-01 2.5776217416e-02 1.1645004760e+02 3.6143199711e+01 -9.8192330074e-01 9.3728948450e+00 9.1756817540e-03 9.5882621909e-03
6.1970289250e+01 5.0715980886e+01 4.8755409764e+01 8.1839186970e-01 9.1586122733e-02 4.3339590673e+02 1.2097029697e+01 8.1001016531e-01 9.4390499523e+00 7.6228206627e-03 8.8613131226e-03
3.5492557642e+01 3.5221488212e+01 3.0779804849e+01 9.9236264027e-01 5.8346887191e-02 2.6986344908e+02 2.1810923859e+01 -9.7308822924e-01 8.2180944706e+00 8.3053757052e-03 8.9609620612e-03
3.8285717456e+01 3.6641059899e+01 3.2604344999e+01 9.5704253005e-01 2.1316486126e-02 9.5984306728e+01 5.2093568724e+01 -5.5367913829e-01 1.1542332991e+01 5.9102290568e-03 6.0899780506e-03
6.8539005076e+01 6.7240773438e+01 5.9098339488e+01 9.8105849893e-01 2.0563329092e-01 1.0444166902e+03 3.5890270592e+00 8.7632379323e-01 8.7092721071e+00 1.0018677558e-02 1.0000000000e+00
3.3075712187e+01 1.5873512995e+01 1.9686122774e+01 4.7991447335e-01 2.1088075248e-02 9.4939680128e+01 3.3153344527e+01 9.3027203614e-01 1.0849148916e+01 9.5986104568e-03 1.0072748202e-02
4.5728446417e+01 2.5441674263e+01 2.9442842815e+01 5.5636428211e-01 3.2986803445e-02 1.4981743394e+02 5.0544186922e+01 9.1221903302e-01 1.0121624192e+01 6.3259020986e-03 6.5245359566e-03
6.2931305370e+01 5.1692781722e+01 4.9604697802e+01 8.2141600938e-01 9.5290578738e-02 4.5204588375e+02 2.2983125730e+01 8.6868633655e-01 8.1233745739e+00 5.9154083904e-03 6.3551418148e-03
5.8586061125e+01 4.4029467677e+01 4.4124523005e+01 7.5153486736e-01 9.7870496889e-02 4.6508393664e+02 5.1400975160e+00 -7.2332762074e-01 9.2327582925e+00 1.1143895280e-02 1.9601893801e-02
3.0619802463e+01 2.4513977229e+01 2.3821337623e+01 8.0059227224e-01 3.1580304196e-02 1.4328191931e+02 1.2401396165e+01 9.9375103051e-01 1.2599315273e+01 1.2241257502e-02 1.4165949936e-02
6.5700914596e+01 5.9754345865e+01 5.4533926914e+01 9.0949032037e-01 3.2231603283e-02 1.4630666593e+02 1.6686208863e+01 -7.3510701648e-03 1.1735261379e+01 6.5239280494e-03 7.2300923485e-03
3.1723200552e+01 2.5101651231e+01 2.4532392836e+01 7.9127108218e-01 3.6850531422e-02 1.6783756494e+02 1.2620294292e+01 -9.7020530132e-01 1.0956076514e+01 1.1901717744e-02 1.3730612715e-02
7.5394410922e+01 7.2371509627e+01 6.4302700724e+01 9.5990549886e-01 1.4051551302e-01 6.8637761811e+02 4.2875645761e+00 -9.7247615360e-01 1.5535024468e+01 9.2047126123e-03 2.5354991343e-02
7.0622655436e+01 6.5969824521e+01 5.9413927945e+01 9.3411702114e-01 1.5856835375e-01 7.8326010021e+02 2.7496335770e+00 7.4660646603e-01 8.6847588983e+00 1.1312575229e-02 1.0000000000e+00
3.1310000718e+01 2.1637063032e+01 2.2581898787e+01 6.9105916754e-01 3.9932276843e-02 1.8228050883e+02 1.4263552397e+01 -9.9356820708e-01 9.0190000703e+00 1.1949697413e-02 1.3519345207e-02
8.2678392123e+01 7.7937461685e+01 6.9875557440e+01 9.4265816840e-01 2.2842386581e-01 1.1751772599e+03 2.1979382432e+00 8.7867042828e-01 8.4905007038e+00 1.0718128983e-02 1.0000000000e+00
6.8105742970e+01 6.5242897129e+01 5.8027313639e+01 9.5796469262e-01 1.0664163626e-01 5.0971273746e+02 6.6383325212e+00 6.5019148860e-01 1.0267940980e+01 8.4893403846e-03 1.1999067577e-02
5.6591603941e+01 4.3524027162e+01 4.3130874875e+01 7.6908983191e-01 3.8829337967e-02 1.7710434887e+02 3.4024312933e+01 -7.1358790191e-01 1.2267721122e+01 5.7599264173e-03 6.0365046940e-03
2.9254210513e+01 1.7820522153e+01 1.9756395511e+01 6.0916093241e-01 1.4302807229e-02 6.4066130258e+01 1.1274012306e+02 -7.1861260819e-01 9.1914334935e+00 6.0774195239e-03 6.1603086667e-03
3.3711594971e+01 2.8427732474e+01 2.6930201468e+01 8.4326275569e-01 3.1777883249e-02 1.4419921651e+02 1.1238452905e+01 4.5160834355e-01 8.0929202190e+00 1.1762906875e-02 1.3872746492e-02
3.8057004463e+01 3.1539525434e+01 3.0133968926e+01 8.2874429763e-01 3.4581977370e-02 1.5724535800e+02 5.4394183898e+01 -9.5506715351e-01 1.0155152127e+01 6.0596883728e-03 6.2357659878e-03
3.9744098506e+01 3.8799820685e+01 3.4185261615e+01 9.7624105572e-01 3.6942580820e-02 1.6826806708e+02 7.2969640410e+01 -7.7102472968e-01 8.1726068046e+00 5.0089466425e-03 5.1159700937e-03
7.6902764159e+01 7.0997268197e+01 6.4315625745e+01 9.2320827442e-01 7.9044123530e-02 3.7088063124e+02 3.8260693180e+01 6.3822363848e-01 8.1614147019e+00 4.1931569243e-03 4.3704370967e-03
7.9105417197e+01 4.4294168218e+01 5.1105651074e+01 5.5993849457e-01 3.3910860567e-02 1.5411827190e+02 5.7778051116e+00 7.4955135524e-01 3.0999995667e+01 1.0102169369e-02 1.5716982597e-02
4.6104223240e+01 4.4825024304e+01 3.9574553757e+01 9.7225419178e-01 1.5858804884e-02 7.1118887885e+01 1.5285063982e+01 -5.8926583664e-01 2.9148667976e+01 8.3207918955e-03 9.3234334154e-03
2.8226338653e+01 2.5942511626e+01 2.3553205274e+01 9.1908879661e-01 1.8024111686e-02 8.0960348445e+01 1.1170951728e+02 9.6808672452e-01 1.1760210725e+01 5.4513852711e-03 5.5264394018e-03
3.3435053407e+01 3.1390140393e+01 2.8199954191e+01 9.3883924787e-01 2.3658596974e-02 1.0671583219e+02 1.6071262482e+02 9.6551650955e-01 9.3900350809e+00 4.2354521735e-03 4.2756735148e-03
3.1259417682e+01 1.8201333482e+01 2.0615710770e+01 5.8226719599e-01 1.1011846870e-02 4.9202884753e+01 8.0283320158e+01 7.6121299343e-01 1.4527872645e+01 6.7350317591e-03 6.8653557990e-03
3.7191191674e+01 2.9663076643e+01 2.8878055374e+01 7.9758338756e-01 3.2903996407e-02 1.4943229862e+02 3.8787247030e+01 -6.8078333417e-01 8.2638315030e+00 7.0716367701e-03 7.3662385821e-03
3.5710737894e+01 3.5500682232e+01 3.0996409131e+01 9.9411785715e-01 2.2600027641e-02 1.0186097064e+02 2.7133038619e+01 7.5114567354e-01 1.5634740350e+01 7.7843631868e-03 8.2641415343e-03
5.5484296756e+01 3.0043997932e+01 3.5215570058e+01 5.4148650499e-01 1.0336175509e-01 4.9296971232e+02 4.2351833374e+00 -9.0436070939e-01 8.1422997578e+00 1.3754213343e-02 4.0666367527e-02
7.4733719041e+01 6.2498355245e+01 5.9448374527e+01 8.3628054441e-01 1.1709927933e-01 5.6352819803e+02 6.3683248810e+00 7.2814281409e-01 1.0788294277e+01 8.4433820603e-03 1.2235181506e-02
5.9757529558e+01 2.8551914863e+01 3.5482588484e+01 4.7779610493e-01 5.8175695688e-02 2.6903920988e+02 1.5797742406e+01 9.1920941758e-01 1.0185175171e+01 8.5770794790e-03 9.5694720636e-03
3.2155429204e+01 2.9799801423e+01 2.6944182595e+01 9.2674245566e-01 1.5708118888e-02 7.0435176036e+01 2.4964338776e+02 9.2150202040e-01 1.0463053583e+01 3.7123978043e-03 3.7349528882e-03
3.3569757733e+01 2.5171285735e+01 2.5253631129e+01 7.4982029764e-01 3.4267014639e-02 1.5577741361e+02 4.8875598129e+01 -9.0349816042e-01 8.0978988960e+00 7.0455255522e-03 7.2747669060e-03
8.2974631303e+01 6.8370825606e+01 6.5508222515e+01 8.2399673891e-01 4.4295150785e-02 2.0283325491e+02 5.3114910837e+01 6.9088529382e-01 1.3316730896e+01 3.7412363787e-03 3.8527099094e-03
4.0020380566e+01 3.5514706210e+01 3.2808314378e+01 8.8741550449e-01 5.9473785457e-02 2.7529380923e+02 7.6932897477e+00 -8.2077324545e-01 9.8262573124e+00 1.1788468198e-02 1.5522776055e-02
7.7706573200e+01 5.5840121188e+01 5.7189439107e+01 7.1860228663e-01 6.4104543876e-02 2.9769351588e+02 6.4044635935e+00 1.0263696388e-01 8.8829004520e+00 8.8981991872e-03 1.2848467537e-02
5.3960896626e+01 4.8591218767e+01 4.4564931684e+01 9.0048946191e-01 1.8482108117e-02 8.3045981557e+01 5.0246674874e+01 7.0123110519e-01 2.2866275291e+01 4.9364397367e-03 5.0924162472e-03
6.6314463357e+01 3.7203302409e+01 4.2885539033e+01 5.6101339777e-01 6.8643814534e-02 3.1978247387e+02 8.1935756155e+00 -7.7364338059e-01 1.1384863722e+01 9.6861967711e-03 1.2451929631e-02
4.1157111545e+01 4.0641168322e+01 3.5603919387e+01 9.8746405654e-01 2.9847896516e-02 1.3524988700e+02 7.9765047389e+00 2.7940084702e-01 1.1022206485e+01 1.1247906514e-02 1.4602875054e-02
3.8723086293e+01 3.4762054198e+01 3.1930471534e+01 8.9770877080e-01 5.2726731036e-02 2.4290178390e+02 7.1878107639e+00 8.1596582479e-01 1.0778841489e+01 1.2348704286e-02 1.6750795205e-02
6.3690493029e+01 4.2377189932e+01 4.5040939732e+01 6.6536131088e-01 4.3114757771e-02 1.9726043659e+02 4.1324748244e+01 -7.9319652634e-01 1.1917119880e+01 5.1985198166e-03 5.4008199890e-03
3.2374571902e+01 2.8298831839e+01 2.6338064313e+01 8.7410675035e-01 1.6144609501e-02 7.2416094327e+01 1.6118378483e+02 7.4774417086e-01 1.0168479592e+01 4.4357098460e-03 4.4777076251e-03
3.6752110374e+01 2.5181508811e+01 2.6389619381e+01 6.8517177802e-01 2.6960520806e-02 1.2190695287e+02 1.4756296126e+01 9.2688892461e-01 1.5113447664e+01 1.0787913002e-02 1.2145919963e-02
2.9074668096e+01 2.3642759452e+01 2.2800108601e+01 8.1317383828e-01 1.7170707162e-02 7.7077831216e+01 1.8934152438e+02 9.3321864405e-01 9.4926999056e+00 4.5669033093e-03 4.6036176217e-03
5.8039041368e+01 2.1691829443e+01 3.0177589421e+01 3.7374548118e-01 2.0398806883e-02 9.1789445809e+01 1.3554207980e+02 -7.4574178934e-01 9.8677553292e+00 4.3361957930e-03 4.3851799946e-03
6.4098791790e+01 2.8699182286e+01 3.6755634205e+01 4.4773359192e-01 7.6972727741e-02 3.6064962943e+02 7.2430981971e+00 9.4448206123e-01 1.0360854890e+01 1.1117156298e-02 1.5026412764e-02
3.9663405344e+01 3.3008640102e+01 3.1472924625e+01 8.3221901437e-01 2.6443577627e-02 1.1952389802e+02 5.6633812934e+01 -6.4798970235e-01 9.7842251396e+00 5.8374369481e-03 6.0000009087e-03
2.9122595797e+01 2.6479250990e+01 2.4169275040e+01 9.0923388748e-01 1.5982578731e-02 7.1680604050e+01 1.4059934176e+01 5.7536535509e-01 1.5292759758e+01 1.1683778958e-02 1.3246583693e-02
3.0917296430e+01 2.5143365888e+01 2.4246179179e+01 8.1324594292e-01 1.2240303870e-02 5.4742568458e+01 9.2964543837e+01 7.9901977852e-01 1.5834657531e+01 5.7556901301e-03 5.8514035332e-03
3.4007530381e+01 1.7169950282e+01 2.0796521472e+01 5.0488671451e-01 1.5121819642e-02 6.7776388795e+01 2.4969344576e+02 -9.0798246111e-01 8.5483204138e+00 4.3659124846e-03 4.3924326920e-03
3.2697313552e+01 3.0102191821e+01 2.7307055305e+01 9.2063195874e-01 5.0651129247e-02 2.3299563179e+02 5.7904110176e+00 -9.0505339001e-01 1.0441691686e+01 1.4785000549e-02 2.2960433790e-02
4.7852714577e+01 1.9422285681e+01 2.6022763135e+01 4.0587636151e-01 2.9841228517e-02 1.3521901002e+02 3.0661964327e+01 7.2917858091e-01 9.0030226111e+00 8.2578777800e-03 8.7022967248e-03
3.6545178768e+01 2.5175865517e+01 2.6314919592e+01 6.8889704103e-01 3.7854434483e-02 1.7253566709e+02 5.1727581335e+00 6.5672163265e-01 1.0136363651e+01 1.5906087622e-02 2.7749554486e-02
4.0571953703e+01 3.8911843808e+01 3.4588276102e+01 9.5908232797e-01 4.0417421687e-02 1.8455983132e+02 8.0142571564e+00 7.9415609031e-01 1.4748024961e+01 1.1360218441e-02 1.4722564430e-02
4.8072565941e+01 4.2775934776e+01 3.9463403201e+01 8.8982008633e-01 3.3022946047e-02 1.4998554719e+02 5.0570614439e+01 -8.1766832874e-01 1.2818960016e+01 5.2664576011e-03 5.4317333348e-03
3.8111941752e+01 2.3667583552e+01 2.5999205912e+01 6.2100177699e-01 1.6871368013e-02 7.5717155772e+01 1.3776866150e+02 -9.0166547714e-01 1.2111136643e+01 4.7407604844e-03 4.7934316129e-03
4.0580667378e+01 4.0098169565e+01 3.5116749859e+01 9.8811015577e-01 3.1138885194e-02 1.4123347684e+02 3.4704682245e+01 9.2686779544e-01 1.5012673986e+01 6.5313888659e-03 6.8383187584e-03
3.3903495893e+01 1.8089127824e+01 2.1350542716e+01 5.3354756927e-01 2.1104212573e-02 9.5013472050e+01 2.9572894480e+01 6.3066405208e-01 8.8431438018e+00 9.5232719986e-03 1.0056663501e-02
3.4986463787e+01 2.4569188214e+01 2.5444265406e+01 7.0224839992e-01 1.1019765658e-02 4.9238561779e+01 1.2196265632e+02 -2.6972534930e-01 8.8893757909e+00 5.0479749138e-03 5.1114964339e-03
2.6081158912e+01 2.4180647224e+01 2.1858948441e+01 9.2713085738e-01 1.9512701627e-02 8.7744231194e+01 1.0589008882e+02 9.6585675020e-01 1.0129395900e+01 5.8221891315e-03 5.9068721862e-03
2.4141507313e+01 1.9155045123e+01 1.8695533976e+01 7.9344859767e-01 1.0062161832e-02 4.4927265098e+01 1.9619986605e+02 9.8340811480e-01 1.3640807006e+01 5.1239512955e-03 5.1636833539e-03
3.3449630254e+01 3.1766112915e+01 2.8375449407e+01 9.4967007628e-01 3.9559641785e-02 1.8053082347e+02 1.8827819283e+01 7.7591262606e-01 9.1093014395e+00 9.3379304620e-03 1.0212843145e-02
4.6068818188e+01 3.0038360506e+01 3.2237759671e+01 6.5203236566e-01 4.0021403954e-02 1.8269913374e+02 1.9907832025e+00 8.5336127094e-01 1.1734605614e+01 2.0017382986e-02 1.0000000000e+00
3.6694590963e+01 2.9987564244e+01 2.8848552025e+01 8.1722028933e-01 1.8321166898e-02 8.2312924884e+01 1.0644381512e+02 -8.7584004504e-01 1.3346082068e+01 4.8892819979e-03 4.9600161981e-03
5.5025779463e+01 5.1328842365e+01 4.6259968229e+01 9.3281445290e-01 5.7502264076e-02 2.6579863854e+02 3.9285962516e+01 7.8796929477e-01 9.3608717185e+00 5.1659782251e-03 5.3782484078e-03
2.3565439300e+01 2.0686571581e+01 1.9212851861e+01 8.7783517709e-01 1.4444416760e-02 6.4707323178e+01 1.4191833226e+02 -8.6417393508e-01 9.6550072321e+00 5.6724248298e-03 5.7335676045e-03
6.5418332170e+01 4.5231111959e+01 4.7194587228e+01 6.9141340751e-01 3.7052395482e-02 1.6878172724e+02 1.2274305131e+02 -7.2570291199e-01 8.0386837849e+00 3.3689056082e-03 3.4110226980e-03
3.8044584259e+01 3.0996276786e+01 2.9863464127e+01 8.1473558958e-01 5.6807987439e-02 2.6246078958e+02 1.3464549154e+01 -8.6053238033e-01 8.1781803889e+00 1.0151112540e-02 1.1585721896e-02
6.2301301085e+01 5.6245753067e+01 5.1519775051e+01 9.0280222222e-01 2.0468529444e-01 1.0390371945e+03 4.2709033161e+00 9.5707618929e-01 8.0386148267e+00 1.0231660260e-02 2.8779658953e-02
5.6658774446e+01 5.0324882831e+01 4.6469337527e+01 8.8820987257e-01 4.0698398717e-02 1.8588062649e+02 8.6343377510e+00 -6.4040873085e-01 1.7708584466e+01 9.1839127878e-03 1.1597603516e-02
3.5838727769e+01 3.0129369008e+01 2.8585038505e+01 8.4069304030e-01 2.1798371166e-02 9.8189322960e+01 8.6221699822e+01 -6.8564390289e-01 9.6821411932e+00 5.3103669609e-03 5.4058106760e-03
6.4754654634e+01 4.2840822025e+01 4.5658166695e+01 6.6158675800e-01 6.0409386113e-02 2.7980847621e+02 2.2169308126e+01 -8.2018289631e-01 1.0975170726e+01 6.4438240042e-03 6.9430265566e-03
4.3354190112e+01 3.2614781543e+01 3.2669318988e+01 7.5228672152e-01 8.3688475239e-02 3.9391689731e+02 8.1863383180e+00 9.9291747507e-01 8.2923501368e+00 1.1385687890e-02 1.4641313397e-02
3.1641331098e+01 2.8776452145e+01 2.6262873329e+01 9.0945769807e-01 1.5111777948e-02 6.7730871112e+01 3.0319594304e+02 -9.2705062713e-01 9.6230607479e+00 3.5084428551e-03 3.5259592538e-03
4.0744034667e+01 3.2765220567e+01 3.1770048117e+01 8.0417221403e-01 4.0593463638e-02 1.8538729568e+02 1.9992489116e+01 -9.5951349408e-01 1.2302140182e+01 8.5022488788e-03 9.2446476940e-03
8.1944916069e+01 7.7826418059e+01 6.9516782336e+01 9.4974065253e-01 1.7717943405e-01 8.8507019393e+02 1.0368200388e+01 -9.1537926086e-01 9.2533601794e+00 6.1723318787e-03 7.4102313588e-03
3.2352977457e+01 3.1483606259e+01 2.7783394724e+01 9.7312855675e-01 6.3756640623e-02 2.9600592668e+02 6.4865190993e+00 9.3412756377e-01 8.6140810098e+00 1.3908301904e-02 1.9926525183e-02
4.0142561930e+01 3.6988658443e+01 3.3539621642e+01 9.2143243143e-01 1.8231116617e-02 8.1902838316e+01 1.0200393055e+02 4.0764781852e-01 9.1049096364e+00 4.5218023536e-03 4.5901471200e-03
7.3745237071e+01 6.6972043799e+01 6.1165570429e+01 9.0815415963e-01 1.1377684158e-01 5.4635986186e+02 1.7907228248e+01 7.7350030572e-01 8.5715275812e+00 5.6392240004e-03 6.1999725395e-03
4.4125101179e+01 3.1041899057e+01 3.2119956924e+01 7.0349751565e-01 2.1403146272e-02 9.6380733636e+01 1.7043816479e+02 7.1412794505e-01 8.6013503402e+00 3.8247282500e-03 3.8589425020e-03
3.0267051533e+01 2.9100003090e+01 2.5835019294e+01 9.6144162103e-01 3.8106170972e-02 1.7371478406e+02 9.5241832592e+00 6.9208499507e-01 8.9697416271e+00 1.2796132766e-02 1.5695986343e-02
3.6511838967e+01 2.4798878764e+01 2.6098297150e+01 6.7920103356e-01 1.1495686706e-02 5.1383533378e+01 3.0640572306e+02 7.5054406017e-01 1.0333872617e+01 3.5162058040e-03 3.5335753897e-03
4.4414808456e+01 3.1379085489e+01 3.2402162938e+01 7.0650052493e-01 2.8883486324e-02 1.3078711076e+02 2.0460476146e+01 9.3126830094e-01 1.7015646691e+01 8.3847422723e-03 9.0973985525e-03
4.7798310220e+01 4.3199345958e+01 3.9548297080e+01 9.0378395720e-01 4.9035497915e-02 2.2530393501e+02 1.7237647939e+01 -8.1549561826e-01 1.2057450032e+01 7.7990689155e-03 8.6107890600e-03
8.4801010153e+01 5.9574924300e+01 6.1685026160e+01 7.0252611606e-01 7.4160261707e-02 3.4680120593e+02 2.5234797381e+01 -4.8688931442e-01 8.1951189518e+00 5.0453382540e-03 5.3826628196e-03
3.6260884958e+01 3.0826690012e+01 2.9086452609e+01 8.5013617423e-01 5.5317462010e-02 2.5530524367e+02 1.5847894135e+01 9.9112606360e-01 8.9070757173e+00 9.7165084148e-03 1.0836377598e-02
3.7069786046e+01 3.5960435343e+01 3.1783848991e+01 9.7007399228e-01 3.9008687986e-02 1.7794551006e+02 5.5118986520e+01 9.3725786049e-01 9.3866409281e+00 5.8165670914e-03 5.9832391587e-03
5.9505207289e+01 3.1392490022e+01 3.7249278585e+01 5.2755870373e-01 7.3945939464e-02 3.4574792349e+02 3.8789627304e+00 8.3560614113e-01 1.1063109538e+01 1.3958530872e-02 1.0000000000e+00
3.2391841364e+01 2.9400747927e+01 2.6858956170e+01 9.0765904896e-01 4.5403372036e-02 2.0807355278e+02 4.6750387479e+00 -7.9906678903e-01 1.0442673535e+01 1.6237461918e-02 3.3549753808e-02
7.3328851498e+01 6.6389116430e+01 6.0725711347e+01 9.0536146515e-01 1.3663660757e-01 6.6580585892e+02 4.0768257673e+00 4.8800747550e-01 8.5902995535e+00 9.7426820563e-03 4.3200049736e-02
5.3351519225e+01 3.5721982499e+01 3.7852947403e+01 6.6955886201e-01 6.1719409352e-02 2.8613924188e+02 4.2364087468e+01 -9.4931175799e-01 8.0682520926e+00 5.6784281593e-03 5.8935979327e-03
6.7302827484e+01 5.7319879415e+01 5.4036064420e+01 8.5167119358e-01 4.5899827026e-02 2.1042365040e+02 8.6211937338e+01 -9.8772142807e-01 1.1678668813e+01 3.5153966949e-03 3.5785866367e-03
3.3149652363e+01 3.2300887023e+01 2.8486127269e+01 9.7439595051e-01 1.8846775521e-02 8.4707611160e+01 2.4522061607e+00 6.4661211476e-02 9.1974467122e+00 2.0259230577e-02 1.0000000000e+00
3.5563766196e+01 1.9834568839e+01 2.2927619407e+01 5.5771845786e-01 1.6408875395e-02 7.3616026898e+01 2.3624301952e+02 9.8412843751e-01 9.5691303622e+00 4.1905303537e-03 4.2174516177e-03
3.7037119369e+01 3.2456108203e+01 3.0169748494e+01 8.7631297347e-01 1.8885533811e-02 8.4884267815e+01 2.5348675455e+01 8.0258814536e-01 1.9475043229e+01 8.1400455977e-03 8.6815238695e-03
6.1507125576e+01 5.1145657366e+01 4.8785654173e+01 8.3154036035e-01 2.6035235172e-02 1.1764272963e+02 5.5129678513e+01 -5.2158009202e-01 1.3834817197e+01 4.4847908101e-03 4.6132749551e-03
3.5283596822e+01 2.9811462485e+01 2.8213961823e+01 8.4490996297e-01 1.5834754581e-02 7.1009753582e+01 1.0286411614e+02 -9.4798593585e-01 1.6453786718e+01 5.0294132023e-03 5.1047769605e-03
6.6256872062e+01 6.0976016623e+01 5.5324068450e+01 9.2029724200e-01 6.8791341652e-02 3.2050255038e+02 5.0308222823e+00 -3.5958694451e-01 1.1277197279e+01 9.9180599489e-03 1.7972041833e-02
3.4333642962e+01 3.1579340565e+01 2.8660223448e+01 9.1977832355e-01 2.5089641510e-02 1.1329076362e+02 8.0855436931e+00 9.0173147478e-01 2.0458406474e+01 1.2852981923e-02 1.6602602115e-02
3.6060586183e+01 3.3374687619e+01 3.0196316204e+01 9.2551705759e-01 3.9638141384e-02 1.8089933843e+02 1.0718852529e+00 -9.4238882376e-01 8.0589307158e+00 2.6308284314e-02 1.0000000000e+00
1.6643369616e+01 1.3063587579e+01 1.2817714604e+01 7.8491242343e-01 1.7672315781e-02 7.9359283425e+01 2.3637555543e+01 -9.5453837370e-01 8.0674080213e+00 1.4278519648e-02 1.5306516340e-02
6.0537710423e+01 3.6641618887e+01 4.0746058788e+01 6.0526932107e-01 7.5706768550e-02 3.5441000121e+02 2.4966316916e+01 9.4830341258e-01 8.4924494156e+00 6.5584410669e-03 7.0022521446e-03
6.7922441139e+01 6.4484437386e+01 5.7610124165e+01 9.4938338942e-01 3.3794790563e-02 1.5357774003e+02 5.9387993156e+01 9.3776007130e-01 1.9418679913e+01 3.9124655830e-03 4.0161198317e-03
3.6666319542e+01 3.1204656385e+01 2.9427625150e+01 8.5104414009e-01 5.0067643520e-02 2.3021583538e+02 4.7863870621e+00 -9.1797112027e-01 1.2385131268e+01 1.5159504443e-02 2.9841750893e-02
3.3684633128e+01 2.8784698132e+01 2.7090856088e+01 8.5453500483e-01 2.1822578374e-02 9.8300131333e+01 1.7998794943e+02 -8.2430763032e-01 8.0275109831e+00 4.1670678042e-03 4.2023358085e-03
2.3856497864e+01 2.2162944698e+01 2.0014844515e+01 9.2901082229e-01 1.6647189308e-02 7.4698521394e+01 1.7860712758e+02 -9.7194410960e-01 9.0904347964e+00 5.0656146026e-03 5.1088241237e-03
3.2452682951e+01 3.2139964868e+01 2.8115187569e+01 9.9036387582e-01 5.3862691754e-02 2.4833504973e+02 4.1959943559e+00 -9.0303473366e-01 1.0553142252e+01 1.6350442951e-02 5.1582367530e-02
6.8137325837e+01 5.6754595587e+01 5.4090973982e+01 8.3294427672e-01 7.8532334857e-02 3.6835032720e+02 3.0189640526e+01 7.9799094042e-01 9.1188753762e+00 5.1079928725e-03 5.3876383329e-03
5.8718296113e+01 4.9166579100e+01 4.6738411658e+01 8.3732979930e-01 9.9103348539e-02 4.7132867863e+02 1.3552382923e+01 -8.6764680897e-01 8.5453470833e+00 7.4682624011e-03 8.5149783178e-03
4.4782816048e+01 3.7211545579e+01 3.5507219689e+01 8.3093357817e-01 4.0619402925e-02 1.8550923727e+02 5.9691653335e+01 9.6128805668e-01 1.0214084752e+01 5.2625686398e-03 5.4012475804e-03
2.7192797873e+01 2.1907836718e+01 2.1223383072e+01 8.0564849637e-01 2.6808814776e-02 1.2120742068e+02 2.9549011548e+01 -9.0965072614e-01 9.4914370491e+00 9.5285541872e-03 1.0062718618e-02
3.9112649700e+01 3.2005512818e+01 3.0770114456e+01 8.1829058025e-01 2.0698613293e-02 9.3159293728e+01 6.3424542845e+01 8.9910792360e-01 1.5551083846e+01 5.6941983430e-03 5.8350139908e-03
3.9263377495e+01 2.9901364871e+01 2.9773524496e+01 7.6155865284e-01 3.1631517515e-02 1.4351966197e+02 3.8922370173e+01 9.9173060789e-01 1.2504322531e+01 6.9342458018e-03 7.2220430012e-03
4.4838167707e+01 4.3322421730e+01 3.8367318968e+01 9.6619518471e-01 4.0926583863e-02 1.8695363943e+02 5.9887556432e+01 8.6855939729e-01 1.0005338376e+01 5.0067516568e-03 5.1382366447e-03
8.0713840814e+01 6.1699518953e+01 6.1323612221e+01 7.6442303242e-01 8.8862448648e-02 4.1973732160e+02 1.7794154277e+01 -6.2212827427e-01 9.1505170689e+00 5.7238898518e-03 6.2973759329e-03
4.2125810672e+01 3.3013331224e+01 3.2416739142e+01 7.8368417598e-01 7.0516449741e-02 3.2893293046e+02 5.5547783149e+00 8.9510781732e-01 9.6992119078e+00 1.3333496434e-02 2.1494056956e-02
6.6222222627e+01 3.7593030050e+01 4.3093762896e+01 5.6767998052e-01 7.5074710789e-02 3.5129847741e+02 1.9643887142e+01 8.9910544509e-01 9.3498080213e+00 6.9311020263e-03 7.5488939680e-03
6.8020209736e+01 5.4129210760e+01 5.2754986319e+01 7.9578129751e-01 2.5566345184e-02 1.1548398811e+02 2.2716806809e+02 -8.6823861751e-01 8.6719071898e+00 2.5120221477e-03 2.5288127684e-03
3.6876240460e+01 2.9009243972e+01 2.8432292646e+01 7.8666489887e-01 3.6910383187e-02 1.6811747697e+02 5.9605693343e+00 8.0340542745e-01 1.3400993178e+01 1.4378618104e-02 2.1817587481e-02
5.3874598049e+01 5.0833889692e+01 4.5553951348e+01 9.4355951660e-01 3.3031009107e-02 1.5002305278e+02 7.7520785489e+01 -7.3507139538e-01 1.1383228503e+01 4.1019399559e-03 4.1842469547e-03
7.0409890489e+01 5.4250753748e+01 5.3712800185e+01 7.7049905022e-01 1.5366272359e-01 7.5674919300e+02 5.1357324250e+00 -8.4227881410e-01 9.0410465114e+00 9.5575579178e-03 1.6830395624e-02
4.0674254612e+01 3.3508507828e+01 3.2108810319e+01 8.2382598396e-01 3.9237583452e-02 1.7901934646e+02 3.9288750112e+01 -7.8639619612e-01 8.8964535925e+00 6.5611996239e-03 6.8307788886e-03
3.2165653875e+01 3.1782278825e+01 2.7834354157e+01 9.8808122941e-01 1.4325992011e-02 6.4171099292e+01 6.3205467858e+01 -9.2806779933e-02 8.0267273991e+00 6.0941558932e-03 6.2454088165e-03
5.1280052138e+01 3.1360133804e+01 3.4702244225e+01 6.1154644927e-01 9.9176149828e-02 4.7169772682e+02 3.4724154975e+00 -9.6055897375e-01 8.1958622284e+00 1.4989713229e-02 1.0000000000e+00
6.8019014920e+01 6.6282444338e+01 5.8452240965e+01 9.7446933649e-01 1.1179336647e-01 5.3614189650e+02 3.4572268187e+00 -6.0143066493e-01 1.0701949637e+01 1.0761728039e-02 1.0000000000e+00
2.4589713040e+01 1.8618429234e+01 1.8591086885e+01 7.5716333914e-01 2.8397031169e-02 1.2853838077e+02 2.5572598266e+01 -9.6731844209e-01 8.2899142728e+00 1.0916644688e-02 1.1635668114e-02
4.8122181238e+01 4.0097197714e+01 3.8208747067e+01 8.3323732802e-01 2.7290186213e-02 1.2342759814e+02 4.3457671451e+01 -5.8113748050e-01 1.1906435421e+01 5.7080249592e-03 5.9184977718e-03
3.3104316364e+01 3.2742422569e+01 2.8660938382e+01 9.8906807827e-01 2.4525670524e-02 1.1069798068e+02 9.8348310834e+01 -7.8043745493e-01 9.1991854336e+00 5.0379038235e-03 5.1169616644e-03
4.2016259958e+01 3.4657620848e+01 3.3189460546e+01 8.2486211010e-01 1.8980429982e-02 8.5316837926e+01 5.0946690582e+01 2.4432833965e-01 9.0718934087e+00 5.9023298763e-03 6.0861142589e-03
1.7794326061e+01 1.6994229118e+01 1.5137791863e+01 9.5503640095e-01 1.9304123488e-02 8.6792798105e+01 3.4107815288e+01 9.0265166020e-01 8.1143951543e+00 1.1203960923e-02 1.1740513241e-02
3.2556573133e+01 2.7755831497e+01 2.6152573284e+01 8.5254155539e-01 2.2359505302e-02 1.0075891201e+02 9.5551162557e+00 1.4851656759e-01 8.0853562481e+00 1.2805114330e-02 1.5693218412e-02
7.1112043062e+01 1.6897163147e+01 2.8770575641e+01 2.3761324270e-01 3.2225465324e-02 1.4627814718e+02 5.3159130371e+01 -8.4113860912e-01 9.2027023727e+00 6.3005301243e-03 6.4880953084e-03
7.0131698686e+01 6.2223044797e+01 5.7487241291e+01 8.8723139412e-01 6.9925782313e-02 3.2604430737e+02 2.8144124763e+00 5.5643279032e-01 1.4208838660e+01 1.2031565427e-02 1.0000000000e+00
5.0463022694e+01 4.0230026806e+01 3.9174128960e+01 7.9721793619e-01 3.0442425683e-02 1.3800410207e+02 1.1342695905e+02 -7.3549043462e-01 8.9989885232e+00 3.9141522062e-03 3.9672054701e-03
5.9237052411e+01 3.4986380314e+01 3.9360779204e+01 5.9061649575e-01 4.5819723000e-02 2.1004434952e+02 5.1876501287e+01 7.9491797629e-01 8.9425595719e+00 5.1847929349e-03 5.3431764818e-03
7.1982672414e+01 3.3274864733e+01 4.1990971068e+01 4.6226214750e-01 4.8168390061e-02 2.2118274060e+02 7.5043058243e+00 6.5955266283e-01 1.4037271229e+01 1.0266855177e-02 1.3660076531e-02
8.5886440273e+01 5.6463992248e+01 6.0359544313e+01 6.5742615562e-01 5.7476709798e-02 2.6567572762e+02 6.3436871590e+00 -1.6513032014e-01 1.1119387247e+01 8.6677645713e-03 1.2591367526e-02
3.3010915660e+01 2.0559271456e+01 2.2553530864e+01 6.2280221694e-01 1.7562582746e-02 7.8860044282e+01 2.8428077355e+01 6.4246650010e-01 1.1658097763e+01 9.3601032668e-03 9.9078053528e-03
3.6263257355e+01 2.4764932884e+01 2.5994189592e+01 6.8292080444e-01 2.3009718770e-02 1.0373903416e+02 1.9424568965e+02 -9.4276913903e-01 8.0307833144e+00 4.1525650599e-03 4.1850934237e-03
3.3022734697e+01 2.1925068564e+01 2.3327184830e+01 6.6393860973e-01 2.3110687126e-02 1.0420205384e+02 5.5478014619e+01 -6.8224865573e-01 8.1804115743e+00 7.1082027477e-03 7.3104982483e-03
5.3208404791e+01 4.1035931649e+01 4.0610250626e+01 7.7123025602e-01 7.1507577792e-02 3.3378490820e+02 1.7265952306e+01 8.9123960076e-01 9.3716304080e+00 7.5653664445e-03 8.3512119946e-03
4.3646111257e+01 3.0397172553e+01 3.1606041953e+01 6.9644629675e-01 2.4919429576e-02 1.1250801465e+02 6.2037404375e+01 -6.7899462309e-01 1.0510033481e+01 5.6316834665e-03 5.7742136767e-03
4.7631415344e+01 3.3455268011e+01 3.4643749729e+01 7.0237820499e-01 1.7222574270e-02 7.7313659054e+01 4.3635688347e+01 7.3053540406e-01 2.0005030145e+01 6.0964849355e-03 6.3203014093e-03
7.1827911117e+01 4.9136750556e+01 5.1533317173e+01 6.8408992816e-01 6.0689869925e-02 2.8116301343e+02 1.8946653077e+01 9.7729616976e-01 1.5658460010e+01 6.3357528770e-03 6.9249865658e-03
4.1481556978e+01 2.3639504252e+01 2.7049033656e+01 5.6987986889e-01 1.7654565841e-02 7.9278523221e+01 1.1556252541e+02 -5.6286627273e-01 8.7345976599e+00 4.9376382836e-03 5.0032969500e-03
6.0345782148e+01 5.6815674209e+01 5.0969702517e+01 9.4150199378e-01 6.0904549298e-02 2.8220009992e+02 2.1869549905e+01 -9.8651724425e-01 1.4857615348e+01 6.0445370583e-03 6.5201919499e-03
3.5116986294e+01 3.3766204532e+01 2.9976231886e+01 9.6153480395e-01 3.7272998971e-02 1.6981384224e+02 4.5623082097e+01 8.4206569988e-01 8.7684636826e+00 6.4834727480e-03 6.7104490648e-03
4.0186383584e+01 3.4482134208e+01 3.2387418401e+01 8.5805517027e-01 3.5999084656e-02 1.6385809191e+02 7.7252340725e+01 9.0158778551e-01 8.9305689401e+00 5.0742172873e-03 5.1764004139e-03
4.4765916250e+01 3.4211603513e+01 3.4007276045e+01 7.6423329127e-01 5.5501067314e-02 2.5618590834e+02 4.0836670155e+01 -9.9358765034e-01 8.3528390892e+00 6.1784963575e-03 6.4220181527e-03
3.9600386706e+01 3.5743074246e+01 3.2743544105e+01 9.0259407090e-01 4.1007378273e-02 1.8733364648e+02 7.1350225213e+01 -8.8850196822e-01 8.0619367606e+00 5.1764891081e-03 5.2897045477e-03
3.7902316964e+01 3.1897756127e+01 3.0247143032e+01 8.4157800056e-01 1.4095842966e-02 6.3129259641e+01 8.6416806047e+01 4.6586119658e-01 1.2109097850e+01 5.1459944373e-03 5.2382681200e-03
3.6657114242e+01 3.5444564736e+01 3.1378752720e+01 9.6692185047e-01 3.5093164778e-02 1.5962922781e+02 3.2786511839e+01 -8.7223284914e-01 1.1161215298e+01 7.1412722327e-03 7.4983447395e-03
7.5656068996e+01 6.5500358328e+01 6.1250880643e+01 8.6576475883e-01 1.5190714115e-01 7.4729497828e+02 8.6602758419e+00 -8.5845036810e-01 9.1370524606e+00 7.2446134223e-03 9.1397697341e-03
7.2209269766e+01 7.0664307060e+01 6.2184973149e+01 9.7860437156e-01 6.2720902791e-02 2.9098636908e+02 7.2925554223e+01 9.9682610084e-01 1.0495687287e+01 3.3944969271e-03 3.4670708904e-03
8.4580478912e+01 7.3904175118e+01 6.8796449449e+01 8.7377342938e-01 1.5835627323e-01 7.8211115453e+02 4.4476600551e+00 -7.0234230310e-01 1.1153015373e+01 8.6196828299e-03 2.0390834583e-02
8.1840756911e+01 7.8804420476e+01 6.9909885635e+01 9.6289945805e-01 1.1197630450e-01 5.3708332480e+02 3.7009034503e+01 -8.4543011004e-01 8.0454026967e+00 3.9551140098e-03 4.1284507405e-03
2.5671242562e+01 1.4452662956e+01 1.6632449720e+01 5.6299039366e-01 1.0640152044e-02 4.7528738371e+01 2.3913994901e+02 -8.4456403540e-01 9.1677708977e+00 5.1162966033e-03 5.1487624582e-03
7.9034197392e+01 6.7383464979e+01 6.3489563064e+01 8.5258618678e-01 1.1998753773e-01 5.7850635256e+02 2.4499966662e+01 -9.1159987049e-01 8.8039731241e+00 4.8813109907e-03 5.2187453353e-03
6.9683090996e+01 4.8672520358e+01 5.0536943816e+01 6.9848394585e-01 1.0603066078e-01 5.0658893002e+02 3.0191571304e+00 -9.0950412655e-01 1.2233215190e+01 1.2440949041e-02 1.0000000000e+00
5.3538514246e+01 3.1879387114e+01 3.5726953734e+01 5.9544773633e-01 7.0792518032e-02 3.3028377771e+02 1.3242730155e+01 8.5444679283e-01 8.3231413199e+00 9.0571351266e-03 1.0364713887e-02
3.3552866382e+01 3.0897504434e+01 2.8025071823e+01 9.2086035458e-01 6.5308773641e-02 3.0354084053e+02 3.2492953254e+00 9.4469000329e-01 8.2058750891e+00 1.7910631537e-02 1.0000000000e+00
8.0724936305e+01 4.4811270673e+01 5.1913843255e+01 5.5511063525e-01 1.9913956200e-02 8.9575376129e+01 1.3174999498e+02 -2.6107542081e-01 8.5335363242e+00 3.1232738692e-03 3.1595934952e-03
6.7031251719e+01 5.3617608825e+01 5.2125017986e+01 7.9988971486e-01 4.1217875318e-02 1.8832389399e+02 3.8537237582e+01 6.7091085093e-01 1.3014873775e+01 4.8763866047e-03 5.0809567481e-03
7.7520865934e+01 6.6458408714e+01 6.2448374139e+01 8.5729703755e-01 4.2344234665e-02 1.9362755134e+02 7.4017259651e+01 -6.4763450938e-01 1.0545401205e+01 3.4077143014e-03 3.4794542999e-03
8.6043462837e+01 8.0991775457e+01 7.2666402430e+01 9.4128912048e-01 2.1719664045e-01 1.1104190617e+03 2.1008001212e+00 -7.5894600540e-01 8.0916684684e+00 1.0698982198e-02 1.0000000000e+00
6.1230975280e+01 5.6384934952e+01 5.1143134466e+01 9.2085639162e-01 3.0934248178e-02 1.4028427582e+02 1.0517097077e+02 -4.8505407621e-01 8.3315368591e+00 3.4075979155e-03 3.4575090930e-03
5.4633483332e+01 2.1161563554e+01 2.8965152633e+01 3.8733689055e-01 3.3237787483e-02 1.5098503482e+02 2.2259489375e+01 -6.1038744129e-01 8.7532894797e+00 8.6907044343e-03 9.3608426163e-03
3.9431905099e+01 3.5819960658e+01 3.2709978921e+01 9.0840045816e-01 3.9499799177e-02 1.8024992038e+02 6.7640966373e+01 -9.4731081820e-01 9.0503797848e+00 5.2893419597e-03 5.4116416998e-03
2.6449038541e+01 2.6005690495e+01 2.2831268307e+01 9.8323764983e-01 1.8844543315e-02 8.4697437280e+01 1.3116505807e+01 3.7983225937e-01 9.5489699617e+00 1.2404812623e-02 1.4217929687e-02
7.9251634341e+01 7.3205903590e+01 6.6298365136e+01 9.2371474984e-01 2.3829349474e-01 1.2326463145e+03 4.5201281431e+00 9.6053667562e-01 9.6778109946e+00 8.4097910660e-03 1.8920183926e-02
5.2158674275e+01 4.0740144328e+01 4.0068900580e+01 7.8108090158e-01 4.2129140804e-02 1.9261410832e+02 1.9105325099e+01 -7.2128493098e-01 1.2420246109e+01 7.4736409046e-03 8.1619017054e-03
6.7286511810e+01 6.2899178950e+01 5.6627989691e+01 9.3479625052e-01 6.4785911472e-02 3.0100087494e+02 6.5928072562e+00 -8.1644443564e-01 1.9444391117e+01 8.8529079890e-03 1.2562425670e-02
6.1240024399e+01 3.9885937442e+01 4.2829259158e+01 6.5130505472e-01 1.7458854955e-02 7.8388200357e+01 7.1486990908e+01 2.8944446577e-01 1.2122220436e+01 4.4365943873e-03 4.5334343670e-03
3.4525985975e+01 3.3617583411e+01 2.9658048624e+01 9.7368930855e-01 6.5907405699e-02 3.0645100448e+02 1.0219992988e+01 -9.8499400637e-01 8.5754915845e+00 1.1245091304e-02 1.3546769758e-02
4.2314755528e+01 3.4232368541e+01 3.3095694223e+01 8.0899365043e-01 2.0166348729e-02 9.0727730901e+01 2.3488300729e+02 -9.5212503002e-01 1.0061177030e+01 3.3310015730e-03 3.3525263373e-03
3.9628678079e+01 2.9580893892e+01 2.9742624954e+01 7.4645169422e-01 3.5221929937e-02 1.6022998053e+02 2.6932938862e+01 6.2835740051e-01 8.3127990133e+00 7.9488877589e-03 8.4428753345e-03
2.0229049008e+01 1.8206730943e+01 1.6702340181e+01 9.0002900957e-01 2.2035895524e-02 9.9276757760e+01 9.1287297338e+00 9.8129606009e-01 1.1470223918e+01 1.7243073947e-02 2.1404983211e-02
5.6449752341e+01 2.8632285974e+01 3.4605351207e+01 5.0721721153e-01 5.5688636117e-02 2.5708580658e+02 2.0131901174e+01 8.4884429935e-01 8.9455960821e+00 7.9669025396e-03 8.6569362283e-03
4.2348736796e+01 3.9794348495e+01 3.5734105350e+01 9.3968206623e-01 2.5594782361e-02 1.1561486975e+02 4.8979664427e+01 3.3078488245e-01 8.2365411267e+00 5.6967625582e-03 5.8817013135e-03
3.4777570652e+01 2.7603223653e+01 2.6936753214e+01 7.9370764361e-01 2.7250386065e-02 1.2324397419e+02 2.1673797448e+01 -4.5811883114e-01 8.0683460739e+00 9.2189538042e-03 9.9519587011e-03
2.7816912956e+01 2.3846794237e+01 2.2408162657e+01 8.5727680404e-01 1.0608521937e-02 4.7386316461e+01 1.0807079974e+02 -4.5295468738e-01 1.0474803609e+01 5.7202084244e-03 5.8016851403e-03
2.0214598628e+01 1.0263766476e+01 1.2398946826e+01 5.0774030515e-01 1.3059611805e-02 5.8442840954e+01 8.1468080439e+00 8.6709646870e-01 1.0902097590e+01 2.1797820018e-02 2.8079582360e-02
4.0733648489e+01 3.2256845042e+01 3.1513153109e+01 7.9189677915e-01 6.4461618100e-02 2.9942638808e+02 5.2985434859e+00 -9.9655481108e-01 1.1403293520e+01 1.3862717980e-02 2.3488803246e-02
2.6906821157e+01 2.3648476373e+01 2.1950580008e+01 8.7890264834e-01 1.0086282692e-02 4.5035785621e+01 8.1677735258e+01 9.3679086832e-01 2.0576085138e+01 6.4380458359e-03 6.5604214352e-03
3.4350893292e+01 3.3908611205e+01 2.9710926609e+01 9.8712458268e-01 2.0963729257e-02 9.4371135267e+01 2.4275672197e+02 9.9404341173e-01 9.2175598909e+00 3.5178510743e-03 3.5398374638e-03
3.1928447803e+01 1.2100308539e+01 1.6727739878e+01 3.7898204804e-01 2.5469611186e-02 1.1503881148e+02 9.5265411578e+00 7.8513955873e-01 8.0400176044e+00 1.6917842853e-02 2.0750361940e-02
2.7102624930e+01 2.6049207547e+01 2.3130225894e+01 9.6113227461e-01 3.9322231645e-02 1.7941655004e+02 1.8748286294e+01 9.0352865046e-01 8.0782828238e+00 1.0628668076e-02 1.1629508249e-02
3.0453344995e+01 2.6378926401e+01 2.4661317156e+01 8.6620784699e-01 2.6816604922e-02 1.2124333814e+02 8.7685778899e+01 -9.6718187944e-01 9.0265014102e+00 5.7693792297e-03 5.8712848328e-03
3.4310209607e+01 2.6944732059e+01 2.6430788423e+01 7.8532694401e-01 1.9467487657e-02 8.7537962226e+01 1.9110623532e+02 9.1426100557e-01 9.4215126723e+00 4.1437207978e-03 4.1767209326e-03
2.6618449824e+01 2.3016668470e+01 2.1536608880e+01 8.6468853829e-01 1.3329783640e-02 5.9664015857e+01 3.1694446088e+02 -9.3044924704e-01 9.1737901914e+00 3.9104071230e-03 3.9290760664e-03
3.5309031278e+01 2.8067534801e+01 2.7369590690e+01 7.9491092745e-01 3.8682823412e-02 1.7641734333e+02 6.0741343451e+00 8.0911557461e-01 1.2147869001e+01 1.4605605389e-02 2.1853066088e-02
5.5607602318e+01 5.1333326925e+01 4.6504112247e+01 9.2313505322e-01 4.7881578857e-02 2.1982064974e+02 1.9583468948e+01 -9.8674516985e-01 1.7413736822e+01 6.7233374067e-03 7.3247779399e-03
8.1643934859e+01 8.1081179456e+01 7.0829711687e+01 9.9310719890e-01 5.8809461814e-02 2.7209155068e+02 1.9350103658e+01 -3.5591402691e-01 1.1191771467e+01 5.1584437871e-03 5.6264335752e-03
8.1877327944e+01 7.3137882586e+01 6.7345528203e+01 8.9326171753e-01 3.9663460825e-02 1.8101820865e+02 5.2940940190e-01 -6.1211451928e-01 1.5739969854e+01 2.0760982822e-02 1.0000000000e+00
7.4197944310e+01 6.8110631955e+01 6.1875376567e+01 9.1795847700e-01 1.9810580950e-01 1.0018341405e+03 3.5028880963e+00 8.5993289030e-01 9.3594537169e+00 9.8628573321e-03 1.0000000000e+00
2.3176114026e+01 1.5342772314e+01 1.6346769205e+01 6.6200797496e-01 1.2665075546e-02 5.6660419163e+01 3.8730724929e+01 -6.0511514521e-01 9.4393922473e+00 1.0223245292e-02 1.0649812158e-02
6.7319269358e+01 4.2573151989e+01 4.6363004364e+01 6.3240662584e-01 6.9598712051e-02 3.2444573406e+02 3.7705338467e+00 9.8599579010e-01 1.8868593174e+01 1.2335291027e-02 1.0000000000e+00
7.5138424496e+01 6.3748579537e+01 6.0209807134e+01 8.4841517459e-01 1.4907133832e-01 7.3206071099e+02 1.3654894483e+01 -9.3263151530e-01 8.4736199672e+00 6.1827077700e-03 7.0409543085e-03
3.4408239808e+01 1.8032216701e+01 2.1463159441e+01 5.2406681659e-01 4.0382749112e-02 1.8439688075e+02 6.4896238405e+00 9.1415702144e-01 9.0381272601e+00 1.6568537496e-02 2.3731016775e-02
4.2680603820e+01 2.3494827634e+01 2.7326394552e+01 5.5048020719e-01 1.3106119355e-02 5.8653019893e+01 2.3388703622e+02 7.7351073547e-01 1.1184422726e+01 3.7769839626e-03 3.8014958157e-03
6.3671920292e+01 3.8506981790e+01 4.2837114603e+01 6.0477179916e-01 2.9072027218e-02 1.3165909571e+02 1.3258643119e+02 -7.5447796834e-01 9.4765348980e+00 3.4939553285e-03 3.5343237149e-03
7.8484054349e+01 6.6710649566e+01 6.2950010151e+01 8.4998984978e-01 2.1523771720e-01 1.0991878783e+03 5.1760742286e+00 -8.2167194665e-01 8.0083800603e+00 8.3538159773e-03 1.4562034816e-02
6.2541930938e+01 4.9512725993e+01 4.8377886574e+01 7.9167248677e-01 8.8651469501e-02 4.1868121378e+02 6.9713574360e+00 7.2392958371e-01 1.0362084733e+01 9.4344565706e-03 1.2989810317e-02
3.0662511784e+01 2.6405592716e+01 2.4757312553e+01 8.6116861211e-01 2.7651929820e-02 1.2509703586e+02 9.4383632412e+01 -9.2228828273e-01 8.2044725260e+00 5.5958494487e-03 5.6874633068e-03
6.8259585562e+01 6.6809499799e+01 5.8788168272e+01 9.7875630578e-01 1.0255246969e-01 4.8884849993e+02 2.2249971405e+00 -4.5701032578e-01 8.2371779958e+00 1.2716466447e-02 1.0000000000e+00
8.4745603256e+01 3.9979316079e+01 4.9978230447e+01 4.7175681737e-01 3.4921203587e-02 1.5882711358e+02 2.5992255841e+01 -6.6707803444e-01 1.6703909684e+01 5.8250432328e-03 6.2017531476e-03
7.2460609726e+01 5.4939845723e+01 5.4822578196e+01 7.5820291785e-01 1.1802219087e-01 5.6830891443e+02 1.7858952814e+01 9.6531542565e-01 8.9440500798e+00 6.0303646216e-03 6.6319411289e-03
8.3679292304e+01 8.2933016595e+01 7.2521346693e+01 9.9108171581e-01 4.5450908752e-02 2.0829851107e+02 1.0663420263e+02 -8.2234353133e-01 9.7545027820e+00 2.7014915001e-03 2.7405028646e-03
3.5935300389e+01 2.6049088172e+01 2.6566345650e+01 7.2488856056e-01 5.6520529194e-02 2.6107968770e+02 1.1068478690e+01 -9.4998786800e-01 8.1239507489e+00 1.1755921261e-02 1.3908888037e-02
3.9062624600e+01 2.7660995853e+01 2.8531303808e+01 7.0811923510e-01 3.9731011564e-02 1.8133536763e+02 3.8877870570e+01 9.2788817592e-01 8.8876779728e+00 7.0897460929e-03 7.3843601919e-03
3.5753291516e+01 2.0764993926e+01 2.3547830840e+01 5.8078551781e-01 3.1233039869e-02 1.4167030219e+02 2.6535775841e+01 -9.3485421767e-01 9.8392034891e+00 9.2718520462e-03 9.8577141664e-03
7.9560245950e+01 5.4983015833e+01 5.7382889621e+01 6.9108654927e-01 2.1955108437e-02 9.8906856005e+01 1.6236686786e+02 -4.0244934964e-01 8.0663551694e+00 2.7092577069e-03 2.7347191042e-03
3.3369572442e+01 2.7536939147e+01 2.6364955278e+01 8.2521102705e-01 4.4196184459e-02 2.0236567279e+02 7.6880121253e+00 8.4852425989e-01 1.0013588162e+01 1.3641425563e-02 1.7967717153e-02
3.7953725142e+01 3.2365315587e+01 3.0492003786e+01 8.5275728445e-01 4.4564140978e-02 2.0410446226e+02 6.2412984048e+00 -7.3566495354e-01 1.1283952176e+01 1.3466103997e-02 1.9771184488e-02
4.5905249946e+01 3.5132037231e+01 3.4898152460e+01 7.6531632598e-01 5.8603444220e-02 2.7109904913e+02 1.2861252666e+01 -6.8271381117e-01 8.0494920174e+00 9.3590050203e-03 1.0762179631e-02
3.2483201939e+01 2.8086248636e+01 2.6280935119e+01 8.6463916606e-01 1.2825315007e-02 5.7384217337e+01 1.2201717188e+02 -6.4833434462e-01 1.2670246568e+01 4.9405839576e-03 5.0027256948e-03
7.2384056767e+01 7.0406163186e+01 6.2145897718e+01 9.7267501064e-01 2.8630952299e-01 1.5192581971e+03 4.0286028964e+00 -9.7115993363e-01 8.0652474730e+00 8.9282039204e-03 5.7087795028e-02
3.5395130434e+01 3.5208773054e+01 3.0732005512e+01 9.9473494298e-01 2.9442402476e-02 1.3337273041e+02 1.0258217373e+01 6.4910712899e-01 1.3614501988e+01 1.1224013604e-02 1.3509247382e-02
7.4600285719e+01 6.6685095255e+01 6.1382152607e+01 8.9389865752e-01 4.3630987915e-02 1.9969652801e+02 2.6331623748e+01 5.0157074248e-01 1.3753488372e+01 5.0713484575e-03 5.3945777205e-03
4.4900517799e+01 2.4316861210e+01 2.8500487535e+01 5.4157195511e-01 1.9124627424e-02 8.5974255426e+01 8.2865117967e+01 -9.7099788671e-01 1.5217670575e+01 5.4088706360e-03 5.5101591519e-03
6.1068167310e+01 5.6132801136e+01 5.0960387412e+01 9.1918267091e-01 2.7650609064e-02 1.2509093903e+02 6.6137533198e+01 -7.1030686607e-01 1.5747726117e+01 4.0721978261e-03 4.1685893233e-03
6.3580423962e+01 6.1321074824e+01 5.4355860681e+01 9.6446470474e-01 1.1883423728e-01 5.7251953368e+02 1.4667913679e+01 8.3758719933e-01 8.1890546799e+00 6.5241664956e-03 7.3516251591e-03
7.7139859938e+01 7.5673576706e+01 6.6512237181e+01 9.8099188626e-01 1.6877341267e-01 8.3884578676e+02 4.0130663418e+00 8.5317389398e-01 1.2418117843e+01 9.0985501050e-03 7.7932402178e-02
2.8490060946e+01 2.7869209206e+01 2.4530010963e+01 9.7820812875e-01 2.6268772856e-02 1.1871846549e+02 1.5316956826e+01 4.7447680959e-01 8.2360756936e+00 1.1139912367e-02 1.2478800319e-02
7.6570143362e+01 6.9119722040e+01 6.3315639475e+01 9.0269808838e-01 7.7281100435e-02 3.6217104407e+02 3.7021443138e+01 -6.6041373428e-01 8.5707517010e+00 4.2914169781e-03 4.4794242891e-03
7.0948559327e+01 5.8876531822e+01 5.6215975750e+01 8.2984816577e-01 6.7019967860e-02 3.1186557986e+02 3.6251234581e+01 6.0412495123e-01 8.2505453832e+00 4.6871030821e-03 4.8971755946e-03
2.0793544671e+01 1.2848061477e+01 1.4147650971e+01 6.1788702601e-01 1.4122230185e-02 6.3248691405e+01 1.6731036964e+01 -8.5033511611e-01 1.1045658572e+01 1.5314947807e-02 1.6967297548e-02
7.9567260934e+01 6.5732512865e+01 6.2900746288e+01 8.2612511846e-01 1.8680762733e-02 8.3951053702e+01 2.5810088340e+02 -9.5506581307e-01 1.0736317489e+01 2.1543486778e-03 2.1670041251e-03
3.9377643485e+01 2.1062582966e+01 2.4830850456e+01 5.3488683176e-01 2.3037480369e-02 1.0386633629e+02 7.5965572430e+01 -9.5078643480e-01 1.0869038044e+01 6.0762757616e-03 6.2007894764e-03
3.2251233271e+01 1.4619863042e+01 1.8617131059e+01 4.5331175152e-01 1.1890737805e-02 5.3165180762e+01 5.0616484769e+01 3.8510480436e-01 8.4371023633e+00 8.5291797026e-03 8.7965917540e-03
3.8089126455e+01 2.9780815853e+01 2.9275685044e+01 7.8187185228e-01 5.6797991350e-02 2.6241275421e+02 7.0113276194e+00 9.7443720001e-01 1.0590940519e+01 1.3127551834e-02 1.8022896423e-02
4.5162515394e+01 4.5088327645e+01 3.9283945196e+01 9.9835731582e-01 3.4076032785e-02 1.5488762240e+02 3.3572639455e+01 4.3442512763e-01 8.8991357361e+00 6.1545521359e-03 6.4544201039e-03
8.5703225268e+01 7.5520224561e+01 7.0008475607e+01 8.8118299312e-01 1.1265033818e-01 5.4055373871e+02 3.5043013068e+01 -8.2504439528e-01 8.0473449282e+00 4.0318268649e-03 4.2193054264e-03
3.8636809454e+01 3.1465502834e+01 3.0321807820e+01 8.1439185271e-01 2.7934371307e-02 1.2640109662e+02 1.5336814527e+02 9.0121812279e-01 8.1288886274e+00 4.1086084658e-03 4.1495279875e-03
3.2182818410e+01 2.3746435429e+01 2.4010748347e+01 7.3786065369e-01 1.0291776384e-02 4.5960467041e+01 3.0930478046e+02 9.4517120428e-01 1.3333174790e+01 3.6939663479e-03 3.7120414760e-03
3.1297231517e+01 3.0275950519e+01 2.6796859919e+01 9.6736832787e-01 4.8033699197e-02 2.2054301613e+02 1.4194977343e+01 8.5831965258e-01 8.2215117901e+00 1.0704915862e-02 1.2119617757e-02
2.9617980393e+01 1.7499648077e+01 1.9684036837e+01 5.9084542042e-01 3.0640137813e-02 1.3892053832e+02 6.6245359068e+00 -9.0125873862e-01 1.0224719570e+01 1.7457183741e-02 2.4703744408e-02
2.5362474756e+01 2.1988372475e+01 2.0547797494e+01 8.6696478507e-01 1.9617103190e-02 8.8220569682e+01 1.7374104047e+01 -4.9900668188e-01 8.6997990206e+00 1.1918067569e-02 1.3146797952e-02
3.1331591269e+01 2.7773259176e+01 2.5670891732e+01 8.8642989557e-01 1.5032535349e-02 6.7371698462e+01 4.0420313669e+02 -9.5542054929e-01 8.1919498428e+00 3.1951797076e-03 3.2071183454e-03
3.2787451072e+01 2.2153465827e+01 2.3372782651e+01 6.7566904723e-01 2.6204879486e-02 1.1842412004e+02 7.3485113783e+01 -9.7908117721e-01 9.2553267583e+00 6.3772092741e-03 6.5124742365e-03
3.3281926963e+01 2.3485218878e+01 2.4265119438e+01 7.0564480550e-01 1.7846841190e-02 8.0153466124e+01 2.1551015872e+02 -8.0651463705e-01 8.0120276281e+00 4.1826815088e-03 4.2121709609e-03
4.1152104952e+01 2.5773640026e+01 2.8198242755e+01 6.2630186369e-01 2.7107237814e-02 1.2258362475e+02 1.3449534790e+02 -9.7242046590e-01 8.9123531961e+00 4.5186309521e-03 4.5700816600e-03
7.9527100682e+01 4.5100013021e+01 5.1724057132e+01 5.6710244224e-01 2.4126295716e-02 1.0886318098e+02 1.0013384319e+02 -3.0705154060e-01 8.8654352363e+00 3.4607808471e-03 3.5140935288e-03
2.9317471719e+01 2.2571378315e+01 2.2356095066e+01 7.6989511684e-01 2.7912823584e-02 1.2630159008e+02 1.1103146049e+01 -7.3322932988e-01 1.0117568233e+01 1.3305565230e-02 1.5731914194e-02
7.7049064862e+01 7.3517615318e+01 6.5516319955e+01 9.5416622448e-01 8.0670561817e-02 3.7893262603e+02 8.4562028002e+00 -2.1607055074e-01 8.4589598594e+00 7.2937892692e-03 9.2743210878e-03
2.9845350912e+01 2.9549412463e+01 2.5852687258e+01 9.9008426974e-01 1.3035746358e-02 5.8334992821e+01 4.6882590725e+02 -8.9946070783e-01 8.0537730143e+00 3.0127275071e-03 3.0224235995e-03
5.4065151303e+01 4.6283715060e+01 4.3521603321e+01 8.5607297759e-01 3.2221938894e-02 1.4626176246e+02 2.2606307402e+01 2.9041716585e-01 1.0008157571e+01 6.7032574561e-03 7.2110654739e-03
5.0339599625e+01 4.9579681398e+01 4.3490883788e+01 9.8490416625e-01 9.3966081351e-02 4.4536809539e+02 1.1077759251e+01 -8.0451573815e-01 8.1286009312e+00 8.4503552284e-03 9.9961673215e-03
5.5873202332e+01 4.9680988066e+01 4.5850193934e+01 8.8917380771e-01 1.0138371908e-01 4.8290374390e+02 8.8075341715e+00 8.8385616959e-01 9.4399177554e+00 8.8725912262e-03 1.1133967704e-02
3.8243417066e+01 3.3359660408e+01 3.1079974137e+01 8.7229810951e-01 3.9868360569e-02 1.8198032961e+02 1.1333419528e+01 -7.8610984994e-01 1.1724491157e+01 1.0668994661e-02 1.2560846571e-02
6.1470640208e+01 5.3732981792e+01 5.0009438678e+01 8.7412432357e-01 1.2101961577e-01 5.8387059169e+02 1.4657321161e+01 9.8711975035e-01 8.5009382043e+00 6.8664857259e-03 7.7381470410e-03
3.6783176960e+01 3.2362967204e+01 3.0023750910e+01 8.7983066931e-01 1.1985153064e-02 5.3591140862e+01 5.2277208388e+01 -8.0325079081e-01 2.4884568741e+01 6.2503475460e-03 6.4397351490e-03
8.2690562579e+01 7.1962479867e+01 6.7122101767e+01 8.7026230833e-01 8.7552273257e-02 4.1318335100e+02 3.4821649942e+01 8.5052521764e-01 1.0226655564e+01 4.2087674872e-03 4.4058274254e-03
4.1313931125e+01 3.5862468792e+01 3.3492311324e+01 8.6804784284e-01 1.7144068196e-02 7.6956716930e+01 3.2819832163e+02 -9.0130407568e-01 8.9218855034e+00 2.9218967522e-03 2.9353639977e-03
3.8946691391e+01 3.6093028525e+01 3.2634585091e+01 9.2672900408e-01 2.2752162161e-02 1.0255823992e+02 2.4072312848e+02 -9.5118687562e-01 8.6924290573e+00 3.3242696704e-03 3.3452237383e-03
3.2983037736e+01 2.5951893414e+01 2.5433215094e+01 7.8682544710e-01 2.1461598747e-02 9.6648152713e+01 9.4556599726e+00 -6.4577440127e-01 1.4635283981e+01 1.3088706607e-02 1.6086569502e-02
3.7782058306e+01 3.2514167243e+01 3.0494993712e+01 8.6057162318e-01 3.5645084662e-02 1.6220496921e+02 3.7274190503e+01 9.4713962522e-01 1.1074056008e+01 6.9261672589e-03 7.2273776058e-03
2.7894949884e+01 1.5706225223e+01 1.8074188401e+01 5.6304905687e-01 1.6063912506e-02 7.2049772491e+01 5.8727224705e+01 -9.0188090807e-01 1.0743176161e+01 8.1963131728e-03 8.4160259082e-03
3.0192722201e+01 2.1252523570e+01 2.1984602485e+01 7.0389557550e-01 1.3998295864e-02 6.2687790079e+01 1.1754290733e+02 5.0120421588e-01 8.0510953417e+00 5.5975719009e-03 5.6707217455e-03
3.3601096467e+01 2.6376587368e+01 2.5878869155e+01 7.8499186461e-01 1.5966728351e-02 7.1608665408e+01 6.9863304317e+01 4.6667895221e-01 9.5999254539e+00 6.1367274343e-03 6.2739194289e-03
4.1870946206e+01 3.5304611468e+01 3.3446491825e+01 8.4317682468e-01 2.9331568459e-02 1.3285983409e+02 3.9095033353e+01 8.5123625382e-01 1.3385539477e+01 6.4462772828e-03 6.7125487947e-03
3.6678317622e+01 3.1769940404e+01 2.9701816065e+01 8.6617768927e-01 3.7461619071e-02 1.7069657177e+02 3.0348623580e+01 -9.6935235722e-01 1.1049949428e+01 7.5970802909e-03 8.0105920642e-03
3.2789018723e+01 3.2130204607e+01 2.8255987089e+01 9.7990747692e-01 2.3434280633e-02 1.0568644129e+02 2.4933940108e+01 -8.5985779578e-01 1.5477678075e+01 8.5092762670e-03 9.0859449134e-03
4.4626368897e+01 3.7981283783e+01 3.5817284645e+01 8.5109509740e-01 4.3963536287e-02 2.0126673947e+02 9.1555204395e+00 -6.7746687033e-01 1.2002883033e+01 1.0551236600e-02 1.3086765127e-02
2.9296222008e+01 1.8185376539e+01 1.9980910899e+01 6.2074135476e-01 1.8632806545e-02 8.3732540812e+01 4.7152645786e+01 -9.1842191827e-01 1.1319348182e+01 8.3456540702e-03 8.6277463447e-03
3.5146800926e+01 2.3805784023e+01 2.5086519056e+01 6.7732434802e-01 2.4800233365e-02 1.1195998446e+02 2.1013804011e+01 -6.3852104187e-01 1.0194071728e+01 9.7652131390e-03 1.0569889477e-02
3.2399311551e+01 3.2166366313e+01 2.8103624123e+01 9.9281017939e-01 2.8406034640e-02 1.2857998683e+02 1.3218218450e+02 -9.4368795327e-01 8.2922284194e+00 4.5540894405e-03 4.6068707389e-03
3.0473228331e+01 2.0668178470e+01 2.1765962028e+01 6.7824052792e-01 3.3254714727e-02 1.5106379679e+02 3.0376273954e+01 -9.5716736784e-01 8.2740535815e+00 9.2465456027e-03 9.7493331663e-03
6.1218292497e+01 5.5780335267e+01 5.0860572662e+01 9.1117104041e-01 3.4167195216e-02 1.5531232158e+02 3.3529495931e+01 9.6137623290e-01 2.2097917973e+01 5.2393583917e-03 5.4949940740e-03
3.1657127267e+01 3.0009903398e+01 2.6830641245e+01 9.4796672943e-01 2.2081707533e-02 9.9486537551e+01 6.9738377706e+00 1.0166957490e-01 8.8367343956e+00 1.4183907337e-02 1.9525575719e-02
8.3318546045e+01 8.1224014698e+01 7.1614346015e+01 9.7486116301e-01 1.9236604772e-01 9.6956993364e+02 2.4623464564e+00 6.5023500586e-01 8.2224006450e+00 1.0304662892e-02 1.0000000000e+00
3.8156094876e+01 2.9055183585e+01 2.8932375638e+01 7.6148210868e-01 2.5713530900e-02 1.1616146580e+02 1.2812018681e+02 8.8562473267e-01 8.9831426895e+00 4.5321867260e-03 4.5864163079e-03
4.5650636016e+01 3.8761677355e+01 3.6595566666e+01 8.4909391714e-01 3.5575893026e-02 1.6188195121e+02 1.4597918917e+01 4.7459061015e-01 1.0413935908e+01 8.7837533583e-03 9.9044762644e-03
3.6545130151e+01 2.8788179494e+01 2.8196765793e+01 7.8774324720e-01 5.8650586991e-02 2.7132613826e+02 1.1524411398e+01 9.3674493475e-01 8.2874083985e+00 1.1142143520e-02 1.3073701984e-02
4.5495318995e+01 3.2383922251e+01 3.3319107158e+01 7.1180778520e-01 7.0143395997e-02 3.2710827861e+02 1.3398048927e+01 -9.1548410372e-01 8.1618814529e+00 9.4231385432e-03 1.0763339101e-02
3.0445753939e+01 1.6682974754e+01 1.9445673543e+01 5.4795735352e-01 1.6936647336e-02 7.6013838317e+01 9.0254369426e+01 -9.2382180332e-01 1.0186811180e+01 6.6611175670e-03 6.7753193987e-03
3.1100102003e+01 2.1039850620e+01 2.2184444216e+01 6.7652030909e-01 1.7673502779e-02 7.9364684206e+01 1.2712117824e+02 9.1485604594e-01 1.0168452941e+01 5.3926643472e-03 5.4577082933e-03
3.8279428741e+01 3.6740127804e+01 3.2645909165e+01 9.5978777669e-01 4.1249137986e-02 1.8847098846e+02 4.9763941474e+01 8.5802978375e-01 8.7056781023e+00 5.9355786602e-03 6.1250525726e-03
8.5343078705e+01 8.0348124687e+01 7.2081952161e+01 9.4147206669e-01 1.8434413679e-01 9.2477761166e+02 5.9603932135e+00 6.3816246966e-01 8.3689429136e+00 7.3982221378e-03 1.1226044584e-02
4.4567657918e+01 2.4943386806e+01 2.8785539733e+01 5.5967461543e-01 2.8660297297e-02 1.2975518406e+02 5.1586298039e+01 -9.0068672742e-01 1.1115228283e+01 6.3836105693e-03 6.5797751247e-03
4.4071359886e+01 3.6825066312e+01 3.5042422880e+01 8.3557817156e-01 1.9290216559e-02 8.6729371692e+01 1.1394172255e+01 -6.6654469934e-01 2.4404932401e+01 1.0002468940e-02 1.1763313404e-02
4.5969232107e+01 4.1848200733e+01 3.8174229152e+01 9.1035239909e-01 2.8376167039e-02 1.2844196731e+02 6.7594394544e+00 6.5024717138e-01 2.1158960543e+01 1.1468399485e-02 1.6047651794e-02
6.3880196852e+01 5.1694946298e+01 4.9970732148e+01 8.0924838753e-01 5.6791167822e-02 2.6237996468e+02 8.6544292187e+00 -9.1913204933e-01 1.9203594874e+01 8.6849190909e-03 1.0959235941e-02
4.1015122412e+01 3.5432528688e+01 3.3169190033e+01 8.6388938042e-01 6.4882173033e-02 3.0146836552e+02 1.2340588449e+01 -9.9087649866e-01 9.6593725162e+00 9.7756811435e-03 1.1322679620e-02
6.1735263105e+01 4.7721014967e+01 4.7173451161e+01 7.7299443732e-01 5.2489865430e-02 2.4176990550e+02 1.8441936510e+01 5.0305654807e-01 9.4957478810e+00 6.7966681239e-03 7.4492744205e-03
4.1677546384e+01 3.8894809638e+01 3.5046048986e+01 9.3323175217e-01 3.7212004556e-02 1.6952844212e+02 5.7114529654e+00 1.4124163240e-01 8.3081646594e+00 1.2818114372e-02 2.0141520653e-02
3.2273368358e+01 2.9130526737e+01 2.6685564567e+01 9.0261810957e-01 2.9278550597e-02 1.3261451685e+02 2.2138816771e+01 -8.5715002689e-01 1.1871667255e+01 9.1882333691e-03 9.9011710130e-03
3.4659116613e+01 3.3426529090e+01 2.9630170554e+01 9.6443684540e-01 2.3415953208e-02 1.0560235121e+02 9.7842402893e+01 7.1213675958e-01 9.2506639202e+00 4.9471675371e-03 5.0252146183e-03
5.6240223341e+01 2.4952672570e+01 3.2091857592e+01 4.4368018275e-01 6.2544099166e-02 2.9013019480e+02 1.6809092228e+01 9.7918264755e-01 8.7340265316e+00 8.8997541128e-03 9.8545710074e-03
4.1602617786e+01 3.0243829484e+01 3.0801609051e+01 7.2696938543e-01 1.7688299753e-02 7.9432010478e+01 1.6380548984e+02 -8.2483977870e-01 1.1608090369e+01 3.9942013773e-03 4.0314032480e-03
2.3392573308e+01 1.9718819769e+01 1.8683444174e+01 8.4295214166e-01 2.1604867995e-02 9.7303703101e+01 5.1351667651e+00 -8.7024908702e-01 1.3022746006e+01 1.9952639381e-02 3.5140742607e-02
3.7629736642e+01 3.3871110376e+01 3.1070921265e+01 9.0011553091e-01 4.7197541937e-02 2.1657424229e+02 2.6432214941e+01 -8.3844843593e-01 8.4327803207e+00 7.7335953360e-03 8.2244046229e-03
8.2976600983e+01 7.6325356720e+01 6.9267652162e+01 9.1984192912e-01 1.4070074889e-01 6.8736219762e+02 2.9120246758e+00 -7.1362082413e-01 1.1878843676e+01 1.0157427418e-02 1.0000000000e+00
4.3303871102e+01 3.9467570040e+01 3.5981905818e+01 9.1140974317e-01 3.7959579115e-02 1.7302810728e+02 6.1690678649e+00 -7.0340509793e-01 1.6041576684e+01 1.2243991945e-02 1.8119780737e-02
2.7306001761e+01 2.2954312726e+01 2.1778522072e+01 8.4063250736e-01 1.3795881897e-02 6.1771927268e+01 2.1184145973e+02 -6.8948826578e-01 8.2345001871e+00 4.5152292280e-03 4.5476218505e-03
3.9115413998e+01 3.8207283146e+01 3.3653873188e+01 9.7678329949e-01 1.8264448979e-02 8.2054626696e+01 1.6253278355e+02 9.0427293364e-01 1.3234732888e+01 3.7888560550e-03 3.8244264578e-03
3.7215809937e+01 2.4042509299e+01 2.5917394856e+01 6.4602945200e-01 1.4251637060e-02 6.3834470197e+01 2.2928253279e+02 8.8386476326e-01 1.1223423901e+01 3.9304833860e-03 3.9565099184e-03
3.4428122356e+01 3.2262171319e+01 2.9010260762e+01 9.3708773848e-01 2.7759293034e-02 1.2559268061e+02 2.7242980365e+01 4.4973282683e-01 8.1203128339e+00 8.0755732060e-03 8.5710575109e-03
3.9660792505e+01 3.8803401440e+01 3.4151077242e+01 9.7838189780e-01 2.6416830140e-02 1.1940064290e+02 2.9658653861e+01 -6.0890190773e-01 1.2469884479e+01 7.0698279861e-03 7.4645380302e-03
3.0551007341e+01 2.5111929934e+01 2.4089631206e+01 8.2196733003e-01 2.7338877121e-02 1.2365225515e+02 4.4558444078e+01 -9.0155882012e-01 9.7659962957e+00 7.5440935440e-03 7.8149344415e-03
3.1657339664e+01 1.7514368875e+01 2.0322553952e+01 5.5324828493e-01 1.2087900185e-02 5.4054758673e+01 8.2455182797e+01 -5.9125079127e-01 1.0564799160e+01 6.7234345991e-03 6.8499879070e-03
7.4095886864e+01 4.9576000864e+01 5.2551504836e+01 6.6907898619e-01 2.8317496481e-02 1.2817086517e+02 1.8363746470e+01 -7.6996273416e-01 2.7414732629e+01 6.4563939391e-03 7.0794595579e-03
5.2098944765e+01 4.6692769639e+01 4.2924281370e+01 8.9623254079e-01 2.9051702804e-02 1.3156508584e+02 1.2247108157e+02 -9.0348700431e-01 1.1703084813e+01 3.5949720453e-03 3.6400174664e-03
3.4298673602e+01 3.0304027661e+01 2.8055400443e+01 8.8353351539e-01 2.6485110473e-02 1.1971529494e+02 1.8939924404e+02 9.9990075582e-01 8.0099818524e+00 3.9883953271e-03 4.0204489741e-03
2.8512538517e+01 2.3597574447e+01 2.2560958517e+01 8.2762095816e-01 1.3856227217e-02 6.2044943112e+01 2.2596491968e+02 -9.4056774877e-01 1.0886307126e+01 4.3109368391e-03 4.3399069164e-03
8.4502768532e+01 3.0463700557e+01 4.3080220621e+01 3.6050535487e-01 7.6763208688e-02 3.5961626627e+02 1.7743745987e+01 9.4595862001e-01 9.8943894803e+00 7.1949854818e-03 7.9183098829e-03
3.8738048979e+01 2.5177381013e+01 2.7062495076e+01 6.4993931486e-01 2.6649535709e-02 1.2047313202e+02 3.9106941857e+01 -6.2523593269e-01 8.7667338894e+00 7.3698180522e-03 7.6741376869e-03
7.3261350233e+01 5.4542437678e+01 5.4910693971e+01 7.4449129732e-01 1.6748417462e-01 8.3179117019e+02 3.3174364990e+00 -8.0243521594e-01 8.4218907582e+00 1.1023063311e-02 1.0000000000e+00
3.6997369348e+01 3.5598654907e+01 3.1592216199e+01 9.6219421905e-01 3.0190303741e-02 1.3683583823e+02 8.0864627861e+01 -8.2551996831e-01 9.3806139237e+00 5.0839386569e-03 5.1815814044e-03
4.1998645868e+01 3.8668868550e+01 3.5076666741e+01 9.2071703150e-01 2.9906966000e-02 1.3552342813e+02 4.8000255563e+01 9.8696984294e-01 1.5032498240e+01 5.7918754853e-03 5.9839760720e-03
6.2864543447e+01 3.8695887097e+01 4.2687177228e+01 6.1554391356e-01 8.3260371664e-02 3.9178787984e+02 1.3047738294e+01 -9.4250394346e-01 9.8489911953e+00 8.0900479532e-03 9.2805624720e-03
6.4097760115e+01 5.0119989399e+01 4.9268072811e+01 7.8193043422e-01 1.2190918502e-01 5.8849920347e+02 6.5336933589e+00 8.4168088186e-01 9.1540432505e+00 9.3790567481e-03 1.3379378014e-02
4.3506785593e+01 4.2078319690e+01 3.7246853776e+01 9.6716682504e-01 7.8393152659e-02 3.6766248682e+02 3.7948367844e+00 -9.4294255906e-01 1.1620971301e+01 1.4038045077e-02 1.0000000000e+00
3.3257224382e+01 1.8416797725e+01 2.1360214910e+01 5.5376833358e-01 2.5134771631e-02 1.1349833443e+02 2.6846944517e+01 9.3192953125e-01 1.0683786783e+01 9.8478982879e-03 1.0462093121e-02
3.9818141584e+01 1.1094234826e+01 1.7609309661e+01 2.7862261734e-01 1.0041458583e-02 4.4834123646e+01 9.3494317340e+00 6.0129051401e-01 1.7582268608e+01 1.6656177124e-02 2.0535459143e-02
3.6042589976e+01 2.7988867738e+01 2.7605912997e+01 7.7654984718e-01 5.4103962636e-02 2.4949010586e+02 1.6219588065e+01 9.6267480283e-01 8.2139786881e+00 9.9592660669e-03 1.1075059174e-02
3.8287812405e+01 1.4059664953e+01 1.9717060242e+01 3.6720993105e-01 2.3676967695e-02 1.0680015046e+02 3.0352248083e+01 9.8432390136e-01 1.0465338793e+01 9.8962574462e-03 1.0434843310e-02
6.2236928968e+01 5.9386412795e+01 5.2922184436e+01 9.5419895839e-01 3.0882003862e-02 1.4004198667e+02 8.2826221267e+01 -4.4792602617e-01 9.3815133725e+00 3.6481996706e-03 3.7165504062e-03
6.9690318184e+01 3.2558466290e+01 4.0885583564e+01 4.6718779794e-01 1.0406580294e-01 4.9655823487e+02 9.8950384125e+00 9.6809771728e-01 8.3745146615e+00 9.1103688766e-03 1.1063308650e-02
3.6853617456e+01 3.2072090636e+01 2.9914943653e+01 8.7025624213e-01 2.2400453874e-02 1.0094650874e+02 1.5688312717e+02 7.9278419718e-01 8.8052376992e+00 4.1222695816e-03 4.1623888039e-03
8.4081669052e+01 7.7219280409e+01 7.0134040494e+01 9.1838424807e-01 1.2510956425e-01 6.0519013137e+02 8.8331147346e+00 -6.6417482227e-01 1.0338453757e+01 6.7054162637e-03 8.4068496585e-03
3.4481618633e+01 3.3972541270e+01 2.9795414979e+01 9.8523626839e-01 3.7266634486e-02 1.6978406092e+02 1.8308224320e+00 -8.9039456503e-01 1.0895478344e+01 2.1734692710e-02 1.0000000000e+00
3.0869478923e+01 2.8931261701e+01 2.6013374358e+01 9.3721250602e-01 1.9985116432e-02 8.9900231233e+01 1.6087985249e+02 -8.0958679293e-01 8.7124303312e+00 4.4628628676e-03 4.5051989574e-03
8.5221744727e+01 7.5098392440e+01 6.9616313533e+01 8.8121162833e-01 8.8243736104e-02 4.1664098075e+02 2.7638554031e+01 9.8520848651e-01 1.3409637795e+01 4.4843990297e-03 4.7551547395e-03
2.4750536191e+01 2.1485599428e+01 2.0065174735e+01 8.6808622092e-01 2.1388817976e-02 9.6315185390e+01 2.7133939640e+00 5.9360799375e-01 8.1982503926e+00 2.4242764597e-02 1.0000000000e+00
3.3931206751e+01 2.8076266615e+01 2.6845678875e+01 8.2744674604e-01 1.4273964710e-02 6.3935550854e+01 1.4651242821e+02 7.1367336887e-01 1.1717456428e+01 4.5480399960e-03 4.5954963194e-03
3.3149084954e+01 2.5330215456e+01 2.5180585459e+01 7.6413015595e-01 4.5186030258e-02 2.0704521117e+02 8.5903276807e+00 8.8779204143e-01 9.3463933897e+00 1.3458757147e-02 1.7024219976e-02
7.6680395756e+01 5.5389424420e+01 5.6585609923e+01 7.2234139995e-01 6.7544627969e-02 3.1442168691e+02 4.0173884192e+00 -6.6725858004e-01 1.8741499200e+01 1.0647785256e-02 8.1967309320e-02
7.2298438642e+01 6.3318524691e+01 5.8875284707e+01 8.7579380524e-01 1.2726267610e-01 6.1645324119e+02 1.0453945802e+01 8.1807005796e-01 9.2323590116e+00 7.0140169162e-03 8.4045101840e-03
4.4183109091e+01 3.5480493420e+01 3.4426713554e+01 8.0303297234e-01 3.6608460757e-02 1.6670569851e+02 6.4581244252e+00 -3.3747246406e-01 9.7988874302e+00 1.2382601397e-02 1.7787927376e-02
3.5988828503e+01 3.5188499994e+01 3.0979381420e+01 9.7776175156e-01 4.3192781704e-02 1.9762852089e+02 1.2960618936e+01 -6.7306833310e-01 9.1551791374e+00 1.0145834363e-02 1.1651871000e-02
3.6794009837e+01 3.6285038162e+01 3.1808577408e+01 9.8616699627e-01 1.9496962394e-02 8.7672426284e+01 1.2809125363e+02 9.3772264271e-01 1.3700898825e+01 4.2881461174e-03 4.3394674932e-03
4.3358887078e+01 4.1092443718e+01 3.6743689096e+01 9.4772828564e-01 4.3317009274e-02 1.9821465611e+02 1.5210033637e+01 -7.2645143757e-01 1.1610188468e+01 8.5876141745e-03 9.6287241780e-03
5.9781245415e+01 3.6792413515e+01 4.0590294699e+01 6.1545076989e-01 5.6658592391e-02 2.6174295067e+02 1.2945578883e+01 8.9614288690e-01 1.2793534449e+01 8.5045655204e-03 9.7688741785e-03
3.9062433863e+01 3.6567368799e+01 3.2898281568e+01 9.3612622621e-01 1.9794342721e-02 8.9029402008e+01 2.0879283350e+02 -9.3336923561e-01 1.0764748766e+01 3.4952139508e-03 3.5206599314e-03
4.8527711831e+01 2.8740858617e+01 3.2291867061e+01 5.9225662065e-01 2.9744589266e-02 1.3477154320e+02 6.8084789262e+01 9.4939072041e-01 1.1806036025e+01 5.3504188910e-03 5.4732900194e-03
6.7279302945e+01 6.6171669347e+01 5.8085508553e+01 9.8353678547e-01 7.4312353182e-02 3.4754883090e+02 1.5402434764e+01 8.0788307832e-01 1.3264015174e+01 6.3034127772e-03 7.0558228082e-03
4.5136362632e+01 3.8636208595e+01 3.6332247752e+01 8.5598852771e-01 1.4489888210e-02 6.4913241562e+01 5.5493651828e+01 -5.9989295653e-01 1.9896695934e+01 5.4167901380e-03 5.5709032343e-03
8.5791399215e+01 6.9165041746e+01 6.6981722254e+01 8.0620018299e-01 2.6495231071e-01 1.3903582509e+03 3.9547951136e+00 -8.4070786454e-01 8.3139185140e+00 8.6692236668e-03 1.0000000000e+00
2.4855778551e+01 2.3054990131e+01 2.0836691377e+01 9.2755051241e-01 1.2092289912e-02 5.4074567673e+01 2.7131365610e+02 9.7489171232e-01 1.1059050157e+01 4.2348528619e-03 4.2585060248e-03
5.5176966135e+01 3.7230641749e+01 3.9305512035e+01 6.7474970728e-01 4.2409813893e-02 1.9393659624e+02 3.7322920967e+01 5.4948150778e-01 8.0386335078e+00 5.8833192448e-03 6.1388161332e-03
3.1972838704e+01 3.0938928459e+01 2.7379499322e+01 9.6766285740e-01 1.2221055663e-02 5.4655691184e+01 3.7596127482e+02 -9.9891532608e-01 1.1458183037e+01 3.1590320511e-03 3.1717288459e-03
2.9527560442e+01 2.5972302017e+01 2.4098190075e+01 8.7959525367e-01 2.2594845374e-02 1.0183722176e+02 1.0505039705e+02 -9.7975526322e-01 9.9564959703e+00 5.4839260616e-03 5.5643439641e-03
4.8341683958e+01 4.3611746832e+01 3.9961480232e+01 9.0215613651e-01 6.4718245731e-02 3.0067229395e+02 2.1312789518e+01 -8.6340160185e-01 9.2483025533e+00 7.0897834039e-03 7.6645283519e-03
7.9691887966e+01 7.2803122764e+01 6.6296003275e+01 9.1355751033e-01 1.3589878300e-01 6.6190270064e+02 2.8703833918e+01 -9.8143372160e-01 8.2233476465e+00 4.4378887787e-03 4.6948016110e-03
3.8412103103e+01 3.1973702312e+01 3.0483132297e+01 8.3238614211e-01 6.5823630470e-02 3.0604360691e+02 7.3616471593e+00 -9.3450067724e-01 9.2089906795e+00 1.2501569336e-02 1.6773477494e-02
3.4574204805e+01 3.4473241485e+01 3.0054608075e+01 9.9707980788e-01 1.7992066878e-02 8.0814474532e+01 2.3431283636e+01 5.1674428350e-02 9.1067082614e+00 8.4083842191e-03 9.0198230924e-03
3.4334890538e+01 3.0663997604e+01 2.8238230449e+01 8.9308563747e-01 4.0964108549e-02 1.8713012712e+02 2.6693246527e+01 9.0252752086e-01 9.1740535868e+00 8.2101189214e-03 8.7254681018e-03
4.0692321728e+01 3.2793549805e+01 3.1764335178e+01 8.0589035996e-01 2.9734716185e-02 1.3472583153e+02 3.7917684022e+01 6.5882303006e-01 1.0059662598e+01 6.7327015586e-03 7.0201310388e-03
3.3864031340e+01 1.9172381572e+01 2.2005640011e+01 5.6615768452e-01 2.2957942612e-02 1.0350162581e+02 2.2296669697e+01 -6.9652675074e-01 9.7970803612e+00 1.0377336000e-02 1.1175999167e-02
2.3129321555e+01 2.1598225704e+01 1.9455104365e+01 9.3380282051e-01 1.8317487370e-02 8.2296167352e+01 7.0696572689e+01 -9.1347528241e-01 9.9737405638e+00 7.2916091079e-03 7.4526194342e-03
3.1049278371e+01 2.8340382955e+01 2.5818568870e+01 9.1275496376e-01 3.1905922655e-02 1.4479380001e+02 4.9541155521e+00 -9.6578582656e-01 1.6450306748e+01 1.6418208792e-02 3.0450028836e-02
5.4163672997e+01 4.9187121248e+01 4.4923433717e+01 9.0812012049e-01 8.0879770420e-02 3.7996954684e+02 2.4554049389e+00 -9.5717139662e-01 1.2701993785e+01 1.4679731530e-02 1.0000000000e+00
3.2129281069e+01 1.2302147973e+01 1.6927433498e+01 3.8289521471e-01 1.3316600542e-02 5.9604416983e+01 5.1496865508e+01 -8.3992706102e-01 1.1514886846e+01 8.9855108645e-03 9.2621373233e-03
2.6340460467e+01 2.3798701857e+01 2.1790669002e+01 9.0350363794e-01 1.3760009474e-02 6.1609643895e+01 1.0585167995e+02 8.9137071477e-01 1.3219870984e+01 5.8550486821e-03 5.9402414072e-03
4.0839426735e+01 1.0887882001e+01 1.7622594533e+01 2.6660222416e-01 1.2544685745e-02 5.6116734380e+01 1.5256595309e+02 -7.0643987578e-01 8.2413419751e+00 5.8337337391e-03 5.8921457104e-03
4.4861311310e+01 3.9894195719e+01 3.6815899986e+01 8.8927841282e-01 1.5840007872e-02 7.1033591381e+01 1.4895866936e+02 -3.6611191045e-01 9.0339927094e+00 3.7066631016e-03 3.7446929339e-03
4.2189295464e+01 4.1708831862e+01 3.6518062402e+01 9.8861171783e-01 5.8525573999e-02 2.7072397531e+02 2.6730312156e+01 -9.9347552150e-01 9.7891213360e+00 6.9149422214e-03 7.3483196901e-03
5.8895730494e+01 4.5619344584e+01 4.5050947063e+01 7.7457812648e-01 1.1030271031e-01 5.2847821732e+02 7.3775619597e+00 9.7658686333e-01 9.9042485612e+00 9.5386648611e-03 1.2785822412e-02
3.2264091161e+01 1.6756250001e+01 2.0029148872e+01 5.1934672258e-01 1.7016873919e-02 7.6378492394e+01 3.4783445627e+01 9.0876301043e-01 1.3259428613e+01 9.3494671381e-03 9.7877444953e-03
2.7314350546e+01 2.6423834755e+01 2.3387049497e+01 9.6739751181e-01 1.7165438679e-02 7.7053877636e+01 2.3890847054e+02 -9.4000948772e-01 8.8596368403e+00 4.1195949653e-03 4.1457617972e-03
4.3222361938e+01 3.8274084898e+01 3.5394864338e+01 8.8551581130e-01 3.4934842363e-02 1.5889072469e+02 1.4722695367e+02 9.7954484696e-01 8.2071022881e+00 3.7715268861e-03 3.8106860680e-03
8.5318984654e+01 7.6637445331e+01 7.0374023171e+01 8.9824610129e-01 2.3327643258e-01 1.2033699901e+03 4.6182329167e+00 -8.3042249409e-01 9.1948073043e+00 8.0574347701e-03 1.7127468946e-02
4.4581692957e+01 3.8965788399e+01 3.6267476820e+01 8.7403115078e-01 2.9174366674e-02 1.3213250471e+02 1.5506026187e+02 8.1718548331e-01 8.2062270542e+00 3.6557720759e-03 3.6917770541e-03
3.6106842565e+01 3.4320542536e+01 3.0643465699e+01 9.5052738201e-01 2.3402476270e-02 1.0554051761e+02 1.8641169585e+00 -6.8420793058e-01 1.4427695061e+01 2.1392083911e-02 1.0000000000e+00
2.8746022647e+01 2.6914818264e+01 2.4212050797e+01 9.3629712170e-01 2.5946654860e-02 1.1723479978e+02 5.4748919185e+01 -7.9390471252e-01 8.7107174424e+00 6.9671825389e-03 7.1682471609e-03
3.7051049530e+01 2.1213115799e+01 2.4219360995e+01 5.7253751426e-01 2.1942898995e-02 9.8850956112e+01 6.3173727313e+01 7.5456059141e-01 9.4538071849e+00 6.6179919674e-03 6.7823324917e-03
7.5386481516e+01 7.4409163786e+01 6.5200676403e+01 9.8703590206e-01 8.0868361041e-02 3.7991299042e+02 4.2719104470e+00 -9.7296441599e-01 2.6636542815e+01 9.4497838442e-03 2.6545778529e-02
2.7903433884e+01 2.3499339503e+01 2.2275664818e+01 8.4216658065e-01 2.0568333817e-02 9.2563959256e+01 1.7186342381e+01 3.8967996913e-01 8.0602828027e+00 1.1371204465e-02 1.2558958792e-02
7.2785910729e+01 6.7356213239e+01 6.0945444814e+01 9.2540180599e-01 1.7912341354e-01 8.9581591024e+02 4.2630396092e+00 -8.2871144899e-01 9.9782944288e+00 9.3425011216e-03 2.6552168172e-02
3.5870644706e+01 3.1933368025e+01 2.9453659766e+01 8.9023680189e-01 3.7047126771e-02 1.6875708095e+02 3.2685254125e+01 -7.2162151537e-01 8.2836425873e+00 7.4293820867e-03 7.8021200941e-03
4.1597285900e+01 3.7207901602e+01 3.4238059516e+01 8.9447906988e-01 2.1213498679e-02 9.5513255468e+01 6.1200531952e+01 -7.2242938052e-01 1.4267828935e+01 5.3966156477e-03 5.5351534061e-03
4.1370915692e+01 4.1086041495e+01 3.5891218227e+01 9.9311414328e-01 5.1706604250e-02 2.3802960281e+02 4.2883090822e+01 9.2848111428e-01 8.7925571018e+00 5.8784348956e-03 6.0982988060e-03
3.6604397822e+01 2.0931581303e+01 2.3911855728e+01 5.7183241764e-01 2.2058658343e-02 9.9380990244e+01 7.0187793028e+01 9.8870952515e-01 1.1541845469e+01 6.4123461502e-03 6.5550097318e-03
6.5989086420e+01 5.3695497552e+01 5.1765253984e+01 8.1370269638e-01 3.4888021230e-02 1.5867235652e+02 1.0927846591e+01 -8.7585068322e-01 2.8785424718e+01 7.8865662086e-03 9.3565141000e-03
3.5780945933e+01 2.6972560198e+01 2.6990864451e+01 7.5382468225e-01 3.8883132862e-02 1.7735662780e+02 1.1464793877e+01 -6.0478634705e-01 8.0342971258e+00 1.1608970778e-02 1.3635603983e-02
3.1741514842e+01 3.1131052486e+01 2.7365326420e+01 9.8076769936e-01 4.4192618138e-02 2.0234882433e+02 3.4676809080e+01 -9.6956504224e-01 8.1872876939e+00 7.5756131289e-03 7.9319257834e-03
3.0610658118e+01 2.9856033084e+01 2.6317196384e+01 9.7534763770e-01 2.6475088976e-02 1.1966911157e+02 5.3336924610e+01 7.1696036699e-01 8.7240182057e+00 6.6764058932e-03 6.8744616403e-03
8.0452642554e+01 7.8763775406e+01 6.9298292439e+01 9.7900793443e-01 8.8724701502e-02 4.1904776347e+02 1.2712950831e+01 -4.9437332553e-01 1.0123406934e+01 6.0159327677e-03 6.9315983248e-03
5.9547120549e+01 4.3613535755e+01 4.4257453114e+01 7.3242056632e-01 4.6314365069e-02 2.1238719380e+02 2.0558716943e+01 -8.5586520599e-01 1.4563927234e+01 6.8158003688e-03 7.3918876689e-03
3.6835096294e+01 2.5091936403e+01 2.6369478344e+01 6.8119643840e-01 2.7484971674e-02 1.2432642085e+02 6.9116244298e+01 -8.1337882018e-01 8.7103814956e+00 6.0468620133e-03 6.1835674655e-03
7.3870352384e+01 6.1194606830e+01 5.8479204117e+01 8.2840550851e-01 2.2007515041e-01 1.1269592336e+03 3.5633162446e+00 -8.9466583132e-01 8.2249616658e+00 1.0037090340e-02 1.0000000000e+00
3.2422922224e+01 3.0902975059e+01 2.7554668916e+01 9.5312121608e-01 3.9301227210e-02 1.7931798437e+02 2.1513162857e+01 8.0594177781e-01 8.8236277592e+00 9.0483886312e-03 9.7740290367e-03
7.0107671487e+01 6.4751398690e+01 5.8645242438e+01 9.2359933394e-01 1.2075058731e-02 5.3996811308e+01 1.9211909482e+02 2.5588626759e-01 1.0522821566e+01 2.5245172982e-03 2.5445147348e-03
3.7629651124e+01 3.4542752917e+01 3.1380369167e+01 9.1796633467e-01 5.0301896100e-02 2.3133157982e+02 2.0410145953e+01 8.5811570490e-01 8.7825266291e+00 8.4527072493e-03 9.1732019118e-03
7.4643618203e+01 7.1246158244e+01 6.3481548019e+01 9.5448425411e-01 3.4800727623e-02 1.5826526788e+02 1.7136723569e+01 -9.2519492838e-01 3.3911823474e+01 5.8648603440e-03 6.4795962996e-03
4.4006294978e+01 3.5984837564e+01 3.4607660536e+01 8.1772022803e-01 2.6979949234e-02 1.2199655034e+02 8.2810082532e+01 -8.2641087101e-01 1.1465225415e+01 4.7690366201e-03 4.8584047807e-03
8.2863857112e+01 5.2138601642e+01 5.6917573724e+01 6.2920799802e-01 7.7453139990e-02 3.6302009129e+02 2.8967632575e+01 -9.4310774462e-01 1.1588432700e+01 5.0283486837e-03 5.3165052869e-03
3.6626079020e+01 3.1402992416e+01 2.9506518436e+01 8.5739432818e-01 3.0421024063e-02 1.3790491659e+02 4.3833013376e+01 -8.4440221556e-01 1.0657714277e+01 6.6744013745e-03 6.9182560607e-03
6.9719322708e+01 1.7232166848e+01 2.8837687085e+01 2.4716486304e-01 3.0489406689e-02 1.3822184537e+02 7.1279618048e+01 -8.5881888200e-01 9.0770568421e+00 5.6419763147e-03 5.7654996632e-03
5.6530684871e+01 3.4165841906e+01 3.8019613111e+01 6.0437693236e-01 4.0486345436e-02 1.8488377524e+02 7.5553188480e+01 9.0914147974e-01 9.5671633585e+00 4.6163464561e-03 4.7114796793e-03
5.1031326248e+01 5.0531125060e+01 4.4206981209e+01 9.9019815425e-01 4.9066424229e-02 2.2545101122e+02 2.0098429403e+01 8.0465039918e-01 1.3084637561e+01 6.8675415189e-03 7.4635126576e-03
3.8469559435e+01 2.4732921031e+01 2.6723217690e+01 6.4292186847e-01 1.7415446456e-02 7.8190762179e+01 7.8774458471e+01 -5.2200752505e-01 9.4531681064e+00 5.7449239692e-03 5.8582964084e-03
2.0720406879e+01 1.5086440963e+01 1.5353161841e+01 7.2809578744e-01 1.0974086956e-02 4.9032768375e+01 7.6181945215e+00 -3.8303157583e-01 1.0217477420e+01 1.9583488798e-02 2.5891077139e-02
2.4093539247e+01 1.9890486679e+01 1.9040073061e+01 8.2555271248e-01 1.0080795736e-02 4.5011099287e+01 1.5302034392e+02 -7.8042239787e-01 1.2173919129e+01 5.5606345008e-03 5.6161436100e-03
7.9073840581e+01 7.0318413851e+01 6.4892651996e+01 8.8927530692e-01 7.9629232081e-02 3.7377542893e+02 5.3782312130e+01 -8.9885900297e-01 9.2176215124e+00 3.6686991020e-03 3.7765804918e-03
5.0567635022e+01 4.1187946443e+01 3.9687996060e+01 8.1451201791e-01 1.2579157190e-02 5.6272398761e+01 3.3931308265e+02 -6.5750280667e-01 9.3517509265e+00 2.6024980909e-03 2.6140970651e-03
5.4018991364e+01 4.5194658407e+01 4.2979945670e+01 8.3664387775e-01 7.5017971318e-02 3.5101927982e+02 1.2039241023e+01 -9.1627462154e-01 1.0936790397e+01 8.3419980777e-03 9.7059736467e-03
4.5645521029e+01 2.4369424350e+01 2.8754638541e+01 5.3388424100e-01 2.9052459047e-02 1.3156858376e+02 1.1397758311e+02 9.7389513016e-01 9.0771997017e+00 4.7440314503e-03 4.8080146975e-03
3.0416116643e+01 2.9061932398e+01 2.5881271523e+01 9.5547806906e-01 6.2781106656e-02 2.9127795248e+02 6.2601484621e+00 -9.5634975197e-01 8.1524790582e+00 1.4742057789e-02 2.1601105786e-02
3.9471202560e+01 3.7699411134e+01 3.3579835480e+01 9.5511179516e-01 1.6939464770e-02 7.6026643677e+01 9.1316248385e+01 5.6110104877e-01 1.2454583059e+01 4.7136429159e-03 4.7934869756e-03
2.8316217119e+01 2.4292739109e+01 2.2818920474e+01 8.5790905639e-01 1.1108573657e-02 4.9638703057e+01 3.2781775270e+02 9.5701625205e-01 1.1649903600e+01 3.7292844676e-03 3.7464931485e-03
3.8570354353e+01 3.6519199523e+01 3.2669991553e+01 9.4682043074e-01 6.1779444772e-02 2.8642962790e+02 1.3287468220e+01 -9.4072614746e-01 9.2534098745e+00 9.6164619745e-03 1.0998783550e-02
3.6174250559e+01 3.4829729839e+01 3.0899627917e+01 9.6283210572e-01 1.4664890736e-02 6.5705873227e+01 5.2538713953e+01 2.7895303802e-01 1.1102303033e+01 6.1174232151e-03 6.3018087162e-03
4.6199206386e+01 6.8600207026e+00 1.4309477665e+01 1.4848784729e-01 1.8017344008e-02 8.0929540149e+01 1.0004877678e+01 -9.4903801482e-01 1.0626687822e+01 1.8396257307e-02 2.2277673373e-02
2.8704367757e+01 2.3457995428e+01 2.2566898625e+01 8.1722738596e-01 4.2216009829e-02 1.9302336700e+02 1.6774754053e+01 -9.8390665374e-01 8.1371657013e+00 1.1233915972e-02 1.2442138353e-02
4.2744291253e+01 2.8642154180e+01 3.0339409769e+01 6.7008139193e-01 1.7725030906e-02 7.9599143639e+01 1.6652233958e+02 -6.3181455202e-01 9.0809063333e+00 4.0072373276e-03 4.0439413989e-03
4.3031526183e+01 4.1023468195e+01 3.6574531272e+01 9.5333519011e-01 1.0555072486e-01 5.0413668280e+02 3.4324546040e+00 9.7006401765e-01 8.4357145113e+00 1.4515952570e-02 1.0000000000e+00
2.2732257951e+01 1.4484724094e+01 1.5717499348e+01 6.3718809303e-01 2.6850083497e-02 1.2139769997e+02 4.7965047947e+00 -9.1635490056e-01 8.0895600042e+00 2.2732246321e-02 4.4570092609e-02
3.2085170643e+01 2.4778418777e+01 2.4505293654e+01 7.7227012604e-01 1.6463505568e-02 7.3864140286e+01 6.6649448592e+01 6.9081592824e-01 1.1663777157e+01 6.4606649498e-03 6.6123671482e-03
7.9590168640e+01 7.5824828495e+01 6.7624478970e+01 9.5269088872e-01 1.8551807515e-01 9.3131060955e+02 4.5532311903e+00 5.9211138839e-01 8.1720982408e+00 8.5122287266e-03 1.8763902892e-02
4.1943088771e+01 3.5680218016e+01 3.3655365965e+01 8.5068169899e-01 1.3795385514e-02 6.1769681618e+01 2.2732240831e+02 -4.5224194474e-01 8.4889379178e+00 3.3500555435e-03 3.3724322778e-03
4.8174119247e+01 4.1820090888e+01 3.9054972782e+01 8.6810286397e-01 4.3950914901e-02 2.0120713131e+02 5.8941793481e+01 8.0241190992e-01 8.8968877064e+00 4.9720928069e-03 5.1048668544e-03
4.1877082124e+01 1.8628701334e+01 2.3929631917e+01 4.4484239085e-01 1.7535076651e-02 7.8734915717e+01 1.6504502643e+02 8.1486449093e-01 9.0871468816e+00 4.6640849043e-03 4.7071942372e-03
3.2448128575e+01 2.6575414652e+01 2.5538581230e+01 8.1901224566e-01 3.6100368190e-02 1.6433122038e+02 1.2718172080e+01 7.9576046802e-01 9.7820570500e+00 1.1578101698e-02 1.3339424165e-02
4.2129095953e+01 3.9501404321e+01 3.5509643610e+01 9.3762762831e-01 4.0303924966e-02 1.8402646029e+02 7.6967356951e+00 9.0356173188e-01 1.7435604207e+01 1.1346559214e-02 1.4938164874e-02
5.0272936355e+01 4.2390804111e+01 4.0158878772e+01 8.4321321142e-01 5.3370798540e-02 2.4598132384e+02 3.2101345635e+01 9.7962840337e-01 1.1218809404e+01 6.1023588861e-03 6.4146252694e-03
7.3704044712e+01 2.9703562554e+01 3.9927251866e+01 4.0301129565e-01 3.0547432056e-02 1.3849079611e+02 6.8804462410e+01 6.4216389229e-01 1.0222550154e+01 4.6650213724e-03 4.7709846898e-03
3.6824086325e+01 3.0247456975e+01 2.9025843457e+01 8.2140414043e-01 1.0213486134e-02 4.5608142730e+01 1.6336940162e+02 7.6348159032e-01 1.7814154693e+01 4.1685303418e-03 4.2074613295e-03
5.1950930285e+01 4.4397795864e+01 4.1783387628e+01 8.5461021815e-01 3.0634901402e-02 1.3889626317e+02 1.0249763126e+02 -6.8668283612e-01 9.3885478905e+00 3.9046782103e-03 3.9634032835e-03
3.3347666436e+01 2.1921691842e+01 2.3435100803e+01 6.5736809153e-01 2.6695396136e-02 1.2068453491e+02 4.2181018736e+01 -8.6885015136e-01 9.4668068105e+00 7.8376175683e-03 8.1359852150e-03
7.1581283337e+01 6.8411641569e+01 6.0916715309e+01 9.5571968509e-01 1.3243392133e-01 6.4361569197e+02 4.4806328157e+00 -9.8640092791e-01 1.5137973815e+01 9.4069783070e-03 2.1728130875e-02
3.6101074228e+01 2.0992465898e+01 2.3792098781e+01 5.8149144721e-01 3.1002135309e-02 1.4059913719e+02 2.7469525806e+01 9.6448947191e-01 1.0264757093e+01 9.0948147545e-03 9.6477030010e-03
5.5171869882e+01 5.1403618941e+01 4.6354870549e+01 9.3169977837e-01 4.7920248164e-02 2.2000426264e+02 6.9405738587e+00 6.4152675662e-01 1.6113088549e+01 9.9399161896e-03 1.3716520459e-02
4.8362693389e+01 3.7472444787e+01 3.6999894226e+01 7.7482129635e-01 2.3470483622e-02 1.0585255475e+02 1.0774689875e+02 -6.2203681397e-01 9.9421787164e+00 4.1528531377e-03 4.2121874872e-03
6.7486635940e+01 4.0697709298e+01 4.5335641255e+01 6.0304842183e-01 1.5447475395e-01 7.6112810428e+02 4.2665889367e+00 9.9720148937e-01 8.9846529523e+00 1.1386108420e-02 3.2208078796e-02
5.1740274046e+01 3.2050674926e+01 3.5250081108e+01 6.1945313428e-01 4.8158883170e-02 2.2113758306e+02 5.5850009618e+00 5.6041351545e-01 1.0699409773e+01 1.2795138712e-02 2.0519541113e-02
6.6130873223e+01 4.4198711180e+01 4.6875932624e+01 6.6835214819e-01 1.2713602833e-01 6.1578998076e+02 8.0150697731e+00 8.7916360883e-01 8.0393804356e+00 8.9356591519e-03 1.1579956377e-02
5.6197645152e+01 5.0801642026e+01 4.6503039908e+01 9.0398168621e-01 8.5791328182e-02 4.0439113436e+02 9.0455946898e+00 6.9350985548e-01 9.0399770613e+00 8.7849541892e-03 1.0934811161e-02
4.2923764372e+01 2.5796469705e+01 2.8783123484e+01 6.0098339656e-01 7.9540144771e-02 3.7333453610e+02 3.9591381365e+00 -9.9972767019e-01 8.2646036672e+00 1.6221277307e-02 1.0000000000e+00
3.3413278962e+01 2.7450853066e+01 2.6339812460e+01 8.2155519958e-01 3.5441368199e-02 1.6125401780e+02 7.0000154207e+00 -9.0659812014e-01 1.3481612203e+01 1.4212558005e-02 1.9528238310e-02
3.2906870691e+01 3.0591993513e+01 2.7617440463e+01 9.2965368237e-01 3.7683781325e-02 1.7173657417e+02 6.3901245686e+01 9.9494764196e-01 8.3484300580e+00 6.0127682032e-03 6.1603021395e-03
6.4776042914e+01 4.7928291301e+01 4.8396693635e+01 7.3990767489e-01 3.6602426640e-02 1.6667748926e+02 1.3382501321e+02 -8.5166970589e-01 8.9890852433e+00 3.2114547814e-03 3.2482085573e-03
7.4100841349e+01 5.5701258646e+01 5.5815721747e+01 7.5169536044e-01 1.3047361078e-01 6.3330053150e+02 2.1781134086e+00 -9.9028007502e-01 1.1190243735e+01 1.3035567751e-02 1.0000000000e+00
3.9400240105e+01 3.7928239634e+01 3.3651857280e+01 9.6263980963e-01 6.2338670030e-02 2.8913565009e+02 6.0251892879e+00 7.4384775854e-01 9.5320758423e+00 1.2695117190e-02 1.9107378950e-02
3.5042397511e+01 3.3627166432e+01 2.9882545758e+01 9.5961374850e-01 3.5131866558e-02 1.5980977922e+02 2.9851920033e+01 8.5392794376e-01 1.0556785069e+01 7.6260183696e-03 8.0487353332e-03
3.9212174394e+01 1.7786344402e+01 2.2642890157e+01 4.5359240279e-01 2.3371878820e-02 1.0540013779e+02 4.2442973564e+01 -6.8659871466e-01 8.4128276048e+00 8.0055325970e-03 8.3082784141e-03
2.9305978638e+01 2.1012432259e+01 2.1543395260e+01 7.1700155516e-01 1.6018757657e-02 7.1844812260e+01 1.8616769259e+01 -8.3979392471e-01 1.6684330535e+01 1.1299824601e-02 1.2372758869e-02
3.9661980785e+01 3.4408396198e+01 3.2143590529e+01 8.6754104352e-01 3.1303917394e-02 1.4199917294e+02 3.5692667898e+01 -7.8307492159e-01 1.1395021314e+01 6.8297208750e-03 7.1410246802e-03
4.3795378057e+01 4.1539815072e+01 3.7128727746e+01 9.4849769348e-01 3.5979178061e-02 1.6376510959e+02 8.0619014532e+00 8.0818045807e-01 1.8421562451e+01 1.0872852636e-02 1.4059958550e-02
4.4795411321e+01 4.3586659838e+01 3.8466213327e+01 9.7301617627e-01 3.5731419042e-02 1.6260806124e+02 3.9406614823e+01 -4.9862907085e-01 8.5547533187e+00 5.8664882210e-03 6.1067476499e-03
2.8106255450e+01 6.4565254071e+00 1.1157306831e+01 2.2971844893e-01 1.2005270404e-02 5.3681909182e+01 8.6593484388e+00 -9.0807518879e-01 1.0398376317e+01 2.2771935393e-02 2.8729955461e-02
2.9619980040e+01 2.7636601233e+01 2.4904426978e+01 9.3303915788e-01 2.6976013221e-02 1.2197839856e+02 3.4676666911e+01 -6.2759697271e-01 8.0829750443e+00 8.1191152167e-03 8.5009927434e-03
2.4453526834e+01 2.3857564517e+01 2.1026703815e+01 9.7562877860e-01 2.2565932852e-02 1.0170472705e+02 1.2429476456e+02 9.9299689438e-01 8.1943480708e+00 5.6067585791e-03 5.6759576622e-03
5.2097516607e+01 5.0336510400e+01 4.4579092833e+01 9.6619788578e-01 4.7493253537e-02 2.1797730530e+02 4.4463308766e+01 -7.5028833153e-01 9.9430147472e+00 5.0771329749e-03 5.2598236376e-03
4.4819855031e+01 2.9552866243e+01 3.1547089573e+01 6.5936996501e-01 3.1892748507e-02 1.4473261754e+02 4.2957711847e+01 9.6611803189e-01 1.2604318338e+01 6.4440537345e-03 6.6846248715e-03
3.8352700935e+01 3.5058771271e+01 3.1915584336e+01 9.1411479287e-01 4.1904448982e-02 1.9155576402e+02 3.2312572251e+00 -7.9195119649e-01 1.3127798749e+01 1.6778851706e-02 1.0000000000e+00
3.3226897391e+01 1.7344088191e+01 2.0682568651e+01 5.2198939873e-01 1.8086601473e-02 8.1244833248e+01 1.3985026549e+01 9.9507502771e-01 1.7576159656e+01 1.2887799159e-02 1.4623338604e-02
3.7652872139e+01 3.4967763465e+01 3.1584031930e+01 9.2868781260e-01 3.4956870900e-02 1.5899346812e+02 3.3099823708e+01 -7.9904510016e-01 1.0401730962e+01 7.0874902410e-03 7.4382063087e-03
4.3222823023e+01 3.6765734486e+01 3.4680731731e+01 8.5060928268e-01 8.1325520709e-02 3.8217976856e+02 6.3863235014e+00 -8.0484967899e-01 8.1163336902e+00 1.2055180281e-02 1.7437905022e-02
2.2646716608e+01 2.0777576871e+01 1.8880501847e+01 9.1746530989e-01 1.4997949650e-02 6.7214949524e+01 5.1667461683e+00 -4.8216841028e-01 1.2011911981e+01 1.9857068503e-02 3.4694082955e-02
5.6421380730e+01 3.9119666957e+01 4.0762922699e+01 6.9334827420e-01 3.9989494950e-02 1.8254925304e+02 4.5641422227e+01 7.1176341479e-01 1.0112484434e+01 5.3407486240e-03 5.5276398979e-03
2.3310928842e+01 2.0516945241e+01 1.9030635263e+01 8.8014275963e-01 1.1544215589e-02 5.1602338098e+01 2.0457735662e+01 -8.8551048509e-02 8.1965134987e+00 1.1818852401e-02 1.2823545412e-02
3.0913857560e+01 2.5131625239e+01 2.4239080607e+01 8.1295662277e-01 2.5618995009e-02 1.1572631229e+02 3.8534399891e+01 -7.1457357046e-01 8.8673024988e+00 7.9439891793e-03 8.2772753257e-03
5.4806558478e+01 3.2157108021e+01 3.6290933657e+01 5.8673831954e-01 5.7620980723e-02 2.6636969628e+02 3.0422773481e+01 8.6456583570e-01 8.3120190013e+00 6.6166942548e-03 6.9758754508e-03
6.4116717030e+01 5.1658616172e+01 5.0043216874e+01 8.0569652604e-01 5.1079884659e-02 2.3503966976e+02 2.2146462928e+01 -9.1950231405e-01 1.6053020045e+01 6.1209455037e-03 6.5956964229e-03
2.4516527832e+01 2.1154647751e+01 1.9814833099e+01 8.6287291156e-01 1.4863668527e-02 6.6606437921e+01 1.7677018666e+02 9.2562087179e-01 9.6330423687e+00 5.1229313111e-03 5.1670910529e-03
7.5923224442e+01 7.5205457798e+01 6.5781689426e+01 9.9054615172e-01 9.4860435806e-02 4.4987603393e+02 5.1550911483e+01 9.1670967750e-01 8.1620660698e+00 3.6636775775e-03 3.7763419229e-03
2.3812904349e+01 1.5315178754e+01 1.6544854345e+01 6.4314619205e-01 1.5187088396e-02 6.8072259951e+01 8.2099944032e+00 -4.1089521614e-01 8.5337358552e+00 1.8125355113e-02 2.3284103844e-02
3.3400174420e+01 3.3020248362e+01 2.8910600670e+01 9.8862502772e-01 4.4127203236e-02 2.0203979758e+02 2.4452704607e+01 9.3233886768e-01 9.2757140231e+00 8.3448123719e-03 8.9229330535e-03
4.4389444568e+01 2.5013045165e+01 2.8773504255e+01 5.6349083456e-01 5.0073886149e-02 2.3024556443e+02 2.2373798483e+00 9.7786225591e-01 9.4349926186e+00 2.0447276168e-02 1.0000000000e+00
4.7479921905e+01 3.0164997502e+01 3.2778219947e+01 6.3532112716e-01 1.6906956791e-02 7.5878896709e+01 1.9051521215e+02 -9.8231962447e-01 1.3929793436e+01 3.6320808414e-03 3.6610973859e-03
7.1556801635e+01 6.5801249063e+01 5.9725557351e+01 9.1956665977e-01 7.0628835766e-02 3.2948279583e+02 1.5494601507e+01 7.9543885666e-01 1.4183672145e+01 6.1941058337e-03 6.9280506787e-03
3.3349662992e+01 3.2987842697e+01 2.8874561073e+01 9.8915070612e-01 3.1087340074e-02 1.4099436082e+02 2.9419441148e+01 -6.7116306010e-01 9.3115975560e+00 7.8532795561e-03 8.2956747279e-03
3.4916526094e+01 3.2850114457e+01 2.9480684161e+01 9.4081852153e-01 2.8336165843e-02 1.2825712921e+02 1.4752633824e+01 -6.9229901094e-01 1.2841447867e+01 1.0058871021e-02 1.1325496610e-02
3.6780396482e+01 3.1729326818e+01 2.9723224109e+01 8.6266951565e-01 3.7388491332e-02 1.7035431125e+02 1.0628968310e+01 -4.7434083210e-01 8.2162332160e+00 1.1254811803e-02 1.3434768146e-02
3.4118334113e+01 2.5581663559e+01 2.5665817251e+01 7.4979228101e-01 2.9439892394e-02 1.3336111384e+02 2.5791225461e+01 9.1736641726e-01 1.1518605808e+01 8.8898860471e-03 9.4698383475e-03
2.6169526267e+01 2.0882606732e+01 2.0325090088e+01 7.9797419788e-01 1.0527683564e-02 4.7022353463e+01 3.9835234673e+02 -7.9077120012e-01 8.4740883730e+00 3.7278423796e-03 3.7419772918e-03
3.0975159337e+01 3.0176809188e+01 2.6615218208e+01 9.7422611646e-01 3.6083607173e-02 1.6425291956e+02 2.8315820395e+01 8.6711471052e-01 9.1431075905e+00 8.3576040313e-03 8.8487999012e-03
2.8462449111e+01 2.6953812171e+01 2.4110600907e+01 9.4699553317e-01 2.7804929469e-02 1.2580338530e+02 6.0051562109e+01 9.8404179538e-01 9.6480075745e+00 6.7398451781e-03 6.9163369191e-03
3.9694342277e+01 3.2626589016e+01 3.1298776980e+01 8.2194557574e-01 6.9773135493e-02 3.2529815417e+02 4.4138213951e+00 -7.5013632543e-01 8.3095782348e+00 1.4862891255e-02 3.6108045488e-02
8.5895852973e+01 6.8996163538e+01 6.6937960669e+01 8.0325372122e-01 1.1459534142e-01 5.5058325755e+02 7.4768277164e+00 4.1329515573e-01 8.2112986788e+00 7.3923609643e-03 9.8510719484e-03
4.5434161322e+01 3.0436431503e+01 3.2244158957e+01 6.6990191118e-01 2.7958822201e-02 1.2651401362e+02 1.8203915140e+01 -7.2645924799e-01 1.4396286186e+01 8.7920917169e-03 9.6494150009e-03
4.6346496210e+01 4.3346529325e+01 3.9014945763e+01 9.3527090222e-01 1.5938269093e-02 7.1479504245e+01 1.2779274105e+02 -9.2737272696e-01 1.9849394574e+01 3.7859028798e-03 3.8313214944e-03
3.0908420254e+01 3.0586692156e+01 2.6766862777e+01 9.8959092392e-01 1.8009729718e-02 8.0894878209e+01 7.2148734423e+01 5.0739169207e-01 9.2426892384e+00 5.9291385396e-03 6.0573224628e-03
7.5091098195e+01 6.7148223554e+01 6.1797350501e+01 8.9422348545e-01 4.2784593523e-02 1.9570329673e+02 2.3999174962e+01 -2.8673902449e-01 1.1158530567e+01 5.2314169779e-03 5.6016171688e-03
2.8180143038e+01 2.5618989106e+01 2.3385575141e+01 9.0911494212e-01 2.1751919696e-02 9.7976702492e+01 9.4546263450e+01 -8.7332485208e-01 9.2510149351e+00 5.8159498867e-03 5.9109984373e-03
3.2042620613e+01 2.5654764537e+01 2.4929089119e+01 8.0064501737e-01 3.3958967784e-02 1.5434233055e+02 4.5052482733e+01 9.9390356435e-01 9.0209590728e+00 7.3243678579e-03 7.5842455652e-03
4.9840157786e+01 3.3937341225e+01 3.5672114713e+01 6.8092363131e-01 3.8798541232e-02 1.7695993162e+02 1.8924287102e+01 9.6140542429e-01 1.5144395131e+01 8.0816642350e-03 8.8343179979e-03
6.5104327332e+01 5.0157726804e+01 4.9662816978e+01 7.7042078245e-01 2.8832629037e-02 1.3055194043e+02 1.7652908976e+02 7.4453391548e-01 8.3634645708e+00 2.8617361376e-03 2.8864385710e-03
4.8968120197e+01 3.1043710389e+01 3.3767693102e+01 6.3395756798e-01 3.8521312785e-02 1.7566018347e+02 3.5489221437e+01 -6.3965399575e-01 8.3631919165e+00 6.6078710979e-03 6.9109383422e-03
4.9779943031e+01 3.3002940745e+01 3.5137924935e+01 6.6297666762e-01 3.5742336313e-02 1.6265903705e+02 1.1913671721e+01 7.1401703554e-01 1.3931876064e+01 9.7221257155e-03 1.1334088044e-02
3.3993284557e+01 2.7943768090e+01 2.6805058036e+01 8.2203789526e-01 1.2523264338e-02 5.6020004710e+01 4.6380752897e+02 -8.5612088079e-01 8.1927700795e+00 2.9582199979e-03 2.9678442933e-03
3.3373383020e+01 2.5471787901e+01 2.5335742231e+01 7.6323661540e-01 3.3389303423e-02 1.5169010092e+02 3.5831537496e+01 -9.1377588362e-01 9.1634475161e+00 7.9035591076e-03 8.2622939313e-03
2.7937896214e+01 2.6640848370e+01 2.3748727366e+01 9.5357388994e-01 5.1903110680e-02 2.3896760874e+02 4.9207792294e+00 -9.9437313529e-01 9.2913567583e+00 1.7135547567e-02 3.2125683354e-02
7.3714323712e+01 6.9178556952e+01 6.2160129716e+01 9.3846831211e-01 1.7678033823e-01 8.8286670286e+02 2.7717682015e+00 7.0605559087e-01 8.0571558345e+00 1.0858187334e-02 1.0000000000e+00
7.1176353888e+01 6.0112105005e+01 5.6902755022e+01 8.4455162033e-01 6.5992142504e-02 3.0686312331e+02 4.0454408430e+01 7.2086846484e-01 9.3149511340e+00 4.4668769251e-03 4.6447239913e-03
3.4842216507e+01 2.3412853624e+01 2.4766767611e+01 6.7196797368e-01 1.4264981555e-02 6.3894882346e+01 6.8996370175e+00 -6.2803081821e-01 2.2172176836e+01 1.5043466608e-02 2.0822309833e-02
3.2691304963e+01 3.0234532488e+01 2.7365003493e+01 9.2484936046e-01 1.9217325345e-02 8.6396952129e+01 1.1462133913e+02 -8.6735935238e-01 1.1603051728e+01 4.9122702074e-03 4.9781411946e-03
3.7089083873e+01 3.5030268264e+01 3.1376419166e+01 9.4448998481e-01 1.3411825941e-02 6.0034943394e+01 6.7790561293e+01 -3.7634791268e-01 1.2842722468e+01 5.5111082358e-03 5.6382423954e-03
3.5721092885e+01 3.3754576123e+01 3.0226501963e+01 9.4494802362e-01 4.9928316612e-02 2.2955238912e+02 1.5753052681e+01 -8.0563057574e-01 8.5197593940e+00 9.5376582973e-03 1.0645033316e-02
1.9923402119e+01 1.7028035598e+01 1.6024724132e+01 8.5467509497e-01 2.1216839790e-02 9.5528536171e+01 5.5508409044e+00 8.8190598095e-01 1.0439610524e+01 2.1335035488e-02 3.4416380484e-02
2.9692107298e+01 2.8550379275e+01 2.5345669080e+01 9.6154776046e-01 1.9934416011e-02 8.9668774200e+01 2.2068422534e+00 7.7256251027e-01 1.4678378448e+01 2.2657344325e-02 1.0000000000e+00
3.2712862827e+01 3.2105684270e+01 2.8212425899e+01 9.8143914947e-01 4.2723006463e-02 1.9541291450e+02 1.4747965102e+01 9.3644332117e-01 1.0605641687e+01 1.0250978862e-02 1.1542304653e-02
4.0202845343e+01 3.7790010125e+01 3.3928863733e+01 9.3998347139e-01 1.2001073164e-02 5.3662971246e+01 4.3583315017e+01 1.3856925631e-01 1.3940273375e+01 6.1991438621e-03 6.4270214843e-03
3.4317217121e+01 2.8804273932e+01 2.7349283121e+01 8.3935343097e-01 3.4612753446e-02 1.5738883066e+02 7.9753829821e+00 -9.3042070358e-01 1.4458295294e+01 1.3226244707e-02 1.7172213070e-02
7.9315607265e+01 6.4834181487e+01 6.2364121585e+01 8.1742022438e-01 3.3422984630e-02 1.5184685390e+02 2.3717133139e+01 8.6576741272e-01 2.9030120598e+01 5.2542936682e-03 5.6311390403e-03
5.3845688088e+01 5.1830461971e+01 4.5988178668e+01 9.6257404838e-01 7.0681434585e-02 3.2974017067e+02 2.7775712372e+01 9.5610806052e-01 1.0227695620e+01 5.8594214871e-03 6.2112515030e-03
6.1972008985e+01 5.9640582005e+01 5.2923280994e+01 9.6237935451e-01 7.1424708108e-02 3.3337899077e+02 6.9547636578e+01 -9.4960126748e-01 8.0121587831e+00 3.8024156674e-03 3.8878239682e-03
3.8305806286e+01 3.2182987299e+01 3.0542920491e+01 8.4015950633e-01 4.1565040662e-02 1.8995770335e+02 2.6541459444e+01 9.6949797316e-01 1.0714452951e+01 7.8311554582e-03 8.3258653634e-03
3.5151747443e+01 3.0589712850e+01 2.8532874249e+01 8.7021883904e-01 5.1049173468e-02 2.3489321870e+02 9.8499345186e+00 -8.8711296943e-01 9.5124886930e+00 1.1783597263e-02 1.4326290980e-02
3.3053125261e+01 3.2883854844e+01 2.8700624098e+01 9.9487883775e-01 5.1789072396e-02 2.3842322695e+02 8.6536826887e+00 -8.7627219185e-01 9.6549656828e+00 1.2319210714e-02 1.5545670498e-02
6.1360355211e+01 4.1360404969e+01 4.3686971927e+01 6.7405745659e-01 4.1686555999e-02 1.9052975678e+02 8.0514115420e+01 -7.7991256833e-01 8.9880395865e+00 4.1296486795e-03 4.2093208511e-03
2.9797365425e+01 2.3383776646e+01 2.2945841047e+01 7.8475987095e-01 1.1576747126e-02 5.1749023603e+01 1.2753540633e+02 9.8977064957e-01 1.7348606111e+01 5.2935246845e-03 5.3571608752e-03
3.5458769231e+01 2.9000448018e+01 2.7888169746e+01 8.1786392046e-01 6.2803047189e-02 2.9138422205e+02 9.4387544360e+00 -9.7387219447e-01 8.3466190538e+00 1.2061664179e-02 1.4831598027e-02
6.1334008184e+01 4.9252670085e+01 4.7790119129e+01 8.0302382876e-01 5.1530007678e-02 2.3718684640e+02 8.7159650015e+01 9.6593995693e-01 9.2175620300e+00 3.7677109207e-03 3.8346756283e-03
3.1593682829e+01 3.0650862834e+01 2.7089782293e+01 9.7015795847e-01 2.1177619556e-02 9.5349165557e+01 9.4873801348e+01 -8.4615984513e-01 1.0891727023e+01 5.3002838451e-03 5.3865969440e-03
7.0909652555e+01 6.3320863497e+01 5.8315104694e+01 8.9297946352e-01 1.4509650282e-01 7.1078500089e+02 7.0835632923e+00 8.1754965202e-01 9.1746927534e+00 8.0851272302e-03 1.1044255633e-02
3.3429916038e+01 2.7641353769e+01 2.6439264348e+01 8.2684484571e-01 1.3187817634e-02 5.9022269423e+01 2.0230219143e+02 -6.9807277157e-01 1.0656601679e+01 4.0710688177e-03 4.1016712293e-03
6.7652634073e+01 4.7078004397e+01 4.8969511464e+01 6.9587836514e-01 1.5745382663e-02 7.0604239889e+01 9.9365570534e+01 6.0460131826e-01 1.9082378632e+01 3.6100492471e-03 3.6661037069e-03
2.5950955700e+01 1.9023979671e+01 1.9296508189e+01 7.3307433802e-01 1.6572850395e-02 7.4360810649e+01 4.6086878330e+01 -8.5655454273e-01 1.1457734644e+01 8.6137742685e-03 8.9120979952e-03
5.2015975468e+01 2.7735683465e+01 3.2745937352e+01 5.3321471366e-01 1.6306420175e-02 7.3150760671e+01 2.2990095715e+02 -8.7494037364e-01 1.1561958970e+01 3.3882788190e-03 3.4106539426e-03
8.1271629604e+01 7.7653900431e+01 6.9154844931e+01 9.5548595259e-01 1.9822164173e-01 1.0024870880e+03 1.8684288618e+00 -9.4325804345e-01 9.5181832823e+00 1.1645071872e-02 1.0000000000e+00
7.3333030623e+01 6.6906277046e+01 6.0965753661e+01 9.1236208946e-01 1.5994697215e-01 7.9073496848e+02 1.1621949076e+01 9.4879342914e-01 8.6383852783e+00 6.4787105650e-03 7.5891550432e-03
7.5898607648e+01 7.2710852198e+01 6.4668164601e+01 9.5799981649e-01 6.1717892623e-02 2.8613190590e+02 1.9190036676e+01 3.3730208445e-01 9.4387994191e+00 5.4680190832e-03 5.9689630427e-03
6.0330767857e+01 5.7838444582e+01 5.1422407613e+01 9.5868901783e-01 5.4221066753e-02 2.5005086254e+02 6.2220336773e+01 9.9694576542e-01 1.1400531047e+01 4.0774960428e-03 4.1803742583e-03
4.4931110271e+01 2.4574848569e+01 2.8669386048e+01 5.4694505479e-01 1.4762050563e-02 6.6146023710e+01 2.0975655916e+02 9.0423102657e-01 1.2593259437e+01 3.8142862326e-03 3.8419258486e-03
2.6423116751e+01 2.2977713539e+01 2.1440142280e+01 8.6960647963e-01 1.9058255720e-02 8.5671639788e+01 1.0384814832e+02 -8.4250807541e-01 8.9597805792e+00 5.9378543059e-03 6.0259644541e-03
4.2795391836e+01 3.8361439874e+01 3.5262258702e+01 8.9639183631e-01 2.3483212334e-02 1.0591096112e+02 1.2438261317e+02 7.1617585278e-01 9.9488940270e+00 4.0552401906e-03 4.1052541501e-03
5.2573221811e+01 4.3547896225e+01 4.1617434081e+01 8.2832846695e-01 4.9267284023e-02 2.2640638975e+02 1.0657594444e+01 -8.1137912704e-01 1.4592989439e+01 9.0458139614e-03 1.0791351702e-02
4.2488509391e+01 3.5788602769e+01 3.3922104218e+01 8.4231250479e-01 2.2335612731e-02 1.0064945868e+02 1.2352089889e+01 -3.2951953148e-01 1.2996132866e+01 9.8848573351e-03 1.1447216247e-02
3.0604805152e+01 2.7606191998e+01 2.5297445331e+01 9.0202149174e-01 3.4302623759e-02 1.5594334419e+02 5.3000454189e+00 9.4802599884e-01 1.4472669422e+01 1.6189678091e-02 2.7422599015e-02
3.3101940203e+01 2.1464963456e+01 2.3097464047e+01 6.4845031211e-01 1.8904930970e-02 8.4972682005e+01 3.6229143976e+01 -6.5620393880e-01 1.0689884196e+01 8.4132295474e-03 8.7905536065e-03
3.6322857724e+01 3.0103421151e+01 2.8761367646e+01 8.2877347866e-01 2.5347987865e-02 1.1447918029e+02 5.1517044812e+01 5.6946511009e-01 8.5758779529e+00 6.4030755912e-03 6.6001179779e-03
4.0283539277e+01 2.9555105828e+01 2.9966562156e+01 7.3367698963e-01 3.9435669060e-02 1.7994891747e+02 4.1034542449e+01 9.5137581662e-01 9.5935131405e+00 6.7389627899e-03 7.0032001373e-03
4.2138150217e+01 4.1186396182e+01 3.6266276156e+01 9.7741348325e-01 2.2812434089e-02 1.0283452320e+02 7.4624877934e+01 -9.9756212554e-01 1.7703997337e+01 4.8281141372e-03 4.9288970786e-03
3.2586879610e+01 2.5845893492e+01 2.5230699804e+01 7.9313802982e-01 1.9331620248e-02 8.6918208511e+01 9.1304515762e+01 5.6526930072e-01 8.0354930402e+00 5.6277286739e-03 5.7230690004e-03
4.1145253048e+01 2.7999374682e+01 2.9439413483e+01 6.8050072871e-01 6.5871231513e-02 3.0627508456e+02 5.9232570687e+00 8.3007095162e-01 8.2901149170e+00 1.3861631245e-02 2.1135404201e-02
3.5626194800e+01 3.4438154715e+01 3.0492018020e+01 9.6665262479e-01 2.2672055096e-02 1.0219107073e+02 9.3918418721e+01 -7.2748556407e-01 1.0177204911e+01 4.9367098831e-03 5.0179450050e-03
3.9648152803e+01 1.4555937055e+01 2.0415097815e+01 3.6712774811e-01 3.1310947125e-02 1.4203179259e+02 2.6738872509e+01 9.4762333590e-01 8.2537843146e+00 1.0107736252e-02 1.0740987532e-02
7.3915281440e+01 6.9270369236e+01 6.2285813780e+01 9.3715897289e-01 8.7653113993e-02 4.1368741723e+02 3.2736547742e+00 -5.7592630279e-01 1.3990324641e+01 1.0702461997e-02 1.0000000000e+00
3.6214337690e+01 2.6469693479e+01 2.6887244217e+01 7.3091750859e-01 1.4904526158e-02 6.6791576581e+01 2.0144543583e+01 8.1897858769e-01 2.2962496984e+01 9.5582751944e-03 1.0385535697e-02
4.0474690808e+01 3.9324803949e+01 3.4730419993e+01 9.7158997793e-01 2.1226147008e-02 9.5571103492e+01 1.9985498963e+02 9.3725791165e-01 1.0732727542e+01 3.4316867991e-03 3.4578032432e-03
4.7345542212e+01 4.3180484047e+01 3.9353672688e+01 9.1202850425e-01 3.5910087136e-02 1.6344241079e+02 8.4978277871e+01 7.6182248787e-01 9.0407984210e+00 4.3349908874e-03 4.4140826406e-03
3.5379541055e+01 1.2327081159e+01 1.7703198399e+01 3.4842399848e-01 1.5236324780e-02 6.8295473298e+01 2.2311731665e+02 9.8282822860e-01 8.1227196680e+00 5.0359795829e-03 5.0702593805e-03
3.8937120188e+01 3.1423751558e+01 3.0416334371e+01 8.0703840978e-01 2.9319669518e-02 1.3280477527e+02 1.7383081426e+01 6.3464327560e-01 1.1575607877e+01 9.2701655553e-03 1.0225309964e-02
3.9918495671e+01 1.6778926762e+01 2.2123322174e+01 4.2032963618e-01 1.0028017776e-02 4.4773656595e+01 3.0923807109e+01 9.6237256273e-01 2.7711256116e+01 9.2219132289e-03 9.7135887707e-03
3.0240854435e+01 1.5822946784e+01 1.8847636636e+01 5.2323081076e-01 1.5470683117e-02 6.9358160099e+01 5.0422120239e+01 -5.6152397351e-01 8.2615142795e+00 8.4573664340e-03 8.7236091051e-03
3.3920565951e+01 1.3273161774e+01 1.8083630720e+01 3.9130130652e-01 2.4095021044e-02 1.0871954412e+02 1.0002425674e+01 8.8859264572e-01 1.0544451768e+01 1.5834890529e-02 1.9177059623e-02
3.6748551741e+01 3.4210981814e+01 3.0863225314e+01 9.3094775694e-01 4.0903358929e-02 1.8684441152e+02 4.3477265798e+01 9.1528969398e-01 9.0870984371e+00 6.4682989571e-03 6.7066905578e-03
4.2993733399e+01 3.2017457394e+01 3.2229234297e+01 7.4470056129e-01 2.8628478784e-02 1.2960809616e+02 1.1536669735e+02 7.5213410172e-01 8.0993327172e+00 4.3986837427e-03 4.4572773442e-03
4.6656528150e+01 4.1410269196e+01 3.8251620881e+01 8.8755573631e-01 3.9352328692e-02 1.7955778881e+02 2.0693562420e+01 4.2906242632e-01 8.5502747653e+00 7.4791048619e-03 8.1064733792e-03
3.8486169534e+01 3.5181721861e+01 3.2027085549e+01 9.1413934635e-01 3.7021540463e-02 1.6863739435e+02 8.2874853146e+01 9.3651866121e-01 8.6772200530e+00 4.9738931937e-03 5.0670248401e-03
3.6910446463e+01 3.5216188656e+01 3.1384546367e+01 9.5409814919e-01 2.6853078018e-02 1.2141150736e+02 9.4562252388e+01 6.7915930215e-01 8.3619040552e+00 4.8237685515e-03 4.9025884092e-03
8.1467111721e+01 4.6736850552e+01 5.3309519503e+01 5.7368979413e-01 2.3652026723e-02 1.0668567647e+02 7.0605414608e+01 -1.6649321898e-01 9.6734341495e+00 3.8726503797e-03 3.9582795970e-03
8.1457781329e+01 6.7833131732e+01 6.4657363589e+01 8.3273974107e-01 1.3061031067e-01 6.3401911722e+02 6.3639638617e+00 9.1227566441e-01 1.3285846828e+01 7.9536416491e-03 1.1530512126e-02
3.4180738512e+01 2.9626048366e+01 2.7688518980e+01 8.6674687720e-01 2.2961084660e-02 1.0351603248e+02 9.2299820331e+01 -7.8994843676e-01 9.7732025003e+00 5.2768062411e-03 5.3652076607e-03
7.6645082796e+01 5.9907899680e+01 5.8900746217e+01 7.8162743772e-01 7.3402118538e-02 3.4307661705e+02 4.9583966345e+01 -9.9538488283e-01 1.0618319759e+01 4.0328840972e-03 4.1621159340e-03
3.7663545283e+01 2.6784105188e+01 2.7570052052e+01 7.1114136991e-01 2.1842322774e-02 9.8390514104e+01 7.3647443270e+01 -5.3381838614e-01 8.1148718905e+00 5.7623309118e-03 5.8842739122e-03
3.8935665242e+01 3.7642542815e+01 3.3326897939e+01 9.6678822824e-01 2.4591248410e-02 1.1099935825e+02 1.7501728061e+01 7.9427018197e-01 1.8597792996e+01 8.7583931330e-03 9.6534772145e-03
4.0076506105e+01 3.2606979738e+01 3.1436421713e+01 8.1361832421e-01 1.5158709145e-02 6.7943609871e+01 8.6043405694e+01 4.5417788713e-01 1.1589848312e+01 5.0283122542e-03 5.1188800882e-03
5.9955668466e+01 5.3167341524e+01 4.9133185981e+01 8.8677756223e-01 6.6917669435e-02 3.1136739150e+02 3.0357342855e+01 -9.4178150785e-01 1.1140529301e+01 5.4498015543e-03 5.7463422264e-03
1.8175785958e+01 1.5184557991e+01 1.4450773986e+01 8.3542786135e-01 1.7138922473e-02 7.6933322404e+01 1.8022685637e+01 -7.8922718062e-01 8.6613676391e+00 1.4670462776e-02 1.6118121672e-02
4.3539227787e+01 3.5251089155e+01 3.4067274332e+01 8.0963974206e-01 3.9211604383e-02 1.7889745151e+02 8.7192785991e+00 -9.8073634467e-01 1.7732150559e+01 1.1119613073e-02 1.3998017343e-02
6.3072009243e+01 5.7907634904e+01 5.2601852090e+01 9.1811939399e-01 2.0563552348e-01 1.0444293648e+03 4.6388820047e+00 -9.8947778691e-01 8.2210195115e+00 9.7865602939e-03 2.0582699210e-02
3.2360208253e+01 2.9910313321e+01 2.7079638441e+01 9.2429298006e-01 1.9750790521e-02 8.8830632230e+01 1.5230792033e+02 -7.9295134638e-01 9.2098069675e+00 4.4431322462e-03 4.4876971753e-03
2.9176486529e+01 2.5285058489e+01 2.3633072183e+01 8.6662451504e-01 2.8302290276e-02 1.2810060476e+02 1.1825121914e+01 5.2896310824e-01 8.2922111927e+00 1.2548534747e-02 1.4649943862e-02
3.5153080986e+01 2.4003108377e+01 2.5196399771e+01 6.8281663237e-01 3.9162844927e-02 1.7866868185e+02 2.1415811091e+00 -9.2739851305e-01 8.7575929046e+00 2.2731677314e-02 1.0000000000e+00
2.9493462692e+01 2.9056932652e+01 2.5484689825e+01 9.8519909160e-01 1.2594389350e-02 5.6341185908e+01 1.8248539722e+02 8.2918654060e-01 1.3107078710e+01 4.3315008705e-03 4.3676511276e-03
5.6158630714e+01 2.4544132708e+01 3.1786363028e+01 4.3705005616e-01 7.6720099380e-02 3.5940368201e+02 1.0014895951e+01 9.8135124693e-01 8.1375957493e+00 1.0782352861e-02 1.3054054192e-02
3.2999394068e+01 1.1071851397e+01 1.6173524226e+01 3.3551680900e-01 1.2935095049e-02 5.7880190841e+01 1.6524343617e+02 -9.6201864839e-01 9.3287921313e+00 5.9721778908e-03 6.0273102952e-03
5.0620607148e+01 4.7605870695e+01 4.2731388332e+01 9.4044448253e-01 3.3248492657e-02 1.5103484546e+02 1.0188091593e+01 6.9011751915e-01 1.9577719143e+01 9.1367357174e-03 1.1015192806e-02
2.9424503094e+01 1.8707099167e+01 2.0320916331e+01 6.3576601810e-01 3.4884833892e-02 1.5865749168e+02 7.4567933426e+00 -8.6358080195e-01 8.9058855211e+00 1.6328324922e-02 2.1784427087e-02
3.1344805018e+01 2.8704166308e+01 2.6107494292e+01 9.1575514002e-01 2.6150087075e-02 1.1817172258e+02 4.8897687039e+01 7.0373926015e-01 8.8248387096e+00 6.9335008876e-03 7.1589891807e-03
8.0028154886e+01 7.3489736233e+01 6.6749788877e+01 9.1829852054e-01 1.2229793694e-01 5.9052343046e+02 1.2009047483e+01 7.2522866419e-01 9.6191983602e+00 6.1731416735e-03 7.1858662460e-03
3.4418472047e+01 2.3332677965e+01 2.4577719126e+01 6.7791149859e-01 4.8386954736e-02 2.2222107901e+02 1.2076770281e+01 9.7862378172e-01 8.5805046876e+00 1.2002582514e-02 1.3957000795e-02
3.8808346595e+01 2.7817944213e+01 2.8524692809e+01 7.1680312751e-01 6.0474710879e-02 2.8012390366e+02 1.3489257942e+01 9.6871506165e-01 8.1122823652e+00 1.0416562236e-02 1.1885236848e-02
7.0827156077e+01 6.2498593790e+01 5.7897421543e+01 8.8241004231e-01 1.1664158906e-01 5.6115922539e+02 2.2449895377e+01 9.8825224669e-01 9.1288752069e+00 5.3531231405e-03 5.7618890179e-03
2.6639289132e+01 2.5409453427e+01 2.2647940973e+01 9.5383376412e-01 1.4998321087e-02 6.7216632901e+01 9.4846726114e+01 -8.9706460507e-01 1.3206689661e+01 5.9511868153e-03 6.0481281194e-03
3.3664579772e+01 3.2565993197e+01 2.8823771936e+01 9.6736669275e-01 6.7499994870e-02 3.1420417001e+02 6.2189156619e+00 -9.5383234547e-01 8.8537594577e+00 1.3778551340e-02 2.0278870444e-02
5.6696735228e+01 3.6762533977e+01 3.9559757265e+01 6.4840654103e-01 4.9862812166e-02 2.2924051351e+02 5.1152784751e+00 -3.9735199429e-01 1.0137381967e+01 1.2291458118e-02 2.1760087689e-02
3.6267924759e+01 2.4540337857e+01 2.5873157197e+01 6.7664025500e-01 2.2263276347e-02 1.0031810438e+02 3.3529218600e+01 -8.5549797997e-01 1.3423692878e+01 8.0515471259e-03 8.4443970091e-03
4.2438776485e+01 4.1915372714e+01 3.6716427875e+01 9.8766685060e-01 3.2983929715e-02 1.4980406748e+02 3.3913280659e+00 -3.2265000389e-01 1.1910895767e+01 1.5176996163e-02 1.0000000000e+00
2.9478836316e+01 2.4842572511e+01 2.3541272586e+01 8.4272568443e-01 1.4477232011e-02 6.4855926317e+01 6.5843329390e+01 5.6161442156e-01 1.0835576672e+01 6.6632126559e-03 6.8216709864e-03
4.0051970995e+01 2.2697827889e+01 2.6040087983e+01 5.6670938596e-01 1.2016367091e-02 5.3731977982e+01 2.1767657175e+01 -5.9104024520e-02 1.1557977461e+01 9.4890474841e-03 1.0239781533e-02
3.2226664525e+01 3.1642784077e+01 2.7799398183e+01 9.8188207011e-01 1.9730176076e-02 8.8736553472e+01 7.4950396045e+01 -8.3392637911e-01 1.2829766321e+01 5.7023661843e-03 5.8208615294e-03
6.9486594160e+01 1.8865325073e+01 3.0289771252e+01 2.7149589502e-01 2.5733442898e-02 1.1625312927e+02 4.9658206855e+00 -6.5492914228e-01 1.8316478142e+01 1.4901072832e-02 2.7534550204e-02
3.7157665807e+01 3.6420047916e+01 3.2024628804e+01 9.8014897129e-01 2.9209546399e-02 1.3229525748e+02 2.1318713122e+01 -9.0178407686e-01 1.5903316035e+01 8.3155873410e-03 8.9894876916e-03
4.1948346065e+01 3.6318283841e+01 3.3961649037e+01 8.6578583539e-01 1.9316464625e-02 8.6849084368e+01 2.9517613231e+01 -4.1053876888e-01 1.3166543644e+01 7.1380428093e-03 7.5386675818e-03
8.3188516393e+01 6.8226813440e+01 6.5520486090e+01 8.2014701546e-01 1.4830137193e-01 7.2793230631e+02 1.7752636591e+01 9.5057490231e-01 8.7478287471e+00 5.3171210535e-03 5.8513406698e-03
7.9324927935e+01 4.9863397532e+01 5.4459077186e+01 6.2859682108e-01 4.6768158761e-02 2.1453795265e+02 1.9737494387e+01 -2.3058273105e-01 8.8591695476e+00 6.0776508536e-03 6.6163642904e-03
3.2048496176e+01 2.6125551217e+01 2.5163903714e+01 8.1518805354e-01 2.4315757414e-02 1.0973347038e+02 3.5499382101e+01 9.9716096510e-01 1.3559831604e+01 8.0090411960e-03 8.3762583183e-03
3.7788090798e+01 2.1737627374e+01 2.4762775780e+01 5.7525074475e-01 4.1284771400e-02 1.8863865553e+02 1.0791164976e+01 -7.8889896351e-01 8.4941618906e+00 1.2514531393e-02 1.4887991470e-02
2.8752341323e+01 2.3029827483e+01 2.2373930917e+01 8.0097224862e-01 4.4234243300e-02 2.0254548032e+02 8.3391746957e+00 -9.8142858160e-01 8.9739215070e+00 1.4660944554e-02 1.8730761221e-02
4.5164272502e+01 3.5518359639e+01 3.4817111642e+01 7.8642603261e-01 3.6656036817e-02 1.6692812293e+02 4.0356246982e+01 6.5399277926e-01 8.9222371945e+00 6.1846064003e-03 6.4314879882e-03
4.0268331763e+01 2.8396766678e+01 2.9348932490e+01 7.0518855475e-01 2.5494151495e-02 1.1515174184e+02 1.9294781041e+00 -5.3892875743e-01 1.0504196019e+01 2.1667178533e-02 1.0000000000e+00
8.0701818296e+01 6.5461719550e+01 6.3205464625e+01 8.1115544770e-01 8.7969515240e-02 4.1526939890e+02 3.2136235996e+01 -7.0185879831e-01 8.4155299686e+00 4.5023631185e-03 4.7324811954e-03
3.6908590949e+01 2.4201822973e+01 2.5903728659e+01 6.5572329776e-01 1.4809318367e-02 6.6360177724e+01 1.8774488295e+02 -7.7952200815e-01 1.0584968393e+01 4.2363418369e-03 4.2706926501e-03
6.8719333660e+01 5.9681129524e+01 5.5723227915e+01 8.6847654576e-01 6.2178988934e-02 2.8836277046e+02 2.2073165865e+01 -9.7138402478e-01 1.5874476143e+01 5.6927914636e-03 6.1360186695e-03
5.9537046337e+01 5.7100259069e+01 5.0756039045e+01 9.5907107560e-01 4.9496535915e-02 2.2749713125e+02 5.7421570041e+00 -4.9672639189e-01 1.5666094594e+01 1.0074526342e-02 1.5756873598e-02
8.0405644262e+01 7.7739797269e+01 6.8825064696e+01 9.6684502665e-01 1.0844895027e-01 5.1896637072e+02 2.5115117176e+00 4.0768983958e-01 9.7071776167e+00 1.0975039368e-02 1.0000000000e+00
3.6737487465e+01 2.1200310590e+01 2.4114519211e+01 5.7707568081e-01 1.5628109750e-02 7.0072210015e+01 7.0300368427e+00 -6.7020707704e-01 2.0429370595e+01 1.5176733834e-02 2.0808676191e-02
5.6010390841e+01 4.4042045310e+01 4.3175374770e+01 7.8631919272e-01 4.8837060693e-02 2.2436037405e+02 3.9724062044e+00 -4.7481456350e-01 1.3519004437e+01 1.2802964335e-02 1.0000000000e+00
2.9958722217e+01 2.9685682648e+01 2.5961408690e+01 9.9088614104e-01 1.4416604648e-02 6.4581382292e+01 3.2774432574e+01 -5.4141673391e-01 1.4453410156e+01 8.1424419836e-03 8.5497384228e-03
4.9071467420e+01 4.6634880828e+01 4.1642404723e+01 9.5034616407e-01 9.4116935375e-02 4.4612812292e+02 6.9009815695e+00 -8.5462424969e-01 9.3246591218e+00 1.0368225985e-02 1.4349661822e-02
4.7314368453e+01 1.5494597215e+01 2.2882299987e+01 3.2748185638e-01 2.1979207534e-02 9.9017194576e+01 1.8551674384e+01 -5.2616657160e-01 9.1392178803e+00 1.0856466367e-02 1.1891586399e-02
2.9738816858e+01 2.2779851405e+01 2.2618406392e+01 7.6599723231e-01 4.8485701727e-02 2.2269029880e+02 6.8174870368e+00 -9.1321655962e-01 8.0949066851e+00 1.5664671818e-02 2.1818867177e-02
3.4122102948e+01 3.2531232031e+01 2.9002631415e+01 9.5337711396e-01 2.1457934673e-02 9.6631388971e+01 4.0771155864e+01 7.8996121995e-01 1.4166508086e+01 6.9703113560e-03 7.2455161916e-03
4.2014112404e+01 3.7062888864e+01 3.4339236741e+01 8.8215332286e-01 4.5107318744e-02 2.0667286702e+02 2.0177363655e+01 7.8409603458e-01 1.0126667232e+01 8.0491844714e-03 8.7445131079e-03
3.2024902262e+01 2.5733084876e+01 2.4961195935e+01 8.0353359602e-01 2.4329523895e-02 1.0979671577e+02 7.1966064609e+01 9.7257497449e-01 1.0766914078e+01 6.1756426843e-03 6.3095083824e-03
4.8503463999e+01 4.5079576235e+01 4.0701659661e+01 9.2940941776e-01 1.0581956540e-02 4.7266704782e+01 2.1906833557e+02 2.4802849811e-01 9.7835865226e+00 3.0223071830e-03 3.0432650523e-03
3.7293519294e+01 3.2247963262e+01 3.0173980568e+01 8.6470689471e-01 1.7301479101e-02 7.7672455654e+01 2.3714123806e+02 -6.8687390436e-01 8.1977466781e+00 3.5226270079e-03 3.5451707276e-03
3.3574926518e+01 3.1213359863e+01 2.8178252440e+01 9.2966279004e-01 5.5885457839e-02 2.5803033937e+02 3.0246248058e+00 9.7602244318e-01 9.5661325504e+00 1.8437928938e-02 1.0000000000e+00
3.6404805737e+01 3.3266317263e+01 3.0289179131e+01 9.1378917122e-01 4.4597755854e-02 2.0426335406e+02 5.3715322644e+00 5.0582006134e-01 8.7639256521e+00 1.4304940382e-02 2.3868251876e-02
3.5508612927e+01 2.4883721584e+01 2.5796041159e+01 7.0077988221e-01 4.8750600368e-02 2.2394933806e+02 4.5527147038e+00 -8.0485132760e-01 9.2140328292e+00 1.6785277563e-02 3.7011957849e-02
3.4897614245e+01 2.7627591893e+01 2.6994310277e+01 7.9167566296e-01 3.7438106567e-02 1.7058652215e+02 9.5687253370e+00 -7.7116779435e-01 1.0597607638e+01 1.2433086066e-02 1.5231434212e-02
2.9815266167e+01 1.9002345324e+01 2.0617321003e+01 6.3733609545e-01 1.0070054551e-02 4.4962774266e+01 4.8739511919e+02 -9.1863961397e-01 9.1571764319e+00 3.4264979136e-03 3.4371031414e-03
3.1005232960e+01 1.8732779978e+01 2.0848972304e+01 6.0418123619e-01 1.2989905525e-02 5.8127848473e+01 1.3254831522e+02 9.4655603225e-01 1.3126257375e+01 5.5347665459e-03 5.5987327944e-03
6.6738496585e+01 5.8171787140e+01 5.4216771952e+01 8.7163766218e-01 4.3315002974e-02 1.9820518911e+02 3.0230904132e+01 8.3579969824e-01 1.7064831766e+01 5.2048518689e-03 5.4893709208e-03
4.8960842582e+01 4.8858942772e+01 4.2578506898e+01 9.9791874885e-01 2.9209835089e-02 1.3229659308e+02 1.2251134094e+01 5.3675657906e-01 1.7427994476e+01 8.5663469639e-03 9.9350293357e-03
2.8109925750e+01 1.4914780574e+01 1.7649904392e+01 5.3058769015e-01 1.2078976078e-02 5.4014488310e+01 1.9716922553e+02 7.2057749019e-01 8.0218817706e+00 5.2952088473e-03 5.3360641336e-03
4.5218224943e+01 4.4271901116e+01 3.8950226284e+01 9.7907207041e-01 6.9498940159e-02 3.2395822761e+02 1.8216272723e+01 -8.6627582336e-01 8.7694199575e+00 7.6197716818e-03 8.3621821499e-03
3.3459701819e+01 3.2495014339e+01 2.8704772450e+01 9.7116867673e-01 3.7174336445e-02 1.6935220069e+02 2.8052507875e+01 9.0952306590e-01 1.0242315156e+01 7.9947095256e-03 8.4694837051e-03
3.8146376935e+01 3.7826072446e+01 3.3068576617e+01 9.9160327886e-01 6.2561945254e-02 2.9021660576e+02 1.0431889944e+01 9.5269369930e-01 1.0024968172e+01 1.0445482827e-02 1.2522402716e-02
3.4269169526e+01 2.9560611445e+01 2.7692714282e+01 8.6260075323e-01 3.5120210207e-02 1.5975539902e+02 1.1577207923e+01 6.1300036878e-01 9.2558361141e+00 1.1408317779e-02 1.3373869947e-02
3.7415840673e+01 3.0979257990e+01 2.9612216458e+01 8.2797172087e-01 4.4211322630e-02 2.0243719138e+02 1.7465530144e+01 -8.6851126340e-01 9.7406904895e+00 9.3258946989e-03 1.0281343661e-02
3.0486933671e+01 2.8646372350e+01 2.5724301738e+01 9.3962786352e-01 3.3428567295e-02 1.5187283645e+02 2.5132148418e+01 8.8419776562e-01 9.9095488899e+00 8.9422045704e-03 9.5428223122e-03
3.5760613856e+01 2.1403642562e+01 2.3928235877e+01 5.9852559153e-01 1.4035987332e-02 6.2858363047e+01 8.4861276716e+01 4.1356620849e-01 8.7679525445e+00 5.9986307125e-03 6.1082315158e-03
3.8244671430e+01 2.9080712699e+01 2.8978094208e+01 7.6038599920e-01 1.1287227559e-02 5.0443822664e+01 5.1226218321e+02 -9.5205328574e-01 9.4760652053e+00 2.7165701112e-03 2.7245677083e-03
3.3807307790e+01 2.6616185808e+01 2.6076702839e+01 7.8729090093e-01 3.0600058517e-02 1.3873474179e+02 1.0524719895e+01 -5.0123965484e-01 8.7047250047e+00 1.2309842963e-02 1.4727219693e-02
4.1030734305e+01 3.8021478471e+01 3.4379548408e+01 9.2665849429e-01 6.2414056452e-02 2.8950058751e+02 9.6580300273e+00 8.0823843265e-01 9.2593330570e+00 1.0494609937e-02 1.2824783435e-02
4.1094561955e+01 3.6144169008e+01 3.3537179392e+01 8.7953654423e-01 1.5236613319e-02 6.8296781438e+01 7.0427622252e+01 -3.4118943258e-02 8.8284845912e+00 5.2054524017e-03 5.3208540838e-03
2.8343552745e+01 2.7918131626e+01 2.4488480382e+01 9.8499055065e-01 2.1509390278e-02 9.6866815023e+01 1.0699915441e+02 -9.5006333178e-01 1.0266031152e+01 5.3954228743e-03 5.4730636160e-03
3.5032272236e+01 2.7205181122e+01 2.6832528201e+01 7.7657483759e-01 1.9347356502e-02 8.6989982504e+01 1.8193610717e+02 -8.7526762414e-01 9.4335891268e+00 4.1815402748e-03 4.2165459649e-03
3.1178524406e+01 2.2674748541e+01 2.3088536296e+01 7.2725534556e-01 2.1969879283e-02 9.8974484390e+01 1.6304054137e+01 4.5924979294e-01 8.7620570466e+00 1.1331524152e-02 1.2593054838e-02
3.4209183302e+01 3.0450576696e+01 2.8087696209e+01 8.9012872440e-01 2.1583990535e-02 9.7208166595e+01 5.1141975221e+01 7.2631586276e-01 1.1818950762e+01 6.5314605481e-03 6.7340130513e-03
3.7670040986e+01 3.7212099173e+01 3.2593613238e+01 9.8784334179e-01 3.3763585571e-02 1.5343243508e+02 6.6739264608e+01 9.8264934922e-01 1.0960457547e+01 5.3463406313e-03 5.4717011949e-03
3.9650267531e+01 3.9076599387e+01 3.4266767433e+01 9.8553179638e-01 3.4521887103e-02 1.5696524560e+02 2.2134206320e+01 -4.1912242486e-01 8.2125398327e+00 7.8345444258e-03 8.4425914391e-03
4.1069467301e+01 3.9009569741e+01 3.4842585114e+01 9.4984357737e-01 3.4625007151e-02 1.5744595701e+02 2.4875574807e+01 -5.3873389427e-01 9.4265109946e+00 7.4207445731e-03 7.9249766085e-03
3.7487085741e+01 3.5805283231e+01 3.1892276740e+01 9.5513648298e-01 3.4742254213e-02 1.5799260845e+02 2.3930431916e+01 7.8583952672e-01 1.1404512050e+01 7.9568418117e-03 8.5217425390e-03
3.8740799933e+01 2.4630575484e+01 2.6755141931e+01 6.3577870169e-01 2.6258326155e-02 1.1867033754e+02 8.2087137717e+01 8.6716093465e-01 9.3118390408e+00 5.6221522888e-03 5.7284675657e-03
4.4538299104e+01 2.6429270071e+01 2.9667386660e+01 5.9340546458e-01 2.9716812244e-02 1.3464293918e+02 1.3238626684e+01 3.6832117334e-01 8.4847719922e+00 1.0425729613e-02 1.1931492606e-02
3.7563452658e+01 3.5619666436e+01 3.1841317413e+01 9.4825325988e-01 8.2365307276e-02 3.8734027076e+02 4.3355801252e+00 -9.0406119546e-01 8.6335931891e+00 1.4695182348e-02 3.8361369129e-02
2.2862532066e+01 2.0808019518e+01 1.8983457268e+01 9.1013626388e-01 3.3161441571e-02 1.5062982288e+02 8.8106494229e+00 9.5215728857e-01 9.0334056528e+00 1.6021496750e-02 2.0102712684e-02
2.8064519068e+01 2.3333470252e+01 2.2258348445e+01 8.3142241616e-01 1.2822439930e-02 5.7371229156e+01 2.4855356893e+02 6.7602942892e-01 8.3111848176e+00 4.1975592430e-03 4.2231750546e-03
4.1553002142e+01 2.4193877152e+01 2.7403731127e+01 5.8224137619e-01 2.3913075859e-02 1.0788404324e+02 2.3830957789e+01 7.5759775886e-01 1.3185377431e+01 8.8195654936e-03 9.4486849265e-03
3.7285485363e+01 2.9022172020e+01 2.8592299920e+01 7.7837720865e-01 7.7314829840e-02 3.6233749042e+02 5.4761380780e+00 -9.7043510292e-01 8.0567498623e+00 1.4441856193e-02 2.3611756383e-02
7.3424498333e+01 4.5854714726e+01 5.0236808039e+01 6.2451519271e-01 1.2428943307e-01 6.0090714015e+02 3.5791462435e+00 -9.8247007678e-01 1.2059250326e+01 1.1596204022e-02 1.0000000000e+00
5.2455936323e+01 4.5441966746e+01 4.2481161245e+01 8.6628835422e-01 1.1268533964e-01 5.4073402588e+02 5.0670962810e+00 -7.6593986975e-01 8.1003585094e+00 1.1377074269e-02 2.0405109255e-02
3.7785871217e+01 1.9965022182e+01 2.3672700351e+01 5.2837268373e-01 1.6201575762e-02 7.2674717348e+01 1.4079780688e+02 -9.9546484849e-01 1.2477415366e+01 4.9880407599e-03 5.0422430598e-03
5.0679961765e+01 4.7420876431e+01 4.2672586687e+01 9.3569282176e-01 2.5192325521e-02 1.1376306650e+02 1.9303313696e+02 8.5148443381e-01 9.4914107549e+00 3.0493855992e-03 3.0734246321e-03
4.4180727078e+01 3.9810937138e+01 3.6500088584e+01 9.0109284684e-01 3.3515218322e-02 1.5227614935e+02 6.2752136895e+01 7.7927462118e-01 1.0295755248e+01 5.0983342153e-03 5.2258281184e-03
4.8077513405e+01 3.5323668582e+01 3.5790703777e+01 7.3472328497e-01 3.4653103954e-02 1.5757694704e+02 7.6369537448e+01 7.0882297478e-01 8.3694720241e+00 4.7915117323e-03 4.8891593489e-03
4.1328985971e+01 3.6748678263e+01 3.3915054667e+01 8.8917444741e-01 2.1783058579e-02 9.8119231680e+01 2.1535802690e+02 -8.3653859301e-01 8.8392905933e+00 3.3856404299e-03 3.4095275286e-03
8.2671153879e+01 6.9603332114e+01 6.5988003654e+01 8.4193009108e-01 7.6949699735e-02 3.6053604024e+02 9.7002467792e+00 3.4377129522e-01 9.8899971656e+00 6.9117726364e-03 8.4367050344e-03
5.4780257852e+01 5.1789276827e+01 4.6365157287e+01 9.4540038433e-01 5.1352966629e-02 2.3634216994e+02 7.0522139675e+01 -7.8566589371e-01 8.2579855311e+00 4.1575359345e-03 4.2495773455e-03
3.3761539154e+01 3.1452082077e+01 2.8364512210e+01 9.3159502988e-01 2.7660885885e-02 1.2513837883e+02 6.6291079494e+01 9.1043368589e-01 1.0597335211e+01 5.8679224734e-03 6.0064840767e-03
6.4086608150e+01 5.8443774853e+01 5.3266550022e+01 9.1194988376e-01 1.0987165009e-01 5.2626455842e+02 5.3845063076e+00 -5.3675426326e-01 8.3767092845e+00 9.6696655821e-03 1.6091834650e-02
3.0946272055e+01 2.7322944087e+01 2.5304261346e+01 8.8291552655e-01 3.2324579456e-02 1.4673869071e+02 1.1418872628e+01 8.9101299134e-01 1.2251466098e+01 1.2152925191e-02 1.4286071429e-02
3.0146520499e+01 2.7640267628e+01 2.5124761679e+01 9.1686427389e-01 1.8382388945e-02 8.2591759324e+01 2.0121485911e+01 7.5676201328e-01 1.5941372822e+01 9.9549757189e-03 1.0817722159e-02
3.7648057983e+01 2.2427199644e+01 2.5128782555e+01 5.9570668038e-01 1.9172413326e-02 8.6192148993e+01 1.4128987124e+02 -7.6338572469e-01 8.7676611670e+00 4.7903491039e-03 4.8422182900e-03
3.3658420767e+01 2.8876931072e+01 2.7124500126e+01 8.5794075935e-01 3.9300245427e-02 1.7931337732e+02 1.5828787714e+01 -8.1198634469e-01 9.4040455729e+00 1.0252119016e-02 1.1435467411e-02
3.1840494257e+01 3.0178109982e+01 2.6983526351e+01 9.4779024907e-01 2.4664293444e-02 1.1133508627e+02 1.2731179602e+02 -8.4065444698e-01 8.3322757541e+00 4.7483728043e-03 4.8055579313e-03
2.8326893526e+01 1.6782285699e+01 1.8852851695e+01 5.9245062236e-01 2.5529868377e-02 1.1531611202e+02 4.4300438271e+00 -9.0008317692e-01 1.1250336107e+01 2.0920130120e-02 5.0164919618e-02
3.1598295804e+01 3.1200088379e+01 2.7333924901e+01 9.8739781955e-01 1.8044214991e-02 8.1051865916e+01 1.6948806707e+02 -6.4726624624e-01 8.2036659530e+00 4.2481581100e-03 4.2863767289e-03
3.3987441570e+01 3.3328351124e+01 2.9299215249e+01 9.8060782409e-01 6.3077284209e-02 2.9271275411e+02 6.7888636624e+00 8.4502876861e-01 8.4365163885e+00 1.3231492005e-02 1.8471301406e-02
2.8328223435e+01 2.8177190490e+01 2.4595304530e+01 9.9466846392e-01 1.1649139156e-02 5.2075466569e+01 3.9044005091e+02 9.5158028502e-01 1.0514432639e+01 3.3316665798e-03 3.3445571295e-03
3.4974072609e+01 2.6290600927e+01 2.6344260214e+01 7.5171688529e-01 3.2248839897e-02 1.4638675361e+02 1.0744897808e+01 7.0351758056e-01 1.0679574299e+01 1.2124836129e-02 1.4438130767e-02
2.7344749308e+01 2.0807212977e+01 2.0726688344e+01 7.6092169441e-01 1.9388600031e-02 8.7178104528e+01 3.4651979575e+01 6.1315004508e-01 8.7183661618e+00 9.1512236275e-03 9.5819795386e-03
2.7268453315e+01 2.1666893346e+01 2.1132445450e+01 7.9457727565e-01 2.1266356805e-02 9.5755012893e+01 4.8008215669e+01 -6.6702294608e-01 8.0163759513e+00 7.9913824862e-03 8.2563880044e-03
2.3642620266e+01 2.2355428123e+01 2.0012404745e+01 9.4555628232e-01 1.6629536006e-02 7.4618321697e+01 2.1218473185e+01 4.3747807934e-01 8.7384766067e+00 1.1261965528e-02 1.2179627413e-02
5.1442715207e+01 4.3465633996e+01 4.1135905079e+01 8.4493273386e-01 1.0330964656e-01 4.9270423498e+02 2.6790645415e+00 9.0573388703e-01 8.6833355647e+00 1.4820163896e-02 1.0000000000e+00
7.9246856346e+01 6.2764707300e+01 6.1313172573e+01 7.9201510563e-01 1.0370727119e-01 4.9473042874e+02 6.2321498909e+00 -4.2569372628e-01 8.7476315533e+00 8.4125319463e-03 1.2363592354e-02
4.6583150271e+01 4.3702505634e+01 3.9275105842e+01 9.3816123169e-01 3.2255259297e-02 1.4641658101e+02 2.2814843420e+01 7.6730375957e-01 1.5786014793e+01 7.1227695035e-03 7.6567192337e-03
4.2606670184e+01 4.1225646713e+01 3.6484193392e+01 9.6758668383e-01 1.5433876687e-02 6.9191238765e+01 3.7512203964e+02 -8.1886755304e-01 8.2580325011e+00 2.6371405503e-03 2.6477636451e-03
7.2399068705e+01 6.5588272505e+01 5.9974640579e+01 9.0592701920e-01 1.5142590539e-01 7.4470648429e+02 7.2094136602e+00 -8.2785325414e-01 9.1882894716e+00 7.8651313926e-03 1.0653905134e-02
5.2327793225e+01 4.1382229308e+01 4.0454847956e+01 7.9082695367e-01 9.8433234711e-02 4.6793321553e+02 5.8627684386e+00 7.6595668742e-01 8.2026752188e+00 1.1195463190e-02 1.7209609569e-02
7.1853264052e+01 5.9398821502e+01 5.6821586500e+01 8.2666838154e-01 6.9108858868e-02 3.2205280964e+02 2.1309060643e+01 7.1535434963e-01 1.1227915068e+01 5.6754405164e-03 6.1356224584e-03
3.6567689905e+01 3.6009042268e+01 3.1589734488e+01 9.8472291691e-01 5.3985983202e-02 2.4892524653e+02 4.4479541180e+00 8.0485211769e-01 1.1444686226e+01 1.4872111203e-02 3.5173870565e-02
3.6849677699e+01 3.1873464476e+01 2.9819281683e+01 8.6495911136e-01 2.1777949975e-02 9.8095848087e+01 2.5130370208e+02 -9.5730255433e-01 8.3962984464e+00 3.4628812245e-03 3.4837797983e-03
6.9518889570e+01 5.3779943292e+01 5.3142515359e+01 7.7360187460e-01 6.4884454792e-02 3.0147944752e+02 3.5183792231e+00 7.8535419630e-01 1.9424618457e+01 1.1656733805e-02 1.0000000000e+00
3.6130345623e+01 2.4913319057e+01 2.6028797458e+01 6.8954001485e-01 1.3783468031e-02 6.1715767160e+01 1.2862895454e+02 -4.4849052823e-01 8.9228839293e+00 4.8701702964e-03 4.9282084385e-03
3.4409971436e+01 2.1217524754e+01 2.3386730727e+01 6.1660977526e-01 3.4419636174e-02 1.5648865450e+02 2.3423120893e+01 9.2347960989e-01 9.0339501703e+00 9.7389590211e-03 1.0447435376e-02
7.8155975461e+01 7.6573489389e+01 6.7345684403e+01 9.7975220625e-01 1.9596473241e-01 9.8977791479e+02 4.7947399452e+00 8.4563560953e-01 1.0112061727e+01 8.3246552433e-03 1.6333105314e-02
7.0458111448e+01 6.0204673999e+01 5.6663884290e+01 8.5447470508e-01 6.6783932823e-02 3.1071620031e+02 7.5960909767e+01 -9.7589760877e-01 8.8315444780e+00 3.5345585402e-03 3.6069925560e-03
4.2024997864e+01 3.9866784942e+01 3.5630612074e+01 9.4864454415e-01 3.3315322396e-02 1.5134581791e+02 1.5387821015e+02 9.5772408193e-01 8.2629896167e+00 3.6978068753e-03 3.7345107258e-03
6.0300507766e+01 4.5840345150e+01 4.5684070623e+01 7.6019832748e-01 4.2714688586e-02 1.9537369770e+02 7.4116833823e+01 -8.6625093059e-01 1.0439376614e+01 4.1399537798e-03 4.2269873983e-03
4.7901489292e+01 3.9692172800e+01 3.7926066046e+01 8.2862085055e-01 7.3693871678e-02 3.4450950934e+02 7.1944591097e+00 6.4696487148e-01 8.1057781968e+00 1.0949896589e-02 1.4846884275e-02
3.9626887280e+01 3.3116458905e+01 3.1510961570e+01 8.3570679349e-01 2.7125511804e-02 1.2266791597e+02 4.2734420608e+01 9.1051628175e-01 1.3966322175e+01 6.4800122616e-03 6.7232786494e-03
2.5534337625e+01 2.3760908482e+01 2.1440335404e+01 9.3054728228e-01 2.1182614179e-02 9.5372007499e+01 6.3764726649e+01 8.7976063538e-01 9.6586884336e+00 7.1202245081e-03 7.2953229897e-03
4.6602669271e+01 4.5738259733e+01 4.0191610548e+01 9.8145150156e-01 4.1087882508e-02 1.8771233093e+02 3.0567374190e+01 8.9533178739e-01 1.3503036888e+01 6.2579875136e-03 6.5959257027e-03
2.7319365593e+01 1.1601419343e+01 1.5224839497e+01 4.2465917823e-01 1.4436740489e-02 6.4672562399e+01 5.0956182162e+01 8.4047856382e-01 9.3048137870e+00 9.6324298396e-03 9.9323014683e-03
7.6055729473e+01 6.7148620455e+01 6.2188513573e+01 8.8288707400e-01 1.3009266398e-01 6.3129859888e+02 6.7269111497e+00 -5.7070189934e-01 8.4108202797e+00 7.9840769426e-03 1.1201572072e-02
3.1000523735e+01 2.9183447522e+01 2.6182264587e+01 9.4138562855e-01 3.1529318677e-02 1.4304525126e+02 4.3491130072e+00 7.4059311039e-01 1.3314465383e+01 1.7093854129e-02 4.4017765461e-02
7.7364510571e+01 7.2259430071e+01 6.5082101949e+01 9.3401263108e-01 1.4025802115e-01 6.8500930803e+02 1.8770640289e+01 -9.9656629887e-01 9.3967669216e+00 5.2520111998e-03 5.7458668202e-03
3.3727934004e+01 2.6590151570e+01 2.6033755488e+01 7.8837178605e-01 1.3605843010e-02 6.0912307897e+01 1.8729011889e+02 -7.6178555215e-01 1.1356022735e+01 4.2300837327e-03 4.2644683330e-03
7.6467719273e+01 6.8459318481e+01 6.2967513216e+01 8.9527082972e-01 1.1809892489e-01 5.6870662766e+02 3.4447474594e+01 -9.6946287451e-01 8.1692924875e+00 4.3225372036e-03 4.5273183260e-03
3.6938550078e+01 3.6367534557e+01 3.1907164983e+01 9.8454147443e-01 4.1840506490e-02 1.9125464177e+02 7.1670209251e+00 6.0384286381e-01 1.0544152310e+01 1.2448379807e-02 1.6909109353e-02
4.9954560837e+01 4.9938838773e+01 4.3481127004e+01 9.9968527271e-01 2.9865896210e-02 1.3533323821e+02 8.9056316350e+01 7.9462300408e-01 1.2086432596e+01 4.0167106899e-03 4.0865315952e-03
6.8115887228e+01 6.2856256814e+01 5.6953756220e+01 9.2278408712e-01 2.0558845119e-01 1.0441621346e+03 4.4686882073e+00 9.4760861703e-01 8.9246719922e+00 9.4439203574e-03 2.1998259773e-02
4.5734411801e+01 3.1000220564e+01 3.2656260043e+01 6.7783140405e-01 2.0921491808e-02 9.4178037153e+01 1.3978484530e+02 7.7966905817e-01 1.0606579820e+01 4.0787206730e-03 4.1233695528e-03
3.6921224518e+01 3.2063849038e+01 2.9938085510e+01 8.6843948044e-01 2.4044647297e-02 1.0848820353e+02 3.0224520015e+01 6.1524989558e-01 1.1653394648e+01 7.6330242217e-03 8.0503746061e-03
3.3823087621e+01 2.2908352042e+01 2.4141235828e+01 6.7729925482e-01 2.5025574650e-02 1.1299611860e+02 5.4583180331e+01 8.2571382314e-01 9.3244222479e+00 6.9918130009e-03 7.1942341530e-03
4.2866788722e+01 3.5949886443e+01 3.4148172131e+01 8.3864193039e-01 3.1300244475e-02 1.4198212983e+02 8.2350166971e+01 -7.7975637909e-01 9.2858710148e+00 4.8064695725e-03 4.8970597899e-03
2.6748200270e+01 2.0487720302e+01 2.0343161407e+01 7.6594761870e-01 2.4050240804e-02 1.0851389079e+02 1.1748076846e+01 7.4289241950e-01 1.0279881730e+01 1.3850673216e-02 1.6190516558e-02
1.6529939233e+01 1.6480161348e+01 1.4368461224e+01 9.9698862266e-01 1.8426065305e-02 8.2790697601e+01 4.5584577861e+00 -9.5544829330e-01 1.0077069171e+01 2.4633530658e-02 5.4132989000e-02
7.5775129611e+01 5.6663666829e+01 5.6924047555e+01 7.4778713174e-01 1.5206179871e-01 7.4812713855e+02 3.5841312974e+00 -8.9604479828e-01 1.1016928724e+01 1.0557098130e-02 1.0000000000e+00
2.9240960455e+01 2.9227812021e+01 2.5450010635e+01 9.9955034194e-01 2.9166571971e-02 1.3209644500e+02 1.9560133352e+01 8.5120880407e-01 1.1487233414e+01 9.9151157583e-03 1.0803319624e-02
3.2273078204e+01 2.9990257401e+01 2.7079826252e+01 9.2926547668e-01 1.3735194422e-02 6.1497388043e+01 4.0405668115e+02 8.4602375440e-01 8.2174787641e+00 3.0931315063e-03 3.1046930637e-03
3.4746082228e+01 3.0789594454e+01 2.8463632888e+01 8.8613139900e-01 2.4046997384e-02 1.0849899589e+02 5.9021013189e+00 3.1698768996e-01 1.1306083198e+01 1.4534893671e-02 2.2224230835e-02
6.5039938701e+01 5.5830970127e+01 5.2428667617e+01 8.5841055885e-01 1.6251290423e-01 8.0467604909e+02 3.9023544509e+00 8.7104206450e-01 9.2576151139e+00 1.0704566838e-02 1.0000000000e+00
7.7671419889e+01 6.7666818282e+01 6.3082111569e+01 8.7119327005e-01 6.9567943451e-02 3.2429538553e+02 8.1487034109e+00 -8.6827126104e-01 2.0526809783e+01 7.6219470301e-03 9.8176370429e-03
3.5254545434e+01 2.3193194809e+01 2.4785168293e+01 6.5787814093e-01 2.9348696970e-02 1.3293909283e+02 4.1823295944e+01 -9.8780485619e-01 1.0484494086e+01 7.5799685349e-03 7.8711734818e-03
8.4718354254e+01 2.8955089558e+01 4.1945912867e+01 3.4178059540e-01 5.1372402420e-02 2.3643488975e+02 3.9270673594e+01 -9.9635846205e-01 1.1679209511e+01 5.5127236482e-03 5.7393365969e-03
3.8374003968e+01 3.5191862034e+01 3.1985441310e+01 9.1707558231e-01 2.1697980443e-02 9.7729826479e+01 1.2095470256e+02 9.3360105925e-01 1.2640308624e+01 4.3602903279e-03 4.4156262698e-03
3.6324256901e+01 2.6968034147e+01 2.7186760008e+01 7.4242493716e-01 3.0627011089e-02 1.3885968529e+02 6.9259969130e+01 -9.9501597518e-01 9.8114091373e+00 5.9166792211e-03 6.0501523425e-03
3.4388452348e+01 2.3110802795e+01 2.4445794342e+01 6.7205126189e-01 2.4283265854e-02 1.0958420401e+02 6.0257155266e+00 -3.9184188561e-01 9.8167299116e+00 1.5859057149e-02 2.3867870735e-02
4.1247003765e+01 3.7971307518e+01 3.4446385610e+01 9.2058341339e-01 5.0457454854e-02 2.3207270082e+02 1.0290699279e+01 -5.8847384478e-01 8.6737186984e+00 1.0308075273e-02 1.2397448623e-02
2.7365073099e+01 2.4543880999e+01 2.2554616848e+01 8.9690536949e-01 4.4681466882e-02 2.0465907364e+02 4.8327895769e+00 -7.9864656367e-01 8.0487337330e+00 1.7894082929e-02 3.4600543656e-02
4.6440705055e+01 4.2227942797e+01 3.8542973845e+01 9.0928728896e-01 1.0454391991e-01 4.9899689909e+02 4.3650605858e+00 -9.0955856537e-01 9.2449723090e+00 1.2844560789e-02 3.2570824845e-02
3.8981288357e+01 3.2658615198e+01 3.1037117055e+01 8.3780235530e-01 3.5534482214e-02 1.6168864170e+02 3.1738737790e+01 7.8455428853e-01 9.9720694441e+00 7.2764728248e-03 7.6534900212e-03
3.7872318949e+01 3.7098298430e+01 3.2630769518e+01 9.7956236796e-01 2.3347767884e-02 1.0528952219e+02 1.6708807796e+01 -3.9494800788e-01 1.1861505669e+01 9.0372145489e-03 1.0013821304e-02
3.6453350652e+01 2.4900548029e+01 2.6133608587e+01 6.8307981526e-01 1.7666129718e-02 7.9331137305e+01 2.8312821303e+00 -8.9888109162e-01 2.2972198037e+01 2.0273284892e-02 1.0000000000e+00
5.3138181149e+01 4.4037656900e+01 4.2075266378e+01 8.2873850682e-01 3.9709083858e-02 1.8123241111e+02 9.5907957534e+00 -7.4588327651e-01 1.7497411490e+01 9.4002316659e-03 1.1508836960e-02
3.5870286061e+01 2.6541587161e+01 2.6800543068e+01 7.3993240857e-01 1.6281693853e-02 7.3038484834e+01 3.2372986885e+01 -8.8492670245e-01 1.9924298814e+01 8.0099285673e-03 8.4160399004e-03
8.3280832013e+01 6.4719240879e+01 6.3810874444e+01 7.7712048877e-01 1.1250653603e-01 5.3981311285e+02 2.7349243860e+01 9.4237032583e-01 9.3095176792e+00 4.6888674369e-03 4.9753099690e-03
8.0873260647e+01 7.5241392571e+01 6.7899774695e+01 9.3036180277e-01 1.4221716051e-01 6.9542980375e+02 1.1418008696e+01 -9.0815736988e-01 1.0595599985e+01 6.1562141785e-03 7.2368964337e-03
7.2163301102e+01 6.3440855864e+01 5.8878488762e+01 8.7912907108e-01 1.1613909243e-01 5.5855977491e+02 4.8717460962e+00 -5.3010179607e-01 9.3807549986e+00 9.3970630800e-03 1.7915446242e-02
4.0995273069e+01 2.1759454260e+01 2.5745408081e+01 5.3077959070e-01 2.3067491277e-02 1.0400395848e+02 2.3768060306e+01 -8.7455878351e-01 1.4354624981e+01 9.1842891806e-03 9.8413954009e-03
2.2838421456e+01 1.9928509878e+01 1.8563631027e+01 8.7258700943e-01 1.7645596611e-02 7.9237715044e+01 3.0884471870e+01 8.4000698716e-01 1.1084047850e+01 1.0247218516e-02 1.0794325216e-02
3.8002763822e+01 3.3842855427e+01 3.1209675297e+01 8.9053668794e-01 1.2488750502e-02 5.5864161854e+01 3.5364873509e+02 -6.8605919357e-01 8.8676540582e+00 2.9778755334e-03 2.9906052880e-03
3.5061565725e+01 3.3714784301e+01 2.9929756961e+01 9.6158809807e-01 1.6519118886e-02 7.4116739299e+01 3.1394825160e+02 8.3862063723e-01 8.4999088991e+00 3.1885061112e-03 3.2038751424e-03
7.1956020967e+01 5.1648031625e+01 5.2925626369e+01 7.1777220212e-01 1.2625412906e-01 6.1117404822e+02 1.3513944814e+01 9.5802263950e-01 8.7191728223e+00 6.8126085989e-03 7.7709033198e-03
8.2364176235e+01 7.8381278314e+01 6.9942746247e+01 9.5164283668e-01 8.6194191593e-02 4.0640090182e+02 2.4802058628e+01 5.5709098295e-01 8.9038152291e+00 4.6620990525e-03 4.9799447739e-03
8.4607311084e+01 7.9435156463e+01 7.1361033349e+01 9.3886870349e-01 1.1871250164e-01 5.7188806099e+02 5.7688056129e+00 3.5841340263e-01 8.8565943629e+00 7.8100041577e-03 1.2166857991e-02
4.0696988309e+01 3.8882280264e+01 3.4628079828e+01 9.5540927915e-01 6.3363321038e-02 2.9409895794e+02 9.0368426332e+00 8.6732616723e-01 1.0003084547e+01 1.0705221790e-02 1.3328845867e-02
7.8258198896e+01 5.7195861853e+01 5.8100285748e+01 7.3086095336e-01 1.9179413425e-01 9.6636489541e+02 3.2839643885e+00 -8.8107222750e-01 8.7938743208e+00 1.0544697693e-02 1.0000000000e+00
4.8686513769e+01 3.3345773921e+01 3.4952055622e+01 6.8490781820e-01 1.9157386061e-02 8.6123626215e+01 1.7866412843e+01 -1.9869348390e-01 1.2298060621e+01 8.4641917644e-03 9.3081411149e-03
2.2459911504e+01 1.8420523915e+01 1.7689799428e+01 8.2015122418e-01 1.1578020806e-02 5.1754766800e+01 8.6083797334e+01 8.2174756985e-01 1.2030923452e+01 7.2172837239e-03 7.3472153579e-03
3.4700016200e+01 3.0929773705e+01 2.8510422239e+01 8.9134752924e-01 1.2701207347e-02 5.6823610681e+01 3.6498388670e+02 6.7841070338e-01 8.1051481347e+00 3.1136156250e-03 3.1265091292e-03
3.7009768779e+01 3.3159948428e+01 3.0487947345e+01 8.9597826525e-01 5.3047896460e-02 2.4443706954e+02 1.2925192351e+01 -8.2268319459e-01 8.7098917571e+00 1.0198156404e-02 1.1717337914e-02
4.3402556583e+01 3.4715789920e+01 3.3750080240e+01 7.9985587610e-01 6.5389469487e-02 3.0393299971e+02 5.3660162163e+00 -9.4063260345e-01 1.1679472763e+01 1.3211031992e-02 2.2067863625e-02
6.7452301884e+01 6.4295145725e+01 5.7326646085e+01 9.5319424140e-01 8.9026752481e-02 4.2055997439e+02 1.5100523046e+01 -7.5944745358e-01 1.0454756346e+01 6.3485832655e-03 7.1251666318e-03
3.0955595416e+01 2.1950977955e+01 2.2626318408e+01 7.0911179901e-01 2.8726192067e-02 1.3005981799e+02 7.2549334581e+00 4.9296796675e-01 8.1716593327e+00 1.5483250780e-02 2.0912039600e-02
4.3247039776e+01 3.1082244417e+01 3.1830925349e+01 7.1871380280e-01 2.5626234220e-02 1.1575963266e+02 1.7701928614e+01 9.8737131046e-01 2.0591591383e+01 8.9694132313e-03 9.8736701495e-03
3.8447905521e+01 2.3104895120e+01 2.5780803519e+01 6.0094028028e-01 1.2450267532e-02 5.5690406302e+01 2.2965049256e+02 5.4339878047e-01 8.6091783620e+00 3.9454962252e-03 3.9715797985e-03
2.5695275862e+01 1.5992400548e+01 1.7549252720e+01 6.2238680113e-01 2.1046306556e-02 9.4748690450e+01 3.2085241573e+01 -9.2439739550e-01 9.3802237091e+00 1.0440978674e-02 1.0975552458e-02
7.6641528026e+01 5.5512987232e+01 5.6636818633e+01 7.2431994327e-01 1.4027519519e-01 6.8510055879e+02 1.2065865410e+01 9.2390828664e-01 8.5893646674e+00 6.7611175164e-03 7.8633715920e-03
4.2743308689e+01 3.3236641775e+01 3.2760563469e+01 7.7758701409e-01 4.9431868325e-02 2.2718941959e+02 1.4600381620e+01 6.4943523362e-01 8.1338296266e+00 9.3345450972e-03 1.0525292489e-02
6.7431040200e+01 4.7027721146e+01 4.8865063536e+01 6.9741948227e-01 4.6230166823e-02 2.1198828187e+02 3.1112846431e+01 7.8883998176e-01 1.3385705809e+01 5.4850080868e-03 5.7754922962e-03
7.6440704174e+01 4.5427715170e+01 5.0957616764e+01 5.9428697919e-01 6.1122391558e-02 2.8325276529e+02 3.8306304833e+01 9.2718288350e-01 1.1482971212e+01 4.8987500205e-03 5.1055954238e-03
2.9510714840e+01 2.2823059860e+01 2.2555670791e+01 7.7338214217e-01 1.5360347611e-02 6.8857803194e+01 6.3472447075e+01 -7.1234354487e-01 1.1749617239e+01 6.9347180881e-03 7.1060760056e-03
3.8091411555e+01 3.2383500726e+01 3.0555092883e+01 8.5015228903e-01 3.8300840829e-02 1.7462688813e+02 5.7122193689e+01 -8.4921454265e-01 8.2256235631e+00 5.8849076937e-03 6.0473204673e-03
3.9168562134e+01 3.2395200168e+01 3.0982206566e+01 8.2707146762e-01 2.5139931686e-02 1.1352206837e+02 1.5767284669e+01 4.6804294404e-01 1.1494239655e+01 9.5296558582e-03 1.0634876738e-02
3.4342887325e+01 1.9717500827e+01 2.2482125702e+01 5.7413637475e-01 2.8099683194e-02 1.2716460240e+02 1.9864578020e+01 9.2186984276e-01 1.0883486276e+01 1.0659101946e-02 1.1596840207e-02
3.5335239463e+01 2.9783878840e+01 2.8220965958e+01 8.4289449547e-01 1.6106262756e-02 7.2242014885e+01 2.6901401167e+02 8.8906964428e-01 9.7841381726e+00 3.5059908495e-03 3.5257421895e-03
3.7166604722e+01 2.0605385165e+01 2.3885630527e+01 5.5440590604e-01 1.7163820341e-02 7.7046519770e+01 3.1598881234e+01 -7.9321753770e-01 1.4886369088e+01 8.6813865463e-03 9.1333832124e-03
7.3686599825e+01 5.8976751904e+01 5.7318052694e+01 8.0037282280e-01 2.1955190688e-01 1.1239493896e+03 5.0573381290e+00 -9.6486884624e-01 8.1756389962e+00 8.9154377750e-03 1.6033679928e-02
4.2952068001e+01 3.0456222136e+01 3.1394028217e+01 7.0907463957e-01 7.7265758199e-02 3.6209533625e+02 5.8220273593e+00 -9.1648008267e-01 8.5840594956e+00 1.3313330543e-02 2.0581710743e-02
3.3806696984e+01 2.7954882049e+01 2.6738224469e+01 8.2690367718e-01 2.8088994119e-02 1.2711522863e+02 1.2718362980e+02 9.6551265347e-01 8.2746918356e+00 4.7674043717e-03 4.8248778431e-03
7.4986285311e+01 6.8900227463e+01 6.2562987645e+01 9.1883772049e-01 5.7283377074e-02 2.6474597127e+02 1.2620089751e+01 2.2142044332e-02 8.6330717489e+00 6.5494416023e-03 7.5558924935e-03
4.3621368677e+01 3.0624764516e+01 3.1719655329e+01 7.0205877177e-01 3.1672469699e-02 1.4370978275e+02 2.8664087076e+01 6.7946384540e-01 1.0455587750e+01 7.4752377838e-03 7.9086510354e-03
5.9161682360e+01 5.2154217282e+01 4.8337760806e+01 8.8155399240e-01 3.0435857595e-02 1.3797366205e+02 5.2817578126e+01 -3.8851316845e-01 1.0085683993e+01 4.5715305843e-03 4.7085531236e-03
6.8721153683e+01 5.5638515459e+01 5.3770450324e+01 8.0962720323e-01 1.9862867485e-02 8.9342170726e+01 1.5736356641e+02 4.8682939329e-01 1.0043538755e+01 2.8585991715e-03 2.8863334992e-03
2.7216442291e+01 2.5562215895e+01 2.2959701768e+01 9.3921959460e-01 3.3934690032e-02 1.5422925539e+02 1.5083109458e+01 8.2779137137e-01 8.9731449819e+00 1.1623169433e-02 1.3046996361e-02
4.7727867330e+01 4.5919618993e+01 4.0753316555e+01 9.6211336398e-01 1.6181503965e-02 7.2583590258e+01 2.2768509550e+02 -6.3030336469e-01 9.9673552417e+00 2.9662746811e-03 2.9860559983e-03
3.5143006330e+01 3.4586625389e+01 3.0350425647e+01 9.8416808921e-01 1.3179787480e-02 5.8985973768e+01 3.1559891937e+02 -9.4072436395e-01 1.1923878418e+01 3.1610972945e-03 3.1762538159e-03
3.6554076115e+01 3.5596347585e+01 3.1401975703e+01 9.7379967895e-01 5.4489335920e-02 2.5133580873e+02 2.1551698876e+00 -8.3827978494e-01 8.5637544901e+00 1.9582390118e-02 1.0000000000e+00
3.4381072927e+01 2.6553877493e+01 2.6260024763e+01 7.7233998919e-01 4.2167560666e-02 1.9279510652e+02 1.8147415045e+01 -9.7327630166e-01 9.6451023550e+00 9.9218984370e-03 1.0892972473e-02
2.3417094865e+01 2.2289608673e+01 1.9887733673e+01 9.5185200394e-01 1.6869274316e-02 7.5707640773e+01 4.3289414715e+01 -5.2456247122e-01 8.0500987126e+00 8.6520911778e-03 8.9724468737e-03
2.5013005361e+01 1.6393381505e+01 1.7550406748e+01 6.5539431460e-01 1.4427046662e-02 6.4628665993e+01 1.7012081507e+01 -6.3989948136e-01 1.1410133997e+01 1.3299006360e-02 1.4705276627e-02
5.7214236530e+01 5.6565485366e+01 4.9524534422e+01 9.8866101859e-01 4.1075038437e-02 1.8765191079e+02 1.1483408643e+02 8.5391445819e-01 8.9916479815e+00 3.3435295335e-03 3.3882794077e-03
4.0029894791e+01 3.0562580064e+01 3.0394359515e+01 7.6349388935e-01 1.7530060999e-02 7.8712099455e+01 1.8220531846e+02 7.1106882416e-01 9.6613113703e+00 3.8703273281e-03 3.9026790955e-03
3.0469260490e+01 2.0271684200e+01 2.1546629192e+01 6.6531592412e-01 1.9880858684e-02 8.9424293432e+01 1.4589561969e+02 9.5323482268e-01 8.6967241354e+00 5.2083410107e-03 5.2629214175e-03
3.0882216866e+01 1.3513424236e+01 1.7491065307e+01 4.3757947478e-01 1.7823323713e-02 8.0046437351e+01 3.8227153508e+01 9.2298786056e-01 1.0551945193e+01 9.8169334149e-03 1.0232371209e-02
4.5292179303e+01 3.9985172435e+01 3.7032802046e+01 8.8282730154e-01 3.5374938254e-02 1.6094398055e+02 5.4612601645e+01 9.0874088848e-01 1.1981067275e+01 5.3165913381e-03 5.4704254750e-03
3.4932788250e+01 3.0692770624e+01 2.8493579059e+01 8.7862355576e-01 1.3458488636e-02 6.0245933697e+01 3.0805666061e+02 -8.0073724041e-01 9.8568693739e+00 3.3177118296e-03 3.3340122561e-03
4.9829300945e+01 4.7351677853e+01 4.2283978791e+01 9.5027778747e-01 8.9486908039e-02 4.2286481086e+02 3.5590048988e+00 7.7966498735e-01 1.0172688171e+01 1.3199237989e-02 1.0000000000e+00
5.6730834754e+01 4.9804105241e+01 4.6254306784e+01 8.7790185808e-01 4.3422692898e-02 1.9871337535e+02 2.9462178160e+01 7.3472274736e-01 1.2797027683e+01 5.8034819735e-03 6.1298821750e-03
3.2869393385e+01 2.4875940851e+01 2.4845019554e+01 7.5681168070e-01 1.6888007019e-02 7.5792774301e+01 2.7996592345e+02 -9.4491234628e-01 8.8017552139e+00 3.7384020849e-03 3.7586306722e-03
2.7902735865e+01 1.7403268603e+01 1.9078112877e+01 6.2371190723e-01 1.9746447022e-02 8.8810809438e+01 5.9649051815e+01 -9.3556966682e-01 9.6668000213e+00 7.8600834068e-03 8.0673671134e-03
8.5513557016e+01 5.9847353773e+01 6.2080960457e+01 6.9985807937e-01 1.4350677483e-01 7.0230125578e+02 1.7726062382e+01 9.8072043819e-01 8.7533029587e+00 5.5168720245e-03 6.0721539527e-03
4.6519407368e+01 2.6310563191e+01 3.0213188750e+01 5.6558251017e-01 2.3206034398e-02 1.0463935849e+02 6.0593754406e+01 9.5002330893e-01 1.4540809721e+01 5.8500625443e-03 6.0018172574e-03
4.3692044323e+01 3.5251957615e+01 3.4126168846e+01 8.0682783700e-01 7.9356343244e-02 3.7242505889e+02 4.6372243012e+00 -9.1855347689e-01 9.9952857598e+00 1.3745679539e-02 2.8933660401e-02
4.6364915392e+01 3.4576091910e+01 3.4781275497e+01 7.4573827253e-01 7.5997786588e-02 3.5584347787e+02 7.1982356754e+00 7.6442491347e-01 8.0332449989e+00 1.1540853242e-02 1.5644304763e-02
3.8109984144e+01 3.3241157777e+01 3.0970538752e+01 8.7224276062e-01 4.8143399447e-02 2.2106403694e+02 3.7439956026e+01 -9.6092940553e-01 8.5115568770e+00 6.7969500640e-03 7.0911258217e-03
3.7963986098e+01 2.9157986009e+01 2.8913765588e+01 7.6804332228e-01 2.8628572237e-02 1.2960852815e+02 1.1375164287e+02 -9.8997653263e-01 9.4220297417e+00 4.7324342552e-03 4.7963910312e-03
5.4949163450e+01 5.0304013974e+01 4.5760545442e+01 9.1546460066e-01 6.2099976682e-02 2.8798039956e+02 2.0848793973e+00 -8.6012415714e-01 1.4109414891e+01 1.5599296811e-02 1.0000000000e+00
5.8353244079e+01 5.0263516009e+01 4.7120658738e+01 8.6136626682e-01 2.8553878149e-02 1.2926326489e+02 5.4067363358e+01 5.9229939111e-01 1.3418843367e+01 4.6096828515e-03 4.7444811230e-03
3.3325870995e+01 2.3426134732e+01 2.4248955937e+01 7.0294140957e-01 2.0531255747e-02 9.2394545276e+01 1.1129049701e+02 7.5411311143e-01 8.4931935117e+00 5.3524099032e-03 5.4263858912e-03
3.2786132247e+01 2.6001815143e+01 2.5383917773e+01 7.9307357594e-01 1.6575474352e-02 7.4372730274e+01 2.0349282292e+02 8.5104253476e-01 9.6858931333e+00 4.1581811638e-03 4.1892530017e-03
3.5629834892e+01 3.1312061665e+01 2.9065358337e+01 8.7881579469e-01 7.3267007231e-02 3.4241322318e+02 4.7520368200e+00 -8.6575890760e-01 8.0007759346e+00 1.5110841707e-02 3.0166777210e-02
7.1092097612e+01 6.3309667611e+01 5.8383996851e+01 8.9053030839e-01 1.4522422067e-01 7.1146721184e+02 3.3124679646e+00 7.7458094318e-01 1.0139857762e+01 1.0742952204e-02 1.0000000000e+00
6.8111803841e+01 6.6951714020e+01 5.8787208420e+01 9.8296785938e-01 5.3908550008e-02 2.4855456205e+02 2.1038685673e+01 4.7693775483e-01 1.1164342760e+01 5.6329404840e-03 6.0964723067e-03
7.8595212951e+01 7.0343726329e+01 6.4709974400e+01 8.9501286004e-01 3.9745847448e-02 1.8140502790e+02 2.6019328635e+01 -9.7155663284e-02 1.0282313794e+01 4.9402416919e-03 5.2593576069e-03
3.2855673062e+01 1.5136942575e+01 1.9131729639e+01 4.6071016551e-01 1.3223734891e-02 5.9184617857e+01 1.2245007139e+02 9.3999112725e-01 1.1889969135e+01 6.0155294664e-03 6.0909179880e-03
5.1277636693e+01 3.3174956759e+01 3.5737191695e+01 6.4696735065e-01 4.6774375385e-02 2.1456742562e+02 8.3004843063e+00 6.3906177549e-01 1.1055039635e+01 1.0943305298e-02 1.4003715855e-02
3.5237341031e+01 2.5153935320e+01 2.5844646719e+01 7.1384317272e-01 1.4088493819e-02 6.3095997335e+01 2.3305468784e+02 9.2159654037e-01 1.1689202563e+01 3.9137674538e-03 3.9392588046e-03
4.5546466516e+01 4.2481205507e+01 3.8288386936e+01 9.3270035540e-01 6.8576096542e-02 3.1945198980e+02 6.0949164079e+00 6.2199382045e-01 8.9648596029e+00 1.1618164121e-02 1.7340551388e-02
3.0917356858e+01 2.9147890671e+01 2.6131301461e+01 9.4276787001e-01 3.4738743753e-02 1.5797624001e+02 6.2907295111e+01 -9.8608840020e-01 8.4368079967e+00 6.2721006547e-03 6.4285421117e-03
3.4369649711e+01 2.6909098320e+01 2.6435198394e+01 7.8293199222e-01 3.9591641081e-02 1.8068103875e+02 3.8563810344e+01 9.5806098303e-01 8.3902446862e+00 7.4593317141e-03 7.7720268513e-03
3.7856168153e+01 3.6037057662e+01 3.2152197491e+01 9.5194678755e-01 7.0979354308e-02 3.3119826987e+02 8.8458940421e+00 -9.0714936478e-01 8.5240079124e+00 1.1253114643e-02 1.4102161226e-02
3.5269135390e+01 2.6622280737e+01 2.6623059286e+01 7.5483224761e-01 2.1340469965e-02 9.6094015823e+01 2.0794116889e+02 -9.0947620596e-01 8.2720602004e+00 3.9918595263e-03 4.0210418332e-03
5.6141489028e+01 5.4679955217e+01 4.8232801228e+01 9.7396695678e-01 4.8245966900e-02 2.2155125076e+02 4.9035409777e+01 8.6059480747e-01 1.1585000383e+01 4.6569439540e-03 4.8079439386e-03
3.5836165804e+01 3.4380562930e+01 3.0555725077e+01 9.5938173517e-01 4.1827228671e-02 1.9119211631e+02 3.3995910417e+01 9.2643351173e-01 9.5282925488e+00 7.1339580866e-03 7.4768262606e-03
3.9796555412e+01 3.9584504135e+01 3.4552465113e+01 9.9467161731e-01 5.3226506434e-02 2.4529117535e+02 4.4267279905e+01 -9.2285694964e-01 8.0469623383e+00 5.9431154691e-03 6.1579778430e-03
3.5041589986e+01 2.3632624618e+01 2.4955599041e+01 6.7441644708e-01 4.4963307570e-02 2.0599172715e+02 8.2055957941e+00 9.9279121826e-01 1.0445066281e+01 1.3770867443e-02 1.7693643358e-02
4.9293054267e+01 4.3889591130e+01 4.0478214828e+01 8.9038084133e-01 4.0004096924e-02 1.8261783957e+02 7.8718925461e+01 7.3519373594e-01 8.3688109950e+00 4.3725099694e-03 4.4588617882e-03
7.4788056151e+01 5.2402151729e+01 5.4327295288e+01 7.0067540763e-01 1.1626547271e-01 5.5921340742e+02 3.8144073475e+00 6.0126169052e-01 9.6233188983e+00 1.0830402744e-02 1.0000000000e+00
4.0653669662e+01 4.0255932069e+01 3.5217439047e+01 9.9021644058e-01 5.7718768153e-02 2.6684014661e+02 7.4771253970e+00 6.8423979153e-01 9.6019365494e+00 1.1410777973e-02 1.5205759657e-02
4.2810422105e+01 3.9293894159e+01 3.5698630101e+01 9.1785813425e-01 7.5173477662e-02 3.5178452702e+02 5.8539807748e+00 -6.9312677145e-01 8.2166451327e+00 1.2275669862e-02 1.8892958678e-02
5.1235005154e+01 4.3592095146e+01 4.1114803797e+01 8.5082640307e-01 6.6127403013e-02 3.0752105899e+02 2.7096206291e+01 -9.3918507868e-01 9.4614266817e+00 6.3599028103e-03 6.7524817489e-03
3.4923934755e+01 2.6989384369e+01 2.6682890291e+01 7.7280479872e-01 2.9035957466e-02 1.3149225818e+02 9.0886296875e+00 4.2182701682e-01 8.8501114022e+00 1.2832734277e-02 1.5950738202e-02
6.5077623281e+01 4.8019705231e+01 4.8553465682e+01 7.3788351218e-01 9.2933095525e-02 4.4016748306e+02 1.7936792032e+01 9.4960378141e-01 9.5413750104e+00 6.5880641712e-03 7.2418754828e-03
3.5666958104e+01 2.1555995750e+01 2.3987580328e+01 6.0436877424e-01 1.3389751479e-02 5.9935136467e+01 2.9674916087e+02 8.5922391158e-01 9.5668266588e+00 3.7469063364e-03 3.7660235128e-03
7.8107437902e+01 6.4976275583e+01 6.1965546347e+01 8.3188333055e-01 2.7136066946e-02 1.2271660398e+02 1.0566013311e+02 7.4006260596e-01 1.4379303302e+01 3.0240756160e-03 3.0681587458e-03
3.8253403634e+01 3.5516888565e+01 3.2083866210e+01 9.2846348800e-01 1.8625688471e-02 8.3700108534e+01 3.3505588199e+01 -2.5834699771e-01 1.0195170005e+01 7.0560792504e-03 7.4006235534e-03
2.8483862525e+01 2.2921189065e+01 2.2217769396e+01 8.0470789540e-01 2.0798416682e-02 9.3615438835e+01 3.5433861675e+01 -7.0728175512e-01 9.8882959883e+00 8.6818751138e-03 9.0807415395e-03
6.3297999507e+01 4.1133715595e+01 4.4216694527e+01 6.4984226856e-01 3.6215122544e-02 1.6486735647e+02 6.8670653806e+01 7.1927637735e-01 1.0477884293e+01 4.3649967537e-03 4.4643465420e-03
4.6161231071e+01 4.3394912987e+01 3.8959255169e+01 9.4007269694e-01 5.3318651022e-02 2.4573188710e+02 1.1886951336e+01 9.6682847089e-01 1.4188435689e+01 9.0268826979e-03 1.0528058641e-02
3.0141746197e+01 2.3342993598e+01 2.3054143828e+01 7.7444065271e-01 1.6881355451e-02 7.5762545003e+01 1.2510747565e+02 7.5427420388e-01 9.3758238019e+00 5.2987992753e-03 5.3637630511e-03
6.8016587825e+01 4.8580774570e+01 4.9901065662e+01 7.1424892256e-01 2.5746686193e-02 1.1631409529e+02 2.0128031998e+02 -9.7297090020e-01 1.0736799816e+01 2.7213007157e-03 2.7418621559e-03
4.0341728209e+01 3.2597062901e+01 3.1533201760e+01 8.0802346224e-01 3.4840337619e-02 1.5844998060e+02 1.9350489385e+01 -8.8162712567e-01 1.3166565223e+01 8.6773152139e-03 9.4645293378e-03
4.1103688299e+01 4.0935606241e+01 3.5709587101e+01 9.9591077919e-01 1.8973602719e-02 8.5285714858e+01 1.5954459489e+02 -6.1250099019e-01 9.6816642484e+00 3.6749176019e-03 3.7100759065e-03
6.1631317461e+01 5.2262469304e+01 4.9373602884e+01 8.4798559333e-01 3.4720086618e-02 1.5788924759e+02 1.4279320922e+01 8.6584017681e-02 1.0338914999e+01 7.3486378930e-03 8.3125739400e-03
3.6331826337e+01 3.0969565899e+01 2.9182910205e+01 8.5240872870e-01 1.3610552657e-02 6.0933608524e+01 4.3203251143e+01 -5.0266005474e-01 1.5640452871e+01 6.8269583847e-03 7.0802751423e-03
5.6329107576e+01 4.0972798099e+01 4.1716976756e+01 7.2738234035e-01 1.1211970522e-02 5.0104644026e+01 3.9721339816e+02 8.6813662931e-01 1.1262600981e+01 2.3799338782e-03 2.3889839626e-03
2.9589270217e+01 2.8222007791e+01 2.5155374241e+01 9.5379195175e-01 1.3201567373e-02 5.9084418154e+01 3.4235994987e+02 -9.5344871274e-01 1.0227348655e+01 3.4477477830e-03 3.4629760557e-03
3.5928606367e+01 2.6219959891e+01 2.6653682127e+01 7.2977948610e-01 2.5370423586e-02 1.1458240748e+02 2.5631946960e+01 9.1134105483e-01 1.3931744934e+01 8.7242659167e-03 9.2973919379e-03
3.4308218762e+01 2.4475451520e+01 2.5155096637e+01 7.1339907471e-01 1.5027483721e-02 6.7348803025e+01 3.0898966539e+01 -9.3094181761e-01 2.1151551526e+01 8.4869548225e-03 8.9398457433e-03
7.2197719196e+01 4.8545162681e+01 5.1336866395e+01 6.7239191516e-01 3.5099476362e-02 1.5965867192e+02 2.2632405116e+01 -4.1780636037e-01 1.3143911208e+01 6.0327395282e-03 6.4891489915e-03
4.2298052601e+01 1.9991503134e+01 2.4969879510e+01 4.7263412627e-01 1.4395903674e-02 6.4487645955e+01 2.0976848555e+01 6.3452409911e-01 1.7284569501e+01 9.8628673814e-03 1.0677249265e-02
2.5553126117e+01 2.3843913255e+01 2.1485860859e+01 9.3311139881e-01 3.5647566904e-02 1.6221655803e+02 3.7476211997e+00 -7.9047841992e-01 8.5331634689e+00 2.0401372841e-02 1.0000000000e+00
4.0816335778e+01 3.9601633814e+01 3.4999162313e+01 9.7023980864e-01 4.4119620416e-02 2.0200397735e+02 1.6253439979e+01 9.5270776935e-01 1.3461795678e+01 8.6310039803e-03 9.5955316199e-03
2.5846480970e+01 1.8541640953e+01 1.9005373073e+01 7.1737583831e-01 1.2519391400e-02 5.6002516552e+01 8.3189021278e+01 -9.0222181753e-01 1.3375584286e+01 6.9858803748e-03 7.1161736022e-03
2.4975314270e+01 2.4761542657e+01 2.1648984448e+01 9.9144068374e-01 1.5625949343e-02 7.0062409799e+01 8.4377698210e+01 9.9658691587e-01 1.3785423220e+01 6.3933472308e-03 6.5108521432e-03
6.4059116286e+01 3.2504704207e+01 3.9278365661e+01 5.0741730595e-01 7.1783421704e-02 3.3513637452e+02 2.5588820197e+01 -9.3063289698e-01 8.3362742700e+00 6.6640633514e-03 7.1026779697e-03
7.8907550950e+01 4.4147059351e+01 5.0955683216e+01 5.5947826057e-01 4.2683571763e-02 1.9522699331e+02 8.4999178705e+00 8.3898772196e-01 2.4018678955e+01 8.7106285521e-03 1.1056770564e-02
7.2782524861e+01 7.1338616069e+01 6.2728592089e+01 9.8016132588e-01 5.2479531666e-02 2.4172053310e+02 3.4030123720e+01 7.4974156380e-01 1.4314350028e+01 4.5203537294e-03 4.7373701940e-03
4.2183518328e+01 3.4259726014e+01 3.3058884011e+01 8.1215904627e-01 1.3766470646e-02 6.1638872974e+01 2.5658905408e+00 8.5336988600e-01 3.9562527219e+01 1.8204976634e-02 1.0000000000e+00
3.5758240669e+01 3.4111507537e+01 3.0402437065e+01 9.5394815012e-01 3.5873060387e-02 1.6326948503e+02 2.0335657689e+01 7.2415905780e-01 1.0123922998e+01 8.7084241592e-03 9.4538819154e-03
3.7035471706e+01 2.8235829446e+01 2.8100018394e+01 7.6239961705e-01 2.3070483372e-02 1.0401767977e+02 1.3596160509e+02 9.6325268686e-01 1.0283372496e+01 4.5212345466e-03 4.5721481838e-03
4.5299372628e+01 4.2973362269e+01 3.8406930246e+01 9.4865248183e-01 1.1450355353e-02 5.1179159823e+01 1.5744742771e+02 9.9865184028e-02 9.5368226786e+00 3.5452637442e-03 3.5796414912e-03
2.6156623773e+01 2.3742982555e+01 2.1689560485e+01 9.0772351819e-01 1.5597395082e-02 6.9932882540e+01 1.3855338030e+02 8.6000796922e-01 1.0291553145e+01 5.3022062178e-03 5.3607747217e-03
8.4343749957e+01 6.1776344368e+01 6.2687807107e+01 7.3243535413e-01 3.0257691718e-02 1.3714805465e+02 3.6838233217e+01 9.3897375596e-01 2.9298559613e+01 4.4486486394e-03 4.6445937635e-03
4.7181627094e+01 4.7005447509e+01 4.0997219359e+01 9.9626592816e-01 1.1132036871e-01 5.3370870389e+02 4.1157999913e+00 -8.3522321132e-01 8.8543586243e+00 1.2585757144e-02 4.8018545174e-02
2.6045667888e+01 2.3012278574e+01 2.1304689043e+01 8.8353574471e-01 1.6786679233e-02 7.5332303217e+01 5.0188878016e+01 -6.8769663664e-01 1.0370815419e+01 7.8411051990e-03 8.0891624719e-03
7.5653335363e+01 6.7426404177e+01 6.2155450619e+01 8.9125487797e-01 9.0738657950e-02 4.2914118703e+02 7.8791049341e+00 -6.6734614922e-01 1.2581258228e+01 7.6955906476e-03 1.0037983255e-02
3.0137301350e+01 2.1300377334e+01 2.1990683215e+01 7.0677785933e-01 2.1041744345e-02 9.4727830185e+01 5.2907378451e+00 7.6031093355e-01 1.5391293960e+01 1.7825871193e-02 3.0255552542e-02
2.5750643119e+01 2.4426759447e+01 2.1831859414e+01 9.4858832591e-01 3.5349548348e-02 1.6082549016e+02 2.1262146413e+01 9.6462274737e-01 8.5932416066e+00 1.0536757890e-02 1.1393289080e-02
3.5068198187e+01 3.0019771959e+01 2.8228796254e+01 8.5603975997e-01 5.4881857897e-02 2.5321672689e+02 6.7412645993e+00 -8.7920237396e-01 9.5188905189e+00 1.3644499627e-02 1.9120710228e-02
8.4989518280e+01 4.9000701673e+01 5.5760412771e+01 5.7654994009e-01 3.0958393989e-02 1.4039626092e+02 5.2466980479e+01 4.7020378676e-01 1.2682316464e+01 4.1901929040e-03 4.3166720691e-03
3.2439848534e+01 2.2637632062e+01 2.3515329881e+01 6.9783408632e-01 1.1378350165e-02 5.0854557342e+01 3.5701979631e+02 9.4946816021e-01 1.1007018918e+01 3.5440160178e-03 3.5590217352e-03
4.7554047412e+01 3.7813293315e+01 3.6867258441e+01 7.9516456270e-01 2.4963149746e-02 1.1270905110e+02 4.7889715254e+01 -3.5668574803e-01 9.1042145330e+00 5.6362041204e-03 5.8235997997e-03
6.3877705187e+01 3.2201776301e+01 3.9031150282e+01 5.0411604811e-01 4.5894159059e-02 2.1039681062e+02 4.8373489451e+00 2.8815607683e-01 9.5730744977e+00 1.2687645382e-02 2.4491697335e-02
2.6712262652e+01 2.5560345720e+01 2.2746344148e+01 9.5687684915e-01 3.5682665779e-02 1.6238042807e+02 2.8373286519e+00 9.1123783581e-01 9.2126576840e+00 2.1852100081e-02 1.0000000000e+00
3.1958362950e+01 2.5000109806e+01 2.4569945738e+01 7.8227128985e-01 2.7310492670e-02 1.2352128904e+02 2.4913381662e+01 6.0924109530e-01 8.3484478044e+00 9.2670666542e-03 9.8956754559e-03
7.5672847666e+01 5.9273215690e+01 5.8216634590e+01 7.8328247869e-01 4.0270217988e-02 1.8386807252e+02 3.8416711810e+01 -6.1467363347e-01 1.3981405339e+01 4.5588455998e-03 4.7507419273e-03
7.2260592308e+01 5.3166205436e+01 5.3832461986e+01 7.3575656851e-01 1.0220472353e-01 4.8707885213e+02 2.1683365463e+00 9.0875854398e-01 1.2169558919e+01 1.3569275666e-02 1.0000000000e+00
6.2561518827e+01 5.7067353011e+01 5.2005563456e+01 9.1217978848e-01 9.9065489255e-02 4.7113677306e+02 1.0316582952e+01 8.2295839348e-01 1.0113400278e+01 7.7388054571e-03 9.3018440857e-03
4.2684770385e+01 3.5684283915e+01 3.3948535196e+01 8.3599568635e-01 5.7719465632e-02 2.6684350236e+02 2.3575919897e+00 8.7030253003e-01 1.0005288831e+01 1.7999079268e-02 1.0000000000e+00
2.9324745757e+01 2.3905201318e+01 2.3025273084e+01 8.1518869817e-01 2.7228912750e-02 1.2314490818e+02 2.3842825246e+01 8.3523410679e-01 1.0106376039e+01 9.8116395321e-03 1.0511130121e-02
5.7093237023e+01 5.4109268157e+01 4.8382787053e+01 9.4773516056e-01 3.6884548725e-02 1.6799665265e+02 1.7435055442e+01 6.2107714850e-01 1.6299318673e+01 6.8964198027e-03 7.6044470705e-03
3.7753380862e+01 2.7519275623e+01 2.7990422294e+01 7.2892215198e-01 1.9043613103e-02 8.5604882083e+01 4.2314427567e+01 3.1484432259e-01 8.4467031769e+00 7.0385982612e-03 7.3056435067e-03
2.9326432855e+01 2.3591593500e+01 2.2871212154e+01 8.0444811056e-01 3.1503021739e-02 1.4292319102e+02 1.2745200020e+01 9.5259621058e-01 1.1395177219e+01 1.2429136077e-02 1.4314701078e-02
4.2808313621e+01 3.3763683736e+01 3.3050099464e+01 7.8871791200e-01 3.1736880161e-02 1.4400883103e+02 3.7971971897e+01 -5.1514554007e-01 8.2901534822e+00 6.5562949462e-03 6.8357611703e-03
6.8904162424e+01 5.8999673051e+01 5.5472830227e+01 8.5625702390e-01 7.1426423105e-02 3.3338739084e+02 2.8902805317e+01 -9.8014016661e-01 1.2671730377e+01 5.1320581775e-03 5.4268893595e-03
7.4306877486e+01 6.2742510987e+01 5.9398998682e+01 8.4437017285e-01 9.5662382477e-02 4.5392235283e+02 9.1404739157e+00 6.1026803545e-01 1.0040262837e+01 7.4670241068e-03 9.2658365751e-03
6.4195610664e+01 4.4199336455e+01 4.6211582690e+01 6.8851025791e-01 5.8987870147e-02 2.7295126150e+02 6.5108098772e+01 -8.7630568033e-01 8.2153723050e+00 4.2734779758e-03 4.3763047869e-03
3.1456402956e+01 3.0809795577e+01 2.7101183411e+01 9.7944433189e-01 5.7917486797e-02 2.6779635976e+02 7.3728396310e+00 8.8353231531e-01 8.3946313666e+00 1.3510072066e-02 1.8114332133e-02
3.4345177375e+01 3.0479233103e+01 2.8156207961e+01 8.8743851199e-01 1.9757179365e-02 8.8859789765e+01 4.6796270311e+01 8.7668321834e-01 1.5679759207e+01 6.7498977308e-03 6.9798997880e-03
3.2339361517e+01 3.0487133323e+01 2.7332556381e+01 9.4272527018e-01 4.2543150715e-02 1.9456503776e+02 1.8489610675e+01 8.0512219563e-01 8.3891682107e+00 9.6070244947e-03 1.0526658689e-02
3.1152133664e+01 1.9588710366e+01 2.1390682821e+01 6.2880798398e-01 2.0149743504e-02 9.0651902989e+01 1.7522476552e+01 8.0597209918e-01 1.2869367558e+01 1.1581560420e-02 1.2763485699e-02
3.2707527316e+01 2.5173048235e+01 2.4936962044e+01 7.6964082280e-01 3.6430791793e-02 1.6587520313e+02 2.1345291334e+01 -7.9019042302e-01 8.2290913719e+00 9.6759263358e-03 1.0458941560e-02
3.6954696022e+01 2.1171932590e+01 2.4164791664e+01 5.7291589076e-01 3.3629805907e-02 1.5280956715e+02 3.5635362256e+00 -8.1484487488e-01 1.1040573814e+01 1.9341838450e-02 1.0000000000e+00
3.4118212946e+01 3.1773906859e+01 2.8659422854e+01 9.3128871987e-01 3.3114061436e-02 1.5040939821e+02 2.3063118936e+01 7.7846340739e-01 1.0457735987e+01 8.6335947172e-03 9.2728490131e-03
6.9993157056e+01 5.3509122925e+01 5.3180823025e+01 7.6449077561e-01 3.8217858262e-02 1.7423805227e+02 2.4219120001e+01 -9.6259490664e-02 8.7849897665e+00 5.7422770231e-03 6.1444452836e-03
2.5968374113e+01 2.5341867540e+01 2.2332081979e+01 9.7587424726e-01 1.3312246157e-02 5.9584731695e+01 1.7262504892e+02 5.6442762334e-01 8.1550830400e+00 4.8010529646e-03 4.8434480321e-03
3.5522594752e+01 3.4688879702e+01 3.0558733757e+01 9.7653000698e-01 2.1326711061e-02 9.6031078106e+01 1.0814059563e+02 5.9350922586e-01 8.7579192521e+00 4.6799092427e-03 4.7465241339e-03
3.1454831282e+01 2.8751471950e+01 2.6174601226e+01 9.1405583110e-01 1.5907395768e-02 7.1339393059e+01 4.7482362267e+01 -5.1570366151e-01 1.1612456613e+01 7.0430740036e-03 7.2793809343e-03
4.1030968638e+01 3.7146450388e+01 3.3978264144e+01 9.0532716194e-01 5.3281229566e-02 2.4555290013e+02 3.0717503280e+00 7.6049465298e-01 1.0866116067e+01 1.6332778315e-02 1.0000000000e+00
7.3848640479e+01 5.7683171752e+01 5.6732094990e+01 7.8109998204e-01 4.6502971699e-02 2.1328093488e+02 2.2334208399e+01 -8.5047086719e-01 1.8904082407e+01 5.6568671146e-03 6.0913931011e-03
3.5685466678e+01 2.7701346461e+01 2.7327227498e+01 7.7626409402e-01 2.4711623354e-02 1.1155264185e+02 6.8445965168e+00 9.1591970757e-01 2.0529289889e+01 1.4098309059e-02 1.9595877621e-02
3.1498188523e+01 2.4555447942e+01 2.4173487191e+01 7.7958286154e-01 2.4572337977e-02 1.1091244829e+02 6.0946725282e+01 -7.8825879792e-01 8.8482093073e+00 6.7048357784e-03 6.8777083067e-03
4.3392597492e+01 2.3884353683e+01 2.7780766520e+01 5.5042461303e-01 1.0954662074e-02 4.8945258915e+01 1.0564500762e+02 7.4514629709e-01 1.8569112255e+01 5.0428951206e-03 5.1164181783e-03
3.9804737201e+01 3.4402701017e+01 3.2197851529e+01 8.6428660094e-01 2.7207329185e-02 1.2304533660e+02 5.6248158825e+00 -7.6092145808e-01 2.0850799926e+01 1.3675776654e-02 2.1786680163e-02
8.4981645557e+01 8.2959186199e+01 7.3094131759e+01 9.7620122152e-01 1.7953078759e-01 8.9807039472e+02 1.0494926409e+01 8.4715918138e-01 8.9924060387e+00 5.9471459720e-03 7.1196809855e-03
3.4506076940e+01 3.4251953153e+01 2.9928425622e+01 9.9263539037e-01 2.6878941486e-02 1.2153076330e+02 8.1112598009e+01 9.0653990928e-01 1.0805897000e+01 5.2633309243e-03 5.3640991008e-03
3.3728063359e+01 2.1869503651e+01 2.3533528146e+01 6.4840674125e-01 1.8151113112e-02 8.1538549860e+01 2.4938785593e+02 9.1825865139e-01 8.0735780998e+00 4.0355752863e-03 4.0601192745e-03
3.7380377892e+01 3.1990443843e+01 3.0085899753e+01 8.5580846549e-01 5.1615601179e-02 2.3759529178e+02 4.5971074562e+00 5.3311453546e-01 8.0189468157e+00 1.5165316620e-02 3.2603448802e-02
7.1564280831e+01 6.9563902964e+01 6.1422204643e+01 9.7204781711e-01 1.1426939761e-01 5.4890093337e+02 2.6253763102e+01 -9.9685660559e-01 9.4609238528e+00 4.8713760301e-03 5.1828924023e-03
5.4788098074e+01 2.9963859597e+01 3.4957505851e+01 5.4690454040e-01 5.5668460053e-02 2.5698899715e+02 7.4196371675e+00 8.6453744519e-01 1.2084714183e+01 1.1510912471e-02 1.5390783934e-02
8.4762715821e+01 7.2821061910e+01 6.8355713529e+01 8.5911666710e-01 6.3765214711e-02 2.9604750816e+02 7.2853117022e+01 7.9114551076e-01 8.8054735379e+00 3.1988200739e-03 3.2672811879e-03
8.5393219729e+01 5.8687858721e+01 6.1413182232e+01 6.8726602542e-01 1.0547996561e-01 5.0377525380e+02 9.7762132194e+00 -8.2694573146e-01 1.1992589697e+01 7.0912687494e-03 8.6381698293e-03
5.2183081656e+01 4.7371999172e+01 4.3273116662e+01 9.0780378753e-01 1.2064748401e-01 5.8193570411e+02 4.0458330515e+00 9.2852021815e-01 9.8108011847e+00 1.2182551649e-02 6.5376882245e-02
3.6606926190e+01 3.4182900550e+01 3.0791378705e+01 9.3378232230e-01 3.0875129212e-02 1.4001010601e+02 1.2211561792e+02 9.9990066047e-01 9.1390581246e+00 4.4244525359e-03 4.4800565648e-03
7.6589129378e+01 6.0985448631e+01 5.9419415523e+01 7.9626768350e-01 4.8818869028e-02 2.2427388612e+02 4.8380802500e+01 9.8844342335e-01 1.6110985564e+01 4.1070056501e-03 4.2420864923e-03
2.9334050311e+01 2.7981493642e+01 2.4939702684e+01 9.5389124056e-01 1.5246612510e-02 6.8342114815e+01 2.8664045015e+01 6.5055004998e-01 1.5374384772e+01 8.7751576196e-03 9.2839408718e-03
3.4241392988e+01 3.1196670844e+01 2.8446557468e+01 9.1108065769e-01 2.9358372992e-02 1.3298386753e+02 2.1712149484e+01 9.3970415660e-01 1.4088224443e+01 8.8927173045e-03 9.5983441669e-03
2.7948856878e+01 2.0919091798e+01 2.1005803738e+01 7.4847754560e-01 1.4247532619e-02 6.3815889130e+01 1.6034543646e+02 8.4603616997e-01 1.0182973517e+01 5.1253375970e-03 5.1741230162e-03
2.9789537567e+01 2.6859476494e+01 2.4618314305e+01 9.0164127032e-01 1.5655256680e-02 7.0195358811e+01 4.7306538825e+01 6.4476110962e-01 1.2842376560e+01 7.3294672269e-03 7.5763546247e-03
4.0271566047e+01 2.7105137459e+01 2.8650230988e+01 6.7305893759e-01 4.4271420961e-02 2.0272113381e+02 2.0228403492e+01 -9.9615035484e-01 1.0245823831e+01 9.0099356627e-03 9.7859697470e-03
4.6827248597e+01 2.8700926235e+01 3.1725971815e+01 6.1291079650e-01 1.5980007224e-02 7.1668932878e+01 8.0067900337e+01 -7.1459684979e-01 1.5694684763e+01 5.1337683486e-03 5.2333845416e-03
5.7398029202e+01 5.7381127649e+01 4.9960529176e+01 9.9970553775e-01 4.3585719005e-02 1.9948283479e+02 9.3102312548e+00 -1.9853132801e-01 1.0381379086e+01 8.5180187979e-03 1.0514321002e-02
2.9995015646e+01 2.9820360972e+01 2.6036021717e+01 9.9417721008e-01 3.5772721656e-02 1.6280091886e+02 2.7273724976e+01 -8.2446211882e-01 8.6455137752e+00 8.5949259186e-03 9.1216120491e-03
3.2260040852e+01 2.2264444318e+01 2.3251327285e+01 6.9015549051e-01 2.1536864961e-02 9.6992527801e+01 1.4886185097e+02 9.3167532740e-01 8.4688261561e+00 4.9239466826e-03 4.9744991491e-03
1.9082217462e+01 1.3018627784e+01 1.3671404624e+01 6.8223872879e-01 1.3234132425e-02 5.9231617031e+01 8.8215861894e+01 9.8847136277e-01 9.0403477926e+00 8.3924525542e-03 8.5397702869e-03
7.9646811860e+01 7.6089274715e+01 6.7766842846e+01 9.5533359010e-01 1.1141931860e-01 5.3421761050e+02 1.8544035140e+01 6.3879448091e-01 8.3007261080e+00 5.2273870293e-03 5.7260403402e-03
4.1035603157e+01 3.8118092761e+01 3.4425555007e+01 9.2890294838e-01 3.0402821144e-02 1.3782055782e+02 4.9110732499e+01 4.9839348764e-01 8.2216739712e+00 5.8083074269e-03 5.9963337153e-03
8.4981963287e+01 5.4701377588e+01 5.9069880398e+01 6.4368220587e-01 8.4584921208e-02 3.9837871988e+02 6.3566344645e+00 -5.1252504013e-01 1.1222568313e+01 8.6410594900e-03 1.2536249447e-02
4.8457053348e+01 3.6698623592e+01 3.6640496104e+01 7.5734327732e-01 3.3325781581e-02 1.5139448929e+02 8.6055096364e+00 5.7997212002e-01 1.4665751398e+01 1.0715325995e-02 1.3546199760e-02
3.5255379451e+01 2.7963864943e+01 2.7297551462e+01 7.9318008709e-01 3.1058824443e-02 1.4086208531e+02 3.3767090707e+01 8.9616710316e-01 1.0773092889e+01 7.7242472288e-03 8.0982305353e-03
5.4223254065e+01 5.4147814221e+01 4.7171233556e+01 9.9860871787e-01 1.1372148715e-01 5.4607438172e+02 7.3455845959e+00 -9.0245836050e-01 9.4805000081e+00 9.2656781627e-03 1.2444002566e-02
2.9214285757e+01 2.4990889000e+01 2.3508127489e+01 8.5543385205e-01 3.5847188163e-02 1.6314865950e+02 2.3771757543e+01 9.9067068584e-01 9.3262936397e+00 9.6455429225e-03 1.0335528383e-02
3.1377597734e+01 2.8057323529e+01 2.5822079880e+01 8.9418328858e-01 1.0933546942e-02 4.8850137726e+01 3.4489866517e+02 8.7233486019e-01 1.1491747931e+01 3.3871956463e-03 3.4020454575e-03
6.5695886630e+01 5.7759284691e+01 5.3603621673e+01 8.7919179806e-01 7.4659313059e-02 3.4925489800e+02 7.1730030861e+00 8.0425352438e-01 1.5145940587e+01 8.8255600416e-03 1.1983363135e-02
6.8578795725e+01 6.4002381358e+01 5.7668043649e+01 9.3326779337e-01 1.6321376914e-01 8.0849040676e+02 4.1992343040e+00 8.2421160328e-01 1.0067481076e+01 9.8086724532e-03 3.0763622863e-02
2.6929770889e+01 2.4649001978e+01 2.2424615120e+01 9.1530678371e-01 2.7199216146e-02 1.2300790947e+02 2.6771897099e+00 6.8890373853e-01 8.8323369848e+00 2.2649246825e-02 1.0000000000e+00
3.5786465674e+01 3.3715846566e+01 3.0236524899e+01 9.4213960309e-01 1.2731405660e-02 5.6960009954e+01 4.1663717072e+02 -8.0018444776e-01 8.6096261716e+00 2.8559141073e-03 2.8662645121e-03
4.0370147420e+01 2.8597096229e+01 2.9491766681e+01 7.0837235078e-01 3.0923707324e-02 1.4023538993e+02 4.2057039558e+01 9.0263080270e-01 1.1284409201e+01 6.7787818539e-03 7.0376561615e-03
2.7350563461e+01 1.7494430738e+01 1.8948588368e+01 6.3963694070e-01 1.4923844062e-02 6.6879115916e+01 8.7256774582e+00 -3.2924328322e-01 9.4783267437e+00 1.6278508533e-02 2.0487561306e-02
3.4824154265e+01 3.0090150124e+01 2.8165332202e+01 8.6405975275e-01 3.1417201750e-02 1.4252487936e+02 2.1038954542e+01 6.3578296208e-01 9.3405032792e+00 9.0431223073e-03 9.7872652558e-03
4.7447145924e+01 4.5844270579e+01 4.0600254781e+01 9.6621766570e-01 2.4506572005e-02 1.1061021460e+02 4.6500870596e+01 -3.5007403954e-01 1.0361632478e+01 5.3668646696e-03 5.5509762076e-03
3.5526615845e+01 2.7767226781e+01 2.7301060396e+01 7.8158941178e-01 1.0329343128e-02 4.6129540757e+01 3.8544740924e+02 -9.7215713541e-01 1.2956698068e+01 3.1389346022e-03 3.1512378961e-03
4.5661260036e+01 4.5487796743e+01 3.9674845147e+01 9.9620108396e-01 9.2804105566e-02 4.3951853625e+02 6.1733550447e+00 -9.6593333759e-01 1.0299520026e+01 1.1151012392e-02 1.6494371209e-02
6.0731223749e+01 4.5699090416e+01 4.5769765172e+01 7.5248097429e-01 2.8892647798e-02 1.3082947636e+02 1.6152467309e+02 9.5918193674e-01 1.0885135174e+01 3.1134234984e-03 3.1428384325e-03
4.0551464681e+01 3.9811072510e+01 3.4978044482e+01 9.8174191298e-01 3.4408926188e-02 1.5643873926e+02 6.8764629550e+00 4.7731254307e-01 1.2488358375e+01 1.1990960210e-02 1.6626231864e-02
4.2196645932e+01 3.7419032648e+01 3.4579807590e+01 8.8677741613e-01 1.8229286444e-02 8.1894504317e+01 4.5821519935e+01 -9.5155738486e-01 2.3629957748e+01 5.9889692888e-03 6.1976666795e-03
4.2644625436e+01 4.1567989342e+01 3.6652074688e+01 9.7475329931e-01 4.8360536872e-02 2.2209555891e+02 4.3784320972e+01 9.8027360147e-01 1.0077569452e+01 5.7682688474e-03 5.9792676555e-03
4.4361086874e+01 3.7026313688e+01 3.5253006171e+01 8.3465749594e-01 2.0377173844e-02 9.1690625239e+01 8.0962905589e+01 -8.2556384159e-01 1.5567181666e+01 4.7735382130e-03 4.8651041279e-03
2.5924209326e+01 1.6456402015e+01 1.7889195129e+01 6.3478896532e-01 1.9461145873e-02 8.7509031699e+01 7.1902955350e+01 9.5120802652e-01 8.7625602170e+00 7.6302679692e-03 7.7958157189e-03
3.5372703773e+01 2.8818382740e+01 2.7765645336e+01 8.1470681249e-01 3.0846211464e-02 1.3987600557e+02 3.5757527720e+01 -9.4921610476e-01 1.1528914929e+01 7.4811679492e-03 7.8214937732e-03
4.1648339745e+01 3.9635472652e+01 3.5367814824e+01 9.5166993197e-01 4.6155337327e-02 2.1163379538e+02 2.4356224492e+01 8.9668053674e-01 1.1025949785e+01 7.3589229016e-03 7.8710293012e-03
3.7900186614e+01 2.4627080202e+01 2.6473945764e+01 6.4978783489e-01 1.2263562047e-02 5.4847548148e+01 2.3798646528e+02 -6.5069032563e-01 1.0010774932e+01 3.8295123260e-03 3.8539319544e-03
3.5733195596e+01 2.0371543026e+01 2.3305453625e+01 5.7010134937e-01 1.4244157073e-02 6.3800607908e+01 1.6294043272e+01 8.2054093410e-01 2.1012958642e+01 1.1321653824e-02 1.2583028190e-02
4.4123582737e+01 3.2963250314e+01 3.3130228986e+01 7.4706649528e-01 4.9940515753e-02 2.2961047395e+02 7.4143168346e+00 9.9191768558e-01 1.4254292264e+01 1.1947467490e-02 1.5979515338e-02
3.9400374236e+01 3.7319173377e+01 3.3379375781e+01 9.4717814488e-01 2.8210453967e-02 1.2767630667e+02 5.6310478029e+01 -5.6097131116e-01 8.8472126064e+00 5.6328040882e-03 5.7906170338e-03
8.4606000353e+01 7.9728634191e+01 7.1492992008e+01 9.4235200645e-01 1.0341410450e-01 4.9323643343e+02 7.9921863871e+00 5.1898623523e-01 1.0986182182e+01 6.9629758551e-03 9.0331752728e-03
3.2708983480e+01 2.1988899001e+01 2.3255635744e+01 6.7225870882e-01 2.9022356294e-02 1.3142934936e+02 2.2507371238e+01 -7.7717102791e-01 9.1437303467e+00 9.9529841162e-03 1.0710773247e-02
2.5149248704e+01 1.8098987017e+01 1.8523109387e+01 7.1966312911e-01 1.6937902800e-02 7.6019544448e+01 6.0727116650e+01 9.5042015521e-01 1.0962182151e+01 7.9665821967e-03 8.1727652230e-03
5.6146360691e+01 4.7146321113e+01 4.4755636927e+01 8.3970395467e-01 1.0538570459e-01 5.0329382776e+02 1.3610362216e+01 9.4839014282e-01 8.2974599154e+00 7.6338499738e-03 8.6979587389e-03
3.5381365945e+01 2.7165741126e+01 2.6942397943e+01 7.6779797502e-01 3.1550111141e-02 1.4314176507e+02 7.6016491299e+00 -7.9049856924e-01 1.3494592408e+01 1.3618403574e-02 1.8020988391e-02
2.8433862395e+01 1.7764005249e+01 1.9458155245e+01 6.2474823161e-01 2.3642546366e-02 1.0664216464e+02 5.1112038403e+01 -9.0823278199e-01 8.3840923008e+00 8.2071675021e-03 8.4618444360e-03
4.0048855023e+01 3.2377285211e+01 3.1312608851e+01 8.0844471564e-01 7.5093390084e-02 3.5139039692e+02 5.0872326000e+00 -8.4287404841e-01 8.4013381011e+00 1.4044676554e-02 2.5050789368e-02
5.6837695687e+01 4.0419019180e+01 4.1605373072e+01 7.1113050400e-01 1.0624125297e-01 5.0766539573e+02 7.2142958546e+00 -9.2957608850e-01 8.8682101877e+00 1.0132659955e-02 1.3721102414e-02
3.9438809624e+01 2.8209392260e+01 2.8956046500e+01 7.1526987071e-01 2.2059853641e-02 9.9386463689e+01 8.3860330139e+01 -9.1488792949e-01 1.2637519034e+01 5.3220295699e-03 5.4204686028e-03
1.4224657302e+01 1.1652569366e+01 1.1196816466e+01 8.1918102620e-01 1.2112066850e-02 5.4163814325e+01 2.0343138260e+01 8.1450087819e-01 8.5963826845e+00 1.6493470008e-02 1.7904738029e-02
4.7004127663e+01 4.3956350646e+01 3.9566171462e+01 9.3515937498e-01 6.2687941294e-02 2.9082673749e+02 3.3190398909e+01 9.6546947405e-01 9.1913613752e+00 6.0493672761e-03 6.3478202218e-03
3.6060431943e+01 2.8868550040e+01 2.8053420328e+01 8.0056029518e-01 2.8379090606e-02 1.2845547699e+02 1.2250768623e+01 -4.3841431686e-01 9.1937638452e+00 1.1124297147e-02 1.2901744274e-02
3.6109105105e+01 3.4151881819e+01 3.0568629587e+01 9.4579695949e-01 4.0342391373e-02 1.8420722148e+02 6.4153686700e+01 9.1238767044e-01 8.0605699512e+00 5.6257440622e-03 5.7632138388e-03
7.8773100130e+01 6.9871914357e+01 6.4562193683e+01 8.8700221575e-01 2.3264432129e-01 1.1996906055e+03 4.8908787706e+00 -9.6609070997e-01 9.2319386145e+00 8.3251222607e-03 1.5766261599e-02
2.5604967943e+01 2.1900340548e+01 2.0602343992e+01 8.5531606975e-01 1.6470373414e-02 7.3895333335e+01 2.4028433625e+01 -6.4339858456e-01 1.1516802472e+01 1.0556418418e-02 1.1302409127e-02
3.6397099169e+01 2.6551221159e+01 2.6995659026e+01 7.2948728786e-01 1.7727352612e-02 7.9609708110e+01 5.4357592572e+01 9.0133673188e-01 1.6319004760e+01 6.5594858512e-03 6.7502214398e-03
2.7178781527e+01 2.6993935212e+01 2.3579879812e+01 9.9319887409e-01 3.3555975218e-02 1.5246586731e+02 1.6719440263e+01 8.8370128627e-01 9.7418042391e+00 1.1000574067e-02 1.2188436519e-02
3.4469025244e+01 3.2425338510e+01 2.9101153718e+01 9.4070947122e-01 1.8284861493e-02 8.2147584534e+01 2.6593635926e+01 -3.0735322445e-01 1.0364704801e+01 8.1802563661e-03 8.6958844796e-03
3.6494158899e+01 2.1006111387e+01 2.3922548097e+01 5.7560201470e-01 3.4988175367e-02 1.5913948093e+02 2.3971618487e+01 -8.2960312359e-01 8.2354406204e+00 9.5157926196e-03 1.0190054453e-02
4.2734287337e+01 2.6094123003e+01 2.8896015047e+01 6.1061327166e-01 3.2563015777e-02 1.4784687262e+02 2.6585037983e+01 7.9087262644e-01 1.0496590191e+01 8.1462959916e-03 8.6599694183e-03
4.9446887087e+01 4.9165747412e+01 4.2923432927e+01 9.9431430994e-01 3.6690243309e-02 1.6708805199e+02 3.3027785980e+01 -7.6104889137e-01 1.3751275054e+01 5.8496015180e-03 6.1397524829e-03
8.5887168591e+01 7.9961453350e+01 7.2134496617e+01 9.3100581451e-01 2.1689817286e-01 1.1087065367e+03 1.4832705437e+00 -9.9284189501e-01 9.0141711091e+00 1.2248695143e-02 1.0000000000e+00
2.7466669263e+01 2.2914978663e+01 2.1822313944e+01 8.3428312491e-01 2.3840425038e-02 1.0755048853e+02 3.3147190603e+00 -5.4932264081e-01 9.1113444831e+00 2.1308115911e-02 1.0000000000e+00
2.8363293406e+01 2.2093160915e+01 2.1758320133e+01 7.7893496354e-01 2.8185137912e-02 1.2755935232e+02 6.2253506430e+01 -9.7606545547e-01 8.2480391501e+00 7.0884108806e-03 7.2671569262e-03
4.1360597825e+01 4.1154037580e+01 3.5916446121e+01 9.9500586896e-01 1.1553421920e-02 5.1643848952e+01 2.6676092983e+02 4.1112002414e-01 8.9352588376e+00 3.0335317619e-03 3.0507673068e-03
3.3163755057e+01 2.3092809195e+01 2.4013177917e+01 6.9632673248e-01 1.1973228584e-02 5.3537339554e+01 2.8311135332e+02 6.8723522126e-01 9.0435029253e+00 3.8143900160e-03 3.8347982076e-03
6.2130648809e+01 4.2376057821e+01 4.4506867886e+01 6.8204756644e-01 1.6567725722e-02 7.4337531376e+01 1.0353524907e+02 -7.8836157205e-01 2.0422372432e+01 3.7716862809e-03 3.8278270663e-03
4.3388628869e+01 3.1336752825e+01 3.2015797360e+01 7.2223422685e-01 1.6184619381e-02 7.2597734243e+01 2.2857305934e+02 9.1555918186e-01 1.2023072786e+01 3.4441000986e-03 3.4669775933e-03
3.6039419235e+01 2.8377064333e+01 2.7800188871e+01 7.8738961214e-01 3.4942225258e-02 1.5892515894e+02 5.0348330095e+00 6.4512663540e-01 1.1782885328e+01 1.5553349580e-02 2.8150880447e-02
3.5848277153e+01 2.6153175502e+01 2.6589811409e+01 7.2955181057e-01 2.7370823173e-02 1.2379966089e+02 4.9633783672e+01 -8.6892393361e-01 1.0332480971e+01 6.8112633344e-03 7.0292948443e-03
5.5627032265e+01 2.6398143994e+01 3.2909867673e+01 4.7455603722e-01 1.9075535056e-02 8.5750420494e+01 2.5528979050e+01 6.8237391870e-01 1.8710721207e+01 7.6882125356e-03 8.1955694527e-03
7.9770024137e+01 7.1620692759e+01 6.5782003339e+01 8.9783967768e-01 1.7257797883e-01 8.5971823961e+02 5.7740365873e+00 -8.0776523631e-01 9.7400362712e+00 7.9769230095e-03 1.2417359652e-02
3.9803115249e+01 3.7894686787e+01 3.3807689020e+01 9.5205328904e-01 2.9615696472e-02 1.3417482912e+02 1.3918601160e+02 -8.2989642758e-01 8.1908654684e+00 3.9766351492e-03 4.0203576083e-03
3.3373089168e+01 2.6482263342e+01 2.5845819480e+01 7.9352148700e-01 4.8015974471e-02 2.2045883991e+02 6.4642657310e+00 -7.3972173885e-01 8.2773790499e+00 1.4706257362e-02 2.1113684891e-02
8.5332106020e+01 6.7699160613e+01 6.6078688449e+01 7.9336094900e-01 7.1580223124e-02 3.3414077952e+02 8.7882398324e+01 9.8919258676e-01 8.3046867463e+00 3.0314730751e-03 3.0848948340e-03
3.1955895952e+01 3.0931117999e+01 2.7368801199e+01 9.6793149049e-01 1.6655839887e-02 7.4737822099e+01 2.6387603104e+01 -9.9738929266e-01 2.3687007116e+01 8.5334997505e-03 9.0761007723e-03
2.3877388485e+01 2.0353156148e+01 1.9179032565e+01 8.5240294016e-01 2.2983721987e-02 1.0361982932e+02 7.2388776432e+01 -9.7647871219e-01 8.2981072391e+00 7.2712552808e-03 7.4279127377e-03
8.3208578952e+01 4.3845033817e+01 5.2054191441e+01 5.2692924659e-01 1.1760535161e-01 5.6614904398e+02 2.9555306182e+00 -9.7389129426e-01 1.2310756872e+01 1.2231151157e-02 1.0000000000e+00
5.5349394655e+01 2.7501041378e+01 3.3559713864e+01 4.9686255017e-01 1.5839011406e-02 7.1029069713e+01 1.3625216179e+02 4.9481420250e-01 1.0309154988e+01 4.0610656215e-03 4.1066977509e-03
3.7221292117e+01 2.4246831247e+01 2.6033818353e+01 6.5142368436e-01 3.1796565385e-02 1.4428596505e+02 2.1162164073e+01 7.2029509345e-01 9.2045628386e+00 9.4760696996e-03 1.0250587491e-02
4.1688505885e+01 3.9951505897e+01 3.5526226370e+01 9.5833383924e-01 3.2128321517e-02 1.4582682153e+02 1.5157090932e+02 8.9904540565e-01 8.1097220594e+00 3.7283189926e-03 3.7658995075e-03
3.6185224253e+01 3.1147378332e+01 2.9209665233e+01 8.6077615864e-01 6.9358900320e-02 3.2327406916e+02 4.6306802610e+00 8.8670054818e-01 8.7099675139e+00 1.5245709927e-02 3.2198525641e-02
3.7326122504e+01 3.2568013015e+01 3.0338516201e+01 8.7252601745e-01 2.7393924206e-02 1.2390625805e+02 9.7275828035e+00 -5.7953833085e-01 1.3379972577e+01 1.1556779069e-02 1.4096113756e-02
5.0002804463e+01 4.5741217365e+01 4.1625447524e+01 9.1477303835e-01 2.3272806148e-02 1.0494563908e+02 1.3542285371e+02 -7.7654921560e-01 1.1750997613e+01 3.5415411288e-03 3.5815844041e-03
5.6589825257e+01 3.1476336082e+01 3.6431051191e+01 5.5621900119e-01 4.9017946022e-02 2.2522046624e+02 3.1118504329e+01 7.8360063072e-01 8.8903777248e+00 6.5785410193e-03 6.9268686938e-03
2.1906091141e+01 1.9290526602e+01 1.7888464845e+01 8.8060103818e-01 2.3485116722e-02 1.0591969959e+02 8.2725745447e+00 9.9815385726e-01 1.2305996919e+01 1.7125622134e-02 2.1940827226e-02
3.3112551188e+01 2.7361750621e+01 2.6179885405e+01 8.2632565717e-01 2.5781739274e-02 1.1647546911e+02 1.1040452974e+02 8.6053820644e-01 8.3155105601e+00 5.1010721692e-03 5.1721547300e-03
3.8289444049e+01 3.8180352480e+01 3.3285371577e+01 9.9715087092e-01 2.3102142467e-02 1.0416286721e+02 8.6516521019e+01 -8.9971384099e-01 1.3662112851e+01 4.8183777862e-03 4.9046740382e-03
3.9404385399e+01 3.2232272883e+01 3.0993757437e+01 8.1798694629e-01 2.8989825549e-02 1.3127889147e+02 3.6337399542e+01 -5.9628301619e-01 9.3927485133e+00 6.9499988455e-03 7.2606919999e-03
4.0827083271e+01 1.8495239731e+01 2.3559244636e+01 4.5301398604e-01 3.0311470564e-02 1.3739723981e+02 1.4693846487e+01 9.6852402529e-01 1.2108292003e+01 1.1575472983e-02 1.3040352405e-02
6.4700892928e+01 6.1044347634e+01 5.4706020960e+01 9.4348539674e-01 1.2462252468e-01 6.0264617420e+02 1.3508008436e+01 8.7466153944e-01 8.4279728730e+00 6.6803283000e-03 7.6205438756e-03
3.8108399236e+01 3.0702872300e+01 2.9743215038e+01 8.0567205434e-01 3.7927351501e-02 1.7287716302e+02 8.4857785431e+00 -8.5073344679e-01 1.3421618882e+01 1.2237411545e-02 1.5542102356e-02
4.2277972084e+01 3.7203570004e+01 3.4511672091e+01 8.7997527248e-01 4.4368980241e-02 2.0318211520e+02 3.8749277581e+01 7.9739739043e-01 8.7406586410e+00 6.2850597515e-03 6.5471696887e-03
3.5146670894e+01 3.4600291596e+01 3.0358010891e+01 9.8445430865e-01 1.8158180067e-02 8.1570726856e+01 2.6553710266e+01 -7.5077747831e-01 1.9018028766e+01 7.9720209967e-03 8.4753694688e-03
6.6650276136e+01 5.7918453872e+01 5.4061680357e+01 8.6899045630e-01 1.2712386645e-01 6.1572629339e+02 8.5066325751e+00 -9.6086114723e-01 1.0317327226e+01 7.9932495792e-03 1.0143502596e-02
2.7653476468e+01 2.1802247909e+01 2.1345547204e+01 7.8840893421e-01 2.4225090069e-02 1.0931696165e+02 8.3270155388e+01 -9.2320947473e-01 8.1732136909e+00 6.4479704418e-03 6.5681099241e-03
3.0853089939e+01 2.4091134972e+01 2.3697860865e+01 7.8083378422e-01 1.9210943047e-02 8.6367847413e+01 2.2040148587e+02 -9.5487152052e-01 8.4433481564e+00 4.2058815178e-03 4.2348681077e-03
3.5606711935e+01 2.5314619578e+01 2.6060820710e+01 7.1095077873e-01 1.8515659505e-02 8.3198823505e+01 1.4912815864e+02 7.2999449478e-01 8.8806086703e+00 4.5905370595e-03 4.6375807718e-03
4.1238939235e+01 3.8833985214e+01 3.4834896932e+01 9.4168244708e-01 4.6638526053e-02 2.1392342166e+02 3.7045327880e+01 -7.7106381421e-01 8.2827979331e+00 6.3461988013e-03 6.6240322670e-03
7.7948033085e+01 5.5738568130e+01 5.7221469252e+01 7.1507343962e-01 1.1396384926e-02 5.0935855553e+01 8.1283415367e+01 2.8558179049e-01 2.2236744575e+01 3.5409497449e-03 3.6085948662e-03
4.7218487371e+01 3.1968065267e+01 3.3695101343e+01 6.7702434040e-01 5.2026198622e-02 2.3955528435e+02 2.7636031328e+01 9.7929395834e-01 9.7109798716e+00 7.2089421106e-03 7.6442425353e-03
4.9458765908e+01 3.1804835038e+01 3.4360750518e+01 6.4305759463e-01 2.0867517549e-02 9.3931298803e+01 6.8991103913e+01 -7.2680064898e-01 1.4041979007e+01 5.1490643099e-03 5.2656926767e-03
4.5562454695e+01 3.6729539043e+01 3.5571488455e+01 8.0613608922e-01 5.8650674960e-02 2.7132656203e+02 2.8884612480e+01 -8.7396874625e-01 8.1757240350e+00 6.8274981384e-03 7.2200044319e-03
3.4674357964e+01 2.9928239379e+01 2.8028752103e+01 8.6312310122e-01 1.0730028483e-02 4.7933464653e+01 3.7348511253e+01 4.5608204567e-02 1.2295165055e+01 7.4074533544e-03 7.7289009558e-03
3.3809813874e+01 1.9203462838e+01 2.2007791750e+01 5.6798487296e-01 2.6026303939e-02 1.1760159719e+02 9.8461323382e+01 -9.9713846745e-01 8.0999354657e+00 5.9341943480e-03 6.0272073395e-03
3.5542805419e+01 3.0272446508e+01 2.8537388331e+01 8.5171798207e-01 4.9891821099e-02 2.2937862559e+02 1.8952324045e+01 9.9953866860e-01 9.2560827090e+00 9.2246113916e-03 1.0082210124e-02
8.4896163528e+01 7.5747929522e+01 6.9788256172e+01 8.9224207991e-01 2.2084684568e-01 1.1314008656e+03 3.5703661707e+00 6.9981071729e-01 8.4856706459e+00 8.9768971807e-03 1.0000000000e+00
2.6629376035e+01 2.0709425234e+01 2.0411455308e+01 7.7769096832e-01 1.8258845661e-02 8.2029109876e+01 1.6018915694e+02 -9.5367706712e-01 8.6384935109e+00 5.2071576139e-03 5.2567710389e-03
4.3860070408e+01 3.9099674437e+01 3.6038939102e+01 8.9146401440e-01 3.0022561616e-02 1.3605879901e+02 2.7041957973e+01 4.4307957304e-01 9.7863980424e+00 7.0614637374e-03 7.4983250968e-03
3.5756362696e+01 2.3783247557e+01 2.5282120487e+01 6.6514728465e-01 3.4852730945e-02 1.5850777633e+02 1.3745076817e+01 -6.3656262727e-01 8.1527296133e+00 1.1325516692e-02 1.2884534677e-02
6.4542757808e+01 5.8821855585e+01 5.3628249699e+01 9.1136260028e-01 5.5995160982e-02 2.5855690406e+02 5.4761408756e+01 -9.1302830566e-01 1.1180011973e+01 4.1622967910e-03 4.2823868699e-03
2.9199715536e+01 2.0582931904e+01 2.1277270603e+01 7.0490179529e-01 2.4412504765e-02 1.1017796957e+02 2.1982633463e+01 7.4714711020e-01 9.3865489235e+00 1.0645023045e-02 1.1477743520e-02
3.6821819308e+01 3.4955536293e+01 3.1230233863e+01 9.4931583908e-01 1.4764883791e-02 6.6158859663e+01 3.2351481946e+02 7.7459403824e-01 8.8680112740e+00 3.0734242189e-03 3.0877967039e-03
5.1286308560e+01 3.3837883131e+01 3.6110389759e+01 6.5978394781e-01 5.3440499912e-02 2.4631475299e+02 1.7855275118e+01 -7.5344358133e-01 9.1337292236e+00 8.1256277249e-03 8.9364225021e-03
4.6670016893e+01 4.1414000043e+01 3.8258827852e+01 8.8737915261e-01 1.7012209431e-02 7.6357289711e+01 8.8947645594e+01 8.0298459617e-01 1.8995948069e+01 4.3874196879e-03 4.4637806597e-03
3.1760885324e+01 1.6739825124e+01 1.9871767159e+01 5.2705788751e-01 2.8238588013e-02 1.2780628445e+02 2.9958740026e+01 9.4509691864e-01 8.5641508045e+00 9.8688812081e-03 1.0413767975e-02
4.2691405304e+01 4.0147671939e+01 3.6037399158e+01 9.4041579688e-01 4.7314879948e-02 2.1713090847e+02 2.6610720561e+00 -9.2576030898e-01 1.4981204180e+01 1.6672675930e-02 1.0000000000e+00
4.3329736037e+01 4.0039896510e+01 3.6254825264e+01 9.2407432335e-01 4.2891218383e-02 1.9620608980e+02 5.7602613346e+00 -8.3976706173e-01 1.7106833742e+01 1.2466711406e-02 1.9445821512e-02
5.3286119789e+01 4.8116910720e+01 4.4069377195e+01 9.0299145276e-01 2.2527348710e-02 1.0152791975e+02 2.5203281550e+01 2.0457621387e-01 1.2747263171e+01 6.4230592827e-03 6.8531018213e-03
3.6196293144e+01 3.3931386601e+01 3.0505737475e+01 9.3742711349e-01 1.8009975377e-02 8.0895996498e+01 2.3331634476e+02 -9.6738268655e-01 1.0890746029e+01 3.5185022265e-03 3.5413931073e-03
5.1811203235e+01 3.4021252369e+01 3.6389331501e+01 6.5663891677e-01 4.3745856108e-02 2.0023882629e+02 4.2711322323e+01 9.0162903238e-01 1.0249524718e+01 5.8645755517e-03 6.0848652417e-03
4.6480847577e+01 3.7293456452e+01 3.6201106043e+01 8.0234028414e-01 2.1246944978e-02 9.5666226782e+01 1.9848787769e+02 -6.4872853693e-01 8.0192681173e+00 3.3524523691e-03 3.3781440157e-03
8.2740294280e+01 7.4657697881e+01 6.8403000983e+01 9.0231366145e-01 3.4650608843e-02 1.5756531438e+02 5.9630529226e+01 -6.0821279095e-01 1.4918441268e+01 3.5071306785e-03 3.5996497911e-03
3.7717481321e+01 3.0876806306e+01 2.9678875664e+01 8.1863383303e-01 3.9377688193e-02 1.7967679990e+02 1.7737984976e+01 9.2862726876e-01 1.1609632183e+01 9.2857848222e-03 1.0219663184e-02
4.1511932158e+01 3.5500237858e+01 3.3398783941e+01 8.5518153485e-01 2.2184705787e-02 9.9958232284e+01 3.8336638268e+01 6.0318941717e-01 1.3309427073e+01 6.5279671797e-03 6.8033694799e-03
4.6992556335e+01 1.8849146576e+01 2.5391727371e+01 4.0110919783e-01 2.3425382958e-02 1.0564561661e+02 1.0063975604e+01 7.5693602208e-01 1.5030615789e+01 1.2783929976e-02 1.5458556295e-02
2.8288941012e+01 2.4184983871e+01 2.2756673862e+01 8.5492715548e-01 4.9032557035e-02 2.2528994939e+02 3.8849055062e+00 -9.3050206664e-01 8.2054844273e+00 1.9262691771e-02 1.0000000000e+00
4.0941966303e+01 3.7141497529e+01 3.3939469523e+01 9.0717424888e-01 2.6716135792e-02 1.2078014310e+02 2.7590540839e+01 9.1555606318e-01 1.7670088593e+01 7.2910237762e-03 7.7320896888e-03
2.8849744250e+01 2.8384416587e+01 2.4911627418e+01 9.8387064859e-01 2.3049576665e-02 1.0392180602e+02 1.0301445718e+02 8.5808981050e-01 8.9843897354e+00 5.4093762344e-03 5.4903120191e-03
3.5876585179e+01 1.7979402480e+01 2.1852695448e+01 5.0114586967e-01 1.3579231838e-02 6.0791954595e+01 2.6438547703e+02 -8.0060810029e-01 8.6556885119e+00 4.1469609608e-03 4.1707365793e-03
3.0627669446e+01 2.7890625039e+01 2.5438118551e+01 9.1063491097e-01 1.1217035195e-02 5.0127468985e+01 2.8393224320e+02 -6.2182709237e-01 9.3263722758e+00 3.6771332914e-03 3.6967496783e-03
5.6937476749e+01 4.0472613396e+01 4.1669173871e+01 7.1082555300e-01 3.7374973342e-02 1.7029104668e+02 4.0398739629e+00 -3.9570673960e-02 1.0783073509e+01 1.3097507371e-02 7.4014712635e-02
3.3460806964e+01 2.7557646329e+01 2.6410394025e+01 8.2357984847e-01 1.2697761237e-02 5.6808045734e+01 4.8311936091e+02 9.8912068892e-01 8.9397555140e+00 2.9401272051e-03 2.9493080835e-03
2.7650670405e+01 2.4489955007e+01 2.2645449437e+01 8.8569118388e-01 2.5794835950e-02 1.1653576434e+02 5.1633542343e+01 9.4394617890e-01 9.6253221749e+00 7.4266911686e-03 7.6546881985e-03
2.9875830793e+01 2.1020133372e+01 2.1748865416e+01 7.0358322476e-01 2.1545922623e-02 9.7033973009e+01 1.3748133950e+01 -4.3662071991e-01 8.3329646026e+00 1.2542822376e-02 1.4268920625e-02
5.1296475308e+01 5.0498552477e+01 4.4307225902e+01 9.8444487996e-01 1.1409486831e-01 5.4800037980e+02 2.5061595028e+00 8.6405191506e-01 8.2678046878e+00 1.4418481324e-02 1.0000000000e+00
4.2959230250e+01 4.1620603091e+01 3.6809977413e+01 9.6883959160e-01 5.3072097736e-02 2.4455278710e+02 1.1372844884e+01 -9.3379971785e-01 1.2960107453e+01 9.5105369912e-03 1.1189039220e-02
2.2166181927e+01 2.0132566421e+01 1.8386053397e+01 9.0825594082e-01 1.5793499217e-02 7.0822555989e+01 7.2686528319e+00 -6.9459384622e-01 1.3900589950e+01 1.7754841687e-02 2.3959278079e-02
3.2622273449e+01 2.9459401041e+01 2.6980512654e+01 9.0304561656e-01 1.3394021316e-02 5.9954441746e+01 7.7462340972e+01 -9.8730251196e-01 2.1165237986e+01 5.7609476254e-03 5.8766337120e-03
4.1027195278e+01 3.3827993628e+01 3.2401450989e+01 8.2452610759e-01 8.6097237314e-02 4.0591713380e+02 3.9889221966e+00 -9.6880625741e-01 8.9978570707e+00 1.4965084586e-02 1.0000000000e+00
2.9866311815e+01 2.9489777925e+01 2.5835614856e+01 9.8739268874e-01 2.1218200889e-02 9.5534761233e+01 1.2879290738e+02 -9.2307528075e-01 1.0048786559e+01 4.8682785586e-03 4.9262186810e-03
3.8801746275e+01 2.9344356236e+01 2.9318200478e+01 7.5626380389e-01 1.2546441423e-02 5.6124662389e+01 3.7253644751e+02 7.6588251120e-01 9.0636490753e+00 3.0365979255e-03 3.0489156700e-03
2.4610103529e+01 1.4203864140e+01 1.6155275265e+01 5.7715580608e-01 1.5023738975e-02 6.7331830871e+01 3.8879396768e+01 7.7689204650e-01 9.5905722145e+00 1.0269086751e-02 1.0695800159e-02
8.1562721507e+01 6.9925320809e+01 6.5705244385e+01 8.5731961265e-01 9.9577564492e-02 4.7373317804e+02 4.9601451917e+00 8.9593974324e-01 1.9023479748e+01 8.7971937384e-03 1.6284641817e-02
6.0717332608e+01 4.7763847965e+01 4.6814060742e+01 7.8665919456e-01 1.0555500196e-01 5.0415853067e+02 6.3121425611e+00 6.9055511172e-01 8.3567464417e+00 9.8999163680e-03 1.4427542003e-02
3.9364135766e+01 1.7447422509e+01 2.2449768096e+01 4.4323143818e-01 2.6732163462e-02 1.2085403135e+02 6.7843687747e+01 9.2931886380e-01 8.4048907922e+00 6.7365348242e-03 6.8918110944e-03
7.0108696707e+01 4.0857303564e+01 4.6258012660e+01 5.8277083277e-01 8.7873362756e-02 4.1478857872e+02 1.9476722221e+00 -9.3350475841e-01 1.0846060905e+01 1.5658457239e-02 1.0000000000e+00
7.2617987783e+01 6.9612569231e+01 6.1892858640e+01 9.5861330445e-01 1.5805355269e-01 7.8047160822e+02 9.8478551272e+00 -8.8456929814e-01 8.7896596375e+00 6.8361547167e-03 8.3117270977e-03
3.1936924714e+01 1.4516341915e+01 1.8462347379e+01 4.5453161333e-01 1.8805153340e-02 8.4517912305e+01 3.3698401749e+00 8.4812679554e-01 1.2201152640e+01 2.3582018303e-02 1.0000000000e+00
6.6185947942e+01 5.4125773407e+01 5.2052351877e+01 8.1778345843e-01 5.6553938448e-02 2.6124017637e+02 1.3240053664e+01 3.4438885401e-01 9.0034851954e+00 7.2194575911e-03 8.2620018719e-03
3.1145387565e+01 2.9894390142e+01 2.6562409875e+01 9.5983362157e-01 1.9160142430e-02 8.6136194858e+01 5.5853876954e+01 -6.0013609335e-01 1.0432584064e+01 6.5532548274e-03 6.7384357265e-03
6.5641721516e+01 4.2702722103e+01 4.5879638232e+01 6.5054238549e-01 1.2521702235e-01 6.0575160634e+02 7.6546583243e+00 8.9661293412e-01 8.1953032400e+00 9.2238746042e-03 1.2170769185e-02
3.2207472345e+01 1.2461426816e+01 1.7065287072e+01 3.8691104605e-01 2.2120608773e-02 9.9664682875e+01 3.7719490891e+01 -9.8583023962e-01 8.8296110069e+00 9.9930651785e-03 1.0422106940e-02
3.1948265465e+01 1.8988406068e+01 2.1298811232e+01 5.9434857546e-01 1.6810549870e-02 7.5440774079e+01 3.0789303619e+01 -8.1360204323e-01 1.3508714410e+01 9.4194091801e-03 9.9240302369e-03
2.3720936155e+01 1.8983202664e+01 1.8450442725e+01 8.0027206935e-01 2.7630597760e-02 1.2499856497e+02 4.4948073890e+00 -7.6294487256e-01 8.6790234454e+00 2.1062101390e-02 4.8178668155e-02
3.3466933686e+01 3.0645985059e+01 2.7874340154e+01 9.1570937891e-01 3.7116875600e-02 1.6908337092e+02 2.0022859690e+01 -7.8951444021e-01 9.4723179352e+00 9.2406659050e-03 1.0046112716e-02
3.4407015767e+01 2.9497895207e+01 2.7717622405e+01 8.5732210567e-01 4.6872827317e-02 2.1503421890e+02 2.5112814690e+01 -9.9752341614e-01 8.7964784578e+00 8.4684471707e-03 9.0377381341e-03
5.2094194178e+01 5.1283531104e+01 4.4996108235e+01 9.8443851399e-01 6.5606665728e-02 3.0498871707e+02 3.5586460081e+01 8.7513709367e-01 9.0804901004e+00 5.4288334876e-03 5.6770858056e-03
5.0207135270e+01 4.6505227795e+01 4.2059483178e+01 9.2626730334e-01 9.3035310041e-02 4.4068179533e+02 4.0938268286e+00 9.1168857682e-01 1.1781621110e+01 1.2540384866e-02 5.1669799546e-02
2.5686419216e+01 1.9205789927e+01 1.9295109554e+01 7.4770211314e-01 1.7094024739e-02 7.6729206740e+01 7.6561029739e+01 8.8323203959e-01 1.0025084030e+01 7.1188953865e-03 7.2635968933e-03
4.0398590456e+01 3.3979578654e+01 3.2230083031e+01 8.4110802557e-01 4.8576926272e-02 2.2312382975e+02 1.6392943534e+01 -7.2842643473e-01 8.6221881044e+00 9.0341191392e-03 1.0033252468e-02
3.7736822662e+01 1.8722447259e+01 2.2862815754e+01 4.9613205188e-01 2.6727731421e-02 1.2083359928e+02 4.0108910691e+01 -8.7298533300e-01 9.3281262916e+00 8.1112873565e-03 8.4372266811e-03
4.6422164572e+01 4.2964767762e+01 3.8872986428e+01 9.2552271438e-01 8.9198480663e-02 4.2141997766e+02 7.2843736455e+00 9.7802576503e-01 1.0021329033e+01 1.0636575548e-02 1.4339341242e-02
8.1302573807e+01 7.2179309997e+01 6.6665138858e+01 8.8778628544e-01 7.1814503218e-02 3.3528868485e+02 8.4537052050e+00 -9.8049264115e-01 2.3688217721e+01 7.2529815032e-03 9.2233498445e-03
3.0321301619e+01 2.4427132441e+01 2.3664528521e+01 8.0560962548e-01 2.4266418486e-02 1.0950680988e+02 3.8940646878e+01 7.8471375818e-01 9.8060027067e+00 8.0389682485e-03 8.3724467889e-03
3.1970376469e+01 2.3523232533e+01 2.3817614257e+01 7.3578215620e-01 1.0009989700e-02 4.4692554406e+01 4.3095711272e+01 7.6791975912e-01 2.2746355179e+01 7.7757630707e-03 8.0650556680e-03
6.4410922519e+01 5.2799114905e+01 5.0717604893e+01 8.1972300411e-01 1.1658528187e-01 5.6086786951e+02 1.3559491188e+01 -8.8705246902e-01 8.2756351330e+00 7.0254285884e-03 8.0094197555e-03
6.3832807604e+01 5.5462460326e+01 5.1772746351e+01 8.6887076423e-01 1.1135151899e-01 5.3386890578e+02 9.0628095879e+00 7.1014774912e-01 8.2491712239e+00 8.0905261418e-03 1.0064761512e-02
3.9281819347e+01 3.8895313939e+01 3.4028074654e+01 9.9016070500e-01 2.8254212604e-02 1.2787847147e+02 1.0826019029e+02 -6.8595366307e-01 8.2312579550e+00 4.3554574641e-03 4.4173837483e-03
3.2666755307e+01 2.7195376284e+01 2.5925683062e+01 8.3250925991e-01 4.9065086582e-02 2.2544464965e+02 4.1028867737e+00 9.4361027552e-01 1.0485820486e+01 1.7395193644e-02 6.9295177470e-02
3.4946455915e+01 2.6344620832e+01 2.6361954388e+01 7.5385672574e-01 1.2244294250e-02 5.4760579449e+01 2.0829242970e+02 6.0704211538e-01 1.0124382916e+01 4.0364896866e-03 4.0659478289e-03
7.8658558412e+01 5.6714070982e+01 5.7990374072e+01 7.2101589613e-01 6.8520372190e-02 3.1918005995e+02 1.8223368932e+01 -8.4940894865e-01 1.4191710040e+01 5.9442668094e-03 6.5231612874e-03
6.0328123874e+01 5.6421988495e+01 5.0784299123e+01 9.3525183400e-01 1.7897805169e-01 8.9501167231e+02 3.7568734875e+00 9.0371022846e-01 8.2798086383e+00 1.0979657414e-02 1.0000000000e+00
2.3633111771e+01 2.1689477006e+01 1.9706026013e+01 9.1775798362e-01 2.5792005237e-02 1.1652273205e+02 1.9903343310e+01 -7.8526863183e-01 8.5847774621e+00 1.1582091834e-02 1.2598710717e-02
6.8869484348e+01 5.1137016106e+01 5.1548540582e+01 7.4252067646e-01 1.6181612827e-01 8.0088668933e+02 5.7475167634e+00 9.3228145555e-01 8.6051194963e+00 9.3598640546e-03 1.4627382798e-02
2.8934753966e+01 1.6524706270e+01 1.8888926231e+01 5.7110235979e-01 1.4040084903e-02 6.2876907205e+01 1.5652523848e+01 6.2984160541e-01 1.3024739710e+01 1.3108035436e-02 1.4641961040e-02
6.2663720216e+01 4.1489694408e+01 4.4201717416e+01 6.6210072216e-01 7.5713033322e-02 3.5444085423e+02 9.5203501041e+00 -8.3645553015e-01 1.1048845324e+01 8.9477978565e-03 1.0976743751e-02
4.8214018221e+01 4.0494636090e+01 3.8436983621e+01 8.3989340825e-01 7.4421014950e-02 3.4808306028e+02 6.8429734201e+00 7.3419452877e-01 9.1908722085e+00 1.1059908971e-02 1.5374591047e-02
3.7256068336e+01 3.5991143594e+01 3.1876995490e+01 9.6604781989e-01 3.2593259235e-02 1.4798746199e+02 7.0555229244e+01 -7.1910179265e-01 8.1703969607e+00 5.3130404654e-03 5.4306055294e-03
5.1768225704e+01 4.9084657659e+01 4.3880115714e+01 9.4816186940e-01 5.7951526968e-02 2.6796018273e+02 3.4258337625e+00 9.7798143717e-01 1.9750316152e+01 1.3325236550e-02 1.0000000000e+00
5.8289478078e+01 3.8894848120e+01 4.1282890952e+01 6.6727048178e-01 4.4846054655e-02 2.0543724684e+02 3.6856482842e+01 -6.5348051857e-01 9.1872969983e+00 5.7241898431e-03 5.9761822738e-03
4.9875169004e+01 3.3527331334e+01 3.5459630507e+01 6.7222491679e-01 5.6725205596e-02 2.6206300760e+02 1.1498422534e+01 9.3369864720e-01 1.1537055093e+01 9.6743372695e-03 1.1356561491e-02
3.4806300670e+01 2.7560458435e+01 2.6926254576e+01 7.9182383372e-01 2.8722259883e-02 1.3004163855e+02 4.1214512365e+01 7.0139953737e-01 8.7336832137e+00 7.2398676617e-03 7.5224154518e-03
5.1208314605e+01 3.6802560057e+01 3.7689800621e+01 7.1868329081e-01 6.0709531842e-02 2.8125798526e+02 6.2458186932e+00 -6.6197477552e-01 1.0277663292e+01 1.1679843760e-02 1.7140265256e-02
4.1334837098e+01 3.5649891031e+01 3.3399790767e+01 8.6246598593e-01 1.2721773068e-02 5.6916500948e+01 1.9424133084e+02 3.7728866933e-01 9.1485429297e+00 3.5729047850e-03 3.6008931225e-03
7.1060756502e+01 7.0661521812e+01 6.1687910888e+01 9.9438178385e-01 1.2865926458e-01 6.2377349388e+02 1.1006415011e+00 8.8615933371e-01 8.8765872622e+00 1.5833492306e-02 1.0000000000e+00
4.5724220952e+01 4.1259850052e+01 3.7802143824e+01 9.0236310630e-01 9.0897961273e-02 4.2994063724e+02 7.4576778640e+00 -9.6476894751e-01 9.2929915775e+00 1.0718438869e-02 1.4299264325e-02
2.9852725485e+01 2.3372038328e+01 2.2960725035e+01 7.8291137403e-01 1.3889546905e-02 6.2195699357e+01 5.9553073209e+01 8.8621963263e-01 1.6381140467e+01 7.0302622240e-03 7.2159756245e-03
3.1469950879e+01 2.8607161426e+01 2.6114438309e+01 9.0903101616e-01 1.9733327024e-02 8.8750933365e+01 1.5258330684e+02 -8.9039845898e-01 9.8780926736e+00 4.5420409511e-03 4.5875142013e-03
6.2439744606e+01 5.8519406391e+01 5.2617337936e+01 9.3721405750e-01 1.4455100889e-01 7.0787227627e+02 2.7484562221e+00 9.6211157668e-01 9.9546342560e+00 1.2300136150e-02 1.0000000000e+00
3.6127630236e+01 3.0739814578e+01 2.8992220945e+01 8.5086717223e-01 3.7469008024e-02 1.7073115631e+02 6.7114929349e+01 -9.2547820304e-01 8.1507793124e+00 5.7273428341e-03 5.8608528729e-03
8.0712415820e+01 5.3101848901e+01 5.6745249650e+01 6.5791425471e-01 1.0039458986e-01 4.7787908828e+02 1.1993792402e+01 8.3772165931e-01 1.0798849574e+01 6.9205135252e-03 8.0577668127e-03
3.2658692586e+01 3.0096205265e+01 2.7288319773e+01 9.2153735750e-01 1.0383338224e-02 4.6372568904e+01 6.1766381337e+02 -9.3562570166e-01 8.4607170968e+00 2.6308696229e-03 2.6372872969e-03
3.5509092010e+01 2.6812448818e+01 2.6808838114e+01 7.5508686088e-01 3.5397022897e-02 1.6104704927e+02 3.3117996589e+01 -8.6904583174e-01 9.0441346683e+00 7.8484004954e-03 8.2365363393e-03
3.2770491544e+01 2.3415151484e+01 2.4047109743e+01 7.1451938560e-01 3.3135797639e-02 1.5051051883e+02 4.2202164059e+01 9.5172019969e-01 8.6159752474e+00 7.6808191224e-03 7.9730607187e-03
2.7525890536e+01 2.2455756911e+01 2.1621177029e+01 8.1580491942e-01 2.2958474048e-02 1.0350406250e+02 1.7520008423e+01 -8.1076715166e-01 1.1536029553e+01 1.1485093652e-02 1.2657372069e-02
3.9940280514e+01 3.8110669015e+01 3.3962446858e+01 9.5419132076e-01 4.2841427848e-02 1.9597129170e+02 1.5799383789e+01 -5.3458971232e-01 8.3313936525e+00 8.8954906498e-03 9.9245932258e-03
6.9951309152e+01 6.5713876090e+01 5.9017128696e+01 9.3942310568e-01 9.3202079210e-02 4.4152106426e+02 1.9558423425e+01 -7.6696582675e-01 9.5909844219e+00 5.6444479571e-03 6.1501338763e-03
6.1905505122e+01 5.9843326257e+01 5.2985134071e+01 9.6668827982e-01 2.9712923165e-02 1.3462493365e+02 9.0928763319e+01 -8.3268698489e-01 1.4668615718e+01 3.5226045017e-03 3.5825359281e-03
3.1441238692e+01 3.0664526223e+01 2.7030567333e+01 9.7529637819e-01 2.3078000398e-02 1.0405215197e+02 1.1136263317e+01 -3.1050248763e-01 9.3508910816e+00 1.1838344989e-02 1.3988357602e-02
3.8675391225e+01 2.8553269495e+01 2.8863131234e+01 7.3828004296e-01 3.4119356866e-02 1.5508944987e+02 2.6187588128e+01 7.9860182748e-01 1.0137579683e+01 8.1905602655e-03 8.7158176922e-03
5.2478044580e+01 4.9813877078e+01 4.4507020933e+01 9.4923272153e-01 1.3634050580e-01 6.6423907354e+02 7.2295139980e+00 -9.9370820770e-01 8.1857219453e+00 9.5454013994e-03 1.2913193840e-02
3.4006831890e+01 2.4624960571e+01 2.5126870224e+01 7.2411804343e-01 3.1038258406e-02 1.4076668891e+02 4.4248311300e+01 8.1578574150e-01 8.2950542602e+00 7.3506584602e-03 7.6165295838e-03
6.5573977830e+01 5.3847611879e+01 5.1679965665e+01 8.2117348469e-01 6.5877479848e-02 3.0630547046e+02 2.2147551676e+01 5.7567572119e-01 8.7900897052e+00 5.9467565190e-03 6.4079710062e-03
3.2908250480e+01 2.4003655906e+01 2.4406678780e+01 7.2941148667e-01 2.1750172538e-02 9.7968705574e+01 1.9677391548e+02 9.8542782343e-01 8.3189802471e+00 4.3017933318e-03 4.3350515290e-03
2.7794472543e+01 2.6386755301e+01 2.3574195855e+01 9.4935261894e-01 1.3831335556e-02 6.1932324665e+01 6.1000964780e+01 -4.4265405459e-01 9.9815338865e+00 6.8535858235e-03 7.0301289650e-03
3.4907606901e+01 3.0620099716e+01 2.8449262513e+01 8.7717556242e-01 2.7287377455e-02 1.2341463917e+02 7.2629082035e+01 8.8502296960e-01 1.0195111412e+01 5.6611209276e-03 5.7826687994e-03
3.3105906334e+01 1.9950167896e+01 2.2231266237e+01 6.0261657527e-01 1.9078992067e-02 8.5766182087e+01 1.1630625967e+02 9.9503634207e-01 1.0557996424e+01 5.5633585969e-03 5.6368532216e-03
7.7964740135e+01 4.2254074853e+01 4.9506886152e+01 5.4196390292e-01 1.6433842936e-01 8.1461698997e+02 5.7736608691e+00 -9.5588853053e-01 8.2277797713e+00 9.5699791053e-03 1.4898026653e-02
5.7390113528e+01 3.7614440637e+01 4.0268562838e+01 6.5541673164e-01 9.4986939300e-02 4.5051406166e+02 8.5245661605e+00 -9.5413481171e-01 9.2167703986e+00 9.7765183009e-03 1.2397809849e-02
2.8065499148e+01 1.3883981134e+01 1.6977226952e+01 4.9469924126e-01 1.5915765915e-02 7.1377378335e+01 2.6627047898e+01 -9.0763701887e-01 1.2142037591e+01 1.1467581269e-02 1.2189404744e-02
3.4683056517e+01 3.2157495916e+01 2.9069110710e+01 9.2718171768e-01 4.8338388912e-02 2.2199033002e+02 6.1958620437e+00 -7.6120705200e-01 1.0055600428e+01 1.3881113928e-02 2.0481444192e-02
7.4295847620e+01 3.1638752458e+01 4.1467014553e+01 4.2584819302e-01 3.3586960722e-02 1.5261010803e+02 2.5801362437e+01 9.7010267167e-01 1.9434933160e+01 6.5693686534e-03 6.9977473838e-03
3.5553647200e+01 2.6194567773e+01 2.6505277512e+01 7.3676176246e-01 3.2110102503e-02 1.4574218373e+02 1.0227868462e+02 9.9994758205e-01 8.0487241004e+00 5.1890735601e-03 5.2672872346e-03
3.8211588997e+01 3.7289234630e+01 3.2860699391e+01 9.7586192065e-01 2.0455002831e-02 9.2046165643e+01 1.6823966196e+02 7.0772818323e-01 9.1610621204e+00 3.7912151773e-03 3.8255802221e-03
3.8548484237e+01 3.4459510929e+01 3.1718728139e+01 8.9392648273e-01 7.4888815423e-02 3.5038381820e+02 6.6627791273e+00 8.7350447685e-01 8.2739994464e+00 1.2592889542e-02 1.7762148480e-02
3.6057569320e+01 3.1397209317e+01 2.9277227873e+01 8.7075224173e-01 1.0936773959e-02 4.8864674864e+01 6.1465718935e+02 9.9694513785e-01 8.6063808038e+00 2.5214459529e-03 2.5276269237e-03
3.6185769602e+01 3.2308124668e+01 2.9756329999e+01 8.9284061174e-01 6.2843695809e-02 2.9158111283e+02 5.7135372380e+00 9.3375107274e-01 9.9169527917e+00 1.3981406576e-02 2.1962419536e-02
3.5412502461e+01 3.1131641385e+01 2.8893038327e+01 8.7911441502e-01 3.9492040849e-02 1.8021350425e+02 1.4740574606e+01 -9.7987218489e-01 1.2353392538e+01 1.0120893369e-02 1.1396629655e-02
8.3314613327e+01 5.3698493934e+01 5.7950548368e+01 6.4452671374e-01 1.1188623995e-01 5.3661981321e+02 7.9379996685e+00 6.3919241485e-01 9.0965522069e+00 7.9219190149e-03 1.0303711113e-02
2.9930945200e+01 2.1629594302e+01 2.2092140302e+01 7.2264989154e-01 2.4345942744e-02 1.0987214819e+02 1.3891905810e+01 -7.8833645699e-01 1.1528043223e+01 1.2351146672e-02 1.4028556179e-02
4.0382921417e+01 3.5936735921e+01 3.3152366502e+01 8.8989935992e-01 1.4716640978e-02 6.5940302729e+01 3.1687604032e+02 -9.6631521243e-01 1.1386953516e+01 2.9840091023e-03 2.9982583683e-03
3.3862741802e+01 3.3066460523e+01 2.9130153135e+01 9.7648503232e-01 4.2838109164e-02 1.9595564229e+02 4.3095440929e+01 -9.3410543060e-01 8.2789187215e+00 6.7206179342e-03 6.9706561678e-03
3.5257110876e+01 2.2315376649e+01 2.4292240206e+01 6.3293265089e-01 3.2446566075e-02 1.4730560203e+02 2.6257775877e+01 -9.6335514496e-01 1.0182896455e+01 9.1225141825e-03 9.7057837718e-03
5.4235157826e+01 5.3088190920e+01 4.6711999506e+01 9.7885196702e-01 6.7234604740e-02 3.1291106569e+02 3.7254340357e+01 9.0224231305e-01 9.3645448439e+00 5.2080385600e-03 5.4346601822e-03
8.0271815566e+01 3.6005618956e+01 4.6074531929e+01 4.4854621391e-01 4.5082580888e-02 2.0655585308e+02 3.1787660082e+01 8.7150439609e-01 1.3937495800e+01 5.6486097295e-03 5.9407877757e-03
3.6611556076e+01 3.1828878787e+01 2.9703058105e+01 8.6936700318e-01 2.0987913477e-02 9.4481704275e+01 9.0439784137e+01 8.3156415335e-01 1.2170119198e+01 5.0950367458e-03 5.1822040788e-03
3.1624917361e+01 2.6022912153e+01 2.4950231807e+01 8.2286103251e-01 2.7422938551e-02 1.2404014654e+02 4.1131907171e+01 -8.2145382386e-01 9.5334071663e+00 7.6048171046e-03 7.9022473655e-03
4.0204490133e+01 2.0703644194e+01 2.4846072788e+01 5.1495850652e-01 3.7152896401e-02 1.6925189122e+02 3.9018484201e+00 7.6175689145e-01 1.0362978370e+01 1.8333969699e-02 1.0000000000e+00
3.5129878207e+01 3.3417786848e+01 2.9825934792e+01 9.5126395404e-01 1.0011360370e-02 4.4698720505e+01 2.1427626391e+02 3.8379772094e-01 1.0197680897e+01 3.7023738238e-03 3.7286292039e-03
3.9461457845e+01 3.7625389420e+01 3.3542576633e+01 9.5347185518e-01 3.7993903209e-02 1.7318887826e+02 4.2570592400e+01 7.6526247239e-01 9.2278904401e+00 6.1999058330e-03 6.4336156544e-03
3.7067821504e+01 3.2331809944e+01 3.0123457337e+01 8.7223388460e-01 1.7001298779e-02 7.6307695312e+01 3.1969981781e+01 -6.7517378685e-01 1.7519809869e+01 7.4774048511e-03 7.8617589253e-03
5.2423133403e+01 5.0694141109e+01 4.4876828989e+01 9.6701852442e-01 5.7050386113e-02 2.6362581144e+02 4.2730281305e+01 8.9195508594e-01 9.9120576740e+00 5.1029484261e-03 5.2945382695e-03
3.5932572997e+01 3.1579770459e+01 2.9313098991e+01 8.7886193014e-01 4.4709136308e-02 2.0478988280e+02 1.2466528742e+01 -9.6277353291e-01 1.1435504620e+01 1.0647078593e-02 1.2309644711e-02
3.4012298085e+01 3.1294305920e+01 2.8396797212e+01 9.2008795882e-01 1.5962188634e-02 7.1588061729e+01 5.1409506697e+00 9.4008359434e-01 3.6365045771e+01 1.5405920011e-02 2.7092797565e-02
8.0697201677e+01 4.4522321728e+01 5.1728198986e+01 5.5172076358e-01 9.6573634522e-02 4.5852494998e+02 1.0665168335e+01 9.7568402039e-01 1.1965489616e+01 7.6794413255e-03 9.1598497217e-03
2.9529428415e+01 2.7638539755e+01 2.4867465801e+01 9.3596595796e-01 2.4270353749e-02 1.0952488768e+02 2.2776795508e+01 -7.6668971618e-01 1.1721596141e+01 9.5297646854e-03 1.0245516492e-02
3.7244138171e+01 2.6043961573e+01 2.7026796639e+01 6.9927679501e-01 3.6540930194e-02 1.6639000951e+02 9.2781610655e+00 7.0857137389e-01 1.0193841608e+01 1.2575040259e-02 1.5537337870e-02
4.1644475179e+01 4.0255926463e+01 3.5643071789e+01 9.6665707251e-01 1.7182862347e-02 7.7133096441e+01 1.8413514382e+02 5.2643327825e-01 8.8427074904e+00 3.4904838755e-03 3.5193501173e-03
7.9212740001e+01 2.4669409336e+01 3.7261822009e+01 3.1143234453e-01 5.0180559246e-02 2.3075360863e+02 4.0305462791e+01 -8.1125566725e-01 8.5093510890e+00 5.8827343556e-03 6.1178836482e-03
3.7450364370e+01 2.3311390577e+01 2.5579289388e+01 6.2246098188e-01 4.5175075225e-02 2.0699338608e+02 4.7066933283e+00 9.4625907872e-01 1.1378422808e+01 1.6700475241e-02 3.4004443476e-02
3.8976669508e+01 3.7190872937e+01 3.3142912527e+01 9.5418293576e-01 1.9976788424e-02 8.9862211126e+01 4.0928990854e+01 6.3231831982e-01 1.4869956001e+01 6.4090846051e-03 6.6610831269e-03
4.2687630018e+01 2.4528812304e+01 2.7957094462e+01 5.7461171525e-01 3.6799742685e-02 1.6760005683e+02 1.7433158973e+01 -6.3597667945e-01 8.3100928148e+00 9.7171271916e-03 1.0714875113e-02
3.1063812736e+01 1.8110384398e+01 2.0500384241e+01 5.8300584516e-01 2.4056394982e-02 1.0854215308e+02 8.2896299373e+01 9.5770393372e-01 8.1334755380e+00 6.6247026890e-03 6.7487110446e-03
3.8575611063e+01 3.7640045418e+01 3.3171791953e+01 9.7574722424e-01 2.4310581123e-02 1.0970969001e+02 6.4774148797e+01 -6.0064147822e-01 1.0207378824e+01 5.3782963678e-03 5.5084040794e-03
3.2060586767e+01 2.6784392374e+01 2.5490014137e+01 8.3543051062e-01 1.8664648450e-02 8.3877627086e+01 9.6968160297e+01 -7.7539325672e-01 1.0589547328e+01 5.4693282629e-03 5.5564138440e-03
6.4312365693e+01 4.2790501771e+01 4.5480465269e+01 6.6535418671e-01 2.6051339510e-02 1.1771689887e+02 5.7517499018e+01 -2.8091572300e-01 9.3622898931e+00 4.6118428614e-03 4.7382019837e-03
6.7720257004e+01 3.6779829644e+01 4.3050049631e+01 5.4311414739e-01 1.4878900904e-01 7.3054652377e+02 5.3082334907e+00 -9.9698759590e-01 8.0260547157e+00 1.0868779576e-02 1.8377230570e-02
3.7321088001e+01 2.9959629860e+01 2.9074772178e+01 8.0275338863e-01 1.9279695556e-02 8.6681388590e+01 2.6257563457e+02 8.5429223787e-01 8.1527291228e+00 3.4659259183e-03 3.4859354022e-03
3.9551662820e+01 2.7427945367e+01 2.8577635520e+01 6.9347135901e-01 2.8859438603e-02 1.3067590903e+02 1.0539829908e+02 8.6540765668e-01 8.3516451502e+00 4.9047760251e-03 4.9764572759e-03
3.1653050699e+01 3.0822395152e+01 2.7191132838e+01 9.7375748850e-01 4.1952347754e-02 1.9178134951e+02 1.6904560907e+01 -7.3704536156e-01 8.0023286129e+00 9.9711972627e-03 1.1033671674e-02
3.6549659835e+01 3.6437380693e+01 3.1769409513e+01 9.9692803866e-01 2.0380780395e-02 9.1707099890e+01 4.8882380982e+01 -3.0012136225e-01 8.6716157904e+00 6.1554028078e-03 6.3556526222e-03
3.1560927345e+01 2.9599676404e+01 2.6605270475e+01 9.3785826001e-01 4.5254551665e-02 2.0736938375e+02 2.5184954541e+01 -9.9344351087e-01 8.5998734872e+00 8.6870878340e-03 9.2691908811e-03
3.8221951122e+01 1.2720971336e+01 1.8650183317e+01 3.3281847112e-01 3.4182237189e-02 1.5538240298e+02 8.5128072325e+00 -9.5499445254e-01 8.6249734487e+00 1.6399980488e-02 2.0806694353e-02
7.4385169519e+01 7.2544541432e+01 6.3948849170e+01 9.7525544273e-01 2.0837134438e-01 1.0599809930e+03 2.7019557198e+00 8.6621902423e-01 8.6082704802e+00 1.0593041856e-02 1.0000000000e+00
3.0533711477e+01 2.7691202179e+01 2.5307606560e+01 9.0690587027e-01 2.8094808644e-02 1.2714208633e+02 8.3795330766e+01 9.6956337006e-01 9.0309977638e+00 5.7697986857e-03 5.8766055108e-03
6.5240213976e+01 5.1508601714e+01 5.0394899745e+01 7.8952226816e-01 1.3728959187e-01 6.6926284516e+02 3.3330958128e+00 -9.4544372257e-01 1.0367302408e+01 1.1801624366e-02 1.0000000000e+00
4.1530974618e+01 3.5706420010e+01 3.3504684765e+01 8.5975396286e-01 4.5717046781e-02 2.0955822764e+02 7.2552356578e+01 -9.7518014699e-01 8.0756858835e+00 5.0565184279e-03 5.1652044886e-03
3.1059397523e+01 2.2564597661e+01 2.2987965643e+01 7.2649824081e-01 1.3827607817e-02 6.1915459445e+01 3.7826856439e+01 -7.8410938043e-01 1.6618072830e+01 8.3287579492e-03 8.6852479200e-03
3.9387266017e+01 3.8956036666e+01 3.4100283225e+01 9.8905155412e-01 3.7318801141e-02 1.7002817200e+02 3.2194868847e+01 8.3780228563e-01 1.1268703549e+01 6.8168203407e-03 7.1645359507e-03
3.3873969033e+01 3.2964819788e+01 2.9090042847e+01 9.7316082907e-01 1.3428657562e-02 6.0111047662e+01 3.0590825184e+02 -8.0086356656e-01 1.0048952186e+01 3.2836970455e-03 3.2999446878e-03
2.5758319983e+01 2.0584960284e+01 2.0020881091e+01 7.9915772060e-01 3.1981391572e-02 1.4514430953e+02 3.4084061582e+00 -8.9099850680e-01 8.8661827979e+00 2.2143286653e-02 1.0000000000e+00
4.3128348603e+01 3.4879908677e+01 3.3726772711e+01 8.0874667840e-01 5.3462612286e-02 2.4642053806e+02 1.4955549611e+01 8.4329954814e-01 9.6993358047e+00 9.0625132758e-03 1.0184430147e-02
7.9434133826e+01 4.8968963819e+01 5.3981102098e+01 6.1647255984e-01 9.0681024662e-02 4.2885199764e+02 1.3371678000e+01 -6.5423571681e-01 8.7725674824e+00 6.8926914286e-03 7.8754801882e-03
8.5925690345e+01 6.9828373826e+01 6.7360468243e+01 8.1266002688e-01 1.3878343288e-01 6.7718075296e+02 9.8908583797e+00 -8.3538345854e-01 1.0431870074e+01 6.5415264319e-03 7.9446519553e-03
3.6067296150e+01 3.3806741310e+01 3.0395337505e+01 9.3732397264e-01 2.4672210510e-02 1.1137147664e+02 6.4714846325e+01 -8.2920536364e-01 1.1876105028e+01 5.6809938127e-03 5.8185557565e-03
4.5591060776e+01 4.5156932935e+01 3.9499816127e+01 9.9047778592e-01 7.3431917238e-02 3.4322294348e+02 2.0901517309e+00 -9.4077870540e-01 1.0372260768e+01 1.6972588279e-02 1.0000000000e+00
4.3248451601e+01 3.4761361488e+01 3.3714021335e+01 8.0375967698e-01 6.5627912814e-02 3.0509200797e+02 4.7169299929e+00 6.3098104623e-01 8.4825347695e+00 1.3872775742e-02 2.8117834557e-02
2.6465534337e+01 2.5770229183e+01 2.2734519472e+01 9.7372790039e-01 1.6541104784e-02 7.4216606261e+01 1.5778347270e+02 7.4913053561e-01 8.6297896105e+00 4.9007886580e-03 4.9482076550e-03
3.0849781111e+01 2.5869558230e+01 2.4574145587e+01 8.3856537382e-01 4.0669060736e-02 1.8574269276e+02 3.2144629089e+01 -9.8970152300e-01 8.0773735130e+00 8.3538306545e-03 8.7806769774e-03
8.1405665247e+01 7.8249808159e+01 6.9477788192e+01 9.6123295500e-01 2.0284878890e-01 1.0286294609e+03 1.1715443912e+01 -9.8805217645e-01 8.4265612698e+00 5.8190297135e-03 6.8057307171e-03
4.2462337609e+01 3.7322903322e+01 3.4642009713e+01 8.7896487625e-01 5.2181000595e-02 2.4029451470e+02 1.6590431611e+01 -7.0047548641e-01 8.5108556037e+00 8.5785848695e-03 9.5136474155e-03
3.6749885600e+01 3.3178592674e+01 3.0390479739e+01 9.0282165869e-01 4.5414980330e-02 2.0812848543e+02 1.2699343233e+01 8.7769743676e-01 1.0756583787e+01 1.0333235997e-02 1.1908221285e-02
