# FullPop+Madau Taiji events with joint-polarization SNR above threshold
# summary = {'model': 'fullpop_madau_joint_polarization_snr', 'Tobs_yr': 4.0, 'rho_thr': 8.0, 'z_max': 0.9, 't_merger_min_yr': 0.1, 't_merger_max_yr': 2000.0, 'n_samples': 300000000, 'n_workers': 32, 'n_freq': 2000, 'n_snr_above_threshold': 813, 'detected_fraction': 2.71e-06, 'max_snr': 54.95830505838153}
# columns: m1_msun m2_msun chirp_mass_msun q redshift dl_mpc t_merger_yr cos_iota snr f_start_hz f_end_hz
2.3368665401e+01 1.9879206003e+01 1.8751102995e+01 8.5067784841e-01 3.3965423913e-02 1.5437240103e+02 1.4351859493e+02 9.3921015667e-01 8.6420033934e+00 5.6672471883e-03 5.7276396344e-03
4.9481285584e+01 4.8853715851e+01 4.2801749438e+01 9.8731702854e-01 1.4808156148e-01 7.2675435056e+02 3.8256428146e+00 -3.7966087735e-01 8.3756301435e+00 1.2338437678e-02 1.0000000000e+00
3.9784454021e+01 3.8068661534e+01 3.3877660120e+01 9.5687279043e-01 1.2351640126e-01 5.9687375101e+02 8.6627410685e+00 5.8545112327e-01 8.0033352763e+00 1.0653491860e-02 1.3439163617e-02
9.9873659243e+00 7.4760158311e+00 7.5066650016e+00 7.4854730343e-01 2.2719903867e-03 1.0084432607e+01 2.3115827236e+02 4.3232690614e-02 1.4793500623e+01 8.5641508817e-03 8.6203944994e-03
4.5903985349e+01 4.3456341062e+01 3.8878829386e+01 9.4667904608e-01 1.9804365771e-01 1.0014838201e+03 7.6488413962e+00 -8.4616577482e-01 8.7410516284e+00 9.8391194210e-03 1.2986630463e-02
5.3254491064e+01 3.5694440490e+01 3.7804712817e+01 6.7026160192e-01 1.2943587536e-01 6.2784907352e+02 3.4452565441e+01 9.2577447045e-01 8.3286845811e+00 5.9082376316e-03 6.1880966034e-03
7.2322259918e+01 6.8998314684e+01 6.1492932447e+01 9.5403980409e-01 1.4707164443e-01 7.2134580649e+02 2.0330904308e+01 9.7803164246e-01 1.5807911990e+01 5.2614099204e-03 5.7119192962e-03
5.8939071503e+01 1.6666358285e+01 2.6280631997e+01 2.8277266439e-01 1.1701203613e-01 5.6307653716e+02 4.4645374908e+00 9.3272126133e-01 9.4548251946e+00 1.6067415665e-02 3.7538716400e-02
3.7523076820e+01 3.6126380133e+01 3.2050870109e+01 9.6277766098e-01 1.0407846487e-01 4.9662280003e+02 1.1443729580e+01 5.9850629894e-01 8.2520315898e+00 1.0044609234e-02 1.1802511186e-02
3.1178058767e+01 2.9262088446e+01 2.6292236570e+01 9.3854747868e-01 1.1056785723e-01 5.2984040187e+02 1.4654322084e+01 9.2198651309e-01 8.1421030929e+00 1.0323469973e-02 1.1634310912e-02
4.1606598826e+01 3.9901591964e+01 3.5469185243e+01 9.5902075849e-01 1.3706793588e-01 6.6808909082e+02 2.3908412456e+00 -8.8721702423e-01 9.7101581424e+00 1.6651014528e-02 1.0000000000e+00
4.0988043496e+01 2.6369473027e+01 2.8482491096e+01 6.4334549245e-01 7.8064884849e-02 3.6604066061e+02 4.5707774308e+01 9.4704935464e-01 9.2392097096e+00 6.5299547387e-03 6.7581070740e-03
1.7204875878e+01 1.3505304181e+01 1.3250646739e+01 7.8496957935e-01 8.4595621246e-03 3.7725894144e+01 4.0331437846e+01 -9.8560606992e-01 3.4480897478e+01 1.1511174193e-02 1.1970989386e-02
3.9241760417e+01 3.0961801736e+01 3.0302118664e+01 7.8900134466e-01 4.2757480288e-02 1.9557545513e+02 3.1804479389e+00 7.1780460787e-01 2.1028057778e+01 1.7426189846e-02 1.0000000000e+00
3.7198650894e+01 3.2895839310e+01 3.0441364846e+01 8.8432882697e-01 3.8597624251e-02 1.7601790951e+02 1.9000797879e+02 -8.9974421688e-01 8.3365024216e+00 3.7578258579e-03 3.7879282989e-03
7.6255165166e+01 6.2409227117e+01 5.9995385976e+01 8.1842622701e-01 2.9200522780e-01 1.5540091288e+03 1.1491465462e+01 -8.8681563745e-01 9.5401162710e+00 6.1435038577e-03 7.2126419462e-03
3.0125496899e+01 2.1946619794e+01 2.2328526751e+01 7.2850648296e-01 9.0693860241e-02 4.2891640160e+02 1.5385134739e+01 -9.6298870070e-01 8.1471909587e+00 1.1354183744e-02 1.2711362136e-02
3.1430113032e+01 2.4093515273e+01 2.3913993084e+01 7.6657424833e-01 9.9335509043e-02 4.7250567152e+02 1.7611687173e+01 -9.7751119338e-01 8.0512428684e+00 1.0289195280e-02 1.1332866845e-02
3.2116577966e+01 2.0944323468e+01 2.2476176616e+01 6.5213434288e-01 8.1677583906e-02 3.8392632118e+02 1.3229005105e+01 9.5239635511e-01 9.2842657692e+00 1.2028469820e-02 1.3767338624e-02
4.4431270089e+01 3.1624097138e+01 3.2538546154e+01 7.1175316560e-01 6.1574996239e-02 2.8544082218e+02 8.5347891593e+00 7.0417543117e-01 1.6987094488e+01 1.1382965730e-02 1.4429251886e-02
6.0912738099e+01 3.1756443545e+01 3.7891074685e+01 5.2134322863e-01 5.7458953348e-02 2.6559032514e+02 9.2920284237e+01 7.0237601935e-01 8.5508661682e+00 4.2376883872e-03 4.3081930029e-03
7.7388133954e+01 7.4107787258e+01 6.5923877612e+01 9.5761176127e-01 3.5917168086e-01 1.9752555514e+03 1.0333964500e+01 9.0477893218e-01 9.3725593209e+00 5.8394570368e-03 7.0160749558e-03
3.6744009133e+01 3.4114017960e+01 3.0817246859e+01 9.2842394624e-01 9.5194594723e-02 4.5156159581e+02 6.6746908946e+00 -5.6296318925e-01 9.2814169464e+00 1.2664290179e-02 1.7844933657e-02
3.7090055265e+01 3.0485432890e+01 2.9245029901e+01 8.2193010155e-01 4.2325995349e-02 1.9354160275e+02 4.0746630789e+01 6.0408653964e-01 1.2267241908e+01 6.8485965020e-03 7.1191705391e-03
8.2442857885e+01 6.4234344195e+01 6.3252788511e+01 7.7913776697e-01 2.7722992902e-01 1.4641860333e+03 4.4208076028e+00 -3.8860448274e-01 8.7136076982e+00 8.5657355195e-03 2.0691711978e-02
5.0104974209e+01 4.8629225019e+01 4.2970795453e+01 9.7054685262e-01 4.9780200565e-02 2.2884722777e+02 5.3535586785e+01 -9.2724058283e-01 1.9444795524e+01 4.8390479288e-03 4.9820363782e-03
8.1816594124e+01 8.1515415695e+01 7.1094241535e+01 9.9631885887e-01 4.7685051724e-01 2.7602887874e+03 1.4288219413e+00 -8.4561791754e-01 8.1813318012e+00 1.1106369001e-02 1.0000000000e+00
4.7455766915e+01 3.2072138355e+01 3.3833446417e+01 6.7583226318e-01 7.1144757198e-02 3.3200803680e+02 3.1758421949e+00 -8.5984306075e-01 1.8333205149e+01 1.6003948552e-02 1.0000000000e+00
3.3535500897e+01 3.1342014093e+01 2.8220205897e+01 9.3459209656e-01 6.6677006390e-02 3.1019563465e+02 1.7032810096e+01 6.2419783789e-01 9.9639073052e+00 9.5734326026e-03 1.0584266665e-02
3.8557162694e+01 2.0288054739e+01 2.4102664256e+01 5.2618121567e-01 4.2831671958e-03 1.9040454959e+01 4.5984524376e+02 -2.9608865457e-01 1.5078981200e+01 3.1877964615e-03 3.1982575655e-03
5.4878604331e+01 5.4863268920e+01 4.7767924228e+01 9.9972055757e-01 9.2580706031e-02 4.3839485718e+02 6.1456426260e+01 -7.3931829135e-01 8.3078415631e+00 4.1948295583e-03 4.3020462908e-03
2.8532967513e+01 2.5726839331e+01 2.3580031289e+01 9.0165312527e-01 6.0859854675e-02 2.8198416221e+02 3.3263431255e+01 -7.3332847901e-01 8.2599194035e+00 8.3619315003e-03 8.7734878729e-03
3.4473396965e+01 2.1296726422e+01 2.3452969476e+01 6.1777278415e-01 4.8939572184e-02 2.2484778036e+02 8.0076363655e+01 -7.9139546475e-01 8.1547766973e+00 6.0780451475e-03 6.1959712757e-03
7.9810125986e+01 7.4416863128e+01 6.7081928194e+01 9.3242382729e-01 8.0451432534e-02 3.7784682593e+02 1.1668769301e+01 2.5594968483e-01 1.6996516825e+01 6.3702225626e-03 7.4561884103e-03
1.0463703503e+01 9.2676764125e+00 8.5696341235e+00 8.8569753622e-01 1.1907816470e-02 5.3242227745e+01 9.9149914098e+01 -6.7798675679e-01 8.1366688022e+00 1.0764567746e-02 1.0932086854e-02
4.7249836770e+01 3.5168960665e+01 3.5410385370e+01 7.4431919917e-01 8.3506672468e-02 3.9301262870e+02 6.2153070295e+01 -8.3241617860e-01 8.2992904684e+00 5.0628594454e-03 5.1907438434e-03
3.5516886993e+01 3.0569236018e+01 2.8668807743e+01 8.6069581562e-01 2.5851713507e-02 1.1679763368e+02 1.0010909798e+02 7.6262430139e-01 1.6204880634e+01 4.9995886637e-03 5.0766259718e-03
6.6810757897e+01 2.3582631816e+01 3.3669437966e+01 3.5297656482e-01 9.5230680440e-02 4.5174365991e+02 7.6819198286e+00 8.2934600029e-01 1.3874978263e+01 1.1367269632e-02 1.4977159422e-02
3.5487970483e+01 2.9587281537e+01 2.8185683103e+01 8.3372706677e-01 9.5436090677e-03 4.2595226615e+01 8.9545937634e+01 -5.0747586611e-01 3.3610066324e+01 5.3217871988e-03 5.4137717444e-03
6.0863091912e+01 5.3478596955e+01 4.9645454280e+01 8.7867039407e-01 2.3878910151e-01 1.2355453811e+03 7.0516494334e+00 7.1795236993e-01 9.0459336626e+00 8.5263603792e-03 1.1672723867e-02
4.1284545054e+01 3.9715170725e+01 3.5249232326e+01 9.6198639645e-01 4.6406830358e-02 2.1282532586e+02 3.6935874820e+01 7.5186305519e-01 1.6976698103e+01 6.3073394378e-03 6.5843574333e-03
6.3078467304e+01 5.6493843395e+01 5.1952114441e+01 8.9561217654e-01 1.4003209709e-01 6.8380906520e+02 2.7264672700e+00 5.3252993967e-01 1.2483911293e+01 1.2466525882e-02 1.0000000000e+00
3.5090658178e+01 3.1081768155e+01 2.8739746072e+01 8.8575620318e-01 9.5682290273e-02 4.5402284998e+02 2.1473325761e+01 9.1068712052e-01 9.3613940431e+00 8.5330397805e-03 9.2188165411e-03
3.1351514060e+01 2.7962768624e+01 2.5767444922e+01 8.9191126688e-01 4.0705237545e-02 1.8591278033e+02 4.5907547180e+01 -9.3117888016e-01 1.5344566239e+01 7.0952021605e-03 7.3419549711e-03
1.9939732858e+01 1.7072600851e+01 1.6052479339e+01 8.5621010936e-01 7.4968656295e-03 3.3408285598e+01 3.9182944811e+00 6.3586882400e-01 3.6558507481e+01 2.4491658840e-02 1.0000000000e+00
7.1487096009e+01 6.7837466139e+01 6.0619566518e+01 9.4894701179e-01 2.9040571050e-01 1.5442342984e+03 3.3902779338e+00 8.9850307694e-01 1.3987166347e+01 9.6548507624e-03 1.0000000000e+00
3.3278787837e+01 2.5045395812e+01 2.5082308512e+01 7.5259339177e-01 7.3717079146e-02 3.4462351147e+02 2.1373562737e+01 -9.4039875488e-01 1.0450507451e+01 9.4255357225e-03 1.0187123150e-02
9.9981378870e+00 8.7439672443e+00 8.1360369532e+00 8.7455957731e-01 1.3087590718e-02 5.8569282735e+01 4.9284783873e+01 9.5819393467e-01 1.0710101558e+01 1.4441622193e-02 1.4907375402e-02
5.6990989431e+01 5.2545147484e+01 4.7631230733e+01 9.2199044109e-01 4.2428118215e-01 2.4026130374e+03 4.3158412146e+00 9.8862095348e-01 8.4752041323e+00 9.6403207519e-03 2.5700420569e-02
3.2269683474e+01 2.9282442943e+01 2.6754238519e+01 9.0742888650e-01 2.2985488863e-02 1.0362793096e+02 2.0502765707e+02 -8.6142258465e-01 1.2252590955e+01 3.9967067344e-03 4.0263453384e-03
3.8090989133e+01 2.0941680751e+01 2.4371473414e+01 5.4978043961e-01 3.1656780857e-02 1.4363694590e+02 3.5761236296e+01 -5.6831159117e-01 1.3123861590e+01 8.1120460438e-03 8.4810296024e-03
7.4904018119e+01 7.2492602010e+01 6.4147801591e+01 9.6780658542e-01 3.0563676912e-01 1.6378087654e+03 6.3619452990e+00 6.9270716680e-01 1.0162598917e+01 7.3062903278e-03 1.0594170580e-02
3.7796659466e+01 2.7800609048e+01 2.8153181867e+01 7.3553084956e-01 7.0948261711e-02 3.3104606828e+02 1.1654724652e+01 9.9954993405e-01 1.5556817719e+01 1.1026114583e-02 1.2908838515e-02
8.2539092206e+01 5.3495642645e+01 5.7578042427e+01 6.4812492137e-01 4.7098844306e-01 2.7198709723e+03 3.8368893311e+00 -7.7520111459e-01 8.1397716969e+00 8.7702539346e-03 1.0000000000e+00
3.8249672404e+01 3.2838218657e+01 3.0835092820e+01 8.5852287335e-01 4.1492009120e-02 1.8961394151e+02 1.1172877224e+02 9.4602751631e-01 1.2174802617e+01 4.5411997648e-03 4.6037115030e-03
5.0574046294e+01 4.1020228046e+01 3.9607898287e+01 8.1109246840e-01 2.9036086363e-02 1.3149285437e+02 6.8640545301e+01 -1.2166084518e-01 1.0810865991e+01 4.6969963128e-03 4.8039514742e-03
3.6340352744e+01 3.2801068282e+01 3.0048210698e+01 9.0260731682e-01 8.0833886693e-02 3.7974210561e+02 1.2097128391e+01 8.6476180416e-01 1.2905352946e+01 1.0379559053e-02 1.2065925187e-02
5.6827868177e+01 5.1245858343e+01 4.6966484760e+01 9.0177337260e-01 1.4094879851e-01 6.8868096044e+02 2.2367439396e+01 6.3078753174e-01 8.2335106253e+00 6.0277573283e-03 6.4899840562e-03
4.9556081159e+01 2.7042085677e+01 3.1581925792e+01 5.4568652413e-01 1.6385501124e-01 8.1198269897e+02 5.7567538456e+00 9.1831812392e-01 9.0427430433e+00 1.2691652998e-02 1.9806978020e-02
6.3876616803e+01 5.6165542356e+01 5.2121914324e+01 8.7928173355e-01 2.3201840440e-01 1.1960493128e+03 1.7331009014e+01 9.3870840373e-01 8.9928370991e+00 5.9236355246e-03 6.5361745067e-03
3.5710604560e+01 2.4599684872e+01 2.5713296947e+01 6.8886217904e-01 5.2402435310e-02 2.4135220569e+02 2.8418538328e+01 5.1938303548e-01 8.5759857150e+00 8.4451590987e-03 8.9395079102e-03
2.6301700136e+01 2.0995724576e+01 2.0431549989e+01 7.9826492081e-01 1.3087416857e-02 5.8568497009e+01 2.4013915709e+02 6.1228417879e-01 1.2690041250e+01 4.4851758745e-03 4.5135171023e-03
2.5658014119e+01 1.0237656232e+01 1.3824382312e+01 3.9900423255e-01 2.0282704008e-02 9.1259119822e+01 2.1231552458e+02 -8.7697940872e-01 8.5138728245e+00 5.9696473130e-03 6.0123771646e-03
6.8797938036e+01 2.5690257464e+01 3.5754508819e+01 3.7341609643e-01 4.2635261175e-02 1.9499923907e+02 4.3298660462e+01 1.3680872242e-01 8.5520627377e+00 5.9030750512e-03 6.1215947008e-03
5.4513264082e+01 5.0265119796e+01 4.5562443410e+01 9.2207136450e-01 1.6691592126e-01 8.2868468500e+02 2.4210337710e+00 9.4958241291e-01 1.3276881292e+01 1.3944126627e-02 1.0000000000e+00
7.6648370788e+01 7.3977228223e+01 6.5551228089e+01 9.6515069351e-01 1.8433886023e-01 9.2474826454e+02 1.2052797131e+01 9.9213629599e-01 1.7540662528e+01 6.0287502506e-03 7.0130219974e-03
3.8444909303e+01 3.3326700918e+01 3.1144987496e+01 8.6686902172e-01 4.1103122316e-02 1.8778402232e+02 2.2546788709e+01 6.3482261828e-01 1.6967787620e+01 8.2264561814e-03 8.8515388070e-03
8.1031363192e+01 7.9771479897e+01 6.9990924788e+01 9.8445190546e-01 5.4120865645e-01 3.2124002756e+03 7.1669956532e+00 -9.7080711396e-01 8.9719473670e+00 5.9649228776e-03 8.1023959125e-03
8.3681284147e+01 4.1655125887e+01 5.0788176737e+01 4.9778306239e-01 2.3251569344e-01 1.1989421432e+03 2.0401674856e+00 -7.3849419908e-01 8.7579429361e+00 1.3426077037e-02 1.0000000000e+00
3.9867623652e+01 3.2738281220e+01 3.1420373729e+01 8.2117463297e-01 7.6251860449e-02 3.5709540995e+02 6.5010732604e+01 -8.9561258078e-01 8.5663502297e+00 5.3870134135e-03 5.5168365170e-03
6.5050194455e+01 4.6240911108e+01 4.7607228321e+01 7.1084969838e-01 1.9851519115e-01 1.0041421534e+03 3.4608499503e+00 6.5675506503e-01 1.0340755427e+01 1.1668886850e-02 1.0000000000e+00
8.5096785821e+01 8.2783907015e+01 7.3065993684e+01 9.7282060911e-01 6.2059225747e-01 3.7899415572e+03 3.0669543408e+00 8.6372479030e-01 9.5348110461e+00 7.7363719636e-03 1.0000000000e+00
7.9861755845e+01 7.6215569925e+01 6.7914353447e+01 9.5434377968e-01 6.9145206298e-01 4.3224462196e+03 4.0890856162e+00 -9.1824775500e-01 9.2092864082e+00 7.0781966820e-03 2.9723818933e-02
8.1908974806e+01 7.9563313901e+01 7.0275996436e+01 9.7136258987e-01 5.7327349608e-01 3.4431441453e+03 3.6184091076e+00 8.1066633561e-01 9.5130109646e+00 7.5896123354e-03 1.0000000000e+00
6.6840991943e+01 5.9768273993e+01 5.5006632998e+01 8.9418592177e-01 4.0537769543e-01 2.2766996731e+03 5.3030476800e+00 9.3140152446e-01 9.2690969472e+00 8.2241986950e-03 1.3921324393e-02
9.2614705165e+00 7.4105553952e+00 7.2031216365e+00 8.0014889450e-01 7.4010839499e-03 3.2979055205e+01 1.7476743554e+02 7.7228390695e-01 1.0231011362e+01 9.7285042704e-03 9.8133405489e-03
3.1496095846e+01 2.6168644771e+01 2.4971274262e+01 8.3085360480e-01 2.1198496684e-02 9.5444644166e+01 2.4849360224e+02 8.0281916532e-01 1.0430333836e+01 3.8867199003e-03 3.9104445877e-03
7.5089265122e+01 4.1378569345e+01 4.8102848521e+01 5.5105838735e-01 2.1645178656e-01 1.1061461715e+03 8.4963478734e+00 8.7757473708e-01 1.0635818946e+01 8.2019586631e-03 1.0412552862e-02
7.6741872240e+01 6.1976473362e+01 5.9969271079e+01 8.0759657736e-01 1.1101966584e-01 5.3216252679e+02 4.3014013975e+00 -6.2678782358e-01 2.5018545117e+01 9.7619241934e-03 2.6452072059e-02
3.5790601587e+01 3.5430740390e+01 3.1000414815e+01 9.8994537165e-01 7.0624160668e-02 3.2945992064e+02 5.0456172195e+00 -5.3176389340e-01 1.2518172485e+01 1.4213467468e-02 2.5646501471e-02
4.0928702732e+01 3.2657195316e+01 3.1786682137e+01 7.9790448111e-01 1.2295003086e-01 5.9392088359e+02 1.1996002256e+01 9.1620104724e-01 9.8857554386e+00 9.8152987294e-03 1.1427859268e-02
3.8051924722e+01 3.3486172694e+01 3.1062600256e+01 8.8001258645e-01 1.3498679651e-01 6.5708258884e+02 5.8968352001e+00 -8.4084698897e-01 9.6396482330e+00 1.2909836314e-02 1.9753395407e-02
2.3382622465e+01 1.8934284607e+01 1.8297109516e+01 8.0975881276e-01 2.4001897954e-02 1.0829189109e+02 5.4403484865e+01 9.7394669758e-01 1.7067975595e+01 8.3297830902e-03 8.5717796961e-03
3.5461920650e+01 2.9067420254e+01 2.7922210713e+01 8.1967980643e-01 4.9735453447e-02 2.2863422030e+02 1.2726523180e+02 -8.7831327303e-01 8.1762993415e+00 4.5788987180e-03 4.6340634767e-03
7.3541925460e+01 6.0758405532e+01 5.8139246932e+01 8.2617371182e-01 1.5089492683e-01 7.4185196642e+02 2.4462354586e+01 -6.0218125710e-01 8.7635411553e+00 5.0733312920e-03 5.4246499305e-03
3.7951524839e+01 2.4216999791e+01 2.6260054832e+01 6.3810347262e-01 1.0732529124e-01 5.1321080876e+02 6.7205903766e+00 8.7858453440e-01 9.4712734675e+00 1.3864722396e-02 1.9462125960e-02
2.5299209146e+01 2.3102586088e+01 2.1042058881e+01 9.1317424012e-01 6.3896833828e-02 2.9668587565e+02 2.3488721499e+01 9.3159198101e-01 9.2532069268e+00 1.0211890129e-02 1.0952408774e-02
3.0665829135e+01 2.9424691684e+01 2.6149222826e+01 9.5952702123e-01 6.8034973024e-02 3.1681218297e+02 4.7709013825e+01 9.3466194468e-01 9.3449495133e+00 6.8181714181e-03 7.0457779581e-03
6.5410440389e+01 6.0827225366e+01 5.4904666349e+01 9.2993144525e-01 1.7351958525e-01 8.6489649691e+02 1.0587533270e+01 -8.2382277055e-01 1.3384520334e+01 7.1110780962e-03 8.4959595426e-03
7.6509375904e+01 6.7581836360e+01 6.2574773985e+01 8.8331443776e-01 3.1492762141e-01 1.6954274025e+03 8.8063717326e+00 7.7454127858e-01 9.2426414397e+00 6.5397124306e-03 8.2068410670e-03
3.4264124333e+01 3.1121454303e+01 2.8421259378e+01 9.0828103473e-01 3.7402041760e-02 1.7041772882e+02 3.5814941372e+01 2.3030398651e-01 8.8171207411e+00 7.3392662142e-03 7.6725558770e-03
4.1183442978e+01 2.6438125919e+01 2.8586102213e+01 6.4196006958e-01 5.3448856249e-02 2.4635472914e+02 3.1993164344e+01 -5.0965976876e-01 9.1307454642e+00 7.5560364676e-03 7.9441236705e-03
3.6305022781e+01 8.9816548352e+00 1.5024490476e+01 2.4739427625e-01 5.2570885785e-02 2.4215702627e+02 1.1839888180e+01 -9.7575669351e-01 8.2908521553e+00 1.6406216999e-02 1.9149066226e-02
7.9940896786e+01 6.7527762808e+01 6.3916190146e+01 8.4472110676e-01 6.2703579820e-01 3.8377253796e+03 3.5678043051e+00 9.7371864131e-01 9.2762766368e+00 7.9275751151e-03 1.0000000000e+00
3.5573622429e+01 3.1720558341e+01 2.9233838710e+01 8.9168760939e-01 2.1710749580e-02 9.7788268139e+01 5.1545189819e+01 -5.4786705346e-01 2.0376091567e+01 6.3509918951e-03 6.5463186702e-03
3.3894370916e+01 3.3152349559e+01 2.9181635366e+01 9.7810782921e-01 9.0175139642e-02 4.2631446884e+02 3.8456930943e+00 6.8558042385e-01 1.0389121839e+01 1.6159449872e-02 1.0000000000e+00
7.9068445361e+01 7.6418207747e+01 6.7667698490e+01 9.6648172856e-01 7.8203308008e-01 5.0243164747e+03 3.7636862223e+00 -9.9852929555e-01 9.0487063620e+00 7.0836155895e-03 1.0000000000e+00
2.0608382342e+01 1.7468335825e+01 1.6506133735e+01 8.4763255722e-01 3.1786769372e-02 1.4424047801e+02 1.1018031119e+01 -9.9046287482e-01 1.5928968672e+01 1.6091987024e-02 1.9057588186e-02
7.9862555318e+01 7.5335184855e+01 6.7519241910e+01 9.4331047329e-01 7.7002522857e-01 4.9299868406e+03 4.1221935706e+00 9.0444060446e-01 8.3525222670e+00 6.8844336097e-03 2.5757174836e-02
3.9264725759e+01 2.3264328505e+01 2.6133614597e+01 5.9249945224e-01 5.0149202082e-02 2.3060425854e+02 2.8776608478e+01 6.8091444390e-01 1.1091448980e+01 8.3320014045e-03 8.8129943295e-03
2.9306014336e+01 2.7706896682e+01 2.4804595120e+01 9.4543380631e-01 4.0469193249e-02 1.8480315650e+02 5.1380518553e+01 5.5933405666e-01 9.3139809907e+00 6.9665932808e-03 7.1815792795e-03
3.5090931820e+01 3.1012472473e+01 2.8707409895e+01 8.8377454986e-01 4.8173386502e-02 2.2120647382e+02 7.5759568849e+01 6.2752272754e-01 8.5441311541e+00 5.4716047857e-03 5.5840442146e-03
8.1232383136e+01 2.4797257406e+01 3.7791510349e+01 3.0526320230e-01 1.0254207282e-01 4.8879558060e+02 6.9515318808e+00 -7.4301681676e-01 1.4121195770e+01 1.0933826066e-02 1.5075945230e-02
3.4655451704e+01 3.1751307863e+01 2.8872038753e+01 9.1619950980e-01 6.1131145967e-02 2.8329507497e+02 9.8406523439e+01 9.3786736478e-01 8.4161281882e+00 4.9049288659e-03 4.9818531300e-03
7.3846163916e+01 5.7911296314e+01 5.6845971490e+01 7.8421536398e-01 1.5740398103e-01 7.7695525549e+02 2.8789508720e+00 -6.4566041576e-01 1.5179951419e+01 1.1437799580e-02 1.0000000000e+00
2.7067008819e+01 2.5620010935e+01 2.2922976990e+01 9.4654016286e-01 2.5553216982e-02 1.1542356757e+02 6.3679646446e+01 -2.6467572177e-01 8.6465181474e+00 6.8140017279e-03 6.9818037967e-03
7.3663926867e+01 6.3407840098e+01 5.9463311799e+01 8.6077192454e-01 3.6249942111e-01 1.9966574160e+03 4.1926383476e+00 -9.1649153552e-01 1.2254495673e+01 8.7221204467e-03 2.7687027140e-02
5.7213313443e+01 5.3965345513e+01 4.8368536947e+01 9.4323055711e-01 2.4058541607e-01 1.2460635333e+03 5.3701286209e+00 -9.7133505145e-01 1.2561039307e+01 9.5897651389e-03 1.6005407176e-02
4.1373405151e+01 3.4157750920e+01 3.2696487018e+01 8.2559680053e-01 1.2569299478e-01 6.0823940910e+02 2.0857906892e+01 -9.4201266128e-01 8.8202031945e+00 7.8251660246e-03 8.4755660610e-03
4.9368515499e+01 3.7463569318e+01 3.7367968360e+01 7.5885549605e-01 9.6170084823e-02 4.5648605609e+02 4.7418470685e+00 -7.4761041435e-01 1.6234558331e+01 1.2755706536e-02 2.5575077210e-02
4.4654645749e+01 3.6753798220e+01 3.5234444941e+01 8.2306773691e-01 4.3836807401e-02 2.0066827239e+02 3.7582188408e+01 -9.8065678865e-02 8.4496226459e+00 6.2777272492e-03 6.5483192539e-03
1.1394700307e+01 7.5347262944e+00 8.0322042040e+00 6.6124830766e-01 7.9905093310e-03 3.5621453073e+01 1.2178655417e+02 5.8535829437e-01 9.5021989293e+00 1.0402530538e-02 1.0533625142e-02
1.9508952583e+01 1.8004359734e+01 1.6312852088e+01 9.2287680016e-01 5.7619261973e-02 2.6636142801e+02 8.4844515449e+00 9.5876689011e-01 8.7227967830e+00 1.7605558084e-02 2.2361076671e-02
8.5145352578e+01 5.2247037412e+01 5.7721955403e+01 6.1362171663e-01 1.1820857712e-01 5.6927501703e+02 6.0296084692e+01 -9.0537460297e-01 8.3818387031e+00 3.6995373571e-03 3.7960026980e-03
7.6351966974e+01 4.8440205529e+01 5.2671811516e+01 6.3443297467e-01 4.7652194584e-01 2.7580198926e+03 4.5277380607e+00 -9.2978856313e-01 8.2435119024e+00 8.6936851314e-03 1.9464913845e-02
8.4554124029e+01 7.2341384510e+01 6.8044161130e+01 8.5556305314e-01 1.3703124187e-01 6.6789480940e+02 1.5201029639e+01 -3.2504493125e-01 9.9607093417e+00 5.5381705640e-03 6.2100768444e-03
6.2612321882e+01 6.1202239787e+01 5.3889224056e+01 9.7747915981e-01 1.5620167500e-01 7.7045307817e+02 1.7702834479e+01 -9.9586858784e-01 1.4207736851e+01 5.9885266545e-03 6.5922267285e-03
2.6925133895e+01 2.0473819272e+01 2.0401415091e+01 7.6039804858e-01 3.6551237600e-02 1.6643819220e+02 6.9196661526e+01 -9.6553240614e-01 1.1840331311e+01 7.0567851979e-03 7.2161294795e-03
5.1254183989e+01 3.4831077636e+01 3.6646455902e+01 6.7957530342e-01 1.3454761545e-01 6.5476311859e+02 1.2610413766e+01 8.0294936490e-01 9.5278641709e+00 8.7571552592e-03 1.0104214163e-02
3.2293692921e+01 2.2602670383e+01 2.3445406274e+01 6.9990974516e-01 1.1980167828e-02 5.3568648173e+01 2.2892632862e+02 -8.8047173573e-02 8.5785446967e+00 4.1929167200e-03 4.2207247384e-03
3.3440143013e+01 2.5655503553e+01 2.5454120976e+01 7.6720675334e-01 6.5236567446e-02 3.0318997358e+02 6.8182663024e+00 4.4409489647e-01 8.6179882734e+00 1.4405900198e-02 2.0064339886e-02
3.6592485057e+01 3.4602262170e+01 3.0974781208e+01 9.4561115804e-01 5.8793386717e-02 2.7201409825e+02 9.7770404157e+01 8.8337962209e-01 8.7411215193e+00 4.7120055895e-03 4.7863990697e-03
1.0489203143e+01 1.0102645834e+01 8.9612275615e+00 9.6314712347e-01 7.3572008047e-03 3.2782420536e+01 2.7969176203e+02 4.7346248408e-01 8.2414387741e+00 7.1153536294e-03 7.1538931021e-03
7.4329856527e+01 6.8082469065e+01 6.1916962031e+01 9.1595049750e-01 2.5375155654e-01 1.3236585216e+03 6.0447053391e+00 7.1261239185e-01 1.1951108174e+01 7.8098351052e-03 1.1726570421e-02
3.2693741215e+01 2.0781773896e+01 2.2576538028e+01 6.3564991720e-01 1.1875467964e-02 5.3096295580e+01 3.2732454602e+02 6.0673411748e-01 1.1453240773e+01 3.7545986476e-03 3.7719504675e-03
2.9913881153e+01 2.1025760059e+01 2.1765242206e+01 7.0287636535e-01 3.2283282971e-02 1.4654679471e+02 6.8869069483e+00 -7.6326633112e-01 1.9746378013e+01 1.6141175633e-02 2.2363097080e-02
7.9541934712e+01 7.4915898135e+01 6.7195485629e+01 9.4184153812e-01 6.6313849836e-01 4.1078455468e+03 4.9996684322e+00 9.2440106761e-01 8.3601759683e+00 6.6780546766e-03 1.2212566179e-02
3.2738626033e+01 2.2904181627e+01 2.3763112806e+01 6.9960729579e-01 4.6078582731e-02 2.1127022679e+02 9.9165232628e+01 -8.6250815522e-01 8.6710496817e+00 5.5733803204e-03 5.6600999498e-03
2.9927266492e+01 2.0841376420e+01 2.1670900502e+01 6.9640093676e-01 3.9980460670e-02 1.8250681907e+02 1.9245082243e+01 5.6354729549e-01 1.0445351376e+01 1.0958143732e-02 1.1958679934e-02
6.6596298368e+01 1.8993973832e+01 2.9836966998e+01 2.8521065431e-01 8.2234896408e-02 3.8669266862e+02 7.1997724468e+00 -5.7420311774e-01 1.0154636459e+01 1.2654750131e-02 1.7152540480e-02
3.2698619579e+01 2.3034650255e+01 2.3819010728e+01 7.0445329350e-01 3.3167806814e-02 1.5065943676e+02 3.1896152022e+01 -8.7144097722e-01 1.7859225329e+01 8.5819260417e-03 9.0241751162e-03
6.2710248768e+01 5.0940311449e+01 4.9150252756e+01 8.1231238034e-01 3.9377708874e-01 2.2001630751e+03 5.2898801751e+00 -9.9984517645e-01 8.7859514090e+00 8.8777749604e-03 1.5070938828e-02
7.8678138149e+01 5.4064011939e+01 5.6579048182e+01 6.8715418553e-01 2.4341691410e-01 1.2626766327e+03 6.5921275832e+00 7.4848111553e-01 1.1147207473e+01 8.0397193105e-03 1.1409177795e-02
3.3064973244e+01 2.9766780314e+01 2.7303868688e+01 9.0025115381e-01 9.0362187718e-02 4.2725252237e+02 2.5390800046e+01 -8.7375259123e-01 8.5137617154e+00 8.2993722217e-03 8.8504173723e-03
3.1668029715e+01 3.0853814479e+01 2.7211443998e+01 9.7428904662e-01 6.5008331498e-02 3.0208113804e+02 1.1373352892e+01 -7.3164278032e-01 1.2194642652e+01 1.1406362744e-02 1.3419334834e-02
4.6548738917e+01 4.1952615374e+01 3.8460080842e+01 9.0126212545e-01 2.0055740908e-01 1.0156692672e+03 9.1014304015e+00 8.4298871549e-01 8.0703243102e+00 9.2684886020e-03 1.1515705574e-02
4.4918536456e+01 4.3876798694e+01 3.8647222583e+01 9.7680828798e-01 2.2907328002e-01 1.1789431877e+03 5.9557427827e+00 -9.1612289745e-01 8.8348814717e+00 1.0675414019e-02 1.6208536408e-02
2.5428460139e+01 2.1851623128e+01 2.0509100413e+01 8.5933725475e-01 1.4179350265e-02 6.3507239817e+01 2.3637886655e+02 -9.2404262371e-01 1.6857145118e+01 4.4981003640e-03 4.5269807495e-03
5.9286675817e+01 4.6574297031e+01 4.5678819235e+01 7.8557781136e-01 8.9819034783e-02 4.2452918302e+02 3.7214159121e+01 5.5192680871e-01 8.9702401320e+00 5.2147906452e-03 5.4419711288e-03
2.9668934551e+01 2.6261445171e+01 2.4290854340e+01 8.8514958720e-01 5.9917338106e-02 2.7743344317e+02 3.0890783113e+01 -7.4081643327e-01 8.9558802330e+00 8.4438042629e-03 8.8945239308e-03
3.1059401114e+01 1.4649539575e+01 1.8315129778e+01 4.7166201053e-01 1.5895036894e-02 7.1283307059e+01 5.6887836148e+01 9.3320382119e-01 2.4358030768e+01 8.2271930507e-03 8.4552323039e-03
2.7944593172e+01 2.4242309530e+01 2.2647004460e+01 8.6751341772e-01 1.6827733037e-02 7.5518858683e+01 1.5906092942e+02 9.3753583206e-01 1.9481877457e+01 4.8969208207e-03 4.9439151296e-03
3.1305791452e+01 3.1020025137e+01 2.7128545177e+01 9.9087177476e-01 7.5374519459e-02 3.5277407840e+02 3.4150573278e+01 -8.7188077595e-01 9.2027434217e+00 7.5210779467e-03 7.8807672042e-03
3.4997460781e+01 3.0091727361e+01 2.8235040915e+01 8.5982601851e-01 8.5244108819e-02 4.0166282272e+02 1.8409332402e+01 -9.8254952267e-01 1.1477157154e+01 9.1956845913e-03 1.0080495591e-02
1.0191048839e+01 7.8282220584e+00 7.7621453124e+00 7.6814684950e-01 1.0559862140e-02 4.7167227547e+01 2.4791136924e+02 -9.2708017133e-01 8.5307597286e+00 8.1277379532e-03 8.1774678053e-03
3.7199429375e+01 3.3653112088e+01 3.0793979721e+01 9.0466742778e-01 1.0321898681e-01 4.9224238989e+02 1.0571021808e+01 -7.1124010094e-01 9.2106187836e+00 1.0615052900e-02 1.2686846503e-02
2.5433296294e+01 2.3467640919e+01 2.1264727148e+01 9.2271330653e-01 3.2774692046e-02 1.4883099434e+02 1.6629455717e+02 -9.6320051807e-01 9.5494032217e+00 4.9607872697e-03 5.0062886204e-03
8.1372611824e+01 7.8259526804e+01 6.9468067507e+01 9.6174284013e-01 4.4597357657e-01 2.5488881110e+03 5.7473155098e+00 9.2993587470e-01 1.1085914878e+01 6.7749386877e-03 1.0588038444e-02
8.4850420321e+01 7.8899815109e+01 7.1219940005e+01 9.2986946688e-01 2.6969119502e-01 1.4187660404e+03 1.0666316394e+01 9.9003107343e-01 1.4171512374e+01 5.7375700403e-03 6.8434673973e-03
2.9572253007e+01 2.6435698526e+01 2.4332973573e+01 8.9393589726e-01 5.4616410282e-02 2.5194462585e+02 1.6369379581e+01 -6.6806054752e-01 1.0597481401e+01 1.0736249422e-02 1.1925708943e-02
3.6053686859e+01 2.9541159687e+01 2.8382613910e+01 8.1936584746e-01 1.6087550343e-02 7.2157071306e+01 2.2637435446e+02 -7.7250034222e-01 1.4872792879e+01 3.7270981859e-03 3.7520989286e-03
2.7215256433e+01 2.3962649077e+01 2.2222445690e+01 8.8048588248e-01 2.7852009872e-02 1.2602077123e+02 1.2253290736e+02 -7.2013221632e-01 1.0421429347e+01 5.4278075319e-03 5.4957834872e-03
5.9885762277e+01 4.1056529653e+01 4.3013903789e+01 6.8558081406e-01 3.2659520495e-01 1.7683552413e+03 4.2249304006e+00 -8.8796852327e-01 8.1144715259e+00 1.0827329581e-02 3.2522628078e-02
3.6977796020e+01 2.1045514294e+01 2.4095716171e+01 5.6913922837e-01 5.2448567943e-02 2.4157259951e+02 9.7844908897e+01 -9.0438026257e-01 8.1265179042e+00 5.5319845089e-03 5.6192554291e-03
1.0854467506e+01 6.6367861813e+00 7.3447263869e+00 6.1143360350e-01 1.2488231035e-03 5.5386719492e+00 1.8129366530e+03 8.3121314293e-01 2.4862553968e+01 4.0128574443e-03 4.0161826750e-03
2.7512003869e+01 2.4473507158e+01 2.2581594105e+01 8.8955741915e-01 3.4900515416e-02 1.5873062651e+02 1.3056303250e+02 8.3440473582e-01 9.3138076917e+00 5.2249231517e-03 5.2862465642e-03
6.6709891833e+01 5.3954845304e+01 5.2169459670e+01 8.0879827296e-01 3.5459152944e-01 1.9458788720e+03 1.7507062443e+00 9.9795017381e-01 8.0586879055e+00 1.3181059754e-02 1.0000000000e+00
3.4020248229e+01 2.9565824920e+01 2.7595869740e+01 8.6906552594e-01 1.6583436082e-02 7.4408897612e+01 5.4323178717e+01 4.3289534624e-01 2.1216474106e+01 6.4760375062e-03 6.6644723597e-03
3.7829011034e+01 3.6861309048e+01 3.2507575582e+01 9.7441905143e-01 5.3552439600e-02 2.4685030196e+02 2.6603774797e+01 -8.6386843903e-01 1.7038922353e+01 7.4716506610e-03 7.9424121035e-03
2.7639823163e+01 2.6025543201e+01 2.3346523422e+01 9.4159586505e-01 5.7745704223e-02 2.6696974538e+02 3.8438818281e+01 8.0462381366e-01 8.9350190536e+00 7.9846301152e-03 8.3205200702e-03
3.5950740258e+01 2.2023594590e+01 2.4350645032e+01 6.1260475952e-01 7.7122806487e-02 3.6138999703e+02 3.4301188903e+01 -9.1252249208e-01 8.2413435935e+00 8.0249991654e-03 8.4069518500e-03
3.8243756015e+01 1.1062975276e+01 1.7269439644e+01 2.8927533352e-01 2.7460956819e-02 1.2421559259e+02 1.4323504609e+02 8.6943429655e-01 9.1523557507e+00 5.9944594248e-03 6.0584677211e-03
6.2750184589e+01 3.9678680068e+01 4.3213442309e+01 6.3232770275e-01 2.0081507340e-01 1.0171252253e+03 4.4105254164e+00 6.9588343544e-01 9.8550787529e+00 1.1305831240e-02 2.7541263041e-02
3.3468561637e+01 2.4205539945e+01 2.4713538148e+01 7.2323215462e-01 3.3671997525e-02 1.5300599544e+02 7.0295412368e+01 -6.3695594752e-01 1.0954449096e+01 6.2337527953e-03 6.3722219016e-03
2.9604502228e+01 2.8872241502e+01 2.5451086253e+01 9.7526522417e-01 3.6431556940e-02 1.6587877928e+02 6.1205590818e+01 -7.0636275802e-01 1.1950718108e+01 6.4356843986e-03 6.6008820221e-03
4.1501279912e+01 2.7002312642e+01 2.9009136505e+01 6.5063806946e-01 7.2232221145e-02 3.3733623760e+02 3.2542427717e+01 -6.3512746288e-01 8.0502091798e+00 7.3576178563e-03 7.7285294664e-03
6.9529386260e+01 6.7802700683e+01 5.9771592818e+01 9.7516610358e-01 1.8570760743e-01 9.3236607006e+02 3.8670919068e+01 9.7737800110e-01 8.2505420218e+00 4.1219838476e-03 4.2942612587e-03
4.1319813679e+01 3.2450535286e+01 3.1831108591e+01 7.8535047466e-01 8.0110617334e-02 3.7615865699e+02 1.8207780548e+01 -4.8803388223e-01 8.0656154525e+00 8.5925954377e-03 9.4302542784e-03
3.1166606549e+01 2.6048692888e+01 2.4784652681e+01 8.3578854974e-01 6.4418299634e-02 2.9921612164e+02 1.3143965542e+01 -9.1003823873e-01 1.2758863734e+01 1.1457473396e-02 1.3127613872e-02
3.2432039831e+01 2.5430046641e+01 2.4963992007e+01 7.8410259650e-01 3.5404247626e-02 1.6108076767e+02 9.5540968916e+01 -7.2930260532e-01 1.0343148867e+01 5.5154968614e-03 5.6046686615e-03
3.6927899198e+01 3.3632694441e+01 3.0673074737e+01 9.1076652533e-01 8.6746862152e-02 4.0915964293e+02 3.0805089780e+01 -7.1385584398e-01 8.0392009569e+00 7.1925641847e-03 7.5776702202e-03
5.3681414594e+01 4.1418001460e+01 4.0980031172e+01 7.7155197517e-01 2.9427836874e-02 1.3330532190e+02 1.2524428338e+02 5.6856020772e-01 1.1544674191e+01 3.6688622465e-03 3.7137925973e-03
3.3420087721e+01 2.7153344245e+01 2.6196429999e+01 8.1248572632e-01 8.7251869661e-02 4.1168211391e+02 2.7618613679e+01 -9.2491918786e-01 8.6224187949e+00 8.2672747072e-03 8.7668317332e-03
5.5954625366e+01 5.0426623800e+01 4.6230065998e+01 9.0120563707e-01 1.5313122856e-01 7.5388511527e+02 1.1653499520e+01 6.3102979764e-01 9.4673944850e+00 7.7223161501e-03 9.0410983033e-03
3.2506463986e+01 2.5095369903e+01 2.4822798212e+01 7.7201168092e-01 2.5913502970e-02 1.1708214212e+02 6.5302574933e+01 -5.1984852636e-01 1.2687449585e+01 6.4209006682e-03 6.5749173425e-03
4.2038162588e+01 2.4033900003e+01 2.7458525505e+01 5.7171623411e-01 3.9793800066e-02 1.8163019396e+02 1.0049657899e+02 -9.1751406889e-01 1.2011800456e+01 5.0856766171e-03 5.1637297123e-03
4.6786467902e+01 4.4206217989e+01 3.9587755153e+01 9.4485050853e-01 6.2219327662e-02 2.8855800047e+02 4.5667551653e+01 -9.7745204833e-01 1.6616501471e+01 5.3667136443e-03 5.5543990473e-03
3.8365176031e+01 3.2079511141e+01 3.0516119930e+01 8.3616222991e-01 6.3780938048e-02 2.9612376234e+02 3.4588087116e+01 7.1864034363e-01 1.0429843744e+01 7.0018022486e-03 7.3320459075e-03
3.1791540179e+01 2.9220162057e+01 2.6528572712e+01 9.1911753542e-01 7.0454026596e-02 3.2862755021e+02 1.7611442105e+01 5.8428672056e-01 8.2361370284e+00 9.8049742549e-03 1.0799546030e-02
8.0454870862e+01 7.9174514558e+01 6.9480043631e+01 9.8408603122e-01 2.0048760847e-01 1.0152749133e+03 1.5546564273e+01 7.6664945698e-01 1.1983577218e+01 5.2395830731e-03 5.8578716118e-03
6.6521145925e+01 6.1666562080e+01 5.5748912372e+01 9.2702194501e-01 1.1432312598e-01 5.4917820295e+02 3.9360260344e+01 -7.4123092337e-01 9.9751241084e+00 4.4462542462e-03 4.6285795650e-03
3.6718397134e+01 3.3075088629e+01 3.0329682286e+01 9.0077702760e-01 8.7810737802e-02 4.1447544695e+02 3.0484002421e+01 -9.5995656829e-01 1.0285787962e+01 7.2674239573e-03 7.6610559561e-03
3.2595580840e+01 2.4251647261e+01 2.4422950076e+01 7.4401641684e-01 6.4471218244e-02 2.9947298848e+02 9.7843191422e+00 -5.6451347153e-01 8.9550519790e+00 1.2916333089e-02 1.5730539676e-02
2.8478345252e+01 2.2979691037e+01 2.2244606103e+01 8.0691805772e-01 6.9376826506e-02 3.2336163986e+02 1.6238443926e+01 7.9698085970e-01 8.6701319942e+00 1.1291312026e-02 1.2554552490e-02
5.1035031203e+01 4.0184833529e+01 3.9367736949e+01 7.8739706006e-01 4.3987257383e-02 2.0137877202e+02 9.9666057527e+01 9.4590365205e-01 1.4147174373e+01 4.0627325469e-03 4.1256203373e-03
3.5766588270e+01 3.5554937477e+01 3.1044333173e+01 9.9408244386e-01 1.3579846601e-01 6.6137225935e+02 1.0835913285e+01 8.5882556743e-01 8.4416979796e+00 1.0275285892e-02 1.2212927534e-02
2.6595988954e+01 2.1987465820e+01 2.1032801052e+01 8.2672112166e-01 2.2704358448e-02 1.0233912740e+02 1.0784758003e+02 8.3313263184e-01 1.4535756952e+01 5.9116992038e-03 5.9960823301e-03
2.6670085037e+01 2.6563725530e+01 2.3171306389e+01 9.9601202972e-01 4.2609686028e-02 1.9487867436e+02 9.8412003919e+01 -7.8536130685e-01 8.4344907466e+00 5.6899381136e-03 5.7791686066e-03
5.0681827630e+01 2.4666046988e+01 3.0391832844e+01 4.8668424446e-01 5.5027035853e-02 2.5391265201e+02 1.1676984021e+02 9.0625393147e-01 8.4749552282e+00 4.4710439120e-03 4.5298683516e-03
4.0861591772e+01 2.9067761814e+01 2.9916047999e+01 7.1137125486e-01 1.6821401118e-01 8.3578363991e+02 6.3015146683e+00 -9.4536282065e-01 8.2417572517e+00 1.2661560693e-02 1.8472426311e-02
3.5860629200e+01 3.1330397359e+01 2.9166749366e+01 8.7367115575e-01 8.7457560073e-02 4.1270997125e+02 4.8664787537e+01 -9.4028362048e-01 8.2348387442e+00 6.2503230492e-03 6.4546254975e-03
8.0121307364e+01 7.8921941724e+01 6.9225232887e+01 9.8503062819e-01 5.9040696080e-01 3.5678669766e+03 1.7601448041e+00 -9.8949029439e-01 8.5588990837e+00 9.9708494858e-03 1.0000000000e+00
6.4694989141e+01 4.0560475011e+01 4.4354253665e+01 6.2694925139e-01 1.2575641728e-01 6.0857100526e+02 4.3121734535e+01 8.7524188962e-01 8.4504458602e+00 4.9251826723e-03 5.1083028612e-03
5.0201554053e+01 3.4986036510e+01 3.6365693741e+01 6.9691142376e-01 1.4364532048e-02 6.4345597171e+01 8.9633220202e+01 7.3435214489e-01 3.5776410232e+01 4.5231517722e-03 4.6012537232e-03
7.9243126574e+01 6.2846025764e+01 6.1352387575e+01 7.9307857326e-01 2.2218826129e-01 1.1391290606e+03 1.0848748363e+01 6.7840583376e-01 1.0171628691e+01 6.4091051123e-03 7.6157127354e-03
3.3935220691e+01 3.2640992662e+01 2.8972408729e+01 9.6186180605e-01 8.4358472576e-02 3.9725116243e+02 2.1681191336e+01 -6.9104230734e-01 8.3386770611e+00 8.5146370340e-03 9.1913752311e-03
5.9030528042e+01 4.1240101828e+01 4.2815704028e+01 6.9862329198e-01 1.4278411356e-01 6.9844951734e+02 4.6577033458e+00 6.2188259679e-01 1.1931180265e+01 1.1491500925e-02 2.3943074744e-02
3.4694211266e+01 2.4474556201e+01 2.5290918495e+01 7.0543630501e-01 3.6336343714e-02 1.6543379922e+02 2.2216542947e+01 2.6559493456e-01 9.3451289501e+00 9.4487907428e-03 1.0179001432e-02
8.3662715483e+01 7.1265880610e+01 6.7177192620e+01 8.5182366122e-01 4.0276334814e-01 2.2594020263e+03 5.0076702277e+00 9.6669545527e-01 1.2816067839e+01 7.4246918685e-03 1.3545574214e-02
3.9097970556e+01 1.6815362109e+01 2.1938816103e+01 4.3008273498e-01 3.0538557568e-02 1.3844966094e+02 2.6768046063e+01 -8.7717885124e-01 1.8377743508e+01 9.6636478496e-03 1.0268338730e-02
4.1080087076e+01 2.6056186836e+01 2.8335695853e+01 6.3427778982e-01 5.0728056239e-02 2.3336228464e+02 8.0091817347e+01 -9.2515739096e-01 1.0922741654e+01 5.3942994996e-03 5.4989386863e-03
9.7058849583e+00 6.2758765551e+00 6.7623989734e+00 6.4660528968e-01 9.3813719596e-03 4.1865984728e+01 2.7771297722e+01 -6.0767419630e-01 8.0495619667e+00 2.0147660789e-02 2.1357644898e-02
2.9630650082e+01 2.9086089370e+01 2.5556626276e+01 9.8162170894e-01 3.9278893755e-02 1.7921318529e+02 1.1553976196e+02 9.0761363347e-01 1.0564276580e+01 5.0495092697e-03 5.1166691040e-03
2.2235006508e+01 1.6752576156e+01 1.6768184943e+01 7.5343248269e-01 4.8140321111e-02 2.2104941534e+02 1.8718040794e+01 -9.6195295297e-01 9.7157289811e+00 1.2934724104e-02 1.4155038824e-02
6.8284409642e+01 5.7861603019e+01 5.4683021916e+01 8.4736184032e-01 2.7073088009e-01 1.4250134041e+03 9.3741946301e+00 7.1332196800e-01 8.2046265112e+00 7.0999321600e-03 8.7470561598e-03
3.9141376877e+01 3.4885506745e+01 3.2158130067e+01 8.9126927892e-01 1.3741025307e-01 6.6990191290e+02 7.7741272624e+00 9.0387095325e-01 9.9918878069e+00 1.1374214705e-02 1.4914530495e-02
3.0834624258e+01 2.7239217619e+01 2.5219929164e+01 8.8339709902e-01 3.9205778197e-02 1.7887011539e+02 1.2399562881e+02 8.6206685989e-01 9.6131244019e+00 4.9586672688e-03 5.0200185707e-03
6.5703811197e+01 6.3706044071e+01 5.6320856334e+01 9.6959434941e-01 1.9872032477e-01 1.0052989962e+03 2.2432018227e+00 -8.2219360007e-01 1.3465290032e+01 1.2358852897e-02 1.0000000000e+00
4.3544320630e+01 3.6287192408e+01 3.4576104325e+01 8.3333927096e-01 4.8891512719e-02 2.2461926597e+02 2.9275901753e+01 5.9213139081e-01 1.4190764788e+01 6.9548496064e-03 7.3487606323e-03
2.9035902054e+01 1.0334203571e+01 1.4699213066e+01 3.5591122852e-01 1.2327202243e-02 5.5134817430e+01 3.3891433831e+02 9.4044271674e-01 1.2679232554e+01 4.8445410973e-03 4.8661581588e-03
3.0012626713e+01 2.0313619520e+01 2.1413905638e+01 6.7683577695e-01 1.8341314047e-02 8.2404681862e+01 1.6941697516e+02 -4.6686286624e-01 9.5627821558e+00 4.9481586613e-03 4.9926938357e-03
7.7823624041e+01 4.8173784373e+01 5.3000626919e+01 6.1901234961e-01 2.1468347785e-01 1.0960139101e+03 2.0405854731e+01 -8.4904249314e-01 8.3246471020e+00 5.5628533965e-03 6.0371377878e-03
3.8970995554e+01 3.6377046537e+01 3.2773812692e+01 9.3343898508e-01 6.8471965177e-02 3.1894385394e+02 3.3048695993e+01 6.1370055196e-01 9.4620041272e+00 6.7929209107e-03 7.1296291530e-03
4.2705462490e+01 3.7618184200e+01 3.4878682489e+01 8.8087523252e-01 1.4058005496e-01 6.8672065370e+02 4.1858611188e+00 8.8815968746e-01 1.1982143103e+01 1.3612810054e-02 4.3769479807e-02
3.3636032714e+01 3.0285449769e+01 2.7777548122e+01 9.0038709460e-01 1.4144913280e-01 6.9134208475e+02 5.8843222671e+00 8.7883433443e-01 8.1718555086e+00 1.3805925640e-02 2.1160138500e-02
2.6463411357e+01 2.1303619069e+01 2.0645902912e+01 8.0502164974e-01 3.3178256708e-02 1.5070805479e+02 6.9211610419e+01 -9.0240927350e-01 1.2370647696e+01 7.0181544797e-03 7.1765908058e-03
7.4514930040e+01 7.1652237936e+01 6.3608311603e+01 9.6158230166e-01 1.9150129640e-01 9.6472450260e+02 1.8973987924e+01 -8.3631559862e-01 1.1262326473e+01 5.1624519039e-03 5.6417514156e-03
7.8157079626e+01 7.0822063239e+01 6.4752575161e+01 9.0615032673e-01 5.0375188430e-01 2.9474272505e+03 3.8002708658e+00 -7.2571987275e-01 8.6091407512e+00 8.0671385837e-03 1.0000000000e+00
3.1541540606e+01 2.8640084779e+01 2.6159024112e+01 9.0801160086e-01 1.5941496588e-02 7.1494151824e+01 7.4602772691e+01 -4.8868251837e-01 1.9847632570e+01 5.9474559084e-03 6.0716424060e-03
2.6374284494e+01 2.0876394712e+01 2.0399527134e+01 7.9154354754e-01 4.0868823825e-02 1.8668199786e+02 1.5272447629e+01 6.2513426034e-01 1.0679073090e+01 1.2404233647e-02 1.3900449519e-02
5.0058905632e+01 3.1946177139e+01 3.4639530230e+01 6.3817170464e-01 1.4122284946e-01 6.9013837390e+02 6.5869917552e+00 -8.6874347948e-01 1.0842829273e+01 1.1529860174e-02 1.6369430437e-02
2.9483961291e+01 2.8174779989e+01 2.5089660690e+01 9.5559683147e-01 1.5795252985e-02 7.0830513537e+01 1.1989068082e+02 -3.2621976508e-01 1.2653306780e+01 5.1102024253e-03 5.1756445902e-03
5.6999239578e+01 4.6815078962e+01 4.4926381610e+01 8.2132813189e-01 2.4816419296e-01 1.2906217893e+03 9.1441352341e+00 -9.8025915303e-01 9.3815723646e+00 8.1942465534e-03 1.0167059749e-02
3.4078887948e+01 1.7336592411e+01 2.0924289135e+01 5.0871942879e-01 2.0777966722e-02 9.3521968184e+01 8.6944835902e+01 7.9718846215e-01 1.6480167135e+01 6.4374752307e-03 6.5521825077e-03
3.9275499923e+01 3.1924848615e+01 3.0793135784e+01 8.1284385120e-01 1.1201580085e-01 5.3728660562e+02 4.7218018984e+00 6.5331002054e-01 9.3884059033e+00 1.4289837331e-02 2.8900871462e-02
3.4938820421e+01 3.4834501100e+01 3.0370561443e+01 9.9701422887e-01 9.5795622768e-02 4.5459501325e+02 2.2043623523e+01 9.8683584775e-01 1.0745749037e+01 8.1625458711e-03 8.7990410835e-03
3.3309712528e+01 3.2420456334e+01 2.8607575663e+01 9.7330339635e-01 6.3623044438e-02 2.9535808967e+02 1.1194150622e+00 -9.0842648393e-01 8.2755175170e+00 2.6394051957e-02 1.0000000000e+00
3.1822306451e+01 2.6434096026e+01 2.5227193467e+01 8.3067819320e-01 1.5291896437e-02 6.8547427116e+01 3.0441328316e+02 6.0997579243e-01 9.6611746379e+00 3.5919847345e-03 3.6098458567e-03
7.1782835321e+01 6.5140251044e+01 5.9515033967e+01 9.0746277647e-01 2.1928613954e-01 1.1224211720e+03 2.4462319788e+00 4.8837118961e-01 9.3826566286e+00 1.1436060035e-02 1.0000000000e+00
9.7424227934e+00 8.9191286991e+00 8.1134225086e+00 9.1549390621e-01 3.6227057527e-03 1.6096313870e+01 3.1513565775e+02 -6.0865591728e-01 1.7011702540e+01 7.2568819167e-03 7.2917281080e-03
1.7559688714e+01 7.8157700751e+00 1.0037149016e+01 4.4509730227e-01 7.2208730748e-03 3.2171636609e+01 7.2410266276e+02 -9.1822488469e-01 1.0418854318e+01 4.6401952809e-03 4.6498442482e-03
3.0987380138e+01 2.5775289690e+01 2.4582185190e+01 8.3179957697e-01 4.4885514930e-02 2.0562384161e+02 5.6893676142e+01 7.7408234465e-01 1.0382080849e+01 6.7253671409e-03 6.9117590420e-03
3.7588216333e+01 3.6979661940e+01 3.2456257133e+01 9.8380996885e-01 7.9353246008e-02 3.7240973511e+02 4.3170372068e+01 8.2376335773e-01 9.3761374971e+00 6.1438032280e-03 6.3719569557e-03
3.8423580832e+01 3.3223415562e+01 3.1087490881e+01 8.6466213827e-01 8.8507135344e-02 4.1795887161e+02 1.2042627150e+01 -9.3142192248e-01 1.3293952611e+01 1.0133621603e-02 1.1789921750e-02
3.2267161023e+01 1.7699535015e+01 2.0620416895e+01 5.4853090431e-01 4.4608196808e-02 2.0431270816e+02 9.3839001753e+01 9.9549404537e-01 9.1229857593e+00 6.2229338092e-03 6.3254234557e-03
6.1270964351e+01 5.0717713902e+01 4.8485715339e+01 8.2776098661e-01 1.1825680389e-01 5.6952502623e+02 3.1473705776e+01 7.8736760436e-01 1.0364008713e+01 5.2643310205e-03 5.5396162298e-03
2.6249225045e+01 1.9079694789e+01 1.9432902497e+01 7.2686697439e-01 2.9589764753e-03 1.3140583812e+01 3.9806576552e+02 -8.6686124484e-01 5.0769739676e+01 3.8530057429e-03 3.8676258300e-03
2.8452015631e+01 1.6320240123e+01 1.8616668032e+01 5.7360576257e-01 6.6623766854e-02 3.0993646771e+02 1.0523314743e+01 -9.1948194317e-01 8.7123766223e+00 1.4873657480e-02 1.7795056083e-02
7.9654598364e+01 5.1221101117e+01 5.5338075860e+01 6.4304010276e-01 4.0119678847e-01 2.2490506475e+03 4.4876876469e+00 7.8116838442e-01 8.6114849480e+00 8.7389703872e-03 2.0087023728e-02
7.4234209268e+01 7.0153784182e+01 6.2818403863e+01 9.4503309019e-01 2.2660146487e-01 1.1646209398e+03 2.3167313456e+01 -8.2691195686e-01 8.3773339879e+00 4.7407644751e-03 5.0899825194e-03
3.2935175551e+01 3.0209736906e+01 2.7454686082e+01 9.1724839478e-01 9.9483345377e-02 4.7325533372e+02 4.8733706711e+00 6.5166758112e-01 8.7096401458e+00 1.5279406671e-02 2.9113408602e-02
2.9665316187e+01 1.9794912955e+01 2.1010206551e+01 6.6727463244e-01 5.5644514260e-02 2.5687410306e+02 4.9685884736e+00 7.0974569955e-01 1.0265007022e+01 1.8391444755e-02 3.3954785875e-02
2.7328291144e+01 7.8923957403e+00 1.2329152752e+01 2.8879946055e-01 5.9964009343e-03 2.6691306733e+01 8.1707123536e+02 -9.8056237042e-01 1.3599698349e+01 3.9027185684e-03 3.9099074856e-03
2.6077206333e+01 2.5321995456e+01 2.2369903930e+01 9.7103942549e-01 1.9413912496e-02 8.7293566607e+01 4.3199399357e+01 8.6788809565e-01 2.5703353092e+01 8.0326238475e-03 8.3307056785e-03
4.2782856568e+01 3.8165012951e+01 3.5165761881e+01 8.9206322374e-01 2.1107458634e-02 9.5028315682e+01 1.4123729095e+02 -9.8920434264e-01 2.2575268070e+01 3.8787791393e-03 3.9207939296e-03
1.7042632347e+01 1.5750696355e+01 1.4260828602e+01 9.2419387064e-01 9.7206362491e-03 4.3391150797e+01 3.3276114827e+02 -4.4956581927e-01 8.9456056345e+00 4.9791449264e-03 5.0017768763e-03
3.7425323870e+01 3.3703410572e+01 3.0909688946e+01 9.0055093950e-01 6.4532487465e-02 2.9977041132e+02 2.3217704703e+01 4.8887287066e-01 8.9507206439e+00 8.0622273389e-03 8.6546438950e-03
5.3403348036e+01 4.2400499873e+01 4.1370149149e+01 7.9396707196e-01 1.5056743782e-01 7.4009220301e+02 1.4415440852e+01 -7.8200890368e-01 9.3508896933e+00 7.6535124209e-03 8.6455403725e-03
5.1651199102e+01 4.7297853762e+01 4.3020036762e+01 9.1571647094e-01 2.6301695812e-01 1.3787885900e+03 6.0990127572e+00 9.5310966812e-01 9.3463462680e+00 9.7279972806e-03 1.4512429213e-02
3.1187474408e+01 2.7863711425e+01 2.5654631298e+01 8.9342634996e-01 2.0262857301e-02 9.1168474501e+01 8.4694769510e+01 -2.7663241103e-01 1.1157028682e+01 5.7253344694e-03 5.8301545132e-03
8.5534233114e+01 7.2389442587e+01 6.8454132368e+01 8.4632129092e-01 2.9481057864e-01 1.5711825839e+03 1.3506873361e+01 9.9585148012e-01 1.1243551261e+01 5.3175182517e-03 6.0660070250e-03
3.5479484641e+01 1.7995740519e+01 2.1749921348e+01 5.0721538661e-01 4.1103159573e-02 1.8778419759e+02 8.7336245044e+01 9.0042751526e-01 9.7491049491e+00 6.1962387017e-03 6.3061364029e-03
3.5867732863e+01 2.0405464072e+01 2.3367374771e+01 5.6890866646e-01 2.2645863396e-02 1.0207103082e+02 1.2382105493e+02 -6.9326885695e-01 1.2917871641e+01 5.2560962795e-03 5.3212213172e-03
3.9874080802e+01 2.3306550286e+01 2.6350230380e+01 5.8450376327e-01 9.1959527891e-02 4.3527199571e+02 5.9554043026e+00 6.1570540468e-01 8.2972049108e+00 1.4603591460e-02 2.2173675185e-02
5.4984667964e+01 2.9315523751e+01 3.4612888730e+01 5.3315814820e-01 2.2594929740e-01 1.1608474387e+03 6.3827641471e+00 9.7887141978e-01 8.0383863769e+00 1.1161523349e-02 1.6150886853e-02
3.8897513668e+01 2.9774551279e+01 2.9573601667e+01 7.6546155452e-01 3.5245502642e-02 1.6033997053e+02 6.0313904559e+01 -3.3165131165e-01 9.1213232257e+00 5.8958573761e-03 6.0495440813e-03
2.2495066253e+01 9.1015501130e+00 1.2212187660e+01 4.0460205855e-01 1.4437247072e-02 6.4674856365e+01 8.6155332954e+01 -6.2142974131e-01 1.0235625383e+01 9.0793189118e-03 9.2426322376e-03
3.5837959539e+01 3.2916879995e+01 2.9894858961e+01 9.1849202406e-01 8.9133396384e-02 4.2109401859e+02 1.7253034716e+01 8.3376631250e-01 1.0296207276e+01 9.0713660478e-03 1.0014493804e-02
3.6268374259e+01 2.7448940242e+01 2.7414523997e+01 7.5682852630e-01 1.1158166763e-01 5.3505271074e+02 3.6091050800e+00 8.2946806251e-01 8.7613930504e+00 1.6999831516e-02 1.0000000000e+00
8.5734005676e+01 4.4144756976e+01 5.2979971325e+01 5.1490370277e-01 4.3199028527e-01 2.4543805997e+03 3.6412055663e+00 -9.6679223696e-01 9.2769304256e+00 9.5812335076e-03 1.0000000000e+00
3.6011008711e+01 3.1990093209e+01 2.9537061362e+01 8.8834204747e-01 7.3379054457e-02 3.4296336477e+02 6.7162842814e+01 8.8707942668e-01 8.2040897503e+00 5.5404761617e-03 5.6695340297e-03
9.4823038442e+00 8.7363936539e+00 7.9221702683e+00 9.2133660737e-01 1.0013759865e-02 4.4709514917e+01 3.6834161370e+02 -9.1391011984e-01 8.0735599360e+00 6.9198157978e-03 6.9482076211e-03
2.1991378336e+01 1.5901781205e+01 1.6237036636e+01 7.2309161176e-01 8.4697647316e-03 3.7771685400e+01 3.0790064564e+02 3.6516503426e-01 1.0609994181e+01 4.7305401762e-03 4.7537939280e-03
3.6475922548e+01 2.7301893784e+01 2.7414826736e+01 7.4849083661e-01 7.7031994656e-02 3.6094198785e+02 1.1379707282e+01 9.6594506735e-01 1.3485520220e+01 1.1271657011e-02 1.3259350415e-02
2.6367076572e+01 1.3215625557e+01 1.6061597400e+01 5.0121694457e-01 5.6417196652e-02 2.6058335231e+02 5.8237953905e+00 9.7352896297e-01 8.6292540971e+00 2.0485818881e-02 3.1662089828e-02
3.7713194987e+01 2.5608356805e+01 2.6953471803e+01 6.7902909882e-01 8.7979879462e-02 4.1532122964e+02 6.4183703358e+00 6.9909420892e-01 9.7739541117e+00 1.4031826876e-02 2.0233800078e-02
1.9595909966e+01 1.9492302218e+01 1.7014060845e+01 9.9471278711e-01 3.7498254291e-02 1.7086804910e+02 1.1716809391e+01 8.8313488496e-01 1.2596608821e+01 1.5376947568e-02 1.7983924906e-02
3.2015983369e+01 3.0491342462e+01 2.7198180458e+01 9.5237875751e-01 5.2703535873e-02 2.4279092834e+02 4.5720744169e+01 -6.5693514924e-01 9.3406862624e+00 6.8210235844e-03 7.0592736542e-03
3.2740216774e+01 2.4891650751e+01 2.4805535734e+01 7.6027751810e-01 1.9678534794e-02 8.8500889027e+01 7.6771392596e+01 1.0525389109e-01 9.8639001569e+00 6.0686002539e-03 6.1916023395e-03
3.8467282143e+01 3.3299364194e+01 3.1140955656e+01 8.6565419597e-01 4.6544406152e-02 2.1347730910e+02 1.0951196086e+01 -8.2986349230e-01 2.2765123394e+01 1.0750821763e-02 1.2748744506e-02
3.1932848729e+01 2.0752087526e+01 2.2307062326e+01 6.4986646516e-01 1.6411706242e-02 7.3628883239e+01 2.0609513529e+02 -3.7990426745e-01 8.7792552578e+00 4.4869405553e-03 4.5200399292e-03
8.2328141641e+00 5.0321122545e+00 5.5697821722e+00 6.1122626531e-01 4.9617597892e-03 2.2068496014e+01 8.2892192141e+01 -8.9003946938e-01 1.4110854886e+01 1.5135117314e-02 1.5418447347e-02
8.0602558384e+01 7.0759829655e+01 6.5717005994e+01 8.7788565367e-01 1.1466452009e-01 5.5094039747e+02 5.6851156844e+01 -8.7074384908e-01 8.9427259813e+00 3.4944576883e-03 3.5913818996e-03
3.7846018134e+01 1.3660024920e+01 1.9306847826e+01 3.6093691209e-01 8.2004271641e-03 3.6563082022e+01 2.3834856094e+01 -6.6803862416e-02 2.3902963890e+01 1.1083569172e-02 1.1874038182e-02
5.5630322855e+01 3.6370431671e+01 3.8983223137e+01 6.5378789489e-01 4.4735957170e-02 2.0491668504e+02 1.7874110264e+02 -9.7252769619e-01 8.1808529218e+00 3.2821536030e-03 3.3101289478e-03
3.2334569084e+01 2.8356920436e+01 2.6349363336e+01 8.7698464027e-01 7.2873788329e-02 3.4048317696e+02 2.1890712159e+01 -7.1683872804e-01 8.7573123929e+00 9.0625216765e-03 9.7748737445e-03
5.9201159066e+01 5.6899591290e+01 5.0523869949e+01 9.6112292712e-01 1.5363426767e-01 7.5659581129e+02 7.9475674041e+00 7.0439333671e-01 1.3041712998e+01 8.4305311566e-03 1.0960217873e-02
4.6684598156e+01 3.7048013962e+01 3.6156318715e+01 7.9358108296e-01 8.0616225065e-02 3.7866335601e+02 7.2445937924e+01 8.4108156970e-01 8.1045372614e+00 4.7261300925e-03 4.8278698859e-03
2.9968368577e+01 2.4245487537e+01 2.3439824407e+01 8.0903594985e-01 3.1888611361e-02 1.4471340433e+02 1.2655611600e+02 7.2102383905e-01 9.4073445036e+00 5.1739542356e-03 5.2366450651e-03
3.4830458538e+01 3.2566682875e+01 2.9316446997e+01 9.3500586103e-01 1.5520734017e-02 6.9585161155e+01 4.9546224111e+01 2.9817021113e-01 2.1138889140e+01 6.4590210640e-03 6.6661643983e-03
3.0017627856e+01 2.2165752498e+01 2.2404170420e+01 7.3842452192e-01 7.2441782466e-02 3.3836386911e+02 7.0750175373e+00 6.9469699481e-01 8.7351728936e+00 1.5322647190e-02 2.0942994241e-02
8.3215905852e+01 3.2842962122e+01 4.4571118495e+01 3.9467168910e-01 1.2877467085e-01 6.2437891112e+02 3.1137868977e+01 8.9946483932e-01 1.0011492382e+01 5.5385925581e-03 5.8316553240e-03
2.9480274061e+01 2.6389397419e+01 2.4274001283e+01 8.9515441288e-01 3.0504382549e-02 1.3829125718e+02 3.0794875533e+01 -3.7483505439e-01 1.1047546560e+01 8.6073966059e-03 9.0684242677e-03
3.6160653726e+01 2.8375060614e+01 2.7844781761e+01 7.8469434842e-01 4.3995160966e-02 2.0141610072e+02 9.1337635482e+01 -6.4501462335e-01 8.5023942629e+00 5.2122548398e-03 5.3005235297e-03
7.5452068793e+01 6.1375052438e+01 5.9178421799e+01 8.1343100885e-01 1.3113117293e-01 6.3675811919e+02 1.7937789617e+00 2.2988932078e-01 9.3001033695e+00 1.3511690130e-02 1.0000000000e+00
5.7420677046e+01 5.0725844739e+01 4.6965186036e+01 8.8340729069e-01 3.1173633154e-01 1.6755905108e+03 5.4635955967e+00 -9.9573984096e-01 9.8578357756e+00 9.3724291603e-03 1.5359380916e-02
4.2799776143e+01 3.3215034214e+01 3.2770727125e+01 7.7605626026e-01 1.8126733006e-01 9.0769101775e+02 5.1107436221e+00 9.3225474303e-01 9.0635154517e+00 1.2848214782e-02 2.2772941905e-02
2.6204643410e+01 2.0109963688e+01 1.9949413286e+01 7.6741985659e-01 4.0880100226e-03 1.8170194639e+01 6.3102627032e+02 -4.4935644465e-01 1.3931453218e+01 3.1866859102e-03 3.1942940962e-03
5.9363636745e+01 3.7088707398e+01 4.0625129705e+01 6.2477148355e-01 9.9056531699e-02 4.7109136923e+02 6.2018637947e+00 2.5651500586e-01 9.1472187958e+00 1.0929257640e-02 1.6115362499e-02
8.0132967763e+01 6.6030402941e+01 6.3265274240e+01 8.2401045144e-01 3.0653921961e-01 1.6433876689e+03 7.0617651046e+00 8.3335219975e-01 1.1196056377e+01 7.0839153684e-03 9.6911739398e-03
3.4275256640e+01 1.9845740514e+01 2.2538014627e+01 5.7901070507e-01 7.4751296234e-02 3.4970732291e+02 4.1425559175e+00 8.0939529341e-01 9.3143596774e+00 1.8633967320e-02 6.5922930224e-02
7.3123835263e+01 6.1003602116e+01 5.8095853902e+01 8.3425058186e-01 1.1079798710e-01 5.3102302917e+02 4.4845679899e+00 -9.5542140916e-01 3.4144402640e+01 9.8042160628e-03 2.2583959311e-02
6.1270347131e+01 5.5719198473e+01 5.0853835040e+01 9.0939909894e-01 2.1479618330e-01 1.0966592101e+03 2.1011796677e+01 8.8489895129e-01 8.1918245027e+00 5.6458598266e-03 6.1111433165e-03
4.2236227852e+01 3.9030734660e+01 3.5340468659e+01 9.2410559949e-01 2.0222986943e-01 1.0251260321e+03 4.6942757357e+00 -9.1697058432e-01 9.1984730379e+00 1.2514691062e-02 2.5626179349e-02
7.8326717428e+00 7.3035588585e+00 6.5835953334e+00 9.3244796901e-01 3.4543164301e-03 1.5346157078e+01 1.2802219084e+03 -6.0957593277e-01 8.2013457069e+00 4.8889243092e-03 4.8946648594e-03
2.7848230214e+01 1.9845390637e+01 2.0407146983e+01 7.1262663676e-01 1.6085081676e-02 7.2145865156e+01 1.0652093305e+02 4.0578467904e-01 1.1925111239e+01 6.0769743403e-03 6.1648257686e-03
3.3499523927e+01 2.2631872491e+01 2.3878899316e+01 6.7558788419e-01 3.1382971103e-02 1.4236602002e+02 5.3996216298e+00 7.4178398164e-01 2.3191012453e+01 1.6696985951e-02 2.7702587663e-02
1.7131199234e+01 1.1768027200e+01 1.2317359414e+01 6.8693540010e-01 1.9950317543e-02 8.9741365868e+01 3.1612021797e+01 -9.7986972184e-01 1.3895064609e+01 1.3108130185e-02 1.3790293850e-02
4.7114133776e+01 4.0599454500e+01 3.8053049836e+01 8.6172558521e-01 1.0910677717e-01 5.2233938982e+02 1.1983751538e+01 -7.8829952245e-01 1.2153759892e+01 8.8429399606e-03 1.0297726310e-02
3.0336320627e+01 2.6023140539e+01 2.4445571862e+01 8.5782125194e-01 4.0374287764e-02 1.8435711617e+02 6.9698894477e+01 -8.7877021120e-01 1.1943893632e+01 6.2710808813e-03 6.4116209250e-03
1.6760427473e+01 1.1158860116e+01 1.1856652410e+01 6.6578612835e-01 1.9955432013e-02 8.9764714159e+01 1.9481558537e+02 9.5077565419e-01 8.1895632135e+00 6.7876947619e-03 6.8407071596e-03
4.0098368527e+01 3.8378180925e+01 3.4149053696e+01 9.5710080820e-01 2.1653767893e-01 1.1066387479e+03 3.5953455926e+00 9.7911907861e-01 8.2810589469e+00 1.4026614249e-02 1.0000000000e+00
4.1364564307e+01 3.2066499950e+01 3.1654251141e+01 7.7521667368e-01 1.2761713217e-01 6.1831004606e+02 9.7863978527e+00 -9.8860891900e-01 1.0781952230e+01 1.0594149554e-02 1.2901688904e-02
3.3634614857e+01 3.0652908290e+01 2.7946636632e+01 9.1135006065e-01 5.1667226721e-02 2.3784166751e+02 1.8086108396e+01 -9.5234167539e-01 1.7901496253e+01 9.5013734712e-03 1.0435041438e-02
2.7576529052e+01 2.4823518184e+01 2.2770649877e+01 9.0016833291e-01 5.8661646403e-02 2.7137941407e+02 2.5029955847e+01 8.6018999351e-01 1.0166218781e+01 9.5206222380e-03 1.0163036362e-02
3.9550878464e+01 3.7500903241e+01 3.3524490037e+01 9.4816865510e-01 6.4502928271e-02 2.9962691739e+02 4.0619045837e+01 -5.1948888575e-01 8.4873020964e+00 6.2133947847e-03 6.4597016293e-03
4.0076239517e+01 2.1820959679e+01 2.5510694774e+01 5.4448620785e-01 1.2142196416e-02 5.4299783940e+01 2.2048453701e+02 -3.0934778742e-01 1.1101024595e+01 4.0334488663e-03 4.0612364609e-03
7.1182924446e+01 6.3473471355e+01 5.8497249846e+01 8.9169519023e-01 2.1397959561e-01 1.0919853215e+03 5.8828122797e+00 8.4240252886e-01 1.5117312215e+01 8.3413164774e-03 1.2787225888e-02
8.5367496645e+01 6.3538035981e+01 6.3975491718e+01 7.4428838232e-01 5.3943336926e-01 3.1997289287e+03 3.2213234637e+00 8.0273844292e-01 8.3095727943e+00 8.5221423957e-03 1.0000000000e+00
5.5270959264e+01 4.8590108129e+01 4.5095827884e+01 8.7912547161e-01 5.2564767700e-02 2.4212779217e+02 5.1831834338e+01 9.0675938706e-01 1.9038747705e+01 4.7446729316e-03 4.8897438450e-03
5.4474543227e+01 3.7593382239e+01 3.9260997296e+01 6.9010917784e-01 2.4241203138e-01 1.2567760478e+03 4.2285632205e+00 -8.4166356668e-01 8.5853694945e+00 1.1938687176e-02 3.5657550273e-02
3.5539234604e+01 1.2716231308e+01 1.8043907457e+01 3.5780824910e-01 1.1114379165e-02 4.9664862719e+01 4.3226508166e+01 1.1601211616e-01 1.4427282319e+01 9.2322517061e-03 9.5746206411e-03
6.2086748075e+01 5.2027806550e+01 4.9439315608e+01 8.3798569201e-01 3.4351237633e-01 1.8752038975e+03 3.1754045632e+00 8.7751057894e-01 8.6308789983e+00 1.0959727795e-02 1.0000000000e+00
1.8438697139e+01 1.2779588364e+01 1.3318841422e+01 6.9308521464e-01 2.2589427583e-02 1.0181239373e+02 1.0392518942e+02 8.3652176149e-01 8.9081895667e+00 7.9761918641e-03 8.0944581854e-03
2.9882418201e+01 2.9534892981e+01 2.5862356002e+01 9.8837024439e-01 8.1244579390e-02 3.8177833502e+02 1.1559393948e+01 6.8449779826e-01 8.6694036523e+00 1.1593113177e-02 1.3594652411e-02
5.3541356468e+01 3.2191036216e+01 3.5910843559e+01 6.0123684455e-01 7.4400476372e-02 3.4798207787e+02 3.5525207159e+01 8.5354155939e-01 1.2375212107e+01 6.2226394263e-03 6.5077241776e-03
8.3666633735e+01 8.0667811147e+01 7.1516428987e+01 9.6415748485e-01 7.0930541373e-01 4.4589705804e+03 5.3006864801e+00 9.3120504272e-01 8.3688709586e+00 6.1770379319e-03 1.0461406495e-02
4.0023828554e+01 3.1095637050e+01 3.0662895005e+01 7.7692809942e-01 1.3126540174e-01 6.3746423113e+02 6.4920692001e+00 -8.8005360330e-01 9.9209545160e+00 1.2579576695e-02 1.8013564888e-02
4.8723979176e+01 3.1393613377e+01 3.3884794372e+01 6.4431546659e-01 6.1408890083e-02 2.8463765301e+02 7.2588290861e+01 -7.4518189453e-01 9.0878684666e+00 4.9735449157e-03 5.0803924925e-03
4.1414154545e+01 3.6649996270e+01 3.3903404623e+01 8.8496304398e-01 5.6796307397e-02 2.6240466218e+02 1.4286840546e+01 -3.4468879488e-01 1.0858560506e+01 9.1711341042e-03 1.0373334084e-02
7.2139774070e+01 6.9001327799e+01 6.1417005074e+01 9.5649492515e-01 1.3983009548e-01 6.8273616293e+02 1.3338256609e+00 2.5666105859e-01 8.3613517751e+00 1.4682605187e-02 1.0000000000e+00
8.1151936851e+01 4.5525364801e+01 5.2479735038e+01 5.6098925753e-01 2.5146328701e-01 1.3101094650e+03 1.3507526194e+00 -9.5531937894e-01 9.0215740667e+00 1.5208056559e-02 1.0000000000e+00
6.0681466917e+01 2.8876936662e+01 3.5953654939e+01 4.7587736633e-01 1.0437880732e-01 4.9815457631e+02 1.0513033225e+00 -9.7428545846e-01 8.5224344101e+00 2.2881502320e-02 1.0000000000e+00
8.0824161891e+01 5.3815869192e+01 5.7178940091e+01 6.6583887705e-01 2.2084307595e-01 1.1313791606e+03 5.7947361382e+00 -9.9327906909e-01 1.6799796922e+01 8.4790686755e-03 1.3159383675e-02
4.0197458561e+01 3.9409988760e+01 3.4649119647e+01 9.8040996048e-01 1.8096491476e-01 9.0601441045e+02 5.9720964512e+00 -9.4986984009e-01 9.6726617562e+00 1.1706240386e-02 1.7736459687e-02
3.8819934728e+01 3.5545601868e+01 3.2331813175e+01 9.1565331361e-01 1.0396121051e-01 4.9602493910e+02 3.4658717346e+00 6.0175761313e-01 9.2905574236e+00 1.5636017182e-02 1.0000000000e+00
3.5695328981e+01 2.7033683972e+01 2.6990832625e+01 7.5734514133e-01 6.7975009154e-02 3.1651976993e+02 5.2000175478e+01 8.0081947252e-01 8.1443674422e+00 6.4722916937e-03 6.6695084314e-03
7.8138714914e+01 5.1429674240e+01 5.4947534561e+01 6.5818428543e-01 2.6845557390e-01 1.4113482562e+03 5.7723558831e+00 8.7769938702e-01 1.1944429021e+01 8.4996033872e-03 1.3234254248e-02
3.4981341514e+01 3.3888495417e+01 2.9972808419e+01 9.6875917131e-01 2.7967313078e-02 1.2655322637e+02 2.6371062902e+02 -8.9463434709e-01 8.3212490818e+00 3.3771952173e-03 3.3966076391e-03
9.6761023058e+00 9.6148711863e+00 8.3968331618e+00 9.9367192310e-01 5.5770602972e-03 2.4816806489e+01 6.7613427147e+02 -6.1042347579e-01 8.5901871253e+00 5.3281517552e-03 5.3400205323e-03
2.7147009436e+01 1.4514012120e+01 1.7114322133e+01 5.3464497276e-01 2.2013742724e-02 9.9175321893e+01 1.2202691075e+02 8.7387486500e-01 1.2054813602e+01 6.4230250097e-03 6.5038060148e-03
8.2109262157e+01 8.2014476203e+01 7.1438992143e+01 9.9884561192e-01 3.5111878247e-01 1.9236669601e+03 2.2712705966e+00 -4.7878846755e-01 8.0271225543e+00 9.8384545139e-03 1.0000000000e+00
2.8899713880e+01 2.4551626331e+01 2.3173549794e+01 8.4954565406e-01 4.9629499768e-02 2.2812990569e+02 3.9370693220e+00 -6.1536257656e-01 1.1331489267e+01 1.8943620025e-02 1.0000000000e+00
2.0819580163e+01 1.6362375814e+01 1.6044439578e+01 7.8591286116e-01 2.0335220366e-02 9.1498988984e+01 1.1501343249e+02 9.3448432643e-01 1.3215738958e+01 6.8445970751e-03 6.9360589410e-03
3.1476107857e+01 2.6051878402e+01 2.4906700929e+01 8.2767153170e-01 2.9627376739e-02 1.3422889885e+02 2.4642271747e+00 1.0090383966e-01 8.8986239648e+00 2.1848306762e-02 1.0000000000e+00
2.4455435296e+01 2.3196567437e+01 2.0733052206e+01 9.4852400523e-01 4.0190634884e-02 1.8349414394e+02 2.6153192214e+00 -5.9472841596e-01 8.4726879095e+00 2.3808874482e-02 1.0000000000e+00
3.4302681723e+01 1.4276704804e+01 1.8909638521e+01 4.1619792059e-01 3.7157726130e-02 1.6927448734e+02 2.7195749165e+00 -7.9669727808e-01 9.9042716455e+00 2.4897333504e-02 1.0000000000e+00
3.5435808898e+01 2.0752122718e+01 2.3440901918e+01 5.8562576568e-01 9.1346936511e-02 4.3219461950e+02 8.3268382606e+00 9.4918234458e-01 9.6768242292e+00 1.3860534398e-02 1.7717238252e-02
3.0781498211e+01 2.2105977125e+01 2.2646918392e+01 7.1815793284e-01 4.6181315003e-02 2.1175685418e+02 8.7074233859e+01 -9.9470877096e-01 9.9935714872e+00 6.0301355318e-03 6.1374196192e-03
6.3106581580e+01 3.7314837877e+01 4.1957389317e+01 5.9129867191e-01 1.6561980781e-01 8.2160596377e+02 2.0571485901e+00 -9.4368310222e-01 1.0735140569e+01 1.5616825561e-02 1.0000000000e+00
6.9567667007e+01 5.6058380677e+01 5.4301628382e+01 8.0581084703e-01 1.7541649228e-01 8.7534328717e+02 1.5316152402e+01 -8.0087516080e-01 1.1087968491e+01 6.2281880589e-03 6.9767924224e-03
1.5890748144e+01 1.1178442823e+01 1.1566989394e+01 7.0345604384e-01 1.0069512464e-02 4.4960335413e+01 4.5414811238e+02 9.8008531287e-01 1.1465537123e+01 5.0493959271e-03 5.0661752095e-03
3.6144174686e+01 3.5236416468e+01 3.1067191903e+01 9.7488507552e-01 6.5180074245e-02 3.0291548276e+02 5.5645245005e+01 -8.2760983482e-01 9.8555304325e+00 5.7883805396e-03 5.9525934014e-03
5.2534826960e+01 4.3005381622e+01 4.1337559228e+01 8.1860708620e-01 1.1495423414e-01 5.5243637769e+02 6.8592435727e+00 9.6686624379e-01 1.8304066542e+01 1.0317298342e-02 1.4324365399e-02
3.6022718619e+01 3.1848158401e+01 2.9475405872e+01 8.8411312699e-01 9.5592770271e-02 4.5357096037e+02 1.7170114900e+01 9.7213100352e-01 1.0954681868e+01 9.1345613646e-03 1.0089776860e-02
2.2931207136e+01 2.1424258264e+01 1.9293463567e+01 9.3428392745e-01 4.6348841493e-02 2.1255054839e+02 3.6841181056e+01 -9.1848401524e-01 9.9887429801e+00 9.2016662730e-03 9.6069276416e-03
2.8520646180e+01 1.7731668563e+01 1.9467881097e+01 6.2171342303e-01 5.8533501261e-02 2.7076215641e+02 3.9870990531e+01 9.9189654853e-01 8.5001094410e+00 8.8188062405e-03 9.1754510296e-03
4.2957986493e+01 1.8364027596e+01 2.4026130419e+01 4.2748809001e-01 4.8890262071e-02 2.2461331956e+02 1.1142367358e+01 -7.1185740800e-01 1.3294430725e+01 1.2543551390e-02 1.4819933225e-02
2.2522206457e+01 2.0026411126e+01 1.8482101326e+01 8.8918513220e-01 6.9633813508e-02 3.2461726206e+02 1.0309352294e+01 -9.7214140012e-01 8.7506106428e+00 1.5030292462e-02 1.8069032847e-02
8.5188901913e+01 7.7356491441e+01 7.0653379067e+01 9.0805832338e-01 2.9636497199e-01 1.5807142941e+03 1.1759000455e+01 7.2714516371e-01 9.2654852988e+00 5.4874326082e-03 6.4132908462e-03
6.7646276524e+01 4.7035699716e+01 4.8944497012e+01 6.9531838458e-01 1.3836779739e-01 6.7497643111e+02 1.7861512671e+01 8.6815952292e-01 1.2551110298e+01 6.4004404289e-03 7.0388257388e-03
4.4031613319e+01 4.1312231689e+01 3.7125431637e+01 9.3824024547e-01 1.8636759056e-01 9.3604289593e+02 4.9869055879e+00 -7.2806056276e-01 8.5352447249e+00 1.1961959347e-02 2.1960167530e-02
2.7457345034e+01 2.1138682723e+01 2.0937350464e+01 7.6987351461e-01 1.6206194485e-02 7.2695686991e+01 1.1637261042e+02 7.5895270682e-01 1.8064910250e+01 5.7847817252e-03 5.8611568214e-03
8.5278935710e+01 7.3225323236e+01 6.8753316802e+01 8.5865662636e-01 3.5396783574e-01 1.9418857406e+03 4.0674171555e+00 7.2244814560e-01 1.2429930129e+01 8.0883972589e-03 3.7632934339e-02
3.6338340390e+01 2.7880860333e+01 2.7661121008e+01 7.6725739354e-01 5.9542080899e-02 2.7562317503e+02 4.0080680936e+01 9.7844601034e-01 1.2575221186e+01 7.0624045662e-03 7.3464111341e-03
5.6112146782e+01 3.9835284213e+01 4.1038191395e+01 7.0992265486e-01 1.6710168150e-01 8.2969998612e+02 6.0699440538e+00 -7.1236253261e-01 1.0087904692e+01 1.0544862419e-02 1.5785222144e-02
4.7301272839e+01 4.0324925989e+01 3.7996277367e+01 8.5251249213e-01 1.4327909168e-01 7.0108739398e+02 2.7839253319e+01 -9.7887185938e-01 8.7255447573e+00 6.3312699386e-03 6.7104660077e-03
7.5546360270e+01 6.8001664301e+01 6.2379287274e+01 9.0013157562e-01 2.7926954880e-01 1.4765223788e+03 1.6416109221e+01 -8.4994472661e-01 8.4328983256e+00 5.2776776583e-03 5.8603644782e-03
4.6916949443e+01 3.1331351819e+01 3.3242245783e+01 6.6780453952e-01 9.4480974515e-02 4.4796278546e+02 4.8159585247e+01 -9.7723922225e-01 9.1068692864e+00 5.7590799577e-03 5.9494218666e-03
4.8686312745e+01 4.5722196125e+01 4.1069380547e+01 9.3911807133e-01 4.5665751232e-02 2.0931539373e+02 1.6708635289e+02 -9.6047643536e-01 8.4449098154e+00 3.2564804712e-03 3.2862056473e-03
8.3771406874e+01 4.5420413784e+01 5.3206064129e+01 5.4219471152e-01 2.0503557306e-01 1.0410243236e+03 1.1583767388e+01 9.7617394224e-01 1.2560234503e+01 6.8964633375e-03 8.0837568297e-03
3.2220117152e+01 3.0219552535e+01 2.7161701202e+01 9.3790945554e-01 1.8757629479e-02 8.4301329848e+01 6.5979996094e+01 3.0053994725e-01 1.4534284598e+01 6.0725868525e-03 6.2166871564e-03
4.5296059009e+01 4.2014270392e+01 3.7971803169e+01 9.2754803202e-01 1.0574245511e-01 5.0511616771e+02 4.9654212286e+00 -5.6402289439e-01 1.2127941673e+01 1.2344974671e-02 2.2814183104e-02
2.4649094954e+01 1.8478469466e+01 1.8540831122e+01 7.4966117420e-01 3.4741824290e-02 1.5799060382e+02 2.8726370709e+01 9.6408971813e-01 1.4006819585e+01 1.0428328579e-02 1.1031507151e-02
3.7653171044e+01 1.5027350225e+01 2.0289921484e+01 3.9909919427e-01 3.0079045752e-02 1.3632043228e+02 8.5911574265e+01 7.0172580296e-01 9.9468057504e+00 6.5547636947e-03 6.6730125444e-03
3.9766441419e+01 3.9193078177e+01 3.4368039767e+01 9.8558173121e-01 1.0242114714e-01 4.8818012565e+02 3.7369345575e+01 -9.3640343029e-01 9.2611166947e+00 6.1753773037e-03 6.4431971976e-03
3.4806080812e+01 2.4682402142e+01 2.5441279550e+01 7.0914051699e-01 2.6753155138e-02 1.2095080645e+02 1.3631258060e+01 3.1596989944e-01 1.5189214090e+01 1.1372125479e-02 1.2954226555e-02
5.3416216713e+01 4.1008651933e+01 4.0673532549e+01 7.6771913955e-01 8.5080687804e-02 4.0084840135e+02 2.7045801614e+01 7.9541619836e-01 1.2921827386e+01 6.3372317850e-03 6.7292258788e-03
3.3984500696e+01 1.9861100217e+01 2.2456417413e+01 5.8441641955e-01 7.3302902058e-02 3.4258945492e+02 9.4860991734e+00 7.4899692933e-01 8.8151433120e+00 1.3700096786e-02 1.6823162416e-02
3.7522829388e+01 3.4314208162e+01 3.1231443190e+01 9.1448882511e-01 1.3639124284e-01 6.6450750601e+02 1.7668568088e+01 9.5501638010e-01 8.2132133261e+00 8.5191306339e-03 9.3799312033e-03
2.4210753226e+01 2.1798372112e+01 1.9993582654e+01 9.0035910524e-01 6.4229530025e-02 2.9829997869e+02 7.8378852093e+00 8.4811134011e-01 9.6743142858e+00 1.5908984220e-02 2.0793736930e-02
3.0262946553e+01 2.9158823067e+01 2.5859469110e+01 9.6351566480e-01 6.7964350827e-02 3.1646779711e+02 6.7447084980e+01 -9.5609644202e-01 8.3241865268e+00 6.0300973497e-03 6.1699428311e-03
4.4994629711e+01 3.0773150930e+01 3.2277707085e+01 6.8392941841e-01 1.6589340380e-01 8.2309942286e+02 3.1081962524e+00 -9.5549795166e-01 8.6140899231e+00 1.5758110080e-02 1.0000000000e+00
2.8818983949e+01 2.4710147659e+01 2.3217441708e+01 8.5742605301e-01 3.6738393752e-02 1.6731318755e+02 1.8063254190e+01 -6.4320971484e-01 1.3907759801e+01 1.0769487319e-02 1.1829362533e-02
3.0569530620e+01 3.0064427464e+01 2.6391364264e+01 9.8347690834e-01 4.8772514554e-02 2.2405351446e+02 2.6158801528e+01 -8.7889855868e-01 1.4790304954e+01 8.5896326436e-03 9.1411625405e-03
3.9144754165e+01 2.1136502786e+01 2.4807760520e+01 5.3995747927e-01 3.6799587369e-02 1.6759933053e+02 2.3130795800e+01 9.3062136355e-01 1.9655082605e+01 9.4172216458e-03 1.0112170164e-02
1.9548391168e+01 1.2877710445e+01 1.3752791473e+01 6.5876062813e-01 1.8436846091e-02 8.2839804174e+01 1.0075998686e+02 7.3437296709e-01 1.0190532970e+01 7.9292955161e-03 8.0506642863e-03
4.0465970015e+01 3.7787305767e+01 3.4037764142e+01 9.3380452150e-01 1.1409419266e-01 5.4799689386e+02 1.7729977689e+01 -6.8270102660e-01 8.0074766946e+00 8.1630665607e-03 8.9844753564e-03
8.3495196585e+01 8.2549077043e+01 7.2273560023e+01 9.8866857518e-01 3.1569280693e-01 1.7001908212e+03 1.9334994404e+01 9.7021186218e-01 8.7025830130e+00 4.4484427585e-03 4.8523896461e-03
5.6469346201e+01 5.6448756096e+01 4.9150457800e+01 9.9963537554e-01 2.1517709057e-01 1.0988406081e+03 1.0274180746e+01 -8.8262656472e-01 1.0355480433e+01 7.5406898666e-03 9.0726131972e-03
7.4213395281e+01 4.7961897182e+01 5.1692854584e+01 6.4627008373e-01 1.8387785357e-01 9.2218483135e+02 6.9285059838e+00 7.1724487659e-01 1.2106291683e+01 8.6093430255e-03 1.1890977769e-02
7.9400570896e+01 6.5552776476e+01 6.2748475625e+01 8.2559578270e-01 1.6322875456e-01 8.0857199300e+02 5.6833079814e+00 -5.0256635380e-01 1.4343696585e+01 8.3062041904e-03 1.3108913760e-02
3.6889935149e+01 2.7178719892e+01 2.7501286616e+01 7.3675163111e-01 7.9380237766e-02 3.7254328064e+02 1.9459702335e+01 7.3344687168e-01 8.9549987792e+00 9.1868155969e-03 1.0014762362e-02
3.8627678897e+01 3.7037309439e+01 3.2926368295e+01 9.5882824172e-01 1.5937370597e-01 7.8762541341e+02 9.5453506966e+00 9.5464282777e-01 9.0005841367e+00 1.0254021784e-02 1.2570218095e-02
3.4983486301e+01 2.3217100773e+01 2.4706838197e+01 6.6365886386e-01 1.7730087857e-02 7.9622154353e+01 2.9219709514e+01 8.1507845825e-01 3.3435244403e+01 8.7500627395e-03 9.2467070198e-03
2.1201887883e+01 1.8319108980e+01 1.7147537047e+01 8.6403197113e-01 3.4402010973e-02 1.5640651043e+02 9.9268248966e+01 8.7828803953e-01 8.3755375922e+00 6.8795481762e-03 6.9864769917e-03
5.6751667820e+01 3.6145145248e+01 3.9229881744e+01 6.3690014119e-01 1.0419728948e-01 4.9722875213e+02 3.9000973303e+01 7.1577722779e-01 8.0308022240e+00 5.5892386513e-03 5.8207091666e-03
7.7431853187e+01 7.0189794476e+01 6.4163222091e+01 9.0647184056e-01 8.3827109973e-02 3.9460658996e+02 4.8057503872e+00 6.3700047267e-01 3.4817394452e+01 9.1170939508e-03 1.7811138786e-02
4.5495274215e+01 2.9310287722e+01 3.1637710175e+01 6.4424906163e-01 9.3263134722e-02 4.4182836984e+02 2.5983929471e+01 -8.6676137298e-01 9.7332391724e+00 7.4916130988e-03 7.9762756701e-03
2.7021092443e+01 1.6762860318e+01 1.8423308494e+01 6.2036205064e-01 1.5517404228e-02 6.9570058695e+01 1.0853250490e+01 9.7910338920e-02 1.3974038865e+01 1.5259891160e-02 1.8131141357e-02
7.5587116913e+01 6.6535741464e+01 6.1711894946e+01 8.8025240519e-01 1.7543954052e-01 8.7547034303e+02 3.8315673045e+00 7.0478647172e-01 1.8666211392e+01 9.6671583998e-03 1.0000000000e+00
3.7985840181e+01 3.4124903334e+01 3.1334004770e+01 8.9835852441e-01 7.7975415568e-02 3.6559874886e+02 3.8091769482e+00 4.9475840508e-01 1.0545208812e+01 1.5621350853e-02 1.0000000000e+00
2.6024462552e+01 2.2193054860e+01 2.0908281781e+01 8.5277668334e-01 6.8667987260e-02 3.1990045101e+02 8.2862838179e+00 -8.8351948314e-01 1.0017178650e+01 1.5111587879e-02 1.9349274285e-02
1.7932997595e+01 1.5893393112e+01 1.4691650125e+01 8.8626527873e-01 2.3609262930e-02 1.0648940894e+02 1.3326832882e+02 -8.5365673093e-01 9.0265364897e+00 6.8295980711e-03 6.9080934243e-03
5.9861046698e+01 5.4433934092e+01 4.9682447916e+01 9.0933816053e-01 2.0115304034e-01 1.0190354827e+03 4.1247737992e+00 6.0092200318e-01 1.0829201644e+01 1.0623554736e-02 3.9445606378e-02
5.0429569867e+01 4.3759025712e+01 4.0874464921e+01 8.6772553935e-01 1.1163078863e-01 5.3530541326e+02 2.1095464504e+00 6.6242425035e-01 1.0798908187e+01 1.6198206407e-02 1.0000000000e+00
3.5886572986e+01 3.2299171811e+01 2.9630249366e+01 9.0003500261e-01 1.2525002916e-01 6.0592408257e+02 1.5721385740e+01 9.2689890516e-01 8.3494178611e+00 9.2548944913e-03 1.0332095733e-02
3.7369657398e+01 3.3469712781e+01 3.0778519297e+01 8.9563873774e-01 1.2192009845e-01 5.8855601737e+02 1.9372526246e+01 -9.5345337109e-01 8.7156877091e+00 8.3723015926e-03 9.1308297449e-03
4.6476638616e+01 3.5805279756e+01 3.5452607895e+01 7.7039305815e-01 1.3373228140e-01 6.5046003335e+02 6.3457109293e+00 -6.2770440967e-01 9.0292057711e+00 1.1571547668e-02 1.6806164927e-02
8.8262665031e+00 7.8086849203e+00 7.2245142858e+00 8.8470985071e-01 5.2681889604e-03 2.3436877022e+01 5.5507745326e+02 -7.2898335852e-01 9.8137387639e+00 6.3038595224e-03 6.3209794840e-03
1.6884320931e+01 6.7092648567e+00 9.0768745021e+00 3.9736657958e-01 1.3861727949e-02 6.2069830879e+01 4.3627141911e+01 7.9387183293e-01 1.0105295541e+01 1.4111235651e-02 1.4629401160e-02
2.9023512771e+01 1.9657482794e+01 2.0715472191e+01 6.7729509342e-01 5.6833910904e-02 2.6258536560e+02 1.5051175141e+01 9.8749869480e-01 1.1861024214e+01 1.2236109469e-02 1.3738967116e-02
3.8981113756e+01 2.9116153676e+01 2.9266245464e+01 7.4692975316e-01 8.2210243147e-02 3.8657025583e+02 1.5167440425e+01 8.1943706648e-01 1.1025345028e+01 9.6862232476e-03 1.0864605700e-02
5.1352074714e+01 4.4441410565e+01 4.1566198071e+01 8.6542580437e-01 6.8154354480e-02 3.1739441259e+02 7.4286605810e+01 8.7716519584e-01 1.0736957124e+01 4.3223541810e-03 4.4130066300e-03
4.5517370404e+01 2.6083564750e+01 2.9767524963e+01 5.7304638907e-01 9.3871689226e-02 4.4489260303e+02 9.1778106749e+00 -9.1516953526e-01 1.2473509681e+01 1.1493449434e-02 1.4245337320e-02
1.7402703706e+01 8.4584699737e+00 1.0428347069e+01 4.8604343995e-01 1.5333511065e-02 6.8736115322e+01 1.0832786016e+01 -5.9114215000e-01 9.9028673372e+00 2.1796063187e-02 2.5907853787e-02
3.5925499360e+01 2.1171657345e+01 2.3843593306e+01 5.8932117081e-01 7.8145481953e-02 3.6643879312e+02 3.3007853965e+00 -9.6308048006e-01 1.0370376450e+01 1.9550532418e-02 1.0000000000e+00
8.0593717653e+01 5.7707867608e+01 5.9204715449e+01 7.1603431743e-01 4.6122505769e-02 2.1147827530e+02 1.6280958178e+01 3.7306870803e-01 2.5734961820e+01 6.2026743486e-03 6.8944062610e-03
5.1231605185e+01 4.3592035350e+01 4.1113432913e+01 8.5088170071e-01 4.3360594832e-02 1.9842032685e+02 8.8286122454e+01 5.3873376923e-01 1.0065146414e+01 4.1395174680e-03 4.2121211855e-03
7.3826056505e+01 6.6027817055e+01 6.0761301260e+01 8.9437009345e-01 1.9360774791e-01 9.7653461521e+02 2.4431758543e+01 7.2383929483e-01 8.2289923444e+00 4.8264997225e-03 5.1611995778e-03
9.5763595909e+00 4.6000000000e+00 5.7024570391e+00 4.8034954790e-01 2.2093076682e-03 9.8057394175e+00 6.0795353735e+02 4.1740207083e-01 1.1903294623e+01 7.0767126785e-03 7.0942524011e-03
6.9297384748e+01 6.5185732742e+01 5.8504339999e+01 9.4066656309e-01 2.4837440982e-01 1.2918618916e+03 5.2606185250e+00 5.2262989408e-01 9.5039582308e+00 8.5471996897e-03 1.4604738070e-02
3.5531501367e+01 2.5175894318e+01 2.5960362885e+01 7.0855137974e-01 8.0868369977e-02 3.7991303471e+02 9.4060150775e+00 -9.2538777442e-01 1.1957666502e+01 1.2498024946e-02 1.5382947006e-02
3.4820352730e+01 2.1282601562e+01 2.3556869836e+01 6.1121154423e-01 8.4282307608e-02 3.9687198488e+02 1.4407352644e+01 -8.5041656511e-01 8.4662488980e+00 1.1295727376e-02 1.2760881347e-02
6.8471537019e+01 4.7377617326e+01 4.9416433935e+01 6.9193155855e-01 5.3431458514e-02 2.4627150007e+02 3.7898171042e+00 -4.5479825262e-01 2.9609188500e+01 1.1943740123e-02 1.0000000000e+00
3.5371919674e+01 3.4916337759e+01 3.0593969847e+01 9.8712023775e-01 1.0566292403e-01 5.0470984343e+02 3.5748645503e+01 9.5837043962e-01 8.2298048783e+00 6.7400292788e-03 7.0467226608e-03
3.6073515889e+01 3.1304063741e+01 2.9239533131e+01 8.6778521498e-01 3.9119243711e-02 1.7846412674e+02 2.8152019046e+01 -5.8875332459e-01 1.4614143613e+01 7.8832858431e-03 8.3496027507e-03
3.0881963658e+01 3.0681277580e+01 2.6796786313e+01 9.9350151175e-01 6.6403029909e-02 3.0886212413e+02 5.8752180466e+01 8.1465579230e-01 8.0248046792e+00 6.2163319119e-03 6.3828943883e-03
3.3506147940e+01 2.2929640284e+01 2.4043745756e+01 6.8434128342e-01 8.7489290984e-03 3.9024900836e+01 5.1298566166e+02 -6.3435895483e-01 9.7980922855e+00 3.0559097532e-03 3.0648936112e-03
1.0205973690e+01 9.6716331384e+00 8.6484790199e+00 9.4764433380e-01 1.3416715471e-02 6.0057051232e+01 3.0820525096e+01 -7.2105890968e-01 9.4043930353e+00 1.6572989518e-02 1.7459855282e-02
5.5330185376e+01 5.3209160424e+01 4.7233668693e+01 9.6166604291e-01 2.6043775218e-01 1.3633989216e+03 2.6447551651e+00 7.8292200052e-01 8.3960645215e+00 1.2568776809e-02 1.0000000000e+00
9.6833172325e+00 7.6538662703e+00 7.4842331574e+00 7.9041779656e-01 1.2369973615e-02 5.5327900955e+01 1.2558342699e+01 -9.3409151581e-01 9.9293156392e+00 2.5418037521e-02 2.9349148991e-02
4.1703159809e+01 3.4942387140e+01 3.3205921319e+01 8.3788344338e-01 6.6539061932e-02 3.0952416600e+02 1.5966879690e+01 -5.7734715149e-01 1.1807590709e+01 8.8607000520e-03 9.8726265265e-03
8.1911990414e+01 6.6631046352e+01 6.4245691486e+01 8.1344679838e-01 2.8887483134e-01 1.5348904470e+03 5.2239460168e+00 -7.3431704411e-01 1.2197246432e+01 7.9229518855e-03 1.3652924071e-02
4.0322444413e+01 2.7724753418e+01 2.9005922171e+01 6.8757620779e-01 9.5224599716e-02 4.5171298014e+02 8.5004208846e+00 -5.5566776997e-01 8.0028991223e+00 1.2012597203e-02 1.5247798767e-02
4.4637501475e+01 3.8554244344e+01 3.6095012467e+01 8.6371869101e-01 9.6019406232e-02 4.5572502252e+02 3.0739150875e+00 -7.6208177224e-01 1.3655200614e+01 1.5337175708e-02 1.0000000000e+00
2.9719795036e+01 2.8396539145e+01 2.5288734182e+01 9.5547560509e-01 6.3743205596e-02 2.9594077219e+02 6.3535465046e+01 -8.9511312795e-01 8.3186803071e+00 6.2688406643e-03 6.4235839603e-03
7.9009419815e+01 7.2418878728e+01 6.5838055072e+01 9.1658537548e-01 5.4721295058e-01 3.2553383887e+03 1.6517565392e+00 -9.8117527547e-01 8.0931946771e+00 1.0719488235e-02 1.0000000000e+00
4.3370360575e+01 2.6960231881e+01 2.9602005736e+01 6.2162803177e-01 1.3109051403e-02 5.8666271020e+01 2.8000119146e+02 5.1558207206e-01 1.0853921143e+01 3.3583422605e-03 3.3765120229e-03
3.4984654589e+01 3.0137171971e+01 2.8251579749e+01 8.6143974624e-01 5.6320045416e-02 2.6011676969e+02 3.6964844106e+01 5.3770100744e-01 8.4718217182e+00 7.1982346817e-03 7.5141125608e-03
3.5000598736e+01 3.3290746424e+01 2.9714352454e+01 9.5114791250e-01 1.1188836877e-01 5.3663076847e+02 9.7217371438e+00 -9.0799066955e-01 1.0324943084e+01 1.1146143476e-02 1.3597392017e-02
3.6592979295e+01 3.3517038017e+01 3.0481899459e+01 9.1594176430e-01 1.0648828185e-01 5.0892845250e+02 1.7299016654e+01 8.6173894823e-01 9.1758152218e+00 8.8648151371e-03 9.7835257193e-03
3.4840131537e+01 3.2264057456e+01 2.9182959649e+01 9.2606015054e-01 1.5746776229e-02 7.0610562607e+01 1.9481385336e+02 5.5127357959e-01 1.3402635863e+01 3.8758464411e-03 3.9061173611e-03
3.1493765392e+01 2.8560472809e+01 2.6102689419e+01 9.0686116613e-01 6.4196876737e-02 2.9814152755e+02 7.1656811279e+01 -9.9019254574e-01 8.9786770875e+00 5.8732997514e-03 6.0011833895e-03
3.4436795060e+01 3.1342432649e+01 2.8594038813e+01 9.1014371674e-01 7.9747590031e-02 3.7436125843e+02 5.0306593835e+01 8.6592936900e-01 8.0573479140e+00 6.2778771017e-03 6.4759887867e-03
5.7740814903e+01 3.5089195140e+01 3.8945394716e+01 6.0770176518e-01 1.9967447108e-01 1.0106828471e+03 1.0357097651e+01 9.5691265951e-01 8.9345853753e+00 8.7650977136e-03 1.0525650797e-02
3.0076314330e+01 2.7576332530e+01 2.5066449499e+01 9.1687871817e-01 3.6021783135e-02 1.6396411809e+02 1.6343133236e+02 -8.8835960698e-01 9.1215096653e+00 4.4965707250e-03 4.5385491799e-03
4.0266132362e+01 2.9583718262e+01 2.9975228919e+01 7.3470473886e-01 4.6472302848e-02 2.1313559023e+02 6.8215200340e+01 9.6405830258e-01 1.4059193318e+01 5.5450938915e-03 5.6721818791e-03
5.6747375302e+01 5.4127393511e+01 4.8244875569e+01 9.5383078466e-01 2.6210555752e-01 1.3733466341e+03 8.3371049367e+00 8.7004775903e-01 8.9904508831e+00 8.0574612201e-03 1.0295062219e-02
3.3074736978e+01 3.1491561052e+01 2.8093973980e+01 9.5213337819e-01 1.3830277879e-01 6.7463169577e+02 6.6277216625e+00 8.5986995872e-01 8.1302552525e+00 1.3133025499e-02 1.8579504394e-02
8.5438683773e+01 4.6205985488e+01 5.4191480549e+01 5.4080872326e-01 2.8867424634e-01 1.5336669957e+03 1.3031183131e+01 -9.5268270252e-01 8.7640626130e+00 6.2554051935e-03 7.1774495091e-03
5.1437165519e+01 5.0947794482e+01 4.4565031419e+01 9.9048604191e-01 2.1278913620e-01 1.0851778325e+03 9.0878854301e+00 -9.3582238995e-01 1.0199623230e+01 8.4044631986e-03 1.0446770400e-02
5.7070864024e+01 5.5127897281e+01 4.8828559550e+01 9.6595518964e-01 1.6763271549e-01 8.3260350062e+02 1.4734570528e+01 7.2115894687e-01 9.5265800130e+00 6.7812004564e-03 7.6364038097e-03
3.7771592919e+01 3.5472334582e+01 3.1862417116e+01 9.3912731344e-01 5.2873554586e-02 2.4360357091e+02 3.0037807166e+01 -3.0374456790e-01 8.2495757338e+00 7.2320400662e-03 7.6301795111e-03
3.8651796143e+01 3.8597955713e+01 3.3624897696e+01 9.9860703936e-01 9.2059495275e-02 4.3577440409e+02 1.0682728161e+01 -4.5261489034e-01 8.3682779884e+00 1.0071586387e-02 1.2008700827e-02
6.7486941519e+01 5.7626018382e+01 5.4255348350e+01 8.5388398237e-01 7.6998269397e-02 3.6077562146e+02 3.1471340720e+00 -4.3256746863e-02 1.4850530909e+01 1.1913559829e-02 1.0000000000e+00
6.8637754840e+01 6.3621132085e+01 5.7519314881e+01 9.2691161349e-01 2.2018521266e-01 1.1275925256e+03 8.2614920045e+00 -6.9188432090e-01 1.0724812285e+01 7.3981672758e-03 9.4827750864e-03
3.3471011799e+01 2.8927508150e+01 2.7074039711e+01 8.6425556312e-01 7.5698114811e-02 3.5436738332e+02 3.6627123815e+01 9.7900852819e-01 9.9995000293e+00 7.3340272388e-03 7.6590786310e-03
2.5447047530e+01 1.4598571812e+01 1.6651664802e+01 5.7368430638e-01 2.0972286930e-02 9.4410260061e+01 4.6780482846e+01 -7.7266094122e-01 1.4541774493e+01 9.3670259169e-03 9.6863209192e-03
2.6488072840e+01 1.9809077433e+01 1.9899305296e+01 7.4784894894e-01 6.8333389607e-02 3.1826774464e+02 7.6658936193e+00 -8.3241190188e-01 8.9230354242e+00 1.6050710043e-02 2.1165954007e-02
7.9122670717e+01 7.4141469868e+01 6.6669802261e+01 9.3704458149e-01 3.2401761539e-01 1.7521899551e+03 3.3372393895e+00 -5.6329243892e-01 9.9203037280e+00 9.0055688578e-03 1.0000000000e+00
3.7181110329e+01 3.2919882499e+01 3.0445530440e+01 8.8539266868e-01 1.1057952457e-01 5.2990035216e+02 4.2121608606e+00 -7.0218004494e-01 9.7052019176e+00 1.5033518378e-02 4.6105263968e-02
6.7935282096e+01 5.5545623888e+01 5.3422865360e+01 8.1762557208e-01 1.8722357945e-01 9.4081523943e+02 1.7758554269e+01 7.3855042199e-01 8.9844078171e+00 5.9153518688e-03 6.5094401066e-03
3.3103982497e+01 2.3873473782e+01 2.4408264735e+01 7.2116621570e-01 4.2604430069e-02 1.9485389758e+02 6.6237938212e+01 9.9614078806e-01 1.3007805859e+01 6.3895518173e-03 6.5405572240e-03
4.6740530409e+01 4.3436161310e+01 3.9220053753e+01 9.2930398798e-01 9.3216509783e-02 4.4159369439e+02 1.4879428597e+01 4.1392368340e-01 8.7229038509e+00 8.0735942383e-03 9.0794487532e-03
3.9245008624e+01 2.1075256009e+01 2.4799431488e+01 5.3701748955e-01 9.0652735087e-02 4.2871005512e+02 4.1177571102e+00 8.0654302312e-01 9.1936430839e+00 1.7431824092e-02 6.6102887335e-02
8.1903709250e+01 5.4374833835e+01 5.7854269136e+01 6.6388731760e-01 5.4976071727e-01 3.2735959974e+03 5.7788356424e+00 -9.9751586960e-01 8.0224037869e+00 7.2586453377e-03 1.1291321465e-02
8.1311173670e+01 1.7368027926e+01 3.0980991869e+01 2.1359952319e-01 2.2638183049e-02 1.0203583167e+02 3.0049442062e+02 8.3694645627e-01 8.2800164351e+00 3.1602487043e-03 3.1761698563e-03
3.7749057745e+01 2.3415910267e+01 2.5736515443e+01 6.2030449673e-01 4.3646320488e-02 1.9976890888e+02 1.1491830792e+02 -7.5801003760e-01 8.1470028269e+00 5.0244132457e-03 5.0916096039e-03
3.4758994425e+01 2.9121255144e+01 2.7675345741e+01 8.3780487973e-01 4.2190168290e-02 1.9290161683e+02 1.7869039795e+01 2.7685617600e-01 9.7071991219e+00 9.6573455264e-03 1.0620093206e-02
7.3355969637e+01 6.3416197804e+01 5.9344688049e+01 8.6449948270e-01 1.1853662406e-01 5.7097589615e+02 1.5669644156e+00 -3.0505214110e-02 8.3911114133e+00 1.4289055735e-02 1.0000000000e+00
2.9473735224e+01 2.8874914637e+01 2.5396119958e+01 9.7968290811e-01 2.1913250995e-02 9.8715219386e+01 3.1140629934e+01 8.2000564024e-01 2.7717729446e+01 8.3764421826e-03 8.8196204638e-03
3.5208344987e+01 2.3313693210e+01 2.4836484555e+01 6.6216384831e-01 1.9300844984e-02 8.6777845461e+01 1.7492336071e+02 -9.3576527201e-01 1.7071181561e+01 4.4538183008e-03 4.4926221236e-03
7.6150521813e+01 5.4307896588e+01 5.5824789967e+01 7.1316512737e-01 3.6520140589e-01 2.0140705987e+03 6.5467543481e+00 9.1367556221e-01 9.2812468066e+00 7.6673640741e-03 1.0924729852e-02
4.1370556242e+01 3.6280763602e+01 3.3712495322e+01 8.7697065008e-01 1.5671416343e-01 7.7322365768e+02 3.6316483236e+00 9.9982993045e-01 1.0975461665e+01 1.4537717584e-02 1.0000000000e+00
3.4571377923e+01 3.4447754352e+01 3.0042264411e+01 9.9642410632e-01 6.0173286502e-02 2.7866867088e+02 3.1987639287e+01 -6.0233092849e-01 9.6804717466e+00 7.2964056513e-03 7.6712289010e-03
8.2381928255e+01 6.8060583919e+01 6.5127207769e+01 8.2615915117e-01 2.3809519750e-01 1.2314867220e+03 2.0490385899e+00 -7.5738699670e-01 1.2921815678e+01 1.1442386948e-02 1.0000000000e+00
3.0292281586e+01 1.3778686293e+01 1.7518356535e+01 4.5485798929e-01 6.1801564291e-03 2.7513089217e+01 7.2740970801e+02 -5.2792985883e-01 8.9261943857e+00 3.2726374065e-03 3.2794115747e-03
3.8805432703e+01 3.2601792659e+01 3.0940831112e+01 8.4013475402e-01 4.9553861618e-02 2.2776993008e+02 2.1462262166e+01 -2.5185860123e-01 8.8390818839e+00 8.3720534207e-03 9.0452924440e-03
5.0727964885e+01 4.3036219047e+01 4.0648220119e+01 8.4837267068e-01 1.0750412011e-01 5.1412629054e+02 2.5724985456e+01 9.1279912400e-01 1.1906390360e+01 6.3777980534e-03 6.7950730500e-03
7.1028577692e+01 6.6670626695e+01 5.9901032355e+01 9.3864510400e-01 4.5176103151e-01 2.5882299284e+03 8.6309153938e+00 9.9693648809e-01 8.2375454653e+00 6.3652947597e-03 8.0392359308e-03
8.4634693221e+01 4.2239295622e+01 5.1438054730e+01 4.9907778967e-01 1.6640174610e-01 8.2587539049e+02 4.0102704380e+00 -6.2846089206e-01 1.3898203199e+01 1.0700342634e-02 1.0028637771e-01
3.9074524968e+01 3.7315736661e+01 3.3240215939e+01 9.5498887554e-01 2.1276053452e-02 9.5799364501e+01 5.0858862558e+01 6.2601169617e-01 2.6305763672e+01 5.8922190796e-03 6.0760239043e-03
4.6848023337e+01 3.8232415471e+01 3.6805088030e+01 8.1609452754e-01 1.0560208442e-01 5.0439903965e+02 2.3544234929e+01 9.8093234884e-01 1.1991477805e+01 7.0229945438e-03 7.5309028748e-03
3.3393765599e+01 2.4718501104e+01 2.4955079216e+01 7.4021305056e-01 5.8103501414e-02 2.6869167066e+02 8.1494872048e+00 6.8171642833e-01 1.2183257542e+01 1.3699112965e-02 1.7644867100e-02
3.9184736837e+01 2.5841993549e+01 2.7583373830e+01 6.5949131307e-01 1.1493611245e-01 5.5234278903e+02 5.3254357664e+00 7.1936395190e-01 8.2913018530e+00 1.4608368202e-02 2.4609363492e-02
8.4329968619e+01 7.2945496301e+01 6.8242677459e+01 8.6500087093e-01 4.7096745668e-01 2.7197265110e+03 6.4114553208e+00 -8.6158553801e-01 9.1773029797e+00 6.5054157822e-03 9.3870489833e-03
4.7578407061e+01 3.8489875215e+01 3.7212188595e+01 8.0897780302e-01 1.1902289686e-01 5.7349833130e+02 4.3565463408e+00 5.5117639395e-01 1.0522056655e+01 1.3032860593e-02 3.3317670794e-02
1.4143947176e+01 1.3303315307e+01 1.1940389642e+01 9.4056596376e-01 1.2716447849e-02 5.6892447979e+01 6.2881005744e+01 8.1249238031e-01 1.5168438607e+01 1.0373121424e-02 1.0631965509e-02
4.5565093426e+01 4.0293244503e+01 3.7287409058e+01 8.8430071077e-01 1.1419592324e-01 5.4852179086e+02 4.2575328522e+00 -4.4467079317e-01 9.5500791595e+00 1.3164644397e-02 3.7694774208e-02
3.1740604500e+01 2.0993749248e+01 2.2377130465e+01 6.6141617586e-01 1.4953418528e-02 6.7013137832e+01 1.4285421786e+02 7.0615428352e-02 8.7817614772e+00 5.1425589314e-03 5.1976199885e-03
7.7742146705e+01 5.1200393064e+01 5.4686313802e+01 6.5859247827e-01 2.2049931693e-01 1.1294002140e+03 9.0880408082e+00 -7.0943309863e-01 9.9301232620e+00 7.3660433941e-03 9.1559656352e-03
3.0366819158e+01 1.9513936003e+01 2.1089190204e+01 6.4260717926e-01 2.9059221026e-02 1.3159986080e+02 1.1902703825e+02 -9.0164731867e-01 1.1774560508e+01 5.6655354668e-03 5.7386283065e-03
5.9831424368e+01 5.4119392662e+01 4.9525157460e+01 9.0453124313e-01 3.1870787532e-01 1.7189866906e+03 5.8286347375e+00 -7.9723993592e-01 8.2246331150e+00 8.8201127604e-03 1.3622728160e-02
3.5720789792e+01 3.5598397256e+01 3.1043424374e+01 9.9657363298e-01 1.3313258210e-01 6.4729747836e+02 3.1369046279e+00 -8.6512219238e-01 8.9356445373e+00 1.6380467092e-02 1.0000000000e+00
7.4839700300e+01 6.3416831903e+01 5.9932834404e+01 8.4736886504e-01 4.3632747245e-01 2.4836104909e+03 8.0686477931e+00 -9.3238823797e-01 8.1750494793e+00 6.5697150135e-03 8.4928416962e-03
7.6817589324e+01 7.0941430774e+01 6.4254799083e+01 9.2350503834e-01 5.8014317629e-01 3.4930343929e+03 3.4255235810e+00 -8.9347899539e-01 8.9495751224e+00 8.1709372674e-03 1.0000000000e+00
1.4157202366e+01 8.0659746325e+00 9.2303750145e+00 5.6974354284e-01 1.0464166316e-02 4.6736407140e+01 2.7539712889e+02 -9.9065076399e-01 1.0916821245e+01 7.0121032226e-03 7.0506817199e-03
4.0372724408e+01 3.7826353486e+01 3.4016466122e+01 9.3692843475e-01 1.3039331398e-01 6.3287848905e+02 5.5879470111e+00 -5.6440603186e-01 8.3124767366e+00 1.2477480635e-02 2.0000138673e-02
6.7184771620e+01 4.7019906284e+01 4.8774719894e+01 6.9985958352e-01 1.5820192371e-01 7.8127512660e+02 1.6115642419e+01 7.0623069066e-01 9.5536119369e+00 6.5950177439e-03 7.3397101409e-03
3.4483152742e+01 2.2124312072e+01 2.3928270186e+01 6.4159771692e-01 3.3258611992e-02 1.5108193092e+02 2.4580853644e+01 8.0125009096e-01 1.7768199451e+01 9.4351035657e-03 1.0084903871e-02
7.5908568978e+01 5.8057607985e+01 5.7688723984e+01 7.6483602269e-01 1.4636057978e-01 7.1754125986e+02 3.7902605926e+01 9.5682297426e-01 1.0269395003e+01 4.3367284739e-03 4.5219497004e-03
4.2812650750e+01 3.9459646125e+01 3.5775396694e+01 9.2168191955e-01 4.1808372300e-02 1.9110332333e+02 1.3873212847e+02 7.4980440881e-01 8.9084106658e+00 3.8150186126e-03 3.8571041476e-03
4.0825542628e+01 2.6872683742e+01 2.8709811826e+01 6.5823212656e-01 8.4777315542e-02 3.9933695966e+02 9.0203323479e+00 -6.2683090203e-01 9.4842404212e+00 1.1894753676e-02 1.4817987678e-02
7.5896668633e+01 6.5203800177e+01 6.1205673542e+01 8.5911280892e-01 5.2130976729e-02 2.4005561746e+02 5.8535700256e+01 1.8710611706e-01 8.7527427745e+00 3.7462737197e-03 3.8470424388e-03
2.9845300315e+01 2.5956446597e+01 2.4218272176e+01 8.6969962851e-01 3.4886521142e-02 1.5866536053e+02 2.8213358479e+01 -2.8430563601e-01 8.8418456796e+00 8.8838817459e-03 9.4081162963e-03
3.7134871103e+01 3.1447705943e+01 2.9728963952e+01 8.4685108657e-01 7.5943005819e-02 3.5557360210e+02 7.0789179243e+00 -4.0584211720e-01 8.8357331051e+00 1.2810837235e-02 1.7505148539e-02
3.5817982299e+01 1.0838321464e+01 1.6582722048e+01 3.0259441680e-01 1.1754224088e-02 5.2549396795e+01 5.7360805357e+02 9.6913565124e-01 9.9202507684e+00 3.6896336643e-03 3.6993286662e-03
4.1269873137e+01 3.1382203694e+01 3.1270896763e+01 7.6041434851e-01 7.3181107394e-02 3.4199151613e+02 4.4544092032e+00 -2.2428061829e-01 8.3975562386e+00 1.4790780938e-02 3.4813262678e-02
5.7532790258e+01 5.6352233854e+01 4.9568139764e+01 9.7948028596e-01 1.9366146481e-01 9.7683610153e+02 1.4908821183e+01 8.0725237695e-01 9.2956947790e+00 6.5967060434e-03 7.4165458849e-03
7.1895057404e+01 6.0582196867e+01 5.7411404036e+01 8.4264759017e-01 1.9714197594e-01 9.9640380916e+02 2.7119744679e+01 -9.5145213588e-01 9.3270695114e+00 4.7998067538e-03 5.0957981119e-03
2.2528294746e+01 1.8461613851e+01 1.7736315251e+01 8.1948563171e-01 1.2553529086e-02 5.6156667923e+01 2.8572286199e+00 1.8641525455e-01 1.2484328325e+01 2.5823523632e-02 1.0000000000e+00
3.3769835815e+01 2.3157072694e+01 2.4258505685e+01 6.8573246318e-01 8.4675367183e-02 3.9882916686e+02 1.0766123791e+01 9.4053237771e-01 1.0283902795e+01 1.2367903572e-02 1.4721120808e-02
6.3195873388e+01 5.1230034703e+01 4.9479254632e+01 8.1065474621e-01 2.2628947999e-01 1.1628154899e+03 5.0691572603e+00 -6.2093666011e-01 9.4416362517e+00 9.7316109132e-03 1.7443958806e-02
4.3204772099e+01 4.0697338442e+01 3.6500940829e+01 9.4196396519e-01 2.1393606787e-01 1.0917362816e+03 9.4637062072e+00 -9.9036978631e-01 8.2071493359e+00 9.3720663219e-03 1.1515971194e-02
3.8407938980e+01 3.5845825210e+01 3.2297734233e+01 9.3329207873e-01 7.2582638669e-02 3.3905474426e+02 6.4914397488e+01 8.6569052510e-01 8.9375996513e+00 5.3093468061e-03 5.4374966005e-03
3.3915189666e+01 3.1544348471e+01 2.8470487248e+01 9.3009500407e-01 2.4244579397e-02 1.0940648737e+02 1.7187948501e+02 -6.1829475368e-01 1.0321877652e+01 4.1040497604e-03 4.1404498013e-03
2.7279780093e+01 2.5843096773e+01 2.3112926282e+01 9.4733523087e-01 8.5010124282e-02 4.0049679356e+02 7.0062291557e+00 9.9208648500e-01 1.0885805757e+01 1.4972994440e-02 2.0563972249e-02
3.6383723555e+01 3.5970280083e+01 3.1493292308e+01 9.8863658164e-01 7.9266874949e-02 3.7198243255e+02 4.7443030534e+00 -2.7231654461e-01 8.3431877622e+00 1.4330596385e-02 2.8702699736e-02
2.0238528329e+01 1.4242287839e+01 1.4734645960e+01 7.0372151611e-01 2.1092950428e-02 9.4961972913e+01 3.6535869244e+01 -6.3770556213e-01 1.1158532702e+01 1.1092331417e-02 1.1585285036e-02
2.1744499967e+01 1.2984860119e+01 1.4532243431e+01 5.9715606885e-01 2.1353525219e-02 9.6153735983e+01 8.8627835591e+01 -9.4636562713e-01 1.2291682573e+01 8.0239639070e-03 8.1641374468e-03
7.7300756954e+01 6.1975426155e+01 6.0181996320e+01 8.0174410442e-01 6.0350135587e-01 3.6638407574e+03 3.9020585830e+00 -8.9184268230e-01 8.2904956302e+00 8.0324979373e-03 1.0000000000e+00
8.0012438063e+01 7.5844889245e+01 6.7811734096e+01 9.4791373793e-01 3.7136836745e-01 2.0539336031e+03 3.1643271605e+00 -9.8114286087e-01 1.4322446483e+01 8.8925919523e-03 1.0000000000e+00
8.2659773417e+01 9.3926010644e+00 2.1940223799e+01 1.1362964930e-01 2.4114718367e-02 1.0881000831e+02 2.9560429749e+01 2.8311140359e-01 1.1076746487e+01 9.3467510628e-03 9.8704998922e-03
3.4879695302e+01 2.2642274600e+01 2.4351677928e+01 6.4915345170e-01 4.7388719642e-02 2.1748125877e+02 3.5313464268e+01 6.2567854323e-01 9.4977481069e+00 8.0778378620e-03 8.4503283499e-03
3.5914190773e+01 3.5769491802e+01 3.1202058840e+01 9.9597098062e-01 4.8274910699e-02 2.2168875128e+02 3.1386874662e+01 -9.9958048496e-01 1.9629952618e+01 7.2273433733e-03 7.6064285171e-03
4.4548895967e+01 4.3175428985e+01 3.8178613916e+01 9.6916944961e-01 2.4807250840e-02 1.1199224620e+02 1.5881475210e+02 8.6399163946e-01 1.5270211054e+01 3.5180151950e-03 3.5518298124e-03
8.2393709536e+01 8.0819074462e+01 7.1038522913e+01 9.8088889210e-01 2.8816259973e-01 1.5305471285e+03 8.0118309975e+00 -7.0940889258e-01 1.1177708752e+01 6.3402436147e-03 8.2177301613e-03
2.4823505222e+01 1.7026619696e+01 1.7834279702e+01 6.8590714907e-01 2.6374721042e-02 1.1920660950e+02 2.0548305754e+02 8.4259744848e-01 8.1178877186e+00 5.1348621060e-03 5.1728554515e-03
7.9851826687e+01 7.5727766949e+01 6.7691397004e+01 9.4835359554e-01 5.3106748019e-01 3.1401656268e+03 3.4937192340e+00 -8.3324288147e-01 9.6670091121e+00 8.0072402975e-03 1.0000000000e+00
3.3217033333e+01 3.0564649214e+01 2.7733773256e+01 9.2014987937e-01 1.0377366000e-01 4.9506882238e+02 5.9443834676e+00 -6.3951061461e-01 8.2430857328e+00 1.4058858821e-02 2.1377007346e-02
4.0929203705e+01 2.8354399627e+01 2.9557395138e+01 6.9276695026e-01 2.8451479377e-02 1.2879000027e+02 1.3416330468e+01 -1.2731049972e-01 1.4477566806e+01 1.0405833194e-02 1.1883212972e-02
2.7350018215e+01 2.4786808928e+01 2.2660945365e+01 9.0628125849e-01 4.9851310742e-02 2.2918575651e+02 7.7149855585e+01 -9.7389616885e-01 9.5121683732e+00 6.2938507121e-03 6.4207691249e-03
7.3619157119e+01 4.5954355729e+01 5.0357425153e+01 6.2421735765e-01 2.1863009649e-01 1.1186503775e+03 7.6171968514e+00 -6.7463223288e-01 9.2242046134e+00 8.2944561601e-03 1.0966588664e-02
3.7575849902e+01 2.9089257568e+01 2.8734599805e+01 7.7414769443e-01 6.8729320023e-02 3.2019980752e+02 2.8099991629e+01 9.6937323703e-01 1.2656683809e+01 7.8362877199e-03 8.3007791724e-03
5.6994494985e+01 4.2483050548e+01 4.2744884726e+01 7.4538866534e-01 1.7592505067e-01 8.7814745412e+02 1.7776539239e+01 9.7107787676e-01 9.5812962173e+00 6.8381428146e-03 7.5240785811e-03
2.8368264418e+01 1.9906245703e+01 2.0622898337e+01 7.0170826843e-01 6.5169851594e-02 3.0286581480e+02 7.5704823423e+00 8.9334054750e-01 1.0539185165e+01 1.5799525978e-02 2.0943188675e-02
8.0962108627e+01 3.6058621939e+01 4.6293711465e+01 4.4537651688e-01 9.1645775174e-02 4.3369555942e+02 1.5096029117e+01 3.9484046196e-01 1.0525640587e+01 7.2459425177e-03 8.1326215107e-03
2.5582061826e+01 1.8705069728e+01 1.8996842189e+01 7.3117913072e-01 1.1795497487e-02 5.2735559005e+01 2.3273393058e+01 6.7274574554e-01 3.2008367700e+01 1.1271702184e-02 1.2097693512e-02
6.2326196275e+01 4.5638349658e+01 4.6317392276e+01 7.3224987864e-01 9.0337253385e-02 4.2712746328e+02 1.0608409480e+01 -2.3863136650e-02 8.5650078818e+00 8.2743958824e-03 9.8814071480e-03
7.7453381472e+01 6.5452991018e+01 6.1940058211e+01 8.4506305308e-01 2.1259969985e-01 1.0840952574e+03 1.5186527490e+01 -5.8084010594e-01 8.2326098883e+00 5.6437549269e-03 6.3292804796e-03
3.3356597988e+01 9.4766202639e+00 1.4912312509e+01 2.8410032304e-01 9.7998744983e-03 4.3747478778e+01 1.0019577197e+02 2.9681315189e-01 1.2277135080e+01 7.5943310812e-03 7.7112459643e-03
7.3613684193e+01 7.3406957155e+01 6.3994375155e+01 9.9719173086e-01 3.8317004981e-01 2.1306784008e+03 6.5799021147e+00 7.4813509618e-01 8.7865119805e+00 6.9695155841e-03 9.9011050914e-03
2.2260105512e+01 2.0165058241e+01 1.8439592280e+01 9.0588331804e-01 2.0463807298e-02 9.2086388976e+01 3.3178311957e+02 -9.6244298075e-01 9.1077328592e+00 4.2170360188e-03 4.2362608945e-03
4.0940769252e+01 1.7755034802e+01 2.3076243055e+01 4.3367614059e-01 2.3017816635e-02 1.0377616678e+02 1.3452059731e+02 6.8715202978e-01 1.1982155589e+01 5.1341642596e-03 5.1926124412e-03
9.4057418354e+00 9.0489530021e+00 8.0310708724e+00 9.6206691194e-01 4.8270667974e-03 2.1467216006e+01 2.2008727363e+02 3.2791793491e-01 9.8224633281e+00 8.3494362736e-03 8.4070630993e-03
9.7010889592e+00 4.6000000000e+00 5.7368457068e+00 4.7417357158e-01 8.4384358185e-03 3.7631077462e+01 1.5502724862e+02 -9.2957362002e-01 8.1049312475e+00 1.1723738650e-02 1.1839228474e-02
4.0093248760e+01 3.7484748808e+01 3.3744873079e+01 9.3493917224e-01 1.8448294128e-01 9.2554966824e+02 4.3166713342e+00 -8.4290106082e-01 8.5922051601e+00 1.3416971379e-02 3.5736093860e-02
1.0745495111e+01 6.6456285665e+00 7.3146233563e+00 6.1845717650e-01 6.4617521784e-03 2.8772870938e+01 4.1297472145e+02 -6.8203084962e-01 8.5040558380e+00 6.9836290813e-03 7.0091651211e-03
4.7305903058e+01 4.0608774365e+01 3.8133691982e+01 8.5842932361e-01 9.9173929394e-02 4.7168647040e+02 3.4003224497e+00 7.3024879215e-01 1.4681272009e+01 1.4243481590e-02 1.0000000000e+00
2.8426562529e+01 2.4902331882e+01 2.3151871411e+01 8.7602332699e-01 3.5199052360e-02 1.6012323747e+02 4.4481718915e+01 -4.2329732849e-01 8.6797929352e+00 7.7018743264e-03 7.9788887364e-03
8.2226456944e+01 8.1673478225e+01 7.1341103190e+01 9.9327492950e-01 3.2279905709e-01 1.7445584535e+03 6.9596691933e+00 -9.6570634741e-01 1.4291432007e+01 6.5566040572e-03 9.0351110032e-03
9.1924619109e+00 6.4125502801e+00 6.6623086849e+00 6.9758790869e-01 4.3635887911e-03 1.9399152348e+01 1.2429750720e+02 -4.9747109147e-01 1.2100218865e+01 1.1629204740e-02 1.1772730118e-02
7.9444777912e+01 7.3892447087e+01 6.6691382886e+01 9.3011081444e-01 4.6778193191e-01 2.6978182917e+03 7.7407467204e+00 -8.4977089817e-01 8.1377913501e+00 6.1577227903e-03 8.0882458101e-03
8.2054749867e+01 7.0171753984e+01 6.6017880952e+01 8.5518210826e-01 1.8963605657e-01 9.5428692545e+02 1.1240868274e+01 8.9829991681e-01 1.6102493682e+01 6.1439614805e-03 7.2456431086e-03
4.8700137223e+01 3.2281569040e+01 3.4372688917e+01 6.6286402628e-01 1.8224322218e-01 9.1310485323e+02 3.0881023724e+00 9.6180926940e-01 8.8491290584e+00 1.5056053414e-02 1.0000000000e+00
9.3505734344e+00 5.2798610593e+00 6.0677125555e+00 5.6465639208e-01 8.3406248847e-03 3.7192132779e+01 3.9904999476e+01 8.3783757507e-01 9.7707958375e+00 1.8831735132e-02 1.9592618469e-02
7.0211146930e+01 6.0253420433e+01 5.6589277383e+01 8.5817456440e-01 1.8477015190e-01 9.2714752324e+02 8.7759070601e+00 4.8158142712e-01 9.3174870351e+00 7.4422812676e-03 9.3496345319e-03
8.3877659025e+01 8.0043714185e+01 7.1327500165e+01 9.5429122744e-01 3.2840891239e-01 1.7797481627e+03 5.1028844424e+00 4.4478413294e-01 8.8561242430e+00 7.3471998442e-03 1.3049804304e-02
4.9109254321e+01 2.7792634302e+01 3.1905711255e+01 5.6593476497e-01 6.0350295883e-02 2.7952317624e+02 7.7869852032e+01 -7.7940977304e-01 8.8214561257e+00 5.0330774873e-03 5.1335986469e-03
8.3408984902e+01 7.7247382266e+01 6.9868010316e+01 9.2612783092e-01 4.5009636041e-01 2.5769003742e+03 7.8907211490e+00 9.8355324289e-01 1.0090152071e+01 5.9834953531e-03 7.8003201786e-03
3.1014635068e+01 1.4602657943e+01 1.8271459962e+01 4.7083120309e-01 2.8642599779e-02 1.2967337266e+02 2.5524743721e+01 -6.7091215640e-01 1.2354331968e+01 1.1041717300e-02 1.1770513211e-02
3.7686404957e+01 3.1173367214e+01 2.9811782172e+01 8.2717805666e-01 1.0070834668e-01 4.7947229177e+02 2.2924768495e+01 -8.1865572533e-01 8.2954559466e+00 8.1146306890e-03 8.7196018085e-03
2.9698964878e+01 2.8266033810e+01 2.5221478757e+01 9.5175148111e-01 2.4229853520e-02 1.0933884270e+02 2.2518414416e+00 8.6016915065e-01 2.4820031159e+01 2.2496454631e-02 1.0000000000e+00
8.0396978070e+01 4.8371431094e+01 5.3943029189e+01 6.0165732911e-01 2.9555169215e-01 1.5757257331e+03 3.8574716126e+00 -8.8446240152e-01 1.2028062474e+01 9.8699151257e-03 1.0000000000e+00
3.8766973090e+01 3.4239057805e+01 3.1704322075e+01 8.8320173271e-01 5.2826783138e-02 2.4337999780e+02 4.0573885127e+01 -8.6200315704e-01 1.4535079323e+01 6.4812108059e-03 6.7384414547e-03
3.9416226231e+01 2.5060222002e+01 2.7221731898e+01 6.3578440653e-01 5.8932433670e-02 2.7268410350e+02 1.3996488751e+01 5.1311501664e-01 9.8006435090e+00 1.0587625689e-02 1.2011933956e-02
7.8974583458e+01 3.0104269552e+01 4.1506981384e+01 3.8118934263e-01 1.2686198354e-02 5.6755820568e+01 2.7539008422e+01 -4.2652147727e-01 5.4958305058e+01 6.4892215994e-03 6.8826019871e-03
1.4869563034e+01 1.2053248586e+01 1.1641724281e+01 8.1059870817e-01 8.8483705188e-03 3.9471436833e+01 1.3023380187e+02 -9.5727065651e-01 2.0485668029e+01 8.0398388615e-03 8.1344438506e-03
3.4595311033e+01 3.2359192938e+01 2.9124132165e+01 9.3536354989e-01 9.0685418400e-02 4.2887404360e+02 2.9173728780e+01 9.4093496321e-01 9.4508846561e+00 7.5653400292e-03 7.9954902784e-03
3.5932217875e+01 3.1907806497e+01 2.9466692114e+01 8.8799991717e-01 9.3447570720e-02 4.4275681461e+02 1.2812227860e+01 -6.8302756427e-01 8.7997429622e+00 1.0208940072e-02 1.1747156517e-02
4.0837467583e+01 3.1840871153e+01 3.1343338148e+01 7.7969749443e-01 1.1115689279e-01 5.3286806363e+02 2.4288939903e+01 8.5738655602e-01 8.2252939524e+00 7.6505408325e-03 8.1846118695e-03
3.1144561738e+01 2.4177034605e+01 2.3850210306e+01 7.7628430953e-01 3.6949678893e-02 1.6830126607e+02 9.7671385457e+01 8.2120825477e-01 1.0427045449e+01 5.6231129020e-03 5.7119836430e-03
8.6225489309e+01 6.7984335559e+01 6.6558619582e+01 7.8844824314e-01 6.6495831753e-01 4.1215669231e+03 3.8556976199e+00 8.2656664478e-01 8.2795071867e+00 7.4003512839e-03 1.0000000000e+00
3.9165458009e+01 2.4140223452e+01 2.6613265072e+01 6.1636515131e-01 3.7347665867e-02 1.7016325058e+02 5.3630371858e+01 5.3316597184e-01 1.0402845809e+01 6.5728335040e-03 6.7666912500e-03
3.4692749840e+01 2.7862522068e+01 2.7033526752e+01 8.0312232949e-01 5.9451963775e-02 2.7518857691e+02 2.4943333556e+01 -9.0763031860e-01 1.3123346126e+01 8.5594886804e-03 9.1393135802e-03
4.3825214191e+01 4.0758320056e+01 3.6788072019e+01 9.3001987117e-01 1.1858246438e-01 5.7121362294e+02 1.8477869685e+01 8.6842404851e-01 1.0326333184e+01 7.6373357579e-03 8.3689716666e-03
4.3402403916e+01 3.2731747792e+01 3.2747178391e+01 7.5414596517e-01 6.5394494793e-02 3.0395742265e+02 8.3769317316e+01 -8.2230799615e-01 8.3745025340e+00 4.8038138309e-03 4.8927675234e-03
3.8332259406e+01 1.4013273781e+01 1.9691848676e+01 3.6557390559e-01 7.3621296506e-03 3.2804505406e+01 4.3942000093e+02 5.1196887702e-01 1.2319840450e+01 3.6721527786e-03 3.6847670232e-03
3.9084945382e+01 3.3302716277e+01 3.1387779320e+01 8.5205994152e-01 4.7116212542e-02 2.1618845762e+02 9.5929725279e+01 8.4243725232e-01 1.0659189088e+01 4.7393209591e-03 4.8156241713e-03
8.3206606700e+01 7.3828213508e+01 6.8206994034e+01 8.8728787815e-01 4.4963838361e-01 2.5737853468e+03 5.3125914439e+00 8.1650172095e-01 9.9064502357e+00 7.0469382742e-03 1.1903968966e-02
2.8843103143e+01 2.7152075577e+01 2.4359977514e+01 9.4137151065e-01 2.9633284680e-02 1.3425624796e+02 1.9352431744e+02 8.5004119826e-01 9.3734116774e+00 4.3131568677e-03 4.3470709620e-03
4.1055136620e+01 3.6681791263e+01 3.3772666186e+01 8.9347629270e-01 9.3647006520e-02 4.4376100218e+02 1.8655377243e+01 -8.2396627070e-01 1.1073393808e+01 8.1417480189e-03 8.9129258760e-03
6.5004165518e+01 5.2863646768e+01 5.0977665065e+01 8.1323475730e-01 2.2604698657e-01 1.1614125361e+03 2.0268292879e+01 -9.5038311476e-01 8.5150396065e+00 5.6811321964e-03 6.1693312716e-03
3.9256372357e+01 1.6881609788e+01 2.2026376252e+01 4.3003489049e-01 3.7103401177e-02 1.6902033414e+02 1.8384429396e+00 7.1984077233e-01 9.3730528519e+00 2.6213423250e-02 1.0000000000e+00
5.0227734471e+01 4.4813583799e+01 4.1288534602e+01 8.9220794590e-01 1.9331504016e-01 9.7489206684e+02 8.8571699035e+00 9.6696181777e-01 1.0499692269e+01 8.9912435615e-03 1.1263196019e-02
4.4134864576e+01 3.0810524706e+01 3.1999231749e+01 6.9809945046e-01 1.4578914133e-01 7.1448588816e+02 1.2516894678e+01 9.6319776813e-01 8.8305173559e+00 9.4996337140e-03 1.0975204107e-02
3.0182367576e+01 2.2592338506e+01 2.2685247904e+01 7.4852771071e-01 4.5974724656e-02 2.1077833598e+02 5.0763428116e+01 6.2236635460e-01 8.0388150783e+00 7.3756226539e-03 7.6061592739e-03
3.5285815608e+01 2.7150951883e+01 2.6899428313e+01 7.6945796534e-01 5.6489431991e-02 2.6093031187e+02 5.9699108555e+01 7.8326233180e-01 9.0650599953e+00 6.2005136957e-03 6.3638879117e-03
6.9039809754e+01 3.8009643866e+01 4.4205788435e+01 5.5054676427e-01 2.7096899419e-02 1.2253593850e+02 2.3806505868e+02 -9.3042433841e-01 8.5463970539e+00 2.7540909108e-03 2.7716470400e-03
3.6271313026e+01 3.4258423073e+01 3.0684845129e+01 9.4450462955e-01 1.1351171494e-01 5.4499268709e+02 1.9949821379e+01 -8.3773498534e-01 8.1531876890e+00 8.3355048743e-03 9.0651627434e-03
3.4593265547e+01 1.4515452397e+01 1.9154091715e+01 4.1960341608e-01 4.1395836092e-02 1.8916130481e+02 9.8996352345e+00 8.5920292341e-01 1.3602968352e+01 1.5175400833e-02 1.8426291319e-02
7.4584295847e+01 6.6586047960e+01 6.1329536910e+01 8.9276230612e-01 2.1187083526e-01 1.0799317770e+03 4.3241359394e+00 -5.0826088111e-01 1.2385752045e+01 9.0992318057e-03 2.4040543715e-02
2.8536040603e+01 2.7626854790e+01 2.4442476018e+01 9.6813903424e-01 7.7408738712e-02 3.6280094506e+02 3.4667402210e+01 -9.6447345216e-01 8.6772239278e+00 7.9729987984e-03 8.3481129207e-03
3.8760951593e+01 2.7493571947e+01 2.8335589444e+01 7.0931106738e-01 4.1861875219e-02 1.9135526986e+02 7.9299114993e+01 -8.7601706301e-01 1.2609963320e+01 5.4432228724e-03 5.5499049153e-03
3.8717623664e+01 3.6862073571e+01 3.2886075073e+01 9.5207479393e-01 8.0247539923e-02 3.7683679252e+02 3.2760006467e+01 8.6934968363e-01 1.0937652201e+01 6.7543283579e-03 7.0923522073e-03
3.6049924871e+01 2.6147071521e+01 2.6658921070e+01 7.2530169243e-01 3.2107535222e-02 1.4573025741e+02 3.8330992954e+01 -5.5300157842e-01 1.3856031558e+01 7.4706737074e-03 7.7858970651e-03
2.0971081100e+01 1.9229678958e+01 1.7478689171e+01 9.1696173725e-01 3.9308649461e-02 1.7935281379e+02 1.1613738975e+01 8.6706030227e-01 1.2321166085e+01 1.5153845134e-02 1.7753669203e-02
5.4600065327e+01 3.5222722645e+01 3.7995515842e+01 6.4510403851e-01 1.6846089626e-01 8.3713486555e+02 5.4680676325e+00 -7.7790530771e-01 9.9870137589e+00 1.1498507133e-02 1.8827791889e-02
2.7624428315e+01 1.7873458616e+01 1.9253198725e+01 6.4701641649e-01 1.9267539570e-02 8.6625949744e+01 1.5631186852e+02 -7.0864822952e-01 1.1647115980e+01 5.4472753751e-03 5.5004872061e-03
7.7417104388e+01 6.0273576652e+01 5.9374152352e+01 7.7855632975e-01 2.7340496500e-01 1.4411061756e+03 7.6963610083e+00 7.5665319146e-01 1.0168893623e+01 7.2520573627e-03 9.5477903564e-03
8.3095380748e+01 5.2025890928e+01 5.6928940356e+01 6.2609847213e-01 2.3404992670e-01 1.2078751423e+03 6.0937192063e+00 9.7747388925e-01 1.5320264145e+01 8.2875027284e-03 1.2371153196e-02
3.4341873245e+01 2.7350722176e+01 2.6645818116e+01 7.9642487701e-01 2.8450882275e-02 1.2878724079e+02 1.3229733540e+01 -4.2029002171e-02 1.2141047810e+01 1.1161079400e-02 1.2774441533e-02
5.1214187205e+01 4.7003017239e+01 4.2704348379e+01 9.1777337109e-01 1.0964834929e-01 5.2511826208e+02 2.9227531558e+00 5.6659755972e-01 1.2307353685e+01 1.3962486684e-02 1.0000000000e+00
5.7952711721e+01 3.8993078481e+01 4.1222182405e+01 6.7284303570e-01 1.6351043899e-01 8.1010582363e+02 3.9238303271e+00 5.4019262596e-01 8.9722530042e+00 1.2408409575e-02 1.0000000000e+00
8.3795080298e+01 7.3865483442e+01 6.8462290444e+01 8.8150143397e-01 2.5889371719e-01 1.3542018261e+03 4.5157443920e+00 3.0390318542e-01 9.1567039635e+00 8.1610667422e-03 1.8412276724e-02
1.0028421423e+01 7.2635700608e+00 7.4107236915e+00 7.2429844680e-01 1.3679987752e-02 6.1247664438e+01 7.6640437197e+01 9.2587200628e-01 8.0803092312e+00 1.2968748538e-02 1.3232073086e-02
3.7092898353e+01 3.6844690259e+01 3.2182987096e+01 9.9330847399e-01 1.4523200093e-01 7.1150877351e+02 5.2642038207e+00 -7.8383781943e-01 9.1177179064e+00 1.3102256303e-02 2.2369920455e-02
6.6654538390e+01 6.3121780124e+01 5.6463304032e+01 9.4699898384e-01 1.4684248391e-01 7.2011936744e+02 3.1729900825e+00 2.1803006444e-01 9.8446991262e+00 1.1138486610e-02 1.0000000000e+00
3.4113945152e+01 2.0506029862e+01 2.2877987585e+01 6.0110402859e-01 5.8311083327e-02 2.6969104804e+02 1.1087638280e+01 5.5553237035e-01 8.6804679567e+00 1.2885065240e-02 1.5239235689e-02
3.0354043860e+01 2.5666792935e+01 2.4281917557e+01 8.4558067628e-01 2.1065711492e-02 9.4837419160e+01 2.2321927508e+02 7.9205565120e-01 1.1178488505e+01 4.1179961628e-03 4.1460143044e-03
3.2942274391e+01 2.7127386856e+01 2.5999553402e+01 8.2348251168e-01 1.0380594431e-01 4.9523338992e+02 7.2145648635e+00 -8.4893798414e-01 9.2097081703e+00 1.3612262147e-02 1.8432671575e-02
6.3379028937e+01 6.1769090099e+01 5.4468473673e+01 9.7459824069e-01 3.5731928015e-01 1.9633632514e+03 6.5093264206e+00 8.8638586512e-01 8.9250429560e+00 7.8311890686e-03 1.1196177976e-02
4.1269893177e+01 3.5804430730e+01 3.3447227638e+01 8.6756780728e-01 1.6056078814e-01 7.9406653680e+02 8.9954573012e+00 -8.5903702782e-01 8.3882065232e+00 1.0375750352e-02 1.2936372485e-02
4.1904615240e+01 2.4330824075e+01 2.7595173016e+01 5.8062397032e-01 1.9098605431e-02 8.5855607062e+01 1.6936481434e+02 8.8482392914e-01 1.7712150530e+01 4.2213971851e-03 4.2594031452e-03
3.9005265506e+01 3.7584537960e+01 3.3330764990e+01 9.6357600627e-01 1.4314859665e-01 7.0039181231e+02 1.1478613432e+01 -8.6457411214e-01 8.7440820353e+00 9.5800930207e-03 1.1249814346e-02
7.3762946172e+01 4.9014900863e+01 5.2128571888e+01 6.6449217943e-01 4.9703447051e-02 2.2848186976e+02 3.7888076026e+01 2.9858803931e-01 1.2985560970e+01 4.8825112693e-03 5.0911292077e-03
4.5090255118e+01 3.7434280541e+01 3.5735074519e+01 8.3020777866e-01 7.2965771420e-02 3.4093457305e+02 9.8337539232e+00 5.2340767623e-01 1.2664342688e+01 1.0112316221e-02 1.2299567871e-02
2.8195233703e+01 2.0760075675e+01 2.1012746380e+01 7.3629734349e-01 4.5995972002e-02 2.1087896162e+02 1.2590516354e+01 -7.7437280220e-01 1.2267241199e+01 1.3051078314e-02 1.5062792655e-02
7.6558520028e+01 6.2653914180e+01 6.0232298563e+01 8.1837938033e-01 6.0382678690e-01 3.6662330828e+03 5.0934782471e+00 -9.5935764864e-01 8.0223925106e+00 7.2639611010e-03 1.2934514300e-02
7.1012794383e+01 6.1548592978e+01 5.7524046810e+01 8.6672540508e-01 3.8900023169e-01 2.1688116670e+03 7.9121067769e+00 -9.1080217179e-01 8.4513550257e+00 6.9337207594e-03 9.0296701767e-03
4.1668415343e+01 3.6719041285e+01 3.4038442207e+01 8.8122000759e-01 8.5821405240e-02 4.0454114537e+02 1.2088560331e+01 6.9016497436e-01 1.1797353993e+01 9.5763547934e-03 1.1133686420e-02
8.4847040516e+01 7.8417596558e+01 7.0998914710e+01 9.2422312059e-01 6.2298974700e-01 3.8077054445e+03 7.4279035445e+00 9.7345816935e-01 8.0130469246e+00 5.6476297615e-03 7.5475385792e-03
3.8892750309e+01 1.7506327387e+01 2.2365768248e+01 4.5011801038e-01 4.7180032490e-02 2.1649118290e+02 6.3819888350e+01 8.4289234352e-01 9.2279290022e+00 6.8243138975e-03 6.9919837546e-03
3.7988680243e+01 1.2720676643e+01 1.8598633266e+01 3.3485439771e-01 2.0210101882e-02 9.0927538862e+01 1.5172822512e+02 5.8609123758e-01 9.4080061188e+00 5.6255397127e-03 5.6821838502e-03
3.6907499239e+01 3.1736732111e+01 2.9777297918e+01 8.5989928239e-01 9.5166309945e-02 4.5141889552e+02 5.9565493805e+00 8.4408051864e-01 1.2541776739e+01 1.3503438232e-02 2.0500211286e-02
4.4999441859e+01 3.7101435115e+01 3.5537685721e+01 8.2448656211e-01 1.6636726724e-01 8.2568706167e+02 5.4266935046e+00 -9.7589974966e-01 1.1363494166e+01 1.2036971076e-02 1.9865245912e-02
3.3804351642e+01 2.8047051196e+01 2.6782183415e+01 8.2968759446e-01 2.0454507818e-02 9.2043904182e+01 2.6561392619e+02 -9.3907142368e-01 1.1938648439e+01 3.6301695509e-03 3.6508850003e-03
3.5265743422e+01 3.2067355068e+01 2.9268737552e+01 9.0930608449e-01 1.5400253002e-02 6.9038759454e+01 1.9981020932e+02 -7.9426511229e-01 1.7898438006e+01 3.8329956723e-03 3.8621728590e-03
3.1706475114e+01 2.8241539373e+01 2.6041550380e+01 8.9071835552e-01 1.9096101821e-02 8.5844191982e+01 9.9732539884e+00 -7.6921407114e-01 4.0843597303e+01 1.2659911736e-02 1.5343180331e-02
5.8673563088e+01 5.3143245417e+01 4.8599623276e+01 9.0574430152e-01 2.9396697165e-01 1.5660143297e+03 7.6440448400e+00 -9.2515073062e-01 8.9644651801e+00 8.1578736481e-03 1.0770336993e-02
7.0935005882e+01 5.9171059086e+01 5.6353703501e+01 8.3415879579e-01 1.0998459906e-01 5.2684448673e+02 3.4727009142e+01 8.1877571192e-01 1.2335311034e+01 4.6400305523e-03 4.8579271700e-03
4.1167437696e+01 3.5629062227e+01 3.3323196320e+01 8.6546708325e-01 9.2195290285e-02 4.3645697032e+02 3.4484552395e+00 -7.1544026949e-01 1.2459426627e+01 1.5475944944e-02 1.0000000000e+00
9.0859337020e+00 4.6000000000e+00 5.5644411132e+00 5.0627708179e-01 6.5673904429e-03 2.9245605585e+01 1.3720813086e+02 8.2565174159e-01 9.1493555835e+00 1.2523855422e-02 1.2663578972e-02
3.6470333100e+01 3.5509565024e+01 3.1327721109e+01 9.7365617490e-01 9.0812750255e-02 4.2951299359e+02 3.9448481192e+01 9.3390586864e-01 9.2089087707e+00 6.4544613475e-03 6.7184988922e-03
7.1524548635e+01 7.0427417367e+01 6.1785967377e+01 9.8466077328e-01 4.7436255835e-01 2.7431188177e+03 7.6972469828e+00 -9.6174717090e-01 8.3117133392e+00 6.4544779224e-03 8.4973298920e-03
2.4877469775e+01 1.5749575817e+01 1.7142809258e+01 6.3308591906e-01 1.5535866767e-02 6.9653797589e+01 4.5469948213e+02 -9.6696925039e-01 9.2165141984e+00 3.9335826846e-03 3.9466381417e-03
3.5105447124e+01 3.2450129575e+01 2.9378006686e+01 9.2436166558e-01 6.4724204836e-02 3.0070122986e+02 2.2023521490e+01 -6.1266533683e-01 9.9316513283e+00 8.4879155367e-03 9.1504766454e-03
6.5294153973e+01 4.8016255574e+01 4.8629924060e+01 7.3538368525e-01 1.7998185880e-01 9.0056777628e+02 2.8265400234e+01 9.0807494010e-01 8.2885121032e+00 5.2900921787e-03 5.6016196867e-03
1.6127397068e+01 1.4838208589e+01 1.3464540427e+01 9.2006221010e-01 5.7608341233e-03 2.5638150010e+01 4.2241960720e+01 -1.3289507719e-01 1.9297472227e+01 1.1219223726e-02 1.1645664585e-02
2.8218195513e+01 1.4493015936e+01 1.7414236041e+01 5.1360534126e-01 4.3625571802e-02 1.9967096039e+02 6.0985153347e+01 9.7167834280e-01 8.6217549270e+00 8.1340340518e-03 8.3436174890e-03
4.5235409927e+01 2.7845254239e+01 3.0716896443e+01 6.1556321218e-01 1.3682292033e-01 6.6679197088e+02 5.0700415236e+00 -7.0811296261e-01 8.2761179493e+00 1.3744298471e-02 2.4630694616e-02
4.3941950443e+01 4.0130776649e+01 3.6549640515e+01 9.1326798752e-01 2.9012853459e-02 1.3138539709e+02 1.0762958994e+01 -7.7637718443e-01 4.2328960622e+01 9.8942166908e-03 1.1777538072e-02
6.2335992405e+01 5.1849750456e+01 4.9450302516e+01 8.3177869567e-01 1.2151592744e-01 5.8645242556e+02 9.5115986707e+00 8.6864447934e-01 1.7900588686e+01 8.1300211406e-03 9.9760277594e-03
2.6892720132e+01 2.3679344769e+01 2.1959402068e+01 8.8051132991e-01 1.5026592464e-02 6.7344763609e+01 1.2773348255e+02 2.5158241032e-01 1.0515706391e+01 5.4261932124e-03 5.4913208854e-03
6.9918577816e+01 6.5725067527e+01 5.9008460681e+01 9.4002294641e-01 2.5748648364e-01 1.3458299827e+03 8.3910353537e+00 -6.7374195411e-01 9.3538610103e+00 7.1036066378e-03 9.0562235793e-03
3.7036559821e+01 8.9415449371e+00 1.5118743849e+01 2.4142482402e-01 1.4385896598e-02 6.4442333815e+01 1.4038832664e+01 -6.1728699276e-03 1.0561349970e+01 1.5689073562e-02 1.7791608674e-02
3.0052486574e+01 2.0604716420e+01 2.1586388589e+01 6.8562434489e-01 7.9216540271e-02 3.7173343378e+02 6.3633069967e+00 9.9830012192e-01 1.0643449326e+01 1.6254899911e-02 2.3566512905e-02
4.1628553814e+01 4.0278903336e+01 3.5646483060e+01 9.6757873252e-01 4.0175176607e-02 1.8342151657e+02 1.0796629771e+02 -8.7537931071e-01 1.2978362092e+01 4.2047064511e-03 4.2646563650e-03
4.6131038496e+01 2.3327413423e+01 2.8233899907e+01 5.0567717925e-01 8.5520926419e-02 4.0304274130e+02 5.5082063359e+00 4.8877489833e-01 8.5001209939e+00 1.4455604200e-02 2.3495910996e-02
3.4794235444e+01 3.4118732628e+01 2.9994382260e+01 9.8058578362e-01 4.7103100402e-02 2.1612626440e+02 5.9550655914e+01 -6.0367400502e-01 9.8326984129e+00 5.8303541049e-03 5.9843769514e-03
1.2603334096e+01 4.6620289934e+00 6.5163005687e+00 3.6990442036e-01 4.4169001369e-03 1.9636956407e+01 1.1732639777e+03 -8.1830670909e-01 8.4880890114e+00 5.0810140036e-03 5.0875252692e-03
2.9824853493e+01 2.8443320919e+01 2.5354140340e+01 9.5367847910e-01 6.7598671008e-02 3.1468507942e+02 7.8198485425e+00 -7.7555062090e-01 1.2102820587e+01 1.3698903092e-02 1.7921232234e-02
8.2129112462e+01 7.4413774212e+01 6.8039891043e+01 9.0605842412e-01 7.4335665480e-01 4.7218651947e+03 4.0259800171e+00 -8.8703180952e-01 8.5423772156e+00 6.9783095289e-03 4.6247397393e-02
3.6919008509e+01 3.0740290051e+01 2.9302811805e+01 8.3264126780e-01 1.3474235717e-01 6.5579147968e+02 1.0609824825e+01 -9.2689712881e-01 8.5069974596e+00 1.0743630453e-02 1.2829815483e-02
7.9402065457e+01 6.6206952265e+01 6.3067204814e+01 8.3381901823e-01 4.7784270222e-01 2.7671426423e+03 6.1686057550e+00 -8.2703796989e-01 8.0900442645e+00 6.9136237507e-03 1.0231943756e-02
3.6911885943e+01 3.2915570130e+01 3.0334394202e+01 8.9173363238e-01 8.5363341410e-02 4.0225713176e+02 5.6135486340e+01 9.7248873866e-01 8.5692964003e+00 5.7877882979e-03 5.9504753443e-03
7.6514322476e+01 4.8955406620e+01 5.3017378211e+01 6.3982016746e-01 4.9034878637e-01 2.8538512759e+03 4.6005758268e+00 -9.6749790046e-01 8.4000323635e+00 8.5565721559e-03 1.8360793513e-02
3.2453439256e+01 3.2307826857e+01 2.8188892841e+01 9.9551319053e-01 6.4874899655e-02 3.0143304060e+02 6.4043341853e+01 8.6265882590e-01 8.8045103011e+00 5.8362329434e-03 5.9791030891e-03
6.2896988702e+01 5.8270434229e+01 5.2695034170e+01 9.2644235331e-01 3.7246667491e-01 2.0610503769e+03 6.9608686452e+00 -9.0066661896e-01 8.1851428095e+00 7.7424296331e-03 1.0668267052e-02
3.5175079338e+01 2.1651940676e+01 2.3885160945e+01 6.1554774242e-01 6.1184494300e-02 2.8355291567e+02 3.0084441340e+01 9.0746016587e-01 1.0390276142e+01 8.6117833200e-03 9.0850693825e-03
3.3892760108e+01 1.4632422624e+01 1.9057260410e+01 4.3172708795e-01 4.7673786968e-02 2.1883415981e+02 1.1687422590e+01 -9.2264593628e-01 1.2272930778e+01 1.4251058447e-02 1.6675308150e-02
2.5502472010e+01 1.6975577251e+01 1.8038947129e+01 6.6564438317e-01 3.7814021799e-02 1.7234641528e+02 7.3417507321e+01 -8.7927469845e-01 8.9087599496e+00 7.4479916302e-03 7.6061198197e-03
5.4112510806e+01 3.2077852441e+01 3.6025501922e+01 5.9279918753e-01 1.1006839923e-01 5.2727480206e+02 5.4513882974e+00 5.8824609410e-01 1.0933730449e+01 1.2288693476e-02 2.0184919614e-02
2.8737690483e+01 2.4884557023e+01 2.3268054034e+01 8.6592055956e-01 7.7203042186e-02 3.6178587296e+02 2.5253645437e+01 -9.5765920977e-01 8.8570131909e+00 9.2605800814e-03 9.8792092549e-03
5.9349415394e+01 5.9065605524e+01 5.1542953932e+01 9.9521798373e-01 2.5609783512e-01 1.3375784348e+03 1.7411507105e+01 9.7118167297e-01 8.3673696863e+00 5.8831730646e-03 6.4881542578e-03
4.5736820841e+01 4.1771418939e+01 3.8043225487e+01 9.1329957288e-01 1.3911153408e-01 6.7892154457e+02 1.5858941418e+01 7.1437529371e-01 8.1705142717e+00 7.8305214215e-03 8.7322524693e-03
8.0678426167e+01 7.8460464991e+01 6.9261152136e+01 9.7250862118e-01 4.3659086862e-01 2.4853880403e+03 6.2559204297e+00 -8.3454536908e-01 9.7618279821e+00 6.6019507265e-03 9.6779877547e-03
5.0624522641e+01 3.4500745048e+01 3.6249494176e+01 6.8150262458e-01 1.0179391185e-01 4.8498921369e+02 8.6701364918e+00 8.3921388369e-01 1.4101120750e+01 1.0334383365e-02 1.3033039258e-02
4.4331128618e+01 4.0475377244e+01 3.6868373791e+01 9.1302383914e-01 8.8119810335e-02 4.1602107875e+02 4.7466444426e+00 9.2596930153e-01 2.0961323672e+01 1.2917963203e-02 2.5847668028e-02
4.1230833859e+01 3.1000871102e+01 3.1060757008e+01 7.5188562055e-01 1.0275696298e-01 4.8988948912e+02 1.4265494812e+01 9.6874362460e-01 1.1453723342e+01 9.4380174281e-03 1.0677532011e-02
3.3015116254e+01 2.4992525072e+01 2.4958399902e+01 7.5700248576e-01 8.2072316116e-03 3.6593609721e+01 1.5745950834e+02 8.3978807561e-01 3.8887554354e+01 4.6505392791e-03 4.6956311507e-03
2.8226953403e+01 2.3902815624e+01 2.2596994535e+01 8.4680820074e-01 3.7026091127e-02 1.6865868096e+02 1.7128838898e+01 -7.3524683549e-01 1.5014110294e+01 1.1171784350e-02 1.2343423959e-02
5.4944189599e+01 4.2894940714e+01 4.2198225607e+01 7.8070021647e-01 5.1266685689e-02 2.3593058993e+02 5.2337432063e+00 4.4113899865e-01 2.3781135356e+01 1.1694634603e-02 2.0106293617e-02
3.8722418203e+01 3.8547275877e+01 3.3633484175e+01 9.9547697861e-01 7.0265744028e-02 3.2770660149e+02 1.1417017334e+01 7.3267340967e-01 1.5009846131e+01 9.9465808601e-03 1.1692841964e-02
3.5668885464e+01 2.5214518111e+01 2.6029411096e+01 7.0690512985e-01 8.5774016719e-02 4.0430479500e+02 7.7915226779e+00 -9.3643669448e-01 1.1929151787e+01 1.3352420442e-02 1.7492958040e-02
3.4515985144e+01 3.2519468246e+01 2.9163343626e+01 9.4215674593e-01 7.1105865570e-02 3.3181761866e+02 4.9895589660e+01 9.7031127834e-01 1.0294208430e+01 6.2514226621e-03 6.4504210615e-03
2.1727108834e+01 1.6250863652e+01 1.6323777881e+01 7.4795334143e-01 3.2910948897e-02 1.4946463291e+02 1.8267006020e+01 -7.9977043083e-01 1.1465018803e+01 1.3396558812e-02 1.4697507916e-02
3.0162434233e+01 2.6586445302e+01 2.4642487180e+01 8.8144229660e-01 8.4734201012e-02 3.9912220341e+02 4.6043237849e+00 9.5887276388e-01 1.1775923483e+01 1.6840447445e-02 3.6063235652e-02
7.5580582114e+01 5.8102654059e+01 5.7590166213e+01 7.6875107909e-01 4.1414954116e-01 2.3349450601e+03 9.0751529842e+00 9.9398711884e-01 8.2699214008e+00 6.5080100788e-03 8.0928226500e-03
3.5703609335e+01 3.5021621635e+01 3.0783227309e+01 9.8089863428e-01 7.3608872725e-02 3.4409199746e+02 1.5911727188e+00 8.3997175756e-01 9.8726930221e+00 2.1968560256e-02 1.0000000000e+00
3.2249801781e+01 2.7056699337e+01 2.5695712153e+01 8.3897257791e-01 6.1004665181e-02 2.8268384612e+02 2.5330187647e+01 -9.9730576516e-01 1.3112508674e+01 8.7764750047e-03 9.3607688133e-03
2.6061877565e+01 1.1954587422e+01 1.5140137847e+01 4.5870016050e-01 2.8599256512e-02 1.2947301582e+02 3.8485755574e+01 6.1892253654e-01 8.2779946635e+00 1.0646288098e-02 1.1093556925e-02
4.1090564667e+01 3.9990942432e+01 3.5288880938e+01 9.7323905759e-01 2.1068466454e-01 1.0731620616e+03 6.8422172596e+00 -9.2700642917e-01 8.1675510363e+00 1.0828139459e-02 1.5053281599e-02
6.5698276015e+01 5.8859250025e+01 5.4118683553e+01 8.9590250454e-01 2.6724647171e-01 1.4040969795e+03 1.5011345985e+01 9.9498672216e-01 9.2397302991e+00 5.9997504006e-03 6.7390766055e-03
9.9769757620e+00 8.7694727703e+00 8.1395358414e+00 8.7897104087e-01 4.5136450846e-03 2.0068552363e+01 1.2855178343e+03 -7.1079152484e-01 8.0905645786e+00 4.2723741431e-03 4.2773700320e-03
8.0197062251e+01 5.4004098845e+01 5.7068946466e+01 6.7339248258e-01 1.2242009266e-01 5.9115967857e+02 1.8405639535e+00 -9.0250408614e-01 2.1050174087e+01 1.3755205912e-02 1.0000000000e+00
6.9876350255e+01 4.5545608812e+01 4.8888683959e+01 6.5180291537e-01 1.3070561227e-01 6.3452015067e+02 2.6481469956e+00 3.8890841688e-01 9.9330463979e+00 1.3158875434e-02 1.0000000000e+00
3.0292708577e+01 1.8229252116e+01 2.0327150685e+01 6.0177029299e-01 1.7839257368e-02 8.0118951511e+01 3.1786497403e+01 7.7652059683e-01 2.4329512548e+01 9.5770647773e-03 1.0072464628e-02
4.9548193665e+01 4.2510503890e+01 3.9930199709e+01 8.5796273779e-01 5.8982380095e-02 2.7292480311e+02 1.0552942787e+02 -7.8784661793e-01 8.5047454901e+00 3.9064904223e-03 3.9635092916e-03
7.9185398364e+01 7.8746892036e+01 6.8743704208e+01 9.9446228299e-01 3.2828237665e-01 1.7789528306e+03 2.4913495566e+00 7.2700186790e-01 1.1220628962e+01 9.8385399857e-03 1.0000000000e+00
7.7642601845e+01 7.0272256077e+01 6.4287720382e+01 9.0507343143e-01 8.3851520084e-01 5.4730022816e+03 3.7430954677e+00 -9.9446729334e-01 8.0384637395e+00 7.1876533258e-03 1.0000000000e+00
3.3253280017e+01 2.9063156571e+01 2.7051156712e+01 8.7399367991e-01 5.5902717102e-02 2.5811317710e+02 9.5122592750e+01 9.7421585531e-01 9.2153787709e+00 5.1901901711e-03 5.2744827338e-03
3.4020341387e+01 2.6237215786e+01 2.5965192361e+01 7.7122141390e-01 6.6872037412e-02 3.1114518707e+02 1.9951492685e+01 9.5347075354e-01 1.2379945130e+01 9.5030944895e-03 1.0334877222e-02
5.1899615768e+01 4.1693347445e+01 4.0447334342e+01 8.0334597526e-01 4.8245380699e-02 2.2154846601e+02 2.9188934725e+01 6.3059408736e-01 1.7961337391e+01 6.3149274011e-03 6.6737745081e-03
3.2001723414e+01 1.6665395592e+01 1.9895106539e+01 5.2076556555e-01 6.0593207199e-02 2.8069614476e+02 1.5208582129e+01 8.6747814325e-01 9.2928127648e+00 1.2472486031e-02 1.3984752819e-02
3.6353280981e+01 1.8130130494e+01 2.2085837238e+01 4.9872061077e-01 6.5776353161e-02 3.0581371769e+02 6.6704619987e+00 -5.8615794602e-01 8.2716638238e+00 1.5867182173e-02 2.2366002804e-02
3.5603162954e+01 2.3233293111e+01 2.4924721306e+01 6.5256261476e-01 3.8369491603e-02 1.7494860267e+02 1.6066063591e+01 7.4672407701e-01 1.6989463101e+01 1.0754514100e-02 1.1973462137e-02
7.6554851647e+01 5.7229413928e+01 5.7500841814e+01 7.4756090171e-01 3.8841571148e-01 2.1649819907e+03 6.0440432348e+00 -9.5339583626e-01 9.8445254644e+00 7.6745307518e-03 1.1524335349e-02
7.2279410577e+01 6.2453608793e+01 5.8458608831e+01 8.6405808092e-01 7.8254503796e-02 3.6697740216e+02 4.8245046446e+01 6.7195213674e-01 1.2009761303e+01 4.0822055765e-03 4.2168718124e-03
5.7813022391e+01 5.0793403640e+01 4.7155102099e+01 8.7858066469e-01 2.0269954220e-01 1.0277844534e+03 1.2614436639e+01 -8.8845129719e-01 9.7534357764e+00 7.2117663636e-03 8.3206454289e-03
5.8379235234e+01 3.1232273767e+01 3.6816664882e+01 5.3498942975e-01 8.6000296379e-02 4.0543349037e+02 3.5892899251e+01 -8.0068107415e-01 1.0366088945e+01 6.0620714092e-03 6.3367124506e-03
2.4252789809e+01 2.1882220306e+01 2.0049600773e+01 9.0225580144e-01 3.1098707167e-02 1.4104709087e+02 7.3138936363e+01 6.8967089695e-01 9.8878782680e+00 7.0102946241e-03 7.1597193739e-03
4.9195546151e+01 3.6381630883e+01 3.6746262959e+01 7.3953098866e-01 1.6300447268e-01 8.0735105073e+02 1.6196553086e+01 -9.5208779539e-01 8.6980519311e+00 7.8368343363e-03 8.7163613124e-03
7.6602607320e+01 6.6984766594e+01 6.2331633681e+01 8.7444499524e-01 2.4733077388e-01 1.2857075251e+03 1.4509887257e+01 9.2532770657e-01 1.0861180165e+01 5.6184353371e-03 6.3407426898e-03
4.3613685145e+01 3.5326790739e+01 3.4133139354e+01 8.0999325376e-01 7.0154033260e-02 3.2716029466e+02 4.7622437778e+01 7.9285550636e-01 1.0342767606e+01 5.7690234639e-03 5.9619789664e-03
2.3265337821e+01 1.1015281875e+01 1.3747168440e+01 4.7346322497e-01 2.0023498431e-02 9.0075463716e+01 1.4382818255e+01 5.1942285899e-01 1.0812350109e+01 1.6442376992e-02 1.8579665003e-02
3.0557006705e+01 2.7196086919e+01 2.5087378804e+01 8.9001148515e-01 4.2546493631e-02 1.9458079504e+02 1.7803425056e+01 -6.2139662648e-01 1.3040439930e+01 1.0280463798e-02 1.1309840240e-02
5.1434570145e+01 5.0284701104e+01 4.4272489597e+01 9.7764404294e-01 2.5517740945e-02 1.1526030026e+02 1.2132154748e+01 -3.9761563871e-03 2.6611533392e+01 8.4095123664e-03 9.7705818811e-03
4.9040875598e+01 2.3736489111e+01 2.9321457465e+01 4.8401438232e-01 7.8726633635e-03 3.5092961370e+01 3.1772986043e+02 2.5134327404e-01 1.1348661063e+01 3.2324325301e-03 3.2478262275e-03
1.0182294311e+01 9.6890984213e+00 8.6463287979e+00 9.5156338301e-01 1.3856628249e-02 6.2046757552e+01 2.0024213733e+01 -6.3551562486e-01 8.5099375911e+00 1.9479699759e-02 2.1177480353e-02
4.2871862380e+01 2.3239732455e+01 2.7226170353e+01 5.4207424555e-01 5.4204335358e-02 2.4997073836e+02 1.0903456208e+02 9.8307261464e-01 8.9789829599e+00 4.9163135916e-03 4.9857047916e-03
3.4304165233e+01 2.9065385656e+01 2.7469935606e+01 8.4728444662e-01 2.5015684010e-02 1.1295063373e+02 1.0756358343e+02 -8.5390790120e-01 1.7231346262e+01 5.0009633832e-03 5.0725401944e-03
3.6691782342e+01 3.1790280709e+01 2.9716833829e+01 8.6641418541e-01 6.8025627380e-02 3.1676660757e+02 2.2443085902e+01 9.7734539513e-01 1.4332323223e+01 8.3516954215e-03 8.9896548179e-03
4.2877441056e+01 3.6429656019e+01 3.4383330893e+01 8.4962290477e-01 1.3935495667e-01 6.8021346404e+02 2.1374907558e+01 -9.1838851868e-01 8.2320679609e+00 7.4572255788e-03 8.0597289010e-03
4.2865443816e+01 3.2425879647e+01 3.2392947594e+01 7.5645734095e-01 1.6860578203e-01 8.3792799797e+02 6.7678285111e+00 -9.3223500054e-01 8.9286497522e+00 1.1726763765e-02 1.6398136191e-02
1.4402784912e+01 1.1695115846e+01 1.1286245343e+01 8.1200378376e-01 2.6481518618e-02 1.1969874205e+02 1.9853837153e+01 -9.3715757499e-01 9.5274721506e+00 1.6416901177e-02 1.7862097570e-02
2.5317937675e+01 2.0401603269e+01 1.9762196007e+01 8.0581615811e-01 3.7834922468e-02 1.7244429137e+02 5.6340060055e+01 6.2353282718e-01 8.0237426944e+00 7.7693927624e-03 7.9869457588e-03
6.3655081526e+01 6.2567940907e+01 5.4939316214e+01 9.8292138518e-01 2.2962449737e-01 1.1821413943e+03 6.3237592903e+00 -6.6813600720e-01 1.0455961455e+01 8.3756813455e-03 1.2191698609e-02
7.0822346371e+01 4.5337158012e+01 4.9086697261e+01 6.4015328968e-01 1.6424712477e-01 8.1411934308e+02 8.0661893281e+00 4.5040176032e-01 8.6015041813e+00 8.4876892789e-03 1.0973490148e-02
2.7616271729e+01 7.8110744954e+00 1.2315662301e+01 2.8284319375e-01 7.2055106449e-03 3.2102816764e+01 1.0254952821e+03 -9.4698061225e-01 8.9011784512e+00 3.5837334659e-03 3.5889895215e-03
4.3855620620e+01 3.4488052507e+01 3.3807695919e+01 7.8639982787e-01 4.4856361730e-02 2.0548598466e+02 5.8094241539e+01 8.1547208261e-01 1.4975793351e+01 5.4679650844e-03 5.6162185748e-03
7.4235149473e+01 7.3698408286e+01 6.4391312415e+01 9.9276971636e-01 1.3107120559e-01 6.3644269453e+02 7.5197338133e+00 1.0293640222e-01 1.0486622841e+01 7.4885296401e-03 9.9547715006e-03
2.3371444279e+01 2.0536659807e+01 1.9064274345e+01 8.7870734740e-01 8.9276127337e-03 3.9827317158e+01 4.4683722733e+02 4.7795020863e-01 9.5298122758e+00 3.7201851758e-03 3.7327509732e-03
4.8018498428e+01 4.3655766148e+01 3.9849293571e+01 9.0914475831e-01 6.7012307559e-02 3.1182827228e+02 5.4027005078e+01 -5.6414272367e-01 8.9529754281e+00 5.0040642024e-03 5.1505104081e-03
1.9548362558e+01 7.8030517449e+00 1.0534864781e+01 3.9916651443e-01 6.2513924017e-03 2.7831728685e+01 3.2862117736e+02 9.7189829083e-01 1.9411601292e+01 6.0579439431e-03 6.0858292376e-03
9.4008539519e+00 8.0430068093e+00 7.5652437070e+00 8.5556129799e-01 1.1694318171e-02 5.2279213625e+01 2.1608443460e+01 8.6294443399e-01 1.0465802403e+01 2.0607095809e-02 2.2251292060e-02
4.2249541796e+01 2.8245046429e+01 2.9952110009e+01 6.6852905922e-01 3.0759758489e-02 1.3947512951e+02 4.8308581806e+01 -9.3544966534e-02 9.1491704152e+00 6.3741324959e-03 6.5841126246e-03
2.8824867845e+01 2.4203536496e+01 2.2976611422e+01 8.3967554078e-01 2.3214277160e-02 1.0467716626e+02 5.8404483141e+01 -5.3464442866e-01 1.3744471805e+01 7.0383452579e-03 7.2281120758e-03
7.4977109892e+01 6.8540811040e+01 6.2394388697e+01 9.1415648240e-01 3.1887533483e-01 1.7200318676e+03 6.0612680855e+00 7.7023999496e-01 1.0559741827e+01 7.5225681846e-03 1.1272675699e-02
3.2647865776e+01 2.5628134219e+01 2.5144622781e+01 7.8498651016e-01 2.8640443736e-02 1.2966340593e+02 2.2639007145e+02 9.0938545190e-01 9.3339811306e+00 3.9893879954e-03 4.0161462530e-03
2.8430951615e+01 2.4749063802e+01 2.3081307724e+01 8.7049720098e-01 2.3875687985e-02 1.0771238353e+02 2.4790031303e+02 9.7810140349e-01 1.0857683868e+01 4.0796655730e-03 4.1046282769e-03
3.9046658870e+01 3.0897677279e+01 3.0196410179e+01 7.9130143714e-01 6.4957126652e-02 3.0183241550e+02 6.5115710912e+01 8.2028585863e-01 8.9139107741e+00 5.5556377846e-03 5.6892991145e-03
3.7561525046e+01 1.9533496242e+01 2.3334272874e+01 5.2004002015e-01 2.1224432226e-02 9.5563260754e+01 7.4588005147e+01 -6.2793610606e-01 1.5760592833e+01 6.3675549719e-03 6.5005407374e-03
2.8192407232e+01 2.5449118092e+01 2.3312170699e+01 9.0269404391e-01 7.3425194436e-02 3.4318993070e+02 8.0978876253e+00 -6.4248279517e-01 8.4301108623e+00 1.4200700778e-02 1.8333237492e-02
3.6615127784e+01 2.6123348454e+01 2.6847685096e+01 7.1345779832e-01 8.7841473773e-02 4.1462912722e+02 1.4391825257e+01 -7.2465110105e-01 8.4201448826e+00 1.0392188201e-02 1.1741971418e-02
3.5172926699e+01 2.2189965004e+01 2.4193175023e+01 6.3088196196e-01 7.7396692672e-02 3.6274149293e+02 5.7791289887e+00 -7.0969957436e-01 9.5905574688e+00 1.5710121061e-02 2.4437126594e-02
7.6071756229e+01 4.0199345867e+01 4.7661872390e+01 5.2843982918e-01 1.5336861682e-01 7.5516413513e+02 8.1110800940e+00 -4.8757370239e-01 9.2360256100e+00 8.6781912278e-03 1.1196963120e-02
7.9842650608e+01 7.5990527692e+01 6.7805458690e+01 9.5175356922e-01 4.8670446847e-01 2.8285233674e+03 1.7898543665e+00 9.7664096551e-01 9.4203748467e+00 1.0469677195e-02 1.0000000000e+00
8.6205639367e+01 8.5328128724e+01 7.4663236826e+01 9.8982072809e-01 5.4881088182e-01 3.2667867260e+03 6.2495275965e+00 8.5037114902e-01 9.0079073391e+00 6.0122536348e-03 8.8195361138e-03
7.0576990070e+01 6.2476523284e+01 5.7786011891e+01 8.8522510272e-01 4.2825524760e-01 2.4292693930e+03 5.9665317570e+00 -9.8911181905e-01 9.5356544170e+00 7.5532205306e-03 1.1452229355e-02
8.0011555841e+01 5.0157933274e+01 5.4852139168e+01 6.2688361383e-01 1.9108997221e-01 9.6242117148e+02 2.9274212568e+01 9.2699945973e-01 8.6623486262e+00 4.8142368052e-03 5.0869245289e-03
3.1144458799e+01 2.3432603379e+01 2.3470306831e+01 7.5238434968e-01 2.4203802540e-02 1.0921917865e+02 1.2381021309e+02 7.4443786881e-01 1.2875628138e+01 5.2368646193e-03 5.3017571814e-03
4.2294575967e+01 3.6033243759e+01 3.3963279043e+01 8.5195897903e-01 1.2158437048e-01 5.8680858354e+02 7.5487555823e+00 7.6128794796e-01 1.0398545336e+01 1.1212217281e-02 1.4880455776e-02
4.6574813773e+01 3.7496201555e+01 3.6337394406e+01 8.0507464264e-01 2.2275102946e-01 1.1423741011e+03 6.0555501977e+00 -9.8904586657e-01 8.9202265693e+00 1.1061289331e-02 1.6586903689e-02
3.3280978461e+01 1.6092891249e+01 1.9888345878e+01 4.8354621747e-01 9.4687882605e-03 4.2258891483e+01 7.4405598921e+01 -6.4574955576e-02 1.5908846217e+01 7.0939220474e-03 7.2424552292e-03
4.2355145767e+01 4.0772019275e+01 3.6175325458e+01 9.6262257009e-01 7.3619655367e-02 3.4414495891e+02 3.7323625174e+01 9.3324756179e-01 1.3445672778e+01 6.0832756747e-03 6.3474507474e-03
1.0443274017e+01 9.3050645455e+00 8.5788194003e+00 8.9101028382e-01 1.8051442711e-02 8.1084769751e+01 3.5756996461e+01 9.5453089060e-01 8.7725012473e+00 1.5709489619e-02 1.6424141564e-02
5.4121414269e+01 4.4956077499e+01 4.2904172306e+01 8.3065230476e-01 1.0248430338e-01 4.8850155025e+02 1.7153115497e+01 5.5413744790e-01 1.0135539394e+01 7.1985851996e-03 7.9522502964e-03
7.8267790912e+01 7.8115985365e+01 6.8069953778e+01 9.9806043399e-01 5.2428750394e-01 3.0920757111e+03 4.1740526774e+00 7.8429515744e-01 9.6288722158e+00 7.4850991108e-03 2.4640613221e-02
3.4860082348e+01 3.0733597239e+01 2.8483456071e+01 8.8162721284e-01 1.0241624339e-01 4.8815516975e+02 1.4177661031e+01 7.4001566448e-01 8.0357653787e+00 9.9880933483e-03 1.1310096747e-02
6.4830693876e+01 4.1397357336e+01 4.4874965731e+01 6.3854564654e-01 1.0118356099e-01 4.8188648629e+02 3.8851458987e+01 9.9047633410e-01 1.2595299054e+01 5.1549930900e-03 5.3693655963e-03
7.8918070817e+01 6.3265262450e+01 6.1437753376e+01 8.0165748851e-01 2.5637642196e-01 1.3392330617e+03 1.1396341680e+00 -8.7153999904e-01 9.7063300324e+00 1.4652500843e-02 1.0000000000e+00
4.3813577911e+01 2.8570806407e+01 3.0661242793e+01 6.5209936667e-01 1.0446139002e-01 4.9857585181e+02 4.1815051258e+00 -6.7080426191e-01 9.9420762958e+00 1.5060289582e-02 4.8837083999e-02
4.2751517816e+01 3.1296552041e+01 3.1766258861e+01 7.3205709738e-01 8.7647822785e-02 4.1366096685e+02 5.4341989497e+01 -9.1542913705e-01 8.3535010004e+00 5.6847443575e-03 5.8500943994e-03
4.5364055888e+01 4.2696908782e+01 3.8309660081e+01 9.4120571776e-01 1.2666295381e-01 6.1331330115e+02 6.7030815638e+00 -4.4973598380e-01 8.3336260304e+00 1.0842485710e-02 1.5241742353e-02
4.8664829463e+01 4.2639028281e+01 3.9638359963e+01 8.7617749312e-01 2.1864179236e-01 1.1187175830e+03 8.4134519038e+00 8.7036307760e-01 8.1900689151e+00 9.2802691329e-03 1.1820449802e-02
6.2168689090e+01 3.4761461733e+01 4.0133780068e+01 5.5914741395e-01 9.0498072416e-02 4.2793412429e+02 9.5119407109e+00 -6.2358910784e-01 1.3710083406e+01 9.4267168438e-03 1.1567038632e-02
8.5969490079e+01 4.5641200667e+01 5.3996127381e+01 5.3089998121e-01 3.2043260848e-01 1.7297576171e+03 4.0078590880e+00 -6.6587467032e-01 8.9429147744e+00 9.6084712014e-03 9.9536393912e-02
6.9974052055e+01 6.5813898686e+01 5.9071845402e+01 9.4054719933e-01 2.5032744703e-01 1.3033938672e+03 1.1309559679e+01 8.1017592190e-01 9.9900641435e+00 6.3698017705e-03 7.5025491179e-03
1.6492222877e+01 1.5623820260e+01 1.3973186354e+01 9.4734471976e-01 3.4968352480e-02 1.5904702068e+02 9.6558510816e+00 7.1991499747e-01 8.4403005502e+00 1.8727732939e-02 2.2887319383e-02
6.7225151307e+01 4.7942300504e+01 4.9281559595e+01 7.1316017253e-01 3.6015833103e-01 1.9815959624e+03 6.4477745789e+00 9.8769693668e-01 8.6995384642e+00 8.3554694873e-03 1.2014626300e-02
3.0864976744e+01 2.9979045762e+01 2.6480529920e+01 9.7129656084e-01 1.4460329927e-02 6.4779384703e+01 3.0196333982e+02 -4.4484843685e-01 8.3792647685e+00 3.4971303685e-03 3.5146622156e-03
2.0225088626e+01 8.2741868660e+00 1.1045940284e+01 4.0910509808e-01 1.2482745802e-02 5.5837049209e+01 2.2688720239e+01 7.0866022731e-01 1.4844950546e+01 1.5963313463e-02 1.7167594856e-02
3.6998466826e+01 2.7071005097e+01 2.7484170633e+01 7.3167910510e-01 1.4029205825e-02 6.2827672595e+01 2.2409217770e+02 7.2369709605e-01 1.6190925936e+01 3.8221043886e-03 3.8480067732e-03
3.6688457565e+01 2.1334121723e+01 2.4179266796e+01 5.8149410301e-01 6.4380333365e-02 2.9903184436e+02 5.2689495059e+01 9.0400899821e-01 8.4566998234e+00 6.9133214175e-03 7.1210664109e-03
3.8047906766e+01 3.6157391334e+01 3.2287151551e+01 9.5031223547e-01 1.1650737090e-01 5.6046475818e+02 3.1772573384e+01 -9.2575811674e-01 8.0188007882e+00 6.7700833726e-03 7.1204528939e-03
3.2691753758e+01 3.1972751650e+01 2.8144772853e+01 9.7800662167e-01 8.7248350751e-02 4.1166453180e+02 1.7717191307e+01 -9.1290271640e-01 1.0513000731e+01 9.3367041806e-03 1.0277020639e-02
3.2548713638e+01 2.0811561384e+01 2.2545479916e+01 6.3939735426e-01 4.3757917858e-02 2.0029577535e+02 5.3828775409e+01 -6.5103850565e-01 8.5154857095e+00 7.2527592803e-03 7.4658390070e-03
3.6675735112e+01 3.4118243635e+01 3.0790733292e+01 9.3026747878e-01 5.6406112821e-02 2.6053011759e+02 1.5444535789e+00 -8.8548977987e-01 1.3027160601e+01 2.2437441562e-02 1.0000000000e+00
3.3070464450e+01 3.0300144825e+01 2.7552018579e+01 9.1622979383e-01 7.7860630398e-02 3.6503186847e+02 7.6594547827e+00 7.1083529656e-01 1.1111444315e+01 1.3028638282e-02 1.7186683470e-02
5.6930134560e+01 5.5368336500e+01 4.8875075682e+01 9.7256640843e-01 2.6061164294e-01 1.3644354540e+03 3.4100212317e+00 8.6377269441e-01 1.0743821453e+01 1.1183915158e-02 1.0000000000e+00
4.1644446389e+01 3.7570132269e+01 3.4425389837e+01 9.0216428664e-01 2.1124199927e-01 1.0763419529e+03 6.1503538784e+00 9.9716376763e-01 8.7038826110e+00 1.1442333087e-02 1.6969181666e-02
3.5425989840e+01 3.4827580385e+01 3.0578311346e+01 9.8310817968e-01 3.6424438037e-02 1.6584550696e+02 1.1706829316e+01 -1.7773684960e-01 1.2797377073e+01 1.0669929409e-02 1.2480956681e-02
7.9080987513e+01 7.7783054304e+01 6.8276235179e+01 9.8358729134e-01 3.6392520819e-01 2.0058420413e+03 4.4019890288e+00 4.8455162854e-01 8.7127435042e+00 7.8503642564e-03 1.9260956115e-02
1.5005290603e+01 1.3820601250e+01 1.2534478161e+01 9.2104855650e-01 1.9035175585e-02 8.5566414928e+01 5.8123626515e+01 6.2749610475e-01 8.9014692846e+00 1.0324138767e-02 1.0603909533e-02
5.6873904560e+01 2.5850754849e+01 3.2877952739e+01 4.5452752100e-01 7.4967071082e-02 3.5076883244e+02 8.5511774105e+00 5.4655306087e-01 1.1778031008e+01 1.1213045111e-02 1.4204857332e-02
3.7473913823e+01 2.5143311264e+01 2.6616573879e+01 6.7095503776e-01 5.3586893014e-02 2.4701515233e+02 8.8136790062e+01 -8.5036080900e-01 8.6343506442e+00 5.4025365359e-03 5.4974583343e-03
3.8759734441e+01 3.5118584760e+01 3.2110515522e+01 9.0605844613e-01 3.5601890134e-02 1.6200331386e+02 8.1381262210e+01 -9.1056714203e-01 1.6904585784e+01 5.0040773562e-03 5.0995545776e-03
2.6898907916e+01 2.3938666209e+01 2.2083290966e+01 8.8994937208e-01 7.0947780666e-02 3.3104371356e+02 3.7743797986e+00 9.9429799857e-01 1.1019755397e+01 1.9586578937e-02 1.0000000000e+00
3.4806737908e+01 1.7328088872e+01 2.1126269074e+01 4.9783719800e-01 2.1627806512e-02 9.7408674462e+01 7.4201090064e+01 -5.8025818911e-01 1.3110109642e+01 6.7872632041e-03 6.9297824718e-03
7.4667999147e+01 5.4973214860e+01 5.5644567569e+01 7.3623527465e-01 2.8249568000e-01 1.4960765741e+03 5.8992772215e+00 6.4355859783e-01 8.8366925623e+00 8.3070536327e-03 1.2706499727e-02
4.1113450712e+01 4.0950116132e+01 3.5720157269e+01 9.9602722280e-01 1.0965258703e-01 5.2514001338e+02 1.4077055505e+01 5.6115137259e-01 8.1481121882e+00 8.6579697513e-03 9.8142672232e-03
1.8638956276e+01 1.5198356864e+01 1.4636989533e+01 8.1540815050e-01 3.6522435159e-02 1.6630355490e+02 2.7951700077e+01 9.8128517224e-01 9.9569066601e+00 1.2200387216e-02 1.2927828157e-02
4.4186384332e+01 3.4278836666e+01 3.3826205565e+01 7.7577826708e-01 2.2173529187e-02 9.9907044093e+01 1.7985782672e+02 -9.7880290964e-01 1.6976309288e+01 3.6273214481e-03 3.6580438628e-03
3.7561394415e+01 3.7209980228e+01 3.2545699816e+01 9.9064427207e-01 1.4164921856e-02 6.3441928982e+01 6.7468706875e+01 5.7787535876e-01 3.2198372778e+01 5.3936277977e-03 5.5186709439e-03
3.3040440444e+01 2.7316771962e+01 2.6129992701e+01 8.2676779108e-01 2.6491352347e-02 1.1974406052e+02 1.5851261250e+02 9.4687685157e-01 1.3809096147e+01 4.4574624613e-03 4.5003900154e-03
4.8248960055e+01 4.3535053021e+01 3.9888050630e+01 9.0230033915e-01 8.5238252738e-02 4.0163363563e+02 5.3239667117e+01 6.9058576114e-01 8.2836227157e+00 4.9756812680e-03 5.1235695536e-03
2.9473430566e+01 1.9142294038e+01 2.0582562854e+01 6.4947627983e-01 2.5315280305e-02 1.1432869813e+02 1.4110924575e+02 -9.5725537277e-01 1.2962525079e+01 5.4089677436e-03 5.4676117080e-03
3.0564414747e+01 2.3467128611e+01 2.3274274281e+01 7.6779250661e-01 4.5282912113e-02 2.0750356501e+02 1.3177171279e+01 -7.8674459507e-01 1.4413276654e+01 1.2041169562e-02 1.3790695832e-02
2.3703789613e+01 2.2848610165e+01 2.0259005778e+01 9.6392224782e-01 2.9561828891e-02 1.3392547952e+02 6.1093894085e+01 -6.0956102671e-01 1.0115038560e+01 7.4580873318e-03 7.6498957711e-03
2.5688036764e+01 1.4380457564e+01 1.6593636292e+01 5.5981146776e-01 2.7985540334e-02 1.2663740548e+02 2.5922865099e+01 4.2151628636e-01 8.1186860795e+00 1.1663644123e-02 1.2420208695e-02
3.0835664273e+01 2.7966149020e+01 2.5558387003e+01 9.0694167547e-01 5.1509962979e-02 2.3709120149e+02 6.0835579141e+01 6.9127739874e-01 8.4004555595e+00 6.3755822711e-03 6.5402803257e-03
2.6511286702e+01 2.3574222212e+01 2.1755971907e+01 8.8921456274e-01 5.8909988026e-02 2.7257593962e+02 1.1280614172e+01 -7.4821220542e-01 1.0051823531e+01 1.3206036846e-02 1.5562676071e-02
3.4634159181e+01 2.3457373895e+01 2.4719965242e+01 6.7729012194e-01 8.5812815069e-02 4.0449830084e+02 2.7334135018e+01 -9.4153975003e-01 8.3186147832e+00 8.6130006605e-03 9.1394927216e-03
3.8683689086e+01 3.1175213530e+01 3.0196599621e+01 8.0590073662e-01 9.6594608024e-02 4.5863094362e+02 1.6324870213e+01 -7.1996243206e-01 8.6274748528e+00 9.1643042648e-03 1.0182977127e-02
9.4041575778e+00 7.0775901934e+00 7.0879808147e+00 7.5260225436e-01 5.1291498476e-03 2.2815909358e+01 6.6047590749e+00 -8.6022587576e-01 1.3980332956e+01 3.3613143102e-02 4.7647778494e-02
4.2650841305e+01 3.1542338660e+01 3.1858116670e+01 7.3954786575e-01 9.9269170911e-02 4.7216932115e+02 8.7319988415e+00 6.2237958798e-01 9.4396775567e+00 1.1189238353e-02 1.4079149327e-02
3.9053723161e+01 3.6715030422e+01 3.2961409354e+01 9.4011601071e-01 3.6391017585e-02 1.6568931092e+02 8.3221184103e+01 9.9159463911e-01 1.8125111464e+01 4.8795205429e-03 4.9704917952e-03
3.3125972328e+01 3.1305409499e+01 2.8031950989e+01 9.4504122594e-01 7.9763514677e-02 3.7444008637e+02 9.3112208613e+00 9.4615578008e-01 1.3798486145e+01 1.1965463432e-02 1.4769273193e-02
2.0597259307e+01 2.0577567491e+01 1.7922381872e+01 9.9904395942e-01 2.6228045726e-02 1.1853083969e+02 2.6356818631e+02 9.8485044964e-01 8.2974366374e+00 4.6632222961e-03 4.6900415568e-03
3.3531754937e+01 3.0257220163e+01 2.7721840500e+01 9.0234526109e-01 3.8238435182e-02 1.7433446646e+02 3.8181231208e+01 4.7709736461e-01 1.1108836152e+01 7.2740711221e-03 7.5822985060e-03
5.8925347456e+01 4.7129207683e+01 4.5819411736e+01 7.9981213039e-01 5.5289897998e-02 2.5517305123e+02 8.2494772851e+01 -6.2478606895e-01 9.6235465101e+00 3.9400118244e-03 4.0141367212e-03
8.2740327177e+01 4.9696934734e+01 5.5465899862e+01 6.0063739689e-01 1.8700948139e-01 9.3962121542e+02 1.8283377129e+00 -5.2710832802e-01 8.9284076169e+00 1.3554997114e-02 1.0000000000e+00
8.3637434494e+01 6.6304369598e+01 6.4741262682e+01 7.9275948621e-01 1.9516581407e-01 9.8528562308e+02 1.0539377605e+01 9.3375632050e-01 1.6353019177e+01 6.3530796673e-03 7.5982531237e-03
3.9291511559e+01 2.1586945339e+01 2.5130505813e+01 5.4940480736e-01 4.7742532039e-02 2.1916049552e+02 1.0061083600e+02 -8.0978047824e-01 8.2660678105e+00 5.3474173573e-03 5.4293917097e-03
3.2895160128e+01 2.9936098287e+01 2.7312482051e+01 9.1004567755e-01 8.1927492181e-02 3.8516655952e+02 1.8436016880e+01 8.1696003675e-01 9.5938927862e+00 9.4014751661e-03 1.0304534952e-02
1.9980544820e+01 1.0831279202e+01 1.2689039945e+01 5.4209128430e-01 2.7127556117e-02 1.2267734577e+02 6.4669441090e+01 -9.0997169895e-01 8.5511803163e+00 9.7949080153e-03 1.0032260010e-02
3.1050106435e+01 1.5992920370e+01 1.9190905613e+01 5.1506813362e-01 2.8563813815e-02 1.2930918904e+02 1.5526136275e+02 8.1008949509e-01 8.8273568318e+00 5.4411760300e-03 5.4946944304e-03
3.4539866421e+01 2.1271196890e+01 2.3459755922e+01 6.1584479309e-01 2.0157840914e-02 9.0688879661e+01 2.2071845002e+02 9.4525264875e-01 1.3661775269e+01 4.2277759664e-03 4.2568710780e-03
5.4585936835e+01 3.5279048586e+01 3.8022483318e+01 6.4630288736e-01 1.2387259405e-01 5.9873179268e+02 2.9405562653e+01 -9.3836533586e-01 9.4323424692e+00 6.2666610962e-03 6.6198623957e-03
2.0618058400e+01 1.9673193919e+01 1.7531998697e+01 9.5417296512e-01 2.8686940126e-02 1.2987835138e+02 4.2281490064e+01 -5.5777274376e-01 9.0514380168e+00 9.3765425016e-03 9.7325864570e-03
3.7270981589e+01 2.4017099558e+01 2.5921470117e+01 6.4439138800e-01 5.1328947358e-02 2.3622758767e+02 9.6290369085e+01 9.5553055206e-01 9.4265214632e+00 5.3205100371e-03 5.4058400631e-03
4.2155968201e+01 3.7771184955e+01 3.4727453451e+01 8.9598665544e-01 1.1985461542e-01 5.7781594622e+02 2.2251358557e+01 8.6135150505e-01 8.9295347494e+00 7.3793044698e-03 7.9485595130e-03
5.5685688550e+01 5.5565739068e+01 4.8424962714e+01 9.9784595495e-01 2.6400749350e-01 1.3847077470e+03 8.6800393814e+00 9.3183519484e-01 9.4472303110e+00 7.9106699901e-03 9.9727593175e-03
3.1917996072e+01 1.9970928570e+01 2.1859760081e+01 6.2569493791e-01 7.6632528938e-02 3.5897188298e+02 2.7060581346e+01 9.6333532614e-01 8.1407920546e+00 9.3858534066e-03 9.9660679397e-03
8.2066244285e+01 5.9571700896e+01 6.0713715586e+01 7.2589773560e-01 1.9836940278e-01 1.0033201236e+03 8.1740999334e+00 4.2797502719e-01 9.1164365331e+00 7.2624358970e-03 9.3440730442e-03
3.1116752274e+01 1.5155349003e+01 1.8666903322e+01 4.8704790493e-01 5.1937957133e-02 2.3913397106e+02 2.2851542571e+01 8.2685876601e-01 8.6918903980e+00 1.1198591932e-02 1.2036539777e-02
3.8518234845e+01 3.3369473850e+01 3.1194534780e+01 8.6632925896e-01 6.7992541846e-02 3.1660526554e+02 4.4698318626e+01 8.8760998966e-01 1.1054916602e+01 6.2575933881e-03 6.4814975249e-03
2.9489915581e+01 1.7168710664e+01 1.9447345821e+01 5.8218921031e-01 4.2612185420e-02 1.9489045664e+02 4.1597631437e+01 -9.4150203452e-01 1.0872368162e+01 8.7681012981e-03 9.1069112080e-03
3.2669654927e+01 2.2105274386e+01 2.3306008968e+01 6.7663017672e-01 7.1496584924e-02 3.3373105977e+02 6.2571829086e+00 -9.9250295419e-01 1.3154440793e+01 1.5662712865e-02 2.2957337706e-02
9.8146254650e+00 9.6174485150e+00 8.4577789373e+00 9.7990988543e-01 1.3149640945e-02 5.8849717692e+01 1.4678353497e+02 9.5842378884e-01 9.0197494236e+00 9.3612864949e-03 9.4587825494e-03
7.5383483422e+01 6.0797366999e+01 5.8867199515e+01 8.0650779507e-01 3.5400149717e-01 1.9421012102e+03 1.3501373848e+01 9.7630649031e-01 8.0332007079e+00 5.6832424255e-03 6.4836269000e-03
