# FullPop+Madau Taiji events with joint-polarization SNR above threshold
# summary = {'model': 'fullpop_madau_joint_polarization_snr', 'Tobs_yr': 4.0, 'rho_thr': 8.0, 'z_max': 0.9, 't_merger_min_yr': 0.1, 't_merger_max_yr': 2000.0, 'n_samples': 300000000, 'n_workers': 32, 'n_freq': 2000, 'n_snr_above_threshold': 741, 'detected_fraction': 2.47e-06, 'max_snr': 45.63529538951678}
# columns: m1_msun m2_msun chirp_mass_msun q redshift dl_mpc t_merger_yr cos_iota snr f_start_hz f_end_hz
4.4840039092e+01 3.3381498739e+01 3.3607624674e+01 7.4445739600e-01 6.4872067524e-02 3.0141928575e+02 1.4068522991e+01 7.0133595990e-01 1.4770100124e+01 9.2308781925e-03 1.0464634088e-02
3.1395436403e+01 2.0326292614e+01 2.1888712228e+01 6.4742825526e-01 5.4516477232e-02 2.5146583490e+02 3.2407286250e+01 -7.5433035090e-01 8.6436575897e+00 8.8794027474e-03 9.3290753121e-03
5.6329599941e+01 5.3775117958e+01 4.7910382421e+01 9.5465116057e-01 1.8884107596e-01 9.4984410703e+02 1.6257941514e+01 -8.5881941000e-01 9.3782511642e+00 6.5395860610e-03 7.2701482008e-03
3.9442432474e+01 1.8806292937e+01 2.3393911739e+01 4.7680357822e-01 6.1938038479e-02 2.8719684168e+02 1.1389442993e+01 8.3500443973e-01 1.1655223791e+01 1.2552523576e-02 1.4763525858e-02
7.1617684876e+01 6.0331862615e+01 5.7181905796e+01 8.4241570667e-01 2.9581367676e-01 1.5773323705e+03 1.3510682389e+00 9.1717035468e-01 8.7711703680e+00 1.4102334787e-02 1.0000000000e+00
2.8999509135e+01 2.1235230838e+01 2.1551015943e+01 7.3226173380e-01 3.3040405596e-02 1.5006676139e+02 1.4421188675e+02 9.8239323393e-01 1.0508288268e+01 5.1886536931e-03 5.2436750424e-03
3.8958983582e+01 3.4886171743e+01 3.2084269653e+01 8.9545898110e-01 1.2616925278e-01 6.1073004030e+02 5.5833340989e+00 -6.6806486123e-01 8.9289471229e+00 1.2976296107e-02 2.0815945465e-02
3.2775605987e+01 2.5245153504e+01 2.4998880794e+01 7.7024215857e-01 5.6357755546e-02 2.6029787079e+02 2.8492434963e+01 8.2496269152e-01 1.1066448515e+01 8.5667266921e-03 9.0667473166e-03
3.8006870450e+01 2.7814326138e+01 2.8236134197e+01 7.3182363633e-01 5.7615440037e-02 2.6634304215e+02 3.9607818088e+01 -7.8774652910e-01 1.0900219907e+01 7.0112388309e-03 7.2968109546e-03
4.0048926609e+01 3.6228443686e+01 3.3151653359e+01 9.0460461123e-01 1.1551477187e-01 5.5533221673e+02 3.2921143365e+01 9.9522959978e-01 8.8273581024e+00 6.5747588415e-03 6.9020344424e-03
4.2232453548e+01 4.1845616578e+01 3.6596640829e+01 9.9084029134e-01 1.4836219639e-01 7.2825831119e+02 5.3783329954e+00 7.7142486090e-01 1.0585776458e+01 1.1973683954e-02 1.9950917206e-02
6.1144894605e+01 5.6628417698e+01 5.1218564061e+01 9.2613484845e-01 1.9498448717e-01 9.8426650903e+02 1.4437917996e+00 8.8467585683e-01 1.0258173809e+01 1.5501116763e-02 1.0000000000e+00
3.1791042807e+01 2.4376255141e+01 2.4191697879e+01 7.6676488055e-01 4.6257016719e-02 2.1211548553e+02 3.8094265494e+01 7.0012926945e-01 1.0314296313e+01 7.8891993967e-03 8.2243158806e-03
4.1472736981e+01 4.1380207671e+01 3.6063811831e+01 9.9776891237e-01 1.0875263849e-01 5.2052321422e+02 3.7862651484e+01 -9.5156925166e-01 9.2814810906e+00 5.9415557275e-03 6.1956082371e-03
2.8408014464e+01 2.7920120510e+01 2.4517141125e+01 9.8282548205e-01 1.7314254951e-02 7.7730553998e+01 1.6566961015e+02 -8.0130195563e-01 1.6918008456e+01 4.5880334552e-03 4.6302772706e-03
4.1787748308e+01 3.9483649386e+01 3.5358367748e+01 9.4486185508e-01 1.3005563584e-01 6.3110405580e+02 1.1429930094e+01 9.0349581082e-01 1.0767786174e+01 9.3144964477e-03 1.0947285612e-02
2.9892023262e+01 2.6450038030e+01 2.4469349329e+01 8.8485271801e-01 4.0353213139e-02 1.8425807681e+02 6.8449669603e+00 9.2253274836e-01 2.2611077364e+01 1.4963371666e-02 2.0797673770e-02
3.0031016080e+01 2.7390679747e+01 2.4962524214e+01 9.1207968702e-01 2.5319826654e-02 1.1434961472e+02 4.7633295107e+01 -2.5071569778e-01 1.0410581334e+01 7.2046327731e-03 7.4455464888e-03
3.2728000787e+01 1.3678640860e+01 1.8082622933e+01 4.1794917293e-01 5.1802737945e-03 2.3044220682e+01 4.9214166143e+02 -5.6928959899e-01 1.6774506307e+01 3.7170301104e-03 3.7284229727e-03
5.3003092880e+01 5.1329955580e+01 4.5406589300e+01 9.6843321383e-01 9.1475642591e-02 4.3284098841e+02 6.6090035205e+00 1.0380089438e-01 9.8216493879e+00 9.9979662932e-03 1.4167220799e-02
5.7815537148e+01 3.1730754320e+01 3.6957744265e+01 5.4882745858e-01 2.1499764587e-01 1.0978128601e+03 8.2412555329e+00 9.2721069395e-01 8.1021396581e+00 9.7892105057e-03 1.2558413267e-02
8.0680527690e+01 5.9772651577e+01 6.0319319923e+01 7.4085598209e-01 1.4240446222e-01 6.9642720757e+02 2.6106251487e+01 -5.0110478223e-01 8.1361219766e+00 4.8609241514e-03 5.1737432598e-03
3.5553855821e+01 4.6000000000e+00 1.0172817940e+01 1.2938118507e-01 5.5847492117e-03 2.4851166109e+01 2.6301447572e+02 -8.0575848732e-01 1.9026137060e+01 6.7338882461e-03 6.7726987781e-03
1.9195959787e+01 1.1177779261e+01 1.2660170797e+01 5.8229853493e-01 1.1063971845e-02 4.9437734508e+01 5.1397170914e+02 7.6082044475e-01 8.2173644339e+00 4.5530997258e-03 4.5664592513e-03
7.9181849363e+01 2.7170850107e+01 3.9290505553e+01 3.4314492937e-01 3.5350402314e-02 1.6082947541e+02 2.9250344270e+01 -7.2835783656e-01 2.6526310413e+01 6.4753353703e-03 6.8424423282e-03
3.1407982931e+01 2.6270621528e+01 2.4986376952e+01 8.3643134885e-01 3.3153993760e-02 1.5059517276e+02 4.7622677484e+01 -4.8232191634e-01 1.0634105851e+01 7.1667597856e-03 7.4064638446e-03
3.5071000509e+01 3.1831963091e+01 2.9080232585e+01 9.0764342702e-01 1.1508662510e-01 5.5312016419e+02 1.3728853323e+01 9.3679628185e-01 9.2369059271e+00 9.9081219224e-03 1.1274078919e-02
4.8611250128e+01 4.2755339856e+01 3.9671517059e+01 8.7953590462e-01 8.5502955740e-02 4.0295314422e+02 9.5253711302e-01 -7.1318804449e-01 8.6992906964e+00 2.2569471609e-02 1.0000000000e+00
4.0428067245e+01 3.5299535155e+01 3.2871561742e+01 8.7314426735e-01 5.8082048602e-02 2.6858840442e+02 1.8625285865e+01 -5.6144630935e-01 1.2489991438e+01 8.4585288542e-03 9.2612435214e-03
3.3589485534e+01 2.2929141011e+01 2.4072232117e+01 6.8262852635e-01 7.7354689301e-02 3.6253419623e+02 3.2796579196e+01 -9.1568871939e-01 8.2340754094e+00 8.2188890862e-03 8.6297057461e-03
8.3441164193e+01 6.8801643871e+01 6.5899200351e+01 8.2455277962e-01 2.9196746897e-01 1.5537782387e+03 9.5707089686e+00 -7.7751331724e-01 1.0156310510e+01 6.2048941137e-03 7.6010220027e-03
3.8850515302e+01 3.5243634574e+01 3.2205474332e+01 9.0716002864e-01 1.1436041441e-01 5.4937064303e+02 2.6823927402e+01 9.1958344220e-01 8.5580921537e+00 7.2339873674e-03 7.6855905100e-03
3.5807005670e+01 3.2283121245e+01 2.9590294299e+01 9.0158673257e-01 5.1577470734e-02 2.3741333052e+02 4.2079845851e+01 -8.7069495588e-01 1.3739958546e+01 6.6799596917e-03 6.9349119491e-03
7.8239401402e+01 7.3606981141e+01 6.6058061529e+01 9.4079172159e-01 5.9532566526e-01 3.6038522515e+03 3.9101671189e+00 -7.8858478553e-01 8.5145621899e+00 7.5964907341e-03 1.0000000000e+00
7.5451086431e+01 6.7493972008e+01 6.2104699035e+01 8.9453943212e-01 5.2044737120e-01 3.0649107766e+03 3.1022670079e+00 8.7897615469e-01 8.7619832010e+00 8.8737286482e-03 1.0000000000e+00
4.0844068713e+01 2.3710034887e+01 2.6893785934e+01 5.8050129761e-01 4.2723300723e-02 1.9541430188e+02 1.3657584804e+02 8.3567913544e-01 8.4981379979e+00 4.5842404558e-03 4.6356266292e-03
3.4897571882e+01 2.6567115286e+01 2.6458098649e+01 7.6128836056e-01 7.6816943299e-02 3.5988126315e+02 4.0351738775e+00 -6.6844536639e-01 1.0220623279e+01 1.7003353273e-02 1.0067006069e-01
4.2915165309e+01 3.9007128247e+01 3.5610038256e+01 9.0893575653e-01 1.2327183875e-01 5.9559845070e+02 1.2785328896e+01 8.7541689833e-01 1.0746874693e+01 8.9252000526e-03 1.0273671243e-02
3.2360716659e+01 2.1437603142e+01 2.2832994510e+01 6.6245761390e-01 1.0047354052e-01 4.7827992997e+02 5.4115730328e+00 -8.5218707165e-01 8.0640176259e+00 1.6475377459e-02 2.7270489746e-02
1.2908035022e+01 1.0248446336e+01 9.9994562847e+00 7.9395867139e-01 2.6404135275e-03 1.1723015024e+01 1.0482826867e+03 -5.1128280965e-01 1.3822786321e+01 4.0601337752e-03 4.0659587553e-03
8.4480569883e+00 7.1034558404e+00 6.7387816297e+00 8.4083900597e-01 1.0055125966e-02 4.4895611250e+01 1.8678470970e+02 -9.8377321285e-01 8.5392703777e+00 9.8761734739e-03 9.9566732852e-03
3.6968447461e+01 2.3255928246e+01 2.5390103617e+01 6.2907505840e-01 1.8396795524e-02 8.2657377396e+01 1.7166191627e+02 3.7562586453e-01 9.4732956092e+00 4.4264399163e-03 4.4657499041e-03
6.4998371475e+01 4.1360632243e+01 4.4909573901e+01 6.3633336197e-01 1.7225535865e-01 8.5794516179e+02 4.6945241616e+00 4.7721606546e-01 8.9927235903e+00 1.0945186731e-02 2.2409762696e-02
4.6596692931e+01 3.6023526468e+01 3.5607995245e+01 7.7309191279e-01 1.7482196634e-01 8.7206691865e+02 3.8048852215e+00 9.0606844951e-01 1.0116828488e+01 1.3672342194e-02 1.0000000000e+00
3.4730440946e+01 3.1237501267e+01 2.8665885577e+01 8.9942714278e-01 2.7471113107e-02 1.2426246327e+02 2.0679094899e+02 6.4616795380e-01 8.1155238338e+00 3.8052838316e-03 3.8332590116e-03
3.1697946542e+01 1.6744977822e+01 1.9856529837e+01 5.2826695885e-01 1.6105237937e-02 7.2237362735e+01 7.5332679603e+01 -2.0309226454e-01 1.0291228379e+01 7.0392385868e-03 7.1847434360e-03
5.1697942702e+01 4.9160498382e+01 4.3884511918e+01 9.5091788594e-01 1.4454205932e-01 7.0782450334e+02 2.0604852055e+01 7.0618780232e-01 8.4374202067e+00 6.4728089260e-03 7.0184824915e-03
7.9367717040e+01 6.8052108644e+01 6.3941100442e+01 8.5742807255e-01 1.1291123976e-01 5.4189777907e+02 1.6541257723e+01 -5.5616661938e-01 1.4548128804e+01 5.6533665912e-03 6.2718034032e-03
7.0280603689e+01 4.2550644167e+01 4.7310669650e+01 6.0543936639e-01 2.2241216604e-01 1.1404199442e+03 3.6494329567e+00 6.7419489778e-01 9.6970602147e+00 1.1342942946e-02 1.0000000000e+00
4.5747330020e+01 3.3575074454e+01 3.4036936769e+01 7.3392424081e-01 1.4580535370e-01 7.1457254672e+02 6.8739647549e+00 -7.0735902259e-01 8.4902341024e+00 1.1443389577e-02 1.5869998363e-02
3.6969464051e+01 3.1647833301e+01 2.9759495224e+01 8.5605334331e-01 6.0767472578e-02 2.8153786736e+02 1.0550597135e+02 9.0638474226e-01 8.0541051114e+00 4.6898964766e-03 4.7583655170e-03
5.1667872855e+01 2.8320668731e+01 3.3005696060e+01 5.4812917904e-01 1.4494887373e-01 7.0999655008e+02 8.5834019492e+00 -8.0272400088e-01 8.6162317734e+00 1.0738387711e-02 1.3586759708e-02
2.7270106813e+01 2.2684476885e+01 2.1633873992e+01 8.3184407895e-01 2.4016844965e-02 1.0836052900e+02 2.0072617937e+02 8.6799114028e-01 1.0733174339e+01 4.5977289347e-03 4.6325654200e-03
1.0435695372e+01 9.9074616300e+00 8.8512907156e+00 9.4938202746e-01 9.1875897027e-03 4.0995182398e+01 4.8035989776e+02 -8.9563215393e-01 8.8123281269e+00 5.8475190810e-03 5.8658841163e-03
3.5445968306e+01 2.3565253319e+01 2.5056271914e+01 6.6482182447e-01 4.5495641504e-02 2.0851021349e+02 2.5709480196e+01 -9.8652347569e-01 1.6657806034e+01 8.9482185346e-03 9.5340633559e-03
6.3007879668e+01 5.4732067430e+01 5.1097218971e+01 8.6865432892e-01 1.2713424131e-01 6.1578062271e+02 3.3853099192e+01 -6.6657587385e-01 8.4526401131e+00 4.9327404375e-03 5.1709059885e-03
3.1342831550e+01 2.9065967274e+01 2.6272038100e+01 9.2735613973e-01 1.1875187930e-01 5.7209231295e+02 1.2421778912e+01 -9.9902063725e-01 8.5642258312e+00 1.0938546198e-02 1.2654706877e-02
3.9785722678e+01 1.4568487639e+01 2.0456832748e+01 3.6617375928e-01 3.6482858866e-02 1.6611856396e+02 2.6159131158e+00 7.3770968536e-01 1.0729294220e+01 2.4060889332e-02 1.0000000000e+00
8.2977005608e+01 8.2242325085e+01 7.1915037496e+01 9.9114597450e-01 3.1138951034e-01 1.6734375572e+03 1.8028771660e+01 -8.6807575319e-01 8.2722544926e+00 4.5902760688e-03 5.0430554122e-03
3.3837758458e+01 3.1730589938e+01 2.8522592071e+01 9.3772730181e-01 7.0443905932e-02 3.2857804122e+02 6.4396464767e+01 -8.8943673833e-01 8.4323389137e+00 5.7627120279e-03 5.9029738335e-03
8.0047187793e+01 5.1650430887e+01 5.5710419956e+01 6.4524978717e-01 2.2810245391e-01 1.1733142155e+03 6.8423278888e+00 9.9969811663e-01 1.4937121783e+01 8.0674706225e-03 1.1215303541e-02
8.6033291638e+01 7.9199914426e+01 7.1848099543e+01 9.2057287264e-01 2.5927360096e-01 1.3564635108e+03 7.2134212759e+00 -9.8880809937e-01 1.7626300901e+01 6.6417594409e-03 8.9944218696e-03
3.3070182193e+01 1.4028937436e+01 1.8419348362e+01 4.2421711965e-01 2.1262135863e-02 9.5735706871e+01 1.7339687201e+02 8.3254459906e-01 1.1116155971e+01 5.3798861903e-03 5.4271776839e-03
7.8357198784e+01 7.4598629839e+01 6.6553767528e+01 9.5203288270e-01 7.0021434494e-01 4.3893364362e+03 3.4517402148e+00 -8.8864167433e-01 8.2539626989e+00 7.6139277905e-03 1.0000000000e+00
3.2529867844e+01 3.0395850470e+01 2.7371104491e+01 9.3439821567e-01 8.9041398488e-02 4.2063331354e+02 7.6854136851e+00 -9.4753116146e-01 1.2548178018e+01 1.2981804949e-02 1.7101253963e-02
7.5544002326e+01 4.8809540372e+01 5.2612773015e+01 6.4610741912e-01 6.3910776058e-02 2.9675350345e+02 5.6808624376e+01 4.7270923262e-01 9.7194740016e+00 4.1354011155e-03 4.2501932031e-03
7.8815294290e+01 5.8609180606e+01 5.9038168132e+01 7.4362699694e-01 4.1101277083e-01 2.3140802662e+03 4.1900478203e+00 6.9587674682e-01 8.6113536673e+00 8.5738077166e-03 2.7348421954e-02
3.1451470927e+01 2.0991447574e+01 2.2277817378e+01 6.6742339723e-01 3.3985683865e-02 1.5446676685e+02 1.4964533623e+02 -9.8619499781e-01 1.0344171894e+01 5.0093349269e-03 5.0604897123e-03
7.8441947631e+01 7.5509688645e+01 6.6996754802e+01 9.6261873812e-01 5.9376216249e-01 3.5924050403e+03 4.6314503214e+00 -8.0055750408e-01 8.2498883859e+00 7.0709630040e-03 1.4927780757e-02
2.6027871234e+01 2.2232738042e+01 2.0928610727e+01 8.5418964319e-01 1.9413054974e-02 8.7289654976e+01 1.1912859858e+02 -5.8949903028e-01 1.2222297807e+01 5.7244413639e-03 5.7982297069e-03
3.1995133984e+01 3.1376340798e+01 2.7582458484e+01 9.8065977198e-01 6.9496171529e-02 3.2394470039e+02 3.0490097758e+01 7.8162684566e-01 9.5214056944e+00 7.7934285300e-03 8.2154579666e-03
4.3989395599e+01 2.7090258039e+01 2.9877731593e+01 6.1583610481e-01 1.1796058232e-01 5.6798962205e+02 7.2031679449e+00 -7.6379421890e-01 9.0800135608e+00 1.2387697592e-02 1.6786862433e-02
3.5291198917e+01 3.5271625980e+01 3.0714252063e+01 9.9944538759e-01 8.2165630846e-02 3.8634874840e+02 5.6732342735e+01 -9.3075074967e-01 8.5901216789e+00 5.7307725666e-03 5.8900745639e-03
3.2055897493e+01 2.5072570693e+01 2.4642999444e+01 7.8215157440e-01 2.6579374055e-02 1.2014973461e+02 5.2292551967e+01 -4.6529725626e-01 1.2363066349e+01 7.0077240337e-03 7.2199945737e-03
3.2988023619e+01 7.2577270373e+00 1.2780567839e+01 2.2001096886e-01 4.1306391788e-03 1.8360267929e+01 4.2627783693e+02 8.5058743140e-01 2.7301095982e+01 4.8761070320e-03 4.8933767521e-03
1.0650931048e+01 9.5489292710e+00 8.7767893797e+00 8.9653469996e-01 1.2988620546e-02 5.8122042148e+01 2.0388312061e+01 5.4993207645e-01 8.3592376046e+00 1.9178521065e-02 2.0815303932e-02
7.1635503449e+01 5.5588364312e+01 5.4847092309e+01 7.7598902270e-01 7.7617901626e-02 3.6383339363e+02 1.9423807830e+00 -1.6817840331e-01 1.3026974084e+01 1.4175351917e-02 1.0000000000e+00
4.1368535184e+01 3.5689215431e+01 3.3431897064e+01 8.6271402340e-01 4.6165653936e-02 2.1168266565e+02 3.3824311439e+01 -8.3094075694e-01 1.8152549724e+01 6.7392094954e-03 7.0648982115e-03
7.5896585365e+01 7.1176506797e+01 6.3977711255e+01 9.3780907869e-01 1.5992163907e-01 7.9059751556e+02 2.2576418747e+01 -7.9478441273e-01 1.1736160910e+01 4.9007692535e-03 5.2725918267e-03
3.3591072141e+01 2.5403141615e+01 2.5380775839e+01 7.5624682382e-01 4.5943130781e-02 2.1062871545e+02 8.5126790024e+01 -7.6802954615e-01 8.9221614222e+00 5.6641897412e-03 5.7673463069e-03
1.5845437737e+01 1.5043455591e+01 1.3439732971e+01 9.4938718897e-01 2.2162626302e-02 9.9857110299e+01 1.2619817458e+02 8.5226272501e-01 8.8182004155e+00 7.3761831575e-03 7.4658167368e-03
7.8910065467e+01 5.7316516542e+01 5.8397592459e+01 7.2635241401e-01 3.8950819540e-01 2.1721409359e+03 7.8543799868e+00 -8.9306419883e-01 8.4610580522e+00 6.8860273405e-03 8.9929620436e-03
4.4021129423e+01 4.2437250634e+01 3.7625617266e+01 9.6402003288e-01 1.5846940501e-01 7.8272401400e+02 1.4862696701e+01 -8.6578330655e-01 8.6216011721e+00 7.9942736596e-03 8.9916417785e-03
3.6985561151e+01 2.8547168095e+01 2.8240052234e+01 7.7184628829e-01 4.7969512703e-02 2.2023819868e+02 6.3707056987e+01 9.2357869808e-01 1.2697678361e+01 5.8998582086e-03 6.0450831448e-03
3.8907497492e+01 3.8399114362e+01 3.3648784107e+01 9.8693354333e-01 9.4633604789e-02 4.4873224337e+02 2.2269176297e+01 9.9972110716e-01 1.2436081955e+01 7.6319029702e-03 8.2201034893e-03
7.0916452815e+01 5.2498787326e+01 5.2998552362e+01 7.4029065531e-01 2.3695367343e-01 1.2248153046e+03 5.4306133002e+00 -5.0754635834e-01 8.4248124311e+00 9.0357979747e-03 1.4900951288e-02
8.5903130651e+01 8.4535883372e+01 7.4185025352e+01 9.8408384806e-01 7.4358837058e-01 4.7236652000e+03 2.5071439097e+00 -9.5659982007e-01 8.9149591754e+00 7.8954772432e-03 1.0000000000e+00
4.1539476009e+01 3.6393457551e+01 3.3833458487e+01 8.7611739598e-01 1.3468391216e-01 6.5548282934e+02 4.9772513410e+00 9.4319394438e-01 1.2593097518e+01 1.3044016703e-02 2.4017626275e-02
2.4344574908e+01 2.3942856439e+01 2.1017452447e+01 9.8349864515e-01 8.2640706980e-02 3.8870821361e+02 5.3964498722e+00 9.2158825812e-01 9.0632864990e+00 1.7547486687e-02 2.9132044879e-02
3.3515177022e+01 3.0684535614e+01 2.7911940247e+01 9.1554150510e-01 5.6055470247e-02 2.5884641558e+02 9.6898015615e+01 8.8366196561e-01 8.5088555481e+00 5.0539354248e-03 5.1344668685e-03
4.3709503747e+01 2.6721822003e+01 2.9574131041e+01 6.1135038636e-01 1.0068296541e-01 4.7934338779e+02 2.4583666132e+01 9.9545013734e-01 9.6911157709e+00 7.9445508794e-03 8.4916252708e-03
3.8498136218e+01 3.1416858283e+01 3.0244569638e+01 8.1606179856e-01 6.0801729461e-02 2.8170335489e+02 1.2438442830e+01 -7.6132441865e-01 1.5168293421e+01 1.0350408012e-02 1.1971439035e-02
7.7700698120e+01 3.8648244639e+01 4.7138995998e+01 4.9739893686e-01 4.0675982463e-01 2.2858559228e+03 4.5571250451e+00 -9.9978485072e-01 8.5681589913e+00 9.5810136772e-03 2.1071153403e-02
2.7172950980e+01 1.3589351568e+01 1.6532920682e+01 5.0010584343e-01 1.7304602760e-02 7.7686660434e+01 2.7249326313e+01 -1.7902470705e-01 9.6925112819e+00 1.1548802639e-02 1.2257205950e-02
4.6516741957e+01 4.3964697405e+01 3.9365532118e+01 9.4513707442e-01 4.4414334480e-02 2.0339644138e+02 1.0464125939e+02 7.7651102886e-01 1.1239654877e+01 3.9883112169e-03 4.0470318810e-03
8.4396410267e+01 8.3691691550e+01 7.3163824226e+01 9.9164989702e-01 6.3555399507e-01 3.9010949694e+03 2.9588092373e+00 -8.0292231870e-01 8.6930487203e+00 7.7897958904e-03 1.0000000000e+00
4.9975501955e+01 1.6670128399e+01 2.4415371110e+01 3.3356600228e-01 5.0942519785e-02 2.3438467120e+02 4.2980560359e+00 4.2096536415e-01 9.7227659023e+00 1.7728307753e-02 4.8226149632e-02
3.7759613369e+01 3.1033086804e+01 2.9771659119e+01 8.2185923094e-01 8.5324162631e-02 4.0206183735e+02 5.0067052169e+00 -9.4024022609e-01 1.5729347988e+01 1.4495632375e-02 2.6453357721e-02
4.6798176331e+01 4.6701730108e+01 4.0698172127e+01 9.9793910297e-01 1.9213499628e-01 9.6827489314e+02 9.6420243515e+00 8.6294371706e-01 9.0614006766e+00 8.7936655802e-03 1.0750902442e-02
7.2443319572e+01 4.9658502443e+01 5.2029631231e+01 6.8548076947e-01 7.5181778350e-02 3.5182537899e+02 2.2053738011e+01 -3.6163387935e-01 1.2084450127e+01 5.8990491109e-03 6.3587999914e-03
8.6500616859e+00 7.0826811234e+00 6.8072115536e+00 8.1880122717e-01 1.0368981164e-02 4.6307946869e+01 4.9968132503e+01 -8.1050139298e-01 8.9022229957e+00 1.6088110509e-02 1.6599447668e-02
5.8816676981e+01 3.5233382494e+01 3.9373233166e+01 5.9903728504e-01 9.1823066590e-02 4.3458627791e+02 7.7611546807e+01 9.4423182824e-01 8.0181225195e+00 4.3386291104e-03 4.4255797794e-03
5.0339755941e+01 4.4200559518e+01 4.1046857547e+01 8.7804477180e-01 2.0203974657e-01 1.0240502437e+03 1.9158615143e+01 9.9489751054e-01 8.0226631252e+00 6.7264355678e-03 7.3438569109e-03
7.2788384714e+01 4.3470573073e+01 4.8648469679e+01 5.9721854309e-01 1.0649411476e-01 5.0895828059e+02 3.2424309766e+01 9.5744771132e-01 1.3615899240e+01 5.2294712928e-03 5.4941509572e-03
3.5639058789e+01 2.8068822196e+01 2.7494866623e+01 7.8758595624e-01 6.4678265306e-02 3.0047816489e+02 3.0192231732e+01 -5.7925347741e-01 8.0334271793e+00 7.8598866586e-03 8.2901483144e-03
5.2966593103e+01 5.0374348581e+01 4.4964773127e+01 9.5105887748e-01 1.8419171678e-01 9.2392994480e+02 5.8989705540e+00 8.6291359880e-01 1.2482055656e+01 9.9757519441e-03 1.5259573334e-02
1.8298647210e+01 1.2264317264e+01 1.2989676077e+01 6.7023081671e-01 1.4766586240e-02 6.6166572641e+01 3.5338670793e+00 9.0789580110e-01 1.5430940846e+01 2.8930045343e-02 1.0000000000e+00
8.2876745291e+01 4.3918243847e+01 5.2002733607e+01 5.2992240095e-01 4.5869556970e-01 2.6355421951e+03 5.6276182727e+00 -9.9642203371e-01 8.1474249820e+00 8.1386942390e-03 1.2959679481e-02
3.7152226854e+01 1.5190584753e+01 2.0284494800e+01 4.0887413862e-01 4.6489557983e-02 2.1321736436e+02 2.5851976519e+01 -6.3979538376e-01 8.4728020719e+00 1.0184123361e-02 1.0846753901e-02
8.5799186810e+01 5.6868465483e+01 6.0554678938e+01 6.6280890994e-01 1.3772862105e-01 6.7158851725e+02 1.1990626790e+01 4.4601658255e-01 1.1295285228e+01 6.5086143973e-03 7.5785554412e-03
3.9874732375e+01 3.5374415630e+01 3.2683752708e+01 8.8713863449e-01 1.7864639621e-01 8.9317717182e+02 8.8265109823e+00 9.5286779415e-01 8.1866798663e+00 1.0499719280e-02 1.3166977719e-02
5.7916310493e+01 5.5132995548e+01 4.9189669694e+01 9.5194246799e-01 1.0009401050e-01 4.7635335822e+02 3.8337157582e+00 -6.1832759522e-01 2.0028205292e+01 1.1607761071e-02 1.0000000000e+00
3.2001239178e+01 2.1913229411e+01 2.2971155563e+01 6.8476190216e-01 4.0676030981e-02 1.8577546315e+02 1.8794879689e+01 9.0056035847e-01 1.6434027278e+01 1.0656004984e-02 1.1656480917e-02
6.8324208429e+01 3.4982150977e+01 4.2094684595e+01 5.1200228706e-01 1.0821726584e-01 5.1777902421e+02 1.3983157890e+01 5.0187536714e-01 9.4094269105e+00 7.8394602522e-03 8.8953421642e-03
4.0231990998e+01 3.2685729375e+01 3.1534881768e+01 8.1243131557e-01 1.7286410194e-01 8.6129121926e+02 3.8305260746e+00 8.9888847281e-01 8.3599084355e+00 1.4729042702e-02 1.0000000000e+00
4.1882177425e+01 4.1540898330e+01 3.6311638168e+01 9.9185144814e-01 1.4890523579e-01 7.3116981528e+02 1.7672502336e+01 8.6584335104e-01 8.2939204711e+00 7.6997689507e-03 8.4775714532e-03
8.2885145511e+01 7.9225639426e+01 7.0541240497e+01 9.5584846884e-01 4.6347417888e-01 2.6682540575e+03 6.4360671762e+00 -9.1268995669e-01 1.0187286707e+01 6.3833025877e-03 9.1890300633e-03
3.0830136813e+01 2.2182321643e+01 2.2704601361e+01 7.1950123924e-01 3.1576113589e-02 1.4326246642e+02 5.0311903547e+01 6.0131072884e-01 1.1383884543e+01 7.4607886600e-03 7.6962033101e-03
2.5250011639e+01 2.4016594572e+01 2.1436470289e+01 9.5115182183e-01 3.7927170392e-02 1.7287631478e+02 4.9298877272e+01 9.5996647384e-01 1.3352252076e+01 7.7630388383e-03 8.0133268163e-03
6.8889557736e+01 4.4188066309e+01 4.7796896822e+01 6.4143344451e-01 1.1752689256e-01 5.6574262062e+02 3.0377881161e+01 -8.2296790557e-01 1.0891666140e+01 5.3848751166e-03 5.6776644889e-03
4.5653986650e+01 4.2207486157e+01 3.8208608420e+01 9.2450822489e-01 9.3415189394e-02 4.4259379301e+02 6.5194825059e+01 9.0902011315e-01 8.3213175307e+00 4.7151918653e-03 4.8284893660e-03
7.5018026735e+01 6.5565053894e+01 6.1026185406e+01 8.7399064929e-01 4.1573496248e-01 2.3455061768e+03 5.5638823120e+00 7.6841401831e-01 8.5199576879e+00 7.5351630432e-03 1.2127823116e-02
3.0663085060e+01 3.0412912798e+01 2.6584604546e+01 9.9184125598e-01 5.1807666147e-02 2.3851198180e+02 3.5057665211e+01 9.8493699799e-01 1.4436270541e+01 7.6475625325e-03 8.0030099393e-03
5.5618582033e+01 2.1153904876e+01 2.9196120941e+01 3.8033880230e-01 4.0651827571e-02 1.8566167294e+02 1.6780938446e+00 -3.9183670450e-01 9.3899404784e+00 2.2697107943e-02 1.0000000000e+00
7.4617890433e+01 6.8102538811e+01 6.2044963412e+01 9.1268378689e-01 5.4599104728e-01 3.2465900828e+03 4.7687107196e+00 9.4464629886e-01 9.1410281601e+00 7.4786711009e-03 1.4827355468e-02
3.6006453446e+01 7.9577589176e+00 1.3985655143e+01 2.2100924018e-01 3.1440004063e-02 1.4263070578e+02 5.5402093322e+01 9.3601379396e-01 8.9308965760e+00 9.7419116349e-03 1.0019561128e-02
4.1530075071e+01 3.6974995423e+01 3.4102244630e+01 8.9031853083e-01 1.5427649396e-01 7.6005863166e+02 1.6910980469e+01 -9.5328846176e-01 8.2554387975e+00 8.1175399906e-03 8.9821028416e-03
3.2085664155e+01 3.1845148149e+01 2.7827266015e+01 9.9250394178e-01 3.0785462072e-02 1.3959431000e+02 7.9377349092e+01 9.8024382439e-01 1.8743376266e+01 5.5400062682e-03 5.6484742762e-03
6.9162753688e+01 5.9272888305e+01 5.5705734871e+01 8.5700590484e-01 3.1308033051e-01 1.6839389379e+03 5.0631948981e+00 -7.8856890555e-01 1.0190655847e+01 8.6624750917e-03 1.5553259184e-02
4.7382995223e+01 3.3713503502e+01 3.4694083336e+01 7.1151060296e-01 2.4433060314e-02 1.1027241864e+02 2.2874061080e+02 6.9816537841e-01 8.7581998009e+00 3.2580304394e-03 3.2796559173e-03
4.3495638348e+01 4.2562622207e+01 3.7456391733e+01 9.7854920224e-01 1.1803943517e-01 5.6839828876e+02 3.9732883149e+01 9.2016875736e-01 8.4428089668e+00 5.6689163700e-03 5.8990327597e-03
6.5477293629e+01 5.3004129681e+01 5.1228330703e+01 8.0950397829e-01 1.8549885646e-01 9.3120359620e+02 3.1649151430e+01 -9.4578354043e-01 8.2457409126e+00 4.8938750495e-03 5.1482304084e-03
8.5166355224e+01 3.8585689487e+01 4.9148030523e+01 4.5306259010e-01 2.9127171417e-01 1.5495250184e+03 3.3620168551e+00 -6.8766989886e-01 8.0686816937e+00 1.1037442076e-02 1.0000000000e+00
3.6019050014e+01 3.0016544473e+01 2.8600929725e+01 8.3335191965e-01 6.4601818222e-02 3.0010699640e+02 4.0259021610e+00 -8.5340106326e-01 1.6919838488e+01 1.6325535677e-02 1.0831538477e-01
8.0895192466e+01 6.3768841706e+01 6.2437661704e+01 7.8828963455e-01 3.2416647095e-01 1.7531226667e+03 2.3146388640e+00 8.1583127211e-01 1.0566127161e+01 1.0761461762e-02 1.0000000000e+00
3.5343509138e+01 2.7301936137e+01 2.6997525990e+01 7.7247383757e-01 7.5942248546e-02 3.5556987155e+02 6.2681769659e+00 -7.9424083321e-01 1.2594776174e+01 1.4241219947e-02 2.0849532021e-02
7.8434580173e+01 2.9449995587e+01 4.0884982348e+01 3.7547208798e-01 1.1993592691e-01 5.7823827044e+02 1.3524265317e+01 9.0704349936e-01 1.3335884103e+01 8.0311917037e-03 9.1597963163e-03
3.5875273456e+01 3.4198146906e+01 3.0490743389e+01 9.5325118421e-01 5.3011551947e-02 2.4426329657e+02 4.5459617634e+01 8.4941455798e-01 1.3138515137e+01 6.3633433634e-03 6.5869678011e-03
1.0101499840e+01 9.5609148627e+00 8.5546809503e+00 9.4648468186e-01 1.1590633714e-02 5.1811640736e+01 4.4496866231e+01 9.4260982718e-01 1.2971507341e+01 1.4555992490e-02 1.5079339741e-02
8.0554445814e+01 5.6639146991e+01 5.8621505150e+01 7.0311633850e-01 1.6447726231e-01 8.1537377548e+02 2.9284883084e+01 9.1784525060e-01 1.0466344896e+01 4.6834074920e-03 4.9485777784e-03
7.7263516006e+00 7.5298869038e+00 6.6400027405e+00 9.7457212576e-01 7.4232077900e-03 3.3078194184e+01 1.7711480578e+02 -7.8648629342e-01 9.3043956574e+00 1.0185035253e-02 1.0272656870e-02
2.7889041117e+01 2.4408489994e+01 2.2703272402e+01 8.7520004334e-01 4.4143629322e-03 1.9625638350e+01 2.4095024506e+02 6.2748510377e-01 4.0597454933e+01 4.2164515987e-03 4.2430040682e-03
2.9441846804e+01 1.8473280939e+01 2.0193468444e+01 6.2744980169e-01 2.0638709010e-02 9.2885536785e+01 1.5187872918e+01 -1.4795594664e-01 1.1731413426e+01 1.2663610311e-02 1.4201642440e-02
2.4225194335e+01 2.0251151237e+01 1.9266568585e+01 8.3595412925e-01 2.2095435374e-02 9.9549402023e+01 1.0810688198e+02 -9.8141561026e-01 1.5926838731e+01 6.2415269694e-03 6.3303987173e-03
5.6157880864e+01 4.0634646264e+01 4.1477822715e+01 7.2357869704e-01 1.2193932771e-01 5.8865612412e+02 5.7879019820e+00 5.3876534477e-01 1.1229954327e+01 1.0929731127e-02 1.6979544151e-02
7.4306366250e+01 6.7330170811e+01 6.1561101796e+01 9.0611577728e-01 4.1005775034e-01 2.3077358329e+03 2.6425957939e+00 9.9026206197e-01 1.0905023816e+01 9.9327536240e-03 1.0000000000e+00
7.7965439665e+01 6.0226698276e+01 5.9554974812e+01 7.7247942851e-01 3.1205625870e-01 1.6775770143e+03 7.7081781165e+00 8.1028222770e-01 9.6476718899e+00 7.1001868170e-03 9.3420343307e-03
4.5636251234e+01 4.0312835912e+01 3.7325336712e+01 8.8335116978e-01 1.0095054638e-01 4.8070254896e+02 4.6539988813e+00 -7.7996617727e-01 1.6106011698e+01 1.2819723967e-02 2.6759139894e-02
8.5544075880e+00 5.7680634083e+00 6.0915580709e+00 6.7427970306e-01 4.6717838888e-03 2.0774173379e+01 1.2596125274e+02 9.0366494686e-01 1.6050886916e+01 1.2235212246e-02 1.2384177499e-02
2.8587058163e+01 1.7431449196e+01 1.9315914318e+01 6.0976715745e-01 4.0595694117e-02 1.8539778108e+02 2.6410723210e+01 8.9206610769e-01 1.2005122202e+01 1.0453333919e-02 1.1117355206e-02
4.4416838219e+01 3.9045279020e+01 3.6238634363e+01 8.7906480032e-01 1.8115074180e-01 9.0704458625e+02 2.9470688302e+00 9.3461445912e-01 9.2226865701e+00 1.4832903438e-02 1.0000000000e+00
3.0344828369e+01 3.0075168526e+01 2.6299016848e+01 9.9111348267e-01 2.5186752223e-02 1.1373742990e+02 8.2493486243e+01 9.1866099383e-01 2.0018077828e+01 5.6760904790e-03 5.7828785880e-03
8.1509026193e+01 5.8552641002e+01 5.9977375454e+01 7.1835775420e-01 2.2107915411e-01 1.1327385709e+03 4.5200233517e+00 4.5399194902e-01 1.0613731097e+01 9.0320418630e-03 2.0321470401e-02
3.1392964711e+01 1.8079848808e+01 2.0584624725e+01 5.7592040045e-01 6.0095504128e-02 2.7829324275e+02 6.2510067362e+00 8.8787734608e-01 1.1443177766e+01 1.7046473153e-02 2.5001984318e-02
4.7718356133e+01 4.0967982313e+01 3.8468626885e+01 8.5853716752e-01 2.5712429115e-01 1.3436768508e+03 3.4559112989e+00 9.2540255420e-01 8.0704790680e+00 1.2946629164e-02 1.0000000000e+00
5.3345809021e+01 4.5934950506e+01 4.3069825974e+01 8.6107889915e-01 4.8015945048e-02 2.2045870018e+02 1.3460770130e+02 -9.2485201484e-01 9.7613591551e+00 3.4231930995e-03 3.4621375535e-03
6.1951199440e+01 5.8396470657e+01 5.2356939755e+01 9.4262050106e-01 1.8582928035e-01 9.3304374161e+02 2.8751953771e+01 9.8758710060e-01 9.2153446375e+00 5.0037743609e-03 5.2929089240e-03
3.8606621242e+01 3.6634207978e+01 3.2736967426e+01 9.4890997451e-01 6.6151708032e-02 3.0763929598e+02 1.0726842754e+01 -8.6806836452e-01 1.8130380859e+01 1.0380251280e-02 1.2365327016e-02
2.3887851774e+01 1.7965621644e+01 1.7998043854e+01 7.5208192911e-01 3.1028409283e-02 1.4072100433e+02 3.8781306966e+01 6.7970836745e-01 1.0263527902e+01 9.5143115059e-03 9.9107397134e-03
3.5991388970e+01 1.5544559293e+01 2.0241568301e+01 4.3189662134e-01 1.4735941791e-02 6.6027740340e+01 1.9703827497e+02 7.9630842881e-01 1.5608065908e+01 4.8539021628e-03 4.8913777820e-03
3.7267996667e+01 2.8697427512e+01 2.8421312997e+01 7.7002871307e-01 8.4657776584e-02 3.9874155665e+02 3.5216819249e+01 9.5714246061e-01 9.4042402315e+00 7.1829674768e-03 7.5151811669e-03
2.9438076328e+01 2.6139724822e+01 2.4140484987e+01 8.8795628258e-01 2.2527215135e-02 1.0152730767e+02 2.0997934045e+02 9.3630656634e-01 1.2720180350e+01 4.2251437426e-03 4.2557276556e-03
4.3863568667e+01 3.9686060715e+01 3.6312509828e+01 9.0476132974e-01 2.0125581495e-01 1.0196165073e+03 5.8054466915e+00 -9.6197042992e-01 9.5872332441e+00 1.1367763271e-02 1.7615465956e-02
3.4728351743e+01 2.1285116522e+01 2.3528683581e+01 6.1290315992e-01 2.9789138310e-02 1.3497781012e+02 1.4357466295e+02 -9.8542311423e-01 1.2585697899e+01 4.9294714530e-03 4.9819809498e-03
4.2759570723e+01 4.1243135818e+01 3.6557151884e+01 9.6453577809e-01 9.4093445426e-02 4.4600976753e+02 7.9531009335e+00 9.2065783591e-01 1.7144866072e+01 1.0664802736e-02 1.3861246871e-02
4.0089547988e+01 2.2717627426e+01 2.6063613504e+01 5.6667207706e-01 7.9946761113e-02 3.7534728064e+02 3.8776001474e+01 -9.9339164151e-01 9.0399226011e+00 7.3335034572e-03 7.6391100692e-03
8.4594530014e+01 7.9820193673e+01 7.1529451382e+01 9.4356211518e-01 9.7399470347e-02 4.6270049665e+02 2.5749210069e+01 6.9159375649e-01 1.7166200223e+01 4.5040505017e-03 4.7984216706e-03
6.9757408633e+01 6.1610943893e+01 5.7049359126e+01 8.8321721090e-01 3.6633794819e-01 2.0214046968e+03 3.4875024561e+00 -9.8083943781e-01 1.1694767194e+01 9.5740840189e-03 1.0000000000e+00
3.4267331252e+01 2.5090416627e+01 2.5464632354e+01 7.3219640135e-01 5.6278675936e-02 2.5991810519e+02 1.4814381043e+01 -8.7121129585e-01 1.4075466098e+01 1.0822858355e-02 1.2178608393e-02
8.1258808406e+01 6.5167777858e+01 6.3272942185e+01 8.0197801490e-01 4.2472617844e-01 2.4055947037e+03 3.2315873583e+00 6.9144708330e-01 8.5958695899e+00 8.9959365610e-03 1.0000000000e+00
9.5629193687e+00 9.0331843031e+00 8.0904825844e+00 9.4460529833e-01 7.8516796126e-03 3.4998867523e+01 2.3172482969e+02 6.6302453595e-01 9.1495180909e+00 8.1367153206e-03 8.1900196025e-03
4.8010335856e+01 2.0435401671e+01 2.6789306558e+01 4.2564588034e-01 8.6610991450e-02 4.0848124847e+02 1.0601330531e+01 8.7846866815e-01 1.0846945418e+01 1.1678535189e-02 1.3948795586e-02
3.4119045942e+01 2.9503399384e+01 2.7605733478e+01 8.6471935451e-01 3.6479912662e-02 1.6610479297e+02 1.8765603153e+02 8.3258884002e-01 8.0752234311e+00 4.0184603015e-03 4.0510600583e-03
1.7870335375e+01 1.7581562148e+01 1.5430720359e+01 9.8384063751e-01 3.6139908431e-02 1.6451594396e+02 4.8673936883e+01 -9.7185041766e-01 9.4540165712e+00 9.5897368187e-03 9.9031311746e-03
5.4333267428e+01 5.1506853584e+01 4.6049873410e+01 9.4798005020e-01 2.5639829078e-01 1.3393629650e+03 6.8893770250e+00 -9.8186509681e-01 1.0340754557e+01 8.9357477379e-03 1.2377895200e-02
4.2152293285e+01 3.5428707148e+01 3.3616680918e+01 8.4049299307e-01 1.6866581328e-01 8.3825665496e+02 1.0910455716e+01 9.4384633941e-01 8.3779479996e+00 9.5791379254e-03 1.1368482628e-02
1.0085544509e+01 9.2275839570e+00 8.3965695087e+00 9.1493165775e-01 3.9020236416e-03 1.7341069514e+01 1.0233573703e+03 8.0087336935e-01 1.2255706215e+01 4.5660402615e-03 4.5727510380e-03
4.1003795271e+01 3.9551944144e+01 3.5057087907e+01 9.6459227451e-01 8.2265809854e-02 3.8684617094e+02 3.2124417890e+01 9.7297646205e-01 1.2859479100e+01 6.5300109225e-03 6.8638977354e-03
7.6436301218e+01 6.3565774714e+01 6.0629908033e+01 8.3161761757e-01 4.4569623915e-01 2.5470061469e+03 7.2812381178e+00 -9.7097269749e-01 8.8448549785e+00 6.7509719701e-03 9.1028861709e-03
7.5811437952e+01 7.5723458068e+01 6.5959381204e+01 9.9883949063e-01 1.9083693019e-01 9.6100464551e+02 8.0304452524e+00 6.4481618593e-01 1.3780861396e+01 6.9692788474e-03 9.0252203954e-03
4.0036396042e+01 3.2943735046e+01 3.1586082111e+01 8.2284466892e-01 1.8856722800e-02 8.4752948972e+01 1.3612774800e+02 9.8701534228e-01 2.4907039132e+01 4.2114844196e-03 4.2588508761e-03
3.6967731723e+01 3.5886934504e+01 3.1707647759e+01 9.7076376699e-01 4.6655676519e-02 2.1400471815e+02 8.0240813106e+01 -7.0293766643e-01 1.0230411475e+01 5.0369493800e-03 5.1344687139e-03
9.6222997330e+00 8.8809960095e+00 8.0462684038e+00 9.2295981792e-01 3.9542305363e-03 1.7573783587e+01 7.7478229052e+02 -9.3751778891e-01 1.5798296448e+01 5.2048784578e-03 5.2149911601e-03
4.3891674843e+01 2.6842659934e+01 2.9702880423e+01 6.1156608925e-01 6.2673631864e-02 2.9075743947e+02 4.3303980699e+01 7.5936298245e-01 9.9817373245e+00 6.5497355538e-03 6.7921613891e-03
7.2989571110e+01 3.6245433242e+01 4.4242137190e+01 4.9658372684e-01 2.1508529712e-01 1.0983148508e+03 5.3223792821e+00 6.3118686406e-01 8.4382888842e+00 1.0306335375e-02 1.7373424823e-02
8.0267772499e+01 7.1101231041e+01 6.5742105404e+01 8.8580047543e-01 3.9058395428e-01 2.1791952309e+03 1.2571428713e+00 -8.8954379822e-01 8.3286343662e+00 1.2705770023e-02 1.0000000000e+00
7.9879752015e+01 7.7508989787e+01 6.8498102016e+01 9.7032086144e-01 2.3696436864e-01 1.2248777795e+03 6.1881702836e+00 -7.7361457131e-01 1.5303323105e+01 7.3293011605e-03 1.0823506810e-02
3.6778102220e+01 2.7551617633e+01 2.7654099356e+01 7.4913103095e-01 1.4443518626e-01 7.0725404917e+02 6.4902661472e+00 9.3027288518e-01 8.2623463400e+00 1.3323032970e-02 1.9081362436e-02
2.8643396531e+01 1.9359081905e+01 2.0421744167e+01 6.7586544368e-01 2.3180245843e-02 1.0452107485e+02 2.9706342026e+01 2.9392126495e-01 1.0628043827e+01 9.7627954556e-03 1.0306887272e-02
6.2814419191e+01 4.8880323003e+01 4.8162553374e+01 7.7817042062e-01 2.0844263917e-01 1.0603867982e+03 4.9163383540e+00 -6.0405202809e-01 9.6811904093e+00 1.0103465582e-02 1.8969901627e-02
2.1239189560e+01 2.0029393977e+01 1.7953930412e+01 9.4303946585e-01 2.7707603455e-02 1.2535404498e+02 6.1447783661e+01 -8.4151763859e-01 1.2176960817e+01 8.0345714524e-03 8.2399593964e-03
3.0230181300e+01 1.8738131966e+01 2.0602370740e+01 6.1984848125e-01 2.7869078648e-02 1.2609958708e+02 3.6082928185e+01 8.3140575737e-01 1.6386803573e+01 9.0006360958e-03 9.4060789283e-03
6.9590199717e+01 4.7386119877e+01 4.9808096914e+01 6.8093093668e-01 1.0477549722e-01 5.0017856948e+02 6.3534377278e+00 8.3578931671e-01 2.2845108962e+01 9.5045971197e-03 1.3793468506e-02
3.3291568293e+01 2.0911823662e+01 2.2847064327e+01 6.2814174082e-01 3.8836644730e-02 1.7713861388e+02 5.2144704326e+01 6.6642367477e-01 1.0004535726e+01 7.3005549420e-03 7.5223581284e-03
4.7497126687e+01 3.3447876114e+01 3.4592625238e+01 7.0420841106e-01 1.1269156509e-01 5.4076609299e+02 1.0354732278e+01 -5.6945555631e-01 8.3843028173e+00 9.8945196745e-03 1.1882568386e-02
3.6389056744e+01 3.2460994435e+01 2.9910158714e+01 8.9205374744e-01 5.9094717360e-02 2.7346623197e+02 1.8911870735e+01 -5.7504198830e-01 1.1047900004e+01 8.9160882693e-03 9.7470960231e-03
2.9432331327e+01 2.2320776124e+01 2.2270659958e+01 7.5837608228e-01 8.6156079099e-03 3.8426334245e+01 7.7439136797e+01 -2.0837067380e-01 2.1720576423e+01 6.5147660154e-03 6.6456302546e-03
4.1966006304e+01 1.8504705459e+01 2.3867057252e+01 4.4094511460e-01 7.5898474105e-02 3.5535423180e+02 1.9470545581e+01 -9.9349253688e-01 1.0295943231e+01 1.0055938152e-02 1.0961620890e-02
3.9452863748e+01 2.3943077832e+01 2.6591498684e+01 6.0687807062e-01 2.7637970557e-02 1.2503259819e+02 2.6978096967e+02 9.5809703107e-01 8.8287087098e+00 3.6093346670e-03 3.6296098012e-03
5.8776473730e+01 5.1807863070e+01 4.8019850132e+01 8.8143877613e-01 3.1833902992e-01 1.7166850486e+03 4.8725410615e+00 -8.0806246011e-01 8.5393854507e+00 9.6185029797e-03 1.8332474794e-02
5.0412753411e+01 4.5703192153e+01 4.1776599147e+01 9.0657996360e-01 2.9603412267e-01 1.5786845230e+03 6.5610230768e+00 -9.9069156210e-01 8.2446747546e+00 9.4861056364e-03 1.3498864382e-02
3.0832583832e+01 2.1726249429e+01 2.2462995294e+01 7.0465224543e-01 3.1456492287e-02 1.4270723040e+02 8.4446328622e+01 7.7979370868e-01 1.1675193425e+01 6.1855573903e-03 6.2991477456e-03
8.0832511794e+01 7.6780935024e+01 6.8578033783e+01 9.4987689136e-01 7.2666375072e-01 4.5925816295e+03 4.3191280666e+00 -8.8708145674e-01 8.4382988092e+00 6.8041943805e-03 1.8074378266e-02
4.3228935208e+01 8.5336331874e+00 1.5752226294e+01 1.9740558370e-01 2.7913042204e-02 1.2630259964e+02 9.4526939797e+01 -8.3835478383e-01 9.0873560391e+00 7.4178140887e-03 7.5390670190e-03
5.6027064567e+01 5.2417291620e+01 4.7171759632e+01 9.3557090712e-01 9.4499911941e-02 4.4805824733e+02 3.8905453263e+01 9.6765207934e-01 1.3726433193e+01 5.0130920980e-03 5.2212517326e-03
6.0637944756e+01 5.9136386343e+01 5.2129889276e+01 9.7523731354e-01 2.3804136929e-01 1.2311719830e+03 2.6634332063e+00 -5.9835885248e-01 8.5051121968e+00 1.1919041711e-02 1.0000000000e+00
8.3605389060e+01 7.7439514929e+01 7.0037194377e+01 9.2625027883e-01 1.4963072890e-01 7.3506218077e+02 5.0711740171e+01 9.8840007839e-01 8.5230578319e+00 3.4381562555e-03 3.5457371326e-03
2.0319432273e+01 1.9835085278e+01 1.7476743104e+01 9.7616335984e-01 1.2866024547e-02 5.7568128887e+01 2.0247795157e+01 -9.2540138857e-01 3.5739687737e+01 1.2503202784e-02 1.3578913245e-02
2.9541160095e+01 1.9248913094e+01 2.0664931065e+01 6.5159638388e-01 7.5198439940e-02 3.5190738055e+02 9.4958267872e+00 9.3820172526e-01 9.3677010459e+00 1.4409348077e-02 1.7689140758e-02
3.5409571976e+01 2.9766738336e+01 2.8241853897e+01 8.4064100962e-01 2.5707273539e-02 1.1613266102e+02 1.2129912853e+02 -5.5694837831e-01 1.1330223871e+01 4.6965204151e-03 4.7559502191e-03
3.2521369382e+01 1.7910712286e+01 2.0827043787e+01 5.5073671947e-01 5.3811591034e-02 2.4809045886e+02 1.9472324352e+01 9.2421243081e-01 1.1170713260e+01 1.1092257530e-02 1.2091168733e-02
2.5466003560e+01 1.8516818893e+01 1.8856439218e+01 7.2711915121e-01 9.1074624245e-03 4.0635187118e+01 7.3268109337e+02 -8.0691435371e-01 8.1326074986e+00 3.1113898748e-03 3.1177837589e-03
5.6915335107e+01 4.4712703217e+01 4.3852405971e+01 7.8560028037e-01 1.4020523521e-01 6.8472885127e+02 1.3610525981e+01 -6.3094381144e-01 9.1649300624e+00 7.5832847985e-03 8.6403288823e-03
7.4251985614e+01 7.3011947898e+01 6.4097623075e+01 9.8329960195e-01 3.0092618245e-01 1.6087506276e+03 6.6707447983e+00 8.8468384811e-01 1.2503375036e+01 7.1973273964e-03 1.0144940032e-02
5.6072428268e+01 5.0173877716e+01 4.6160813172e+01 8.9480479562e-01 1.3752235367e-01 6.7049571628e+02 2.2597889975e+01 -7.8103735442e-01 9.8209473888e+00 6.0813418239e-03 6.5422328303e-03
3.6481404587e+01 1.4977534017e+01 1.9962501166e+01 4.1055255922e-01 7.1261418108e-02 3.3257927978e+02 1.5154810018e+01 8.7405481422e-01 8.0510668879e+00 1.2384979593e-02 1.3893236055e-02
6.9046052420e+01 5.0685879800e+01 5.1377563839e+01 7.3408801841e-01 2.7602664602e-01 1.4569176869e+03 4.6414655083e+00 9.0080189796e-01 1.1875443662e+01 9.5836134494e-03 2.0129591896e-02
7.2299986771e+01 7.1765245726e+01 6.2707516275e+01 9.9260385695e-01 5.0391840657e-01 2.9485940247e+03 4.0782265173e+00 9.7216775716e-01 1.0921399368e+01 8.0150099810e-03 3.5303931619e-02
8.2465547355e+01 7.8434242716e+01 7.0009319572e+01 9.5111528672e-01 6.7437529034e-01 4.1927292820e+03 4.0434759213e+00 -9.7381420873e-01 1.0359494483e+01 7.0187093071e-03 3.8410240892e-02
6.2995365053e+01 6.0494867312e+01 5.3739021419e+01 9.6030663940e-01 6.3473155628e-02 2.9463138078e+02 4.1865532775e+00 6.6029703786e-01 3.7784463543e+01 1.0853987851e-02 3.4852543925e-02
2.6952337372e+01 2.4677794199e+01 2.2447140094e+01 9.1560868573e-01 3.9110854441e-02 1.7842476990e+02 4.4706878126e+01 4.8735770834e-01 8.1703795113e+00 7.8188170687e-03 8.0985264995e-03
3.3197231052e+01 1.2004084258e+01 1.6952288052e+01 3.6159896104e-01 4.5740602955e-02 2.0966974862e+02 4.1837914037e+01 9.3992070072e-01 8.5012036731e+00 9.5153397710e-03 9.8807603159e-03
2.8038685379e+01 2.6106775303e+01 2.3550173802e+01 9.3109840744e-01 3.2175284969e-02 1.4604500382e+02 5.5320809122e+01 4.0983864565e-01 8.8878950522e+00 7.0346956679e-03 7.2354983639e-03
2.3895105731e+01 1.7232938234e+01 1.7618679757e+01 7.2119112709e-01 9.6187064124e-03 4.2932842741e+01 3.5012167839e+00 6.8113069707e-01 3.3550799058e+01 2.4071707543e-02 1.0000000000e+00
3.4373995989e+01 1.8043689014e+01 2.1460391765e+01 5.2492264849e-01 6.1902450055e-02 2.8702466503e+02 3.6823301777e+01 -9.4673671717e-01 8.8683848086e+00 8.5319500144e-03 8.9079131774e-03
2.4003580328e+01 1.9224021686e+01 1.8677551166e+01 8.0088142782e-01 4.3802430280e-02 2.0050594711e+02 2.0890652744e+01 -9.2386830347e-01 1.1608132562e+01 1.1633953943e-02 1.2599169871e-02
4.6162821138e+01 4.2900298581e+01 3.8735753937e+01 9.2932575444e-01 8.3250030213e-02 3.9173646444e+02 9.4922217316e+00 -7.6712426112e-01 1.6781722765e+01 9.6857295461e-03 1.1891585635e-02
1.3906683874e+01 1.1096622637e+01 1.0800631547e+01 7.9793448515e-01 4.7336698675e-03 2.1050356922e+01 1.0263869765e+03 6.8833523234e-01 9.9861797993e+00 3.8948568578e-03 3.9005642442e-03
9.4484547935e+00 5.4347452389e+00 6.1913410019e+00 5.7519936939e-01 7.2900244961e-03 3.2481437406e+01 3.0612601843e+02 9.9329482947e-01 9.4578154012e+00 8.6670462880e-03 8.7098998100e-03
6.2337769468e+01 5.7636944913e+01 5.2173909651e+01 9.2459106903e-01 5.5235584018e-02 2.5491258458e+02 4.3856176186e+01 4.1637035740e-01 1.2431063467e+01 4.6042346714e-03 4.7723592174e-03
3.5090346013e+01 2.3372076861e+01 2.4828793238e+01 6.6605432880e-01 5.0405226478e-02 2.3182385435e+02 1.8734722085e+01 6.9413865684e-01 1.1747513777e+01 1.0103752951e-02 1.1055979085e-02
3.1713477101e+01 1.6725324029e+01 1.9848713531e+01 5.2738852873e-01 2.0128401751e-02 9.0554448373e+01 5.8961792157e+01 5.7825924965e-01 1.4046584996e+01 7.6995392618e-03 7.9050734433e-03
3.2993469948e+01 2.2232470321e+01 2.3486635336e+01 6.7384456245e-01 3.6764714262e-02 1.6743625996e+02 2.8610748636e+01 -9.5096982624e-01 1.7739981612e+01 8.9982727265e-03 9.5210709363e-03
4.3894436917e+01 3.6524528747e+01 3.4827697642e+01 8.3209926617e-01 8.4406522851e-02 3.9749039303e+02 2.5048801568e+01 5.1256247634e-01 8.0132632726e+00 7.1891506041e-03 7.6738344107e-03
8.3247738816e+01 8.0644720159e+01 7.1327538503e+01 9.6873165933e-01 4.1874714608e-01 2.3655999149e+03 9.7324155905e-01 9.9170421552e-01 8.9300235131e+00 1.3125371431e-02 1.0000000000e+00
2.1620001632e+01 2.0724336709e+01 1.8426495567e+01 9.5857239335e-01 5.1148778370e-02 2.3536822213e+02 2.0489185576e+01 9.0912564554e-01 9.6921177780e+00 1.1766766799e-02 1.2765246491e-02
6.5552692942e+01 5.0426202434e+01 4.9965735728e+01 7.6924684816e-01 3.0700449711e-01 1.6462654906e+03 4.5225034170e+00 -8.3913822076e-01 9.8777832457e+00 9.7008613799e-03 2.1791843035e-02
7.7971352712e+01 6.7489485518e+01 6.3118038587e+01 8.6556771392e-01 3.8555664084e-01 2.1462707817e+03 2.0194895137e+00 -7.8272399374e-01 8.5710798184e+00 1.0935635605e-02 1.0000000000e+00
1.7921818854e+01 1.3227743203e+01 1.3373045249e+01 7.3808039859e-01 2.4558516177e-02 1.1084892653e+02 1.8505795739e+01 9.0012125858e-01 1.2790250859e+01 1.5177523200e-02 1.6628888942e-02
3.1283146005e+01 2.6782702312e+01 2.5183421501e+01 8.5613839182e-01 4.5604941655e-02 2.0902754232e+02 2.3529431958e+01 -9.0473487535e-01 1.5737399385e+01 9.2207230100e-03 9.8880502041e-03
3.6288271119e+01 3.3774335737e+01 3.0472956930e+01 9.3072319778e-01 1.4704465228e-02 6.5885144753e+01 5.3230571525e+01 8.8165482429e-01 4.5635295390e+01 6.1404678768e-03 6.3230091178e-03
4.3130560408e+01 2.8803563926e+01 3.0559891274e+01 6.6782262168e-01 9.7310124595e-02 4.6224855096e+02 3.1617233318e+01 8.7326602917e-01 8.4849028792e+00 7.0961624570e-03 7.4653888744e-03
4.7223985431e+01 3.7435831712e+01 3.6553974816e+01 7.9272918984e-01 6.6175212961e-02 3.0775364432e+02 4.2633650050e+01 -5.1064493819e-01 8.7713042094e+00 5.7747947876e-03 5.9921350963e-03
9.3268569120e+00 8.9587280699e+00 7.9573274386e+00 9.6053023590e-01 3.2635844230e-03 1.4496698102e+01 1.1064179036e+02 9.9665762276e-01 3.7041050100e+01 1.0878953515e-02 1.1030216422e-02
3.7129939058e+01 3.5449801633e+01 3.1582008421e+01 9.5474979307e-01 1.7508930937e-02 7.8615980371e+01 2.2112878005e+02 -6.5867113810e-01 1.2336479038e+01 3.5141276450e-03 3.5382660603e-03
3.6584426465e+01 2.9203581594e+01 2.8419083873e+01 7.9825172665e-01 7.5718002520e-02 3.5446532692e+02 2.6253861231e+01 7.4251197779e-01 9.0831761034e+00 8.0613073461e-03 8.5768123447e-03
6.2233193958e+01 4.3608559195e+01 4.5208999109e+01 7.0072828376e-01 1.8559593769e-01 9.3174418384e+02 3.2119327083e+00 -5.8213837799e-01 8.9585215643e+00 1.2478354861e-02 1.0000000000e+00
3.6050978999e+01 2.1121450416e+01 2.3853227548e+01 5.8587730493e-01 5.2881529122e-02 2.4364169155e+02 8.0389346389e+01 8.4021360933e-01 8.0986270152e+00 5.9912459047e-03 6.1070191800e-03
4.1110061428e+01 3.7949877508e+01 3.4379836548e+01 9.2312869866e-01 1.2273872763e-01 5.9281970420e+02 4.3511583137e+00 -9.0808119231e-01 1.3623012354e+01 1.3671930491e-02 3.5135251418e-02
3.5734993783e+01 3.3531915082e+01 3.0131869629e+01 9.3834954292e-01 1.3691445425e-01 6.6727651348e+02 1.1381565889e+01 -9.9898822125e-01 9.1973652541e+00 1.0271262284e-02 1.2082140674e-02
3.8616547639e+01 2.9340233883e+01 2.9247964661e+01 7.5978397026e-01 4.7908236260e-02 2.1994722566e+02 7.9620135861e+01 -5.8682428546e-01 8.1222968492e+00 5.3091541565e-03 5.4127738658e-03
4.9184290978e+01 4.0802940795e+01 3.8964988265e+01 8.2959294489e-01 6.5159262839e-02 3.0281436878e+02 7.0039415915e+01 9.6462973044e-01 1.2283496638e+01 4.6090520564e-03 4.7118216984e-03
8.1756311967e+01 6.4722397361e+01 6.3239820952e+01 7.9165015891e-01 1.8670081570e-01 9.3790022947e+02 3.6999470751e+01 -9.3238624016e-01 8.3166225911e+00 4.0435703718e-03 4.2208333674e-03
2.4107174375e+01 2.1218815344e+01 1.9681174248e+01 8.8018674499e-01 1.2416207083e-02 5.5536627290e+01 3.0933157825e+01 4.3321983769e-01 2.2171646279e+01 9.9055897420e-03 1.0433540470e-02
4.5172730535e+01 4.2903039822e+01 3.8321928334e+01 9.4975529073e-01 1.2138124079e-01 5.8575163580e+02 8.0437871142e+00 -4.3792640589e-01 8.1236363220e+00 1.0153660294e-02 1.3140888667e-02
4.6549090796e+01 2.5911264585e+01 2.9979183132e+01 5.5664383863e-01 1.3449068730e-01 6.5446254327e+02 1.3082380060e+01 -9.1408937129e-01 8.2157554775e+00 9.7926504116e-03 1.1228788708e-02
2.5943899943e+01 1.7118323604e+01 1.8267478522e+01 6.5982075330e-01 2.2900299517e-02 1.0323733680e+02 5.0690170925e+00 -3.2588651339e-01 1.1686435796e+01 2.0317926744e-02 3.6421393246e-02
6.9771279321e+01 5.5581444630e+01 5.4142356589e+01 7.9662355587e-01 1.8199096922e-01 9.1170495841e+02 2.6458085019e+00 5.1960212358e-01 1.0249636960e+01 1.2012039989e-02 1.0000000000e+00
1.1379453796e+01 1.0182322678e+01 9.3679390316e+00 8.9479889463e-01 4.8717346990e-03 2.1666603393e+01 7.3075954147e+02 5.0811144567e-01 9.0947922662e+00 4.8351352714e-03 4.8450976664e-03
3.7306236009e+01 2.1711527568e+01 2.4597249059e+01 5.8198118842e-01 4.3911843770e-02 2.0102261310e+02 4.6740797381e+00 3.9635555954e-01 1.1320999583e+01 1.7171796058e-02 3.5496459561e-02
6.6504439950e+01 3.6060158594e+01 4.2240345994e+01 5.4222182190e-01 6.8725013909e-02 3.2017878921e+02 2.9602675945e+01 -6.5779715371e-01 1.3649039237e+01 6.0401917818e-03 6.3781221522e-03
4.2225479510e+01 2.7253070590e+01 2.9391643367e+01 6.4541766976e-01 1.6039294050e-01 7.9315530975e+02 5.1248892532e+00 -8.8332952768e-01 8.1466909281e+00 1.3892198146e-02 2.4532199513e-02
6.8209535297e+01 5.4726671556e+01 5.3123968914e+01 8.0233168747e-01 2.5031295531e-01 1.3033082277e+03 5.3129960197e+00 5.5412325125e-01 8.6126774110e+00 9.0359778124e-03 1.5262605756e-02
6.6748637229e+01 5.9871284168e+01 5.5016907888e+01 8.9696638993e-01 7.7786691357e-02 3.6466675510e+02 7.9593373773e+01 7.7814784886e-01 8.6274298223e+00 3.5151897940e-03 3.5838202833e-03
3.4002594114e+01 3.3847666838e+01 2.9533449057e+01 9.9544366304e-01 1.0692763735e-01 5.1117578249e+02 1.0867738270e+01 -8.3651266389e-01 9.6341919262e+00 1.0760877293e-02 1.2781879448e-02
5.2175897021e+01 5.0226448539e+01 4.4563516757e+01 9.6263699154e-01 6.9999067968e-02 3.2640258719e+02 4.9108404495e+01 9.5841871399e-01 1.5419975012e+01 4.8279251032e-03 4.9842223522e-03
3.3528666744e+01 2.7244537852e+01 2.6283004551e+01 8.1257444740e-01 1.6869467185e-02 7.5708517282e+01 2.5594340553e+02 -9.2257620734e-01 1.4728762360e+01 3.7327519235e-03 3.7548663529e-03
3.5448770362e+01 3.0155682277e+01 2.8444318774e+01 8.5068345019e-01 3.4342260069e-02 1.5612805034e+02 1.0560836728e+02 5.8099434575e-01 9.5011836874e+00 4.8991585094e-03 4.9706114038e-03
6.6779026203e+01 6.4646331566e+01 5.7197170703e+01 9.6806340616e-01 2.6785614887e-01 1.4077524560e+03 7.2571725477e+00 -7.1678815981e-01 9.6611221790e+00 7.6094824487e-03 1.0276083532e-02
2.9701626767e+01 2.0164337969e+01 2.1225487682e+01 6.7889675295e-01 5.2636916453e-02 2.4247255644e+02 9.9194841503e+00 -7.0169453615e-01 1.0493372902e+01 1.4126258967e-02 1.7143682826e-02
7.0628178654e+01 4.2754636849e+01 4.7540888042e+01 6.0534814381e-01 1.9644086819e-01 9.9245685326e+02 1.4929762980e+01 9.5754737551e-01 1.0257533689e+01 6.7577453110e-03 7.5961342783e-03
4.1327370850e+01 3.4894736659e+01 3.3035617649e+01 8.4434930027e-01 7.9026857756e-02 3.7079524197e+02 3.9010501689e+01 -8.3485174039e-01 1.0092928216e+01 6.3127485179e-03 6.5741133694e-03
3.3960722221e+01 2.9416733394e+01 2.7501466772e+01 8.6619869870e-01 1.1214441923e-01 5.3794864672e+02 6.1661182074e+00 7.0461585042e-01 8.1362444888e+00 1.3874525777e-02 2.0539590610e-02
4.4769886037e+01 1.3235653402e+01 2.0461851612e+01 2.9563741553e-01 6.3887248077e-02 2.9663937997e+02 3.0452248770e+01 9.3714778206e-01 8.4268121841e+00 9.4278604543e-03 9.9390971283e-03
8.0408727655e+01 7.8105094463e+01 6.8988404910e+01 9.7135095581e-01 2.0094724676e-01 1.0178722227e+03 8.9546039867e-01 7.6823440111e-01 1.1391097119e+01 1.5344962356e-02 1.0000000000e+00
3.0867092116e+01 2.9741948316e+01 2.6376161779e+01 9.6354875945e-01 9.0874698354e-02 4.2982388454e+02 1.1593204516e+01 9.6924175860e-01 1.0924925341e+01 1.1375693699e-02 1.3331984183e-02
2.2314906626e+01 2.1804971539e+01 1.9202753098e+01 9.7714823120e-01 1.1579210088e-02 5.1760129449e+01 1.8812999900e+02 -3.0550773486e-01 1.0715694543e+01 5.1141310463e-03 5.1555133495e-03
4.3760500349e+01 3.7226974709e+01 3.5114011100e+01 8.5069810473e-01 1.7054228125e-01 8.4854003224e+02 8.5687636402e+00 8.2124842266e-01 8.2370319467e+00 1.0195516092e-02 1.2907110159e-02
8.5428850154e+01 6.9779201661e+01 6.7145279331e+01 8.1681073238e-01 2.6427657790e-01 1.3863165615e+03 8.8542609567e+00 6.6086442231e-01 1.0247125924e+01 6.4003340013e-03 8.0184160652e-03
9.2749303964e+00 8.7691616496e+00 7.8504442581e+00 9.4546926768e-01 6.7120753939e-03 2.9893197739e+01 1.5001635163e+02 -8.0060647305e-01 1.3469895141e+01 9.7666151119e-03 9.8660994319e-03
3.3072520503e+01 2.6284279970e+01 2.5633265199e+01 7.9474680398e-01 5.0079108590e-02 2.3027043526e+02 1.3179068408e+02 -9.9280963502e-01 8.4375456901e+00 4.7664798104e-03 4.8218903112e-03
8.2527398782e+01 8.0389992967e+01 7.0906589774e+01 9.7410065207e-01 3.8919466153e-01 2.1700858594e+03 1.1595644613e+01 8.9290806735e-01 8.7631534569e+00 5.2711344228e-03 6.1773603903e-03
3.5687891713e+01 1.9627325133e+01 2.2838116378e+01 5.4997155032e-01 2.8013790193e-02 1.2676787641e+02 2.1959010992e+01 3.2520560487e-01 1.1386874735e+01 1.0166089717e-02 1.0962328775e-02
6.6965874840e+01 6.5567047040e+01 5.7684448964e+01 9.7911133391e-01 9.7703511906e-02 4.6423882183e+02 7.2759713079e+01 -8.7657228884e-01 8.2759865901e+00 3.4893678081e-03 3.5641469016e-03
3.1117719382e+01 2.8610590149e+01 2.5970762520e+01 9.1943081682e-01 6.3450286594e-02 2.9452051691e+02 1.6823084576e+01 -8.0571054291e-01 1.1618556338e+01 1.0149740737e-02 1.1237568950e-02
6.3543939398e+01 5.7245001164e+01 5.2490606148e+01 9.0087271432e-01 8.0903363497e-02 3.8008650054e+02 7.1956206995e+00 7.5237326021e-01 2.7385619306e+01 8.8992285296e-03 1.2065484006e-02
1.2847709995e+01 1.2053012872e+01 1.0832044019e+01 9.3814484270e-01 8.1200782079e-03 3.6202625406e+01 5.9305486395e+02 6.5823492017e-01 8.2110673431e+00 4.7656373468e-03 4.7777471564e-03
7.5772830353e+01 5.3289559680e+01 5.5148466966e+01 7.0328057474e-01 3.1416815519e-01 1.6907022870e+03 4.7815830854e+00 -9.5148664271e-01 1.2219139385e+01 8.9015597923e-03 1.7556576019e-02
6.6318726835e+01 5.9495584562e+01 5.4667163541e+01 8.9711590378e-01 2.5828529441e-01 1.3505810108e+03 3.9287135554e+00 -8.0014011516e-01 1.2599689138e+01 9.9000141979e-03 1.0000000000e+00
8.6083392775e+01 4.6456083027e+01 5.4539120350e+01 5.3966370898e-01 1.1062736773e-01 5.3014619328e+02 8.8729963320e+00 -6.6701050858e-01 1.8015509488e+01 7.8971714583e-03 9.8872245777e-03
3.9420908677e+01 3.3372959087e+01 3.1553958429e+01 8.4658015777e-01 1.4733064295e-01 7.2273229781e+02 9.3917127961e+00 8.7880853316e-01 8.4799373473e+00 1.0664178741e-02 1.3131344206e-02
8.6251780428e+01 5.6278112020e+01 6.0378644856e+01 6.5248638046e-01 2.2375920245e-01 1.1481915845e+03 5.0249351046e+00 -8.4009265462e-01 1.6080935214e+01 8.6324632655e-03 1.5669225201e-02
4.2835226714e+01 3.3343096441e+01 3.2848679611e+01 7.7840364110e-01 3.6680424081e-02 1.6704214238e+02 1.6191476872e+02 7.4939886457e-01 8.7175096570e+00 3.8092244187e-03 3.8451249131e-03
3.9859760362e+01 3.8474681328e+01 3.4090649723e+01 9.6525119515e-01 1.9179914566e-01 9.6639297196e+02 3.8790142867e+00 -8.8640592176e-01 8.6102704533e+00 1.3823762323e-02 1.0000000000e+00
8.2052344190e+01 7.6564336352e+01 6.8992318219e+01 9.3311577028e-01 5.3274508875e-01 3.1520900133e+03 3.4570805995e+00 -7.9109924390e-01 9.4207040929e+00 7.9384462602e-03 1.0000000000e+00
4.0194444460e+01 3.4375184056e+01 3.2339570050e+01 8.5522227059e-01 1.3024969884e-01 6.3212373763e+02 1.0690282797e+01 8.6482676020e-01 9.3546855415e+00 1.0097919267e-02 1.2038189168e-02
3.4916256756e+01 3.4796012161e+01 3.0343973320e+01 9.9655620029e-01 5.2529953255e-02 2.4196144259e+02 2.7782781302e+01 -5.6168559306e-01 1.1113479363e+01 7.6791478264e-03 8.1401129720e-03
8.1719021571e+01 7.2919813974e+01 6.7179615211e+01 8.9232363008e-01 3.6020766280e-01 1.9819130907e+03 3.8788322346e+00 -9.2705053354e-01 1.4705506238e+01 8.3297345908e-03 1.0000000000e+00
7.3966505162e+01 5.2261166100e+01 5.3963188540e+01 7.0655178294e-01 2.4560964430e-01 1.2755700310e+03 9.8065280180e+00 -6.5421701126e-01 8.0812762607e+00 7.1273450953e-03 8.6751564859e-03
3.1139014558e+01 2.9481634018e+01 2.6374833906e+01 9.4677479157e-01 4.8692950460e-02 2.2367529476e+02 3.0882776756e+01 5.6571740231e-01 9.8409801223e+00 8.0747356531e-03 8.5058779093e-03
3.8439409920e+01 3.3734027886e+01 3.1335127679e+01 8.7758963927e-01 6.6050459986e-02 3.0714677768e+02 4.1639552884e+01 7.5221226667e-01 1.0113483498e+01 6.4154216049e-03 6.6630535398e-03
8.4156530445e+01 8.1214727754e+01 7.1968352837e+01 9.6504367902e-01 2.3626242730e-01 1.2207787067e+03 3.7008242341e+00 -6.6092956704e-01 1.6821352211e+01 8.6203753222e-03 1.0000000000e+00
3.3895214242e+01 3.2314088876e+01 2.8809410759e+01 9.5335254840e-01 1.8735141857e-02 8.4198851320e+01 2.5657216547e+02 6.3401581924e-01 9.6257428568e+00 3.5173847476e-03 3.5381716268e-03
6.1523286591e+01 5.1840620597e+01 4.9128202052e+01 8.4261786829e-01 2.6576076140e-01 1.3951967307e+03 1.6818948312e+00 9.2492792376e-01 8.3459328810e+00 1.4494212282e-02 1.0000000000e+00
3.8032367846e+01 1.4249655459e+01 1.9801776751e+01 3.7467179316e-01 4.3405967912e-02 1.9863444560e+02 1.4135534116e+01 -7.9454523781e-01 1.1949626969e+01 1.2989135182e-02 1.4714815815e-02
3.0121743425e+01 2.3661005719e+01 2.3207020384e+01 7.8551249126e-01 4.7186886661e-02 2.1652369673e+02 4.6223926505e+01 -8.2050702071e-01 1.0415192577e+01 7.5260732941e-03 7.7859036465e-03
4.3522946482e+01 3.8837319515e+01 3.5779723017e+01 8.9234122813e-01 1.2230420638e-01 5.9055608266e+02 1.2222315534e+01 7.4476620599e-01 9.5508192020e+00 9.0551563973e-03 1.0506443100e-02
5.5187603347e+01 4.3221192771e+01 4.2453762449e+01 7.8316850432e-01 4.9217705241e-02 2.2617054686e+02 7.0015834656e+01 -3.6136369601e-01 8.4603897003e+00 4.4104562568e-03 4.5088322316e-03
8.3752946285e+01 8.2590907271e+01 7.2403247617e+01 9.8612539540e-01 1.7797887488e-01 8.8948672507e+02 2.4239211700e+01 6.3563837507e-01 9.1789559854e+00 4.3743808388e-03 4.6804588090e-03
3.2281747891e+01 3.0821424281e+01 2.7458424128e+01 9.5476318027e-01 1.0882792138e-01 5.2090923419e+02 1.3312073449e+01 -9.3054762613e-01 9.0407461013e+00 1.0425964747e-02 1.1921090755e-02
6.2853406242e+01 5.6212367578e+01 5.1729589236e+01 8.9434083113e-01 8.6787318197e-02 4.0936165960e+02 1.0135638672e+01 1.3025685664e-01 1.0860511865e+01 7.8713518923e-03 9.5015855303e-03
5.7958102907e+01 5.1071389012e+01 4.7344147534e+01 8.8117772065e-01 1.3289425562e-01 6.4604123053e+02 1.0327716509e+01 -6.2444271251e-01 1.1484908409e+01 8.0493225378e-03 9.6726019381e-03
7.4812280614e+01 6.3399196817e+01 5.9913565869e+01 8.4744371241e-01 2.9842615079e-01 1.5933714508e+03 4.3565437449e+00 6.6941640901e-01 1.0867978079e+01 8.8186772738e-03 2.2544438399e-02
9.9736459423e+00 7.8879464179e+00 7.7109290050e+00 7.9087892868e-01 7.9344348829e-03 3.5369970075e+01 2.6495753384e+02 -9.5287559198e-01 1.1342482230e+01 7.9733857146e-03 8.0189994967e-03
1.1508968679e+01 1.0089379647e+01 9.3768380486e+00 8.7665367141e-01 6.5079512162e-03 2.8979603849e+01 6.4953566493e+02 8.8951768562e-01 1.1329368064e+01 5.0454348342e-03 5.0571360412e-03
7.2070396060e+01 5.6954020194e+01 5.5697332434e+01 7.9025540732e-01 2.1564623689e-01 1.1015283913e+03 1.7032729569e+01 8.0890339802e-01 9.0465595550e+00 5.7681712465e-03 6.3772210449e-03
2.2944664868e+01 1.5204714892e+01 1.6191925745e+01 6.6266885917e-01 2.2904018214e-02 1.0325438607e+02 1.5517904945e+02 -9.0858062578e-01 1.0365716260e+01 6.0729536663e-03 6.1327183740e-03
6.9959082908e+01 6.3176070883e+01 5.7860140397e+01 9.0304315404e-01 1.9463138624e-01 9.8228248218e+02 1.1990804962e+00 6.8653051530e-01 9.1918858605e+00 1.5402607144e-02 1.0000000000e+00
1.0178870596e+01 4.6000000000e+00 5.8660560135e+00 4.5191654190e-01 2.4112444214e-03 1.0703664402e+01 3.0688012353e+01 -6.8274721430e-02 1.3610684841e+01 2.1302833516e-02 2.2448228387e-02
3.4989209708e+01 2.9063615648e+01 2.7737199276e+01 8.3064510148e-01 3.1225576727e-02 1.4163567523e+02 1.1586189025e+02 -5.9439433752e-01 9.8999630639e+00 4.8159596296e-03 4.8798307420e-03
8.3564927811e+01 7.8883841148e+01 7.0674699468e+01 9.4398263978e-01 2.1561384433e-01 1.1013427739e+03 1.6284360066e+01 6.5606545437e-01 9.7356067150e+00 5.0549804096e-03 5.6185763458e-03
6.9265391765e+01 5.8397533538e+01 5.5326541302e+01 8.4309829267e-01 5.0697648883e-01 2.9700392120e+03 3.7603481559e+00 -9.6405720611e-01 8.8583490655e+00 8.9240135902e-03 1.0000000000e+00
2.6380682310e+01 1.6038933100e+01 1.7797686582e+01 6.0798022246e-01 2.8117704086e-02 1.2724784419e+02 9.5946923997e+01 6.3622560087e-01 8.1923430797e+00 6.8336872936e-03 6.9436895588e-03
3.7020978054e+01 3.6446881860e+01 3.1977571781e+01 9.8449267892e-01 7.2996229564e-02 3.4108405446e+02 6.2596044094e+01 -9.3408321184e-01 9.6298807459e+00 5.4145623750e-03 5.5503175691e-03
3.4791261694e+01 2.6186227210e+01 2.6223578701e+01 7.5266678860e-01 5.1259292565e-02 2.3589532524e+02 6.1119794371e+01 -6.2781222995e-01 8.0293209357e+00 6.2639950675e-03 6.4250220949e-03
3.1590391204e+01 3.0197234751e+01 2.6886421684e+01 9.5589936054e-01 1.1632153887e-01 5.5950340926e+02 2.5933939522e+00 9.9980424355e-01 8.1002804690e+00 1.9426457577e-02 1.0000000000e+00
6.7876212440e+01 6.0019773785e+01 5.5543825733e+01 8.8425343176e-01 4.5380538037e-01 2.6021583842e+03 6.4210978515e+00 -9.8188087715e-01 8.3446523277e+00 7.4490942889e-03 1.0738715238e-02
3.5886100183e+01 3.5814237449e+01 3.1209365846e+01 9.9799747721e-01 5.4044756895e-02 2.4920663078e+02 3.3314096241e+01 5.6528372597e-01 1.0596221652e+01 7.0423925868e-03 7.3884281480e-03
3.8111116234e+01 2.8656422419e+01 2.8711184523e+01 7.5191768835e-01 5.7867300929e-02 2.6755484688e+02 5.6736357789e+01 7.6132134218e-01 9.4283892885e+00 6.0627723122e-03 6.2312905779e-03
4.5094785732e+01 4.1861039376e+01 3.7818305426e+01 9.2829001617e-01 2.0452031921e-01 1.0381015181e+03 8.3392248065e+00 9.9768054364e-01 9.3498624759e+00 9.6588626458e-03 1.2340096739e-02
3.5683041026e+01 3.3674362447e+01 3.0174367789e+01 9.4370775246e-01 7.3819154532e-02 3.4512497681e+02 4.3732881105e+01 -9.5405895182e-01 1.0634384587e+01 6.4196578301e-03 6.6547790778e-03
8.6005017144e+01 6.6001822406e+01 6.5474954076e+01 7.6741828091e-01 3.8282725406e-01 2.1284408027e+03 1.2982153883e+01 -9.6372957515e-01 8.3670431396e+00 5.3258478181e-03 6.1147133228e-03
3.9827490507e+01 3.7808528919e+01 3.3779326136e+01 9.4930733615e-01 5.7371011705e-02 2.6516738539e+02 1.5553344800e+01 -8.8426949014e-01 1.9974750078e+01 8.9009800908e-03 9.9507623455e-03
9.1484765372e+00 4.6000000000e+00 5.5822984379e+00 5.0281595862e-01 3.0826400203e-03 1.3691057933e+01 1.0335749414e+03 -9.6287822583e-01 1.3042582918e+01 5.8742023206e-03 5.8827501473e-03
3.9175655715e+01 3.1100448019e+01 3.0346472582e+01 7.9387179235e-01 1.7539830631e-02 7.8756541791e+01 4.3766924183e+01 -2.7660819122e-01 1.9812083497e+01 6.6138404068e-03 6.8558723151e-03
2.4806574343e+01 1.5366899097e+01 1.6900670860e+01 6.1946881033e-01 2.9893679864e-02 1.3546190020e+02 4.2615869656e+01 -9.2113364136e-01 1.2549183596e+01 9.5586437128e-03 9.9185537217e-03
3.4479836705e+01 3.1488868412e+01 2.8679116011e+01 9.1325456911e-01 5.8691030289e-02 2.7152096698e+02 5.7489254068e+01 9.5382433294e-01 1.1367144975e+01 6.0341537105e-03 6.1995678654e-03
6.4631436597e+01 6.1744579090e+01 5.4991131322e+01 9.5533353955e-01 9.9332233654e-02 4.7248906388e+02 2.7813517908e+01 8.0134160522e-01 1.4869695370e+01 5.1515303359e-03 5.4603866808e-03
7.2417704501e+01 2.8604056390e+01 3.8804352503e+01 3.9498706273e-01 5.4822922611e-02 2.5293425316e+02 3.8122083919e+01 2.3794641925e-01 8.3922543702e+00 5.8403921095e-03 6.0882841425e-03
8.3131266021e+01 7.8971949297e+01 7.0531647066e+01 9.4996687862e-01 1.7349754671e-01 8.6477524212e+02 2.4032462621e+01 6.9771135573e-01 1.0026887673e+01 4.4715182476e-03 4.7874470408e-03
7.6250180097e+01 7.2626278040e+01 6.4779201656e+01 9.5247352790e-01 4.9740968365e-01 2.9030652273e+03 4.8229774633e+00 -7.3912799216e-01 8.2482112149e+00 7.3950716775e-03 1.4352089090e-02
7.6727686840e+01 7.1902581641e+01 6.4654164093e+01 9.3711389725e-01 2.1743687252e-01 1.1117977883e+03 8.4173852916e+00 -9.1642064205e-01 1.5894446747e+01 6.8383676397e-03 8.7087719380e-03
7.2079242493e+01 5.8260323411e+01 5.6350089339e+01 8.0828157173e-01 4.1033380495e-01 2.3095693437e+03 5.7988942640e+00 8.8711878667e-01 8.7095571594e+00 7.8168354309e-03 1.2124345429e-02
7.7711048893e+01 6.7697205496e+01 6.3112341831e+01 8.7114003041e-01 2.3481408960e-01 1.2123289778e+03 4.8825990205e+00 3.5472940464e-01 9.1934974563e+00 8.4402279476e-03 1.6030129575e-02
5.3221246708e+01 4.4995464434e+01 4.2571131363e+01 8.4544175902e-01 2.8025047908e-01 1.4824626226e+03 6.6782749182e+00 9.9367567897e-01 8.8327094336e+00 9.3845898370e-03 1.3219612444e-02
8.8635786724e+00 6.3910499513e+00 6.5347422388e+00 7.2104622608e-01 5.9605823952e-03 2.6531147364e+01 1.7706128688e+02 9.3532627964e-01 1.3309105551e+01 1.0297777313e-02 1.0386396050e-02
2.9675337680e+01 2.7966340976e+01 2.5076762500e+01 9.4241020196e-01 3.9358397085e-02 1.7958626714e+02 9.1087814234e+01 7.3753062477e-01 9.6421903139e+00 5.5859898247e-03 5.6808552582e-03
4.7573011403e+01 2.1308051789e+01 2.7284918688e+01 4.4790210166e-01 7.4819520216e-02 3.5004292094e+02 1.1609247428e+01 5.6067224027e-01 8.6697581996e+00 1.1235252497e-02 1.3163798398e-02
4.1306422110e+01 3.8697951257e+01 3.4801710150e+01 9.3685071912e-01 1.5195123888e-02 6.8108687779e+01 1.2493619746e+02 -3.7867546998e-01 1.6927499526e+01 4.1026910940e-03 4.1530609908e-03
3.0345487401e+01 1.3616606747e+01 1.7421363122e+01 4.4871932909e-01 4.9728024616e-02 2.2859885846e+02 7.8764594651e+00 7.5294837675e-01 8.9676497989e+00 1.7456102128e-02 2.2772368209e-02
5.3159937360e+01 3.3442481626e+01 3.6511003531e+01 6.2909181777e-01 6.9848690141e-02 3.2566745466e+02 9.0884544597e+01 8.8119154515e-01 8.5269619639e+00 4.3415584165e-03 4.4154600911e-03
5.9061738456e+01 3.8623238157e+01 4.1393046324e+01 6.5394685574e-01 2.1988723235e-01 1.1258781105e+03 4.9970049398e+00 7.2653510671e-01 8.6071766647e+00 1.0974257691e-02 2.0085369683e-02
2.9929449898e+01 1.9012900635e+01 2.0660998360e+01 6.3525727002e-01 3.5968529912e-02 1.6371537389e+02 1.6557555895e+01 5.3145063708e-01 1.0784055984e+01 1.1973910028e-02 1.3282204321e-02
2.5622079436e+01 2.4305200168e+01 2.1723038134e+01 9.4860373175e-01 5.3303091089e-02 2.4565746279e+02 5.0969285388e+00 -7.9786143026e-01 1.2588557790e+01 1.7865239254e-02 3.1782105508e-02
1.8817387750e+01 1.4608976189e+01 1.4410851459e+01 7.7635516594e-01 2.3978783823e-02 1.0818575201e+02 6.3130054603e+01 -6.6844893308e-01 8.7255401649e+00 9.1457495859e-03 9.3730247305e-03
2.9701742179e+01 2.7773435834e+01 2.5000624372e+01 9.3507766874e-01 3.4157658333e-02 1.5526788948e+02 7.7435887634e+01 -9.9080236642e-01 1.5549516002e+01 5.9666612640e-03 6.0865207597e-03
7.8590895027e+01 7.0585051942e+01 6.4820327857e+01 8.9813268977e-01 4.8881457771e-01 2.8431825114e+03 2.7613605666e+00 8.9691714087e-01 9.5262793003e+00 9.1443886532e-03 1.0000000000e+00
4.7378468717e+01 2.7858967065e+01 3.1408038954e+01 5.8800902223e-01 1.0199136277e-01 4.8599344173e+02 1.4720857526e+01 8.4020760622e-01 1.0137806492e+01 9.2668886534e-03 1.0436930443e-02
4.2948020306e+01 3.3676031726e+01 3.3058672715e+01 7.8411138597e-01 1.0709773943e-01 5.1204617724e+02 2.6792595043e+01 9.4752615876e-01 9.6733919026e+00 7.1490048208e-03 7.5958865044e-03
4.8356950530e+01 3.6124305471e+01 3.6308054166e+01 7.4703439890e-01 9.5238605090e-02 4.5178364340e+02 1.2370356744e+01 -7.8269229205e-01 1.2826449426e+01 9.0694841272e-03 1.0500184524e-02
4.3602674767e+01 2.5552879731e+01 2.8854023147e+01 5.8603927094e-01 3.3277114044e-03 1.4782271521e+01 7.0067862944e+02 8.0047498267e-01 1.7801685005e+01 2.4339991742e-03 2.4392303786e-03
6.4545509324e+01 6.3434669033e+01 5.5704090025e+01 9.8278981292e-01 4.8193054581e-01 2.7954201434e+03 3.2221802693e+00 8.8200434093e-01 8.0562720131e+00 9.5151956269e-03 1.0000000000e+00
2.9066654490e+01 2.8234890237e+01 2.4938792702e+01 9.7138424536e-01 4.1420713396e-02 1.8927838365e+02 1.1495801255e+02 8.5724064761e-01 9.3312840321e+00 5.1304446023e-03 5.1990347373e-03
4.6104550248e+01 3.7939323775e+01 3.6374649126e+01 8.2289760057e-01 9.7397422129e-02 4.6269013542e+02 1.6187661671e+01 6.1838223403e-01 9.6102699792e+00 8.1799374107e-03 9.0985854697e-03
3.4972971969e+01 3.1493750963e+01 2.8883731812e+01 9.0051686174e-01 6.6303372769e-02 3.0837718604e+02 1.8751945070e+01 -7.9852069885e-01 1.2323309908e+01 9.1032101353e-03 9.9602091091e-03
4.2921338238e+01 3.4058915906e+01 3.3240425670e+01 7.9351943123e-01 1.8564169967e-01 9.3199902303e+02 5.4283718437e+00 8.6464151318e-01 8.3373431277e+00 1.2421015990e-02 2.0492395850e-02
1.0223192054e+01 8.1875977372e+00 7.9548377539e+00 8.0088466440e-01 8.9059415102e-03 3.9729986522e+01 3.2668664026e+02 8.0707441953e-01 8.4440102805e+00 7.2247067510e-03 7.2581613741e-03
5.0695309107e+01 4.2370840984e+01 4.0314619574e+01 8.3579411450e-01 1.7001294234e-01 8.4563716918e+02 2.8618236086e+00 8.7382299089e-01 1.0716112937e+01 1.4113879325e-02 1.0000000000e+00
9.2161679520e+00 8.0450963351e+00 7.4926329397e+00 8.7293291279e-01 6.8652019113e-03 3.0578727309e+01 2.3742244207e+02 7.0032096479e-01 9.8862417033e+00 8.4644055271e-03 8.5185101826e-03
3.9597910707e+01 3.1176939154e+01 3.0544122798e+01 7.8733798318e-01 1.0739475908e-02 4.7976010896e+01 1.5351289408e+02 1.5604957598e-01 1.5161310370e+01 4.1317793196e-03 4.1728900978e-03
4.0958026337e+01 3.7240403917e+01 3.3991664782e+01 9.0923336028e-01 9.2952278106e-02 4.4026399908e+02 1.5551663026e+01 8.8061676999e-01 1.2595511234e+01 8.6850216864e-03 9.7094701157e-03
4.1277382098e+01 3.9510225693e+01 3.5154752439e+01 9.5718826354e-01 1.1631624051e-01 5.5947600272e+02 4.5230359918e+00 -4.7243197025e-01 8.9137168116e+00 1.3336056361e-02 2.9947760270e-02
3.3560322193e+01 2.4550985782e+01 2.4927854649e+01 7.3154797625e-01 8.1482656433e-02 3.8295920916e+02 1.1436035843e+01 -6.8362483838e-01 8.2332178550e+00 1.1909050539e-02 1.3995144948e-02
7.1948649469e+01 6.4010161366e+01 5.9058371793e+01 8.8966452933e-01 4.9158826050e-01 2.8624768989e+03 2.6153047334e+00 -9.2079431316e-01 8.3338595197e+00 9.8802597951e-03 1.0000000000e+00
4.8742452486e+01 3.9448210051e+01 3.8130832426e+01 8.0931935180e-01 1.0403354081e-01 4.9639372969e+02 5.7511859906e+00 -9.8794864008e-01 1.9281526086e+01 1.1664069992e-02 1.8218371089e-02
8.0214496286e+01 6.1164002643e+01 6.0865694547e+01 7.6250560029e-01 1.9149343655e-01 9.6468048040e+02 4.0049356599e+00 8.3131155599e-01 1.9846432148e+01 9.5094908826e-03 1.1725358622e-01
2.8273527908e+01 2.6939073716e+01 2.4024256397e+01 9.5280199215e-01 7.4045375930e-02 3.4623656628e+02 3.1443157527e+01 -9.5214152451e-01 9.0024981634e+00 8.3763163540e-03 8.8148027531e-03
4.2096106818e+01 3.8905174061e+01 3.5225016075e+01 9.2419886308e-01 4.6112430546e-02 2.1143055129e+02 8.2497698743e+01 4.6560980303e-01 8.2446897433e+00 4.6691365862e-03 4.7569755524e-03
6.9192003061e+01 5.0264245122e+01 5.1209114560e+01 7.2644587377e-01 3.7972948138e-01 2.1082429272e+03 3.4557541774e+00 -8.4106086999e-01 8.3630732357e+00 1.0215365748e-02 1.0000000000e+00
2.3929036476e+01 1.7096588977e+01 1.7558595231e+01 7.1447042984e-01 5.7716452363e-03 2.5686475415e+01 3.0616767152e+02 -3.8090500913e-01 1.6797163058e+01 4.5218668680e-03 4.5442218102e-03
8.5182430605e+01 7.7998185838e+01 7.0945851237e+01 9.1566048638e-01 2.9646341744e-01 1.5813183610e+03 1.7162754608e+01 -7.9337091268e-01 8.1613503221e+00 4.7494801452e-03 5.2463970429e-03
6.5644481428e+01 5.4614438927e+01 5.2081077272e+01 8.3197304234e-01 8.3474239007e-02 3.9285132946e+02 6.0129219372e+01 -7.1867183722e-01 9.5317027166e+00 4.0278850038e-03 4.1332176400e-03
3.2287248940e+01 3.0114133340e+01 2.7142009911e+01 9.3269430903e-01 3.3257709369e-02 1.5107773097e+02 1.6280553656e+02 8.4461379232e-01 9.8985120825e+00 4.2917868262e-03 4.3320101575e-03
7.3243617015e+01 6.4188646864e+01 5.9664919923e+01 8.7637188713e-01 3.2443451356e-01 1.7548024478e+03 1.0878070573e+01 -9.3431993012e-01 9.2820305187e+00 6.1961271490e-03 7.3582965725e-03
6.8113898855e+01 5.9563627137e+01 5.5425195556e+01 8.7447096904e-01 3.0556499692e-01 1.6373652381e+03 1.1332960448e+01 -8.7399060239e-01 8.3214779604e+00 6.4468994337e-03 7.5901421071e-03
5.4490288279e+01 3.7329021992e+01 3.9123042834e+01 6.8505825848e-01 7.6148739431e-02 3.5658723937e+02 4.8679961541e+01 8.5778093056e-01 1.1519128973e+01 5.2356888495e-03 5.4067696527e-03
8.2312651116e+01 5.2777928816e+01 5.7098716548e+01 6.4118854271e-01 3.0323956237e-01 1.6230080248e+03 7.3016483056e+00 7.4350093458e-01 8.9008605530e+00 7.4706136220e-03 1.0060395706e-02
1.6455139719e+01 9.8461189177e+00 1.1008919198e+01 5.9836130752e-01 1.1756917955e-02 5.2561547039e+01 1.2486807656e+02 6.1780452541e-01 9.9808827719e+00 8.4428372586e-03 8.5465501855e-03
4.0017101472e+01 3.4711228824e+01 3.2428907244e+01 8.6740987096e-01 9.1881316046e-02 4.3487896736e+02 1.0971031180e+01 -5.1987810611e-01 8.6459194466e+00 1.0200832263e-02 1.2091829515e-02
3.3029633103e+01 3.2392779704e+01 2.8475140053e+01 9.8071872621e-01 5.8622627265e-02 2.7119145312e+02 5.7274559682e+00 8.3738495415e-01 1.8544689288e+01 1.4393972962e-02 2.2562578089e-02
4.3396363528e+01 4.1116734753e+01 3.6770401283e+01 9.4746958986e-01 9.3104652781e-02 4.4103074327e+02 1.4183701899e+01 -9.1513266722e-01 1.4780819512e+01 8.5585378301e-03 9.6907199586e-03
7.6649353220e+01 7.5291471577e+01 6.6132915948e+01 9.8228449967e-01 3.5322228085e-01 1.9371146714e+03 4.5222650383e+00 -5.5183053271e-01 9.1905185164e+00 7.9670121805e-03 1.7899663957e-02
8.0556381273e+01 6.8844364349e+01 6.4790368926e+01 8.5461093536e-01 1.7587717058e-01 8.7788338439e+02 1.9573138573e+01 8.6764520556e-01 1.2652271303e+01 5.0860170202e-03 5.5412715111e-03
2.3230181092e+01 1.9810457875e+01 1.8663475598e+01 8.5278964451e-01 5.5859443678e-02 2.5790548515e+02 1.1158608988e+01 7.8357985525e-01 8.8605815153e+00 1.4619846935e-02 1.7267754182e-02
2.5623458883e+01 1.9607324666e+01 1.9478110910e+01 7.6520991000e-01 3.2535375575e-02 1.4771838997e+02 4.8734550224e+01 -7.8351902854e-01 1.1485613870e+01 8.3047109885e-03 8.5757523475e-03
3.6846422901e+01 1.9242975269e+01 2.2941635556e+01 5.2224812489e-01 5.1114426637e-02 2.3520439577e+02 6.3749581503e+01 9.1088908309e-01 9.4379991753e+00 6.7037877864e-03 6.8686863339e-03
2.6724342351e+01 2.2844643689e+01 2.1496751799e+01 8.5482528958e-01 1.2050808290e-02 5.3887383634e+01 6.8167940968e+01 -2.7934269328e-01 1.6871203025e+01 6.9717804638e-03 7.1316821699e-03
8.3251227048e+01 8.1236465877e+01 7.1590981582e+01 9.7579902132e-01 4.2616683779e-01 2.4152532481e+03 4.4227345584e+00 4.9539698982e-01 8.2563424672e+00 7.3985013636e-03 1.7844419689e-02
3.1173079761e+01 2.1329441492e+01 2.2367605002e+01 6.8422631501e-01 4.4284562790e-02 2.0278322722e+02 1.6785125962e+01 -4.3853670460e-01 8.6806163201e+00 1.1279765006e-02 1.2492012196e-02
2.9994399225e+01 2.0844243816e+01 2.1695866369e+01 6.9493786687e-01 3.4306163027e-02 1.5595983684e+02 3.0528170702e+01 6.4011188058e-01 1.1949072505e+01 9.2420141982e-03 9.7417994705e-03
3.1120535307e+01 3.0079362543e+01 2.6634176457e+01 9.6654386714e-01 4.4492122859e-02 2.0376406949e+02 7.7208220422e+01 -7.8760487286e-01 1.0287841127e+01 5.7059983070e-03 5.8209721730e-03
2.8086558319e+01 2.2000734053e+01 2.1608066441e+01 7.8331897428e-01 5.2496590036e-02 2.4180203452e+02 3.7483459035e+01 -8.4458035962e-01 9.3822058038e+00 8.4860970154e-03 8.8529191233e-03
5.7487910088e+01 5.2502027346e+01 4.7816850297e+01 9.1327076016e-01 7.8600929996e-02 3.6868936972e+02 1.5569743302e+01 8.4595245868e-01 2.1599131939e+01 7.0719486860e-03 7.9049340166e-03
4.9173377215e+01 2.3230932294e+01 2.9021851939e+01 4.7242905836e-01 1.0809716575e-01 5.1716365703e+02 1.6417831825e+01 -9.3209093169e-01 9.2828507847e+00 9.3135009483e-03 1.0341635436e-02
1.9154780692e+01 1.2156990919e+01 1.3216621040e+01 6.3467137078e-01 1.3643790296e-02 6.1083938804e+01 1.4347571763e+02 -9.2561012614e-01 1.4542830242e+01 7.1408550036e-03 7.2169739904e-03
1.1058288124e+01 1.0478050859e+01 9.3701526560e+00 9.4752919634e-01 5.7882192290e-03 2.5760562283e+01 4.4891583639e+02 -9.1704557176e-01 1.5545984769e+01 5.8003024363e-03 5.8198030411e-03
4.6230685141e+01 3.6129508964e+01 3.5524826130e+01 7.8150494317e-01 9.2770639838e-02 4.3935018725e+02 2.8882434209e+01 -6.1056441119e-01 8.0531740053e+00 6.6991539592e-03 7.0843140755e-03
6.6401694100e+01 6.1801572905e+01 5.5760594361e+01 9.3072283385e-01 2.2875260788e-01 1.1770833486e+03 3.6895158880e+00 4.9915265060e-01 9.7937790276e+00 1.0161020308e-02 1.0000000000e+00
4.3697951068e+01 3.3570630765e+01 3.3285244922e+01 7.6824267372e-01 4.5641967937e-02 2.0920280903e+02 3.2235088847e+01 8.5189146846e-01 1.8997928296e+01 6.8829670332e-03 7.2335765500e-03
9.9557581612e+00 9.8457173269e+00 8.6189331116e+00 9.8894701614e-01 1.2725162391e-02 5.6931809951e+01 4.5217468488e+01 -9.6170100756e-01 1.2155678446e+01 1.4390974608e-02 1.4899598158e-02
1.0713861459e+01 8.2876745818e+00 8.1897281835e+00 7.7354692454e-01 9.6902270082e-03 4.3254414128e+01 1.6141881892e+02 8.9964151078e-01 1.0784355923e+01 9.2369141185e-03 9.3242406579e-03
3.2502192818e+01 2.7401456960e+01 2.5960983065e+01 8.4306486991e-01 4.1818795181e-02 1.9115240346e+02 1.2240372607e+02 7.7368196142e-01 8.4238226547e+00 4.8857014760e-03 4.9469543547e-03
4.1422847510e+01 3.3051830092e+01 3.2170628873e+01 7.9791303783e-01 2.3417948842e-02 1.0561150750e+02 1.6419668364e+02 5.8263914760e-01 1.1079467978e+01 3.8700247060e-03 3.9059826517e-03
1.1910360730e+01 8.6821962845e+00 8.8306089618e+00 7.2896165627e-01 5.8562974464e-03 2.6064895997e+01 1.1028404730e+02 7.7810986355e-01 1.8798853926e+01 1.0189417596e-02 1.0331564489e-02
4.3980363222e+01 4.3343760197e+01 3.8008820359e+01 9.8552528951e-01 3.3212018657e-02 1.5086513684e+02 5.0375831958e+01 -2.8738106989e-01 1.2636630778e+01 5.3987256205e-03 5.5688458966e-03
8.4586225538e+01 5.0865879544e+01 5.6738594168e+01 6.0134944219e-01 2.4655719218e-01 1.2811492481e+03 8.7558702379e+00 7.3164618754e-01 9.7659437049e+00 7.2038433758e-03 9.0566014631e-03
3.6562769832e+01 2.6043217213e+01 2.6786567134e+01 7.1228786364e-01 7.2962621536e-02 3.4091911449e+02 6.4047135626e+00 9.1970064876e-01 1.4751034702e+01 1.4220662138e-02 2.0533285839e-02
3.3587845845e+01 2.8459679241e+01 2.6896910552e+01 8.4732076515e-01 3.7196702481e-02 1.6945684571e+02 3.3462053232e+01 8.4138595773e-01 1.7682865566e+01 7.7935678297e-03 8.1746639896e-03
6.0690625320e+01 5.2832457634e+01 4.9271594858e+01 8.7052089769e-01 2.5750448562e-01 1.3459370166e+03 5.9398486092e+00 -6.6087144826e-01 8.3216001622e+00 9.0508345309e-03 1.3770238174e-02
8.1408472951e+01 7.4225027334e+01 6.7656786736e+01 9.1176046723e-01 1.4718351289e-01 7.2194462229e+02 2.4630787731e+01 8.0281312041e-01 1.2747164253e+01 4.6121265441e-03 4.9290377998e-03
5.0911288256e+01 4.9456684977e+01 4.3682191928e+01 9.7142866879e-01 1.1294788635e-01 5.4208659739e+02 2.0041675317e+01 -6.7824559796e-01 1.0385579553e+01 6.6751103918e-03 7.2562972482e-03
3.7458078891e+01 2.9770207747e+01 2.9032605346e+01 7.9476066655e-01 1.2462361682e-01 6.0265187723e+02 4.8439692852e+00 7.3265152330e-01 8.5205368723e+00 1.4580988554e-02 2.8077924133e-02
2.9475015341e+01 1.9494813619e+01 2.0779646681e+01 6.6140130524e-01 6.1979650887e-02 2.8739817254e+02 3.7406125489e+01 -9.7150562300e-01 8.6908307739e+00 8.6540768858e-03 9.0289964269e-03
8.6190465885e+01 8.2883288708e+01 7.3576730021e+01 9.6162943147e-01 2.8573431690e-01 1.5157574197e+03 1.3545970840e+01 -8.6935685328e-01 1.0845359717e+01 5.0998760162e-03 5.8150824980e-03
3.9162354749e+01 3.0977499632e+01 3.0280017553e+01 7.9100196682e-01 4.9837726373e-02 2.2912108393e+02 1.1453060993e+02 -8.4297730296e-01 8.8398571702e+00 4.5279457698e-03 4.5887124579e-03
4.2591567931e+01 2.9289707297e+01 3.0640795846e+01 6.8768793260e-01 1.0625795110e-01 5.0775076157e+02 3.2646521730e+01 9.8614562930e-01 8.6987764505e+00 6.9644066284e-03 7.3142702462e-03
8.5037351630e+01 7.2318388796e+01 6.8224217410e+01 8.5043086844e-01 3.1580993110e-01 1.7009201811e+03 2.0928297845e+00 7.0834886618e-01 1.0476451189e+01 1.0615444916e-02 1.0000000000e+00
5.5029316757e+01 1.8028256391e+01 2.6619240472e+01 3.2761185225e-01 4.7175307523e-02 2.1646876946e+02 6.5670841316e+01 8.5953983980e-01 1.1221354697e+01 6.0554527206e-03 6.1998528622e-03
8.2254504303e+01 3.6981604169e+01 4.7272187821e+01 4.4959974512e-01 1.2147157605e-01 5.8622164843e+02 7.7483545640e+00 5.8187456791e-01 1.2969038349e+01 9.0306903784e-03 1.1857257745e-02
3.4584989608e+01 2.3555511216e+01 2.4756677339e+01 6.8109059692e-01 7.3782847358e-02 3.4494660323e+02 1.2970493252e+01 -7.5183982115e-01 9.4366236860e+00 1.1459918968e-02 1.3159340057e-02
6.1584851162e+01 6.1198705134e+01 5.3444329888e+01 9.9372985368e-01 2.0750208685e-01 1.0550354158e+03 2.2439992669e+00 9.0437446793e-01 1.3066360835e+01 1.2710679635e-02 1.0000000000e+00
2.5216874563e+01 2.0979668158e+01 2.0006541929e+01 8.3196940627e-01 5.8186278287e-02 2.6909015672e+02 1.4098725040e+01 9.2880310436e-01 1.0545682151e+01 1.2805438546e-02 1.4512323176e-02
6.0127087748e+01 5.9634375954e+01 5.2128675441e+01 9.9180549379e-01 9.5600103981e-02 4.5360797850e+02 1.7803445919e+01 4.3587306545e-01 1.1485218890e+01 6.3099547550e-03 6.9417657137e-03
3.1657924613e+01 2.7109559602e+01 2.5487986121e+01 8.5632775786e-01 3.0186916640e-02 1.3682014618e+02 2.4361270807e+02 9.9821327824e-01 9.1609294670e+00 3.8448202929e-03 3.8687648214e-03
2.2325575669e+01 2.0337403475e+01 1.8545932155e+01 9.1094643097e-01 4.6490164266e-02 2.1322023764e+02 5.5282498046e+01 9.6473822588e-01 8.9261874517e+00 8.0995424296e-03 8.3309095151e-03
2.4767902834e+01 1.9271727117e+01 1.8989660107e+01 7.7809281013e-01 3.4887813055e-02 1.5867138565e+02 2.9892335228e+01 8.8441579610e-01 1.3125601070e+01 1.0120553416e-02 1.0680706842e-02
2.6822238793e+01 1.5934578287e+01 1.7877232394e+01 5.9408084500e-01 1.6326448778e-02 7.3241708380e+01 3.0330373048e+02 -7.0773644495e-01 9.0460362080e+00 4.4579289255e-03 4.4801777859e-03
8.0627556428e+01 6.8598030954e+01 6.4700618044e+01 8.5080131401e-01 1.7427936732e-01 8.6907842662e+02 3.7428967037e+01 9.5421481900e-01 9.1419842405e+00 3.9952401574e-03 4.1682112555e-03
3.1382069379e+01 2.5975567614e+01 2.4833030651e+01 8.2772003658e-01 3.1575406675e-02 1.4325918492e+02 1.9446772837e+01 -7.1750016074e-01 1.8910474926e+01 1.0075607125e-02 1.0984363412e-02
4.8923354969e+01 4.5387335954e+01 4.1016478313e+01 9.2772329254e-01 1.7278710721e-01 8.6086789109e+02 6.5726845962e+00 -9.6677134062e-01 1.2597127406e+01 1.0207190634e-02 1.4509913325e-02
3.2113126559e+01 2.1985480524e+01 2.3049096979e+01 6.8462597325e-01 4.2837182426e-02 1.9595127223e+02 4.3593161001e+00 9.7381830275e-01 1.9807224396e+01 1.8369394588e-02 4.6835264235e-02
3.3642983100e+01 3.1680350354e+01 2.8418229434e+01 9.4166293932e-01 1.3071056867e-01 6.3454620962e+02 8.0381607983e+00 8.5039665393e-01 8.2660083075e+00 1.2179913164e-02 1.5767364138e-02
3.5548651418e+01 3.2741359929e+01 2.9694804433e+01 9.2102959247e-01 9.8588868104e-02 4.6872156557e+02 1.7122628501e+01 -7.3861945416e-01 8.3543662382e+00 9.0862470431e-03 1.0039582214e-02
8.0881385331e+01 7.5496304391e+01 6.8018900277e+01 9.3342002096e-01 3.7319716204e-01 2.0657866574e+03 5.4934528653e+00 -6.5485790193e-01 9.4018948398e+00 7.2111105327e-03 1.1752286177e-02
6.4726902839e+01 6.4722452744e+01 5.6346104671e+01 9.9993124814e-01 3.4967504024e-01 1.9144484859e+03 4.1857059939e+00 -9.7833766787e-01 1.2469573506e+01 9.0797580643e-03 2.9203024051e-02
3.4106484894e+01 3.2414952244e+01 2.8943902351e+01 9.5040436869e-01 1.0506088909e-01 5.0163528517e+02 2.8714321894e+00 -9.1104494755e-01 9.7962753634e+00 1.7969840541e-02 1.0000000000e+00
3.0843040333e+01 1.4887201370e+01 1.8413716289e+01 4.8267619565e-01 2.4876408891e-02 1.1231020696e+02 1.4264714069e+02 9.7421058744e-01 1.2024688066e+01 5.7768222076e-03 5.8387658466e-03
8.2737219779e+01 7.0420008691e+01 6.6406516470e+01 8.5112853537e-01 3.1849016593e-01 1.7176280801e+03 1.6573514138e+01 -9.7987236934e-01 8.9738136446e+00 4.9626142786e-03 5.5042068189e-03
5.2678616682e+01 4.6871535230e+01 4.3243191506e+01 8.8976397221e-01 3.4171474470e-02 1.5533225872e+02 9.1764449858e+01 9.6574892216e-01 2.0630091221e+01 3.9751075659e-03 4.0421024937e-03
3.1822520236e+01 1.9547111892e+01 2.1584848812e+01 6.1425404862e-01 1.4589639457e-02 6.5365015606e+01 1.5875524303e+02 -9.6009225407e-01 2.2159308044e+01 5.0567684497e-03 5.1053918675e-03
7.9398445559e+01 7.1938441533e+01 6.5777120216e+01 9.0604344992e-01 1.4942026630e-01 7.3393271103e+02 1.0578535066e+01 -7.4892679830e-01 1.7471880408e+01 6.4367271949e-03 7.6917689295e-03
8.3298536979e+01 5.2432333339e+01 5.7227689021e+01 6.2945083120e-01 9.8907778618e-02 4.7033744470e+02 3.7998779633e+00 -2.3145089844e-01 1.5718564299e+01 1.0602358000e-02 1.0000000000e+00
5.6384724291e+01 5.4664174187e+01 4.8329878201e+01 9.6948552775e-01 3.1782842106e-02 1.4422224222e+02 1.6611095830e+02 -8.9287688520e-01 1.0847766932e+01 2.9726507315e-03 2.9999471354e-03
2.7995470668e+01 2.6860994603e+01 2.3871535420e+01 9.5947644252e-01 4.4954323976e-02 2.0594924125e+02 2.3259486655e+01 -4.2965790379e-01 8.5273365748e+00 9.5793194809e-03 1.0281771301e-02
9.0248826381e+00 7.7553060354e+00 7.2788862753e+00 8.5932486288e-01 6.9019116265e-03 3.0743095956e+01 3.3138216924e+02 7.2092749453e-01 8.8658148931e+00 7.6057098702e-03 7.6404255391e-03
2.9868597503e+01 2.8664747137e+01 2.5471651211e+01 9.5969511571e-01 4.2570468004e-02 1.9469380352e+02 1.1105177038e+02 -8.3118034910e-01 9.1436700314e+00 5.1256283346e-03 5.1966261450e-03
7.8173793290e+00 7.5105474288e+00 6.6702634027e+00 9.6075003051e-01 6.0213981519e-03 2.6803084676e+01 3.7569947517e+02 -9.9760172455e-01 1.1895968251e+01 7.6671974187e-03 7.6980350829e-03
7.1822293821e+01 6.5977364708e+01 5.9916013971e+01 9.1861957058e-01 3.6087989801e-01 1.9862356098e+03 7.8835049486e+00 -8.6538910556e-01 9.0229923923e+00 6.8556603554e-03 8.9404648315e-03
2.4417001727e+01 2.3695316370e+01 2.0939275495e+01 9.7044332612e-01 2.9354069221e-02 1.3296395224e+02 3.6657493517e+01 -8.6027258245e-01 1.6327170125e+01 8.8492340698e-03 9.2410889729e-03
5.1272745560e+01 4.2765723742e+01 4.0731305459e+01 8.3408296698e-01 4.1714519846e-02 1.9066141477e+02 1.1166043561e+02 -9.4453020730e-01 1.3737732477e+01 3.8164567429e-03 3.8690250245e-03
3.7719654316e+01 3.7211458944e+01 3.2614761271e+01 9.8652704059e-01 1.7704270187e-01 8.8431516780e+02 4.7010079040e+00 9.4793644692e-01 9.4450917574e+00 1.3326622959e-02 2.7204806152e-02
3.1191244762e+01 2.1044496524e+01 2.2218216562e+01 6.7469242362e-01 5.3316407252e-02 2.4572115488e+02 4.5891438853e+01 -8.9104706346e-01 9.4882510209e+00 7.7264293381e-03 7.9952350509e-03
3.3944679012e+01 2.8524510335e+01 2.7068286741e+01 8.4032346646e-01 6.6936446449e-02 3.1145882970e+02 1.4281666556e+01 -9.6569070135e-01 1.4369580865e+01 1.0495523009e-02 1.1871957966e-02
2.9912243097e+01 2.7372987232e+01 2.4905437388e+01 9.1510981451e-01 9.8767836745e-02 4.6962830081e+02 9.0071676223e+00 -9.7169684298e-01 9.8826192790e+00 1.2903278811e-02 1.6081391485e-02
3.1399373635e+01 2.4351075113e+01 2.4033321796e+01 7.7552741645e-01 5.8326323650e-02 2.6976443151e+02 2.6535464565e+01 -9.3897031145e-01 1.1720108436e+01 9.0072010609e-03 9.5763481106e-03
4.8598977798e+01 4.8059336852e+01 4.2072188289e+01 9.8889604328e-01 1.9017118400e-01 9.5727947242e+02 3.5610068611e+00 7.3882126433e-01 9.8859310045e+00 1.2526452798e-02 1.0000000000e+00
8.4375148772e+01 8.3549699131e+01 7.3092475765e+01 9.9021691039e-01 4.4908077765e-01 2.5699937834e+03 4.1757770926e+00 9.1991412191e-01 1.3781690209e+01 7.3882394147e-03 2.4235757410e-02
3.7293837055e+01 3.1815103078e+01 2.9967836849e+01 8.5309277860e-01 1.0431207166e-01 4.9781417071e+02 2.1936152058e+01 -8.0218576749e-01 8.0300481884e+00 8.2062277419e-03 8.8497347623e-03
2.9255837365e+01 2.4218215258e+01 2.3151769025e+01 8.2780796721e-01 4.5273504379e-02 2.0745905380e+02 2.7482246854e+01 7.1127906028e-01 1.1048918968e+01 9.1704854784e-03 9.7276860913e-03
4.4424477454e+01 3.4662642099e+01 3.4109020100e+01 7.8025998472e-01 1.9028859023e-01 9.5793624191e+02 3.1351065890e+00 -9.3385662767e-01 8.2443853236e+00 1.4979598755e-02 1.0000000000e+00
4.2233835605e+01 9.7868238676e+00 1.6847916748e+01 2.3172945880e-01 1.8265494284e-02 8.2059386908e+01 2.0633607253e+02 -5.6169604898e-01 8.0194017879e+00 5.3388846309e-03 5.3782220347e-03
3.4161657392e+01 2.2959673008e+01 2.4285280053e+01 6.7208896642e-01 7.3122606414e-02 3.4170434444e+02 5.6195079386e+00 -7.8840834251e-01 1.1150859523e+01 1.5877736752e-02 2.5316682794e-02
3.7171733597e+01 3.1573574818e+01 2.9803915981e+01 8.4939742550e-01 1.3996295994e-01 6.8344182665e+02 8.6164358050e+00 8.7356766762e-01 8.3605350301e+00 1.1460282612e-02 1.4481986840e-02
6.5413821352e+01 6.1171286529e+01 5.5062225135e+01 9.3514314352e-01 9.6717101202e-02 4.5925004012e+02 3.2394656400e+01 -4.1691227920e-01 8.8357724322e+00 4.8685596229e-03 5.1152195413e-03
7.6944114824e+01 6.7900491507e+01 6.2899693607e+01 8.8246504184e-01 3.2788330635e-01 1.7764449809e+03 6.9378566076e+00 9.5560325741e-01 1.2020639506e+01 7.0848551005e-03 9.7786520777e-03
7.7788743376e+01 7.1358160945e+01 6.4847523326e+01 9.1733273798e-01 3.9495235939e-01 2.2078913763e+03 1.0253127871e+01 -9.5629506239e-01 8.9670169218e+00 5.8219252053e-03 7.0081158217e-03
3.2704082038e+01 3.1859920243e+01 2.8100231633e+01 9.7418787679e-01 4.8049910817e-02 2.2062000826e+02 3.5803099299e+01 8.0008396473e-01 1.3561273815e+01 7.3454447017e-03 7.6791346938e-03
5.0635694239e+01 3.7034440210e+01 3.7606870745e+01 7.3138999605e-01 4.8918047919e-02 2.2474543439e+02 3.3606385790e+01 -5.2527808188e-01 1.3633958047e+01 6.2662409817e-03 6.5712160777e-03
3.1546020768e+01 2.7979416020e+01 2.5854099759e+01 8.8693963102e-01 6.7966676054e-02 3.1647913547e+02 5.0124653815e+01 -9.0211044406e-01 8.7784235578e+00 6.7409642216e-03 6.9545073755e-03
2.6579154556e+01 1.7145041832e+01 1.8495388564e+01 6.4505595149e-01 4.0236744480e-02 1.8371078912e+02 2.6586964216e+01 -8.3899054361e-01 1.0788847484e+01 1.0716369510e-02 1.1392046861e-02
4.2706394454e+01 2.8456882831e+01 3.0224348734e+01 6.6633775093e-01 7.9217361402e-02 3.7173749568e+02 1.4550030195e+01 6.8804886603e-01 1.0369682943e+01 9.6589654093e-03 1.0896435006e-02
5.1619272649e+01 4.7766076402e+01 4.3220958745e+01 9.2535353465e-01 7.3934336663e-02 3.4569090996e+02 5.6055916518e+01 7.1751762356e-01 1.0169242715e+01 4.6721590486e-03 4.8036834264e-03
2.7730613042e+01 2.4764891224e+01 2.2806209783e+01 8.9305242502e-01 4.7416245924e-02 2.1761187288e+02 3.5288985073e+01 9.5212770616e-01 1.2613706921e+01 8.4177939730e-03 8.8062533688e-03
5.8544969959e+01 3.6240016297e+01 3.9871160157e+01 6.1901161317e-01 6.7867592010e-02 3.1599600829e+02 1.8697829695e+01 -9.8280104985e-02 8.0717559721e+00 7.4432716353e-03 8.1463978155e-03
2.4388568264e+01 2.4068371959e+01 2.1091555723e+01 9.8687104952e-01 3.4415176616e-02 1.5646787008e+02 1.8920805549e+02 9.3077098523e-01 8.1380261521e+00 4.7458739375e-03 4.7840543453e-03
3.9678407199e+01 3.8192827705e+01 3.3888021492e+01 9.6255949776e-01 8.4725750913e-02 3.9908011427e+02 2.7012186291e+01 6.2668971893e-01 8.6917412132e+00 7.1077474689e-03 7.5480137914e-03
5.9209245106e+01 5.6492139307e+01 5.0345286444e+01 9.5411010909e-01 5.4268271427e-02 2.5027692841e+02 5.4737070577e+01 -8.5351922716e-01 1.8090503167e+01 4.3350732577e-03 4.4602068656e-03
3.4695809957e+01 1.2670783596e+01 1.7813689243e+01 3.6519636267e-01 3.7477104292e-02 1.7076905189e+02 4.9455312738e+01 7.6891026253e-01 8.7681623362e+00 8.7072926281e-03 8.9870830192e-03
4.1710705550e+01 3.4365776821e+01 3.2928665939e+01 8.2390782818e-01 8.4514483314e-02 3.9802795394e+02 3.0915436101e+01 7.9390759403e-01 9.7866581233e+00 6.8801680130e-03 7.2471003896e-03
6.6277935164e+00 5.2671337140e+00 5.1368115125e+00 7.9470395403e-01 3.3614854170e-03 1.4932686818e+01 6.3182005823e+02 -7.0736731971e-01 9.8127367936e+00 7.4405288361e-03 7.4582706208e-03
1.0690407976e+01 8.5477279298e+00 8.3114038314e+00 7.9956985260e-01 7.7359432330e-03 3.4479944030e+01 9.7651498582e+01 8.1342929874e-01 1.4054667699e+01 1.1063765002e-02 1.1238659425e-02
3.6764435129e+01 2.6031007151e+01 2.6851323488e+01 7.0804860893e-01 5.7923306679e-02 2.6782436821e+02 6.9687048563e+00 8.1485867751e-01 1.6266675495e+01 1.3878779955e-02 1.9112640163e-02
2.2316143543e+01 1.9201584966e+01 1.8010551761e+01 8.6043473099e-01 4.5485466742e-02 2.0846205923e+02 1.5355440459e+01 6.8273807908e-01 8.6623943263e+00 1.3344252541e-02 1.4943114102e-02
7.9482303042e+01 7.7883374807e+01 6.8493146756e+01 9.7988321709e-01 2.1103297609e-01 1.0751491710e+03 2.1725468678e+01 6.5319950267e-01 8.1728045938e+00 4.6377291325e-03 5.0054677215e-03
3.5430910503e+01 2.4417975267e+01 2.5517843148e+01 6.8917154318e-01 8.7586923586e-02 4.1335654835e+02 8.6141746562e+00 -9.6540824820e-01 1.1483174770e+01 1.3006131856e-02 1.6436828314e-02
6.3389684172e+01 5.5961090474e+01 5.1829593846e+01 8.8281068450e-01 1.4805949128e-01 7.2663609250e+02 2.4716073032e+01 8.0606570281e-01 1.0155667760e+01 5.4383176066e-03 5.8105411495e-03
5.8491037807e+01 5.1586557233e+01 4.7800862924e+01 8.8195660681e-01 4.3770470772e-02 2.0035504443e+02 5.7228647643e+01 -6.3360328704e-01 1.6447776908e+01 4.4313925421e-03 4.5534517768e-03
1.0139286210e+01 8.7196901878e+00 8.1809066832e+00 8.5999053652e-01 1.2241833164e-02 5.4749471073e+01 7.6762970774e+01 7.6999949286e-01 8.7196144327e+00 1.2195096818e-02 1.2442302605e-02
9.6578214652e+00 9.0970017959e+00 8.1591304494e+00 9.4193103783e-01 2.2450686110e-03 9.9647326243e+00 1.8735280732e+02 -5.9988356215e-01 3.1607452411e+01 8.7960368096e-03 8.8675118715e-03
8.2123821208e+01 4.2565828229e+01 5.0927465283e+01 5.1831280623e-01 2.2687095853e-01 1.1661809019e+03 4.5900756103e+00 -9.6916055809e-01 1.4954311234e+01 9.9173116446e-03 2.1403560598e-02
7.7252226809e+01 7.6055534947e+01 6.6728639563e+01 9.8450928974e-01 4.3204701856e-01 2.4547624589e+03 5.8271010399e+00 6.9978812700e-01 8.3526522572e+00 6.9535658161e-03 1.0742152502e-02
3.3220502120e+01 3.0078974753e+01 2.7511958568e+01 9.0543407937e-01 2.6825733257e-02 1.2128542601e+02 1.7494203494e+02 -7.2403360676e-01 1.0272108505e+01 4.1586179116e-03 4.1948458760e-03
7.4932345447e+01 7.1555111684e+01 6.3742032331e+01 9.5492956023e-01 5.5411853692e-01 3.3048767779e+03 4.2081995712e+00 -7.8790884374e-01 8.4665899295e+00 7.6814081312e-03 2.3716305017e-02
3.3917593404e+01 3.1085412654e+01 2.8261962236e+01 9.1649818086e-01 6.9488099434e-02 3.2390526132e+02 9.7470885188e+00 3.8370903579e-01 8.1204063970e+00 1.1772162113e-02 1.4351304130e-02
3.6992728934e+01 3.3478941060e+01 3.0628796835e+01 9.0501409399e-01 9.1420027778e-03 4.0790364474e+01 3.4378752022e+02 -7.4109127702e-01 1.5880402418e+01 3.0514802627e-03 3.0649018516e-03
3.5769779762e+01 2.9165450624e+01 2.8088910681e+01 8.1536567510e-01 4.6965153383e-02 2.1547202428e+02 1.8688479016e+01 -9.3259398797e-01 1.9213323310e+01 9.3818515417e-03 1.0268629399e-02
4.4102837567e+01 2.8648053234e+01 3.0801319778e+01 6.4957392346e-01 1.4057945708e-01 6.8671747590e+02 7.6477663428e+00 -9.0399691401e-01 9.2591488864e+00 1.1736428834e-02 1.5491779941e-02
3.9948989693e+01 3.4892138752e+01 3.2487176609e+01 8.7341730092e-01 9.8849601818e-02 4.7004262410e+02 3.2655959326e+01 -8.2888334316e-01 8.4488878045e+00 6.7418399037e-03 7.0804155246e-03
3.1499779003e+01 2.4845570704e+01 2.4319927423e+01 7.8875381003e-01 2.3641047085e-02 1.0663528347e+02 1.5945565104e+02 -6.9953461322e-01 1.1224988374e+01 4.6597438682e-03 4.7043494097e-03
7.5036770102e+01 7.3855368983e+01 6.4806619593e+01 9.8425570399e-01 3.1700249722e-01 1.7083502087e+03 4.9801361529e+00 -8.8810380979e-01 1.3795617643e+01 7.9150116334e-03 1.4560779001e-02
2.7645890366e+01 2.3243007295e+01 2.2051042753e+01 8.4074005167e-01 6.5416502588e-02 3.0406438221e+02 7.6611259692e+00 7.5617674247e-01 9.9841559627e+00 1.5082320751e-02 1.9894012973e-02
4.2729990782e+01 3.3720882210e+01 3.2999134288e+01 7.8916193504e-01 3.8764120083e-02 1.7679852547e+02 1.0796475474e+02 9.9589153310e-01 1.4617179052e+01 4.4162414820e-03 4.4792083461e-03
1.0454116302e+01 8.5388728950e+00 8.2166362557e+00 8.1679528409e-01 4.7199278381e-03 2.0989027021e+01 6.9003953128e+02 -6.4909161089e-01 1.0333397710e+01 5.3626700899e-03 5.3743740723e-03
3.2190619589e+01 2.1620188717e+01 2.2875963064e+01 6.7163008955e-01 3.5484944535e-02 1.6145740995e+02 1.5031171558e+02 9.5819089083e-01 9.8101083803e+00 4.9144106838e-03 4.9643694552e-03
8.3137002196e+01 6.1246875859e+01 6.1975956788e+01 7.3669815174e-01 5.5256789179e-02 2.5501427323e+02 5.7959713732e+01 -5.9341234305e-01 1.3632989350e+01 3.7240031027e-03 3.8252185854e-03
7.5901985291e+01 6.7146702717e+01 6.2125503311e+01 8.8465015058e-01 3.0301159889e-01 1.6216019562e+03 9.8818099654e+00 -9.9141947329e-01 1.1386439773e+01 6.3273328354e-03 7.6863073422e-03
6.4576843845e+01 6.0123003922e+01 5.4237205774e+01 9.3103038709e-01 4.0347986611e-01 2.2641399855e+03 7.7255273081e+00 9.9380505292e-01 8.3929913141e+00 7.2112077884e-03 9.4795048393e-03
6.9037314295e+01 6.4895491374e+01 5.8264182136e+01 9.4000602481e-01 1.8213466047e-01 9.1250233979e+02 4.1111744685e+00 3.9651651724e-01 1.1529586679e+01 9.7250232678e-03 3.7659622832e-02
2.8931319898e+01 1.7000190348e+01 1.9172161285e+01 5.8760507326e-01 2.3805120443e-02 1.0738841057e+02 4.9353298455e+01 7.7279668302e-01 1.5097830041e+01 8.3921249665e-03 8.6623790119e-03
4.1923592236e+01 3.1915234266e+01 3.1784615177e+01 7.6127145989e-01 6.0663179130e-02 2.8103409435e+02 5.6637567577e+01 -9.0900862590e-01 1.1713905490e+01 5.6837502857e-03 5.8420232637e-03
3.0757649723e+01 2.6334318033e+01 2.4761111247e+01 8.5618759137e-01 7.9247726468e-02 3.7188770578e+02 6.8080375332e+00 8.7194366483e-01 1.1431403485e+01 1.4545560761e-02 2.0275081387e-02
3.4986203609e+01 3.3831065741e+01 2.9949392109e+01 9.6698304621e-01 1.4013753498e-01 6.8436917713e+02 3.1991169501e+00 9.3461783724e-01 8.7338455848e+00 1.6565084843e-02 1.0000000000e+00
3.6443366362e+01 2.6237269179e+01 2.6846989472e+01 7.1994636606e-01 2.7204171538e-02 1.2303076967e+02 7.6554147166e+01 -2.7260908806e-01 9.0393917060e+00 5.7555554543e-03 5.8725560843e-03
4.0225703388e+01 2.0540349435e+01 2.4747690691e+01 5.1062747708e-01 7.7341499557e-02 3.6246910396e+02 1.4222971000e+01 -7.5035945713e-01 8.8133028970e+00 1.1050179388e-02 1.2506888462e-02
5.9212214651e+01 2.6788592943e+01 3.4144143176e+01 4.5241666945e-01 1.2938123895e-01 6.2756223115e+02 2.7248441441e+01 9.9172266542e-01 8.7173021937e+00 6.8757428457e-03 7.2975160572e-03
4.7734537289e+01 3.3778973824e+01 3.4853113564e+01 7.0764221761e-01 3.6541915399e-02 1.6639461489e+02 4.2449773917e+01 -3.9281586481e-01 1.2949610616e+01 6.0649146514e-03 6.2942326331e-03
3.9086159574e+01 3.4017044662e+01 3.1728129242e+01 8.7030921003e-01 4.6313727819e-02 2.1238417448e+02 2.8629936237e+01 5.1916596781e-01 1.2453501156e+01 7.4117644183e-03 7.8420664297e-03
4.2652936423e+01 3.9107696325e+01 3.5548219484e+01 9.1688168753e-01 5.2389129905e-02 2.4128864305e+02 2.6892921880e+01 -2.7397895133e-01 9.4618710872e+00 7.0418232088e-03 7.4801688968e-03
8.5791412187e+01 7.4222132912e+01 6.9431252358e+01 8.6514641758e-01 1.3424426442e-01 6.5316167119e+02 1.0594875430e+01 1.9917807035e-02 9.5057018117e+00 6.2711372127e-03 7.4912583554e-03
8.0114051252e+01 5.4541236422e+01 5.7334432914e+01 6.8079488641e-01 2.2488525469e-01 1.1546955506e+03 7.6973056614e+00 -8.1313554426e-01 1.2348897681e+01 7.5940663668e-03 9.9975688724e-03
2.5808738888e+01 2.2368803395e+01 2.0906281484e+01 8.6671431299e-01 1.9284792823e-02 8.6704635587e+01 1.8151222561e+02 -5.8651963732e-01 9.9970646546e+00 4.8918521869e-03 4.9329013531e-03
3.5682829658e+01 1.8097152081e+01 2.1873464900e+01 5.0716695549e-01 6.4379170408e-02 2.9902619984e+02 4.5515248666e+01 9.4637474484e-01 8.2284519648e+00 7.7754973735e-03 8.0483926834e-03
2.2839695450e+01 1.4630092469e+01 1.5835295819e+01 6.4055549693e-01 3.9565294007e-02 1.8055735639e+02 6.2760183518e+00 -9.3714576085e-01 1.1516037015e+01 2.0299738603e-02 2.9694848412e-02
7.6749091429e+01 6.8158542622e+01 6.2941613244e+01 8.8806970028e-01 1.0893794273e-01 5.2147344014e+02 1.9438692504e+01 9.8722767089e-01 2.2347041179e+01 5.3860130767e-03 5.8720345628e-03
3.5309800011e+01 3.2687358186e+01 2.9571060198e+01 9.2573048207e-01 1.2920824186e-01 6.2665410791e+02 6.7520762056e+00 -8.8661777379e-01 9.5447071072e+00 1.2694224017e-02 1.7773480745e-02
3.0511783326e+01 2.0405705508e+01 2.1635061219e+01 6.6878114890e-01 5.8694114954e-02 2.7153582726e+02 8.1301188921e+00 9.3206917812e-01 1.2919017614e+01 1.4985768339e-02 1.9318766497e-02
5.8778584103e+01 4.3817198232e+01 4.4085151064e+01 7.4546195524e-01 1.1474988918e-01 5.5138116100e+02 2.8164701365e+01 -8.8806952420e-01 1.1440034461e+01 5.8359653478e-03 6.1810050568e-03
8.1283664824e+01 7.3745680105e+01 6.7384674448e+01 9.0726322768e-01 3.4678640845e-01 1.8960321490e+03 1.6619151202e+00 -9.1785631878e-01 1.0972694759e+01 1.1495556920e-02 1.0000000000e+00
9.3869888822e+00 7.7255215769e+00 7.4064436450e+00 8.2300316681e-01 9.3961908651e-03 4.1932587082e+01 7.6187526138e+01 -9.4920777119e-01 1.2023036677e+01 1.3036760163e-02 1.3303098855e-02
8.0884179149e+01 5.4980415978e+01 5.7839123432e+01 6.7974252266e-01 2.1300286714e-01 1.0863994726e+03 7.7466618256e+00 9.0303262762e-01 1.4406745006e+01 7.5805473137e-03 9.9540966001e-03
8.1752895554e+01 7.1578096895e+01 6.6564700944e+01 8.7554203933e-01 6.8848702547e-01 4.2998620270e+03 4.0054171732e+00 -9.1798143800e-01 9.0219065592e+00 7.2312647817e-03 8.6107781879e-02
4.3807377912e+01 3.5552978291e+01 3.4318889507e+01 8.1157512696e-01 3.9952323671e-02 1.8237466312e+02 3.5031312202e+01 2.1077119309e-01 1.0112672387e+01 6.5676187021e-03 6.8731216411e-03
4.7904344612e+01 3.7478650158e+01 3.6831637663e+01 7.8236432334e-01 1.4787175105e-01 7.2563024304e+02 6.2314964926e+00 8.3211239808e-01 1.1037837935e+01 1.1288262795e-02 1.6591118540e-02
2.9441063944e+01 2.3401310317e+01 2.2820215493e+01 7.9485273908e-01 6.2237236302e-02 2.8864467741e+02 2.3238935328e+01 -8.7381208921e-01 9.9504948018e+00 9.7555412282e-03 1.0471636684e-02
4.2749330440e+01 2.3787817053e+01 2.7526912882e+01 5.5644888021e-01 3.9374140873e-02 1.7966015222e+02 3.5892570619e+01 -3.0173905413e-01 8.7510984630e+00 7.4724522184e-03 7.8109936693e-03
4.2096659752e+01 3.1597821363e+01 3.1685157697e+01 7.5060162848e-01 1.1153164451e-01 5.3479538209e+02 2.3352866623e+01 -8.2416462961e-01 8.1090974043e+00 7.7100483808e-03 8.2728507447e-03
8.5326602729e+01 7.4596503942e+01 6.9422382437e+01 8.7424673613e-01 5.1693007853e-01 3.0400761108e+03 4.9869039091e+00 -7.2402440543e-01 8.4382046596e+00 6.9373474324e-03 1.2735822399e-02
4.3839306602e+01 3.6221971980e+01 3.4659074030e+01 8.2624418103e-01 9.6942168554e-02 4.6038779833e+02 5.8494005414e+01 9.3254488827e-01 8.0640722910e+00 5.2089903501e-03 5.3492086632e-03
1.7251896980e+01 9.9380609284e+00 1.1313615101e+01 5.7605612529e-01 1.3527327116e-02 6.0557220810e+01 7.3021597137e+01 7.9610099425e-01 1.2625092061e+01 1.0138610903e-02 1.0355076873e-02
3.2562607226e+01 3.1169749117e+01 2.7733168563e+01 9.5722522770e-01 1.1711705038e-01 5.6362020485e+02 4.8639116114e+00 -9.3967986850e-01 1.0503795934e+01 1.5044049642e-02 2.8761292177e-02
4.5675408051e+01 3.4772176082e+01 3.4629480968e+01 7.6128878901e-01 6.7830106036e-02 3.1581324532e+02 8.9606562308e+01 -8.3147598108e-01 8.1408313433e+00 4.5167465583e-03 4.5947618536e-03
3.7228136952e+01 3.1158003496e+01 2.9625857939e+01 8.3694769727e-01 8.7991364839e-02 4.1537866796e+02 2.1772566623e+01 7.0518689220e-01 8.3605076608e+00 8.3660295099e-03 9.0277431859e-03
5.8895998786e+01 4.1240111026e+01 4.2768618998e+01 7.0021923180e-01 5.2499065044e-02 2.4181385976e+02 8.2573249890e+01 7.7320084859e-01 1.1737330931e+01 4.1187377022e-03 4.1961488275e-03
6.2733052966e+01 5.4721502943e+01 5.0982213901e+01 8.7229140550e-01 3.4171339625e-01 1.8637799208e+03 5.1598335955e+00 8.1058562958e-01 8.5675674394e+00 8.9692954056e-03 1.5698144853e-02
2.4069289328e+01 2.2104306027e+01 2.0076377477e+01 9.1836139097e-01 4.7348818863e-02 2.1729193550e+02 2.3335697757e+01 -9.6137373781e-01 1.2016783631e+01 1.0645780534e-02 1.1423530937e-02
6.5080244985e+01 3.9939132821e+01 4.4121960133e+01 6.1369057277e-01 1.6396540063e-01 8.1258412819e+02 2.0449416124e+01 9.7030297766e-01 1.0068515468e+01 6.4016747894e-03 6.9461237663e-03
3.1180798563e+01 2.9236459312e+01 2.6281793810e+01 9.3764305788e-01 1.2953125745e-01 6.2834987366e+02 5.6281286346e+00 -9.5060727357e-01 8.8314678966e+00 1.4628117883e-02 2.3291190589e-02
5.3731809465e+01 4.5906412261e+01 4.3209346449e+01 8.5436192672e-01 2.4119600332e-01 1.2496425335e+03 7.4821168052e+00 8.6069138385e-01 8.6188934556e+00 9.0839611945e-03 1.2101611345e-02
3.2442577039e+01 3.1661931324e+01 2.7900625099e+01 9.7593761698e-01 6.2061074446e-02 2.8779215113e+02 2.0723177977e+01 9.9133423328e-01 1.5006720598e+01 8.9825050147e-03 9.7347330752e-03
8.1064810706e+01 6.3504904407e+01 6.2368933636e+01 7.8338435449e-01 1.8438970098e-01 9.2503103655e+02 1.2599668919e+01 -4.0486802626e-01 8.2389933673e+00 6.1164119748e-03 7.0583104384e-03
1.0864623904e+01 6.7973126878e+00 7.4405236804e+00 6.2563718246e-01 3.4802445615e-03 1.5461651670e+01 4.5680067011e+01 -8.5437775932e-01 3.1903706188e+01 1.5806219621e-02 1.6358835430e-02
4.5233964169e+01 3.1932225717e+01 3.2986094030e+01 7.0593471750e-01 4.5535102909e-02 2.0869697945e+02 1.4913570315e+02 -8.5590182374e-01 8.4499413946e+00 3.8974826338e-03 3.9374218824e-03
2.8673057831e+01 1.0831176063e+01 1.4995503304e+01 3.7774750523e-01 1.4104078406e-02 6.3166533742e+01 3.1856970872e+02 8.1854602406e-01 1.0223917411e+01 4.8914974164e-03 4.9147300710e-03
3.7516577291e+01 2.5721436743e+01 2.6947309826e+01 6.8560190189e-01 8.0642104724e-02 3.7879160239e+02 1.0113523034e+01 7.2229604999e-01 9.9464671767e+00 1.1883900439e-02 1.4352848405e-02
6.8657776427e+01 4.6198576019e+01 4.8838238359e+01 6.7288191409e-01 1.0446470353e-01 4.9859275573e+02 4.1433306019e+01 -6.8626548086e-01 9.0596958635e+00 4.7639780633e-03 4.9488470215e-03
3.8848581677e+01 3.1290183422e+01 3.0316449871e+01 8.0543953140e-01 5.1353717045e-02 2.3634574981e+02 1.0047074558e+00 7.7510723125e-01 9.0997889027e+00 2.6700161309e-02 1.0000000000e+00
4.3053679988e+01 3.8224655653e+01 3.5303466845e+01 8.8783712945e-01 7.5594161132e-02 3.5385546931e+02 2.9734814314e+01 -8.6152399952e-01 1.2876357384e+01 6.7186212870e-03 7.0926615010e-03
3.2104597887e+01 2.5422484239e+01 2.4836858530e+01 7.9186427838e-01 1.3236641921e-01 6.4326012194e+02 5.5237938133e+00 -9.7844167178e-01 8.1790509616e+00 1.5237173666e-02 2.4697110078e-02
6.1399258617e+01 5.4572758086e+01 5.0374735225e+01 8.8881786711e-01 2.4651176724e-01 1.2808816792e+03 1.5156472158e+00 9.6830208505e-01 9.1862792797e+00 1.4979703638e-02 1.0000000000e+00
2.7114501242e+01 2.0740327043e+01 2.0607493894e+01 7.6491641348e-01 4.0626077811e-02 1.8554061688e+02 3.4093858797e+01 6.7772306272e-01 9.6417433166e+00 9.1220459522e-03 9.5590913168e-03
5.4986616485e+01 2.6117819393e+01 3.2546734799e+01 4.7498502476e-01 7.6631085010e-02 3.5896476355e+02 8.4290755099e+00 3.5827305722e-01 8.9889727854e+00 1.1334289505e-02 1.4427609324e-02
5.2686497723e+01 5.1704761378e+01 4.5436523422e+01 9.8136645275e-01 1.8842701087e-01 9.4753143418e+02 1.1490907463e+01 -7.3577095384e-01 8.6969285150e+00 7.7010840856e-03 9.0413717437e-03
2.6336980403e+01 1.7538162486e+01 1.8633152277e+01 6.6591394373e-01 4.4424773196e-02 2.0344577251e+02 4.5460795697e+01 8.4364110594e-01 8.7167174365e+00 8.7012103869e-03 9.0069851082e-03
4.7917861416e+01 4.3141048297e+01 3.9570212585e+01 9.0031247267e-01 1.1690087274e-01 5.6250110634e+02 2.7195937982e+01 7.5919947259e-01 8.8362099928e+00 6.3185487939e-03 6.7069780081e-03
2.1925060049e+01 2.0271132632e+01 1.8350023749e+01 9.2456452052e-01 3.0826566953e-02 1.3978491111e+02 4.8754818801e+01 8.0775117015e-01 1.1557963951e+01 8.6278039298e-03 8.9092659016e-03
6.2585126884e+01 4.0258072496e+01 4.3486990451e+01 6.4325302992e-01 1.7544260190e-01 8.7548721943e+02 1.0586670081e+01 7.8035959396e-01 9.4995058122e+00 8.2183661886e-03 9.8190741357e-03
3.3103586765e+01 8.6924514425e+00 1.4163916953e+01 2.6258337213e-01 2.8875591475e-02 1.3075060290e+02 2.3826742668e+01 -5.9426780522e-01 8.0133586348e+00 1.3283272820e-02 1.4230988960e-02
1.1028873350e+01 1.0308983069e+01 9.2814969831e+00 9.3472676153e-01 1.4350318356e-02 6.4281240625e+01 2.3922973720e+02 -9.9584693041e-01 8.4281077414e+00 7.3491364049e-03 7.3957532098e-03
3.0054320238e+01 2.2201705663e+01 2.2436167548e+01 7.3871927521e-01 1.5600481402e-02 6.9946882379e+01 1.1657902379e+02 2.5363392208e-01 1.0795024248e+01 5.5385152359e-03 5.6115063112e-03
3.2987340932e+01 3.2725525379e+01 2.8602913960e+01 9.9206315073e-01 5.4637968146e-02 2.5204792049e+02 6.2402789350e+01 -6.6682272019e-01 8.5716268165e+00 5.8752072443e-03 6.0229893541e-03
3.1249175890e+01 2.5131689459e+01 2.4367434339e+01 8.0423527157e-01 1.7187748026e-02 7.7155310133e+01 3.1976539926e+02 9.5938559924e-01 1.2076251178e+01 3.5993751523e-03 3.6164062623e-03
2.7293294493e+01 1.7002306616e+01 1.8649455789e+01 6.2294812449e-01 1.5195597571e-02 6.8110835170e+01 1.1550683356e+02 7.5540891082e-01 1.7102988295e+01 6.2399761964e-03 6.3229938027e-03
3.2562425161e+01 3.0227751104e+01 2.7308334104e+01 9.2830159164e-01 3.5367271442e-02 1.6090820039e+02 9.8900122132e+01 -9.2932638413e-01 1.3726151586e+01 5.1475835866e-03 5.2278988793e-03
4.3432454921e+01 3.7456528474e+01 3.5093546971e+01 8.6240873426e-01 1.6598002476e-01 8.2357234215e+02 9.5368295980e+00 -8.7671197599e-01 8.6985417710e+00 9.8218941543e-03 1.2043392044e-02
4.8482823078e+01 4.4479563541e+01 4.0419189196e+01 9.1742932273e-01 2.3182987189e-01 1.1949529157e+03 3.7618394157e+00 8.9451361712e-01 9.5390346704e+00 1.2314993664e-02 1.0000000000e+00
4.8569947908e+01 4.7800240996e+01 4.1945955549e+01 9.8415260988e-01 8.7233256314e-02 4.1158911386e+02 1.7508506460e+01 -3.5288904537e-01 8.8661282880e+00 7.3083496588e-03 8.0548967834e-03
4.5187056519e+01 3.3130250466e+01 3.3602509599e+01 7.3318009665e-01 5.1194992586e-02 2.3558863365e+02 2.7199546379e+01 -6.5929986366e-01 1.4584310366e+01 7.2681812132e-03 7.7149223582e-03
6.8582775920e+01 5.3572746646e+01 5.2688127250e+01 7.8113995719e-01 2.8891888672e-01 1.5351591851e+03 4.9712042505e+00 7.1900333822e-01 9.4239609386e+00 9.1366328135e-03 1.6854575117e-02
6.1953223474e+01 4.7830518788e+01 4.7310092098e+01 7.7204245567e-01 1.9542101725e-01 9.8672024666e+02 1.9944475280e+01 8.3064712867e-01 8.0217396874e+00 6.0840193555e-03 6.6167576903e-03
4.3578441352e+01 4.1456526366e+01 3.6999789346e+01 9.5130814871e-01 6.9345722739e-02 3.2320969702e+02 3.8501450950e+01 8.2783557470e-01 1.2883587546e+01 5.9435163844e-03 6.1931038924e-03
3.6988116256e+01 3.6966240718e+01 3.2190501871e+01 9.9940857929e-01 5.6592151463e-02 2.6142374971e+02 3.7961528984e+01 -7.5147297890e-01 1.2521354351e+01 6.5674216738e-03 6.8474453544e-03
2.8839943013e+01 1.5724715811e+01 1.8371651763e+01 5.4524087666e-01 1.6882964262e-02 7.5769856518e+01 3.3263823628e+01 -3.8846688987e-01 1.3878371062e+01 1.0035619675e-02 1.0529545031e-02
3.4709362344e+01 3.1885754593e+01 2.8955930362e+01 9.1864996762e-01 1.4458450742e-01 7.0805109595e+02 5.0812119169e+00 -9.5333204991e-01 9.4044703780e+00 1.4188684631e-02 2.5349145105e-02
2.8007729268e+01 1.9890234304e+01 2.0487419938e+01 7.1016947193e-01 4.1318028567e-02 1.8879514901e+02 5.9081952505e+01 -8.1496446696e-01 9.4490941150e+00 7.4465655655e-03 7.6449224628e-03
4.1524420764e+01 3.9451581593e+01 3.5232992749e+01 9.5008144284e-01 3.3878275918e-02 1.5396651800e+02 2.0492425951e+01 5.1059029897e-01 2.1044410416e+01 7.9284152344e-03 8.6010643955e-03
6.9631983602e+01 5.1707783401e+01 5.2121653105e+01 7.4258667821e-01 2.0073683171e-01 1.0166830750e+03 8.1890096132e+00 -8.2953816313e-01 1.2104570987e+01 7.9738436609e-03 1.0252687619e-02
4.1014094499e+01 2.0978951729e+01 2.5255824520e+01 5.1150590999e-01 6.8256865835e-02 3.1789443751e+02 1.3876970741e+01 -7.9099457581e-01 1.0749331759e+01 1.1070365586e-02 1.2575884866e-02
5.1690330986e+01 3.2740694883e+01 3.5628530494e+01 6.3340075906e-01 1.7186775633e-01 8.5581571737e+02 1.0351223584e+01 9.2364214046e-01 8.8252383829e+00 9.4053733038e-03 1.1296044524e-02
7.1100833032e+01 5.0033814349e+01 5.1764176006e+01 7.0370222422e-01 1.4439061388e-01 7.0701615554e+02 2.7497710671e+01 -8.7879438740e-01 1.0678765130e+01 5.2397105440e-03 5.5578768017e-03
4.9921215970e+01 2.4323190015e+01 2.9953713070e+01 4.8723152156e-01 8.5235498522e-02 4.0161990852e+02 3.5951761464e+01 8.3912583428e-01 8.7037046637e+00 6.8951150569e-03 7.2069420609e-03
7.8644019205e+01 6.9470900421e+01 6.4322277834e+01 8.8335897788e-01 4.5212345501e-01 2.5906979805e+03 8.1147655879e+00 -9.2805073178e-01 8.5471325242e+00 6.2296572595e-03 8.0364312430e-03
4.6679346049e+01 2.4087742523e+01 2.8879272744e+01 5.1602570647e-01 9.2752712433e-02 4.3926000645e+02 1.8957526333e+01 -7.1917127518e-01 8.1312551898e+00 8.9291481058e-03 9.7590093929e-03
1.9036888044e+01 1.1950211932e+01 1.3060107487e+01 6.2773978103e-01 5.4268030400e-03 2.4145428844e+01 3.4099287526e+02 -4.1004570666e-01 1.3991091091e+01 5.2264343254e-03 5.2496121375e-03
5.3202400650e+01 4.5733247313e+01 4.2916806794e+01 8.5960871604e-01 1.2230337354e-01 5.9055174509e+02 5.1674516023e+00 -2.8257264255e-01 8.7913915694e+00 1.1161717925e-02 1.9498226792e-02
5.5551646314e+01 5.4302092145e+01 4.7812904829e+01 9.7750644216e-01 2.4077967873e-01 1.2472020106e+03 1.0718130296e+01 8.3978004408e-01 8.5175378430e+00 7.4533450946e-03 8.8803014476e-03
8.4730975138e+01 6.1164804398e+01 6.2505427769e+01 7.2187065354e-01 6.2958040754e-01 3.8566317051e+03 3.4404613701e+00 9.0814956412e-01 8.2809397025e+00 8.1412957538e-03 1.0000000000e+00
2.4798346558e+01 1.8700792657e+01 1.8709988106e+01 7.5411449763e-01 2.1366467718e-02 9.6212941468e+01 6.9548317231e+01 -6.2524541646e-01 1.2447100193e+01 7.5037579461e-03 7.6723025604e-03
4.0045114159e+01 3.2568754750e+01 3.1405556874e+01 8.1330158332e-01 3.2073342746e-02 1.4557142016e+02 6.6704979014e+01 6.5218769885e-01 1.5187030772e+01 5.4785198102e-03 5.6070486044e-03
3.2650212028e+01 2.9536664538e+01 2.7027677302e+01 9.0463928726e-01 5.8692623681e-02 2.7152864309e+02 3.6275183497e+00 -9.9938002310e-01 1.8539275596e+01 1.7648406712e-02 1.0000000000e+00
3.2304320262e+01 3.0106492348e+01 2.7145665461e+01 9.3196489212e-01 2.5075368444e-02 1.1322511910e+02 1.5751182264e+02 4.9446934813e-01 8.8865674345e+00 4.3665971555e-03 4.4089215963e-03
6.3686151245e+01 6.0582379746e+01 5.4070771564e+01 9.5126457733e-01 2.3908554108e-01 1.2372800157e+03 1.1137805202e+01 8.4762482162e-01 9.8668385467e+00 6.8089630323e-03 8.0453339123e-03
6.1512017231e+01 5.4623095072e+01 5.0443946413e+01 8.8800688925e-01 1.0244444659e-01 4.8829870205e+02 4.4105880444e+01 8.8544747253e-01 1.1375264526e+01 4.5656850629e-03 4.7313940166e-03
1.8346349698e+01 1.7073221535e+01 1.5405309425e+01 9.3060591429e-01 1.8486202380e-02 8.3064632401e+01 1.4753820111e+02 9.0176974541e-01 1.2317686555e+01 6.4019986274e-03 6.4683266852e-03
2.3503786767e+01 1.2088498132e+01 1.4515598190e+01 5.1432129857e-01 9.2868638285e-03 4.1441260481e+01 1.0226057978e+02 -6.9222704765e-01 2.0382452820e+01 7.6669772541e-03 7.7825608131e-03
3.1276028924e+01 1.8859717527e+01 2.1009638356e+01 6.0300869951e-01 2.1322821519e-02 9.6013286296e+01 1.3060253223e+01 5.4255726801e-01 1.9625027113e+01 1.3067737011e-02 1.4988377017e-02
8.4712083370e+01 6.2748019836e+01 6.3327497439e+01 7.4072100862e-01 3.2753842355e-01 1.7742782464e+03 8.4856618419e+00 -7.4551746282e-01 8.8968396448e+00 6.5428046919e-03 8.3097154568e-03
6.2738028112e+01 3.6749005391e+01 4.1506161931e+01 5.8575327432e-01 2.5233473269e-01 1.3152662622e+03 3.2633980884e+00 -8.6380833512e-01 8.4343061627e+00 1.2644418059e-02 1.0000000000e+00
4.6736229532e+01 4.6209652944e+01 4.0456266041e+01 9.8873301092e-01 1.4350224540e-01 7.0227710478e+02 2.3541865492e+01 8.1233499673e-01 8.3343758162e+00 6.4821063757e-03 6.9509509549e-03
1.0885503891e+01 9.2705852850e+00 8.7396121614e+00 8.5164502975e-01 1.4982885410e-02 6.7146678036e+01 9.2995637473e+01 -9.9353989493e-01 9.5060595460e+00 1.0871212308e-02 1.1051931231e-02
3.3578842597e+01 2.9765265474e+01 2.7512119219e+01 8.8642916703e-01 1.0172430325e-01 4.8463524326e+02 3.1550580992e+00 -9.6518971217e-01 1.0279040167e+01 1.7938861364e-02 1.0000000000e+00
3.4404835963e+01 2.3709096630e+01 2.4777908559e+01 6.8912104844e-01 8.3733844219e-02 3.9414258993e+02 8.3133280307e+00 7.4644786374e-01 9.1383877080e+00 1.3455136180e-02 1.7208737452e-02
6.5882738242e+01 6.0055702170e+01 5.4747447022e+01 9.1155443402e-01 3.2137541118e-01 1.7356512271e+03 7.5115832747e+00 7.9447351679e-01 8.4234943436e+00 7.5232003480e-03 1.0005489037e-02
5.1634267455e+01 2.7104157479e+01 3.2236435522e+01 5.2492576761e-01 8.5708028803e-02 4.0397570320e+02 1.6898166633e+01 6.3521256413e-01 9.4164749930e+00 8.7386301199e-03 9.6701944989e-03
3.8775749535e+01 3.6630912222e+01 3.2806720477e+01 9.4468611598e-01 9.5167850100e-02 4.5142666567e+02 3.1647897591e+01 8.4425586122e-01 9.1091434148e+00 6.7942141037e-03 7.1473534726e-03
3.8619321113e+01 3.8396834494e+01 3.3523060965e+01 9.9423898160e-01 1.6141800456e-01 7.9872275500e+02 6.6066353457e+00 7.4652313968e-01 8.0077872712e+00 1.1627075126e-02 1.6479081431e-02
2.0843391154e+01 2.0446941145e+01 1.7971666872e+01 9.8097958216e-01 2.7155961410e-02 1.2280837374e+02 3.2099033281e+01 7.3750065512e-01 1.3072274451e+01 1.0246977706e-02 1.0771371548e-02
5.7425556238e+00 5.0724646942e+00 4.6966595265e+00 8.8331137328e-01 3.2650938488e-03 1.4503419631e+01 5.4933327949e+02 -7.9028277417e-01 1.0378084092e+01 8.2933365347e-03 8.3160961999e-03
7.1179347883e+01 5.1099560691e+01 5.2359126427e+01 7.1789869129e-01 3.3151470808e-01 1.7992924203e+03 4.4230724641e+00 7.3842885291e-01 8.9149828980e+00 9.3904790356e-03 2.2642727133e-02
6.3705227486e+01 5.7493993573e+01 5.2671848793e+01 9.0250040448e-01 8.1066807631e-02 3.8089680758e+02 2.1399501208e+01 3.8332241649e-01 1.1832994825e+01 5.9003114846e-03 6.3763920074e-03
8.5720071159e+01 8.4678771939e+01 7.4168742529e+01 9.8785232903e-01 6.5346303324e-01 4.0350610737e+03 4.3122404146e+00 -8.2322110405e-01 9.3849780154e+00 6.6607403209e-03 1.7828002911e-02
2.9818117632e+01 2.3075139969e+01 2.2797891246e+01 7.7386306721e-01 5.9244387028e-02 2.7418771565e+02 5.0591875260e+01 9.3906646718e-01 9.0073117152e+00 7.3043852509e-03 7.5335147158e-03
2.8801456281e+01 2.8458779907e+01 2.4923429843e+01 9.8810211640e-01 2.7018025501e-02 1.2217215270e+02 4.8514324284e+01 -3.5578943535e-01 1.0984849035e+01 7.1548960233e-03 7.3895357141e-03
5.2516564898e+01 5.1404238006e+01 4.5231047274e+01 9.7881950401e-01 1.7772700021e-01 8.8809485551e+02 1.6881085201e+01 -9.0161581915e-01 9.5987129053e+00 6.7234907288e-03 7.4411108835e-03
5.8023163314e+01 5.1462077815e+01 4.7553459331e+01 8.8692299550e-01 7.0923957761e-02 3.3092710207e+02 6.3371103633e+01 6.6364401361e-01 9.7336294993e+00 4.2108866178e-03 4.3151123087e-03
6.6790685468e+01 5.2242315276e+01 5.1346342504e+01 7.8217965440e-01 3.5307774270e-01 1.9361900064e+03 3.4540359746e+00 8.1430468783e-01 8.6253857701e+00 1.0325307802e-02 1.0000000000e+00
3.5693336209e+01 1.6343601605e+01 2.0715651662e+01 4.5788943654e-01 3.6934946995e-02 1.6823236264e+02 9.7782420412e+01 -8.0566508857e-01 8.9055494207e+00 6.1382084099e-03 6.2351066251e-03
4.7486478236e+01 4.3974959172e+01 3.9775682437e+01 9.2605223225e-01 4.3966753562e-02 2.0128193415e+02 1.3336884519e+02 -8.4824535104e-01 9.9541373240e+00 3.6189714256e-03 3.6605337260e-03
8.2059167942e+01 7.6708191431e+01 6.9060396447e+01 9.3479124093e-01 2.0192885397e-01 1.0234228603e+03 1.0161317685e+00 -8.9726017985e-01 1.3910054221e+01 1.4617465898e-02 1.0000000000e+00
3.4413703812e+01 2.9510995989e+01 2.7726524261e+01 8.5753617660e-01 6.0785567660e-02 2.8162527983e+02 4.2329935895e+01 -7.2797194445e-01 9.2602895986e+00 6.9040033472e-03 7.1658392660e-03
2.8557418599e+01 2.0616208867e+01 2.1067364167e+01 7.2192130375e-01 1.5261061028e-02 6.8407621302e+01 4.5480089881e+01 9.5270018420e-02 1.2445061767e+01 8.2010657266e-03 8.4891342574e-03
4.8996945715e+01 4.8314393781e+01 4.2355970368e+01 9.8606950037e-01 1.7491060185e-01 8.7255525496e+02 9.2167768998e+00 -8.3787811135e-01 1.0249220816e+01 8.8029640499e-03 1.0897333255e-02
2.0627762675e+01 1.6759508065e+01 1.6169004548e+01 8.1247338011e-01 1.9050285286e-02 8.5635301303e+01 3.0666085903e+02 -8.7447427114e-01 8.6821582173e+00 4.7192670249e-03 4.7425600002e-03
4.2988452787e+01 2.7408072441e+01 2.9732261253e+01 6.3756824598e-01 1.1556999669e-01 5.5561761954e+02 6.6469613847e+00 -8.8547739684e-01 1.0684981932e+01 1.2822835801e-02 1.8110790732e-02
7.7489290006e+01 7.3834035892e+01 6.5844241393e+01 9.5282891206e-01 2.8981840847e-01 1.5406483167e+03 1.9415705844e+01 9.2254151390e-01 8.3985320600e+00 4.7666066909e-03 5.1973322591e-03
8.3354950998e+01 8.2671118050e+01 7.2266308368e+01 9.9179613282e-01 4.7007659388e-01 2.7135957483e+03 1.2404961315e+00 8.7356911141e-01 8.2412393818e+00 1.1625190200e-02 1.0000000000e+00
5.4737703422e+01 5.4560980718e+01 4.7574940898e+01 9.9677146295e-01 7.7992807814e-02 3.6568464972e+02 1.4333269362e+01 7.3334346091e-01 1.9623173877e+01 7.3205707806e-03 8.2762816381e-03
3.4205263958e+01 3.2362086575e+01 2.8961791493e+01 9.4611421840e-01 7.5537240832e-02 3.5357519712e+02 6.9150055377e+01 -9.3840845076e-01 8.1508741820e+00 5.5410458839e-03 5.6662521922e-03
6.1504283496e+01 4.2178757502e+01 4.4183278880e+01 6.8578569010e-01 5.2215565139e-02 2.4045959278e+02 5.8670148646e+01 8.2789241655e-01 1.6119313407e+01 4.5884143813e-03 4.7115383719e-03
8.4682094079e+01 7.8692525324e+01 7.1055569587e+01 9.2926994993e-01 2.1818619150e-01 1.1161001912e+03 9.2888972937e+00 -6.4820742305e-01 1.2555625810e+01 6.2103247263e-03 7.6707697079e-03
5.3817530293e+01 5.1442172059e+01 4.5802945699e+01 9.5586274174e-01 3.7703175383e-01 2.0906869675e+03 3.3131771221e+00 -9.9246851678e-01 8.2049470122e+00 1.1141165997e-02 1.0000000000e+00
8.5036888738e+01 7.3589838808e+01 6.8830330568e+01 8.6538724429e-01 5.1055838469e-01 2.9952011805e+03 7.0519646051e+00 8.9561819130e-01 8.6074386478e+00 6.1408867690e-03 8.4067876250e-03
3.7163506318e+01 2.2472595375e+01 2.5001156542e+01 6.0469524008e-01 3.3951650890e-02 1.5430825125e+02 1.8000828940e+02 -8.0180646382e-01 8.2613410902e+00 4.3490895208e-03 4.3858938430e-03
4.8486038254e+01 3.9705548161e+01 3.8158852526e+01 8.1890683567e-01 6.6628168683e-02 3.0995789487e+02 1.5469752670e+00 6.3457760395e-01 1.2540494202e+01 1.9492128108e-02 1.0000000000e+00
3.2244970357e+01 2.1202006524e+01 2.2663069909e+01 6.5752910576e-01 4.7875723957e-02 2.1979284985e+02 2.2675633256e+01 8.7358586347e-01 1.2798602572e+01 9.9728235555e-03 1.0725675862e-02
5.9603938281e+01 4.9775680502e+01 4.7379231969e+01 8.3510724187e-01 2.6489462973e-01 1.3900131612e+03 5.7736509135e+00 9.1411184182e-01 1.0334237251e+01 9.3400740416e-03 1.4540144069e-02
2.6568597501e+01 2.3438999275e+01 2.1715879358e+01 8.8220687125e-01 4.2803631928e-02 1.9579306755e+02 7.0813183239e+01 -9.5242643187e-01 1.0646164427e+01 6.7029422368e-03 6.8507001550e-03
7.1741563890e+01 6.2342359665e+01 5.8191171922e+01 8.6898523373e-01 4.0062867183e-01 2.2452992284e+03 2.3993361840e+00 -8.3221880934e-01 8.3396736983e+00 1.0712701569e-02 1.0000000000e+00
4.2503517502e+01 4.1055906615e+01 3.6364801742e+01 9.6594138622e-01 3.9576373605e-02 1.8060936734e+02 4.8940366166e+01 -7.5135935263e-01 1.8268457902e+01 5.5890053074e-03 5.7706003788e-03
6.5624942777e+01 2.3072827426e+01 3.3000408271e+01 3.5158624830e-01 1.8190269420e-02 8.1716839101e+01 4.1863338256e+01 1.1856725744e-01 1.8310592414e+01 6.3791877925e-03 6.6240102461e-03
3.4294009463e+01 2.4884585160e+01 2.5366250193e+01 7.2562484088e-01 5.6873313840e-02 2.6277472585e+02 5.0165432734e+01 -9.5730179672e-01 1.0827051732e+01 6.8642727157e-03 7.0815348884e-03
3.4280349220e+01 2.6876021398e+01 2.6385041928e+01 7.8400663966e-01 8.9446905662e-02 4.2266439446e+02 4.9087027922e+00 6.5409004023e-01 9.0402769951e+00 1.5711071495e-02 2.9574004396e-02
3.9045749946e+01 3.8539122679e+01 3.3769913273e+01 9.8702477816e-01 2.6311731202e-02 1.1891638216e+02 1.1447109335e+02 -5.6893022440e-01 1.3025304099e+01 4.2907087149e-03 4.3483222763e-03
3.0367557026e+01 2.1517271217e+01 2.2187591078e+01 7.0856115290e-01 5.3192468060e-02 2.4512838942e+02 5.4611747317e+01 8.0040406241e-01 8.1621711894e+00 7.2452317211e-03 7.4548740037e-03
7.7660805966e+01 7.7246429566e+01 6.7427001085e+01 9.9466427891e-01 4.6629662679e-01 2.6876165277e+03 1.0023089657e+01 -9.4515581201e-01 8.0771195486e+00 5.5543767904e-03 6.7232412483e-03
3.6088082415e+01 2.9532782393e+01 2.8391772921e+01 8.1835277512e-01 8.1585189854e-02 3.8346788848e+02 4.4986747110e+01 -9.8583979662e-01 9.2271642820e+00 6.5687198996e-03 6.8021494645e-03
1.8234977922e+01 1.7521095014e+01 1.5560012052e+01 9.6085090365e-01 1.8250733818e-02 8.1992169916e+01 1.0056066587e+02 8.3748186872e-01 1.3379436481e+01 7.3467418077e-03 7.4594230040e-03
8.3908095461e+01 5.4017368290e+01 5.8327515882e+01 6.4376825612e-01 3.0155532004e-01 1.6126255012e+03 9.4441313442e+00 9.7939442728e-01 1.0705795816e+01 6.6992304251e-03 8.2364003795e-03
3.1702836882e+01 2.6137288266e+01 2.5036253918e+01 8.2444635358e-01 2.7662252468e-02 1.2514468730e+02 1.7585500615e+02 -7.2061998349e-01 9.4127263043e+00 4.4002299419e-03 4.4383605332e-03
7.8868291684e+01 6.9220346185e+01 6.4295025493e+01 8.7767016005e-01 6.3082555091e-01 3.8658904748e+03 2.3060221408e+00 9.8194425856e-01 8.0724660830e+00 9.2892658193e-03 1.0000000000e+00
3.9954038060e+01 3.5091512474e+01 3.2583120163e+01 8.7829701770e-01 5.1977641857e-02 2.3932344152e+02 2.7607255209e+01 9.9231360267e-01 1.9867090137e+01 7.3648269104e-03 7.8100568479e-03
2.8736161821e+01 2.3625845056e+01 2.2661382984e+01 8.2216425435e-01 5.4895067827e-02 2.5328004444e+02 1.3994420879e+01 -7.4511505173e-01 1.0858714881e+01 1.1902216578e-02 1.3503670582e-02
7.9454607844e+01 5.2600237694e+01 5.6041946191e+01 6.6201620172e-01 2.5764811473e-01 1.3467910461e+03 1.3299354675e+01 9.7237201777e-01 1.0200004030e+01 6.1721867705e-03 7.0583910894e-03
7.9200591077e+01 7.4410832500e+01 6.6824243190e+01 9.3952370163e-01 5.6931941654e-01 3.4145000492e+03 2.9897802947e+00 -9.4408720296e-01 9.6411579051e+00 8.4266050964e-03 1.0000000000e+00
3.0873537310e+01 1.5274744480e+01 1.8676913180e+01 4.9475200482e-01 5.9006617597e-02 2.7304161314e+02 7.7540813500e+00 -9.4812058646e-01 1.0501864427e+01 1.6719354335e-02 2.1945956018e-02
2.4098304362e+01 1.7117482313e+01 1.7629626242e+01 7.1031895259e-01 4.0690983913e-02 1.8584576496e+02 3.1968555798e+01 9.4249206271e-01 1.0718211129e+01 1.0302000126e-02 1.0831570150e-02
3.8527699217e+01 3.5118434058e+01 3.2015105724e+01 9.1151132228e-01 1.0117669270e-01 4.8185158406e+02 2.6229638818e+01 -9.3558831305e-01 9.7850044101e+00 7.3767685465e-03 7.8489872070e-03
3.3791185971e+01 1.9441867102e+01 2.2145656931e+01 5.7535320361e-01 2.7262359871e-02 1.2329921604e+02 1.5995316136e+01 7.5881510157e-01 2.0580517841e+01 1.1676621913e-02 1.3007239644e-02
3.4783723421e+01 2.8984336798e+01 2.7618686525e+01 8.3327297793e-01 9.3198181782e-02 4.4150144844e+02 1.6430712115e+01 -7.8126243156e-01 8.5201822492e+00 9.6852513777e-03 1.0753405894e-02
5.0138287202e+01 4.7250226243e+01 4.2368441040e+01 9.4239809296e-01 1.3026554766e-01 6.3220702318e+02 1.6441446454e+01 -6.9419180813e-01 9.5505932504e+00 7.2577812733e-03 8.0575833404e-03
2.6024869595e+01 1.8600118140e+01 1.9099717198e+01 7.1470552704e-01 3.3319178726e-02 1.5136376310e+02 4.0090776991e+01 8.3874141077e-01 1.2254932026e+01 9.0415038934e-03 9.4049992259e-03
2.7406593946e+01 2.3324070125e+01 2.1995889681e+01 8.5103862856e-01 2.6212995386e-02 1.1846150706e+02 4.9578566657e+00 4.1790846266e-01 1.5997215946e+01 1.8205332012e-02 3.3724548494e-02
8.3556917869e+01 6.6668358207e+01 6.4892230348e+01 7.9787957606e-01 4.8780957258e-01 2.8361985582e+03 3.7937111306e+00 -7.2109455967e-01 8.7892049170e+00 8.1153847561e-03 1.0000000000e+00
5.8590269935e+01 2.5999426602e+01 3.3435672905e+01 4.4374990302e-01 1.0441527922e-01 4.9834062375e+02 1.2668478932e+01 5.5659669767e-01 8.0332524002e+00 9.4147765947e-03 1.0854332217e-02
5.9211818329e+01 3.7017087718e+01 4.0534542712e+01 6.2516383998e-01 2.4029723893e-01 1.2443750255e+03 2.9565570234e+00 9.6340742775e-01 8.9862823751e+00 1.3397738175e-02 1.0000000000e+00
8.0880389444e+01 3.4733010194e+01 4.5347125216e+01 4.2943673284e-01 2.3616556221e-01 1.2202132502e+03 9.2565694354e+00 -9.7630608249e-01 9.8397865587e+00 8.1585028358e-03 1.0087088716e-02
3.1632809633e+01 3.0445647770e+01 2.7015288422e+01 9.6247055267e-01 9.7630972343e-02 4.6387175035e+02 7.0705331347e+00 -6.7130695322e-01 8.4612824211e+00 1.3438009885e-02 1.8372757645e-02
4.2251498458e+01 3.4670628752e+01 3.3286799722e+01 8.2057749471e-01 6.2615746696e-02 2.9047712517e+02 3.5645183674e+01 -6.4291979441e-01 1.0598973265e+01 6.5616829206e-03 6.8612019720e-03
3.4338403211e+01 2.3207521080e+01 2.4481746447e+01 6.7584741601e-01 5.3775833984e-02 2.4791931960e+02 3.7719913995e+01 -6.6401419246e-01 8.6785506404e+00 7.8246079899e-03 8.1605452467e-03
3.5360052117e+01 3.4465831552e+01 3.0390490277e+01 9.7471099415e-01 1.1386333789e-01 5.4680598699e+02 9.5025011961e+00 6.7236901980e-01 8.0952402109e+00 1.1072622866e-02 1.3590319860e-02
7.1562878530e+01 6.7634084996e+01 6.0560032531e+01 9.4510011875e-01 3.5833488752e-01 1.9698815136e+03 4.2646034779e+00 6.1967150447e-01 9.0181441898e+00 8.5846115798e-03 2.4347356538e-02
6.3662595161e+01 3.1961558856e+01 3.8814487267e+01 5.0204611946e-01 1.3601693261e-01 6.6252750973e+02 2.6515833320e+01 8.9027258556e-01 8.7216379338e+00 6.3880690438e-03 6.7920530947e-03
2.2685180989e+01 1.9861908524e+01 1.8470725926e+01 8.7554551730e-01 5.8136051694e-02 2.6884836179e+02 1.4088102724e+01 -9.9924912189e-01 1.0142804684e+01 1.3465116945e-02 1.5261641927e-02
3.8879958864e+01 2.6092562984e+01 2.7618467557e+01 6.7110572506e-01 1.5682044249e-02 7.0316882246e+01 2.7887266838e+01 1.4609176878e-01 2.0032685483e+01 8.3161088588e-03 8.8132273776e-03
7.7449144888e+01 7.7232954031e+01 6.7329215259e+01 9.9720860886e-01 6.2946037896e-01 3.8557394410e+03 4.5040735730e+00 -8.4595471737e-01 8.4984880581e+00 7.0252873253e-03 1.5970956288e-02
8.2204176683e+01 7.4950380886e+01 6.8318015245e+01 9.1175879268e-01 2.1985501568e-01 1.1256927814e+03 2.4352932657e+00 9.1143345368e-01 1.8820915422e+01 1.0505986947e-02 1.0000000000e+00
3.4629225586e+01 3.0440762433e+01 2.8252887348e+01 8.7904831594e-01 3.9640711562e-02 1.8091140476e+02 5.5119615366e+01 -7.7846662363e-01 1.3880275476e+01 6.2584185408e-03 6.4377495799e-03
7.3187564320e+01 6.2610896537e+01 5.8894313047e+01 8.5548545192e-01 2.2096179459e-01 1.1320627423e+03 1.3156944812e+01 -9.8692089121e-01 1.2641854305e+01 6.1200215477e-03 7.0109944341e-03
8.0101839092e+01 6.9536005390e+01 6.4938618714e+01 8.6809499230e-01 3.0538709824e-01 1.6362659910e+03 1.5774841866e+01 -9.1808759316e-01 8.8270825306e+00 5.1586063205e-03 5.7565344766e-03
6.2317844895e+01 6.0129623070e+01 5.3288142575e+01 9.6488611202e-01 3.1887799779e-01 1.7200484891e+03 3.1950845111e+00 9.5605729371e-01 1.1137267228e+01 1.0555233817e-02 1.0000000000e+00
5.4006359103e+01 5.2321628729e+01 4.6274972965e+01 9.6880496293e-01 1.5005922299e-01 7.3736252319e+02 2.6045577160e+00 6.5083565436e-01 1.1091534777e+01 1.3559042174e-02 1.0000000000e+00
8.0977702057e+01 7.3106622336e+01 6.6964034094e+01 9.0279941859e-01 4.7296046087e-01 2.7334530092e+03 5.6533574749e+00 -8.6656261707e-01 9.5314502317e+00 6.8950177554e-03 1.0933589657e-02
8.0339343706e+01 6.0223355797e+01 6.0428514894e+01 7.4961224500e-01 6.0255096970e-01 3.6568561961e+03 3.9730826364e+00 -9.5076491889e-01 8.9282863115e+00 7.9609388133e-03 1.0000000000e+00
7.6519742957e+01 6.1498945116e+01 5.9648169763e+01 8.0370036202e-01 2.9291568016e-01 1.5595784914e+03 4.7065728962e+00 7.6697536103e-01 1.1883390703e+01 8.6134446818e-03 1.7539099815e-02
2.7037872725e+01 2.4340233177e+01 2.2326607334e+01 9.0022737457e-01 3.9554946278e-02 1.8050878177e+02 1.6757300355e+02 9.7799789598e-01 8.2997305057e+00 4.7785964714e-03 4.8220867339e-03
2.7219081139e+01 1.6826127653e+01 1.8524003277e+01 6.1817397753e-01 5.6425195112e-02 2.6062176874e+02 2.7061424414e+01 -9.2522704908e-01 8.4890315556e+00 1.0533088875e-02 1.1184200527e-02
7.9807522933e+01 6.1943808485e+01 6.1111031121e+01 7.7616503067e-01 6.8585034181e-02 3.1949560650e+02 4.3040311484e+00 -7.2549161699e-01 4.5506966197e+01 9.8829598028e-03 2.6699063368e-02
8.0798230231e+01 4.7218158988e+01 5.3389201359e+01 5.8439595586e-01 1.2292850506e-01 5.9380869259e+02 1.0330282078e+01 7.1120225911e-01 1.5881232144e+01 7.5075843202e-03 9.0210821516e-03
4.0287277975e+01 2.8711588487e+01 2.9523422140e+01 7.1267134266e-01 1.3690978856e-01 6.6725181406e+02 1.1914617172e+01 -9.0286557736e-01 8.0187580511e+00 1.0226046648e-02 1.1921381519e-02
3.5197440411e+01 3.2441264150e+01 2.9412114952e+01 9.2169384398e-01 1.1801869706e-01 5.6829080682e+02 7.4353914024e+00 9.8388213173e-01 1.1150420525e+01 1.2361530057e-02 1.6512775753e-02
7.9204988862e+01 7.6442752168e+01 6.7736811025e+01 9.6512547083e-01 2.2562538761e-01 1.1589740908e+03 1.3480345149e+01 5.5227969644e-01 8.6888170672e+00 5.5436244828e-03 6.3259044494e-03
7.9833727352e+01 6.0622173074e+01 6.0448112752e+01 7.5935541387e-01 1.3966125197e-01 6.8183955650e+02 2.1312848599e+00 -9.5670667975e-01 2.3105406953e+01 1.2440307057e-02 1.0000000000e+00
2.8131764290e+01 2.6723468762e+01 2.3867683320e+01 9.4993931012e-01 2.1290758929e-02 9.5866627251e+01 4.7321600251e+01 -4.7640911145e-01 1.5536970749e+01 7.4460108775e-03 7.6967391084e-03
4.3332390301e+01 3.7696396998e+01 3.5167348519e+01 8.6993578559e-01 4.3770290466e-02 2.0035419310e+02 4.8456824840e+00 -5.2923112193e-02 1.4591076109e+01 1.3550249367e-02 2.6076700822e-02
6.7775679934e+01 5.5309402273e+01 5.3245465098e+01 8.1606562010e-01 5.4588751411e-02 2.5181210256e+02 3.7613912387e+01 -9.2522140290e-01 2.5469717924e+01 4.8173860700e-03 5.0248429703e-03
8.5332048362e+01 8.0216976779e+01 7.2018115188e+01 9.4005685225e-01 4.9110573039e-01 2.8591182429e+03 3.6078022698e+00 -8.8226972664e-01 1.1881736925e+01 7.7376815358e-03 1.0000000000e+00
1.0638221352e+01 5.9922395372e+00 6.8943615699e+00 5.6327456810e-01 6.8523627974e-03 3.0521242011e+01 2.8180232474e+02 9.9579688549e-01 1.1767485938e+01 8.3614023613e-03 8.4063483678e-03
3.3305180066e+01 3.2971074495e+01 2.8847975498e+01 9.8996836018e-01 9.6218858353e-02 4.5673242663e+02 1.6018704576e+01 7.2913323678e-01 8.2951634996e+00 9.4989934901e-03 1.0579526713e-02
3.4254799794e+01 2.8879389497e+01 2.7361048972e+01 8.4307570530e-01 5.9416551147e-02 2.7501781040e+02 4.9550719525e+01 -6.9485612804e-01 8.5029793164e+00 6.5675338580e-03 6.7781369880e-03
5.1447654479e+01 3.5477734001e+01 3.7064960685e+01 6.8958894940e-01 1.6871440384e-01 8.3852269164e+02 4.9091503269e+00 7.4362081266e-01 9.4997779673e+00 1.2158315423e-02 2.2882970098e-02
4.4120285804e+01 4.0548388190e+01 3.6814812753e+01 9.1904182965e-01 1.4047726028e-01 6.8617431900e+02 1.2548057855e+01 9.3479801717e-01 1.0615238960e+01 8.7198955814e-03 1.0069946929e-02
5.9197350109e+01 5.0082391385e+01 4.7367936167e+01 8.4602421042e-01 1.5788993244e-01 7.7958565070e+02 1.6666309495e+01 -7.7601513601e-01 9.9061892333e+00 6.6337807560e-03 7.3528739208e-03
9.7589053686e+00 9.2966831939e+00 8.2914981763e+00 9.5263585851e-01 1.6582599256e-02 7.4405096186e+01 5.7332231942e+01 9.4074219163e-01 8.3354510782e+00 1.3455857332e-02 1.3825784475e-02
7.3379727391e+01 6.2055259925e+01 5.8703857683e+01 8.4567307799e-01 2.8402636842e-01 1.5053720649e+03 1.1437922208e+01 -9.7094253063e-01 1.0440550995e+01 6.2627518095e-03 7.3595458637e-03
4.1253718210e+01 3.8432547609e+01 3.4659370277e+01 9.3161414961e-01 1.4149677711e-01 6.9159556571e+02 4.0828584071e+00 -6.1468667708e-01 8.5840923508e+00 1.3787944450e-02 5.9461372185e-02
3.6003695930e+01 3.1737315753e+01 2.9415757123e+01 8.8150160514e-01 1.4595774246e-02 6.5392802283e+01 9.1942580171e+01 6.5457546589e-01 2.6999274753e+01 5.1145368285e-03 5.2005630574e-03
3.7291084077e+01 2.6943894412e+01 2.7522311720e+01 7.2252912671e-01 1.2835633849e-01 6.2218472623e+02 5.7877929936e+00 -9.7065641259e-01 9.7097773219e+00 1.4073314171e-02 2.1863505317e-02
7.9794116666e+01 6.1648049984e+01 6.0956265084e+01 7.7258891458e-01 2.8306964420e-01 1.4995607837e+03 6.0831147772e+00 9.7148892761e-01 1.4070723698e+01 7.7549790137e-03 1.1590720439e-02
7.1335048168e+01 5.1032818950e+01 5.2379100053e+01 7.1539615183e-01 2.5728220005e-01 1.3446154937e+03 7.2562676408e+00 -7.0702487789e-01 8.8649848856e+00 8.0822821696e-03 1.0915193983e-02
4.0609440428e+01 3.2332412007e+01 3.1503855589e+01 7.9617969779e-01 6.3989190564e-02 2.9713388169e+02 5.7611261349e+00 -7.9386571465e-01 1.8887769720e+01 1.3440561012e-02 2.0962170174e-02
4.7300797043e+01 4.7210642581e+01 4.1138471041e+01 9.9809401811e-01 1.7138805270e-01 8.5318143773e+02 1.5200866200e+01 9.1108796797e-01 9.3060040081e+00 7.4452113606e-03 8.3484971637e-03
6.3391525975e+01 5.2948497048e+01 5.0394724692e+01 8.3526143650e-01 3.1490851804e-01 1.6953085155e+03 4.0603520276e+00 9.3418701441e-01 1.1039157312e+01 1.0009421436e-02 4.8513310184e-02
2.9061201403e+01 2.7571554033e+01 2.4640603885e+01 9.4874102592e-01 2.4981275459e-02 1.1279240145e+02 2.7273480486e+01 1.7660580678e-01 1.1309353570e+01 8.9544410629e-03 9.5031633147e-03
3.1016962605e+01 2.3395719312e+01 2.3404608174e+01 7.5428789111e-01 8.2194407383e-02 3.8649162723e+02 1.4019936327e+01 9.3979975624e-01 9.5039168146e+00 1.1471938629e-02 1.3011945027e-02
2.5573375279e+01 2.3243908835e+01 2.1219913354e+01 9.0891048136e-01 1.3069651562e-02 5.8488211834e+01 7.4817271908e+01 2.7743824022e-01 1.4835124861e+01 6.7831390918e-03 6.9243534171e-03
6.8298283937e+01 3.9012947233e+01 4.4590474696e+01 5.7121416504e-01 1.4336090146e-01 7.0152351728e+02 2.8550822144e+01 9.9385844722e-01 1.0340578174e+01 5.6744381360e-03 6.0048903638e-03
3.4160434093e+01 3.3989491161e+01 2.9663865926e+01 9.9499587940e-01 9.1048237556e-02 4.3069492880e+02 1.2137079805e+01 -7.1442958402e-01 9.5695547129e+00 1.0389223797e-02 1.2069803888e-02
3.6376128595e+01 3.3885418752e+01 3.0560049834e+01 9.3152900161e-01 9.2925474330e-02 4.4012913810e+02 6.0001217089e+00 9.2801401559e-01 1.4542265972e+01 1.3266927054e-02 2.0030150149e-02
4.6188251720e+01 4.5992530262e+01 4.0123907309e+01 9.9576252726e-01 8.3534110987e-02 3.9314909201e+02 3.8319119304e+01 -8.8941464741e-01 1.2452930759e+01 5.6135331843e-03 5.8504741332e-03
4.9662557052e+01 3.5153206279e+01 3.6266120209e+01 7.0784124632e-01 5.2913232496e-02 2.4379324707e+02 7.6825529551e+01 5.3696594462e-01 8.3717797731e+00 4.6899974521e-03 4.7849876751e-03
5.3763074641e+01 2.1897810147e+01 2.9292510012e+01 4.0730204313e-01 6.7654982569e-02 3.1495954776e+02 2.1870060325e+01 8.7730861824e-01 1.2850684735e+01 8.5110825193e-03 9.1808160782e-03
6.6178612938e+01 5.8398314813e+01 5.4098255655e+01 8.8243485654e-01 3.5304445688e-01 1.9359770777e+03 3.5948274557e+00 -9.8651935273e-01 1.1334990375e+01 9.8453666445e-03 1.0000000000e+00
