# FullPop+Madau Taiji events with joint-polarization SNR above threshold
# summary = {'model': 'fullpop_madau_joint_polarization_snr', 'Tobs_yr': 4.0, 'rho_thr': 8.0, 'z_max': 0.9, 't_merger_min_yr': 0.1, 't_merger_max_yr': 2000.0, 'n_samples': 300000000, 'n_workers': 32, 'n_freq': 2000, 'n_snr_above_threshold': 817, 'detected_fraction': 2.7233333333333332e-06, 'max_snr': 67.10482133886596}
# columns: m1_msun m2_msun chirp_mass_msun q redshift dl_mpc t_merger_yr cos_iota snr f_start_hz f_end_hz
8.1954603058e+01 6.3977336184e+01 6.2940419334e+01 7.8064359775e-01 5.5784416425e-01 3.3316715506e+03 3.6552144029e+00 8.8896151466e-01 9.0915279784e+00 8.1502305589e-03 1.0000000000e+00
2.8136024613e+01 2.3270765187e+01 2.2255632567e+01 8.2708078016e-01 2.2380774774e-02 1.0085635195e+02 8.9748559481e+01 -9.7408799273e-01 1.9480568121e+01 6.1147337272e-03 6.2201777453e-03
6.3235212895e+01 5.3795261087e+01 5.0741349106e+01 8.5071684944e-01 1.0300585870e-01 4.9115685399e+02 2.3612887510e+01 -6.9683000734e-01 1.2762445472e+01 5.7481413336e-03 6.1624764578e-03
9.8225226146e+00 9.7656378275e+00 8.5261989099e+00 9.9420873951e-01 6.6053785883e-03 2.9415622191e+01 3.3910204624e+02 -8.8474405151e-01 1.3228545098e+01 6.8318393799e-03 6.8623070484e-03
8.4658069410e+01 6.4072427769e+01 6.3991710403e+01 7.5683780903e-01 2.6423990885e-01 1.3860973017e+03 7.2282815008e+00 8.6559023652e-01 1.3266054426e+01 7.1172437149e-03 9.6291002915e-03
6.0549588731e+01 4.3076981135e+01 4.4332237381e+01 7.1143309208e-01 1.7011727089e-01 8.4620917692e+02 8.1467613301e+00 -6.7119927143e-01 9.5816854948e+00 8.9837616442e-03 1.1572753514e-02
7.5060206067e+01 7.1058365766e+01 6.3573174278e+01 9.4668492786e-01 3.6671889005e-01 2.0238641746e+03 4.7735439036e+00 6.9981517792e-01 9.8579371012e+00 7.9526105300e-03 1.5735958315e-02
4.4018096510e+01 2.7372613844e+01 3.0049702500e+01 6.2184910331e-01 3.6190630368e-02 1.6475292100e+02 8.5884743664e+01 3.8129441246e-01 8.1637551568e+00 5.1097815700e-03 5.2019925009e-03
2.5641371760e+01 1.9028820086e+01 1.9187054345e+01 7.4211396580e-01 2.6875538968e-02 1.2151507410e+02 5.5669626912e+01 -6.5664826044e-01 1.1329290633e+01 8.0026726977e-03 8.2295990065e-03
3.0669588923e+01 2.6031228139e+01 2.4581235331e+01 8.4876351634e-01 5.3928192846e-02 2.4864859167e+02 2.1540442636e+01 -4.7889438841e-01 8.0503850232e+00 9.6286645120e-03 1.0399712491e-02
1.7590194336e+01 1.6663528384e+01 1.4903250672e+01 9.4731917489e-01 2.7496792953e-02 1.2438097731e+02 6.4660159444e+01 8.4665345820e-01 9.6738571384e+00 8.8566305356e-03 9.0712782138e-03
2.2541080005e+01 2.1918389574e+01 1.9349830360e+01 9.7237530633e-01 7.1348966373e-02 3.3300802564e+02 7.3267621058e+00 -9.3999033094e-01 9.2302632364e+00 1.6584356926e-02 2.2298852523e-02
4.0005937150e+01 2.7456366547e+01 2.8750690134e+01 6.8630729593e-01 1.2981935281e-01 6.2986283160e+02 7.3327724633e+00 8.4570476715e-01 8.5854988717e+00 1.2521586628e-02 1.6829949649e-02
7.0384007913e+01 5.0631273764e+01 5.1828383649e+01 7.1935763912e-01 1.3902675779e-01 6.7847169104e+02 1.7745167264e+01 -5.4011291083e-01 9.0976128027e+00 6.1883833910e-03 6.8104528005e-03
5.7700016737e+01 5.3775408885e+01 4.8486403173e+01 9.3198255262e-01 2.7612331264e-02 1.2491424741e+02 3.7749570575e+01 6.4638171869e-01 3.4008863437e+01 5.1840948620e-03 5.4064768978e-03
8.4294496270e+01 6.4502931031e+01 6.4077877389e+01 7.6520928275e-01 4.7606371942e-01 2.7548563717e+03 4.0097986000e+00 -7.1483334123e-01 8.8825788564e+00 8.0513094468e-03 7.6798187051e-02
3.9624285969e+01 3.2178635819e+01 3.1051960384e+01 8.1209377108e-01 1.7777380876e-01 8.8835349492e+02 4.8473893106e+00 9.7260888092e-01 8.9289247643e+00 1.3579568116e-02 2.6116820411e-02
7.7760145359e+01 6.9957407622e+01 6.4190098470e+01 8.9965633808e-01 3.7179147446e-01 2.0566746173e+03 1.1890066452e+01 8.9749006668e-01 8.2144939355e+00 5.6008513834e-03 6.5319508289e-03
7.3866465194e+01 7.0631641558e+01 6.2877539484e+01 9.5620714180e-01 2.3162514537e-01 1.1937625519e+03 4.9803700227e+00 -6.0611904349e-01 1.2606068135e+01 8.4108296218e-03 1.5471794230e-02
3.9719738587e+01 3.0373482566e+01 3.0183206801e+01 7.6469492615e-01 9.2619921234e-02 4.3859208391e+02 5.3381084151e+00 4.3694896335e-01 8.2039870084e+00 1.3971849957e-02 2.3474153823e-02
2.2533761193e+01 2.0203969655e+01 1.8569488667e+01 8.9660884758e-01 3.7146548569e-02 1.6922219280e+02 3.8765649746e+01 6.4055559294e-01 8.5418628867e+00 9.2972187197e-03 9.6847701248e-03
2.9459706836e+01 2.2818650343e+01 2.2534433166e+01 7.7457153493e-01 4.0311658916e-02 1.8406280287e+02 1.3019884977e+01 -7.0750650374e-01 1.4143210698e+01 1.2379033770e-02 1.4205746264e-02
4.3564420651e+01 4.2668961399e+01 3.7532831144e+01 9.7944517020e-01 5.7479708223e-02 2.6569014923e+02 3.4635144340e+01 5.0757907781e-01 1.1220850213e+01 6.1719835887e-03 6.4626578556e-03
4.6081617127e+01 3.8113288725e+01 3.6450653468e+01 8.2708227490e-01 6.3763080843e-02 2.9603715957e+02 6.8164842008e+01 7.5253858992e-01 9.6723563719e+00 4.8583822988e-03 4.9698173110e-03
1.7108227348e+01 1.6898321910e+01 1.4801871927e+01 9.8773073136e-01 1.4757112262e-02 6.6123650848e+01 1.1163757726e+02 6.1165574300e-01 1.1633930495e+01 7.3041153911e-03 7.4047441785e-03
1.9084510008e+01 1.8786658310e+01 1.6483771652e+01 9.8439301304e-01 1.0756176498e-02 4.8051223054e+01 1.0531802050e+02 -3.9240053984e-01 1.3935421905e+01 6.9970965100e-03 7.0994362043e-03
8.6229001107e+01 6.4141704038e+01 6.4601657655e+01 7.4385303337e-01 1.1357704788e-01 5.4532954953e+02 5.6156220503e+01 9.2929168047e-01 9.7263083242e+00 3.5505373318e-03 3.6502994466e-03
4.0228883661e+01 2.6544043970e+01 2.8325850453e+01 6.5982551724e-01 7.3559643307e-02 3.4385020498e+02 3.5702787056e+01 7.9698454164e-01 9.0099924007e+00 7.2073686864e-03 7.5357848746e-03
8.5280352674e+01 5.0491006002e+01 5.6738281035e+01 5.9205906658e-01 1.9894844924e-01 1.0065857614e+03 9.4563251738e+00 -7.0204988705e-01 1.1140141724e+01 7.1713664658e-03 8.8137397689e-03
3.3661508853e+01 2.3062825073e+01 2.4169839662e+01 6.8513937310e-01 6.6314125771e-02 3.0842950783e+02 1.5706516030e+01 9.9961380296e-01 1.2622667826e+01 1.0874679403e-02 1.2141882800e-02
5.9636732380e+01 3.8299587025e+01 4.1403399649e+01 6.4221471392e-01 8.5244136105e-02 4.0166295871e+02 6.2145140675e+01 9.6275372938e-01 1.0494498557e+01 4.5871283873e-03 4.7030116202e-03
6.7145700011e+01 5.8083249615e+01 5.4337608396e+01 8.6503304911e-01 2.6391152959e-01 1.3841340806e+03 3.9513012585e+00 8.3609889322e-01 1.2787748111e+01 9.8885460990e-03 1.0000000000e+00
7.5714726707e+01 5.2805929274e+01 5.4868519581e+01 6.9743273958e-01 1.1111365976e-01 5.3264577373e+02 4.5336413704e+01 6.4867005973e-01 8.2882569011e+00 4.2665513425e-03 4.4169233635e-03
2.8524295386e+01 2.3289129702e+01 2.2414675218e+01 8.1646643282e-01 7.2349209969e-02 3.3790988489e+02 6.6648649757e+00 8.0782482740e-01 1.0021949929e+01 1.5665925452e-02 2.2092741473e-02
3.8326155673e+01 3.6279672557e+01 3.2459409849e+01 9.4660348579e-01 6.7731369199e-02 3.1533189600e+02 6.3756562374e+01 8.4632679681e-01 9.4969455630e+00 5.3437639971e-03 5.4751938777e-03
8.3744019718e+01 8.1922287738e+01 7.2105216724e+01 9.7824642301e-01 2.0667274986e-01 1.0503207205e+03 1.3316586587e+01 9.7467228887e-01 1.6289179630e+01 5.4081755345e-03 6.1833924867e-03
1.2611517838e+01 8.8898496625e+00 9.1897532105e+00 7.0489926566e-01 7.8178396022e-03 3.4847130807e+01 3.0600951734e+02 9.1426940488e-01 1.2976247728e+01 6.7700435342e-03 6.8035303365e-03
7.1378449471e+01 4.3915151789e+01 4.8456033150e+01 6.1524384621e-01 1.0845318714e-01 5.1898808699e+02 3.4466331800e+01 6.9447222327e-01 9.6868912498e+00 5.1180772294e-03 5.3604027495e-03
3.8373203715e+01 3.1541527297e+01 3.0257478169e+01 8.2196752534e-01 1.8197562973e-02 8.1750049746e+01 8.6388327722e+01 -3.5827265850e-01 1.5792917128e+01 5.1325667264e-03 5.2246309814e-03
3.2616648327e+01 2.9176782045e+01 2.6847111860e+01 8.9453648800e-01 5.6633010426e-02 2.6162004435e+02 2.3847334420e+01 -6.9396116024e-01 1.0893612064e+01 8.7572391618e-03 9.3814254331e-03
5.9140256815e+01 5.6900581534e+01 5.0498418259e+01 9.6212942924e-01 9.1012958304e-02 4.3051783690e+02 1.8372286171e+01 6.4601356993e-01 1.4941844366e+01 6.3777463071e-03 6.9928827186e-03
5.2416665358e+01 4.2035481183e+01 4.0813973728e+01 8.0194878662e-01 1.1766594494e-01 5.6646294672e+02 3.4491239355e+01 8.9253805625e-01 9.5187969790e+00 5.6666890386e-03 5.9347786719e-03
4.2203339611e+01 3.4795896571e+01 3.3329410056e+01 8.2448206449e-01 1.0409372782e-01 4.9670062944e+02 7.1550922660e+00 7.1130059386e-01 1.1210381438e+01 1.1689449196e-02 1.5890780844e-02
7.6306750458e+01 6.8946136665e+01 6.3127527898e+01 9.0353915284e-01 2.6102549959e-01 1.3669029883e+03 1.4473170328e+01 -7.6761104261e-01 8.8277948120e+00 5.5414090366e-03 6.2560797102e-03
4.2869034883e+01 3.9422778400e+01 3.5781886570e+01 9.1960965551e-01 9.9466925710e-02 4.7317206479e+02 3.8952418220e+00 -7.7602183049e-01 1.4832217342e+01 1.4082895488e-02 1.0000000000e+00
6.7932292523e+01 6.1580427622e+01 5.6292287605e+01 9.0649712140e-01 1.9204626121e-01 9.6777761124e+02 2.2818516352e+00 8.4610356755e-01 1.4326309573e+01 1.2326767704e-02 1.0000000000e+00
4.0018276203e+01 1.5600752316e+01 2.1291079018e+01 3.8984068770e-01 3.0635489435e-02 1.3889898919e+02 1.3638149441e+01 9.1901727457e-01 2.1394458482e+01 1.2678656131e-02 1.4441386590e-02
2.9840622071e+01 1.4864987824e+01 1.8118033290e+01 4.9814604364e-01 1.3836210740e-02 6.1954381351e+01 2.8701829973e+02 -6.0628796154e-01 9.8787501927e+00 4.5201762101e-03 4.5440281845e-03
5.3349860071e+01 3.5542774894e+01 3.7753534219e+01 6.6622058329e-01 3.7437956609e-02 1.7058582028e+02 8.4726823446e+01 -8.1305551142e-01 1.5868553212e+01 4.4497750296e-03 4.5312101276e-03
9.9645690039e+00 6.1778498432e+00 6.7917829438e+00 6.1998164103e-01 6.2229028531e-03 2.7704290434e+01 4.1010959176e+02 6.9245195351e-01 8.2276034449e+00 7.3351588414e-03 7.3621689188e-03
3.8370330301e+01 3.6551709704e+01 3.2600181753e+01 9.5260346778e-01 3.1848524612e-02 1.4452724431e+02 1.1881464584e+02 9.2873855119e-01 1.5490569904e+01 4.3109404210e-03 4.3666590007e-03
2.6910947788e+01 2.5071357301e+01 2.2609606148e+01 9.3164155712e-01 8.0741457769e-02 3.7928398403e+02 1.2426380926e+01 8.5642907528e-01 8.6700031412e+00 1.2275303514e-02 1.4200252916e-02
3.0139979984e+01 1.1598941619e+01 1.5923133946e+01 3.8483574394e-01 4.0060907677e-02 1.8288469699e+02 1.7752919093e+01 -7.6340026540e-01 8.8164821419e+00 1.3693516893e-02 1.5069300178e-02
1.5833211277e+01 1.5637532136e+01 1.3698118942e+01 9.8764122214e-01 2.8235143849e-02 1.2779037232e+02 1.0817008148e+01 7.6110981490e-01 1.0508149224e+01 1.8245665094e-02 2.1694627762e-02
5.5570768907e+01 4.8748911209e+01 4.5291170681e+01 8.7724017803e-01 8.5305349350e-02 4.0196806219e+02 7.9761894624e+01 9.9448777544e-01 9.5018553481e+00 3.9492898921e-03 4.0262269515e-03
7.9457413287e+01 7.0715425990e+01 6.5233528810e+01 8.8997895935e-01 3.0359952998e-01 1.6252287896e+03 5.0997469201e+00 -6.8567374520e-01 1.1386782196e+01 7.8628608805e-03 1.3977404798e-02
3.6133498649e+01 3.4619801639e+01 3.0788704349e+01 9.5810820800e-01 5.9912871539e-02 2.7741189085e+02 7.9917325431e+01 7.7265968574e-01 8.4485290961e+00 5.0979069345e-03 5.1970203630e-03
4.5904648520e+01 2.0630538296e+01 2.6376068356e+01 4.4942155014e-01 4.6800174412e-02 2.1468974132e+02 7.3595434232e+00 -6.4463274452e-02 8.3815175259e+00 1.3841415706e-02 1.8573531736e-02
2.8585470659e+01 1.4354077702e+01 1.7430140571e+01 5.0214592838e-01 4.2275306773e-02 1.9330275581e+02 1.1624407226e+01 9.4316622151e-01 1.2382447127e+01 1.5147975730e-02 1.7743585147e-02
3.7213420283e+01 3.0038736150e+01 2.9072843035e+01 8.0720170093e-01 5.9243653196e-02 2.7418417786e+02 5.1857135386e+01 7.6128280414e-01 9.6649341403e+00 6.2167791347e-03 6.4067624578e-03
7.4736223316e+01 5.4643803173e+01 5.5497036462e+01 7.3115553274e-01 1.6335838337e-01 8.0927779348e+02 1.6369130447e+01 -6.7059379436e-01 1.0174666634e+01 6.0314477059e-03 6.6996787957e-03
6.1498932876e+01 4.7953958923e+01 4.7203019441e+01 7.7975269944e-01 2.6003646036e-02 1.1749724947e+02 1.1605022713e+02 8.1927581572e-01 1.9052513811e+01 3.4632139114e-03 3.5090680259e-03
4.1724654661e+01 4.1044617892e+01 3.6025959216e+01 9.8370179993e-01 7.9748585012e-02 3.7436618360e+02 1.1848545656e+01 -2.7797833165e-01 8.2143398204e+00 9.3451220494e-03 1.0905948041e-02
3.9198367362e+01 2.7353130504e+01 2.8414069792e+01 6.9781300459e-01 1.6705288449e-02 7.4962482941e+01 2.2306656749e+02 -8.9846993890e-01 1.6646402055e+01 3.7437124432e-03 3.7692016783e-03
8.1169702785e+00 6.8124021786e+00 6.4685692270e+00 8.3927893596e-01 6.5672039628e-03 2.9244771014e+01 7.2520992205e+01 6.4841877810e-01 1.0260356880e+01 1.4478213030e-02 1.4789551289e-02
4.3206835334e+01 3.8847220718e+01 3.5655574285e+01 8.9909896010e-01 8.6218488151e-02 4.0652214226e+02 5.6922137411e+01 9.3449060389e-01 9.4259557105e+00 5.2019048227e-03 5.3459985366e-03
3.2953058854e+01 1.3143548563e+01 1.7751343507e+01 3.9885670768e-01 1.8854089722e-03 8.3660806948e+00 7.3552989283e+02 8.3803073367e-01 4.1645892483e+01 3.2408939507e-03 3.2475280728e-03
8.4728120459e+01 6.4972089942e+01 6.4477496037e+01 7.6683029896e-01 3.0154117385e-01 1.6125383538e+03 9.7818755318e+00 -7.7285244485e-01 9.4904177259e+00 6.2100650092e-03 7.5636020235e-03
2.5839333366e+01 2.0882921426e+01 2.0199414304e+01 8.0818344386e-01 8.4381135305e-03 3.7629631029e+01 5.9321110533e+02 7.3278660648e-01 1.0193933711e+01 3.2273773596e-03 3.2355761755e-03
1.0438187768e+01 7.9381314907e+00 7.9095965289e+00 7.6048943238e-01 9.5747341438e-03 4.2735151424e+01 8.2090556298e+01 9.4660931489e-01 1.2695390141e+01 1.2165439158e-02 1.2395478513e-02
8.0645933562e+01 7.9025107851e+01 6.9496560470e+01 9.7990195365e-01 5.6392278964e-01 3.3754912661e+03 5.6315674485e+00 -8.3348072004e-01 8.3916625600e+00 6.4986496196e-03 1.0341468631e-02
7.7895609837e+01 6.7823670252e+01 6.3246013772e+01 8.7069952201e-01 5.0081926724e-01 2.9268959405e+03 4.1744852794e+00 8.4897060947e-01 9.6881821873e+00 7.9130456482e-03 2.6026167699e-02
7.3285815826e+01 4.1445662987e+01 4.7595171117e+01 5.6553457883e-01 8.7985286117e-02 4.1534826820e+02 2.0418147719e+01 -2.6043017332e-01 8.6081224473e+00 6.3723323487e-03 6.9152516160e-03
3.8613610971e+01 2.9047233615e+01 2.9096425137e+01 7.5225374900e-01 7.8050587663e-02 3.6597003979e+02 1.7641224763e+01 -9.0458220904e-01 1.2113823716e+01 9.2081679958e-03 1.0140316192e-02
3.6695355729e+01 3.0088762364e+01 2.8898454479e+01 8.1996104863e-01 9.8895889662e-02 4.7027719376e+02 3.0450864492e+01 9.1078668488e-01 8.2404844619e+00 7.4460578222e-03 7.8498491842e-03
2.4020041276e+01 2.1054996197e+01 1.9569067475e+01 8.7655953441e-01 3.9166364610e-02 1.7868519499e+02 1.3121455220e+01 7.5218368836e-01 1.2560297360e+01 1.3490187456e-02 1.5460985991e-02
7.7862333288e+01 6.8363846475e+01 6.3487366957e+01 8.7800921945e-01 2.4476235977e-01 1.2705850386e+03 1.1543696880e+01 -6.2737450894e-01 8.8595586716e+00 6.0594443079e-03 7.1075194221e-03
6.4297849205e+01 4.6808661718e+01 4.7639336076e+01 7.2799731713e-01 2.5102758344e-01 1.3075326183e+03 5.5214783852e+00 8.3334096053e-01 1.0160542463e+01 9.5308055880e-03 1.5454348690e-02
5.4859079497e+01 3.7454551654e+01 3.9318659642e+01 6.8274116149e-01 8.8921664321e-02 4.2003378938e+02 1.5889763085e+01 3.4000431703e-01 8.1728276683e+00 7.8841453196e-03 8.7898953278e-03
8.6155545159e+01 7.0650014586e+01 6.7852367086e+01 8.2002864071e-01 5.0038215894e-01 2.9238384476e+03 1.9771430292e+00 -9.3018386412e-01 9.1602484164e+00 1.0024256045e-02 1.0000000000e+00
8.6197985098e+01 3.6964658546e+01 4.8291921651e+01 4.2883436897e-01 2.1684503462e-01 1.1084016934e+03 1.4942540190e+01 -8.1906807708e-01 8.2286449986e+00 6.6193901558e-03 7.4397413235e-03
3.5742771235e+01 3.3916465375e+01 3.0308437119e+01 9.4890418966e-01 1.1059384391e-01 5.2997393039e+02 5.8863878378e+00 7.8109660324e-01 1.0463009072e+01 1.3297749975e-02 2.0375574846e-02
4.1259271970e+01 2.7682048217e+01 2.9304610247e+01 6.7092914866e-01 1.1997395596e-01 5.7843580322e+02 8.9047668661e+00 9.6299343937e-01 1.0261581687e+01 1.1567043386e-02 1.4466015754e-02
3.2969576502e+01 3.2721924445e+01 2.8593642745e+01 9.9248846714e-01 1.0370428734e-01 4.9471522027e+02 6.6820899509e+00 -8.7291557251e-01 1.1012639243e+01 1.3201620335e-02 1.8590533613e-02
3.6607852147e+01 3.1042587936e+01 2.9326833670e+01 8.4797621591e-01 6.4302752647e-02 2.9865531837e+02 8.4984858403e+01 -9.6412840899e-01 8.9941693199e+00 5.1222548688e-03 5.2157027442e-03
3.6993564462e+01 3.4892720233e+01 3.1274285522e+01 9.4321054864e-01 1.5079490721e-01 7.4131444558e+02 9.5437600286e+00 -9.4000808225e-01 8.7096037209e+00 1.0639227521e-02 1.3043022829e-02
7.3712838496e+01 6.3740012173e+01 5.9640656600e+01 8.6470706425e-01 4.0859811273e-01 2.2980463901e+03 5.3729647622e+00 -9.8850264732e-01 1.0773094384e+01 7.7693475068e-03 1.2959627611e-02
2.5286321795e+01 2.1954084873e+01 2.0501133518e+01 8.6821978504e-01 7.4206207527e-02 3.4702704318e+02 3.5518234515e+00 -9.4692344410e-01 8.4656076929e+00 2.0951278108e-02 1.0000000000e+00
2.9963545002e+01 2.8416882476e+01 2.5400854147e+01 9.4838185782e-01 9.1017624793e-02 4.3054126091e+02 2.3146814499e+01 8.9709912720e-01 8.1220008460e+00 8.9858978398e-03 9.6484930836e-03
1.1443969843e+01 1.0766133446e+01 9.6621052129e+00 9.4076912061e-01 1.3023703030e-02 5.8280570382e+01 6.0330611222e+01 -7.7129388295e-01 1.0777204777e+01 1.2023668392e-02 1.2336997115e-02
4.2405204395e+01 4.0047088663e+01 3.5871828819e+01 9.4439088866e-01 1.1987796627e-01 5.7793722429e+02 3.7557230107e+00 4.8640361424e-01 8.7091311316e+00 1.4091525905e-02 1.0000000000e+00
4.4840465228e+01 1.7308490062e+01 2.3728528634e+01 3.8600157188e-01 3.1321865552e-02 1.4208245738e+02 8.9871886647e+01 5.8298317295e-01 9.5912402759e+00 5.8397754666e-03 5.9403354407e-03
6.5693122320e+01 5.9730095207e+01 5.4519552064e+01 9.0922905013e-01 4.5383889489e-01 2.6023868599e+03 5.2930361443e+00 9.5186651918e-01 8.5612466968e+00 8.1023979373e-03 1.3745131279e-02
4.0576055828e+01 2.4092609552e+01 2.7036683899e+01 5.9376420551e-01 2.5515584610e-02 1.1525037667e+02 5.3978073927e+01 5.7353205271e-01 1.6192609885e+01 6.5392722535e-03 6.7308299687e-03
3.7205559106e+01 2.6016746774e+01 2.6998673617e+01 6.9927041547e-01 7.8787853529e-02 3.6961341808e+02 1.6878211964e+01 7.3283793446e-01 9.1316661431e+00 9.8061669155e-03 1.0853026332e-02
3.1992333747e+01 3.1079554358e+01 2.7450183778e+01 9.7146880886e-01 1.6309510499e-02 7.3164793324e+01 2.3745779240e+02 9.1474670064e-01 1.6297045771e+01 3.7376084632e-03 3.7614957355e-03
9.5393205584e+00 9.4638453698e+00 8.2715301129e+00 9.9208799116e-01 3.8286072162e-03 1.7013844449e+01 4.1744265041e+01 -7.0463849033e-01 2.8948563527e+01 1.5299193809e-02 1.5888146604e-02
6.9976885084e+01 6.8488979741e+01 6.0266592573e+01 9.7873718812e-01 2.1125377543e-01 1.0764091599e+03 2.8874958771e+00 3.0965347324e-01 8.4198300990e+00 1.0706693367e-02 1.0000000000e+00
2.5952350093e+01 1.5359853782e+01 1.7263251229e+01 5.9184828067e-01 3.0925729440e-02 1.4024476795e+02 1.0171224143e+02 7.9157565518e-01 8.4620867329e+00 6.8027898131e-03 6.9059136888e-03
7.6036197496e+01 3.9857884566e+01 4.7436051191e+01 5.2419618391e-01 8.2204447579e-02 3.8654147918e+02 3.9885377014e+01 -4.6158166798e-01 8.7013839085e+00 4.9843031968e-03 5.1857971335e-03
4.7297697483e+01 3.7248838803e+01 3.6488203273e+01 7.8754021412e-01 5.1955041311e-02 2.3921553640e+02 1.3645257293e+01 -9.4157154641e-01 2.6716999406e+01 8.9373560198e-03 1.0179103386e-02
7.5073744563e+01 6.7124662280e+01 6.1779326448e+01 8.9411634747e-01 2.8447755964e-01 1.5081142058e+03 1.1258875339e+01 8.7152177867e-01 1.0009628459e+01 6.1006914071e-03 7.1922319452e-03
4.4700475878e+01 2.2014421112e+01 2.6975349852e+01 4.9248739929e-01 5.6336339436e-02 2.6019501983e+02 6.3327896820e+01 8.8543434243e-01 9.9589297265e+00 6.0546881186e-03 6.2046575862e-03
2.8334638026e+01 2.5936220870e+01 2.3595070534e+01 9.1535388054e-01 5.1310140838e-02 2.3613787505e+02 9.9888929344e+01 -9.5154352307e-01 8.4729348601e+00 5.5655315652e-03 5.6514837537e-03
4.8172804880e+01 4.6055236674e+01 4.1002707823e+01 9.5604224809e-01 8.5408673615e-02 4.0248311097e+02 1.9813617065e+01 8.6511776934e-01 1.5664510486e+01 7.0844426613e-03 7.7095742399e-03
5.1519105955e+01 3.8639033028e+01 3.8761069583e+01 7.4999424606e-01 7.9530942715e-02 3.7328899797e+02 5.7880503311e+01 7.7575656048e-01 9.1434936278e+00 4.9255173263e-03 5.0595815094e-03
8.4048171432e+01 5.8223141849e+01 6.0694714908e+01 6.9273537850e-01 2.4262342875e-01 1.2580169268e+03 2.0399875156e+01 -9.4276066199e-01 9.2625244170e+00 5.0394010075e-03 5.4692028487e-03
3.0328882294e+01 2.6205155101e+01 2.4529228209e+01 8.6403299822e-01 5.2496572083e-02 2.4180194874e+02 2.3753020923e+01 4.9857550117e-01 8.2428403486e+00 9.3022030508e-03 9.9682245592e-03
3.5718026856e+01 2.5399443452e+01 2.6145317611e+01 7.1110992649e-01 3.7506365730e-02 1.7090601724e+02 4.5823817997e+01 7.0743976663e-01 1.3235024894e+01 7.0493014659e-03 7.2949350912e-03
4.2177783887e+01 3.9004361755e+01 3.5304173982e+01 9.2476081387e-01 2.1677840468e-02 9.7637652245e+01 1.8973982511e+02 6.4777395407e-01 1.1433780258e+01 3.4625718115e-03 3.4903488697e-03
6.2015187048e+01 4.9758568022e+01 4.8300496002e+01 8.0236100850e-01 2.0739783065e-01 1.0544425283e+03 6.1733631088e+00 5.6301269502e-01 8.5896662613e+00 9.2650724774e-03 1.3704711427e-02
4.4937428956e+01 4.3682781112e+01 3.8569547692e+01 9.7208011509e-01 2.1978210384e-02 9.9012629013e+01 8.7543970934e+00 -8.3119164385e-01 6.7104821339e+01 1.0382024236e-02 1.3052872165e-02
9.2410040809e+00 7.8012701497e+00 7.3862699796e+00 8.4420156960e-01 5.2308351038e-03 2.3270036750e+01 1.8904619776e+02 4.2811005686e-01 9.6346021148e+00 9.3116340683e-03 9.3866109631e-03
8.2955425866e+01 7.3800109097e+01 6.8092064790e+01 8.8963570889e-01 7.1532696010e-01 4.5052233091e+03 4.2191245560e+00 9.9569310910e-01 9.5996880230e+00 6.9232533928e-03 2.0989856224e-02
6.7999446767e+01 6.0657264198e+01 5.5891585529e+01 8.9202584847e-01 5.6339854206e-01 3.3717070883e+03 4.0939970858e+00 9.1162253125e-01 8.0668555173e+00 8.3942197977e-03 3.4563503999e-02
3.6436714977e+01 3.4719581054e+01 3.0961753467e+01 9.5287352539e-01 1.7198332041e-01 8.5645052613e+02 5.6341381138e+00 -8.8720400293e-01 8.1799157423e+00 1.2897887148e-02 2.0516137274e-02
8.1908900502e+01 7.8120675759e+01 6.9633496276e+01 9.5375075578e-01 6.9414384227e-01 4.3429712403e+03 5.9397643945e+00 -9.8461371345e-01 8.1874087985e+00 6.0520427075e-03 9.2078783358e-03
3.5989386691e+01 1.5033574397e+01 1.9878741503e+01 4.1772243929e-01 1.0126063874e-02 4.5214770981e+01 3.0912232955e+02 -9.2593255529e-01 1.9384250113e+01 4.1580916899e-03 4.1784499693e-03
4.2449247459e+01 4.0223449760e+01 3.5969728930e+01 9.4756567356e-01 4.6374670778e-02 2.1267293654e+02 1.2997082791e+02 7.6455548695e-01 8.6289578019e+00 3.8856465778e-03 3.9314636049e-03
3.8412201913e+01 3.0141047158e+01 2.9578143740e+01 7.8467376659e-01 2.2445236956e-02 1.0115168516e+02 1.0245838184e+01 3.5636538402e-01 2.4853294669e+01 1.1550042339e-02 1.3905684217e-02
3.6720626995e+01 2.7037962410e+01 2.7366716218e+01 7.3631537973e-01 1.2368944913e-01 5.9777634317e+02 1.0044411619e+01 -9.4304115947e-01 8.6531918439e+00 1.1515450556e-02 1.3931403185e-02
8.4719496784e+01 8.2095045715e+01 7.2599462971e+01 9.6902187609e-01 4.2120601756e-01 2.3820301073e+03 5.8040519755e+00 -6.0980951827e-01 8.5000094110e+00 6.6378506934e-03 1.0288056064e-02
4.8478213819e+01 4.7868366384e+01 4.1936276685e+01 9.8742017522e-01 1.1190895195e-01 5.3673669452e+02 2.4167616027e+01 -8.7676574479e-01 1.1680268512e+01 6.3869884173e-03 6.8353907539e-03
2.8846562161e+01 2.1673903759e+01 2.1723272625e+01 7.5135136166e-01 5.4893157658e-02 2.5327088859e+02 1.9119985838e+01 -7.1870416912e-01 9.2873755272e+00 1.0871246060e-02 1.1871494452e-02
2.6553143490e+01 2.4025043281e+01 2.1982415959e+01 9.0479092577e-01 7.7836700114e-02 3.6491369623e+02 1.6306136493e+01 9.4729180534e-01 8.9648258578e+00 1.1301766950e-02 1.2559789253e-02
7.5866059046e+01 7.3983712418e+01 6.5219725979e+01 9.7518855399e-01 1.3028097385e-01 6.3228808922e+02 3.6767637505e+01 -6.6174759520e-01 9.1023279569e+00 4.0986678881e-03 4.2795731314e-03
4.4960867783e+01 4.2781259615e+01 3.8177836997e+01 9.5152210632e-01 1.3040306279e-01 6.3292972704e+02 2.4835953883e+01 -9.2152176199e-01 9.4366287079e+00 6.6353299435e-03 7.0870063127e-03
2.5475053823e+01 2.3044245277e+01 2.1087430095e+01 9.0458082786e-01 7.3362609861e-02 3.4288261839e+02 8.5482317471e+00 -8.1214819836e-01 8.7791600517e+00 1.4816165174e-02 1.8771477161e-02
3.1176743208e+01 1.6139912391e+01 1.9321299973e+01 5.1769077620e-01 1.8009021741e-02 8.0891655362e+01 1.2488276715e+02 7.2082031661e-01 1.3963939088e+01 5.9171805262e-03 5.9898592081e-03
4.2654578200e+01 3.9614483399e+01 3.5780341423e+01 9.2872758496e-01 6.4873464097e-02 3.0142606850e+02 1.0279174269e+01 -1.2676292315e-01 8.9161372486e+00 9.9849835532e-03 1.2012080626e-02
2.5416457507e+01 1.8853758072e+01 1.9014523312e+01 7.4179330722e-01 1.2850235311e-02 5.7496797287e+01 1.3255283253e+02 -2.3224237688e-02 8.9779835536e+00 5.8631457597e-03 5.9309047848e-03
7.9943385400e+01 3.3735528141e+01 4.4400314529e+01 4.2199273865e-01 5.4741788339e-02 2.5254541723e+02 9.4344459240e+01 -7.4246872206e-01 9.8814877435e+00 3.8222533368e-03 3.8848570898e-03
6.7977602915e+01 6.6238418957e+01 5.8415030773e+01 9.7441533854e-01 5.0909433794e-01 2.9849109443e+03 2.8805476260e+00 8.9072403369e-01 8.0356141776e+00 9.5244952773e-03 1.0000000000e+00
6.0352996146e+01 5.6885659660e+01 5.1004302646e+01 9.4254905791e-01 1.8537621596e-01 9.3052075807e+02 1.6729519826e+01 -9.8648297522e-01 1.1548388865e+01 6.2330419535e-03 6.9056067848e-03
1.0031743593e+01 5.9361815908e+00 6.6723752505e+00 5.9173976447e-01 6.6159195651e-03 2.9462800244e+01 2.5887323330e+02 -6.7464837928e-01 8.4302682127e+00 8.8114605608e-03 8.8630662698e-03
2.4802681587e+01 2.3852455707e+01 2.1173531585e+01 9.6168858288e-01 4.0335789898e-02 1.8417619917e+02 2.9661905727e+01 -9.4831868628e-01 1.4030148453e+01 9.4513059888e-03 9.9789105164e-03
7.4621421300e+01 7.4616562535e+01 6.4959605405e+01 9.9993488780e-01 5.9030451554e-01 3.5671183323e+03 3.1756521119e+00 -8.1988176882e-01 8.0840407463e+00 8.3158396046e-03 1.0000000000e+00
6.9358494408e+01 6.3287991998e+01 5.7665151070e+01 9.1247643909e-01 2.0289261334e-01 1.0288776095e+03 3.4338646875e+01 -9.7599612759e-01 8.0371384748e+00 4.3680677804e-03 4.5757204401e-03
3.0814283119e+01 2.8264568366e+01 2.5686814352e+01 9.1725542527e-01 2.7990843491e-02 1.2666189752e+02 1.5966852036e+01 -2.7948442160e-01 1.3582124316e+01 1.0645138639e-02 1.1860857529e-02
5.3222986240e+01 2.2346507902e+01 2.9479223463e+01 4.1986572872e-01 3.2570243504e-02 1.4788047080e+02 1.5592736414e+02 6.0147211057e-01 8.1981599956e+00 4.1440748264e-03 4.1846579399e-03
2.9947657416e+01 2.8660192266e+01 2.5503161205e+01 9.5700948716e-01 8.1009383746e-02 3.8061209826e+02 3.2241511001e+01 9.9384822342e-01 9.1987916786e+00 7.9615989665e-03 8.3670640718e-03
4.6197053123e+01 4.1755222859e+01 3.8224836016e+01 9.0385035487e-01 8.4488620513e-02 3.9789917032e+02 2.2044054531e+01 -5.4825462427e-01 9.7344771619e+00 7.1154897159e-03 7.6703256022e-03
2.8425097886e+01 2.1975794421e+01 2.1722023865e+01 7.7311235685e-01 2.9061635769e-02 1.3161103009e+02 3.1484050006e+01 6.4242305315e-01 1.4018658296e+01 9.1579490725e-03 9.6366685733e-03
5.6111644313e+01 4.0409495452e+01 4.1342560041e+01 7.2016238245e-01 8.1480294600e-02 3.8294749262e+02 4.5769214222e+00 -5.8320970218e-01 1.8232938942e+01 1.2237584724e-02 2.6606760979e-02
3.5782818951e+01 2.8669528521e+01 2.7848981279e+01 8.0120933347e-01 8.1647093762e-02 3.8377503200e+02 2.4836687637e+01 -7.1144500249e-01 8.0761746291e+00 8.3071356381e-03 8.8725953338e-03
2.9448184154e+01 2.7747063694e+01 2.4882461547e+01 9.4223343446e-01 6.3149815725e-02 2.9306421035e+02 2.5090664583e+01 -9.4008063301e-01 1.1518408351e+01 8.9752964094e-03 9.5792611356e-03
3.3756518608e+01 1.3023716791e+01 1.7858421778e+01 3.8581338740e-01 8.4271103359e-03 3.7580248960e+01 1.0044697169e+02 -6.2750239393e-01 2.6552295825e+01 6.7844505626e-03 6.8886286997e-03
4.1868223226e+01 3.3423724966e+01 3.2524746553e+01 7.9830769950e-01 9.9088717870e-02 4.7125451595e+02 2.2565975782e+01 -7.2961962462e-01 8.5136988571e+00 7.7374219210e-03 8.3247731216e-03
6.2230166465e+01 4.9839233166e+01 4.8422363047e+01 8.0088542257e-01 2.7808783928e-01 1.4693725039e+03 9.9838438928e+00 9.8148205214e-01 9.0466565257e+00 7.4546953257e-03 9.0323128347e-03
3.4934696810e+01 3.4751382691e+01 3.0332501942e+01 9.9475266323e-01 1.3058873951e-01 6.3390571757e+02 8.4515156200e+00 8.9947245055e-01 9.4275449402e+00 1.1476572710e-02 1.4595609109e-02
3.7905344526e+01 2.6016760801e+01 2.7242188230e+01 6.8636128036e-01 1.4281570278e-01 6.9861782287e+02 8.3976945893e+00 9.6592903443e-01 8.0305294630e+00 1.2220791839e-02 1.5575786146e-02
3.6494798529e+01 3.5773486068e+01 3.1454717650e+01 9.8023519816e-01 1.1649162344e-01 5.6038328522e+02 2.4067936803e+01 -9.4639749612e-01 8.6995401679e+00 7.6369136823e-03 8.1755867962e-03
3.2474161986e+01 1.7242562377e+01 2.0397801148e+01 5.3096250440e-01 5.6382459377e-03 2.5090239166e+01 2.8567770039e+02 -8.7370639249e-01 3.5355770654e+01 4.2262132308e-03 4.2486196984e-03
4.1281112899e+01 3.4641146911e+01 3.2895187813e+01 8.3915244717e-01 5.1849690356e-02 2.3871258704e+02 1.0411042861e+02 -9.7006923032e-01 1.0861843276e+01 4.4507338180e-03 4.5166060728e-03
8.2380977465e+01 2.5182880771e+01 3.8355366384e+01 3.0568805501e-01 1.0020945421e-01 4.7693928146e+02 5.6254206999e+01 -9.2491504097e-01 8.5966708743e+00 4.9522113682e-03 5.0911023420e-03
6.3315232301e+01 6.0613833793e+01 5.3927878995e+01 9.5733414521e-01 2.2044591923e-01 1.1290928706e+03 4.1206383789e+00 7.6702544750e-01 1.3729607241e+01 9.9965842332e-03 3.7575628963e-02
3.6228556802e+01 3.3682828228e+01 3.0406481566e+01 9.2973143844e-01 2.0657918674e-02 9.2973320544e+01 2.0674024305e+02 5.7024008514e-01 9.9811417999e+00 3.6832599678e-03 3.7103448002e-03
8.2218083911e+01 7.5597465739e+01 6.8620644775e+01 9.1947491528e-01 4.5784512345e-01 2.6297297701e+03 3.1952310288e+00 8.9545643686e-01 1.1393658722e+01 8.4650305404e-03 1.0000000000e+00
3.9821821283e+01 3.2707555060e+01 3.1387644958e+01 8.2134754278e-01 9.0464313769e-02 4.2776477927e+02 2.8162080543e+01 -9.1810828150e-01 1.0220233084e+01 7.3166974793e-03 7.7493272623e-03
7.7275514846e+01 6.8804078774e+01 6.3456445945e+01 8.9037360554e-01 5.2525851614e-01 3.0989529773e+03 4.6599427340e+00 -9.0104137048e-01 9.3699525203e+00 7.5013775380e-03 1.5612372213e-02
3.5336817611e+01 3.1982592655e+01 2.9258806072e+01 9.0507846538e-01 1.0408562265e-01 4.9665929908e+02 3.8018295971e+01 9.9450999517e-01 8.0642310731e+00 6.7785437495e-03 7.0671032744e-03
5.3883110390e+01 5.1243951936e+01 4.5741906073e+01 9.5102067354e-01 2.7277336440e-01 1.4373019993e+03 8.8786271456e+00 9.3945714974e-01 8.5521847249e+00 8.0932923068e-03 1.0130789640e-02
7.5067126585e+01 6.6434243570e+01 6.1454394358e+01 8.8499782251e-01 5.2347037288e-01 3.0862909334e+03 3.6108571482e+00 9.1448660401e-01 9.4102507956e+00 8.4275246279e-03 1.0000000000e+00
3.0247200291e+01 2.9037144814e+01 2.5798559088e+01 9.5999446343e-01 3.7578572252e-02 1.7124402151e+02 2.0924218683e+01 7.9878109821e-01 1.8031875430e+01 9.5371144923e-03 1.0326894245e-02
7.3704377312e+01 4.4712964724e+01 4.9667578552e+01 6.0665277091e-01 8.6262907886e-02 4.0674380729e+02 3.9128387612e+00 1.6925143304e-01 1.3748006984e+01 1.1540677370e-02 1.0000000000e+00
7.7362144518e+01 6.5019446027e+01 6.1695329921e+01 8.4045557982e-01 2.1503315483e-01 1.0980162198e+03 3.3705901644e+00 -9.5061649982e-01 1.9473966209e+01 9.9370105227e-03 1.0000000000e+00
5.6423203255e+01 4.9466586663e+01 4.5971745303e+01 8.7670645780e-01 1.4778104745e-01 7.2514435582e+02 3.6719325783e+01 -8.7144546852e-01 8.0555782153e+00 5.0537814313e-03 5.2771609189e-03
7.7736416763e+01 7.4778000244e+01 6.6370767404e+01 9.6194297805e-01 3.4620868564e-01 1.8923533841e+03 6.3261065349e+00 -8.4879419822e-01 1.1380080796e+01 7.0317559258e-03 1.0233021235e-02
6.7989216485e+00 6.3904701155e+00 5.7377121020e+00 9.3992407119e-01 3.5073401450e-03 1.5582351444e+01 4.3297409808e+02 6.5743999331e-01 1.1277399828e+01 7.9999165697e-03 8.0278088916e-03
5.8688891754e+01 4.4295502944e+01 4.4299114314e+01 7.5475105459e-01 1.4660957725e-01 7.1887318866e+02 5.6119956613e+00 -3.3713202797e-01 8.1072666173e+00 1.0468154296e-02 1.6711970567e-02
3.7120078015e+01 2.5981440599e+01 2.6949784864e+01 6.9992957958e-01 3.8930997515e-02 1.7758111186e+02 1.0340280964e+02 -8.3613271372e-01 1.0923545524e+01 5.0933950454e-03 5.1693089766e-03
5.2013422832e+01 2.2016417185e+01 2.8935826116e+01 4.2328337545e-01 6.8205527023e-02 3.1764401126e+02 4.9177860021e+01 7.6953415822e-01 8.6247329629e+00 6.3270379792e-03 6.5315601476e-03
5.2247448168e+01 4.8396266900e+01 4.3769222926e+01 9.2628958154e-01 1.2343946313e-01 5.9647250990e+02 9.1508064040e+00 3.9783898705e-01 8.7056635765e+00 8.8930228965e-03 1.1031725914e-02
4.1011106870e+01 1.3272342491e+01 1.9704978042e+01 3.2362799991e-01 4.6910402510e-02 2.1521239186e+02 6.6222804052e+00 9.7287353736e-01 1.4736969889e+01 1.7277841544e-02 2.4454717507e-02
6.7362768519e+01 6.7293178395e+01 5.8612395826e+01 9.9896693491e-01 3.1915933885e-01 1.7218047394e+03 8.6333891097e+00 8.6976170966e-01 9.4703820533e+00 6.8497314267e-03 8.6502666789e-03
3.3737555927e+01 3.2662286226e+01 2.8897662148e+01 9.6812840552e-01 5.9963907413e-02 2.7765815940e+02 1.2687672050e+01 -6.6746403870e-01 1.2916272236e+01 1.0575633627e-02 1.2189498672e-02
3.5245484882e+01 3.3492184105e+01 2.9908126965e+01 9.5025459905e-01 6.0550971850e-02 2.8049217205e+02 4.5103430185e+01 -6.5920385059e-01 9.1230914846e+00 6.4308247916e-03 6.6587236612e-03
2.0029103860e+01 1.7172128613e+01 1.6135407017e+01 8.5735880813e-01 1.5895070703e-02 7.1283460483e+01 2.0270082089e+01 7.4253193737e-01 2.1260362514e+01 1.3113147352e-02 1.4239888956e-02
4.3220144306e+01 3.3077019314e+01 3.2856845758e+01 7.6531487446e-01 9.3477312718e-02 4.4290655435e+02 2.7302473698e+01 8.1388724381e-01 9.4368666639e+00 7.1812114610e-03 7.6207498190e-03
5.9327161179e+01 5.6828739378e+01 5.0545756255e+01 9.5788738663e-01 2.1380303965e-01 1.0909752351e+03 1.4988287314e+01 9.0949787089e-01 9.6571830724e+00 6.4360315551e-03 7.2306346143e-03
3.0032204975e+01 5.2136830291e+00 1.0172259128e+01 1.7360307155e-01 1.4998437723e-02 6.7217161507e+01 1.4620865459e+02 -7.8675825577e-01 8.3033223511e+00 8.3440922103e-03 8.4313426565e-03
4.3058908331e+01 3.2665385997e+01 3.2586929325e+01 7.5862085833e-01 1.5025988802e-02 6.7342027657e+01 2.4408336102e+02 -4.2511858783e-01 9.6510330033e+00 3.3257802650e-03 3.3464519542e-03
2.9788949539e+01 2.9777355809e+01 2.5927739748e+01 9.9961080435e-01 4.8897114489e-02 2.2464590065e+02 7.7503259797e+00 -9.5721032517e-01 2.0771735825e+01 1.3704550201e-02 1.7992184367e-02
2.5638564313e+01 1.8552861855e+01 1.8937173770e+01 7.2363107499e-01 2.1847681224e-02 9.8415043609e+01 1.7159027036e+02 6.5378159186e-01 9.0841641548e+00 5.3063716740e-03 5.3535160907e-03
2.7873523824e+01 1.1199878922e+01 1.5075331670e+01 4.0181065706e-01 8.4105859452e-03 3.7506089430e+01 3.4381232818e+02 -9.6778076066e-01 1.9313039303e+01 4.7545567022e-03 4.7754675580e-03
6.5991248378e+01 6.1892363565e+01 5.5630257279e+01 9.3788744850e-01 2.5756853095e-01 1.3463178222e+03 7.8719785019e+00 6.0025980020e-01 8.1591898646e+00 7.5485332904e-03 9.8496134185e-03
5.5959487190e+01 5.5385258548e+01 4.8464842137e+01 9.8973849350e-01 6.5588759452e-02 3.0490166944e+02 4.9727386029e+01 5.4627343711e-01 1.0857109448e+01 4.5715356495e-03 4.7175806271e-03
4.6862726991e+01 4.0879621981e+01 3.8085424935e+01 8.7232699857e-01 5.0323255992e-02 2.3143333450e+02 5.1136011545e+01 9.3056432707e-01 1.7881548329e+01 5.3069751831e-03 5.4715744660e-03
3.8697570720e+01 2.6597002576e+01 2.7831359499e+01 6.8730419199e-01 4.9990986930e-02 2.2985079691e+02 6.0609188617e+01 -7.0736352523e-01 9.6579136369e+00 6.0589005143e-03 6.2160306758e-03
1.0152302480e+01 4.6000000000e+00 5.8589725939e+00 4.5309918703e-01 2.7102080439e-03 1.2033533776e+01 1.2882566072e+03 -8.8132705634e-01 1.2927196400e+01 5.2486400109e-03 5.2547644178e-03
4.6727730212e+01 3.2558703021e+01 3.3845839689e+01 6.9677476037e-01 2.7839994832e-02 1.2596529239e+02 1.3690304053e+02 -3.9926254317e-01 8.6997088676e+00 4.0028708605e-03 4.0476308336e-03
3.1418868234e+01 1.7506183596e+01 2.0245240979e+01 5.5718695738e-01 2.2860563311e-02 1.0305516229e+02 2.2066092880e+02 9.5238188431e-01 1.1129057826e+01 4.6284607649e-03 4.6603217558e-03
7.5475329333e+01 5.6213809408e+01 5.6582069613e+01 7.4479713974e-01 4.8246045187e-02 2.2155162267e+02 6.4987798121e+01 8.3824713970e-01 1.8408081062e+01 3.7922330704e-03 3.8836568246e-03
5.3432040697e+01 5.2378194564e+01 4.6053838692e+01 9.8027688780e-01 3.2766375559e-01 1.7750655849e+03 2.6358854094e+00 9.8522326795e-01 8.3201682369e+00 1.2376620838e-02 1.0000000000e+00
3.0349243869e+01 2.5346047453e+01 2.4125214057e+01 8.3514592859e-01 1.0040454671e-01 4.7792963831e+02 9.1643486714e+00 -8.9265831924e-01 8.5433997442e+00 1.3065255939e-02 1.6200379559e-02
4.2955698464e+01 4.2229643488e+01 3.7077457508e+01 9.8309758653e-01 1.7465876239e-01 8.7116786246e+02 1.6674382152e+01 -9.7685593183e-01 8.3824084762e+00 7.6606133622e-03 8.4905270719e-03
3.4075592048e+01 3.3313138496e+01 2.9330395643e+01 9.7762464255e-01 1.3218351421e-02 5.9160283657e+01 1.9388610087e+02 5.3190986436e-01 1.5687078622e+01 3.8766146611e-03 3.9070385509e-03
3.0727392501e+01 2.1695060897e+01 2.2409309791e+01 7.0604952557e-01 6.6338704889e-02 3.0854910724e+02 1.4438489972e+01 -9.9504616323e-01 1.1562612805e+01 1.1766513400e-02 1.3288603098e-02
3.0966425179e+01 2.2437199548e+01 2.2887675459e+01 7.2456537744e-01 3.4210262752e-02 1.5551297961e+02 1.9981232321e+01 -3.0804675760e-01 9.3961182837e+00 1.0478661492e-02 1.1394238680e-02
3.7207973775e+01 3.2884945281e+01 3.0440028661e+01 8.8381446083e-01 6.7062302491e-02 3.1207176678e+02 7.2295013486e+01 8.3865699195e-01 8.4569744354e+00 5.3086408288e-03 5.4231685005e-03
6.0899651819e+01 5.6908164223e+01 5.1243503006e+01 9.3445795704e-01 2.2808440097e-01 1.1732095887e+03 2.0664906105e+00 -6.4240588308e-01 8.1093466424e+00 1.3317303993e-02 1.0000000000e+00
2.9457294543e+01 2.4344138314e+01 2.3291292533e+01 8.2642139039e-01 4.0203507688e-02 1.8355462520e+02 3.6119553317e+01 -8.5748018154e-01 1.3688971115e+01 8.2712741168e-03 8.6434523401e-03
2.7093593916e+01 1.5684994446e+01 1.7814158087e+01 5.7891893172e-01 2.7567225759e-02 1.2470605129e+02 1.5194780438e+01 -2.3376001523e-01 8.0281858963e+00 1.3635642799e-02 1.5290799165e-02
3.7670404736e+01 3.1454736980e+01 2.9942261552e+01 8.3499864684e-01 1.1120132971e-01 5.3309655522e+02 1.8962273508e+01 -8.7649555331e-01 8.5285726589e+00 8.6380058832e-03 9.4405718507e-03
6.4734800436e+01 2.1631324315e+01 3.1656570695e+01 3.3415294663e-01 9.1512923635e-02 4.3302823482e+02 1.5958134849e+01 -5.7828427926e-01 8.1910282225e+00 9.0000407537e-03 1.0028569360e-02
4.3037382945e+01 4.0327222388e+01 3.6263536830e+01 9.3702775654e-01 1.1305285436e-01 5.4262748034e+02 1.5455142096e+01 8.9642023177e-01 1.1547818861e+01 8.2656526405e-03 9.2481389433e-03
3.3783003780e+01 3.0131678972e+01 2.7765968626e+01 8.9191829026e-01 8.5080829710e-02 4.0084910848e+02 4.4828764252e+01 9.2790695860e-01 8.1562110387e+00 6.6562194316e-03 6.8936476215e-03
3.1518806976e+01 2.6662757116e+01 2.5218997454e+01 8.4593167302e-01 8.9402170106e-02 4.2244027597e+02 1.8292388406e+01 9.4051754839e-01 9.0998044803e+00 9.8684013491e-03 1.0825149568e-02
3.0523577203e+01 2.5197046523e+01 2.4120585547e+01 8.2549454658e-01 3.6787568574e-02 1.6754312840e+02 1.0742049032e+02 -7.3205695405e-01 9.1713094028e+00 5.3884586165e-03 5.4656869488e-03
3.5807455799e+01 3.1262465934e+01 2.9113368515e+01 8.7307141029e-01 1.5586299135e-02 6.9882550801e+01 1.8163368951e+01 -3.7978354966e-01 3.1251640946e+01 9.4507502031e-03 1.0374746000e-02
4.8630065536e+01 4.5530511975e+01 4.0959119357e+01 9.3626260779e-01 2.9407999786e-02 1.3321351961e+02 8.4228984468e+01 1.8659137072e-01 1.0065965565e+01 4.2587908557e-03 4.3372071393e-03
3.3020850147e+01 2.2287887797e+01 2.3526403868e+01 6.7496408173e-01 9.0663086634e-02 4.2876199328e+02 4.8685360401e+00 -8.2678360469e-01 8.9904603467e+00 1.6918719697e-02 3.2292111965e-02
4.4484055281e+01 2.9244330101e+01 3.1262282619e+01 6.5741151334e-01 5.9879802159e-02 2.7725232669e+02 6.4332451502e+01 6.3356647293e-01 8.0912749292e+00 5.4775473689e-03 5.6110070614e-03
3.7481932193e+01 3.4614062281e+01 3.1351801263e+01 9.2348660425e-01 2.7527150167e-02 1.2452108329e+02 7.0954441996e+00 -1.7871814167e-02 1.7961508297e+01 1.2742907187e-02 1.7392609589e-02
6.0396028391e+01 5.3091999903e+01 4.9275662180e+01 8.7906442389e-01 1.7371386318e-01 8.6596552008e+02 1.3903389665e+01 -9.6196511176e-01 1.2352833612e+01 6.8687671299e-03 7.8006376191e-03
2.4436795093e+01 1.7225050165e+01 1.7806359827e+01 7.0488172034e-01 4.1434519842e-03 1.8417399593e+01 6.9501175326e+02 -6.0464637703e-01 1.5401670006e+01 3.2994524278e-03 3.3066017329e-03
3.1898554181e+01 3.0580174312e+01 2.7188180016e+01 9.5866960422e-01 3.3975713644e-02 1.5442032770e+02 1.5054207221e+01 8.6236341960e-02 1.0330083350e+01 1.0465078432e-02 1.1750094127e-02
7.1831129724e+01 5.9218311563e+01 5.6724959662e+01 8.2441013793e-01 5.2017109227e-02 2.3951188428e+02 1.1177589518e+02 -9.5810210025e-01 1.0761127682e+01 3.0825991910e-03 3.1250142663e-03
2.7017805247e+01 1.9965218605e+01 2.0172804933e+01 7.3896522767e-01 2.1328398539e-02 9.6038797114e+01 9.0026932974e+01 8.8349254882e-01 1.6740448549e+01 6.4986591911e-03 6.6103661762e-03
8.3990950198e+01 8.2074097354e+01 7.2278231698e+01 9.7717786452e-01 4.4081767586e-01 2.5139508328e+03 6.5009619260e+00 7.7716574723e-01 9.3865822276e+00 6.3247562501e-03 9.0494096063e-03
4.4565543562e+01 4.1952567169e+01 3.7638581198e+01 9.4136778812e-01 1.9414499775e-01 9.7955063684e+02 7.7919798524e+00 9.3959318230e-01 9.3579994936e+00 9.9912854692e-03 1.3089243369e-02
7.6304289009e+01 7.4216427655e+01 6.5510383558e+01 9.7263769336e-01 1.4199326750e-01 6.9423781289e+02 2.3784775174e+01 4.1901785043e-01 8.2737969078e+00 4.7816198466e-03 5.1234561029e-03
3.4689121215e+01 2.1448599611e+01 2.3610456754e+01 6.1830910845e-01 7.6611347548e-02 3.5886744734e+02 2.0878791660e+01 -9.7719667690e-01 9.7294573769e+00 9.8583479873e-03 1.0676788683e-02
4.1533829787e+01 3.2039035141e+01 3.1703361366e+01 7.7139611987e-01 6.3382051861e-02 2.9418975014e+02 8.0143459593e+01 7.7426370597e-01 8.1844992481e+00 4.9899772172e-03 5.0867087046e-03
3.0641588424e+01 2.6730986020e+01 2.4903184409e+01 8.7237598946e-01 3.9632454726e-02 1.8087264117e+02 9.2169336918e+01 7.4278515609e-01 9.5208719632e+00 5.5845942341e-03 5.6782885335e-03
7.8199965224e+01 7.0246603312e+01 6.4503770402e+01 8.9829455947e-01 4.3067046787e-01 2.4455008535e+03 3.9049423797e+00 9.4654483499e-01 1.2357524476e+01 8.2577610328e-03 1.0000000000e+00
3.4626066993e+01 3.2942918252e+01 2.9400157756e+01 9.5139070395e-01 6.3854205663e-02 2.9647911225e+02 5.6906221454e+01 8.0065188852e-01 9.1524568705e+00 5.9458777706e-03 6.1106281124e-03
8.5648284013e+01 7.7163857039e+01 7.0752566605e+01 9.0093873951e-01 2.7454465273e-01 1.4479755560e+03 8.3166038187e+00 -5.2164979220e-01 9.0982153860e+00 6.3096490534e-03 8.0687570246e-03
8.3257886815e+01 7.5286554949e+01 6.8905752647e+01 9.0425733620e-01 5.2612894274e-01 3.1051207024e+03 6.7536249340e+00 9.5279839419e-01 9.1116760798e+00 6.1971241648e-03 8.6756546329e-03
2.6223316679e+01 1.5776442429e+01 1.7594164901e+01 6.0161888071e-01 1.9913411655e-03 8.8368477063e+00 1.7983565312e+03 9.7026675773e-01 1.3079141722e+01 2.3304883040e-03 2.3324351301e-03
3.1944793878e+01 1.7605492284e+01 2.0465375839e+01 5.5112242549e-01 2.0334235674e-02 9.1494491224e+01 7.2247466282e+01 8.6140089294e-01 1.8776040769e+01 6.9985955347e-03 7.1496853349e-03
6.3110382219e+01 2.7582379961e+01 3.5721114670e+01 4.3704980055e-01 1.7599933609e-01 8.7855718048e+02 1.4124747012e+01 -9.7044667700e-01 8.3109181753e+00 8.3386441225e-03 9.4475484108e-03
3.0006615311e+01 2.9753051495e+01 2.6011624815e+01 9.9154973617e-01 4.8626614274e-02 2.2335998708e+02 5.4929243614e+01 6.6558419617e-01 9.1207580702e+00 6.5633666009e-03 6.7521224544e-03
3.1053020387e+01 2.7401972300e+01 2.5384410410e+01 8.8242534729e-01 3.9427327312e-02 1.7990976638e+02 1.9691759437e+01 -2.7837918127e-01 9.0673131450e+00 9.8449449114e-03 1.0719958902e-02
3.3958731101e+01 2.8346424538e+01 2.6987648664e+01 8.3473155855e-01 8.3910128939e-02 3.9501965719e+02 1.3992210472e+01 6.9861161483e-01 8.6518896621e+00 1.0492148242e-02 1.1904158521e-02
3.1504681800e+01 2.8936309552e+01 2.6279955638e+01 9.1847648982e-01 1.9079888888e-02 8.5770270991e+01 8.3123659140e+01 7.1493656456e-01 2.1009689129e+01 5.6836648574e-03 5.7897567799e-03
3.0599509192e+01 2.8301703772e+01 2.5614824063e+01 9.2490711516e-01 4.3016539018e-02 1.9679713770e+02 1.3177038749e+02 8.1868247305e-01 8.1791634424e+00 4.7890563997e-03 4.8447381134e-03
2.4894067201e+01 1.8020689737e+01 1.8390732557e+01 7.2389495823e-01 1.5984598985e-02 7.1689773311e+01 1.5755387488e+02 -5.2645404867e-01 1.0738808446e+01 5.6002316131e-03 5.6544986473e-03
7.2326996926e+01 6.0043460797e+01 5.7319378864e+01 8.3016665075e-01 2.6723659093e-01 1.4040377519e+03 1.3634734705e+01 7.6739696395e-01 8.0322199223e+00 6.0007252962e-03 6.8352805588e-03
4.1767298165e+01 3.0456914909e+01 3.0972539239e+01 7.2920481447e-01 7.7210418194e-02 3.6182226756e+02 2.6949862465e+01 8.1419651417e-01 1.0633656751e+01 7.5581183400e-03 8.0274916456e-03
3.1153197044e+01 2.9704548203e+01 2.6480865313e+01 9.5349919180e-01 6.0788554064e-02 2.8163970654e+02 4.8493270313e+01 -9.2483259052e-01 1.0415280194e+01 6.7521109060e-03 6.9736435729e-03
3.8399375275e+01 3.1209506807e+01 3.0104658630e+01 8.1276079581e-01 7.3243894946e-02 3.4229975376e+02 2.3468250162e+01 8.2399075284e-01 1.1390309861e+01 8.1219047806e-03 8.7114523441e-03
3.5015264695e+01 3.2221121600e+01 2.9236000985e+01 9.2020214271e-01 1.3075166225e-01 6.3476227041e+02 1.0409332840e+01 8.6007721914e-01 8.1649588042e+00 1.0860102033e-02 1.3026048230e-02
7.6153293684e+00 6.0659055878e+00 5.9091571867e+00 7.9653883560e-01 5.1555403870e-03 2.2933763054e+01 5.6582650758e+02 9.6857866562e-01 1.0347864274e+01 7.0968438743e-03 7.1157494832e-03
3.1054591407e+01 2.8643552043e+01 2.5959686926e+01 9.2236125948e-01 2.1326152278e-02 9.6028522074e+01 4.0707857218e+01 -4.2777930216e-01 1.6856423040e+01 7.4752627520e-03 7.7708972363e-03
3.6743177520e+01 3.5867473274e+01 3.1602863169e+01 9.7616688854e-01 7.8722558020e-02 3.6929060785e+02 3.0125881712e+01 -6.1615404163e-01 8.1988101291e+00 7.1518881016e-03 7.5443445560e-03
3.2734743542e+01 1.4842464413e+01 1.8898580507e+01 4.5341624242e-01 7.0886090358e-02 3.3074175107e+02 1.2634683144e+01 -9.4323417563e-01 8.3447527033e+00 1.3723861315e-02 1.5829622272e-02
5.2563407230e+01 1.3052612614e+01 2.1798499405e+01 2.4832128094e-01 5.9943135203e-03 2.6681972812e+01 1.7938725542e+02 -2.1472788181e-01 2.1180926446e+01 4.8262528497e-03 4.8672387902e-03
5.8551654589e+01 5.8424177656e+01 5.0916652045e+01 9.9782282953e-01 1.3732924747e-01 6.6947286698e+02 2.2073266419e+01 8.5325782618e-01 1.1897932713e+01 5.7710453443e-03 6.2203628594e-03
2.7243651376e+01 1.9786477160e+01 2.0160673773e+01 7.2627845977e-01 5.4183166256e-02 2.4986936523e+02 2.7950186158e+01 -7.5519305220e-01 8.1349950036e+00 9.8829882553e-03 1.0472291164e-02
3.0713775700e+01 2.3975543556e+01 2.3587423175e+01 7.8061205467e-01 6.3561346664e-02 2.9505894189e+02 8.8450965186e+00 -9.3234599775e-01 1.3397523742e+01 1.3716881109e-02 1.7190180155e-02
2.8296521439e+01 2.8273946346e+01 2.4623723945e+01 9.9920219549e-01 9.6375499703e-02 4.5752376980e+02 1.5595930514e+01 -9.3647755688e-01 8.5015329814e+00 1.0591826274e-02 1.1836831943e-02
8.2959567013e+01 6.9932790876e+01 6.6259971781e+01 8.4297439577e-01 4.4927306548e-01 2.5713011484e+03 3.9331350700e+00 6.6726222819e-01 9.1438167578e+00 8.0332771944e-03 1.0000000000e+00
1.0104822227e+01 9.3962492953e+00 8.4816086507e+00 9.2987774396e-01 1.0099732591e-02 4.5096298847e+01 5.5015932707e+01 6.6801749534e-01 1.0473792343e+01 1.3527296498e-02 1.3915682220e-02
6.1977794215e+01 5.4366201462e+01 5.0511500335e+01 8.7718838901e-01 2.6805923362e-01 1.4089705114e+03 6.1767741611e+00 7.5687116262e-01 9.1555896773e+00 8.7358258191e-03 1.2916938657e-02
3.4495808525e+01 3.4248702479e+01 2.9922554412e+01 9.9283663560e-01 8.0302885820e-02 3.7711093681e+02 3.1182072799e+01 6.7760215154e-01 8.0337999533e+00 7.2986283392e-03 7.6842175672e-03
2.3528896973e+01 2.2296281982e+01 1.9937907458e+01 9.4761271671e-01 5.8468910958e-03 2.6022844417e+01 2.2830436591e+02 -2.1198147679e-02 1.5698065978e+01 4.6622520986e-03 4.6932580830e-03
8.2433021240e+01 3.6643471079e+01 4.7086183125e+01 4.4452417887e-01 2.1036850220e-01 1.0713589208e+03 9.7796715307e+00 -9.9174030138e-01 1.1411327342e+01 7.9098309976e-03 9.6344099318e-03
3.3586177987e+01 3.0766421235e+01 2.7978815319e+01 9.1604413122e-01 3.3578718880e-02 1.5257174079e+02 1.6460214701e+01 8.2900019417e-01 2.4565973568e+01 9.9431589466e-03 1.1037370489e-02
3.8489075854e+01 2.6812351749e+01 2.7875258270e+01 6.9662238322e-01 1.0848854743e-01 5.1916933228e+02 4.8177343541e+00 8.9643130832e-01 1.0852540820e+01 1.5122926986e-02 2.9408463375e-02
3.2206910511e+01 2.9291682043e+01 2.6732710261e+01 9.0948438016e-01 4.6255343009e-02 2.1210755605e+02 1.2827981989e+02 -9.6436688781e-01 9.2922703798e+00 4.7009533317e-03 4.7571307386e-03
2.5822623411e+01 2.3059815215e+01 2.1236509584e+01 8.9300822959e-01 2.6145924682e-02 1.1815254962e+02 1.1349660366e+02 -7.8912047245e-01 1.1895180362e+01 5.7526705647e-03 5.8305944597e-03
3.7904403647e+01 3.7583981451e+01 3.2857872877e+01 9.9154657071e-01 1.0791838585e-01 5.1624778786e+02 8.7672791753e+00 7.7107542996e-01 1.0817559152e+01 1.0905094174e-02 1.3704155075e-02
2.0742589501e+01 1.7680120302e+01 1.6660625983e+01 8.5235839532e-01 2.2296895189e-02 1.0047209929e+02 1.5239727529e+02 8.6310653796e-01 1.0519683073e+01 6.0084377929e-03 6.0686668586e-03
3.1459449949e+01 3.0479408767e+01 2.6956404103e+01 9.6884747879e-01 3.7665468967e-02 1.7165083682e+02 2.8095586178e+01 -5.5902799090e-01 1.3244752226e+01 8.3077205502e-03 8.8002417994e-03
6.4377012525e+01 5.7526728568e+01 5.2961087094e+01 8.9359114865e-01 3.7410150526e-01 2.0716533750e+03 3.0034354158e+00 -8.2719385334e-01 8.2948051449e+00 1.0570099244e-02 1.0000000000e+00
3.7494353755e+01 3.5563558120e+01 3.1786974667e+01 9.4850436290e-01 4.6155120275e-02 2.1163276720e+02 1.1498312757e+02 -9.2994076664e-01 1.0759465144e+01 4.3957162315e-03 4.4544704550e-03
1.0043360260e+01 4.6541959051e+00 5.8665826692e+00 4.6341023169e-01 3.1615911227e-03 1.4042553967e+01 5.3970117456e+02 8.5905448780e-01 1.5134590977e+01 7.2655028120e-03 7.2857994386e-03
5.3458353457e+01 4.8150286582e+01 4.4155270022e+01 9.0070650270e-01 8.6614727017e-02 4.0849989842e+02 9.6687864445e+00 9.5882297590e-01 2.3390242816e+01 8.8459590107e-03 1.0806887351e-02
6.4527921939e+01 3.7665070406e+01 4.2611581644e+01 5.8370189639e-01 9.8636469892e-02 4.6896271851e+02 3.7315564959e+01 9.0208066399e-01 1.1485068891e+01 5.4134414471e-03 5.6485829176e-03
5.1318622059e+01 9.4098646514e+00 1.7932321902e+01 1.8336160002e-01 5.1700490793e-02 2.3800042475e+02 5.0793471970e+00 9.1792536888e-01 1.0455164441e+01 2.0185402037e-02 3.6081113198e-02
6.8258305898e+01 5.2571058766e+01 5.2060320689e+01 7.7017819406e-01 2.5782047972e-01 1.3478160778e+03 2.3452193220e+00 -9.3627057208e-01 1.1024449386e+01 1.2388636384e-02 1.0000000000e+00
4.3017213567e+01 4.0754971929e+01 3.6448004433e+01 9.4741078162e-01 8.9144237967e-02 4.2114831426e+02 1.3145097138e+01 5.2044438224e-01 9.8642613635e+00 8.8748260033e-03 1.0168353853e-02
2.9867289973e+01 2.5064743954e+01 2.3800732245e+01 8.3920382388e-01 6.7338039647e-02 3.1341499589e+02 1.4199004260e+01 -8.7160021850e-01 1.0922969043e+01 1.1396364807e-02 1.2901906389e-02
2.9983576324e+01 2.0086154068e+01 2.1279091532e+01 6.6990521248e-01 2.5181723380e-02 1.1371429792e+02 2.1455996801e+02 -9.4023916632e-01 1.0483983461e+01 4.5276075032e-03 4.5596720192e-03
4.1271706968e+01 2.4329956663e+01 2.7396386811e+01 5.8950691527e-01 4.3326178192e-02 1.9825792121e+02 7.7015876557e+01 6.9623453810e-01 9.7864130922e+00 5.6154203733e-03 5.7288622936e-03
5.6754337834e+01 4.5693521966e+01 4.4280410560e+01 8.0511065251e-01 5.6899686926e-02 2.6290147357e+02 1.6348514597e+01 1.4057891894e-01 1.1663943295e+01 7.3784136761e-03 8.1971303846e-03
3.8820101438e+01 3.8068353274e+01 3.3465724196e+01 9.8063507985e-01 9.1590741598e-02 4.3341910794e+02 1.3216743858e+01 9.7300090663e-01 1.4419611273e+01 9.3290306744e-03 1.0679271537e-02
4.1776615516e+01 2.8736431742e+01 3.0058393061e+01 6.8785925778e-01 1.2137487763e-01 5.8571853022e+02 5.4926752426e+00 -8.6455081946e-01 1.0520841062e+01 1.3635746189e-02 2.2225978040e-02
3.2865841437e+01 2.0851610899e+01 2.2672924366e+01 6.3444628184e-01 4.9130718320e-02 2.2575679424e+02 7.0904645576e+01 9.7827963719e-01 1.0001302558e+01 6.4969125332e-03 6.6399364990e-03
3.9657926523e+01 3.9651322070e+01 3.4521355375e+01 9.9983346449e-01 1.7202170944e-01 8.5666141857e+02 7.0994774668e+00 -9.7613406318e-01 9.8912577088e+00 1.1048953970e-02 1.5076407846e-02
7.9550742757e+00 6.3249756264e+00 6.1670278847e+00 7.9508693536e-01 3.5193785904e-03 1.5635979405e+01 4.4041701546e+02 -5.2875657383e-01 1.0407818750e+01 7.5983739307e-03 7.6244157126e-03
3.8730275091e+01 3.6902852884e+01 3.2909698362e+01 9.5281669952e-01 7.4317442079e-02 3.4757384852e+02 6.8030979734e+01 -8.8321643585e-01 8.8355303825e+00 5.1507490446e-03 5.2691323530e-03
4.4993007624e+01 2.2547214327e+01 2.7405028263e+01 5.0112707546e-01 2.4787744974e-02 1.1190257185e+02 2.5834671420e+02 7.9667073881e-01 8.6770133895e+00 3.6062391902e-03 3.6274032079e-03
5.6573661724e+01 4.0907273388e+01 4.1770046256e+01 7.2307982445e-01 6.4574033446e-02 2.9997210397e+02 2.9668248732e+01 -2.2244775954e-01 8.3965437073e+00 6.0923628407e-03 6.4323791817e-03
7.9440041215e+01 7.0077655965e+01 6.4928130247e+01 8.8214526192e-01 3.0195580154e-01 1.6150930542e+03 6.7117304319e+00 7.2397636966e-01 1.0572937571e+01 7.1197475110e-03 1.0001383692e-02
3.1640489388e+01 2.7794558770e+01 2.5805558454e+01 8.7844907926e-01 4.9577207386e-02 2.2788103287e+02 2.0843027490e+01 -6.6209889157e-01 1.1766204925e+01 9.4810330257e-03 1.0269715222e-02
1.0216039393e+01 8.1366126090e+00 7.9267644503e+00 7.9645470190e-01 1.2078810514e-02 5.4013741202e+01 7.7140695971e+01 -8.7184835441e-01 9.4582838719e+00 1.2416393917e-02 1.2666807090e-02
8.4554557874e+01 8.3275263895e+01 7.3049626157e+01 9.8487019492e-01 2.7668988056e-01 1.4609230321e+03 3.8807786197e+00 4.1343748743e-01 1.1208141307e+01 8.2226448650e-03 1.0000000000e+00
8.4702523868e+01 5.5523385303e+01 5.9437114879e+01 6.5551040002e-01 5.9434552168e-01 3.5966751768e+03 3.8088984087e+00 8.8935344754e-01 8.1458285604e+00 8.1982445304e-03 1.0000000000e+00
3.0127583640e+01 2.2161598473e+01 2.2441757228e+01 7.3559163381e-01 4.2014340411e-02 1.9207333410e+02 3.8657044061e+01 -5.1415873690e-01 8.2100478460e+00 8.2438181811e-03 8.5885001230e-03
3.7800787885e+01 3.7782181507e+01 3.2899397094e+01 9.9950777803e-01 2.2834364116e-01 1.1747121924e+03 4.4977051300e+00 -9.9042191891e-01 8.0517187790e+00 1.3121447206e-02 2.9956344119e-02
3.4957959561e+01 3.3721032109e+01 2.9888448983e+01 9.6461671485e-01 3.9446676750e-02 1.8000058157e+02 3.9450457498e+01 3.6520611818e-01 1.0078359891e+01 6.8503100824e-03 7.1305257963e-03
8.5635887708e+01 8.5253251701e+01 7.4383594532e+01 9.9553182647e-01 3.3019322517e-01 1.7909711542e+03 4.1279034302e+00 4.4216660259e-01 1.0351489161e+01 7.7428747940e-03 2.8491806613e-02
4.2263997572e+01 3.2761620190e+01 3.2341462147e+01 7.7516614783e-01 3.2940553203e-02 1.4960231864e+02 1.1280233999e+02 9.3079823614e-01 1.5469589431e+01 4.4147345022e-03 4.4749124514e-03
3.1175198124e+01 2.9127892077e+01 2.6230287685e+01 9.3432901247e-01 4.7399925340e-02 2.1753442999e+02 8.1453990340e+00 1.3423368068e-01 8.3821038404e+00 1.3366150933e-02 1.7219126617e-02
6.2177423668e+01 5.4460110994e+01 5.0635963809e+01 8.7588239880e-01 1.8529061540e-01 9.3004419980e+02 4.0187672746e+00 4.3151386301e-01 9.6455941143e+00 1.0689526480e-02 7.9977502094e-02
2.1250644668e+01 1.8760206475e+01 1.7375218553e+01 8.8280646394e-01 4.1037866965e-02 1.8747705750e+02 3.6697909079e+01 -9.8656872079e-01 1.0561289985e+01 9.8697748589e-03 1.0306299241e-02
4.9458983865e+01 2.8425173416e+01 3.2395087882e+01 5.7472214742e-01 3.1492796825e-02 1.4287573214e+02 1.6838220802e+01 -3.5843623215e-01 1.7750111148e+01 9.0072831789e-03 9.9716167049e-03
3.7744300482e+01 2.8979076186e+01 2.8741269518e+01 7.6777356623e-01 1.0270834670e-01 4.8964198120e+02 4.9443926726e+00 7.4266236078e-01 1.0117244297e+01 1.4740908637e-02 2.7424226301e-02
4.4405325366e+01 4.2241282204e+01 3.7701009277e+01 9.5126613432e-01 6.1264525874e-02 2.8393975450e+02 7.3242815511e+01 -6.1262107058e-01 8.3913424594e+00 4.6373883468e-03 4.7360887639e-03
3.3509953732e+01 2.4560616123e+01 2.4914755735e+01 7.3293494581e-01 3.3008414709e-02 1.4991795528e+02 1.4966279191e+02 -6.7995180834e-01 8.2900457830e+00 4.6736129603e-03 4.7213337181e-03
2.6054278526e+01 2.2365975307e+01 2.1002680375e+01 8.5843771435e-01 6.2877227390e-02 2.9174353850e+02 2.7374230624e+01 -9.3345468824e-01 9.0517717328e+00 9.6592605613e-03 1.0248743060e-02
5.0857855423e+01 1.7580745260e+01 2.5338270618e+01 3.4568396787e-01 1.6974858487e-02 7.6187514193e+01 1.5471692667e+01 9.2579806066e-01 4.7552640664e+01 1.0937411831e-02 1.2235759652e-02
6.6544775964e+01 2.4483035401e+01 3.4304628183e+01 3.6791821816e-01 1.3435895073e-01 6.5376705882e+02 6.4102460440e+00 7.2878041395e-01 9.6514766298e+00 1.1763274161e-02 1.6975915870e-02
3.7329667100e+01 3.3224021053e+01 3.0647837899e+01 8.9001653735e-01 7.0056750244e-02 3.2668460877e+02 1.2967715009e+01 -3.5430798533e-01 8.0756735097e+00 1.0051197075e-02 1.1542128648e-02
6.4962162987e+01 3.6136991176e+01 4.1823269021e+01 5.5627752395e-01 1.3514836909e-01 6.5793619353e+02 1.0762422018e+01 9.1079517439e-01 1.3200430095e+01 8.5538249476e-03 1.0182121233e-02
6.9350379814e+01 6.7871489768e+01 5.9725125243e+01 9.7867509810e-01 6.4642765284e-02 3.0030579938e+02 4.7974433149e+01 -1.6276946247e-01 8.0549103295e+00 4.0685666821e-03 4.2035869883e-03
2.9141921050e+01 2.1547696980e+01 2.1765448384e+01 7.3940550944e-01 3.8034420378e-02 1.7337866693e+02 5.1470555047e+01 -6.1255495469e-01 9.0765784994e+00 7.5656991144e-03 7.7987413825e-03
7.3046564519e+01 5.7226500618e+01 5.6201416894e+01 7.8342494265e-01 1.5610603152e-01 7.6993618215e+02 2.4614282624e+01 5.9679975000e-01 8.1504175279e+00 5.1553715093e-03 5.5098791823e-03
3.0608580078e+01 2.9877238576e+01 2.6325672267e+01 9.7610665048e-01 3.5017937559e-02 1.5927830609e+02 1.3032163641e+02 -9.3770531789e-01 1.1710495151e+01 4.7501787715e-03 4.8060357563e-03
6.5294514083e+01 5.7765787769e+01 5.3444724358e+01 8.8469588266e-01 1.7781367775e-01 8.8857379946e+02 2.3725235898e+01 8.4094063152e-01 9.2742856840e+00 5.3315488645e-03 5.7137866371e-03
2.9125484727e+01 2.3733798824e+01 2.2864409872e+01 8.1488081817e-01 1.8383398023e-02 8.2596355354e+01 1.7117488520e+02 -3.7839755323e-01 8.9001905562e+00 4.7310894455e-03 4.7732264466e-03
6.6935524595e+00 4.6000000000e+00 4.8137395315e+00 6.8722849754e-01 2.3030519789e-03 1.0222545212e+01 1.3837633774e+03 -7.4573249918e-01 1.0589333424e+01 5.7789179840e-03 5.7851948111e-03
9.7486081507e+00 7.9796017437e+00 7.6704584439e+00 8.1853754099e-01 4.2632482309e-03 1.8951618913e+01 8.1295435699e+02 6.8739685172e-01 1.0427017529e+01 5.2659638688e-03 5.2757132111e-03
6.8328709931e+01 5.0329945579e+01 5.0932843703e+01 7.3658562601e-01 9.1379832849e-02 4.3235981702e+02 2.9184494676e+01 8.7002991886e-01 1.5859775899e+01 5.3318757535e-03 5.6349117907e-03
3.5580217370e+01 3.0477372027e+01 2.8650164757e+01 8.5658195142e-01 3.6816027811e-02 1.6767621065e+02 4.0690095610e+01 -7.1476345134e-01 1.5696989101e+01 6.9637706674e-03 7.2393056023e-03
3.2854022287e+01 2.9646102968e+01 2.7161735673e+01 9.0235839948e-01 5.2026190731e-02 2.3955524668e+02 1.2203171285e+02 9.8951761148e-01 8.8223732028e+00 4.7261057363e-03 4.7855425591e-03
3.0745625591e+01 2.6270644996e+01 2.4725932571e+01 8.5445147044e-01 3.3358792775e-02 1.5154811020e+02 1.8456611145e+02 9.9685060182e-01 1.0092449745e+01 4.3399664254e-03 4.3757727922e-03
2.8027697665e+01 1.6078005368e+01 1.8339724452e+01 5.7364702444e-01 3.7634795076e-02 1.7150722843e+02 2.9691827399e+01 6.8991837047e-01 9.3846056851e+00 1.0352221655e-02 1.0929474638e-02
8.1621725642e+01 6.4721776851e+01 6.3188643677e+01 7.9294791113e-01 6.0240868873e-01 3.6558107995e+03 3.2689013558e+00 9.5839228537e-01 8.9686965789e+00 8.3298534230e-03 1.0000000000e+00
3.1038861089e+01 1.6939591144e+01 1.9782263118e+01 5.4575427543e-01 3.3371329892e-02 1.5160645481e+02 1.2361911429e+02 -9.5370371582e-01 1.0017020695e+01 5.7983695872e-03 5.8703336492e-03
5.6203837563e+01 4.5927144782e+01 4.4184480002e+01 8.1715318337e-01 2.2860726932e-01 1.1762405877e+03 4.2297522972e+00 8.5213837896e-01 1.0902442513e+01 1.1165440829e-02 3.3286760142e-02
6.2596912431e+01 6.1580397228e+01 5.4049140202e+01 9.8376093703e-01 1.1184828311e-01 5.3642448527e+02 5.9107696673e+01 -9.1745516813e-01 9.0087560880e+00 3.8974699897e-03 4.0012408691e-03
7.1527938914e+01 6.9982904779e+01 6.1591766674e+01 9.7839957144e-01 5.1118916976e-01 2.9996371382e+03 3.6917329636e+00 -8.5322484975e-01 9.0667983384e+00 8.3884834988e-03 1.0000000000e+00
7.7026875424e+01 6.9074334224e+01 6.3481127385e+01 8.9675627946e-01 4.1518272652e-01 2.3418263436e+03 2.2374485097e+00 -8.6801543063e-01 9.3441050158e+00 1.0347909710e-02 1.0000000000e+00
6.5039523006e+01 4.1700902387e+01 4.5115720188e+01 6.4116248798e-01 1.3157770722e-01 6.3910752505e+02 1.9085214898e+00 -8.2006255562e-01 1.2520812252e+01 1.5636936559e-02 1.0000000000e+00
3.1884894572e+01 3.1258739848e+01 2.7483241605e+01 9.8036202623e-01 1.1106455177e-01 5.3239329030e+02 1.6408775754e+01 -9.5967460081e-01 8.6796757288e+00 9.6219400314e-03 1.0684836039e-02
3.4394674504e+01 3.1386742880e+01 2.8597088982e+01 9.1254658846e-01 1.2467958410e-01 6.0294414074e+02 9.0413818485e+00 8.0548238057e-01 8.0718126856e+00 1.1647656107e-02 1.4500083278e-02
3.3172163586e+01 2.9827549724e+01 2.7375818410e+01 8.9917408148e-01 3.1686095716e-02 1.4377304406e+02 1.7920323047e+02 -9.7699286129e-01 1.1188582029e+01 4.1218707984e-03 4.1569114308e-03
3.4011350910e+01 2.4148074029e+01 2.4875957589e+01 7.1000043759e-01 3.6131444447e-02 1.6447640117e+02 9.8868181836e+01 7.4665754835e-01 1.0146952808e+01 5.4547879716e-03 5.5399247165e-03
2.7872685446e+01 1.8727214109e+01 1.9811355793e+01 6.7188409760e-01 4.6688592847e-03 2.0761122154e+01 8.5580530612e+02 -4.4908615237e-01 8.2281051332e+00 2.8539372224e-03 2.8589555519e-03
6.1102714149e+01 5.1576055111e+01 4.8835625527e+01 8.4408779266e-01 1.2934795079e-01 6.2738747609e+02 3.4939246393e+01 9.9768303064e-01 1.1301471432e+01 5.0084153862e-03 5.2420573374e-03
4.4884823413e+01 4.1731026763e+01 3.7671740016e+01 9.2973579018e-01 1.8012058595e-01 9.0133607289e+02 2.6529461269e+00 8.5510226419e-01 8.6303900633e+00 1.5068110274e-02 1.0000000000e+00
4.9437234669e+01 1.4909977168e+01 2.2846135186e+01 3.0159407718e-01 5.6220667448e-02 2.5963955527e+02 5.1192883304e+00 -4.0571300726e-01 8.1025587978e+00 1.7252916453e-02 3.0511451944e-02
2.8843076720e+01 2.7602926960e+01 2.4562433555e+01 9.5700355506e-01 2.4149390372e-02 1.0896925320e+02 3.1526132104e+01 -8.0187304914e-01 2.3599918605e+01 8.5020282571e-03 8.9458087032e-03
7.5875658126e+01 6.3709304457e+01 6.0480514079e+01 8.3965406074e-01 3.7874940518e-01 2.1018612797e+03 7.0194945783e+00 7.7512935286e-01 8.3155943373e+00 7.0610297999e-03 9.6885188857e-03
3.2425053914e+01 3.1705427284e+01 2.7912304268e+01 9.7780646309e-01 1.1374335289e-01 5.4618714801e+02 1.5129987426e+01 9.3890603213e-01 8.6549719667e+00 9.8088540044e-03 1.1005815562e-02
3.2855206087e+01 2.9053772706e+01 2.6886440526e+01 8.8429738135e-01 5.8304368895e-02 2.6965871794e+02 4.6367017607e+01 7.2473741556e-01 9.0004110485e+00 6.8116507131e-03 7.0460439223e-03
3.4276886359e+01 2.7871317820e+01 2.6878783190e+01 8.1312280024e-01 8.5064361724e-02 4.0076704812e+02 5.3229922251e+00 -7.1019618114e-01 1.0413061054e+01 1.5103291906e-02 2.5456346201e-02
3.7748687041e+01 2.4703523382e+01 2.6465913419e+01 6.5442073138e-01 3.3677913744e-02 1.5303354007e+02 1.1662780420e+02 -8.5182966669e-01 1.1878694595e+01 4.9396920855e-03 5.0047634899e-03
6.5812610622e+01 5.5873066974e+01 5.2754448215e+01 8.4897205029e-01 2.1717241402e-01 1.1102800396e+03 2.2535630700e+01 -9.3091478604e-01 8.5284775440e+00 5.3683102615e-03 5.7764496050e-03
2.9868865312e+01 2.9833048339e+01 2.5986761668e+01 9.9880085929e-01 5.1826484808e-02 2.3860181247e+02 7.7186929160e+01 9.1646363209e-01 9.9260556871e+00 5.7697456170e-03 5.8860372360e-03
2.8024755960e+01 2.4957187245e+01 2.3015314274e+01 8.9054075192e-01 3.5096486019e-02 1.5964472166e+02 1.0662769709e+01 3.8457699351e-01 1.1626332668e+01 1.3208268600e-02 1.5755297281e-02
3.1052541951e+01 2.9067363919e+01 2.6151585536e+01 9.3607035346e-01 5.7141163804e-02 2.6406220573e+02 2.2533023783e+01 -6.5943218271e-01 1.0182297383e+01 9.0906316238e-03 9.7818614317e-03
6.9243690651e+01 5.5384602294e+01 5.3844112140e+01 7.9985052461e-01 9.7493788361e-02 4.6317764675e+02 2.7318513504e+01 5.0673973762e-01 1.0555025750e+01 5.2606167336e-03 5.5823908206e-03
6.3297725237e+01 5.2358864148e+01 5.0071766743e+01 8.2718397781e-01 1.0981216770e-01 5.2595918118e+02 1.5721859567e+01 -8.9068897707e-01 1.7253163647e+01 6.7252011314e-03 7.5079358264e-03
7.3116791246e+01 5.4392782430e+01 5.4780561686e+01 7.4391643155e-01 2.9665144880e-01 1.5824722607e+03 1.2181407300e+01 8.7487418430e-01 8.1999076996e+00 6.3478712871e-03 7.3697737641e-03
6.4185337288e+01 5.7262629106e+01 5.2760173810e+01 8.9214502137e-01 3.2674112523e-01 1.7692712905e+03 6.2675022906e+00 7.8487853369e-01 8.3931745179e+00 8.2191621698e-03 1.2033932941e-02
6.5235246830e+01 5.4907689248e+01 5.2063053753e+01 8.4168746064e-01 1.9592570463e-01 9.8955838263e+02 1.3616250722e+00 7.5186303786e-01 8.8112613956e+00 1.5676641129e-02 1.0000000000e+00
5.4957149805e+01 3.8098910475e+01 3.9702067379e+01 6.9324756851e-01 5.0193531983e-02 2.3081539793e+02 7.7903530004e+01 -7.6811541091e-01 1.2237701572e+01 4.4160631814e-03 4.5042217263e-03
7.7863462286e+01 6.2797997504e+01 6.0804074129e+01 8.0651432213e-01 6.6371908942e-01 4.1122221005e+03 4.5233435773e+00 -9.8279610622e-01 8.2642720169e+00 7.3788805010e-03 1.6566956476e-02
3.8716729401e+01 2.7844481634e+01 2.8506141543e+01 7.1918475720e-01 7.8523312394e-02 3.6830573440e+02 9.4284107873e+00 -9.4844659127e-01 1.4326123306e+01 1.1793733860e-02 1.4506528476e-02
3.6475663626e+01 2.5660207489e+01 2.6551529352e+01 7.0348843416e-01 9.2296837965e-02 4.3696746807e+02 2.1684716801e+01 -8.9072696127e-01 8.5667700357e+00 8.9504361535e-03 9.6616781438e-03
3.0009779641e+01 2.1899049965e+01 2.2262021671e+01 7.2973044875e-01 4.5170742286e-02 2.0697288841e+02 2.9725185242e+01 -9.2298393818e-01 1.3033371350e+01 9.1259718783e-03 9.6342164279e-03
4.5286686728e+01 4.2717175887e+01 3.8286309135e+01 9.4326123137e-01 2.2075539676e-01 1.1308743515e+03 3.7759221557e+00 8.8085779197e-01 9.0190719680e+00 1.2793577647e-02 1.0000000000e+00
3.7787736965e+01 3.0483359485e+01 2.9512150111e+01 8.0669979030e-01 1.0943297893e-01 5.2401295965e+02 8.7393865678e+00 -7.3135713952e-01 8.8243363346e+00 1.1666126601e-02 1.4675274764e-02
3.0646181514e+01 2.8438694245e+01 2.5696640434e+01 9.2796860292e-01 6.1888170158e-02 2.8695558121e+02 6.9666160641e+01 -8.5778343934e-01 8.0749729737e+00 6.0022707657e-03 6.1368523904e-03
2.2771999538e+01 1.6474002709e+01 1.6817486772e+01 7.2343241893e-01 1.7780543864e-02 7.9851754371e+01 3.6454845520e+02 9.0737984623e-01 8.8528938600e+00 4.3189481981e-03 4.3368545180e-03
3.1069524336e+01 2.1445794888e+01 2.2394885662e+01 6.9025179325e-01 4.2295187978e-02 1.9339643499e+02 2.0742356117e+01 -4.0270118970e-01 8.2756681200e+00 1.0423455623e-02 1.1295417512e-02
3.4782739728e+01 3.0460570977e+01 2.8323955147e+01 8.7573811653e-01 4.0601661020e-02 1.8542583142e+02 6.5367260253e+01 -6.5495896934e-01 1.1011222205e+01 5.8581653943e-03 5.9985386236e-03
3.4119477078e+01 2.9429583645e+01 2.7570844160e+01 8.6254497914e-01 6.6030006538e-02 3.0704729032e+02 1.5038921436e+01 6.5414344131e-01 1.0440022951e+01 1.0181864215e-02 1.1433680943e-02
5.4669822261e+01 3.7066035214e+01 3.9041496172e+01 6.7799809258e-01 5.2502645597e-02 2.4183096721e+02 9.5015274867e+01 7.7023261866e-01 1.0109538606e+01 4.1367061942e-03 4.2039675553e-03
3.4214227610e+01 1.7607051738e+01 2.1136564647e+01 5.1461198947e-01 2.0826411177e-02 9.3743397809e+01 2.7581037276e+02 -7.4302026549e-01 8.6032396229e+00 4.1490658949e-03 4.1718582692e-03
2.5644861403e+01 1.9233357991e+01 1.9294172607e+01 7.4998876727e-01 3.7256225197e-02 1.6973535333e+02 7.1457556838e+00 9.1177881872e-01 1.6662672041e+01 1.7113252208e-02 2.3278432930e-02
2.6618161895e+01 1.2426191610e+01 1.5609824405e+01 4.6683131836e-01 9.5625991647e-03 4.2680597058e+01 2.0107049091e+02 6.4268649452e-01 1.5924275101e+01 5.6847068249e-03 5.7277044380e-03
5.4343297072e+01 5.1703210563e+01 4.6142255900e+01 9.5141835975e-01 5.3684745549e-02 2.4748339203e+02 2.6332704214e+01 -3.0374398381e-01 1.2852911739e+01 6.0253044710e-03 6.4093177483e-03
5.8518306219e+01 5.0905570847e+01 4.7491054822e+01 8.6990848055e-01 1.5712131227e-01 7.7542582026e+02 1.9564928424e+00 7.7381980834e-01 1.1206785190e+01 1.4795246371e-02 1.0000000000e+00
1.4109156384e+01 1.2767456755e+01 1.1681224148e+01 9.0490575109e-01 1.0629239034e-02 4.7479599248e+01 2.1948755139e+02 -8.0542125272e-01 1.2399906381e+01 6.5893397052e-03 6.6349443998e-03
3.1570207039e+01 1.5818143679e+01 1.9227616384e+01 5.0104656138e-01 5.1969038087e-02 2.3928236289e+02 6.6767096875e+01 -9.9004662222e-01 8.1100982217e+00 7.3536770662e-03 7.5260304857e-03
6.0328767672e+01 5.2301896124e+01 4.8875791564e+01 8.6694786156e-01 5.0538495212e-02 2.3245885911e+02 1.0758112477e+02 8.6045793316e-01 1.0870257061e+01 3.4352124682e-03 3.4843710770e-03
1.6797854640e+01 9.4107194623e+00 1.0855186987e+01 5.6023341458e-01 1.8401422455e-02 8.2678452108e+01 4.3221546195e+01 -6.6676623420e-01 8.4680066603e+00 1.2627298283e-02 1.3095626657e-02
4.4521207109e+01 3.0461132933e+01 3.1944492414e+01 6.8419377889e-01 1.9684633815e-02 8.8528720923e+01 1.7995805059e+01 7.2109220752e-01 4.2687801622e+01 8.9267391932e-03 9.8091837422e-03
5.9115749542e+01 5.1106794138e+01 4.7825004314e+01 8.6452078395e-01 4.7239427622e-02 2.1677294301e+02 4.7486449550e+01 1.7814619930e-01 9.8841589610e+00 4.7412622638e-03 4.9003250048e-03
5.0049790428e+01 4.9270405841e+01 4.3230029104e+01 9.8442781517e-01 1.2544800043e-01 6.0695871099e+02 2.4821664835e+00 -8.4222809151e-01 1.4187946138e+01 1.4602082631e-02 1.0000000000e+00
4.6556476675e+01 4.3668116323e+01 3.9248381515e+01 9.3796007433e-01 1.1655815398e-01 5.6072750571e+02 1.3126472564e+01 7.8339631418e-01 1.1494576454e+01 8.3473916845e-03 9.5662714106e-03
3.4459850976e+01 2.4138834809e+01 2.5028812416e+01 7.0049156118e-01 3.8584065035e-02 1.7595434506e+02 5.1804107532e+01 -9.5368954264e-01 1.5390806806e+01 6.9140574360e-03 7.1255780428e-03
4.2286317879e+01 4.0866422945e+01 3.6188000164e+01 9.6642188288e-01 1.0302757093e-01 4.9126742939e+02 4.0451648072e+01 8.8452875670e-01 8.9056132860e+00 5.8023018165e-03 6.0333352755e-03
5.0201037176e+01 2.7549321731e+01 3.2088815044e+01 5.4877993127e-01 8.6237055155e-02 4.0661479454e+02 2.0771291573e+01 -6.0665621958e-01 8.4758946429e+00 8.1086395621e-03 8.7858618134e-03
3.6677572810e+01 2.4083588155e+01 2.5760118422e+01 6.5662982333e-01 6.4815711476e-02 3.0114559125e+02 1.8291075377e+01 -9.1479517386e-01 1.2403323766e+01 9.8785246319e-03 1.0836335951e-02
4.1163517778e+01 4.0817685881e+01 3.5684010506e+01 9.9159858254e-01 5.8313703135e-02 2.6970366254e+02 3.6864204178e+01 4.4155123641e-01 9.4112316323e+00 6.2196202759e-03 6.4933606405e-03
7.2611910424e+01 5.8855626722e+01 5.6847818778e+01 8.1055058844e-01 1.6335224628e-01 8.0924437622e+02 2.5274986311e+01 6.4518697389e-01 8.2353705492e+00 5.0483097669e-03 5.3852281895e-03
3.4789877377e+01 2.6533451737e+01 2.6401150005e+01 7.6267735726e-01 8.4031093574e-02 3.9562160236e+02 1.7645758833e+01 8.9896959435e-01 9.9005786116e+00 9.7502387611e-03 1.0736957737e-02
4.5799058094e+01 3.1089621173e+01 3.2727339805e+01 6.7882664988e-01 5.4335813925e-02 2.5060041810e+02 2.0093266675e+01 -9.9438991117e-01 2.1094422312e+01 8.2622008257e-03 8.9794166719e-03
8.8779191096e+00 4.6000000000e+00 5.5044868697e+00 5.1813943597e-01 2.5620084440e-03 1.1374226910e+01 1.6306709311e+03 6.5166968090e-01 8.8962914680e+00 4.9962115313e-03 5.0008151459e-03
1.7585063391e+01 1.6930442512e+01 1.5020503814e+01 9.6277403929e-01 6.2417779257e-03 2.7788721002e+01 4.8477769489e+02 9.3637228764e-01 2.0164072545e+01 4.1949373494e-03 4.2079914479e-03
2.6705320386e+01 2.4132916393e+01 2.2094616338e+01 9.0367447549e-01 8.1863415424e-02 3.8484852410e+02 6.3982190771e+00 8.2333977750e-01 8.9078412976e+00 1.5962899005e-02 2.3063521058e-02
5.6085174466e+01 5.5747244758e+01 4.8677621089e+01 9.9397470524e-01 1.9219419623e-01 9.6860668050e+02 9.8709220341e-01 9.7316348314e-01 8.5205666115e+00 1.8481570752e-02 1.0000000000e+00
3.3686660029e+01 3.3441211112e+01 2.9218868629e+01 9.9271376512e-01 1.2962019832e-01 6.2881690247e+02 4.3129295170e+00 -8.1368970836e-01 8.9851740098e+00 1.5127205423e-02 4.0458137977e-02
4.1673906711e+01 3.5636517468e+01 3.3528032735e+01 8.5512783133e-01 1.4144799845e-01 6.9133604988e+02 5.0515820931e+00 9.1147846826e-01 1.1472557165e+01 1.2997066338e-02 2.3412048924e-02
4.6074717880e+01 3.4390506680e+01 3.4579531895e+01 7.4640731974e-01 7.8965500481e-02 3.7049180968e+02 2.8159977885e+00 8.3784545784e-01 1.5840744256e+01 1.6440573355e-02 1.0000000000e+00
2.4366444329e+01 2.2751953015e+01 2.0495022665e+01 9.3374120197e-01 4.1801878012e-02 1.9107274283e+02 5.7544611402e+01 7.6156123341e-01 8.8755198136e+00 7.5166275785e-03 7.7224724396e-03
3.7873793206e+01 3.5128075811e+01 3.1748930716e+01 9.2750350143e-01 1.7521047334e-01 8.7420771685e+02 5.6354404123e+00 -9.0907489039e-01 8.5388153263e+00 1.2674178580e-02 2.0156018504e-02
4.1211438792e+01 2.8412110974e+01 2.9686673443e+01 6.8942293225e-01 1.3004422435e-01 6.3104410229e+02 1.6382534104e+01 -9.6289986422e-01 8.2925046798e+00 9.0780428476e-03 1.0082809426e-02
3.6126055049e+01 3.4742066730e+01 3.0840082356e+01 9.6169002355e-01 9.1132104682e-02 4.3111594881e+02 1.1439012713e+01 5.3417321100e-01 8.2133668847e+00 1.0367033450e-02 1.2182375045e-02
3.1954672538e+01 2.9661535776e+01 2.6797717782e+01 9.2823782628e-01 3.5612796513e-02 1.6205422957e+02 3.4612557396e+01 4.8314867954e-01 1.1888030477e+01 7.7205563818e-03 8.0844201822e-03
2.9892335600e+01 2.9401294801e+01 2.5807989615e+01 9.8357301999e-01 9.4270987905e-02 4.4690440869e+02 2.2473898010e+00 9.6974219723e-01 8.0575298038e+00 2.1293248778e-02 1.0000000000e+00
3.8394552514e+01 3.3619185217e+01 3.1263025577e+01 8.7562383242e-01 8.6662325143e-02 4.0873754121e+02 5.2841155863e+01 -9.2621819069e-01 8.5101888176e+00 5.8056736173e-03 5.9796051591e-03
3.6387516842e+01 3.2607737973e+01 2.9977817446e+01 8.9612429764e-01 8.6863543336e-02 4.0974231614e+02 1.5466083235e+01 5.8358168783e-01 8.1508132552e+00 9.4469957355e-03 1.0568921913e-02
2.7805476774e+01 2.3530486480e+01 2.2252172005e+01 8.4625365971e-01 3.5122840929e-02 1.5976767201e+02 1.5812155828e+02 9.9664239949e-01 9.8125633266e+00 4.9070603398e-03 4.9544366956e-03
2.9639826202e+01 2.8359417735e+01 2.5238254249e+01 9.5680108046e-01 7.1351242634e-02 3.3301917370e+02 4.5660293575e+01 -8.6102220149e-01 8.0454603776e+00 7.0729280093e-03 7.3203252514e-03
8.3326252482e+01 6.7575968630e+01 6.5253731479e+01 8.1098053275e-01 2.2650453959e-01 1.1640599809e+03 6.3885230458e+00 -8.3241352491e-01 1.5803689309e+01 7.5049706586e-03 1.0853645556e-02
7.7313642157e+01 6.0071737340e+01 5.9233540445e+01 7.7698754920e-01 4.6999112551e-01 2.7130077296e+03 3.4817033143e+00 7.9097488916e-01 8.3474678396e+00 8.9396873394e-03 1.0000000000e+00
4.1662061572e+01 2.7713656778e+01 2.9459085149e+01 6.6520128224e-01 8.9321780817e-02 4.2203756848e+02 1.7390588627e+01 -9.9522233594e-01 1.1913412489e+01 9.1267937289e-03 1.0066678888e-02
4.1386533612e+01 4.1187234070e+01 3.5942194357e+01 9.9518443500e-01 2.8233838843e-02 1.2778434317e+02 5.3828961054e+01 6.1893267562e-02 1.1287223167e+01 5.4699007160e-03 5.6306010323e-03
3.9244381559e+01 3.6788119604e+01 3.3074340424e+01 9.3741111832e-01 4.3267285662e-02 1.9798003627e+02 1.2019807445e+02 8.8325664267e-01 1.0836197386e+01 4.2245449774e-03 4.2785036363e-03
3.0042128827e+01 2.9283314660e+01 2.5820364232e+01 9.7474166458e-01 4.6724650029e-02 2.1433168500e+02 9.7565965026e+01 -8.5953198582e-01 9.2673142332e+00 5.3218435575e-03 5.4060464134e-03
8.4723612504e+01 7.2488301079e+01 6.8181466964e+01 8.5558557923e-01 1.3722150801e-01 6.6890228434e+02 9.9558723146e+00 -9.2795783999e-01 2.4564881182e+01 6.4818110975e-03 7.8590779687e-03
2.6878529911e+01 2.2898202902e+01 2.1583350786e+01 8.5191425937e-01 3.4284033565e-02 1.5585671699e+02 2.4687970499e+01 3.1357313164e-01 8.3136851003e+00 1.0040712705e-02 1.0728829753e-02
1.0143681825e+01 9.0228604867e+00 8.3255927220e+00 8.8950547172e-01 1.1618639528e-02 5.1937927951e+01 3.0227318577e+01 -9.0528744297e-01 1.2576518988e+01 1.7114960212e-02 1.8050658223e-02
4.9436516070e+01 4.6331456360e+01 4.1659132961e+01 9.3719096819e-01 1.5941474662e-01 7.8784796752e+02 4.5776665324e+00 7.1292734746e-01 1.1605922383e+01 1.1660335100e-02 2.5340993421e-02
5.6443798464e+01 3.0772802537e+01 3.5954242070e+01 5.4519368602e-01 6.6387439444e-02 3.0878625578e+02 5.7467973441e+01 -6.6000817978e-01 9.0231820814e+00 5.2160928394e-03 5.3591371575e-03
3.5883649157e+01 3.5587419135e+01 3.1109268721e+01 9.9174470744e-01 9.5501120149e-02 4.5310836879e+02 1.0900476498e+01 8.7886100189e-01 1.2015177185e+01 1.0472841823e-02 1.2431597627e-02
6.6419822296e+01 6.3927047172e+01 5.6724319079e+01 9.6246940991e-01 1.2462675754e-01 6.0266827769e+02 1.8942247021e+01 9.0315209394e-01 1.6436346124e+01 5.7530462758e-03 6.2882342454e-03
8.0505082291e+01 2.5887467562e+01 3.8544771557e+01 3.2156314639e-01 4.3366839379e-02 1.9844979451e+02 1.1638625024e+02 -6.0767006625e-01 8.5990895383e+00 3.8855817288e-03 3.9368759809e-03
7.0340043434e+01 4.2173545211e+01 4.7109082955e+01 5.9956666433e-01 2.6688141795e-01 1.4019090864e+03 8.6899160394e+00 9.1740773850e-01 8.9037792602e+00 8.0332173053e-03 1.0123564573e-02
5.3014061273e+01 2.8191872157e+01 3.3326633329e+01 5.3178103091e-01 7.2815399865e-02 3.4019667003e+02 4.9926393320e+01 -7.3240509896e-01 8.9133172645e+00 5.7441284617e-03 5.9268589080e-03
2.5577611060e+01 1.2897523732e+01 1.5630891873e+01 5.0425052212e-01 1.7836590936e-02 8.0106816446e+01 7.6140101058e+01 4.0751479435e-01 8.8931904523e+00 8.1334923615e-03 8.2997655863e-03
5.2191531014e+01 4.9379644937e+01 4.4191088969e+01 9.4612370969e-01 7.4167248698e-02 3.4683554820e+02 5.4100759392e+01 -6.4481553251e-01 9.6538116963e+00 4.6689083739e-03 4.8053496747e-03
3.3602056123e+01 2.1966505876e+01 2.3545627477e+01 6.5372505171e-01 7.7573870075e-02 3.6361602693e+02 1.7883618734e+01 -9.7603585862e-01 9.9336309469e+00 1.0459878548e-02 1.1501617308e-02
3.0833409241e+01 2.2800500014e+01 2.3029879227e+01 7.3947385566e-01 5.5715969096e-02 2.5721696071e+02 4.3815777427e+01 9.0471758200e-01 9.7576530085e+00 7.6764438528e-03 7.9570268479e-03
3.8648674865e+01 3.4997963417e+01 3.2009275396e+01 9.0554109655e-01 4.5788586502e-02 2.0989692617e+02 1.0679680747e+02 8.9627215501e-01 1.1031709044e+01 4.5005081622e-03 4.5653969556e-03
5.7672219807e+01 5.4350429052e+01 4.8734960591e+01 9.4240223862e-01 1.6920653179e-01 8.4121787003e+02 2.2827698575e+00 5.5860299225e-01 9.1188502449e+00 1.3651017925e-02 1.0000000000e+00
3.5455575046e+01 9.5735486722e+00 1.5408337791e+01 2.7001532650e-01 1.4437662509e-02 6.4676737600e+01 4.0966512711e+02 8.0353215237e-01 8.5945339267e+00 4.3754391393e-03 4.3915683112e-03
2.9410806948e+01 1.7471211422e+01 1.9601834391e+01 5.9404053255e-01 1.2081078050e-02 5.4023973487e+01 1.5879083894e+02 4.9871426655e-01 1.4489124454e+01 5.3785621172e-03 5.4302679470e-03
4.5087365760e+01 4.4568796540e+01 3.9024327955e+01 9.8849856915e-01 1.9587691330e-01 9.8928394181e+02 3.6599298526e+00 -7.8907348513e-01 9.1804057453e+00 1.2956263167e-02 1.0000000000e+00
2.9573579090e+01 1.8362247363e+01 2.0172781696e+01 6.2090040934e-01 4.5882138108e-02 2.1033988797e+02 3.7367200963e+01 9.3796112980e-01 1.0850032189e+01 8.9039240303e-03 9.2901022151e-03
3.6350611855e+01 3.3485108212e+01 3.0367045219e+01 9.2117041512e-01 2.1135652480e-02 9.5157243807e+01 1.6157545979e+02 5.8729532549e-01 1.2282359920e+01 4.0420458261e-03 4.0802219654e-03
3.5965356215e+01 3.4211696485e+01 3.0534890081e+01 9.5124030694e-01 1.8394719028e-02 8.2647919432e+01 1.5643838869e+02 -3.9920718345e-01 1.1441660669e+01 4.0841029449e-03 4.1239657494e-03
7.7429457508e+01 6.7327800938e+01 6.2824974049e+01 8.6953729375e-01 3.7033592453e-01 2.0472483906e+03 8.4809009962e+00 8.2305188026e-01 8.6448658202e+00 6.4477084986e-03 8.1904758970e-03
7.5095774558e+00 7.4258742923e+00 6.5009104528e+00 9.8885381182e-01 3.7364960217e-03 1.6603346399e+01 1.0454093435e+03 -6.6413977283e-01 8.8842728660e+00 5.3157820266e-03 5.3234294730e-03
3.7987574771e+01 3.6044756058e+01 3.2211126290e+01 9.4885646887e-01 9.1586872378e-02 4.3339967230e+02 2.6414737712e+01 9.9272103446e-01 1.1469120181e+01 7.3695037691e-03 7.8375529123e-03
4.1010375279e+01 4.0504436365e+01 3.5480562475e+01 9.8766314839e-01 1.6272515313e-01 8.0583089143e+02 5.5817470665e+00 7.3834095972e-01 8.8935154361e+00 1.1945785394e-02 1.9168014381e-02
3.6810065407e+01 3.3268718907e+01 3.0456801174e+01 9.0379407206e-01 9.4277302860e-02 4.4693623347e+02 1.6166350356e+01 -9.1511336469e-01 1.1092379557e+01 9.1608115314e-03 1.0191270379e-02
7.6760173028e+01 6.5837828578e+01 6.1850637236e+01 8.5770818356e-01 2.4871650368e-01 1.2938804359e+03 3.8673602089e+00 -5.3512662916e-01 1.1293283499e+01 9.2631829176e-03 1.0000000000e+00
8.7879963544e+00 4.7632574668e+00 5.5805944010e+00 5.4201859841e-01 3.9048418467e-03 1.7353631290e+01 5.6625832163e+02 9.1203809727e-01 1.2057656663e+01 7.3588023617e-03 7.3783907917e-03
8.6218745695e+00 8.1696632530e+00 7.3057603039e+00 9.4755069645e-01 7.6222813618e-03 3.3970409895e+01 5.7774884144e+02 -9.1477189015e-01 8.2947951157e+00 6.1576726603e-03 6.1737362422e-03
3.5477686343e+01 2.7778972852e+01 2.7288623761e+01 7.8299843412e-01 1.2125765374e-01 5.8510869300e+02 3.7371195098e+00 -9.5888647082e-01 9.4215552748e+00 1.6736512424e-02 1.0000000000e+00
3.7899405956e+01 3.2392049476e+01 3.0483300743e+01 8.5468488646e-01 2.8497014862e-02 1.2900044674e+02 1.8071437642e+02 -8.9926776017e-01 1.1856476560e+01 3.8493095551e-03 3.8817552192e-03
3.3115652723e+01 1.5822739987e+01 1.9663420483e+01 4.7780244949e-01 3.5971762369e-02 1.6373047207e+02 5.3055458764e+01 -6.0666663909e-01 8.3548987363e+00 7.9802702713e-03 8.2183309229e-03
3.2681498645e+01 2.8316042717e+01 2.6469043475e+01 8.6642424281e-01 3.8535535795e-02 1.7572685394e+02 2.0790883443e+01 1.9336394661e-01 8.8117321747e+00 9.4025063122e-03 1.0186932007e-02
4.0332320586e+01 3.1254708839e+01 3.0858465960e+01 7.7492959455e-01 6.3840026551e-02 2.9641034052e+02 5.8051288914e+01 -6.7119272113e-01 8.2124198402e+00 5.7257796548e-03 5.8811439644e-03
3.8371725776e+01 3.6840882037e+01 3.2730050962e+01 9.6010490257e-01 5.9491336691e-02 2.7537845006e+02 1.3873010938e+00 8.1393970953e-01 1.2027427863e+01 2.2442909728e-02 1.0000000000e+00
3.2148249269e+01 2.0840973053e+01 2.2428884904e+01 6.4827707657e-01 1.7077487093e-02 7.6654026100e+01 5.1909088163e+01 4.8230048080e-01 1.7601237591e+01 7.4964110240e-03 7.7252572674e-03
3.4706021919e+01 2.5956445445e+01 2.6073901410e+01 7.4789457305e-01 1.4840946234e-02 6.6503480965e+01 3.7127215515e+02 6.8683118182e-01 8.8044547250e+00 3.2670712092e-03 3.2803693190e-03
3.5200907064e+01 3.5070295463e+01 3.0587254070e+01 9.9628953876e-01 5.8978029632e-02 2.7290383692e+02 7.0701512874e+01 -9.4719394714e-01 1.0934443788e+01 5.3625064501e-03 5.4809105085e-03
3.5276970001e+01 3.2488361343e+01 2.9466593799e+01 9.2095101540e-01 4.0211668715e-02 1.8359296933e+02 1.8129140195e+02 -9.6181604131e-01 8.8094541344e+00 3.8993929687e-03 3.9321545510e-03
3.2592813757e+01 2.2999898742e+01 2.3763209369e+01 7.0567392287e-01 4.6633359463e-02 2.1389893140e+02 2.2984999701e+01 4.4350582991e-01 8.3502293542e+00 9.6397720085e-03 1.0356296551e-02
2.9766298892e+01 2.9333497858e+01 2.5723852904e+01 9.8546003199e-01 3.6898074762e-02 1.6805991157e+02 8.5332642336e+01 5.1202132356e-01 8.2501113463e+00 5.6423171235e-03 5.7448191151e-03
7.4190545452e+01 6.5378957516e+01 6.0605749560e+01 8.8123031200e-01 1.6067579982e-01 7.9469101485e+02 1.3794321447e+00 -3.4046837299e-01 8.1296310868e+00 1.4454984890e-02 1.0000000000e+00
3.1439934651e+01 3.0984287379e+01 2.7170852217e+01 9.8550737217e-01 7.5870510514e-02 3.5521648504e+02 3.2177632294e+01 -8.3573806852e-01 8.9720547796e+00 7.6811000365e-03 8.0731313110e-03
3.4360421176e+01 3.2487700480e+01 2.9083631205e+01 9.4549773747e-01 1.3588083403e-01 6.6180778845e+02 1.1279802041e+01 -9.1607152000e-01 8.1381396146e+00 1.0542517083e-02 1.2424031075e-02
7.4759468870e+01 6.9610988769e+01 6.2792928702e+01 9.3113273571e-01 1.1578128857e-01 5.5670974737e+02 2.2003954995e+00 -1.9689656693e-01 1.2082655458e+01 1.2163311501e-02 1.0000000000e+00
7.8328156819e+01 7.4461361327e+01 6.6479939432e+01 9.5063339100e-01 4.9483389400e-01 2.8850906939e+03 3.8797300012e+00 9.8452715316e-01 1.2043803629e+01 7.9034727373e-03 1.0000000000e+00
3.3718563548e+01 3.1069395585e+01 2.8172297236e+01 9.2143295312e-01 6.9989032426e-02 3.2635352331e+02 6.1777230195e+01 8.5535795689e-01 8.2239271143e+00 5.9000961388e-03 6.0500781034e-03
1.0603041236e+01 1.0201088757e+01 9.0534951705e+00 9.6209083124e-01 8.8348844473e-03 3.9410874496e+01 2.1952681174e+02 8.9694592702e-01 1.2291837432e+01 7.7350865193e-03 7.7886112096e-03
3.7216818651e+01 2.9781997337e+01 2.8946923571e+01 8.0022953106e-01 1.1164450830e-02 4.9890495423e+01 4.3147425180e+02 -8.1612686186e-01 1.0757763465e+01 2.8993292156e-03 2.9094733137e-03
5.1776105940e+01 2.5432273698e+01 3.1201527523e+01 4.9119711179e-01 1.6496204210e-01 8.1801718477e+02 8.4074314554e+00 9.2386391372e-01 8.1235983648e+00 1.1088357582e-02 1.4126884224e-02
4.3375334111e+01 3.1164273117e+01 3.1919970470e+01 7.1847914848e-01 3.9846670213e-02 1.8187846810e+02 1.6596973257e+02 8.1004975259e-01 8.3366309675e+00 3.8349971116e-03 3.8702424945e-03
3.0194079080e+01 2.7854444834e+01 2.5242452106e+01 9.2251347558e-01 7.6365982631e-02 3.5765787062e+02 1.7355181867e+01 8.1434617007e-01 9.3825519897e+00 1.0135090105e-02 1.1181366298e-02
3.9632630742e+01 3.6122049025e+01 3.2931633532e+01 9.1142193565e-01 1.5026428518e-01 7.3846375778e+02 1.2917645313e+01 -9.8900899472e-01 9.0679870619e+00 9.1985667937e-03 1.0569881090e-02
7.5626518740e+01 4.3652170622e+01 4.9647273176e+01 5.7720719332e-01 9.3973192730e-02 4.4540392057e+02 5.5386398466e+01 -7.6355726898e-01 9.2442951586e+00 4.2543260464e-03 4.3756127107e-03
4.5372666801e+01 4.5362720955e+01 3.9494871176e+01 9.9978079652e-01 5.4004108471e-02 2.4901202050e+02 2.0670494872e+01 -4.2294310543e-01 1.3618292896e+01 7.2702573954e-03 7.8808975184e-03
7.2124715106e+01 6.1675691277e+01 5.8026636223e+01 8.5512561383e-01 2.3093899301e-01 1.1897745636e+03 6.8685386530e+00 9.1122923230e-01 1.4186149924e+01 7.8420870730e-03 1.0880103462e-02
1.9360799728e+01 1.5678010289e+01 1.5150210706e+01 8.0978113040e-01 1.8147799195e-02 8.1523461171e+01 2.8546126644e+02 -8.4219773777e-01 8.7141349381e+00 5.0518111843e-03 5.0786152987e-03
3.0673231530e+01 2.2183363029e+01 2.2649171264e+01 7.2321571357e-01 9.5006410806e-03 4.2402071945e+01 3.2897348145e+02 -2.8999338059e-01 9.6003753844e+00 3.7455110887e-03 3.7627334142e-03
3.6711377380e+01 3.5792900886e+01 3.1556281346e+01 9.7498114863e-01 3.4485793486e-02 1.5679700560e+02 1.3697463389e+02 9.8573018376e-01 1.3476229528e+01 4.1643691297e-03 4.2109101306e-03
1.0326809596e+01 1.0274768816e+01 8.9673235133e+00 9.9496061399e-01 7.2010356034e-03 3.2082769998e+01 8.4591776031e+02 9.8793058266e-01 9.4761262338e+00 4.6968945857e-03 4.7052504000e-03
8.2967152613e+01 8.0153697854e+01 7.0989800194e+01 9.6608953458e-01 6.6604698816e-01 4.1297802283e+03 3.8228223508e+00 8.8218040231e-01 9.5583452058e+00 7.1281150302e-03 1.0000000000e+00
2.9265032492e+01 2.0585147424e+01 2.1301414796e+01 7.0340422241e-01 3.4053924453e-02 1.5478463433e+02 3.9777955409e+00 3.5356577479e-01 1.0089270015e+01 2.0077519156e-02 1.0000000000e+00
5.8239869563e+01 4.4850823531e+01 4.4417140642e+01 7.7010515078e-01 1.5360996356e-01 7.5646481203e+02 2.2481891978e+01 -7.8607833471e-01 8.5471244265e+00 6.1869616552e-03 6.6586292676e-03
4.8078202191e+01 4.3508666481e+01 3.9805927997e+01 9.0495618594e-01 1.7342188644e-01 8.6435898412e+02 7.8963687541e+00 -6.9254371863e-01 8.4690939680e+00 9.7053063626e-03 1.2648732633e-02
2.8340880076e+01 2.1233901300e+01 2.1311485087e+01 7.4923224838e-01 1.3995933301e-02 6.2677098603e+01 2.5696112293e+02 -5.3799386236e-01 1.0589925757e+01 4.2566138630e-03 4.2817309137e-03
8.5606217739e+01 4.5043064636e+01 5.3512906360e+01 5.2616580694e-01 4.3683860694e-01 2.4870601744e+03 2.9007487800e+00 9.8451383798e-01 8.7229512872e+00 1.0346962355e-02 1.0000000000e+00
5.6158551880e+01 5.1816013356e+01 4.6953032313e+01 9.2267360217e-01 1.5946655366e-01 7.8812891895e+02 2.4855816292e+01 -7.4615559659e-01 8.0086480760e+00 5.7369896000e-03 6.1271621927e-03
6.6153831099e+01 4.3589026570e+01 4.6546180505e+01 6.5890403996e-01 2.9912399741e-01 1.5976613293e+03 4.8132672484e+00 7.4951595439e-01 8.1029144900e+00 9.9436674825e-03 1.9369753899e-02
3.1643558564e+01 1.7577985324e+01 2.0357366835e+01 5.5549963790e-01 4.9239292518e-02 2.2627323412e+02 2.3019328477e+01 -7.9551498426e-01 9.9047292641e+00 1.0595913551e-02 1.1382167123e-02
8.2583718095e+01 7.4862068197e+01 6.8433309490e+01 9.0649912505e-01 3.2183549346e-01 1.7385287675e+03 2.6574891398e+00 5.8468939733e-01 9.7885230745e+00 9.6597488654e-03 1.0000000000e+00
7.0432965788e+01 6.9651362693e+01 6.0974106594e+01 9.8890287970e-01 3.3171087757e-01 1.8005283630e+03 1.3125038357e+01 -9.3052661192e-01 8.5370511791e+00 5.6775491759e-03 6.5066974086e-03
2.9551266896e+01 2.2316031803e+01 2.2311929015e+01 7.5516328562e-01 4.3427161524e-02 1.9873446431e+02 5.1547531468e+01 6.0938042597e-01 8.1682725011e+00 7.4210995091e-03 7.6493268214e-03
3.8488714367e+01 3.0312395088e+01 2.9692933538e+01 7.8756579913e-01 8.6850235485e-02 4.0967585621e+02 4.3978472248e+01 8.9386519052e-01 8.3615798327e+00 6.4223125142e-03 6.6561279854e-03
6.4664256686e+01 6.2980369908e+01 5.5554749114e+01 9.7395954327e-01 1.2863409436e-01 6.2364146218e+02 1.6200099474e+01 7.2593952118e-01 1.3710762783e+01 6.1667329241e-03 6.8586399686e-03
3.3156366433e+01 2.7512102791e+01 2.6270105823e+01 8.2976832961e-01 2.9817772211e-02 1.3511039510e+02 4.4887182169e+01 6.1537434403e-01 1.5056819686e+01 7.1160007702e-03 7.3694770736e-03
4.6203540492e+01 4.2246792100e+01 3.8453998238e+01 9.1436265815e-01 7.1938162857e-02 3.3589472056e+02 5.9922121567e+01 -9.1007398574e-01 1.1399125099e+01 4.9077341393e-03 5.0365408004e-03
4.8387330371e+01 4.7716615714e+01 4.1830449686e+01 9.8613863067e-01 7.3914803445e-02 3.4559493006e+02 7.7956539643e+00 -8.0342072953e-01 2.2913142224e+01 9.9927968640e-03 1.3088783581e-02
3.8848761506e+01 2.2921260721e+01 2.5799652476e+01 5.9001264990e-01 2.9628131296e-02 1.3423239184e+02 5.3200664957e+01 -8.7642119787e-01 1.8899832436e+01 6.7533294319e-03 6.9542086761e-03
3.2980202852e+01 2.6290871956e+01 2.5601559863e+01 7.9717132347e-01 4.2373071293e-02 1.9376344174e+02 1.3048150213e+02 9.5688295830e-01 9.6627935844e+00 4.8101528966e-03 4.8666443107e-03
6.4525530593e+01 5.1278848211e+01 5.0010006557e+01 7.9470633934e-01 6.3184875879e-02 2.9323410859e+02 1.0515907311e+02 -9.5135036988e-01 9.6824564982e+00 3.3899020414e-03 3.4395597967e-03
6.6489219392e+01 5.3308802360e+01 5.1765470615e+01 8.0176610354e-01 1.3315361508e-01 6.4740836170e+02 7.4052086342e+00 -4.3116198937e-01 1.1223900304e+01 8.6226083209e-03 1.1538816017e-02
1.1051847241e+01 7.4775917039e+00 7.8839800906e+00 6.7659202494e-01 1.3641256865e-02 6.1072480106e+01 5.3670968719e+01 8.7249136267e-01 8.8700835375e+00 1.4260174230e-02 1.4680425155e-02
1.3904561156e+01 8.1199438233e+00 9.1842766161e+00 5.8397699377e-01 8.9243376197e-03 3.9812607636e+01 7.0719797713e+02 9.5030195533e-01 8.2798398990e+00 4.9434272036e-03 4.9539534002e-03
3.1349620318e+01 2.6294171921e+01 2.4974946196e+01 8.3873972488e-01 2.5594502566e-02 1.1561358198e+02 1.1372803159e+02 5.4341678737e-01 1.0523246758e+01 5.1960134745e-03 5.2662502635e-03
3.3964759193e+01 3.0583748743e+01 2.8050093460e+01 9.0045533871e-01 7.5122163270e-02 3.5153199202e+02 1.6896901815e+01 5.8033983757e-01 8.3696486559e+00 9.5912013474e-03 1.0613744792e-02
7.6730936204e+01 6.3377379616e+01 6.0652692258e+01 8.2596906478e-01 2.7856798187e-01 1.4722767607e+03 8.8905589258e+00 -7.2523877198e-01 9.3562077210e+00 6.7622099654e-03 8.4611153279e-03
8.3579549603e+01 7.6351947263e+01 6.9528888396e+01 9.1352427269e-01 6.5236859143e-01 4.0268459637e+03 2.0808312601e+00 -9.7515356837e-01 8.4558834563e+00 9.1182560470e-03 1.0000000000e+00
2.6830842923e+01 2.3184493213e+01 2.1700938489e+01 8.6409857787e-01 5.0084743274e-02 2.3029726952e+02 7.6463793501e+00 9.9035306840e-01 1.6174709028e+01 1.5383689743e-02 2.0307584054e-02
8.1150115561e+01 7.0844646052e+01 6.5976911622e+01 8.7300733416e-01 1.2266920743e-01 5.9245746641e+02 1.6016922193e+01 6.4853775434e-01 1.5739071100e+01 5.5805399621e-03 6.2154260504e-03
7.4612680702e+01 7.0277645674e+01 6.3033297975e+01 9.4189948697e-01 3.6650005839e-01 2.0224512526e+03 5.0098254196e+00 -5.8193429367e-01 8.2749488573e+00 7.8523557641e-03 1.4316639120e-02
3.2172889013e+01 2.1507718101e+01 2.2807997360e+01 6.6850440730e-01 4.5131374980e-02 2.0678666059e+02 4.3717498989e+01 -9.1879298840e-01 1.2037514006e+01 7.7783723247e-03 8.0633638699e-03
4.3927916730e+01 3.5255039773e+01 3.4217694709e+01 8.0256571213e-01 8.7499936813e-02 4.1292176482e+02 3.2993114073e+01 -8.7555977198e-01 1.0554462580e+01 6.5439053633e-03 6.8688680963e-03
7.3056456973e+01 6.9850375574e+01 6.2185024888e+01 9.5611501664e-01 8.2277866302e-02 3.8690603946e+02 3.2255399964e+01 -9.4505123909e-02 8.1197216329e+00 4.5570045574e-03 4.7889723271e-03
2.3026412544e+01 1.8720803392e+01 1.8055310210e+01 8.1301433109e-01 2.0139278917e-02 9.0604117303e+01 2.7400227067e+02 -9.9112288729e-01 1.0681569286e+01 4.5916911358e-03 4.6170831580e-03
4.4262839167e+01 4.1734501665e+01 3.7413100051e+01 9.4287900303e-01 1.6519519417e-01 8.1928898767e+02 7.7270999975e+00 -7.5957181510e-01 8.8635290617e+00 1.0215874657e-02 1.3428194205e-02
2.5773438013e+01 1.9160063358e+01 1.9303120640e+01 7.4340347411e-01 4.1358259464e-02 1.8898446738e+02 2.7749329588e+00 -7.8218501206e-01 9.2948624040e+00 2.4332332951e-02 1.0000000000e+00
3.2915647258e+01 2.7888140451e+01 2.6357671870e+01 8.4726088573e-01 5.7826906495e-02 2.6736046566e+02 9.9595809003e+01 -9.5461550517e-01 8.3496038569e+00 5.1791001455e-03 5.2593265622e-03
5.2701139958e+01 4.5052567387e+01 4.2393286403e+01 8.5486893496e-01 6.9540453538e-02 3.2416106310e+02 5.1397039636e+01 -5.7780972274e-01 9.4736910063e+00 4.8979011458e-03 5.0489968369e-03
8.1758457209e+01 6.3741710916e+01 6.2748181401e+01 7.7963446342e-01 1.6949226909e-01 8.4278335474e+02 2.4989951906e+01 6.3257890630e-01 8.5257075232e+00 4.7507223429e-03 5.0718615525e-03
3.9052361935e+01 3.6125868868e+01 3.2693464427e+01 9.2506232856e-01 1.0116425855e-01 4.8178839888e+02 4.0529480032e+01 -8.8761608344e-01 8.1876522808e+00 6.1845905055e-03 6.4303376447e-03
2.5245561493e+01 2.3499401299e+01 2.1201136914e+01 9.3083298248e-01 3.6163363397e-02 1.6462552539e+02 4.3580501359e+01 -7.1913450662e-01 1.1007461459e+01 8.1953790505e-03 8.4966581300e-03
8.4371798869e+01 5.5795896597e+01 5.9477150690e+01 6.6130979006e-01 5.4037490566e-01 3.2064478928e+03 3.9492488072e+00 8.5116374067e-01 8.4703922722e+00 8.2602356739e-03 1.0000000000e+00
7.7856127664e+01 4.7550092058e+01 5.2650522029e+01 6.1074309093e-01 2.1916395221e-01 1.1217186939e+03 1.8976960896e+01 8.8825558970e-01 8.7405150521e+00 5.7269085455e-03 6.2585159065e-03
7.1754898368e+01 5.1276303332e+01 5.2657217173e+01 7.1460352530e-01 1.6836727774e-01 8.3662244229e+02 4.1743590227e+00 -9.0346791778e-01 1.9483410213e+01 1.0376508899e-02 3.4137426460e-02
5.2828467849e+01 4.8420468014e+01 4.4021020420e+01 9.1656014239e-01 2.5658305055e-01 1.3404605545e+03 3.3366894095e+00 8.0540372347e-01 8.6321443344e+00 1.2061331670e-02 1.0000000000e+00
7.6024720544e+01 7.4174929127e+01 6.5372244978e+01 9.7566855355e-01 3.1624536279e-02 1.4348725264e+02 6.6456553209e+01 4.6900193901e-01 1.8164034642e+01 3.4705407588e-03 3.5522790461e-03
2.6006837048e+01 1.3915364043e+01 1.6402361142e+01 5.3506560669e-01 9.8574217658e-03 4.4006290665e+01 1.2724557526e+02 7.5606902199e-01 2.2163940565e+01 6.5418520032e-03 6.6206780915e-03
4.4090486895e+01 4.2941959703e+01 3.7879114195e+01 9.7395068024e-01 5.4025085597e-02 2.4911245024e+02 1.2017901257e+02 -8.4749395931e-01 8.7711015577e+00 3.8565883078e-03 3.9058551802e-03
2.1489305783e+01 1.9844422569e+01 1.7974449371e+01 9.2345573047e-01 7.9380395050e-03 3.5386135467e+01 4.7567962474e+02 7.1538824749e-01 1.3417896086e+01 3.7724361054e-03 3.7844012748e-03
2.7409438374e+01 2.3092857303e+01 2.1885902554e+01 8.4251479316e-01 2.5901994786e-02 1.1702915098e+02 3.1116632503e+01 4.9451472778e-01 1.3237975226e+01 9.1728557043e-03 9.6585820842e-03
8.4441634262e+01 4.3660684358e+01 5.2297015259e+01 5.1705162673e-01 1.4099133801e-01 6.8890715867e+02 2.3408786837e+01 -7.2915529491e-01 1.0101120144e+01 5.5405658556e-03 5.9439043904e-03
3.3140231906e+01 3.1830273053e+01 2.8273156425e+01 9.6047224844e-01 4.6930028108e-02 2.1530545558e+02 3.4649378924e+00 1.8807518556e-01 9.4270025963e+00 1.7578324497e-02 1.0000000000e+00
1.1757486768e+01 1.0891462714e+01 9.8498771068e+00 9.2634275757e-01 1.2402575754e-02 5.5475085588e+01 1.4259801078e+02 -7.4720302144e-01 9.2792653078e+00 8.6077205548e-03 8.7000517454e-03
1.4916646738e+01 1.3014537522e+01 1.2123893054e+01 8.7248412801e-01 1.2768301152e-02 5.7126667244e+01 4.2853048811e+01 3.8402649355e-01 9.9429304137e+00 1.1863353541e-02 1.2307396897e-02
3.4318721357e+01 2.3689718362e+01 2.4737531536e+01 6.9028557667e-01 2.9860311877e-02 1.3530737860e+02 6.8640454042e+00 3.8267256923e-01 1.6252338152e+01 1.4940633447e-02 2.0735719258e-02
3.2209114870e+01 2.9724099484e+01 2.6931948401e+01 9.2284744872e-01 1.1542296966e-02 5.1593687201e+01 4.0221696087e+02 6.0332912391e-01 9.2328415606e+00 3.1132622981e-03 3.1249526940e-03
4.4001285642e+01 4.3295094343e+01 3.7996464383e+01 9.8395066669e-01 9.0672346318e-02 4.2880845366e+02 4.8506184011e+01 8.7398341654e-01 9.6282018716e+00 5.2947858103e-03 5.4684554432e-03
6.4485577246e+01 6.4159932969e+01 5.5995995410e+01 9.9495012233e-01 1.0891853707e-01 5.2137391972e+02 2.1522357166e+01 9.9562879102e-01 1.9201218874e+01 5.5773342460e-03 6.0243911509e-03
3.3806595083e+01 3.3282995332e+01 2.9201373118e+01 9.8451190516e-01 7.8136606698e-02 3.6639494927e+02 4.4087206614e+01 9.2122342614e-01 9.3569883920e+00 6.5163643413e-03 6.7529790753e-03
2.5467221326e+01 2.4480113675e+01 2.1735745055e+01 9.6124007251e-01 4.3810297651e-02 2.0054309537e+02 7.5692676756e+01 8.8291043327e-01 9.4643506937e+00 6.5298465609e-03 6.6641555693e-03
4.6283193297e+01 3.6665442398e+01 3.5813461357e+01 7.9219776741e-01 9.0607972143e-02 4.2848546773e+02 1.9395584962e+01 5.3033361024e-01 8.5796316700e+00 7.7483692473e-03 8.4493892257e-03
3.3989628319e+01 2.1104801880e+01 2.3185425896e+01 6.2091887801e-01 3.0230162216e-02 1.3702050362e+02 7.9762828762e+01 4.2987085641e-01 8.3838693311e+00 6.2001500645e-03 6.3209352027e-03
3.9033301712e+01 2.1958130553e+01 2.5279275584e+01 5.6254863385e-01 3.7525083555e-02 1.7099363355e+02 6.2235113672e+01 -5.0561209320e-01 8.9637663352e+00 6.4184537606e-03 6.5803558018e-03
2.8675991913e+01 8.9187543535e+00 1.3479325456e+01 3.1101816393e-01 1.3889848134e-02 6.2197062313e+01 2.0269867349e+02 -5.1203978910e-01 8.0336076566e+00 6.1953353476e-03 6.2418136174e-03
8.1495521473e+01 7.2933615329e+01 6.7095136741e+01 8.9494016371e-01 3.0142226743e-01 1.6118058704e+03 3.0828091008e+00 8.5029619255e-01 1.4411277826e+01 9.3405501943e-03 1.0000000000e+00
8.5137764394e+01 5.6449203942e+01 6.0098465288e+01 6.6303366484e-01 5.6436357220e-01 3.3786736925e+03 4.0372580267e+00 8.3329341001e-01 8.1992419559e+00 8.0609760426e-03 4.6715674850e-02
3.6577430726e+01 3.0238043960e+01 2.8925756284e+01 8.2668583769e-01 1.8272063865e-02 8.2089304285e+01 5.6599949552e+01 6.6472842029e-02 1.3757101673e+01 6.1858143478e-03 6.3581885151e-03
6.6824753005e+01 6.4846098687e+01 5.7305301275e+01 9.7039039834e-01 2.0448645284e-01 1.0379094591e+03 1.0599888789e+01 5.8104755627e-01 9.1069704650e+00 6.8086310698e-03 8.1324529898e-03
3.5060484629e+01 3.0052813297e+01 2.8241508494e+01 8.5717050450e-01 4.9105013946e-02 2.2563454092e+02 4.2782420212e+01 6.7671683295e-01 1.0938369616e+01 6.8450945907e-03 7.1017580046e-03
4.7050499251e+01 3.5295483411e+01 3.5403120151e+01 7.5016171927e-01 2.5565200336e-02 1.1547871907e+02 1.7240128160e+02 -6.9580152278e-01 1.1280941009e+01 3.5744979306e-03 3.6061037009e-03
7.7287021424e+01 5.4820763236e+01 5.6499591366e+01 7.0931396016e-01 2.9378572819e-01 1.5649044085e+03 2.6954907480e+00 -6.6965833038e-01 8.8503845846e+00 1.0977141478e-02 1.0000000000e+00
4.7689195632e+01 4.2193103629e+01 3.9035706775e+01 8.8475184095e-01 1.6955415020e-01 8.4312244631e+02 7.3230638772e+00 -6.7996270736e-01 8.4832351681e+00 1.0127084791e-02 1.3619690733e-02
3.7987506564e+01 3.0306161774e+01 2.9500334945e+01 7.9779286707e-01 4.2820762160e-02 1.9587384287e+02 4.4371588172e+01 -3.9555455058e-01 9.1394926631e+00 6.5952838687e-03 6.8331258582e-03
3.2318382533e+01 2.7323906441e+01 2.5851430712e+01 8.4546020870e-01 4.4723977711e-02 2.0486004862e+02 1.4380590763e+01 -7.0622564512e-01 1.5039690048e+01 1.0916304188e-02 1.2335553055e-02
2.8504880500e+01 2.4016218439e+01 2.2760801377e+01 8.4253005163e-01 4.5053404084e-02 2.0641784731e+02 4.1680427255e+01 -9.6829139269e-01 1.2833490377e+01 7.9294380685e-03 8.2351884220e-03
2.8180942052e+01 2.6614095468e+01 2.3839222367e+01 9.4440048949e-01 2.6168793564e-02 1.1825789050e+02 3.7228224174e+01 4.7338014510e-01 1.3522335058e+01 8.1287603099e-03 8.4827421037e-03
6.4199040325e+01 6.4052102177e+01 5.5824508207e+01 9.9771120958e-01 3.6814170335e-01 2.0330558956e+03 4.2501354620e+00 6.3378368082e-01 8.0311652006e+00 9.0037247853e-03 2.6046988977e-02
3.1296234918e+01 2.0864227053e+01 2.2154826338e+01 6.6666891746e-01 5.4098949311e-03 2.4069889796e+01 1.0959545545e+02 -4.5504328189e-01 4.0429960835e+01 5.7493182251e-03 5.8300407699e-03
3.4065539534e+01 2.5615504762e+01 2.5663957725e+01 7.5194771939e-01 5.7201860157e-02 2.6435401977e+02 3.6205765514e+01 7.9811242493e-01 1.0212068683e+01 7.6993333631e-03 8.0448817411e-03
1.1312413957e+01 1.1234624305e+01 9.8140983376e+00 9.9312351440e-01 7.5451446749e-03 3.3624663944e+01 1.4346412119e+02 -9.6513292743e-01 1.9130488843e+01 8.6336647297e-03 8.7257041251e-03
5.4804513579e+01 4.5557116165e+01 4.3462028309e+01 8.3126576973e-01 1.2285101354e-01 5.9340483482e+02 2.5915698130e+00 6.5477099639e-01 1.2021368838e+01 1.4340509193e-02 1.0000000000e+00
7.9201091374e+01 6.2852009637e+01 6.1339475339e+01 7.9357504482e-01 4.3956146983e-01 2.5054545446e+03 3.5058344981e+00 -7.9854891811e-01 9.3220385979e+00 8.8387844855e-03 1.0000000000e+00
3.2864101214e+01 2.4486974688e+01 2.4642559913e+01 7.4509795744e-01 2.4901135178e-02 1.1242389612e+02 6.3964543778e+01 7.2607526001e-01 1.6937710280e+01 6.5044957005e-03 6.6639299126e-03
8.4708722166e+01 7.4043323462e+01 6.8913539204e+01 8.7409326417e-01 3.9617982354e-01 2.2159691019e+03 4.0482130884e+00 5.9651736856e-01 9.8127585520e+00 7.9372175884e-03 4.1802782535e-02
8.3212514354e+01 8.0579608290e+01 7.1283608418e+01 9.6835925361e-01 1.6627554085e-01 8.2518607059e+02 4.7672999529e+00 8.9880030005e-01 2.8480036102e+01 8.1789826423e-03 1.6225180111e-02
4.0046880749e+01 3.7049157971e+01 3.3527549251e+01 9.2514466240e-01 1.3436914907e-01 6.5382089590e+02 2.0745547461e+01 9.6897879817e-01 8.7899676201e+00 7.6820348066e-03 8.3245516390e-03
7.8603306937e+01 5.4186798209e+01 5.6619684075e+01 6.8937046443e-01 1.1583922300e-01 5.5700924602e+02 1.0356625197e+01 -2.2378582917e-01 9.9302633185e+00 7.2586896793e-03 8.7167602367e-03
3.8952008782e+01 3.6729910473e+01 3.2925426563e+01 9.4295292134e-01 2.9657688773e-02 1.3436922206e+02 3.9047625532e+01 -1.2987420917e-01 1.1623933001e+01 6.5115230720e-03 6.7808415296e-03
7.3456728767e+01 4.7871517906e+01 5.1389321668e+01 6.5169683852e-01 2.5747835767e-01 1.3457816689e+03 4.1746018917e+00 9.6130884170e-01 1.3816003175e+01 1.0062519054e-02 3.3087885262e-02
6.5036069201e+01 5.6867728960e+01 5.2918637539e+01 8.7440292223e-01 9.0052111254e-02 4.2569759377e+02 7.0441831902e+01 9.5585621653e-01 1.0028804624e+01 3.7439005655e-03 3.8268831096e-03
3.3957468137e+01 2.4002705403e+01 2.4779432881e+01 7.0684614373e-01 4.0321140948e-02 1.8410736038e+02 1.2969631829e+02 -9.7460141828e-01 1.0119363807e+01 4.9264732995e-03 4.9846887126e-03
3.0027107027e+01 2.6991573358e+01 2.4776592790e+01 8.9890688882e-01 7.1303898055e-02 3.3278730875e+02 6.3434014400e+00 5.5645317592e-01 8.8556279941e+00 1.4999559381e-02 2.1789979198e-02
5.9260745573e+01 2.8522928517e+01 3.5325960910e+01 4.8131234667e-01 8.7050303719e-02 4.1067512003e+02 1.7030597343e+01 9.0756650349e-01 1.4103967285e+01 8.2223275106e-03 9.0906378133e-03
4.1779371725e+01 4.1482838476e+01 3.6241706183e+01 9.9290240048e-01 1.2666819796e-01 6.1334074858e+02 4.4576717572e+00 8.5549957720e-01 1.3618726630e+01 1.3080588740e-02 3.0713904619e-02
7.1271801378e+01 6.7137645235e+01 6.0213955579e+01 9.4199450465e-01 2.0236222867e-01 1.0258750863e+03 1.3119987870e+01 -7.3260709823e-01 1.0701906648e+01 6.1004644944e-03 6.9918176573e-03
5.8035606352e+01 4.4055241821e+01 4.3935736107e+01 7.5910711700e-01 2.4840471976e-01 1.2920407131e+03 1.3619339244e+01 9.9232837785e-01 8.0831751501e+00 7.1553175232e-03 8.1518834058e-03
5.9159939295e+01 5.7756456235e+01 5.0886416851e+01 9.7627646213e-01 1.9296855201e-01 9.7294832739e+02 1.5459871673e+01 -9.0597895034e-01 1.0535350470e+01 6.4039693492e-03 7.1648820190e-03
9.4295605527e+00 8.9789233415e+00 8.0098766128e+00 9.5221015776e-01 1.2200914013e-02 5.4564783999e+01 4.1480497039e+01 -7.1142829391e-01 8.7968177798e+00 1.5565798945e-02 1.6169101802e-02
2.8532546605e+01 1.8160732571e+01 1.9716665301e+01 6.3649182186e-01 5.2447196798e-02 2.4156604881e+02 2.6968291571e+01 -7.8866932041e-01 8.5434407444e+00 1.0167275518e-02 1.0798200094e-02
3.6446955659e+01 3.6350266220e+01 3.1686797717e+01 9.9734711891e-01 1.0566815173e-01 5.0473655056e+02 1.1171381558e+01 8.4780482281e-01 1.0753706814e+01 1.0199201953e-02 1.2043569191e-02
2.2528014286e+01 1.9609762484e+01 1.8288699503e+01 8.7046120601e-01 2.1018151716e-02 9.4619957412e+01 2.0454302132e+02 -7.1705258869e-01 9.0530111855e+00 5.0800304265e-03 5.1177931758e-03
6.9219786285e+01 5.0016605353e+01 5.1088707445e+01 7.2257670873e-01 2.3133321991e-01 1.1920655530e+03 5.8240910219e+00 -6.5164843516e-01 9.5467952811e+00 9.0317595233e-03 1.3958555692e-02
3.4924345067e+01 3.1777081376e+01 2.8994681448e+01 9.0988338692e-01 7.3512616287e-02 3.4361924385e+02 3.5563754174e+01 -9.8176532730e-01 1.1278991776e+01 7.1136002959e-03 7.4391199996e-03
5.2964645655e+01 5.0109069030e+01 4.4844775845e+01 9.4608523120e-01 1.7407238288e-02 7.8153429760e+01 7.7287900439e+01 9.5605548918e-01 4.6694953516e+01 4.1867280442e-03 4.2709989293e-03
3.5675715121e+01 3.1903302548e+01 2.9360444276e+01 8.9425824935e-01 2.4227806139e-02 1.0932943798e+02 1.9942757311e+01 3.6148601889e-01 1.9461746442e+01 9.0292525560e-03 9.8199655500e-03
3.6373022203e+01 3.3267713837e+01 3.0276713857e+01 9.1462605586e-01 1.4798405992e-01 7.2623193213e+02 6.8846844440e+00 -9.3842621943e-01 9.1627596440e+00 1.2290268105e-02 1.7030641399e-02
5.1054762896e+01 3.5534353306e+01 3.6958824218e+01 6.9600466812e-01 1.1278500752e-01 5.4124744001e+02 7.7177842733e+00 5.1241605359e-01 9.2184998680e+00 1.0599371697e-02 1.3939053681e-02
3.1238066606e+01 2.3454240762e+01 2.3515708397e+01 7.5082241990e-01 4.1363844348e-02 1.8901074954e+02 1.0355116153e+02 -7.5402315000e-01 8.3155367589e+00 5.5352504601e-03 5.6176285315e-03
3.8293792540e+01 2.5615987781e+01 2.7156276853e+01 6.6893316336e-01 6.0622719350e-02 2.8083867840e+02 1.5362605274e+01 8.8408848920e-01 1.4331062122e+01 1.0229442021e-02 1.1454392274e-02
2.9980338296e+01 2.5590993692e+01 2.4098169014e+01 8.5359255920e-01 9.1310898281e-02 4.3201365176e+02 1.4856082991e+01 -9.6015398158e-01 9.0116878097e+00 1.0964751356e-02 1.2333475447e-02
2.5770487713e+01 2.3298946889e+01 2.1326183743e+01 9.0409413856e-01 8.8621269699e-02 4.1853006369e+02 9.8093193510e+00 9.3142394991e-01 8.2877668103e+00 1.3849606654e-02 1.6856020371e-02
3.4121199121e+01 2.9111789139e+01 2.7419982168e+01 8.5318775098e-01 5.3309126296e-02 2.4568632945e+02 1.5085958289e+01 6.5997373132e-01 1.2830373720e+01 1.0281737695e-02 1.1540945588e-02
9.7054944800e+00 9.5923552189e+00 8.3997037278e+00 9.8834276179e-01 4.2873785338e-03 1.9059237333e+01 2.7967223643e+02 -7.7407039085e-01 1.8850372230e+01 7.4233681944e-03 7.4635788267e-03
4.0431461322e+01 3.6097028821e+01 3.3246804355e+01 8.9279555181e-01 3.1306949709e-02 1.4201324357e+02 5.6821033553e+00 5.3391581592e-01 3.0074133049e+01 1.3320442802e-02 2.1026395617e-02
3.2868318785e+01 2.0364268564e+01 2.2395061981e+01 6.1957134763e-01 8.4680537588e-02 3.9885491850e+02 1.9507974893e+01 9.5002302443e-01 8.1583390023e+00 1.0403568948e-02 1.1338451893e-02
3.1557762581e+01 3.1505446590e+01 2.7449844799e+01 9.9834221482e-01 5.0146759249e-02 2.3059262391e+02 9.4268426943e+01 9.8917051049e-01 1.0601911311e+01 5.1780318133e-03 5.2629120083e-03
4.2354932598e+01 1.7861016800e+01 2.3514935765e+01 4.2169862408e-01 9.2790480124e-02 4.3944999278e+02 4.0191427841e+00 -8.5788661528e-01 8.6580445974e+00 1.8163321384e-02 1.3489423585e-01
3.5557797996e+01 3.4179202123e+01 3.0347674337e+01 9.6122943628e-01 1.3121549449e-01 6.3720168126e+02 6.5946747754e+00 -7.6007167409e-01 8.5431838790e+00 1.2587196134e-02 1.7858518141e-02
3.1606156964e+01 2.4428309423e+01 2.4149492854e+01 7.7289717478e-01 4.7294594175e-02 2.1703466388e+02 6.5080320447e+01 8.4358173450e-01 9.9592562062e+00 6.4567885484e-03 6.6122186315e-03
1.1963331733e+01 1.1087414440e+01 1.0024724785e+01 9.2678316433e-01 1.2591787370e-02 5.6329435475e+01 1.0221699559e+02 8.6077234894e-01 1.1512497785e+01 9.6445682126e-03 9.7900286794e-03
3.3935050542e+01 2.2615567106e+01 2.4018513151e+01 6.6643681812e-01 8.8083597197e-02 4.1583995109e+02 4.6298483135e+00 -9.3474825223e-01 1.0621364534e+01 1.7044252835e-02 3.6012395811e-02
4.8065696631e+01 4.1317525561e+01 3.8773100065e+01 8.5960525816e-01 8.9268793146e-02 4.2177215023e+02 8.8806280123e+00 5.5778882852e-01 1.2484154194e+01 9.8903889539e-03 1.2379450289e-02
3.9593758340e+01 3.2831618426e+01 3.1359798191e+01 8.2921197185e-01 3.8104209393e-02 1.7370559456e+02 1.2295226796e+01 -4.6721289601e-01 1.7600213332e+01 1.0301148713e-02 1.1939228438e-02
6.9116066516e+01 6.8521508940e+01 5.9909563661e+01 9.9139769368e-01 3.4215015519e-01 1.8665521105e+03 1.1653488730e+01 9.7279474589e-01 8.9803367875e+00 5.9729512314e-03 6.9929860413e-03
4.4912449857e+01 2.2914456029e+01 2.7618836377e+01 5.1020276342e-01 2.8856206112e-02 1.3066096160e+02 2.0681552544e+02 7.9853328411e-01 9.1185949546e+00 3.8913655486e-03 3.9199701271e-03
3.1787480714e+01 2.5894988414e+01 2.4950217161e+01 8.1462852145e-01 4.1238925222e-02 1.8842293552e+02 6.6440850566e+01 6.4105262001e-01 9.2948747144e+00 6.3003851022e-03 6.4488085785e-03
3.2683196880e+01 2.8264316859e+01 2.6445185343e+01 8.6479657917e-01 4.2344353526e-02 1.9362811146e+02 6.1554144731e+01 -7.2629137291e-01 1.0959436067e+01 6.2477782830e-03 6.4072013252e-03
6.9413694077e+01 4.9209301230e+01 5.0729623148e+01 7.0892785471e-01 1.5636574845e-01 7.7133991840e+02 1.2798386965e+01 8.0179410622e-01 1.2250379377e+01 7.0228678187e-03 8.0825157807e-03
3.7527125110e+01 3.6727189011e+01 3.2318816810e+01 9.7868378950e-01 4.5674306537e-02 2.0935589349e+02 4.0727829126e+01 -8.2865273746e-01 1.6496152084e+01 6.4221299415e-03 6.6759809629e-03
3.6246986501e+01 2.5258462978e+01 2.6255758916e+01 6.9684311485e-01 1.7205997409e-02 7.7238285914e+01 9.5277808817e+01 -3.0856864869e-01 1.3228245280e+01 5.4094474060e-03 5.4971534560e-03
3.8380777212e+01 3.4082263953e+01 3.1474729687e+01 8.8800348584e-01 1.4806806539e-01 7.2668203455e+02 8.3431302801e+00 8.9804095184e-01 8.8469229145e+00 1.1161339794e-02 1.4257344482e-02
7.4408293298e+01 5.4198604224e+01 5.5145847439e+01 7.2839466976e-01 4.6612033698e-01 2.6864062509e+03 4.7690020966e+00 -9.1332932204e-01 8.5609277597e+00 8.3216396334e-03 1.6496674333e-02
7.1205197175e+01 3.4355199962e+01 4.2501308533e+01 4.8248163512e-01 8.5703738600e-02 4.0395430823e+02 1.4974029802e+01 -3.1329164022e-01 9.1771110225e+00 7.6930350552e-03 8.6439534737e-03
6.9535610448e+01 6.2499602354e+01 5.7373687232e+01 8.9881431905e-01 2.2475783703e-01 1.1539592665e+03 4.0782095076e+00 8.0689735291e-01 1.5433162017e+01 9.6331384090e-03 4.2434739775e-02
3.2076310930e+01 2.8385379529e+01 2.6258590768e+01 8.8493279639e-01 2.8662892280e-02 1.2976718022e+02 6.2004019503e+01 -8.4715264805e-01 1.8268152181e+01 6.3102707877e-03 6.4700651536e-03
6.9888995164e+01 6.9017510703e+01 6.0461140506e+01 9.8753044797e-01 3.4077950974e-01 1.8578552558e+03 6.7070884583e+00 -8.7753219669e-01 1.0356172869e+01 7.3105393311e-03 1.0273330576e-02
3.4627096061e+01 3.4328579298e+01 3.0014363505e+01 9.9137909911e-01 8.5776698981e-02 4.0431817242e+02 8.2863771787e+00 4.8986355943e-01 8.5751610165e+00 1.1936182402e-02 1.5283341396e-02
4.9974285816e+01 4.4631277624e+01 4.1100604932e+01 8.9308485145e-01 6.6413936222e-02 3.0891519877e+02 5.8805048322e+00 7.3288446201e-01 2.4773014696e+01 1.1279283110e-02 1.7296532874e-02
8.2106420987e+01 7.3241912996e+01 6.7487099072e+01 8.9203636104e-01 6.7431460530e-01 4.1922698485e+03 2.6938203015e+00 9.7485047490e-01 8.6827295160e+00 8.3631785447e-03 1.0000000000e+00
3.2490840144e+01 2.2273237560e+01 2.3336053875e+01 6.8552359560e-01 9.8408068017e-02 4.6780574925e+02 4.7487442869e+00 -8.5095797262e-01 8.4072272379e+00 1.7088708470e-02 3.4162623467e-02
4.0736178119e+01 3.8989061651e+01 3.4692426084e+01 9.5711142899e-01 1.8357856693e-01 9.2052126902e+02 8.4827649459e+00 9.5316872594e-01 8.7447418662e+00 1.0240575252e-02 1.3007569439e-02
7.4291029171e+01 6.4614721455e+01 6.0286027264e+01 8.6975133036e-01 2.9388503873e-01 1.5655125593e+03 5.6470471480e+00 5.0751619981e-01 8.1405895858e+00 7.9876217317e-03 1.2679022084e-02
6.9033653110e+01 5.5236713234e+01 5.3690777747e+01 8.0014182571e-01 2.3229819179e-01 1.1976767350e+03 1.2917214517e+01 -8.6968699350e-01 9.7225014282e+00 6.4915398067e-03 7.4593347312e-03
3.1449828431e+01 2.9414745981e+01 2.6475069679e+01 9.3529114301e-01 1.0146199822e-01 4.8330164581e+02 1.1277406451e+01 8.8612285424e-01 9.1345066419e+00 1.1398248916e-02 1.3433072620e-02
7.9692396527e+01 2.4471757114e+01 3.7196798883e+01 3.0707769097e-01 8.4044808210e-02 3.9568985496e+02 2.5267881814e+01 5.5796887105e-01 9.1642958001e+00 6.8783920991e-03 7.3375935857e-03
3.2836558508e+01 2.9510022338e+01 2.7091545121e+01 8.9869412872e-01 7.9153183857e-02 3.7142004068e+02 1.6867853336e+01 6.8178543157e-01 8.6060931296e+00 9.7853252895e-03 1.0830734504e-02
1.0403988583e+01 9.0977480522e+00 8.4657532514e+00 8.7444810031e-01 9.3551408913e-03 4.1748094971e+01 9.1255111211e+01 5.7232604853e-01 9.1133634787e+00 1.1207423680e-02 1.1397396603e-02
3.3462558571e+01 3.1834438591e+01 2.8411565339e+01 9.5134502411e-01 7.3073470520e-02 3.4146316098e+02 6.7154673532e+00 -4.3600439359e-01 9.0189961539e+00 1.3464470054e-02 1.8908241296e-02
6.1214140282e+01 4.3645349333e+01 4.4869609418e+01 7.1299456517e-01 6.0233271611e-02 2.7895822415e+02 1.6373702759e+01 7.7880525202e-01 2.3697644852e+01 7.2991044924e-03 8.1075062020e-03
3.6602746540e+01 2.2356867234e+01 2.4753912268e+01 6.1079753153e-01 2.2054596775e-02 9.9362391800e+01 3.0846303783e+02 9.3687756013e-01 9.5003433536e+00 3.6018104538e-03 3.6194831766e-03
3.9904559449e+01 3.9323514609e+01 3.4484909340e+01 9.8543913659e-01 1.0839446020e-01 5.1868708857e+02 6.1965101082e+00 -7.0993397658e-01 1.1702659623e+01 1.2047957036e-02 1.7775369766e-02
8.2927331859e+01 7.4166605870e+01 6.8251432814e+01 8.9435659157e-01 2.5503772123e-01 1.3312856030e+03 1.3106370072e+01 5.6867429194e-01 8.0725031531e+00 5.4939472845e-03 6.2977571855e-03
3.8904568486e+01 3.8105144001e+01 3.3518256918e+01 9.7945165526e-01 7.2667185569e-02 3.3946949183e+02 8.7723503637e+01 9.3574304742e-01 8.4142534741e+00 4.6335167975e-03 4.7153231080e-03
7.4862400656e+01 6.4344587672e+01 6.0385581890e+01 8.5950473279e-01 3.3561528080e-01 1.8251640786e+03 8.8098695404e+00 8.4979605766e-01 9.1133050613e+00 6.6209916819e-03 8.3078110372e-03
3.2736862427e+01 2.0594325512e+01 2.2484049058e+01 6.2908672322e-01 3.0648483042e-02 1.3895922582e+02 7.6892794582e+01 8.3674881948e-01 1.3224098579e+01 6.4061623869e-03 6.5357936925e-03
6.0451266148e+01 5.3491571687e+01 4.9485395966e+01 8.8487098941e-01 2.1482949947e-01 1.0968499761e+03 4.2191325399e+00 5.1387559715e-01 9.1307678694e+00 1.0485564545e-02 3.1789626763e-02
3.5267198184e+01 2.7794203943e+01 2.7217134181e+01 7.8810354592e-01 5.0025499681e-02 2.3001514186e+02 8.8661532390e+01 7.1353116608e-01 8.0686880877e+00 5.3271341112e-03 5.4201592393e-03
3.8029019564e+01 1.8514054092e+01 2.2808362763e+01 4.8684016324e-01 2.5817800787e-02 1.1664149392e+02 2.6000517269e+01 4.1179865813e-01 1.3181861111e+01 9.5625734333e-03 1.0180771598e-02
3.1387256946e+01 3.1187889483e+01 2.7237248595e+01 9.9364813997e-01 8.1034184332e-02 3.8073505779e+02 1.6034943478e+01 -7.0842801724e-01 8.8546296025e+00 9.9287320798e-03 1.1056751746e-02
3.1770802026e+01 2.7476091167e+01 2.5707317414e+01 8.6482208239e-01 1.1096840557e-01 5.3189900691e+02 1.4341149615e+01 9.9788210585e-01 8.5562546768e+00 1.0552435659e-02 1.1929119585e-02
8.0299446802e+01 2.0807452295e+01 3.4103795730e+01 2.5912323339e-01 8.2656152489e-02 3.8878494720e+02 3.3461572364e+01 -6.7451579552e-01 8.8201049104e+00 6.5412021696e-03 6.8610641642e-03
1.0217298226e+01 7.8138914745e+00 7.7645660828e+00 7.6477081335e-01 9.6585878774e-03 4.3112153807e+01 2.1227488004e+02 -8.7032334420e-01 9.1567965165e+00 8.6178996486e-03 8.6795972650e-03
2.4385819542e+01 2.2190617622e+01 2.0246539004e+01 9.0998039184e-01 1.5017443975e-02 6.7303300512e+01 3.3949617295e+02 6.1183843530e-01 8.5775596401e+00 3.9567851953e-03 3.9744104517e-03
3.5724469213e+01 3.0563261006e+01 2.8748332246e+01 8.5552736483e-01 2.0490810756e-02 9.2209757873e+01 1.4004885578e+02 2.5367693814e-01 9.0209324015e+00 4.4149654579e-03 4.4632021934e-03
7.6634722366e+01 6.5767760197e+01 6.1767449937e+01 8.5819793126e-01 2.3193938899e-01 1.1955897820e+03 1.7987931939e+01 9.3067067173e-01 1.0362469728e+01 5.2536319739e-03 5.7732457345e-03
4.7413582478e+01 3.8358010778e+01 3.7084003486e+01 8.0900891207e-01 1.1439884259e-01 5.4956897388e+02 3.1626116552e+00 -9.5682869036e-01 1.5212392424e+01 1.4765953684e-02 1.0000000000e+00
6.5907965713e+01 6.2023134978e+01 5.5654430795e+01 9.4105673430e-01 2.2594249793e-01 1.1608081080e+03 1.2703461963e+01 6.4967158126e-01 8.1448090483e+00 6.4079454368e-03 7.3842276310e-03
2.8760831464e+01 2.3555689060e+01 2.2636567835e+01 8.1901975224e-01 9.8973981455e-03 4.4186092726e+01 1.3567903802e+01 -2.4275376029e-01 3.1870838435e+01 1.2382221368e-02 1.4115119113e-02
6.6745153916e+01 5.9677298827e+01 5.4925307300e+01 8.9410684261e-01 9.1758169922e-02 4.3426021234e+02 4.6976994191e+01 9.7700983095e-01 1.4113936601e+01 4.2537987798e-03 4.3981535509e-03
4.1869779948e+01 3.9893639442e+01 3.5577120345e+01 9.5280270141e-01 2.6672197943e-02 1.2057759642e+02 9.7071995497e+01 8.8441623949e-01 2.1275022572e+01 4.4170659886e-03 4.4873194407e-03
8.5391005228e+01 3.8585759253e+01 4.9207969660e+01 4.5187147230e-01 3.2893471577e-01 1.7830538519e+03 3.4068051102e+00 7.7281755873e-01 8.1312316540e+00 1.0779002588e-02 1.0000000000e+00
5.9302294537e+01 4.6681016040e+01 4.5738254040e+01 7.8717048649e-01 2.2486755960e-01 1.1545932943e+03 1.3142336930e+01 -9.5610109151e-01 9.0514988893e+00 7.1562923199e-03 8.1996221071e-03
1.7848817062e+01 1.5601991298e+01 1.4520860672e+01 8.7411906592e-01 9.9628070353e-04 4.4177625839e+00 8.9481126899e+02 -4.9504548265e-01 4.3875778682e+01 3.4159062060e-03 3.4216500566e-03
3.7247195172e+01 2.8048579756e+01 2.8081846043e+01 7.5303870872e-01 2.7751474739e-02 1.2555658470e+02 2.1649228831e+02 -9.0919019639e-01 1.0320761993e+01 3.7882072399e-03 3.8147927739e-03
1.0251945550e+01 4.6000000000e+00 5.8854788570e+00 4.4869532104e-01 4.4826128592e-03 1.9930105332e+01 2.4923844223e+02 9.2721227099e-01 1.4169274605e+01 9.6797126513e-03 9.7386194375e-03
1.0573225202e+01 8.7554928412e+00 8.3685889700e+00 8.2808156208e-01 1.0653778926e-02 4.7590098652e+01 2.0054993239e+02 -8.1141063903e-01 8.6729788696e+00 8.3956272188e-03 8.4592966454e-03
3.8798361922e+01 3.6594036180e+01 3.2799612303e+01 9.4318508223e-01 1.0396592540e-01 4.9604897795e+02 9.7690150856e+00 -8.1815976626e-01 1.1457217701e+01 1.0506582219e-02 1.2800955212e-02
3.4288644893e+01 3.0230663969e+01 2.8016950534e+01 8.8165233894e-01 7.2491190513e-02 3.3860619280e+02 4.2931116136e+01 -8.1936470526e-01 8.7030253732e+00 6.7763690872e-03 7.0295139859e-03
4.8786216725e+01 4.6276706516e+01 4.1361236845e+01 9.4856108184e-01 2.9847175917e-01 1.5936517488e+03 5.1801643429e+00 -9.4746319094e-01 8.3386990743e+00 1.0417791233e-02 1.8141619072e-02
3.5787062294e+01 2.9808854264e+01 2.8409751755e+01 8.3295057914e-01 2.7174179638e-02 1.2289241361e+02 6.7046918661e+01 4.2647111795e-01 1.2238950022e+01 5.8389395124e-03 5.9751950320e-03
1.0468686757e+01 7.0858398518e+00 7.4695131832e+00 6.7686043306e-01 2.2952560800e-03 1.0187880826e+01 1.1242774165e+03 -8.1290292304e-01 1.8446934895e+01 4.7469340965e-03 4.7532829450e-03
6.9652498843e+01 5.7844687527e+01 5.5210284936e+01 8.3047540989e-01 2.8999880275e-01 1.5417496016e+03 6.8719594680e+00 8.2023366068e-01 9.8925377157e+00 7.8547924169e-03 1.0894895481e-02
7.8657611770e+01 7.3891916617e+01 6.6362148597e+01 9.3941215546e-01 1.6901149875e-01 8.4014959384e+02 1.4111134778e+01 -3.5010595998e-01 8.4797987638e+00 5.6852295143e-03 6.4421935274e-03
3.5182688169e+01 3.0997609047e+01 2.8737473693e+01 8.8104720419e-01 1.3317932724e-01 6.4754391662e+02 4.8420802768e+00 -8.1548143823e-01 8.6681173256e+00 1.4607191736e-02 2.8147910640e-02
3.9002837946e+01 3.5609081210e+01 3.2436392260e+01 9.1298692827e-01 8.7734352660e-02 4.1409354541e+02 3.2711307109e+01 -7.0853122475e-01 8.2582903707e+00 6.7871416532e-03 7.1273611186e-03
7.1341878459e+01 6.9531245612e+01 6.1312510735e+01 9.7462033681e-01 5.4085134492e-02 2.4939995491e+02 3.3923340812e+01 9.7525370964e-01 3.1901551327e+01 4.5863613489e-03 4.8073027102e-03
4.1341093386e+01 3.8069440075e+01 3.4530228005e+01 9.2086195496e-01 1.5674753182e-01 7.7340410328e+02 8.7970984067e+00 8.9061697588e-01 9.3080739915e+00 1.0277670306e-02 1.2901939185e-02
4.9374721108e+01 3.1045209555e+01 3.3902116494e+01 6.2876728937e-01 1.2049311494e-01 5.8113330772e+02 9.9032475972e+00 -8.0960362679e-01 1.0287525329e+01 1.0144522891e-02 1.2316551178e-02
3.3802926254e+01 2.0187530640e+01 2.2592229833e+01 5.9721251612e-01 4.5850219067e-02 2.1018874667e+02 6.4009837557e+01 -7.0157929837e-01 8.1786964747e+00 6.7793078041e-03 6.9453551068e-03
8.0729905396e+01 6.8186600827e+01 6.4543352989e+01 8.4462629421e-01 1.1072718605e-01 5.3065915187e+02 1.6270407974e+01 -5.4318591215e-01 1.4837725269e+01 5.6621907894e-03 6.2941456577e-03
8.0849201855e+01 3.0325182751e+01 4.2119824347e+01 3.7508326681e-01 1.2210931980e-01 5.8954119139e+02 7.2282849665e+00 3.9573916228e-01 8.9506559891e+00 9.9587869793e-03 1.3473493544e-02
4.1089517357e+01 3.5148100883e+01 3.3063275704e+01 8.5540310871e-01 8.7798324355e-02 4.1441338120e+02 2.5116562705e+00 9.2876374114e-01 1.3778912041e+01 1.7559079751e-02 1.0000000000e+00
6.5642292042e+01 4.2042151072e+01 4.5508299327e+01 6.4047353868e-01 1.2394854230e-01 5.9912806553e+02 5.2970357734e+00 6.5034267492e-01 1.4801391386e+01 1.0650874240e-02 1.8052635507e-02
2.6446742260e+01 1.8144029548e+01 1.9002667024e+01 6.8605915124e-01 3.2569467993e-02 1.4787686581e+02 1.4691907627e+02 -8.8789739847e-01 8.5603771383e+00 5.5758075232e-03 5.6338239178e-03
6.5835536744e+01 3.6403943364e+01 4.2251444368e+01 5.5295278454e-01 1.2401466246e-01 5.9947308638e+02 1.1506015239e+01 -6.7780795109e-01 1.0957052537e+01 8.3404681529e-03 9.7894601323e-03
3.0775729045e+01 2.8240910095e+01 2.5660039939e+01 9.1763577896e-01 3.5927821042e-02 1.6352523649e+02 7.5451370484e+01 -6.7730483232e-01 1.0899826509e+01 5.9214600394e-03 6.0436598916e-03
7.8577623073e+01 7.6517141276e+01 6.7501767811e+01 9.7377775357e-01 3.0010963185e-01 1.6037242742e+03 6.4726878508e+00 -4.8373638390e-01 8.4401455962e+00 7.0502504124e-03 1.0113996658e-02
7.8525260469e+01 7.1441895781e+01 6.5189579911e+01 9.0979508191e-01 3.2983856080e-01 1.7887392215e+03 5.0287291523e+00 8.0514569754e-01 1.2233985049e+01 7.8097694055e-03 1.4160290406e-02
3.4409176485e+01 3.3977897527e+01 2.9766492570e+01 9.8746616452e-01 1.7590333594e-01 8.7802769083e+02 4.7501892725e+00 9.7709125867e-01 8.4931497947e+00 1.4063457205e-02 2.8097625541e-02
3.4972740046e+01 3.3761520201e+01 2.9912749872e+01 9.6536674439e-01 6.7375038075e-02 3.1359526696e+02 4.2535370473e+01 -8.8576916164e-01 1.0834508257e+01 6.5468297482e-03 6.7938358997e-03
1.0797014792e+01 9.9093932904e+00 9.0030467072e+00 9.1779010042e-01 1.0024730849e-02 4.4758869666e+01 1.1071431746e+02 5.5253461987e-01 8.6242650868e+00 1.0026361949e-02 1.0165676602e-02
6.2402321910e+01 5.5736418794e+01 5.1324581725e+01 8.9317860440e-01 1.9209250465e-01 9.6803675963e+02 5.1300289880e+00 -9.2809455016e-01 1.6137092270e+01 9.6378175545e-03 1.6996716823e-02
8.1116447673e+01 7.1400924145e+01 6.6225278174e+01 8.8022745317e-01 2.2694308768e-01 1.1665984852e+03 1.4894568018e+00 -8.3876200552e-01 1.3198581536e+01 1.2834535190e-02 1.0000000000e+00
4.1181098252e+01 3.2591748703e+01 3.1849604508e+01 7.9142495191e-01 1.3768203289e-01 6.7134167239e+02 1.9500608373e+01 -9.7073752961e-01 8.2375206488e+00 8.1040030021e-03 8.8325656579e-03
2.7902369608e+01 1.6328448870e+01 1.8450435244e+01 5.8519936118e-01 2.9441106231e-02 1.3336673143e+02 1.2205221283e+02 8.6573659050e-01 9.6924995171e+00 6.1000872308e-03 6.1767904434e-03
4.1943055331e+01 4.0666335736e+01 3.5952672519e+01 9.6956064396e-01 6.3785373842e-02 2.9614527510e+02 1.4664805528e+01 3.0802207543e-01 9.9209030371e+00 8.7186929130e-03 9.8247756999e-03
3.8959015123e+01 3.3200921961e+01 3.1289284981e+01 8.5220126473e-01 1.5034304740e-01 7.3888679432e+02 8.4157271001e+00 9.1413126517e-01 8.7827147281e+00 1.1152493910e-02 1.4203831994e-02
3.0425742598e+01 2.7876369803e+01 2.5348343536e+01 9.1621000580e-01 1.2868715275e-02 5.7580285052e+01 1.4642426974e+02 -5.1256126483e-01 1.7776831869e+01 4.7192896090e-03 4.7685630479e-03
7.8490453717e+01 7.5219828158e+01 6.6888109607e+01 9.5833091282e-01 1.8252635319e-02 8.2000828993e+01 1.1903371161e+02 -3.6454903215e-01 1.3314548602e+01 2.7719903344e-03 2.8077505934e-03
3.9254550157e+01 3.5580669528e+01 3.2526794431e+01 9.0640879556e-01 6.0956898731e-02 2.8245303725e+02 6.4791929080e+01 7.0150442992e-01 8.9051299453e+00 5.3258449987e-03 5.4546469012e-03
4.8172445961e+01 4.7988683902e+01 4.1856471172e+01 9.9618532845e-01 5.4744919515e-02 2.5256042261e+02 3.4364977464e+01 8.1027634839e-01 1.8943564150e+01 5.7917317106e-03 6.0668338118e-03
2.9800282354e+01 2.6945349877e+01 2.4662439669e+01 9.0419780444e-01 5.9318745556e-02 2.7454621450e+02 2.6359324461e+01 -6.4824470509e-01 8.6314231190e+00 8.8798617869e-03 9.4451651343e-03
6.7477280144e+01 4.7287108551e+01 4.9020616328e+01 7.0078563407e-01 2.0422167675e-01 1.0364081032e+03 3.1767769654e+00 -8.6734683206e-01 1.2925237211e+01 1.1796345018e-02 1.0000000000e+00
3.8585105338e+01 3.1484441284e+01 3.0311229104e+01 8.1597396220e-01 1.2538910695e-01 6.0665090042e+02 3.8192941861e+00 -7.0372494439e-01 8.3534638671e+00 1.5509959621e-02 1.0000000000e+00
4.3509345471e+01 3.0799940346e+01 3.1773922929e+01 7.0789252315e-01 8.8888834347e-02 4.1986942095e+02 2.5116147991e+01 -9.3453962682e-01 1.1119767078e+01 7.5862887102e-03 8.0962002739e-03
4.4586517293e+01 4.2841792289e+01 3.8046288145e+01 9.6086877580e-01 9.9391348800e-02 4.7278881333e+02 1.1939935066e+01 4.6501324486e-01 8.9966416631e+00 8.9049118809e-03 1.0377052324e-02
2.2796162341e+01 2.1422345429e+01 1.9236073991e+01 9.3973472851e-01 4.3803663083e-02 2.0051176815e+02 7.7043331012e+00 8.7323651373e-01 1.3543376300e+01 1.6602961620e-02 2.1849673221e-02
7.3777682501e+01 6.9687374249e+01 6.2416331446e+01 9.4455900330e-01 2.5275768302e-01 1.3177704604e+03 2.6034936371e+00 -6.9101051075e-01 1.1756417523e+01 1.0662492200e-02 1.0000000000e+00
3.9433072647e+01 3.0147363933e+01 2.9961844633e+01 7.6451977767e-01 3.7578669486e-02 1.7124447669e+02 1.2446872096e+02 9.4221072988e-01 1.2284549303e+01 4.4504576104e-03 4.5053070171e-03
3.4017641762e+01 3.1127265148e+01 2.8322462307e+01 9.1503301039e-01 5.4883070200e-02 2.5322253763e+02 5.2682907952e+01 -6.4190818420e-01 8.7629244956e+00 6.2981066385e-03 6.4873894451e-03
4.9680606596e+01 4.3433391244e+01 4.0420658395e+01 8.7425243409e-01 2.2107777878e-01 1.1327306505e+03 4.3258591012e+00 7.1332242260e-01 8.3999982180e+00 1.1750379949e-02 3.0987950440e-02
5.5428044648e+01 4.3243800106e+01 4.2555274477e+01 7.8017906603e-01 1.5145453621e-01 7.4486044810e+02 1.0297005996e+01 7.4455571495e-01 1.0255211098e+01 8.5266612880e-03 1.0253457450e-02
4.4331713667e+01 3.3443762256e+01 3.3454092449e+01 7.5439813826e-01 2.6217893147e-02 1.1848406948e+02 9.0838910882e+01 6.5308508935e-01 1.6690571314e+01 4.7072065066e-03 4.7873737355e-03
3.0928882056e+01 2.8869276129e+01 2.6010129149e+01 9.3340832937e-01 2.1142745100e-02 9.5189678602e+01 1.3434630733e+02 -2.5244538222e-01 8.3831619246e+00 4.7719181936e-03 4.8263144637e-03
4.3888301633e+01 4.3712927726e+01 3.8130558089e+01 9.9600408536e-01 2.3726724489e-01 1.2266472453e+03 3.9533565538e+00 -8.4389313553e-01 8.2723173022e+00 1.2501815206e-02 1.0000000000e+00
7.0273547416e+01 5.5883341019e+01 5.4483167746e+01 7.9522584349e-01 3.5019623590e-01 1.9177753134e+03 1.5401479739e+00 9.8322749056e-01 8.1045634466e+00 1.3487231056e-02 1.0000000000e+00
5.8025973835e+01 5.6103752186e+01 4.9669392968e+01 9.6687308249e-01 1.7609347313e-01 8.7907644377e+02 1.9244825624e+01 -7.7404274552e-01 8.8798677991e+00 6.0425648187e-03 6.5942914442e-03
7.7269610679e+01 5.9786283338e+01 5.9072673247e+01 7.7373604982e-01 2.9520668940e-01 1.5736104822e+03 2.3341255859e+00 -7.1457248672e-01 9.3777354130e+00 1.1260186823e-02 1.0000000000e+00
3.2163049531e+01 3.0562363347e+01 2.7292152340e+01 9.5023213883e-01 4.5286602789e-02 2.0752102702e+02 3.5256054797e+01 -7.8950214611e-01 1.3789108715e+01 7.5363727221e-03 7.8845098725e-03
8.4371569760e+01 8.0825542585e+01 7.1886338662e+01 9.5797130260e-01 7.0148367124e-01 4.3990447376e+03 3.5861083341e+00 -8.8206352344e-01 9.2042125015e+00 7.1493345835e-03 1.0000000000e+00
1.1833931760e+01 1.1130595480e+01 9.9902642129e+00 9.4056613685e-01 1.0191906221e-02 4.5511035354e+01 9.4271585732e+01 -6.7242222201e-01 1.1652035076e+01 9.9779173365e-03 1.0141473367e-02
2.9869915711e+01 2.7638407991e+01 2.5009330776e+01 9.2529246680e-01 4.7908696628e-02 2.1994941164e+02 6.7060479451e+01 8.0934131305e-01 9.7252278080e+00 6.2442430726e-03 6.3899258765e-03
6.8992788214e+01 3.4810640023e+01 4.2176164597e+01 5.0455476470e-01 1.0058766020e-01 4.7885939577e+02 1.2404531908e+01 -7.6875905228e-01 1.4470788420e+01 8.2251868709e-03 9.5180031121e-03
3.1016214481e+01 1.8623210923e+01 2.0788380762e+01 6.0043468344e-01 3.1143808393e-02 1.4125631630e+02 9.9605697361e+01 -7.6395548819e-01 1.0029109210e+01 6.1038202700e-03 6.1983613309e-03
3.7970998048e+01 3.5124151671e+01 3.1787546010e+01 9.2502576905e-01 1.1445043234e-01 5.4983524648e+02 1.2024662901e+01 -6.9837551206e-01 8.3049956801e+00 9.8530299384e-03 1.1466664204e-02
4.0701021661e+01 3.4629600719e+01 3.2661593238e+01 8.5082878280e-01 1.4049264677e-01 6.8625609149e+02 6.7915287888e+00 -7.3540828826e-01 8.5940545648e+00 1.1829782330e-02 1.6511015751e-02
7.0458680768e+01 4.8365872080e+01 5.0641070828e+01 6.8644305503e-01 3.1840447609e-01 1.7170933950e+03 3.9417750112e+00 9.1738230905e-01 1.0775602629e+01 1.0073759717e-02 1.0000000000e+00
2.6471916507e+01 2.4719871295e+01 2.2266855684e+01 9.3381494644e-01 2.3233210465e-02 1.0476401096e+02 2.0702674633e+02 6.5485505799e-01 8.7074118382e+00 4.4657033550e-03 4.4984958212e-03
3.4663363595e+01 3.4147468899e+01 2.9950644345e+01 9.8511700418e-01 6.5574250485e-02 3.0483113862e+02 4.6990212642e+01 7.5393553481e-01 9.2943285516e+00 6.3084735218e-03 6.5224906611e-03
7.1755236909e+01 4.6986535583e+01 5.0324041399e+01 6.5481681348e-01 1.2832610218e-01 6.2202617434e+02 2.8961349393e+01 -8.4949891939e-01 1.1034924139e+01 5.2766386518e-03 5.5790965795e-03
3.1391941977e+01 2.1454892960e+01 2.2511421758e+01 6.8345223676e-01 1.1976048195e-02 5.3550061094e+01 6.0540885418e+02 9.4922565175e-01 8.4347394622e+00 2.9865461558e-03 2.9939796040e-03
5.5513841341e+01 4.7936130116e+01 4.4884095235e+01 8.6349870514e-01 1.3614248037e-01 6.6319153135e+02 3.9063201872e+01 9.5880403214e-01 9.0771736705e+00 5.0443418169e-03 5.2528875937e-03
7.6781332771e+01 7.3623307411e+01 6.5450103087e+01 9.5886988093e-01 2.1274639637e-01 1.0849335698e+03 2.4899707284e+00 -7.1365199892e-01 1.4732436850e+01 1.0741073726e-02 1.0000000000e+00
3.5260444202e+01 2.7621737051e+01 2.7127997693e+01 7.8336327507e-01 4.4616359270e-02 2.0435129239e+02 1.2417337926e+02 8.7595593985e-01 9.0489363092e+00 4.7198256242e-03 4.7781363498e-03
3.3893298746e+01 1.9483301795e+01 2.2202181891e+01 5.7484229969e-01 4.5754092791e-02 2.0973361459e+02 7.4846618781e+00 -4.2716782260e-01 9.5398310730e+00 1.5327291077e-02 2.0415956568e-02
2.7315055920e+01 2.1372333783e+01 2.1002409744e+01 7.8243785572e-01 1.3106751011e-02 5.8655874602e+01 1.7605197274e+02 3.0676788240e-01 1.0552018070e+01 4.9528217341e-03 4.9956920761e-03
7.9140945840e+01 3.4549314290e+01 4.4767181155e+01 4.3655422516e-01 8.2019462802e-02 3.8562308646e+02 3.1932971173e+01 -7.5572838500e-01 1.3204325141e+01 5.6180322900e-03 5.9071779570e-03
6.4779986494e+01 6.0076505359e+01 5.4300656886e+01 9.2739298988e-01 8.7308289872e-02 4.1196402588e+02 2.8007768330e+01 9.3248090344e-01 1.9154031121e+01 5.2145602453e-03 5.5247827759e-03
4.6018301259e+01 3.7922110593e+01 3.6332863801e+01 8.2406585109e-01 7.9630989197e-02 3.7378412539e+02 6.9693773824e+00 -7.6050442394e-01 1.7329920491e+01 1.1343279727e-02 1.5620209756e-02
7.0267415894e+01 6.9875146413e+01 6.1000306521e+01 9.9441747678e-01 4.6924641488e-01 2.7078853372e+03 7.0373468017e+00 9.4753413502e-01 8.4618386995e+00 6.7433503622e-03 9.2409940176e-03
4.7832338721e+01 2.6894323926e+01 3.0969502655e+01 5.6226236569e-01 7.5613670454e-02 3.5395153672e+02 4.3219837669e+01 -8.1219102865e-01 9.2293361897e+00 6.3375365730e-03 6.5725966472e-03
2.3537464493e+01 1.8518521642e+01 1.8149055579e+01 7.8676790561e-01 3.0690431234e-02 1.3915369966e+02 1.3153612853e+01 -3.7419264359e-01 8.9915568241e+00 1.4200051700e-02 1.6268017042e-02
4.6150527296e+01 2.8599358002e+01 3.1448335562e+01 6.1969731827e-01 8.4561164065e-02 3.9826041086e+02 1.8978304357e+01 8.7299904326e-01 1.1729145533e+01 8.5024070733e-03 9.2915876388e-03
3.2851648098e+01 1.4741191967e+01 1.8860167002e+01 4.4872001316e-01 1.4667561053e-02 6.5717969370e+01 1.1857824885e+02 -8.9429776751e-01 2.0663406108e+01 6.1376276404e-03 6.2171179453e-03
3.3971714714e+01 3.3068087729e+01 2.9177587794e+01 9.7340060717e-01 8.7552916050e-02 4.1318656389e+02 3.6092018720e+01 9.4251210573e-01 9.1696217687e+00 6.9896300397e-03 7.3043990380e-03
8.0733247172e+01 5.2840972517e+01 5.6606904226e+01 6.5451315744e-01 4.0456003923e-01 2.2712866495e+03 7.6082845198e+00 9.3299215966e-01 8.3387002301e+00 7.0580079492e-03 9.3363447929e-03
4.9685409621e+01 3.3233079719e+01 3.5232982014e+01 6.6886999570e-01 1.8032612933e-01 9.0247460523e+02 6.2716214770e+00 -8.1089735352e-01 8.4603798175e+00 1.1377809651e-02 1.6651375557e-02
3.1456453021e+01 2.7042826192e+01 2.5376223667e+01 8.5969089312e-01 4.5508219292e-02 2.0856974152e+02 1.0309570670e+02 7.4760651662e-01 8.0604960723e+00 5.2736220000e-03 5.3524627092e-03
1.0530693877e+01 8.1007980803e+00 8.0267798266e+00 7.6925587006e-01 8.1234934233e-03 3.6217945652e+01 1.9692420902e+02 9.5086978957e-01 1.2575863544e+01 8.6900874723e-03 8.7572206200e-03
8.0770179096e+01 7.1168868008e+01 6.5976729374e+01 8.8112802032e-01 7.0034168597e-01 4.3903101804e+03 2.9819783962e+00 9.4410787787e-01 8.2331878412e+00 8.0868091281e-03 1.0000000000e+00
7.7247647826e+01 7.6468608187e+01 6.6907855492e+01 9.8991503740e-01 4.5743447725e-01 2.6269241915e+03 6.8852256857e+00 9.6358774088e-01 9.8889809021e+00 6.4496341762e-03 8.9369016486e-03
3.1023543281e+01 2.7966582788e+01 2.5635548626e+01 9.0146320600e-01 1.1293746934e-02 5.0473206861e+01 2.5829752466e+02 -5.4204667496e-01 1.4069903843e+01 3.7914094664e-03 3.8136644802e-03
3.6856454954e+01 1.0756759743e+01 1.6725207570e+01 2.9185551776e-01 2.1659826931e-02 9.7555212317e+01 1.8476834681e+02 9.9500398107e-01 1.1499448387e+01 5.5784270421e-03 5.6244000384e-03
6.6271487336e+01 6.4837318784e+01 5.7064325245e+01 9.7835919172e-01 1.3716588536e-01 6.6860773607e+02 1.2124594071e+01 -3.2230266621e-01 9.0255346161e+00 6.7286466492e-03 7.8185694486e-03
9.4726965832e+00 5.4416096819e+00 6.2029745175e+00 5.7445201946e-01 4.0284615487e-03 1.7904702733e+01 1.1041588621e+03 9.5893522516e-01 1.0668066033e+01 5.3618868363e-03 5.3691891543e-03
3.3674644317e+01 1.8520429785e+01 2.1549963706e+01 5.4998145223e-01 4.4895923114e-02 2.0567306020e+02 4.5133536821e+01 -6.9862130060e-01 8.7780897815e+00 7.9645041706e-03 8.2465536144e-03
1.5296015914e+01 1.1324081230e+01 1.1431595649e+01 7.4032880803e-01 1.0867680079e-02 4.8553434501e+01 9.7749294311e+01 -3.1264912844e-01 8.2123401016e+00 9.0443508842e-03 9.1871754789e-03
3.6745204198e+01 3.6482539503e+01 3.1873980702e+01 9.9285172852e-01 5.0369847350e-02 2.3165529751e+02 4.8357964712e+00 -2.5094012881e-01 1.2763786752e+01 1.4363445904e-02 2.7742554533e-02
6.2063560732e+01 3.9193315541e+01 4.2711449502e+01 6.3150285093e-01 1.5120495680e-01 7.4351847847e+02 8.9850122820e+00 5.0901453171e-01 8.0914278757e+00 8.9544855310e-03 1.1168254576e-02
1.8523685557e+01 1.8483644046e+01 1.6108364501e+01 9.9783836151e-01 1.1831019709e-02 5.2895789895e+01 5.1498361450e+01 -8.7505507806e-01 2.6873483828e+01 9.2768079373e-03 9.5623934476e-03
6.9396246033e+01 4.8357166613e+01 5.0267049473e+01 6.9682683685e-01 3.1217202085e-01 1.6782959268e+03 5.5154605939e+00 9.9075131507e-01 1.0685734548e+01 8.9491382779e-03 1.4526806290e-02
3.3061452201e+01 2.8878028641e+01 2.6886865146e+01 8.7346522062e-01 5.9398679547e-02 2.7493163314e+02 4.5031761743e+00 -7.7853784182e-01 1.5618822973e+01 1.6320234461e-02 3.7123675646e-02
4.6827330871e+01 3.7584470521e+01 3.6477416378e+01 8.0261825353e-01 1.1265934344e-01 5.4060012275e+02 2.8031552018e+00 -5.4174072262e-01 8.8161791883e+00 1.5624698037e-02 1.0000000000e+00
1.0556181646e+01 4.6000000000e+00 5.9654176047e+00 4.3576362687e-01 1.8254461973e-03 8.0996374330e+00 1.8621096348e+03 9.5103602954e-01 1.7079012431e+01 4.5227044308e-03 4.5263530304e-03
6.6820514192e+01 1.2066896616e+01 2.3147372610e+01 1.8058670697e-01 9.3512117514e-02 4.4308179024e+02 3.6903654747e+00 -9.1605096254e-01 8.4799833427e+00 1.8931778382e-02 1.0000000000e+00
5.4681977848e+01 1.6207181166e+01 2.5027360883e+01 2.9638981259e-01 4.4958859037e-02 2.0597068874e+02 1.3357514162e+02 9.0312430806e-01 8.3584112848e+00 4.8286666164e-03 4.8840342776e-03
2.2685848194e+01 1.7379783463e+01 1.7255407935e+01 7.6610683958e-01 3.0686866508e-03 1.3628940914e+01 5.7832779555e+02 6.2424649453e-01 2.5936208080e+01 3.6074101954e-03 3.6168114163e-03
8.3272008234e+01 7.5178160797e+01 6.8861408206e+01 9.0280230285e-01 5.5869886331e-01 3.3378252843e+03 6.4955783443e+00 -8.8615675252e-01 8.2495335877e+00 6.2083720424e-03 8.8873076820e-03
3.3595430794e+01 2.8115110536e+01 2.6733765523e+01 8.3687304706e-01 9.1186461745e-02 4.3138884888e+02 6.9754526717e+00 7.1826349782e-01 9.4114689963e+00 1.3645254951e-02 1.8781873480e-02
2.9448279769e+01 2.6434087719e+01 2.4281728282e+01 8.9764454584e-01 5.3047957226e-02 2.4443736009e+02 8.6915895918e+00 -8.6347151531e-01 1.5506994134e+01 1.3643591199e-02 1.7192771732e-02
3.5292488438e+01 2.0287016361e+01 2.3118377004e+01 5.7482533137e-01 4.4934586001e-02 2.0585589676e+02 8.0943284310e+01 -8.6054968817e-01 9.3887506804e+00 6.1227835415e-03 6.2402601357e-03
7.2415159371e+01 7.1617713882e+01 6.2692796395e+01 9.8898786530e-01 8.4773446979e-02 3.9931768963e+02 4.4149533689e+01 -6.5075783570e-01 1.1911060283e+01 4.0246259002e-03 4.1705431937e-03
7.1448982882e+01 7.1035879535e+01 6.2019825821e+01 9.9421820534e-01 3.6376439777e-01 2.0048056879e+03 1.1579745515e+01 -9.4863664247e-01 8.6316212691e+00 5.8008272272e-03 6.7999634280e-03
1.7044794050e+01 1.5796184551e+01 1.4282464600e+01 9.2674540417e-01 4.4858576998e-02 2.0549645983e+02 1.8743777465e+01 9.8259860654e-01 8.4776797594e+00 1.4319781967e-02 1.5668576326e-02
4.4955081011e+01 4.3459562349e+01 3.8478101862e+01 9.6673304488e-01 1.7655893060e-01 8.8164464573e+02 6.5070052644e+00 -9.5281506670e-01 1.1203145334e+01 1.0641693120e-02 1.5217574895e-02
3.6414374748e+01 3.4020163847e+01 3.0637154039e+01 9.3425094025e-01 4.4123271270e-02 2.0202122345e+02 1.0225556400e+02 -6.1356862226e-01 8.2808817318e+00 4.7061201973e-03 4.7770709160e-03
3.5761236789e+01 3.2253722601e+01 2.9557965470e+01 9.0191854357e-01 5.1871335574e-02 2.3881591629e+02 4.2029168741e+01 -7.4254755138e-01 1.1848898380e+01 6.6863786821e-03 6.9419056573e-03
3.1757705369e+01 2.8516095968e+01 2.6190138389e+01 8.9792683813e-01 5.9310817194e-02 2.7450798844e+02 8.1411658389e+01 -9.1814214506e-01 8.5689622208e+00 5.6032179693e-03 5.7100853984e-03
9.4384369121e+00 8.2164589825e+00 7.6626295325e+00 8.7053174789e-01 5.9048627255e-03 2.6282019122e+01 8.1398017922e+01 2.5319227677e-01 8.6676710939e+00 1.2476890005e-02 1.2714896898e-02
3.5946802096e+01 2.8339935352e+01 2.7746690659e+01 7.8838543903e-01 4.2844292327e-02 1.9598479933e+02 1.5265034302e+02 -8.9055851663e-01 8.5196418352e+00 4.3116143705e-03 4.3547613682e-03
7.9286618034e+01 6.9389239397e+01 6.4542698921e+01 8.7516962026e-01 7.0409910231e-01 4.4190631929e+03 3.4822114286e+00 -9.0922973879e-01 8.0802269484e+00 7.7247838444e-03 1.0000000000e+00
3.5349097524e+01 1.9186630598e+01 2.2464150686e+01 5.4277568432e-01 9.3399005677e-02 4.4251231958e+02 4.9674385760e+00 8.6653349994e-01 8.4700588365e+00 1.7256516438e-02 3.1870879174e-02
3.7919888796e+01 3.3247926700e+01 3.0897422176e+01 8.7679388722e-01 1.7222987637e-02 7.7315538607e+01 1.8237835455e+02 -6.3657125636e-01 1.4600180491e+01 3.8301805800e-03 3.8621659204e-03
2.4394038280e+01 1.3279061439e+01 1.5526171454e+01 5.4435683367e-01 3.8286805024e-02 1.7456111665e+02 7.6626370236e+00 6.1560553709e-01 8.1340583750e+00 1.9083820699e-02 2.5170072541e-02
7.0770083789e+01 6.3171683877e+01 5.8188892672e+01 8.9263259976e-01 2.9979148417e-01 1.6017667439e+03 5.2504812970e+00 -9.9901908605e-01 1.3774604956e+01 8.3685451213e-03 1.4332458084e-02
2.6343771841e+01 2.2900322727e+01 2.1371790295e+01 8.6928792373e-01 1.4106506243e-02 6.3177522367e+01 1.7970353524e+02 -7.1231484282e-01 1.6247321449e+01 4.8585783927e-03 4.8997650983e-03
6.8020962022e+01 6.7435953004e+01 5.8960386996e+01 9.9139957741e-01 2.1080361883e-01 1.0738406207e+03 1.5157366769e+01 -8.0109289121e-01 1.0227971865e+01 5.8299598097e-03 6.5397904023e-03
5.7094084565e+01 5.5142509231e+01 4.8844952038e+01 9.6581825684e-01 2.4565281522e-01 1.2758241247e+03 1.4943431255e+01 9.4620451416e-01 8.5090150699e+00 6.4768886518e-03 7.2795198876e-03
5.1365334298e+01 4.7059327144e+01 4.2792603865e+01 9.1616900361e-01 1.4781177781e-01 7.2530896904e+02 2.1546230628e+01 -7.9572514636e-01 8.7478762905e+00 6.4547865450e-03 6.9715153279e-03
4.1467884605e+01 1.5804649108e+01 2.1792585793e+01 3.8112986131e-01 3.1034891581e-02 1.4075107202e+02 1.3078100526e+02 -7.2542282411e-01 8.9729745616e+00 5.3515262726e-03 5.4142286416e-03
7.9791839140e+01 6.7010322201e+01 6.3608275130e+01 8.3981423318e-01 8.7080761616e-02 4.1082726715e+02 2.2876432480e+01 -3.6107681956e-02 9.3111503406e+00 5.0967166293e-03 5.4776102851e-03
5.8424400635e+01 4.3526695993e+01 4.3805798427e+01 7.4500885793e-01 2.1409049554e-01 1.0926198705e+03 9.0436250364e+00 7.5494506939e-01 8.1716505176e+00 8.5050745632e-03 1.0587124829e-02
7.6166294562e+01 7.3876428625e+01 6.5300761329e+01 9.6993596774e-01 1.8926176608e-01 9.5219474092e+02 3.3385652252e+01 9.0246387353e-01 8.7315498861e+00 4.1135187386e-03 4.3151677064e-03
3.5125417062e+01 2.4996629707e+01 2.5721424464e+01 7.1163937108e-01 3.8418367215e-02 1.7517766462e+02 2.3977768490e+00 2.8720794039e-01 8.6105164126e+00 2.1519161555e-02 1.0000000000e+00
3.8307461705e+01 2.8714144978e+01 2.8812742104e+01 7.4957054579e-01 1.1040767425e-01 5.2901741608e+02 4.1344499216e+00 8.5094185153e-01 1.0418233547e+01 1.5671017222e-02 5.6629617906e-02
8.5970853310e+01 4.9121720626e+01 5.6136921111e+01 5.7137644602e-01 3.7229709339e-01 2.0599511870e+03 1.8758387937e+00 -9.1785417999e-01 8.2688808562e+00 1.2169898816e-02 1.0000000000e+00
3.1185940088e+01 2.9333602480e+01 2.6327851405e+01 9.4060343848e-01 8.4873905961e-02 3.9981812448e+02 3.8087801996e+01 -9.9204662393e-01 8.6703493494e+00 7.3156741050e-03 7.6264853893e-03
3.3674421056e+01 2.8228765508e+01 2.6819619576e+01 8.3828510253e-01 1.0027106979e-01 4.7725203843e+02 2.3852451523e+01 9.7053365298e-01 8.4843868479e+00 8.5433002127e-03 9.1520892557e-03
3.4633336990e+01 2.0832037417e+01 2.3234389287e+01 6.0150246056e-01 4.3899350864e-02 2.0096361591e+02 1.3471157672e+02 -9.6730466662e-01 8.5916231551e+00 5.0454536113e-03 5.1028087584e-03
7.0363411341e+01 5.0904583366e+01 5.1965250496e+01 7.2345246479e-01 2.8904448845e-01 1.5359254076e+03 1.3958761230e+00 -9.4829315696e-01 8.0194236965e+00 1.4837648598e-02 1.0000000000e+00
7.8626298837e+01 6.6766499884e+01 6.3032899657e+01 8.4916244147e-01 4.9891475220e-01 2.9135793588e+03 7.5742326980e+00 -9.5927370837e-01 8.1992529552e+00 6.3471478398e-03 8.4117633610e-03
3.5326876786e+01 2.3384689777e+01 2.4915945956e+01 6.6195180283e-01 5.1977831754e-02 2.3932434819e+02 2.2932585156e+01 8.5496651143e-01 1.3046333910e+01 9.3368070133e-03 1.0032624164e-02
3.2103048252e+01 3.2015969685e+01 2.7909392706e+01 9.9728752965e-01 6.6516491970e-02 3.0941431422e+02 8.0686348329e+01 -9.0143913274e-01 8.0067084577e+00 5.3801823313e-03 5.4837512320e-03
3.9613154164e+01 3.6779326882e+01 3.3224296778e+01 9.2846246803e-01 6.0122341598e-02 2.7842277342e+02 1.4032121623e+01 -8.8464957060e-01 1.9228505321e+01 9.3323737837e-03 1.0583786776e-02
6.0331549086e+01 5.6444999855e+01 5.0796155539e+01 9.3558015185e-01 2.8670365457e-01 1.5216578556e+03 1.0458512625e+01 8.7471877442e-01 8.2119933369e+00 7.0802918446e-03 8.4830629334e-03
3.5200979048e+01 3.2962919721e+01 2.9650864811e+01 9.3642053751e-01 1.0801023023e-01 5.1671827221e+02 8.0187009372e+00 8.1135004648e-01 1.0037659685e+01 1.2023157256e-02 1.5578491461e-02
3.8385915466e+01 3.2705892602e+01 3.0825833859e+01 8.5202846422e-01 3.0929019671e-02 1.4026002720e+02 4.3979613383e+01 -9.3372991175e-01 2.5038960733e+01 6.4842793496e-03 6.7203442890e-03
3.2770338275e+01 2.7159438488e+01 2.5948514162e+01 8.2878114533e-01 2.0856157963e-02 9.3879371969e+01 1.3400896007e+02 3.7238113770e-01 9.8172665440e+00 4.7843440106e-03 4.8390221114e-03
3.0348907456e+01 2.2721123202e+01 2.2812550702e+01 7.4866362932e-01 6.3164410458e-02 2.9313493412e+02 4.6127828990e+00 -8.0600723312e-01 1.1513395387e+01 1.7883424648e-02 3.8123856917e-02
2.5198409464e+01 2.4277758533e+01 2.1531278514e+01 9.6346392687e-01 5.3414790066e-02 2.4619176166e+02 8.1727720355e+01 9.6360142165e-01 8.1525294722e+00 6.3458376139e-03 6.4663841317e-03
2.6631713401e+01 1.7237306702e+01 1.8564767892e+01 6.4724737919e-01 2.5342421985e-02 1.1445357208e+02 1.9788646884e+02 -9.7568942426e-01 1.0234570988e+01 5.0820703758e-03 5.1211370563e-03
8.2640726071e+01 5.0308374935e+01 5.5790925630e+01 6.0876007904e-01 5.7209431599e-02 2.6439042316e+02 1.2735014379e+01 -3.8251426311e-01 2.1630446864e+01 7.0120189445e-03 8.0768870864e-03
3.4726533151e+01 1.4824467199e+01 1.9407689168e+01 4.2689165471e-01 5.7127496518e-02 2.6399649981e+02 2.5431479266e+01 -9.9612943740e-01 9.7241216825e+00 1.0467504020e-02 1.1161252651e-02
4.8729350500e+01 3.7840222008e+01 3.7322740443e+01 7.7653860803e-01 3.0672480617e-02 1.3907047832e+02 8.4465369068e+01 9.8627597995e-01 2.3146004858e+01 4.5053896644e-03 4.5881064663e-03
7.7172750028e+01 5.3274579503e+01 5.5629270605e+01 6.9032889826e-01 1.2456788113e-01 6.0236084145e+02 2.6406718816e+01 6.6356575854e-01 1.0535562988e+01 5.1415868593e-03 5.4682485096e-03
3.0075761164e+01 2.3934358006e+01 2.3326416135e+01 7.9580223673e-01 7.2711477408e-02 3.3968678477e+02 3.8915509751e+00 7.3908335632e-01 9.2051350417e+00 1.8692521126e-02 1.0000000000e+00
6.4628593351e+01 6.4454841529e+01 5.6186767393e+01 9.9731153330e-01 7.3496101317e-02 3.4353813810e+02 2.3040388052e+01 2.6427474609e-01 1.1633555406e+01 5.5362475140e-03 5.9466276525e-03
8.4187083016e+01 6.1879660516e+01 6.2685307588e+01 7.3502559180e-01 3.7693268481e-01 2.0900428539e+03 6.1185328564e+00 -7.2698723191e-01 8.7435759645e+00 7.2757700179e-03 1.0829502293e-02
1.2693586364e+01 1.1090292891e+01 1.0324282431e+01 8.7369263285e-01 7.8376330456e-03 3.4935882564e+01 5.7682201949e+02 -9.5335962205e-01 1.1551323749e+01 4.9630485856e-03 4.9760166427e-03
3.0647841483e+01 2.8992487525e+01 2.5947959828e+01 9.4598791049e-01 7.1192640194e-02 3.3224249082e+02 1.9843030775e+01 -7.6757246504e-01 9.5482268247e+00 9.5024587416e-03 1.0339502562e-02
3.6218463905e+01 1.1854637745e+01 1.7510984352e+01 3.2730923585e-01 4.4150157852e-02 2.0214823440e+02 1.4091055497e+01 -6.4460045820e-01 8.3143284477e+00 1.4036892437e-02 1.5909208406e-02
5.9176464154e+01 4.4981617546e+01 4.4830321552e+01 7.6012682051e-01 1.5913549332e-01 7.8633382856e+02 7.7563204980e+00 -9.2576648075e-01 1.3923724487e+01 9.1407862147e-03 1.1996884191e-02
3.5240720906e+01 2.6085399900e+01 2.6335178781e+01 7.4020619413e-01 4.2570312028e-02 1.9469306829e+02 9.4401406237e+00 7.6978936981e-01 1.9113248530e+01 1.2651814146e-02 1.5556644601e-02
8.2067952624e+01 6.4581561687e+01 6.3286803280e+01 7.8692790087e-01 3.1832893579e-01 1.7166220689e+03 9.2613607091e+00 7.2224832773e-01 8.5565893546e+00 6.3618306394e-03 7.8645408791e-03
3.3227092226e+01 2.9213847029e+01 2.7111576205e+01 8.7921768267e-01 1.0919101667e-01 5.2277151719e+02 4.1493743660e+00 9.6256936250e-01 1.0683253853e+01 1.6267715418e-02 5.6586980527e-02
3.4136080994e+01 2.2883817359e+01 2.4234830811e+01 6.7037037332e-01 9.2533914227e-02 4.3815953744e+02 9.3492471587e+00 9.7957763161e-01 1.0116102843e+01 1.2989208201e-02 1.6014528961e-02
4.9588448227e+01 3.8327659726e+01 3.7889772830e+01 7.7291508599e-01 8.0543560832e-02 3.7830329139e+02 3.6719499152e+01 6.0669570088e-01 8.9954739054e+00 5.9221824981e-03 6.1839443780e-03
7.3625898461e+01 6.6858765023e+01 6.1064329330e+01 9.0808759445e-01 4.6920888120e-01 2.7076272231e+03 2.2626062771e+00 9.1442846539e-01 8.5079321091e+00 1.0313306206e-02 1.0000000000e+00
4.0400404637e+01 2.9520706729e+01 2.9990645587e+01 7.3070324406e-01 5.6122344260e-02 2.5916746801e+02 1.0932953065e+01 9.1964483560e-01 1.9870620651e+01 1.0951072599e-02 1.2990888849e-02
1.4681207703e+01 9.7065729238e+00 1.0348136929e+01 6.6115629724e-01 4.2811989569e-03 1.9031676744e+01 7.6545404792e+02 4.3607034783e-01 9.8214506765e+00 4.4668630181e-03 4.4756479560e-03
5.4113829939e+01 3.3594728544e+01 3.6909592512e+01 6.2081594635e-01 9.9496930340e-02 4.7332422827e+02 5.1542373035e+01 8.5208865904e-01 8.1189438657e+00 5.2438564508e-03 5.4051422425e-03
7.5992066143e+01 7.0799257635e+01 6.3846647289e+01 9.3166643873e-01 1.3466749897e-01 6.5539615426e+02 2.5554048938e+01 4.4498546427e-01 8.4731568900e+00 4.7491857093e-03 5.0622457437e-03
5.4015199018e+01 4.2907767916e+01 4.1854851181e+01 7.9436471022e-01 2.3632061681e-01 1.2211184151e+03 6.3993826609e+00 8.5371416345e-01 8.7714606225e+00 9.8502191267e-03 1.4230178684e-02
6.4351746828e+01 3.5191401788e+01 4.1057818391e+01 5.4686008574e-01 1.4395560457e-01 7.0469500595e+02 1.8463818998e+01 8.4674441816e-01 9.5648749550e+00 7.0335085198e-03 7.7079071817e-03
5.6880767812e+01 5.2029223977e+01 4.7349362272e+01 9.1470678014e-01 1.5799286378e-01 7.8014297717e+02 2.3920617591e+01 -8.2553757870e-01 9.0545139393e+00 5.7942014001e-03 6.2057558144e-03
5.7256852836e+01 5.2266602707e+01 4.7613446563e+01 9.1284449142e-01 1.6965756384e-01 8.4368917259e+02 7.7136586759e+00 6.0974109742e-01 9.9515749989e+00 8.7716312394e-03 1.1537913477e-02
4.7137768885e+01 3.8089335172e+01 3.6845792559e+01 8.0804280883e-01 7.1463177620e-02 3.3356741916e+02 7.9675050075e+01 9.6680257049e-01 9.9816469816e+00 4.5310269242e-03 4.6193966321e-03
2.0122201412e+01 1.9003052046e+01 1.7021893813e+01 9.4438235944e-01 3.2098488702e-02 1.4568823209e+02 9.1072244675e+01 -9.2683303210e-01 9.6246866225e+00 7.1481777078e-03 7.2695947836e-03
3.8250999619e+01 2.0960421878e+01 2.4431188118e+01 5.4797056514e-01 3.3675565379e-02 1.5302260656e+02 5.1354765360e+01 -3.7270213681e-01 8.6604954276e+00 7.0631338795e-03 7.2812146768e-03
